analysis_group,run_id,input_generation,dataset,task,model,metric,dimension,segment,expected_label,predicted_label,seed,review_id,text,expected_sentiment,predicted_sentiment,sentiment_confidence,sentiment_correct,expected_topic,predicted_topic,topic_confidence,topic_correct,linguistic_level,flagprofanity,hasemoji,hasspellingerror,hasslang,length_class,mixed_sentiment,goldtest,template_family,value,support,low,high
aggregate_metric,20260818T204035Z_github-32183473018,0,incoming,sentiment,lstm,accuracy,,,,,,,,,,,,,,,,,,,,,,,,,0.78,2100,,
aggregate_metric,20260818T204035Z_github-32183473018,0,incoming,sentiment,lstm,brier_score,,,,,,,,,,,,,,,,,,,,,,,,,0.3737825873540245,2100,,
aggregate_metric,20260818T204035Z_github-32183473018,0,incoming,sentiment,lstm,expected_calibration_error,,,,,,,,,,,,,,,,,,,,,,,,,0.16461327100636497,2100,,
aggregate_metric,20260818T204035Z_github-32183473018,0,incoming,sentiment,lstm,log_loss,,,,,,,,,,,,,,,,,,,,,,,,,1.072387639023811,2100,,
aggregate_metric,20260818T204035Z_github-32183473018,0,incoming,sentiment,lstm,macro_f1,,,,,,,,,,,,,,,,,,,,,,,,,0.7758866178745976,2100,,
aggregate_metric,20260818T204035Z_github-32183473018,0,incoming,sentiment,lstm,precision_macro,,,,,,,,,,,,,,,,,,,,,,,,,0.833103797988206,2100,,
aggregate_metric,20260818T204035Z_github-32183473018,0,incoming,sentiment,lstm,recall_macro,,,,,,,,,,,,,,,,,,,,,,,,,0.7799999999999999,2100,,
aggregate_metric,20260818T204035Z_github-32183473018,0,incoming,sentiment,lstm,weighted_f1,,,,,,,,,,,,,,,,,,,,,,,,,0.7758866178745977,2100,,
aggregate_metric,20260818T204035Z_github-32183473018,0,incoming,sentiment,tfidf_logistic_regression,accuracy,,,,,,,,,,,,,,,,,,,,,,,,,0.8276190476190476,2100,,
aggregate_metric,20260818T204035Z_github-32183473018,0,incoming,sentiment,tfidf_logistic_regression,brier_score,,,,,,,,,,,,,,,,,,,,,,,,,0.25081609647052244,2100,,
aggregate_metric,20260818T204035Z_github-32183473018,0,incoming,sentiment,tfidf_logistic_regression,expected_calibration_error,,,,,,,,,,,,,,,,,,,,,,,,,0.07088056483740865,2100,,
aggregate_metric,20260818T204035Z_github-32183473018,0,incoming,sentiment,tfidf_logistic_regression,log_loss,,,,,,,,,,,,,,,,,,,,,,,,,0.45492267128142716,2100,,
aggregate_metric,20260818T204035Z_github-32183473018,0,incoming,sentiment,tfidf_logistic_regression,macro_f1,,,,,,,,,,,,,,,,,,,,,,,,,0.8284569167658057,2100,,
aggregate_metric,20260818T204035Z_github-32183473018,0,incoming,sentiment,tfidf_logistic_regression,precision_macro,,,,,,,,,,,,,,,,,,,,,,,,,0.832830519350345,2100,,
aggregate_metric,20260818T204035Z_github-32183473018,0,incoming,sentiment,tfidf_logistic_regression,recall_macro,,,,,,,,,,,,,,,,,,,,,,,,,0.8276190476190477,2100,,
aggregate_metric,20260818T204035Z_github-32183473018,0,incoming,sentiment,tfidf_logistic_regression,weighted_f1,,,,,,,,,,,,,,,,,,,,,,,,,0.8284569167658057,2100,,
model_delta,20260818T204035Z_github-32183473018,0,incoming,sentiment,lstm_minus_baseline,accuracy,,,,,,,,,,,,,,,,,,,,,,,,,-0.04761904761904756,2100,,
model_delta,20260818T204035Z_github-32183473018,0,incoming,sentiment,lstm_minus_baseline,brier_score,,,,,,,,,,,,,,,,,,,,,,,,,0.12296649088350203,2100,,
model_delta,20260818T204035Z_github-32183473018,0,incoming,sentiment,lstm_minus_baseline,log_loss,,,,,,,,,,,,,,,,,,,,,,,,,0.6174649677423838,2100,,
model_delta,20260818T204035Z_github-32183473018,0,incoming,sentiment,lstm_minus_baseline,macro_f1,,,,,,,,,,,,,,,,,,,,,,,,,-0.05257029889120812,2100,,
model_delta,20260818T204035Z_github-32183473018,0,incoming,sentiment,lstm_minus_baseline,weighted_f1,,,,,,,,,,,,,,,,,,,,,,,,,-0.05257029889120801,2100,,
uncertainty,20260818T204035Z_github-32183473018,0,incoming,sentiment,lstm,accuracy,,,,,,,,,,,,,,,,,,,,,,,,,0.78,2100,0.7617802600468525,0.7971972213928399
replicate_summary,20260818T204035Z_github-32183473018,0,incoming,sentiment,lstm,accuracy,,,,,,,,,,,,,,,,,,,,,,,,,0.7903174603174602,3,0.7629734312530794,0.817661489381841
replicate_summary,20260818T204035Z_github-32183473018,0,incoming,sentiment,lstm,brier_score,,,,,,,,,,,,,,,,,,,,,,,,,0.3524502987731279,3,0.28437663019809345,0.42052396734816233
replicate_summary,20260818T204035Z_github-32183473018,0,incoming,sentiment,lstm,log_loss,,,,,,,,,,,,,,,,,,,,,,,,,0.9840667503562188,3,0.681901390709434,1.2862321100030036
replicate_summary,20260818T204035Z_github-32183473018,0,incoming,sentiment,lstm,macro_f1,,,,,,,,,,,,,,,,,,,,,,,,,0.7880763268528761,3,0.7590936458067147,0.8170590078990375
replicate_summary,20260818T204035Z_github-32183473018,0,incoming,sentiment,lstm,weighted_f1,,,,,,,,,,,,,,,,,,,,,,,,,0.7880763268528761,3,0.7590936458067148,0.8170590078990374
replicate_summary,20260818T204035Z_github-32183473018,0,incoming,sentiment,tfidf_logistic_regression,accuracy,,,,,,,,,,,,,,,,,,,,,,,,,0.8276190476190476,3,0.8276190476190476,0.8276190476190476
replicate_summary,20260818T204035Z_github-32183473018,0,incoming,sentiment,tfidf_logistic_regression,brier_score,,,,,,,,,,,,,,,,,,,,,,,,,0.25081609647052244,3,0.25081609647052244,0.25081609647052244
replicate_summary,20260818T204035Z_github-32183473018,0,incoming,sentiment,tfidf_logistic_regression,log_loss,,,,,,,,,,,,,,,,,,,,,,,,,0.45492267128142716,3,0.45492267128142716,0.45492267128142716
replicate_summary,20260818T204035Z_github-32183473018,0,incoming,sentiment,tfidf_logistic_regression,macro_f1,,,,,,,,,,,,,,,,,,,,,,,,,0.8284569167658057,3,0.8284569167658057,0.8284569167658057
replicate_summary,20260818T204035Z_github-32183473018,0,incoming,sentiment,tfidf_logistic_regression,weighted_f1,,,,,,,,,,,,,,,,,,,,,,,,,0.8284569167658057,3,0.8284569167658057,0.8284569167658057
segment_metric,20260818T204035Z_github-32183473018,0,incoming,sentiment,lstm,accuracy,flagprofanity,0,,,,,,,,,,,,,,,,,,,,,,,0.7595238095238095,,,
segment_metric,20260818T204035Z_github-32183473018,0,incoming,sentiment,lstm,brier_score,flagprofanity,0,,,,,,,,,,,,,,,,,,,,,,,0.40216209432683336,,,
segment_metric,20260818T204035Z_github-32183473018,0,incoming,sentiment,lstm,expected_calibration_error,flagprofanity,0,,,,,,,,,,,,,,,,,,,,,,,0.17426708437054217,,,
segment_metric,20260818T204035Z_github-32183473018,0,incoming,sentiment,lstm,log_loss,flagprofanity,0,,,,,,,,,,,,,,,,,,,,,,,1.1058946659184936,,,
segment_metric,20260818T204035Z_github-32183473018,0,incoming,sentiment,lstm,macro_f1,flagprofanity,0,,,,,,,,,,,,,,,,,,,,,,,0.7544557845115493,,,
segment_metric,20260818T204035Z_github-32183473018,0,incoming,sentiment,lstm,precision_macro,flagprofanity,0,,,,,,,,,,,,,,,,,,,,,,,0.8186444696605619,,,
segment_metric,20260818T204035Z_github-32183473018,0,incoming,sentiment,lstm,recall_macro,flagprofanity,0,,,,,,,,,,,,,,,,,,,,,,,0.7595238095238095,,,
segment_metric,20260818T204035Z_github-32183473018,0,incoming,sentiment,lstm,weighted_f1,flagprofanity,0,,,,,,,,,,,,,,,,,,,,,,,0.7544557845115494,,,
segment_metric,20260818T204035Z_github-32183473018,0,incoming,sentiment,lstm,accuracy,flagprofanity,1,,,,,,,,,,,,,,,,,,,,,,,0.861904761904762,,,
segment_metric,20260818T204035Z_github-32183473018,0,incoming,sentiment,lstm,brier_score,flagprofanity,1,,,,,,,,,,,,,,,,,,,,,,,0.2602645594627891,,,
segment_metric,20260818T204035Z_github-32183473018,0,incoming,sentiment,lstm,expected_calibration_error,flagprofanity,1,,,,,,,,,,,,,,,,,,,,,,,0.12876574999871046,,,
segment_metric,20260818T204035Z_github-32183473018,0,incoming,sentiment,lstm,log_loss,flagprofanity,1,,,,,,,,,,,,,,,,,,,,,,,0.9383595314450797,,,
segment_metric,20260818T204035Z_github-32183473018,0,incoming,sentiment,lstm,macro_f1,flagprofanity,1,,,,,,,,,,,,,,,,,,,,,,,0.8600538814436095,,,
segment_metric,20260818T204035Z_github-32183473018,0,incoming,sentiment,lstm,precision_macro,flagprofanity,1,,,,,,,,,,,,,,,,,,,,,,,0.8930047570127774,,,
segment_metric,20260818T204035Z_github-32183473018,0,incoming,sentiment,lstm,recall_macro,flagprofanity,1,,,,,,,,,,,,,,,,,,,,,,,0.861904761904762,,,
segment_metric,20260818T204035Z_github-32183473018,0,incoming,sentiment,lstm,weighted_f1,flagprofanity,1,,,,,,,,,,,,,,,,,,,,,,,0.8600538814436095,,,
segment_metric,20260818T204035Z_github-32183473018,0,incoming,sentiment,lstm,accuracy,goldtest,0,,,,,,,,,,,,,,,,,,,,,,,0.7870370370370371,,,
segment_metric,20260818T204035Z_github-32183473018,0,incoming,sentiment,lstm,brier_score,goldtest,0,,,,,,,,,,,,,,,,,,,,,,,0.3617053635996178,,,
segment_metric,20260818T204035Z_github-32183473018,0,incoming,sentiment,lstm,expected_calibration_error,goldtest,0,,,,,,,,,,,,,,,,,,,,,,,0.15665188456274626,,,
segment_metric,20260818T204035Z_github-32183473018,0,incoming,sentiment,lstm,log_loss,goldtest,0,,,,,,,,,,,,,,,,,,,,,,,1.0505246797536782,,,
segment_metric,20260818T204035Z_github-32183473018,0,incoming,sentiment,lstm,macro_f1,goldtest,0,,,,,,,,,,,,,,,,,,,,,,,0.7842873309163663,,,
segment_metric,20260818T204035Z_github-32183473018,0,incoming,sentiment,lstm,precision_macro,goldtest,0,,,,,,,,,,,,,,,,,,,,,,,0.8364885678337455,,,
segment_metric,20260818T204035Z_github-32183473018,0,incoming,sentiment,lstm,recall_macro,goldtest,0,,,,,,,,,,,,,,,,,,,,,,,0.7870370370370371,,,
segment_metric,20260818T204035Z_github-32183473018,0,incoming,sentiment,lstm,weighted_f1,goldtest,0,,,,,,,,,,,,,,,,,,,,,,,0.7842873309163663,,,
segment_metric,20260818T204035Z_github-32183473018,0,incoming,sentiment,lstm,accuracy,goldtest,1,,,,,,,,,,,,,,,,,,,,,,,0.75625,,,
segment_metric,20260818T204035Z_github-32183473018,0,incoming,sentiment,lstm,brier_score,goldtest,1,,,,,,,,,,,,,,,,,,,,,,,0.41454321752514706,,,
segment_metric,20260818T204035Z_github-32183473018,0,incoming,sentiment,lstm,expected_calibration_error,goldtest,1,,,,,,,,,,,,,,,,,,,,,,,0.19400010766861278,,,
segment_metric,20260818T204035Z_github-32183473018,0,incoming,sentiment,lstm,log_loss,goldtest,1,,,,,,,,,,,,,,,,,,,,,,,1.146175126560509,,,
segment_metric,20260818T204035Z_github-32183473018,0,incoming,sentiment,lstm,macro_f1,goldtest,1,,,,,,,,,,,,,,,,,,,,,,,0.746148094336287,,,
segment_metric,20260818T204035Z_github-32183473018,0,incoming,sentiment,lstm,precision_macro,goldtest,1,,,,,,,,,,,,,,,,,,,,,,,0.8225182065155355,,,
segment_metric,20260818T204035Z_github-32183473018,0,incoming,sentiment,lstm,recall_macro,goldtest,1,,,,,,,,,,,,,,,,,,,,,,,0.75625,,,
segment_metric,20260818T204035Z_github-32183473018,0,incoming,sentiment,lstm,weighted_f1,goldtest,1,,,,,,,,,,,,,,,,,,,,,,,0.7461480943362869,,,
segment_metric,20260818T204035Z_github-32183473018,0,incoming,sentiment,lstm,accuracy,hasemoji,0,,,,,,,,,,,,,,,,,,,,,,,0.7788888888888889,,,
segment_metric,20260818T204035Z_github-32183473018,0,incoming,sentiment,lstm,brier_score,hasemoji,0,,,,,,,,,,,,,,,,,,,,,,,0.3722896281034141,,,
segment_metric,20260818T204035Z_github-32183473018,0,incoming,sentiment,lstm,expected_calibration_error,hasemoji,0,,,,,,,,,,,,,,,,,,,,,,,0.16319599395693518,,,
segment_metric,20260818T204035Z_github-32183473018,0,incoming,sentiment,lstm,log_loss,hasemoji,0,,,,,,,,,,,,,,,,,,,,,,,1.0428049392104688,,,
segment_metric,20260818T204035Z_github-32183473018,0,incoming,sentiment,lstm,macro_f1,hasemoji,0,,,,,,,,,,,,,,,,,,,,,,,0.7749803829039154,,,
segment_metric,20260818T204035Z_github-32183473018,0,incoming,sentiment,lstm,precision_macro,hasemoji,0,,,,,,,,,,,,,,,,,,,,,,,0.8334856916894914,,,
segment_metric,20260818T204035Z_github-32183473018,0,incoming,sentiment,lstm,recall_macro,hasemoji,0,,,,,,,,,,,,,,,,,,,,,,,0.778888888888889,,,
segment_metric,20260818T204035Z_github-32183473018,0,incoming,sentiment,lstm,weighted_f1,hasemoji,0,,,,,,,,,,,,,,,,,,,,,,,0.7749803829039152,,,
segment_metric,20260818T204035Z_github-32183473018,0,incoming,sentiment,lstm,accuracy,hasemoji,1,,,,,,,,,,,,,,,,,,,,,,,0.7866666666666666,,,
segment_metric,20260818T204035Z_github-32183473018,0,incoming,sentiment,lstm,brier_score,hasemoji,1,,,,,,,,,,,,,,,,,,,,,,,0.38274034285768654,,,
segment_metric,20260818T204035Z_github-32183473018,0,incoming,sentiment,lstm,expected_calibration_error,hasemoji,1,,,,,,,,,,,,,,,,,,,,,,,0.1731169333029451,,,
segment_metric,20260818T204035Z_github-32183473018,0,incoming,sentiment,lstm,log_loss,hasemoji,1,,,,,,,,,,,,,,,,,,,,,,,1.2498838379038641,,,
segment_metric,20260818T204035Z_github-32183473018,0,incoming,sentiment,lstm,macro_f1,hasemoji,1,,,,,,,,,,,,,,,,,,,,,,,0.7813779722787912,,,
segment_metric,20260818T204035Z_github-32183473018,0,incoming,sentiment,lstm,precision_macro,hasemoji,1,,,,,,,,,,,,,,,,,,,,,,,0.8312011555983555,,,
segment_metric,20260818T204035Z_github-32183473018,0,incoming,sentiment,lstm,recall_macro,hasemoji,1,,,,,,,,,,,,,,,,,,,,,,,0.7866666666666666,,,
segment_metric,20260818T204035Z_github-32183473018,0,incoming,sentiment,lstm,weighted_f1,hasemoji,1,,,,,,,,,,,,,,,,,,,,,,,0.7813779722787912,,,
segment_metric,20260818T204035Z_github-32183473018,0,incoming,sentiment,lstm,accuracy,hasslang,0,,,,,,,,,,,,,,,,,,,,,,,0.778395061728395,,,
segment_metric,20260818T204035Z_github-32183473018,0,incoming,sentiment,lstm,brier_score,hasslang,0,,,,,,,,,,,,,,,,,,,,,,,0.37525960048577933,,,
segment_metric,20260818T204035Z_github-32183473018,0,incoming,sentiment,lstm,expected_calibration_error,hasslang,0,,,,,,,,,,,,,,,,,,,,,,,0.16569009400632734,,,
segment_metric,20260818T204035Z_github-32183473018,0,incoming,sentiment,lstm,log_loss,hasslang,0,,,,,,,,,,,,,,,,,,,,,,,1.0747109339529464,,,
segment_metric,20260818T204035Z_github-32183473018,0,incoming,sentiment,lstm,macro_f1,hasslang,0,,,,,,,,,,,,,,,,,,,,,,,0.774699741408158,,,
segment_metric,20260818T204035Z_github-32183473018,0,incoming,sentiment,lstm,precision_macro,hasslang,0,,,,,,,,,,,,,,,,,,,,,,,0.834855914567771,,,
segment_metric,20260818T204035Z_github-32183473018,0,incoming,sentiment,lstm,recall_macro,hasslang,0,,,,,,,,,,,,,,,,,,,,,,,0.778395061728395,,,
segment_metric,20260818T204035Z_github-32183473018,0,incoming,sentiment,lstm,weighted_f1,hasslang,0,,,,,,,,,,,,,,,,,,,,,,,0.774699741408158,,,
segment_metric,20260818T204035Z_github-32183473018,0,incoming,sentiment,lstm,accuracy,hasslang,1,,,,,,,,,,,,,,,,,,,,,,,0.7854166666666667,,,
segment_metric,20260818T204035Z_github-32183473018,0,incoming,sentiment,lstm,brier_score,hasslang,1,,,,,,,,,,,,,,,,,,,,,,,0.3687976680343519,,,
segment_metric,20260818T204035Z_github-32183473018,0,incoming,sentiment,lstm,expected_calibration_error,hasslang,1,,,,,,,,,,,,,,,,,,,,,,,0.16097899338149274,,,
segment_metric,20260818T204035Z_github-32183473018,0,incoming,sentiment,lstm,log_loss,hasslang,1,,,,,,,,,,,,,,,,,,,,,,,1.0645465186379783,,,
segment_metric,20260818T204035Z_github-32183473018,0,incoming,sentiment,lstm,macro_f1,hasslang,1,,,,,,,,,,,,,,,,,,,,,,,0.7799507498295842,,,
segment_metric,20260818T204035Z_github-32183473018,0,incoming,sentiment,lstm,precision_macro,hasslang,1,,,,,,,,,,,,,,,,,,,,,,,0.8286407534901511,,,
segment_metric,20260818T204035Z_github-32183473018,0,incoming,sentiment,lstm,recall_macro,hasslang,1,,,,,,,,,,,,,,,,,,,,,,,0.7854166666666668,,,
segment_metric,20260818T204035Z_github-32183473018,0,incoming,sentiment,lstm,weighted_f1,hasslang,1,,,,,,,,,,,,,,,,,,,,,,,0.7799507498295843,,,
segment_metric,20260818T204035Z_github-32183473018,0,incoming,sentiment,lstm,accuracy,hasspellingerror,0,,,,,,,,,,,,,,,,,,,,,,,0.7796296296296297,,,
segment_metric,20260818T204035Z_github-32183473018,0,incoming,sentiment,lstm,brier_score,hasspellingerror,0,,,,,,,,,,,,,,,,,,,,,,,0.3696039010702522,,,
segment_metric,20260818T204035Z_github-32183473018,0,incoming,sentiment,lstm,expected_calibration_error,hasspellingerror,0,,,,,,,,,,,,,,,,,,,,,,,0.16340941510857826,,,
segment_metric,20260818T204035Z_github-32183473018,0,incoming,sentiment,lstm,log_loss,hasspellingerror,0,,,,,,,,,,,,,,,,,,,,,,,1.0376026111218906,,,
segment_metric,20260818T204035Z_github-32183473018,0,incoming,sentiment,lstm,macro_f1,hasspellingerror,0,,,,,,,,,,,,,,,,,,,,,,,0.7757162892126703,,,
segment_metric,20260818T204035Z_github-32183473018,0,incoming,sentiment,lstm,precision_macro,hasspellingerror,0,,,,,,,,,,,,,,,,,,,,,,,0.8313778780605579,,,
segment_metric,20260818T204035Z_github-32183473018,0,incoming,sentiment,lstm,recall_macro,hasspellingerror,0,,,,,,,,,,,,,,,,,,,,,,,0.7796296296296297,,,
segment_metric,20260818T204035Z_github-32183473018,0,incoming,sentiment,lstm,weighted_f1,hasspellingerror,0,,,,,,,,,,,,,,,,,,,,,,,0.7757162892126702,,,
segment_metric,20260818T204035Z_github-32183473018,0,incoming,sentiment,lstm,accuracy,hasspellingerror,1,,,,,,,,,,,,,,,,,,,,,,,0.78125,,,
segment_metric,20260818T204035Z_github-32183473018,0,incoming,sentiment,lstm,brier_score,hasspellingerror,1,,,,,,,,,,,,,,,,,,,,,,,0.38788565356175614,,,
segment_metric,20260818T204035Z_github-32183473018,0,incoming,sentiment,lstm,expected_calibration_error,hasspellingerror,1,,,,,,,,,,,,,,,,,,,,,,,0.16867628466139528,,,
segment_metric,20260818T204035Z_github-32183473018,0,incoming,sentiment,lstm,log_loss,hasspellingerror,1,,,,,,,,,,,,,,,,,,,,,,,1.1897871081927918,,,
segment_metric,20260818T204035Z_github-32183473018,0,incoming,sentiment,lstm,macro_f1,hasspellingerror,1,,,,,,,,,,,,,,,,,,,,,,,0.7764869077125421,,,
segment_metric,20260818T204035Z_github-32183473018,0,incoming,sentiment,lstm,precision_macro,hasspellingerror,1,,,,,,,,,,,,,,,,,,,,,,,0.8392610000809144,,,
segment_metric,20260818T204035Z_github-32183473018,0,incoming,sentiment,lstm,recall_macro,hasspellingerror,1,,,,,,,,,,,,,,,,,,,,,,,0.78125,,,
segment_metric,20260818T204035Z_github-32183473018,0,incoming,sentiment,lstm,weighted_f1,hasspellingerror,1,,,,,,,,,,,,,,,,,,,,,,,0.7764869077125421,,,
segment_metric,20260818T204035Z_github-32183473018,0,incoming,sentiment,lstm,accuracy,length_class,long,,,,,,,,,,,,,,,,,,,,,,,0.8035363457760314,,,
segment_metric,20260818T204035Z_github-32183473018,0,incoming,sentiment,lstm,brier_score,length_class,long,,,,,,,,,,,,,,,,,,,,,,,0.36429378676459073,,,
segment_metric,20260818T204035Z_github-32183473018,0,incoming,sentiment,lstm,expected_calibration_error,length_class,long,,,,,,,,,,,,,,,,,,,,,,,0.1730518636332764,,,
segment_metric,20260818T204035Z_github-32183473018,0,incoming,sentiment,lstm,log_loss,length_class,long,,,,,,,,,,,,,,,,,,,,,,,1.3082663287385083,,,
segment_metric,20260818T204035Z_github-32183473018,0,incoming,sentiment,lstm,macro_f1,length_class,long,,,,,,,,,,,,,,,,,,,,,,,0.8060518682602518,,,
segment_metric,20260818T204035Z_github-32183473018,0,incoming,sentiment,lstm,precision_macro,length_class,long,,,,,,,,,,,,,,,,,,,,,,,0.8498888313137258,,,
segment_metric,20260818T204035Z_github-32183473018,0,incoming,sentiment,lstm,recall_macro,length_class,long,,,,,,,,,,,,,,,,,,,,,,,0.8128032055897177,,,
segment_metric,20260818T204035Z_github-32183473018,0,incoming,sentiment,lstm,weighted_f1,length_class,long,,,,,,,,,,,,,,,,,,,,,,,0.8030721091219976,,,
segment_metric,20260818T204035Z_github-32183473018,0,incoming,sentiment,lstm,accuracy,length_class,medium,,,,,,,,,,,,,,,,,,,,,,,0.7567316620241411,,,
segment_metric,20260818T204035Z_github-32183473018,0,incoming,sentiment,lstm,brier_score,length_class,medium,,,,,,,,,,,,,,,,,,,,,,,0.38415805740361597,,,
segment_metric,20260818T204035Z_github-32183473018,0,incoming,sentiment,lstm,expected_calibration_error,length_class,medium,,,,,,,,,,,,,,,,,,,,,,,0.15806463610407534,,,
segment_metric,20260818T204035Z_github-32183473018,0,incoming,sentiment,lstm,log_loss,length_class,medium,,,,,,,,,,,,,,,,,,,,,,,0.8536317599966933,,,
segment_metric,20260818T204035Z_github-32183473018,0,incoming,sentiment,lstm,macro_f1,length_class,medium,,,,,,,,,,,,,,,,,,,,,,,0.7423987869199259,,,
segment_metric,20260818T204035Z_github-32183473018,0,incoming,sentiment,lstm,precision_macro,length_class,medium,,,,,,,,,,,,,,,,,,,,,,,0.8166091005945629,,,
segment_metric,20260818T204035Z_github-32183473018,0,incoming,sentiment,lstm,recall_macro,length_class,medium,,,,,,,,,,,,,,,,,,,,,,,0.744979684966223,,,
segment_metric,20260818T204035Z_github-32183473018,0,incoming,sentiment,lstm,weighted_f1,length_class,medium,,,,,,,,,,,,,,,,,,,,,,,0.747493969998242,,,
segment_metric,20260818T204035Z_github-32183473018,0,incoming,sentiment,lstm,accuracy,length_class,short,,,,,,,,,,,,,,,,,,,,,,,1.0,,,
segment_metric,20260818T204035Z_github-32183473018,0,incoming,sentiment,lstm,brier_score,length_class,short,,,,,,,,,,,,,,,,,,,,,,,0.07082613868072976,,,
segment_metric,20260818T204035Z_github-32183473018,0,incoming,sentiment,lstm,expected_calibration_error,length_class,short,,,,,,,,,,,,,,,,,,,,,,,0.13995737623752358,,,
segment_metric,20260818T204035Z_github-32183473018,0,incoming,sentiment,lstm,log_loss,length_class,short,,,,,,,,,,,,,,,,,,,,,,,0.1675027555525534,,,
segment_metric,20260818T204035Z_github-32183473018,0,incoming,sentiment,lstm,macro_f1,length_class,short,,,,,,,,,,,,,,,,,,,,,,,1.0,,,
segment_metric,20260818T204035Z_github-32183473018,0,incoming,sentiment,lstm,precision_macro,length_class,short,,,,,,,,,,,,,,,,,,,,,,,1.0,,,
segment_metric,20260818T204035Z_github-32183473018,0,incoming,sentiment,lstm,recall_macro,length_class,short,,,,,,,,,,,,,,,,,,,,,,,1.0,,,
segment_metric,20260818T204035Z_github-32183473018,0,incoming,sentiment,lstm,weighted_f1,length_class,short,,,,,,,,,,,,,,,,,,,,,,,1.0,,,
segment_metric,20260818T204035Z_github-32183473018,0,incoming,sentiment,lstm,accuracy,linguistic_level,advanced,,,,,,,,,,,,,,,,,,,,,,,0.7976190476190477,,,
segment_metric,20260818T204035Z_github-32183473018,0,incoming,sentiment,lstm,brier_score,linguistic_level,advanced,,,,,,,,,,,,,,,,,,,,,,,0.3414819060140514,,,
segment_metric,20260818T204035Z_github-32183473018,0,incoming,sentiment,lstm,expected_calibration_error,linguistic_level,advanced,,,,,,,,,,,,,,,,,,,,,,,0.15562632610241012,,,
segment_metric,20260818T204035Z_github-32183473018,0,incoming,sentiment,lstm,log_loss,linguistic_level,advanced,,,,,,,,,,,,,,,,,,,,,,,1.0533576957892652,,,
segment_metric,20260818T204035Z_github-32183473018,0,incoming,sentiment,lstm,macro_f1,linguistic_level,advanced,,,,,,,,,,,,,,,,,,,,,,,0.7930218185343375,,,
segment_metric,20260818T204035Z_github-32183473018,0,incoming,sentiment,lstm,precision_macro,linguistic_level,advanced,,,,,,,,,,,,,,,,,,,,,,,0.8501548371113589,,,
segment_metric,20260818T204035Z_github-32183473018,0,incoming,sentiment,lstm,recall_macro,linguistic_level,advanced,,,,,,,,,,,,,,,,,,,,,,,0.7976190476190478,,,
segment_metric,20260818T204035Z_github-32183473018,0,incoming,sentiment,lstm,weighted_f1,linguistic_level,advanced,,,,,,,,,,,,,,,,,,,,,,,0.7930218185343375,,,
segment_metric,20260818T204035Z_github-32183473018,0,incoming,sentiment,lstm,accuracy,linguistic_level,informal,,,,,,,,,,,,,,,,,,,,,,,0.7642857142857142,,,
segment_metric,20260818T204035Z_github-32183473018,0,incoming,sentiment,lstm,brier_score,linguistic_level,informal,,,,,,,,,,,,,,,,,,,,,,,0.40491282309187643,,,
segment_metric,20260818T204035Z_github-32183473018,0,incoming,sentiment,lstm,expected_calibration_error,linguistic_level,informal,,,,,,,,,,,,,,,,,,,,,,,0.18523097908583236,,,
segment_metric,20260818T204035Z_github-32183473018,0,incoming,sentiment,lstm,log_loss,linguistic_level,informal,,,,,,,,,,,,,,,,,,,,,,,1.1456707962255595,,,
segment_metric,20260818T204035Z_github-32183473018,0,incoming,sentiment,lstm,macro_f1,linguistic_level,informal,,,,,,,,,,,,,,,,,,,,,,,0.7653024475148805,,,
segment_metric,20260818T204035Z_github-32183473018,0,incoming,sentiment,lstm,precision_macro,linguistic_level,informal,,,,,,,,,,,,,,,,,,,,,,,0.8161041973800133,,,
segment_metric,20260818T204035Z_github-32183473018,0,incoming,sentiment,lstm,recall_macro,linguistic_level,informal,,,,,,,,,,,,,,,,,,,,,,,0.7642857142857143,,,
segment_metric,20260818T204035Z_github-32183473018,0,incoming,sentiment,lstm,weighted_f1,linguistic_level,informal,,,,,,,,,,,,,,,,,,,,,,,0.7653024475148806,,,
segment_metric,20260818T204035Z_github-32183473018,0,incoming,sentiment,lstm,accuracy,linguistic_level,limited,,,,,,,,,,,,,,,,,,,,,,,0.75,,,
segment_metric,20260818T204035Z_github-32183473018,0,incoming,sentiment,lstm,brier_score,linguistic_level,limited,,,,,,,,,,,,,,,,,,,,,,,0.41073279807699586,,,
segment_metric,20260818T204035Z_github-32183473018,0,incoming,sentiment,lstm,expected_calibration_error,linguistic_level,limited,,,,,,,,,,,,,,,,,,,,,,,0.18410138210095855,,,
segment_metric,20260818T204035Z_github-32183473018,0,incoming,sentiment,lstm,log_loss,linguistic_level,limited,,,,,,,,,,,,,,,,,,,,,,,1.1102880230327103,,,
segment_metric,20260818T204035Z_github-32183473018,0,incoming,sentiment,lstm,macro_f1,linguistic_level,limited,,,,,,,,,,,,,,,,,,,,,,,0.739159609226017,,,
segment_metric,20260818T204035Z_github-32183473018,0,incoming,sentiment,lstm,precision_macro,linguistic_level,limited,,,,,,,,,,,,,,,,,,,,,,,0.8060218397128249,,,
segment_metric,20260818T204035Z_github-32183473018,0,incoming,sentiment,lstm,recall_macro,linguistic_level,limited,,,,,,,,,,,,,,,,,,,,,,,0.75,,,
segment_metric,20260818T204035Z_github-32183473018,0,incoming,sentiment,lstm,weighted_f1,linguistic_level,limited,,,,,,,,,,,,,,,,,,,,,,,0.739159609226017,,,
segment_metric,20260818T204035Z_github-32183473018,0,incoming,sentiment,lstm,accuracy,linguistic_level,standard,,,,,,,,,,,,,,,,,,,,,,,0.7952380952380952,,,
segment_metric,20260818T204035Z_github-32183473018,0,incoming,sentiment,lstm,brier_score,linguistic_level,standard,,,,,,,,,,,,,,,,,,,,,,,0.3679250847261103,,,
segment_metric,20260818T204035Z_github-32183473018,0,incoming,sentiment,lstm,expected_calibration_error,linguistic_level,standard,,,,,,,,,,,,,,,,,,,,,,,0.1610685585016498,,,
segment_metric,20260818T204035Z_github-32183473018,0,incoming,sentiment,lstm,log_loss,linguistic_level,standard,,,,,,,,,,,,,,,,,,,,,,,1.0583673074548778,,,
segment_metric,20260818T204035Z_github-32183473018,0,incoming,sentiment,lstm,macro_f1,linguistic_level,standard,,,,,,,,,,,,,,,,,,,,,,,0.7889642356597136,,,
segment_metric,20260818T204035Z_github-32183473018,0,incoming,sentiment,lstm,precision_macro,linguistic_level,standard,,,,,,,,,,,,,,,,,,,,,,,0.861256175017643,,,
segment_metric,20260818T204035Z_github-32183473018,0,incoming,sentiment,lstm,recall_macro,linguistic_level,standard,,,,,,,,,,,,,,,,,,,,,,,0.7952380952380952,,,
segment_metric,20260818T204035Z_github-32183473018,0,incoming,sentiment,lstm,weighted_f1,linguistic_level,standard,,,,,,,,,,,,,,,,,,,,,,,0.7889642356597136,,,
segment_metric,20260818T204035Z_github-32183473018,0,incoming,sentiment,lstm,accuracy,linguistic_level,technical,,,,,,,,,,,,,,,,,,,,,,,0.7928571428571428,,,
segment_metric,20260818T204035Z_github-32183473018,0,incoming,sentiment,lstm,brier_score,linguistic_level,technical,,,,,,,,,,,,,,,,,,,,,,,0.3438603248610885,,,
segment_metric,20260818T204035Z_github-32183473018,0,incoming,sentiment,lstm,expected_calibration_error,linguistic_level,technical,,,,,,,,,,,,,,,,,,,,,,,0.14527348897252684,,,
segment_metric,20260818T204035Z_github-32183473018,0,incoming,sentiment,lstm,log_loss,linguistic_level,technical,,,,,,,,,,,,,,,,,,,,,,,0.9942543726166418,,,
segment_metric,20260818T204035Z_github-32183473018,0,incoming,sentiment,lstm,macro_f1,linguistic_level,technical,,,,,,,,,,,,,,,,,,,,,,,0.7909011029699728,,,
segment_metric,20260818T204035Z_github-32183473018,0,incoming,sentiment,lstm,precision_macro,linguistic_level,technical,,,,,,,,,,,,,,,,,,,,,,,0.8348384373287766,,,
segment_metric,20260818T204035Z_github-32183473018,0,incoming,sentiment,lstm,recall_macro,linguistic_level,technical,,,,,,,,,,,,,,,,,,,,,,,0.7928571428571428,,,
segment_metric,20260818T204035Z_github-32183473018,0,incoming,sentiment,lstm,weighted_f1,linguistic_level,technical,,,,,,,,,,,,,,,,,,,,,,,0.7909011029699727,,,
segment_metric,20260818T204035Z_github-32183473018,0,incoming,sentiment,lstm,accuracy,mixed_sentiment,0,,,,,,,,,,,,,,,,,,,,,,,0.7881720430107527,,,
segment_metric,20260818T204035Z_github-32183473018,0,incoming,sentiment,lstm,brier_score,mixed_sentiment,0,,,,,,,,,,,,,,,,,,,,,,,0.35147524455999374,,,
segment_metric,20260818T204035Z_github-32183473018,0,incoming,sentiment,lstm,expected_calibration_error,mixed_sentiment,0,,,,,,,,,,,,,,,,,,,,,,,0.150795209745753,,,
segment_metric,20260818T204035Z_github-32183473018,0,incoming,sentiment,lstm,log_loss,mixed_sentiment,0,,,,,,,,,,,,,,,,,,,,,,,0.9079510759791237,,,
segment_metric,20260818T204035Z_github-32183473018,0,incoming,sentiment,lstm,macro_f1,mixed_sentiment,0,,,,,,,,,,,,,,,,,,,,,,,0.7841192750284334,,,
segment_metric,20260818T204035Z_github-32183473018,0,incoming,sentiment,lstm,precision_macro,mixed_sentiment,0,,,,,,,,,,,,,,,,,,,,,,,0.8394364868471139,,,
segment_metric,20260818T204035Z_github-32183473018,0,incoming,sentiment,lstm,recall_macro,mixed_sentiment,0,,,,,,,,,,,,,,,,,,,,,,,0.7881720430107527,,,
segment_metric,20260818T204035Z_github-32183473018,0,incoming,sentiment,lstm,weighted_f1,mixed_sentiment,0,,,,,,,,,,,,,,,,,,,,,,,0.7841192750284334,,,
segment_metric,20260818T204035Z_github-32183473018,0,incoming,sentiment,lstm,accuracy,mixed_sentiment,1,,,,,,,,,,,,,,,,,,,,,,,0.7166666666666667,,,
segment_metric,20260818T204035Z_github-32183473018,0,incoming,sentiment,lstm,brier_score,mixed_sentiment,1,,,,,,,,,,,,,,,,,,,,,,,0.5466644940077632,,,
segment_metric,20260818T204035Z_github-32183473018,0,incoming,sentiment,lstm,expected_calibration_error,mixed_sentiment,1,,,,,,,,,,,,,,,,,,,,,,,0.27170324577610794,,,
segment_metric,20260818T204035Z_github-32183473018,0,incoming,sentiment,lstm,log_loss,mixed_sentiment,1,,,,,,,,,,,,,,,,,,,,,,,2.346771002620136,,,
segment_metric,20260818T204035Z_github-32183473018,0,incoming,sentiment,lstm,macro_f1,mixed_sentiment,1,,,,,,,,,,,,,,,,,,,,,,,0.7114336536999183,,,
segment_metric,20260818T204035Z_github-32183473018,0,incoming,sentiment,lstm,precision_macro,mixed_sentiment,1,,,,,,,,,,,,,,,,,,,,,,,0.7848996608511213,,,
segment_metric,20260818T204035Z_github-32183473018,0,incoming,sentiment,lstm,recall_macro,mixed_sentiment,1,,,,,,,,,,,,,,,,,,,,,,,0.7166666666666668,,,
segment_metric,20260818T204035Z_github-32183473018,0,incoming,sentiment,lstm,weighted_f1,mixed_sentiment,1,,,,,,,,,,,,,,,,,,,,,,,0.7114336536999183,,,
segment_metric,20260818T204035Z_github-32183473018,0,incoming,sentiment,lstm,accuracy,template_family,attention,,,,,,,,,,,,,,,,,,,,,,,0.8208092485549133,,,
segment_metric,20260818T204035Z_github-32183473018,0,incoming,sentiment,lstm,brier_score,template_family,attention,,,,,,,,,,,,,,,,,,,,,,,0.30782756248919846,,,
segment_metric,20260818T204035Z_github-32183473018,0,incoming,sentiment,lstm,expected_calibration_error,template_family,attention,,,,,,,,,,,,,,,,,,,,,,,0.135318894972653,,,
segment_metric,20260818T204035Z_github-32183473018,0,incoming,sentiment,lstm,log_loss,template_family,attention,,,,,,,,,,,,,,,,,,,,,,,0.8610457789710043,,,
segment_metric,20260818T204035Z_github-32183473018,0,incoming,sentiment,lstm,macro_f1,template_family,attention,,,,,,,,,,,,,,,,,,,,,,,0.8194647172351157,,,
segment_metric,20260818T204035Z_github-32183473018,0,incoming,sentiment,lstm,precision_macro,template_family,attention,,,,,,,,,,,,,,,,,,,,,,,0.8527420236280996,,,
segment_metric,20260818T204035Z_github-32183473018,0,incoming,sentiment,lstm,recall_macro,template_family,attention,,,,,,,,,,,,,,,,,,,,,,,0.8176018288430108,,,
segment_metric,20260818T204035Z_github-32183473018,0,incoming,sentiment,lstm,weighted_f1,template_family,attention,,,,,,,,,,,,,,,,,,,,,,,0.8221470769635757,,,
segment_metric,20260818T204035Z_github-32183473018,0,incoming,sentiment,lstm,accuracy,template_family,context_component,,,,,,,,,,,,,,,,,,,,,,,0.7746781115879828,,,
segment_metric,20260818T204035Z_github-32183473018,0,incoming,sentiment,lstm,brier_score,template_family,context_component,,,,,,,,,,,,,,,,,,,,,,,0.383416875415056,,,
segment_metric,20260818T204035Z_github-32183473018,0,incoming,sentiment,lstm,expected_calibration_error,template_family,context_component,,,,,,,,,,,,,,,,,,,,,,,0.1699509648213739,,,
segment_metric,20260818T204035Z_github-32183473018,0,incoming,sentiment,lstm,log_loss,template_family,context_component,,,,,,,,,,,,,,,,,,,,,,,1.077303755155209,,,
segment_metric,20260818T204035Z_github-32183473018,0,incoming,sentiment,lstm,macro_f1,template_family,context_component,,,,,,,,,,,,,,,,,,,,,,,0.7719134013846113,,,
segment_metric,20260818T204035Z_github-32183473018,0,incoming,sentiment,lstm,precision_macro,template_family,context_component,,,,,,,,,,,,,,,,,,,,,,,0.8367322538771607,,,
segment_metric,20260818T204035Z_github-32183473018,0,incoming,sentiment,lstm,recall_macro,template_family,context_component,,,,,,,,,,,,,,,,,,,,,,,0.7701880157991073,,,
segment_metric,20260818T204035Z_github-32183473018,0,incoming,sentiment,lstm,weighted_f1,template_family,context_component,,,,,,,,,,,,,,,,,,,,,,,0.7709240297302133,,,
segment_metric,20260818T204035Z_github-32183473018,0,incoming,sentiment,lstm,accuracy,template_family,main_impression,,,,,,,,,,,,,,,,,,,,,,,0.7164179104477612,,,
segment_metric,20260818T204035Z_github-32183473018,0,incoming,sentiment,lstm,brier_score,template_family,main_impression,,,,,,,,,,,,,,,,,,,,,,,0.5377215284540513,,,
segment_metric,20260818T204035Z_github-32183473018,0,incoming,sentiment,lstm,expected_calibration_error,template_family,main_impression,,,,,,,,,,,,,,,,,,,,,,,0.2583696774672479,,,
segment_metric,20260818T204035Z_github-32183473018,0,incoming,sentiment,lstm,log_loss,template_family,main_impression,,,,,,,,,,,,,,,,,,,,,,,1.8603491014651254,,,
segment_metric,20260818T204035Z_github-32183473018,0,incoming,sentiment,lstm,macro_f1,template_family,main_impression,,,,,,,,,,,,,,,,,,,,,,,0.7095503459888968,,,
segment_metric,20260818T204035Z_github-32183473018,0,incoming,sentiment,lstm,precision_macro,template_family,main_impression,,,,,,,,,,,,,,,,,,,,,,,0.8347445361123172,,,
segment_metric,20260818T204035Z_github-32183473018,0,incoming,sentiment,lstm,recall_macro,template_family,main_impression,,,,,,,,,,,,,,,,,,,,,,,0.7299881491057961,,,
segment_metric,20260818T204035Z_github-32183473018,0,incoming,sentiment,lstm,weighted_f1,template_family,main_impression,,,,,,,,,,,,,,,,,,,,,,,0.7067374517420004,,,
segment_metric,20260818T204035Z_github-32183473018,0,incoming,sentiment,lstm,accuracy,template_family,noticed,,,,,,,,,,,,,,,,,,,,,,,0.7932098765432098,,,
segment_metric,20260818T204035Z_github-32183473018,0,incoming,sentiment,lstm,brier_score,template_family,noticed,,,,,,,,,,,,,,,,,,,,,,,0.3429177320769894,,,
segment_metric,20260818T204035Z_github-32183473018,0,incoming,sentiment,lstm,expected_calibration_error,template_family,noticed,,,,,,,,,,,,,,,,,,,,,,,0.14752392548794005,,,
segment_metric,20260818T204035Z_github-32183473018,0,incoming,sentiment,lstm,log_loss,template_family,noticed,,,,,,,,,,,,,,,,,,,,,,,0.9778240582778727,,,
segment_metric,20260818T204035Z_github-32183473018,0,incoming,sentiment,lstm,macro_f1,template_family,noticed,,,,,,,,,,,,,,,,,,,,,,,0.7818152218152218,,,
segment_metric,20260818T204035Z_github-32183473018,0,incoming,sentiment,lstm,precision_macro,template_family,noticed,,,,,,,,,,,,,,,,,,,,,,,0.840595986822402,,,
segment_metric,20260818T204035Z_github-32183473018,0,incoming,sentiment,lstm,recall_macro,template_family,noticed,,,,,,,,,,,,,,,,,,,,,,,0.7801845031640623,,,
segment_metric,20260818T204035Z_github-32183473018,0,incoming,sentiment,lstm,weighted_f1,template_family,noticed,,,,,,,,,,,,,,,,,,,,,,,0.7868269042343116,,,
segment_metric,20260818T204035Z_github-32183473018,0,incoming,sentiment,lstm,accuracy,template_family,stood_out,,,,,,,,,,,,,,,,,,,,,,,0.8081395348837209,,,
segment_metric,20260818T204035Z_github-32183473018,0,incoming,sentiment,lstm,brier_score,template_family,stood_out,,,,,,,,,,,,,,,,,,,,,,,0.31649561549785044,,,
segment_metric,20260818T204035Z_github-32183473018,0,incoming,sentiment,lstm,expected_calibration_error,template_family,stood_out,,,,,,,,,,,,,,,,,,,,,,,0.12898765428132938,,,
segment_metric,20260818T204035Z_github-32183473018,0,incoming,sentiment,lstm,log_loss,template_family,stood_out,,,,,,,,,,,,,,,,,,,,,,,0.8053491185047887,,,
segment_metric,20260818T204035Z_github-32183473018,0,incoming,sentiment,lstm,macro_f1,template_family,stood_out,,,,,,,,,,,,,,,,,,,,,,,0.8000421729235289,,,
segment_metric,20260818T204035Z_github-32183473018,0,incoming,sentiment,lstm,precision_macro,template_family,stood_out,,,,,,,,,,,,,,,,,,,,,,,0.8458306800815079,,,
segment_metric,20260818T204035Z_github-32183473018,0,incoming,sentiment,lstm,recall_macro,template_family,stood_out,,,,,,,,,,,,,,,,,,,,,,,0.8055697786880582,,,
segment_metric,20260818T204035Z_github-32183473018,0,incoming,sentiment,lstm,weighted_f1,template_family,stood_out,,,,,,,,,,,,,,,,,,,,,,,0.8040189240425739,,,
segment_metric,20260818T204035Z_github-32183473018,0,incoming,sentiment,lstm,accuracy,template_family,using,,,,,,,,,,,,,,,,,,,,,,,0.7649122807017544,,,
segment_metric,20260818T204035Z_github-32183473018,0,incoming,sentiment,lstm,brier_score,template_family,using,,,,,,,,,,,,,,,,,,,,,,,0.3496360839384576,,,
segment_metric,20260818T204035Z_github-32183473018,0,incoming,sentiment,lstm,expected_calibration_error,template_family,using,,,,,,,,,,,,,,,,,,,,,,,0.15667687677906128,,,
segment_metric,20260818T204035Z_github-32183473018,0,incoming,sentiment,lstm,log_loss,template_family,using,,,,,,,,,,,,,,,,,,,,,,,0.8245495153867116,,,
segment_metric,20260818T204035Z_github-32183473018,0,incoming,sentiment,lstm,macro_f1,template_family,using,,,,,,,,,,,,,,,,,,,,,,,0.7660202047220303,,,
segment_metric,20260818T204035Z_github-32183473018,0,incoming,sentiment,lstm,precision_macro,template_family,using,,,,,,,,,,,,,,,,,,,,,,,0.8010912698412698,,,
segment_metric,20260818T204035Z_github-32183473018,0,incoming,sentiment,lstm,recall_macro,template_family,using,,,,,,,,,,,,,,,,,,,,,,,0.7854311339987556,,,
segment_metric,20260818T204035Z_github-32183473018,0,incoming,sentiment,lstm,weighted_f1,template_family,using,,,,,,,,,,,,,,,,,,,,,,,0.7591911781325682,,,
training_history,20260818T204035Z_github-32183473018,0,incoming,sentiment,lstm,accuracy,,1,,,42,,,,,,,,,,,,,,,,,,,,0.8932535648345947,,,
training_history,20260818T204035Z_github-32183473018,0,incoming,sentiment,lstm,accuracy,,2,,,42,,,,,,,,,,,,,,,,,,,,0.99517422914505,,,
training_history,20260818T204035Z_github-32183473018,0,incoming,sentiment,lstm,accuracy,,3,,,42,,,,,,,,,,,,,,,,,,,,0.9985522627830505,,,
training_history,20260818T204035Z_github-32183473018,0,incoming,sentiment,lstm,accuracy,,4,,,42,,,,,,,,,,,,,,,,,,,,0.9919891953468323,,,
training_history,20260818T204035Z_github-32183473018,0,incoming,sentiment,lstm,accuracy,,5,,,42,,,,,,,,,,,,,,,,,,,,0.9969114661216736,,,
training_history,20260818T204035Z_github-32183473018,0,incoming,sentiment,lstm,loss,,1,,,42,,,,,,,,,,,,,,,,,,,,0.2713092863559723,,,
training_history,20260818T204035Z_github-32183473018,0,incoming,sentiment,lstm,loss,,2,,,42,,,,,,,,,,,,,,,,,,,,0.024497687816619873,,,
training_history,20260818T204035Z_github-32183473018,0,incoming,sentiment,lstm,loss,,3,,,42,,,,,,,,,,,,,,,,,,,,0.008428318426012993,,,
training_history,20260818T204035Z_github-32183473018,0,incoming,sentiment,lstm,loss,,4,,,42,,,,,,,,,,,,,,,,,,,,0.04170643165707588,,,
training_history,20260818T204035Z_github-32183473018,0,incoming,sentiment,lstm,loss,,5,,,42,,,,,,,,,,,,,,,,,,,,0.016296816989779472,,,
training_history,20260818T204035Z_github-32183473018,0,incoming,sentiment,lstm,val_accuracy,,1,,,42,,,,,,,,,,,,,,,,,,,,0.9896278381347656,,,
training_history,20260818T204035Z_github-32183473018,0,incoming,sentiment,lstm,val_accuracy,,2,,,42,,,,,,,,,,,,,,,,,,,,0.9975594878196716,,,
training_history,20260818T204035Z_github-32183473018,0,incoming,sentiment,lstm,val_accuracy,,3,,,42,,,,,,,,,,,,,,,,,,,,0.9957290887832642,,,
training_history,20260818T204035Z_github-32183473018,0,incoming,sentiment,lstm,val_accuracy,,4,,,42,,,,,,,,,,,,,,,,,,,,0.9847468137741089,,,
training_history,20260818T204035Z_github-32183473018,0,incoming,sentiment,lstm,val_accuracy,,5,,,42,,,,,,,,,,,,,,,,,,,,0.9951189756393433,,,
training_history,20260818T204035Z_github-32183473018,0,incoming,sentiment,lstm,val_loss,,1,,,42,,,,,,,,,,,,,,,,,,,,0.04608184099197388,,,
training_history,20260818T204035Z_github-32183473018,0,incoming,sentiment,lstm,val_loss,,2,,,42,,,,,,,,,,,,,,,,,,,,0.01550199557095766,,,
training_history,20260818T204035Z_github-32183473018,0,incoming,sentiment,lstm,val_loss,,3,,,42,,,,,,,,,,,,,,,,,,,,0.015622648410499096,,,
training_history,20260818T204035Z_github-32183473018,0,incoming,sentiment,lstm,val_loss,,4,,,42,,,,,,,,,,,,,,,,,,,,0.061771050095558167,,,
training_history,20260818T204035Z_github-32183473018,0,incoming,sentiment,lstm,val_loss,,5,,,42,,,,,,,,,,,,,,,,,,,,0.026734599843621254,,,
aggregate_metric,20260818T204035Z_github-32183473018,0,incoming,topic,lstm,accuracy,,,,,,,,,,,,,,,,,,,,,,,,,0.6680952380952381,2100,,
aggregate_metric,20260818T204035Z_github-32183473018,0,incoming,topic,lstm,brier_score,,,,,,,,,,,,,,,,,,,,,,,,,0.5619873932034123,2100,,
aggregate_metric,20260818T204035Z_github-32183473018,0,incoming,topic,lstm,expected_calibration_error,,,,,,,,,,,,,,,,,,,,,,,,,0.23074504261872059,2100,,
aggregate_metric,20260818T204035Z_github-32183473018,0,incoming,topic,lstm,log_loss,,,,,,,,,,,,,,,,,,,,,,,,,1.904026853841702,2100,,
aggregate_metric,20260818T204035Z_github-32183473018,0,incoming,topic,lstm,macro_f1,,,,,,,,,,,,,,,,,,,,,,,,,0.6731838877301654,2100,,
aggregate_metric,20260818T204035Z_github-32183473018,0,incoming,topic,lstm,precision_macro,,,,,,,,,,,,,,,,,,,,,,,,,0.7110940685425856,2100,,
aggregate_metric,20260818T204035Z_github-32183473018,0,incoming,topic,lstm,recall_macro,,,,,,,,,,,,,,,,,,,,,,,,,0.6680952380952381,2100,,
aggregate_metric,20260818T204035Z_github-32183473018,0,incoming,topic,lstm,weighted_f1,,,,,,,,,,,,,,,,,,,,,,,,,0.6731838877301652,2100,,
aggregate_metric,20260818T204035Z_github-32183473018,0,incoming,topic,tfidf_logistic_regression,accuracy,,,,,,,,,,,,,,,,,,,,,,,,,0.6976190476190476,2100,,
aggregate_metric,20260818T204035Z_github-32183473018,0,incoming,topic,tfidf_logistic_regression,brier_score,,,,,,,,,,,,,,,,,,,,,,,,,0.41877927039222385,2100,,
aggregate_metric,20260818T204035Z_github-32183473018,0,incoming,topic,tfidf_logistic_regression,expected_calibration_error,,,,,,,,,,,,,,,,,,,,,,,,,0.1687764806071781,2100,,
aggregate_metric,20260818T204035Z_github-32183473018,0,incoming,topic,tfidf_logistic_regression,log_loss,,,,,,,,,,,,,,,,,,,,,,,,,0.8179338423459513,2100,,
aggregate_metric,20260818T204035Z_github-32183473018,0,incoming,topic,tfidf_logistic_regression,macro_f1,,,,,,,,,,,,,,,,,,,,,,,,,0.7055742015472419,2100,,
aggregate_metric,20260818T204035Z_github-32183473018,0,incoming,topic,tfidf_logistic_regression,precision_macro,,,,,,,,,,,,,,,,,,,,,,,,,0.7531377740414802,2100,,
aggregate_metric,20260818T204035Z_github-32183473018,0,incoming,topic,tfidf_logistic_regression,recall_macro,,,,,,,,,,,,,,,,,,,,,,,,,0.6976190476190476,2100,,
aggregate_metric,20260818T204035Z_github-32183473018,0,incoming,topic,tfidf_logistic_regression,weighted_f1,,,,,,,,,,,,,,,,,,,,,,,,,0.7055742015472418,2100,,
model_delta,20260818T204035Z_github-32183473018,0,incoming,topic,lstm_minus_baseline,accuracy,,,,,,,,,,,,,,,,,,,,,,,,,-0.029523809523809508,2100,,
model_delta,20260818T204035Z_github-32183473018,0,incoming,topic,lstm_minus_baseline,brier_score,,,,,,,,,,,,,,,,,,,,,,,,,0.14320812281118844,2100,,
model_delta,20260818T204035Z_github-32183473018,0,incoming,topic,lstm_minus_baseline,log_loss,,,,,,,,,,,,,,,,,,,,,,,,,1.0860930114957505,2100,,
model_delta,20260818T204035Z_github-32183473018,0,incoming,topic,lstm_minus_baseline,macro_f1,,,,,,,,,,,,,,,,,,,,,,,,,-0.03239031381707658,2100,,
model_delta,20260818T204035Z_github-32183473018,0,incoming,topic,lstm_minus_baseline,weighted_f1,,,,,,,,,,,,,,,,,,,,,,,,,-0.03239031381707658,2100,,
uncertainty,20260818T204035Z_github-32183473018,0,incoming,topic,lstm,accuracy,,,,,,,,,,,,,,,,,,,,,,,,,0.6680952380952381,2100,0.64766413599548,0.687912481263383
replicate_summary,20260818T204035Z_github-32183473018,0,incoming,topic,lstm,accuracy,,,,,,,,,,,,,,,,,,,,,,,,,0.6734920634920635,3,0.6613514876278709,0.6856326393562561
replicate_summary,20260818T204035Z_github-32183473018,0,incoming,topic,lstm,brier_score,,,,,,,,,,,,,,,,,,,,,,,,,0.5329106192407086,3,0.4700176460351653,0.5958035924462518
replicate_summary,20260818T204035Z_github-32183473018,0,incoming,topic,lstm,log_loss,,,,,,,,,,,,,,,,,,,,,,,,,1.95176003336178,3,1.6692935108586258,2.234226555864934
replicate_summary,20260818T204035Z_github-32183473018,0,incoming,topic,lstm,macro_f1,,,,,,,,,,,,,,,,,,,,,,,,,0.6747650103832871,3,0.6687482214413174,0.6807817993252567
replicate_summary,20260818T204035Z_github-32183473018,0,incoming,topic,lstm,weighted_f1,,,,,,,,,,,,,,,,,,,,,,,,,0.6747650103832871,3,0.6687482214413172,0.680781799325257
replicate_summary,20260818T204035Z_github-32183473018,0,incoming,topic,tfidf_logistic_regression,accuracy,,,,,,,,,,,,,,,,,,,,,,,,,0.6976190476190475,3,0.6976190476190475,0.6976190476190475
replicate_summary,20260818T204035Z_github-32183473018,0,incoming,topic,tfidf_logistic_regression,brier_score,,,,,,,,,,,,,,,,,,,,,,,,,0.4187792703922238,3,0.4187792703922238,0.4187792703922238
replicate_summary,20260818T204035Z_github-32183473018,0,incoming,topic,tfidf_logistic_regression,log_loss,,,,,,,,,,,,,,,,,,,,,,,,,0.8179338423459513,3,0.8179338423459513,0.8179338423459513
replicate_summary,20260818T204035Z_github-32183473018,0,incoming,topic,tfidf_logistic_regression,macro_f1,,,,,,,,,,,,,,,,,,,,,,,,,0.7055742015472419,3,0.7055742015472419,0.7055742015472419
replicate_summary,20260818T204035Z_github-32183473018,0,incoming,topic,tfidf_logistic_regression,weighted_f1,,,,,,,,,,,,,,,,,,,,,,,,,0.7055742015472418,3,0.7055742015472418,0.7055742015472418
segment_metric,20260818T204035Z_github-32183473018,0,incoming,topic,lstm,accuracy,flagprofanity,0,,,,,,,,,,,,,,,,,,,,,,,0.6732142857142858,,,
segment_metric,20260818T204035Z_github-32183473018,0,incoming,topic,lstm,brier_score,flagprofanity,0,,,,,,,,,,,,,,,,,,,,,,,0.5540105057761368,,,
segment_metric,20260818T204035Z_github-32183473018,0,incoming,topic,lstm,expected_calibration_error,flagprofanity,0,,,,,,,,,,,,,,,,,,,,,,,0.2246233028980847,,,
segment_metric,20260818T204035Z_github-32183473018,0,incoming,topic,lstm,log_loss,flagprofanity,0,,,,,,,,,,,,,,,,,,,,,,,1.8591542815398943,,,
segment_metric,20260818T204035Z_github-32183473018,0,incoming,topic,lstm,macro_f1,flagprofanity,0,,,,,,,,,,,,,,,,,,,,,,,0.6791853449323308,,,
segment_metric,20260818T204035Z_github-32183473018,0,incoming,topic,lstm,precision_macro,flagprofanity,0,,,,,,,,,,,,,,,,,,,,,,,0.7228175506108138,,,
segment_metric,20260818T204035Z_github-32183473018,0,incoming,topic,lstm,recall_macro,flagprofanity,0,,,,,,,,,,,,,,,,,,,,,,,0.6732142857142857,,,
segment_metric,20260818T204035Z_github-32183473018,0,incoming,topic,lstm,weighted_f1,flagprofanity,0,,,,,,,,,,,,,,,,,,,,,,,0.679185344932331,,,
segment_metric,20260818T204035Z_github-32183473018,0,incoming,topic,lstm,accuracy,flagprofanity,1,,,,,,,,,,,,,,,,,,,,,,,0.6476190476190476,,,
segment_metric,20260818T204035Z_github-32183473018,0,incoming,topic,lstm,brier_score,flagprofanity,1,,,,,,,,,,,,,,,,,,,,,,,0.5938949429125144,,,
segment_metric,20260818T204035Z_github-32183473018,0,incoming,topic,lstm,expected_calibration_error,flagprofanity,1,,,,,,,,,,,,,,,,,,,,,,,0.25565652688440754,,,
segment_metric,20260818T204035Z_github-32183473018,0,incoming,topic,lstm,log_loss,flagprofanity,1,,,,,,,,,,,,,,,,,,,,,,,2.0835171430489314,,,
segment_metric,20260818T204035Z_github-32183473018,0,incoming,topic,lstm,macro_f1,flagprofanity,1,,,,,,,,,,,,,,,,,,,,,,,0.6490741069100204,,,
segment_metric,20260818T204035Z_github-32183473018,0,incoming,topic,lstm,precision_macro,flagprofanity,1,,,,,,,,,,,,,,,,,,,,,,,0.6711479345300516,,,
segment_metric,20260818T204035Z_github-32183473018,0,incoming,topic,lstm,recall_macro,flagprofanity,1,,,,,,,,,,,,,,,,,,,,,,,0.6476190476190475,,,
segment_metric,20260818T204035Z_github-32183473018,0,incoming,topic,lstm,weighted_f1,flagprofanity,1,,,,,,,,,,,,,,,,,,,,,,,0.6490741069100204,,,
segment_metric,20260818T204035Z_github-32183473018,0,incoming,topic,lstm,accuracy,goldtest,0,,,,,,,,,,,,,,,,,,,,,,,0.6697530864197531,,,
segment_metric,20260818T204035Z_github-32183473018,0,incoming,topic,lstm,brier_score,goldtest,0,,,,,,,,,,,,,,,,,,,,,,,0.5625213573266026,,,
segment_metric,20260818T204035Z_github-32183473018,0,incoming,topic,lstm,expected_calibration_error,goldtest,0,,,,,,,,,,,,,,,,,,,,,,,0.23076542851414306,,,
segment_metric,20260818T204035Z_github-32183473018,0,incoming,topic,lstm,log_loss,goldtest,0,,,,,,,,,,,,,,,,,,,,,,,1.9133543128188761,,,
segment_metric,20260818T204035Z_github-32183473018,0,incoming,topic,lstm,macro_f1,goldtest,0,,,,,,,,,,,,,,,,,,,,,,,0.6750248964986281,,,
segment_metric,20260818T204035Z_github-32183473018,0,incoming,topic,lstm,precision_macro,goldtest,0,,,,,,,,,,,,,,,,,,,,,,,0.7138810338309372,,,
segment_metric,20260818T204035Z_github-32183473018,0,incoming,topic,lstm,recall_macro,goldtest,0,,,,,,,,,,,,,,,,,,,,,,,0.6697530864197531,,,
segment_metric,20260818T204035Z_github-32183473018,0,incoming,topic,lstm,weighted_f1,goldtest,0,,,,,,,,,,,,,,,,,,,,,,,0.675024896498628,,,
segment_metric,20260818T204035Z_github-32183473018,0,incoming,topic,lstm,accuracy,goldtest,1,,,,,,,,,,,,,,,,,,,,,,,0.6625,,,
segment_metric,20260818T204035Z_github-32183473018,0,incoming,topic,lstm,brier_score,goldtest,1,,,,,,,,,,,,,,,,,,,,,,,0.5601852642876453,,,
segment_metric,20260818T204035Z_github-32183473018,0,incoming,topic,lstm,expected_calibration_error,goldtest,1,,,,,,,,,,,,,,,,,,,,,,,0.23422417207311613,,,
segment_metric,20260818T204035Z_github-32183473018,0,incoming,topic,lstm,log_loss,goldtest,1,,,,,,,,,,,,,,,,,,,,,,,1.8725466797937382,,,
segment_metric,20260818T204035Z_github-32183473018,0,incoming,topic,lstm,macro_f1,goldtest,1,,,,,,,,,,,,,,,,,,,,,,,0.6671324254694845,,,
segment_metric,20260818T204035Z_github-32183473018,0,incoming,topic,lstm,precision_macro,goldtest,1,,,,,,,,,,,,,,,,,,,,,,,0.703188496576662,,,
segment_metric,20260818T204035Z_github-32183473018,0,incoming,topic,lstm,recall_macro,goldtest,1,,,,,,,,,,,,,,,,,,,,,,,0.6625000000000001,,,
segment_metric,20260818T204035Z_github-32183473018,0,incoming,topic,lstm,weighted_f1,goldtest,1,,,,,,,,,,,,,,,,,,,,,,,0.6671324254694845,,,
segment_metric,20260818T204035Z_github-32183473018,0,incoming,topic,lstm,accuracy,hasemoji,0,,,,,,,,,,,,,,,,,,,,,,,0.6727777777777778,,,
segment_metric,20260818T204035Z_github-32183473018,0,incoming,topic,lstm,brier_score,hasemoji,0,,,,,,,,,,,,,,,,,,,,,,,0.553435864708757,,,
segment_metric,20260818T204035Z_github-32183473018,0,incoming,topic,lstm,expected_calibration_error,hasemoji,0,,,,,,,,,,,,,,,,,,,,,,,0.22621884153995528,,,
segment_metric,20260818T204035Z_github-32183473018,0,incoming,topic,lstm,log_loss,hasemoji,0,,,,,,,,,,,,,,,,,,,,,,,1.8584028052939527,,,
segment_metric,20260818T204035Z_github-32183473018,0,incoming,topic,lstm,macro_f1,hasemoji,0,,,,,,,,,,,,,,,,,,,,,,,0.6785213989780245,,,
segment_metric,20260818T204035Z_github-32183473018,0,incoming,topic,lstm,precision_macro,hasemoji,0,,,,,,,,,,,,,,,,,,,,,,,0.7188987254516956,,,
segment_metric,20260818T204035Z_github-32183473018,0,incoming,topic,lstm,recall_macro,hasemoji,0,,,,,,,,,,,,,,,,,,,,,,,0.6727777777777778,,,
segment_metric,20260818T204035Z_github-32183473018,0,incoming,topic,lstm,weighted_f1,hasemoji,0,,,,,,,,,,,,,,,,,,,,,,,0.6785213989780245,,,
segment_metric,20260818T204035Z_github-32183473018,0,incoming,topic,lstm,accuracy,hasemoji,1,,,,,,,,,,,,,,,,,,,,,,,0.64,,,
segment_metric,20260818T204035Z_github-32183473018,0,incoming,topic,lstm,brier_score,hasemoji,1,,,,,,,,,,,,,,,,,,,,,,,0.6132965641713437,,,
segment_metric,20260818T204035Z_github-32183473018,0,incoming,topic,lstm,expected_calibration_error,hasemoji,1,,,,,,,,,,,,,,,,,,,,,,,0.26211920896014523,,,
segment_metric,20260818T204035Z_github-32183473018,0,incoming,topic,lstm,log_loss,hasemoji,1,,,,,,,,,,,,,,,,,,,,,,,2.1777711451281947,,,
segment_metric,20260818T204035Z_github-32183473018,0,incoming,topic,lstm,macro_f1,hasemoji,1,,,,,,,,,,,,,,,,,,,,,,,0.642058383414511,,,
segment_metric,20260818T204035Z_github-32183473018,0,incoming,topic,lstm,precision_macro,hasemoji,1,,,,,,,,,,,,,,,,,,,,,,,0.6708436147632584,,,
segment_metric,20260818T204035Z_github-32183473018,0,incoming,topic,lstm,recall_macro,hasemoji,1,,,,,,,,,,,,,,,,,,,,,,,0.64,,,
segment_metric,20260818T204035Z_github-32183473018,0,incoming,topic,lstm,weighted_f1,hasemoji,1,,,,,,,,,,,,,,,,,,,,,,,0.6420583834145109,,,
segment_metric,20260818T204035Z_github-32183473018,0,incoming,topic,lstm,accuracy,hasslang,0,,,,,,,,,,,,,,,,,,,,,,,0.6691358024691358,,,
segment_metric,20260818T204035Z_github-32183473018,0,incoming,topic,lstm,brier_score,hasslang,0,,,,,,,,,,,,,,,,,,,,,,,0.5542282924303318,,,
segment_metric,20260818T204035Z_github-32183473018,0,incoming,topic,lstm,expected_calibration_error,hasslang,0,,,,,,,,,,,,,,,,,,,,,,,0.22540868179200785,,,
segment_metric,20260818T204035Z_github-32183473018,0,incoming,topic,lstm,log_loss,hasslang,0,,,,,,,,,,,,,,,,,,,,,,,1.8553830802007174,,,
segment_metric,20260818T204035Z_github-32183473018,0,incoming,topic,lstm,macro_f1,hasslang,0,,,,,,,,,,,,,,,,,,,,,,,0.6739407368210674,,,
segment_metric,20260818T204035Z_github-32183473018,0,incoming,topic,lstm,precision_macro,hasslang,0,,,,,,,,,,,,,,,,,,,,,,,0.7107805597967343,,,
segment_metric,20260818T204035Z_github-32183473018,0,incoming,topic,lstm,recall_macro,hasslang,0,,,,,,,,,,,,,,,,,,,,,,,0.6691358024691358,,,
segment_metric,20260818T204035Z_github-32183473018,0,incoming,topic,lstm,weighted_f1,hasslang,0,,,,,,,,,,,,,,,,,,,,,,,0.6739407368210674,,,
segment_metric,20260818T204035Z_github-32183473018,0,incoming,topic,lstm,accuracy,hasslang,1,,,,,,,,,,,,,,,,,,,,,,,0.6645833333333333,,,
segment_metric,20260818T204035Z_github-32183473018,0,incoming,topic,lstm,brier_score,hasslang,1,,,,,,,,,,,,,,,,,,,,,,,0.588174358312559,,,
segment_metric,20260818T204035Z_github-32183473018,0,incoming,topic,lstm,expected_calibration_error,hasslang,1,,,,,,,,,,,,,,,,,,,,,,,0.25438150243924035,,,
segment_metric,20260818T204035Z_github-32183473018,0,incoming,topic,lstm,log_loss,hasslang,1,,,,,,,,,,,,,,,,,,,,,,,2.068199589880024,,,
segment_metric,20260818T204035Z_github-32183473018,0,incoming,topic,lstm,macro_f1,hasslang,1,,,,,,,,,,,,,,,,,,,,,,,0.6707909182924349,,,
segment_metric,20260818T204035Z_github-32183473018,0,incoming,topic,lstm,precision_macro,hasslang,1,,,,,,,,,,,,,,,,,,,,,,,0.7128796014338182,,,
segment_metric,20260818T204035Z_github-32183473018,0,incoming,topic,lstm,recall_macro,hasslang,1,,,,,,,,,,,,,,,,,,,,,,,0.6645833333333333,,,
segment_metric,20260818T204035Z_github-32183473018,0,incoming,topic,lstm,weighted_f1,hasslang,1,,,,,,,,,,,,,,,,,,,,,,,0.6707909182924348,,,
segment_metric,20260818T204035Z_github-32183473018,0,incoming,topic,lstm,accuracy,hasspellingerror,0,,,,,,,,,,,,,,,,,,,,,,,0.6648148148148149,,,
segment_metric,20260818T204035Z_github-32183473018,0,incoming,topic,lstm,brier_score,hasspellingerror,0,,,,,,,,,,,,,,,,,,,,,,,0.5684117389365365,,,
segment_metric,20260818T204035Z_github-32183473018,0,incoming,topic,lstm,expected_calibration_error,hasspellingerror,0,,,,,,,,,,,,,,,,,,,,,,,0.23444825970652863,,,
segment_metric,20260818T204035Z_github-32183473018,0,incoming,topic,lstm,log_loss,hasspellingerror,0,,,,,,,,,,,,,,,,,,,,,,,1.983051652023592,,,
segment_metric,20260818T204035Z_github-32183473018,0,incoming,topic,lstm,macro_f1,hasspellingerror,0,,,,,,,,,,,,,,,,,,,,,,,0.6698510271815329,,,
segment_metric,20260818T204035Z_github-32183473018,0,incoming,topic,lstm,precision_macro,hasspellingerror,0,,,,,,,,,,,,,,,,,,,,,,,0.7029352115521934,,,
segment_metric,20260818T204035Z_github-32183473018,0,incoming,topic,lstm,recall_macro,hasspellingerror,0,,,,,,,,,,,,,,,,,,,,,,,0.6648148148148147,,,
segment_metric,20260818T204035Z_github-32183473018,0,incoming,topic,lstm,weighted_f1,hasspellingerror,0,,,,,,,,,,,,,,,,,,,,,,,0.6698510271815328,,,
segment_metric,20260818T204035Z_github-32183473018,0,incoming,topic,lstm,accuracy,hasspellingerror,1,,,,,,,,,,,,,,,,,,,,,,,0.6791666666666667,,,
segment_metric,20260818T204035Z_github-32183473018,0,incoming,topic,lstm,brier_score,hasspellingerror,1,,,,,,,,,,,,,,,,,,,,,,,0.5403052263541182,,,
segment_metric,20260818T204035Z_github-32183473018,0,incoming,topic,lstm,expected_calibration_error,hasspellingerror,1,,,,,,,,,,,,,,,,,,,,,,,0.21881179083930283,,,
segment_metric,20260818T204035Z_github-32183473018,0,incoming,topic,lstm,log_loss,hasspellingerror,1,,,,,,,,,,,,,,,,,,,,,,,1.637318159977823,,,
segment_metric,20260818T204035Z_github-32183473018,0,incoming,topic,lstm,macro_f1,hasspellingerror,1,,,,,,,,,,,,,,,,,,,,,,,0.6839789978725879,,,
segment_metric,20260818T204035Z_github-32183473018,0,incoming,topic,lstm,precision_macro,hasspellingerror,1,,,,,,,,,,,,,,,,,,,,,,,0.7416555819183319,,,
segment_metric,20260818T204035Z_github-32183473018,0,incoming,topic,lstm,recall_macro,hasspellingerror,1,,,,,,,,,,,,,,,,,,,,,,,0.6791666666666667,,,
segment_metric,20260818T204035Z_github-32183473018,0,incoming,topic,lstm,weighted_f1,hasspellingerror,1,,,,,,,,,,,,,,,,,,,,,,,0.683978997872588,,,
segment_metric,20260818T204035Z_github-32183473018,0,incoming,topic,lstm,accuracy,length_class,long,,,,,,,,,,,,,,,,,,,,,,,0.6984282907662083,,,
segment_metric,20260818T204035Z_github-32183473018,0,incoming,topic,lstm,brier_score,length_class,long,,,,,,,,,,,,,,,,,,,,,,,0.5319613132202597,,,
segment_metric,20260818T204035Z_github-32183473018,0,incoming,topic,lstm,expected_calibration_error,length_class,long,,,,,,,,,,,,,,,,,,,,,,,0.22385745127930787,,,
segment_metric,20260818T204035Z_github-32183473018,0,incoming,topic,lstm,log_loss,length_class,long,,,,,,,,,,,,,,,,,,,,,,,1.9368024468107106,,,
segment_metric,20260818T204035Z_github-32183473018,0,incoming,topic,lstm,macro_f1,length_class,long,,,,,,,,,,,,,,,,,,,,,,,0.7009653704592068,,,
segment_metric,20260818T204035Z_github-32183473018,0,incoming,topic,lstm,precision_macro,length_class,long,,,,,,,,,,,,,,,,,,,,,,,0.7249433426409387,,,
segment_metric,20260818T204035Z_github-32183473018,0,incoming,topic,lstm,recall_macro,length_class,long,,,,,,,,,,,,,,,,,,,,,,,0.6955909438970302,,,
segment_metric,20260818T204035Z_github-32183473018,0,incoming,topic,lstm,weighted_f1,length_class,long,,,,,,,,,,,,,,,,,,,,,,,0.7015434318376492,,,
segment_metric,20260818T204035Z_github-32183473018,0,incoming,topic,lstm,accuracy,length_class,medium,,,,,,,,,,,,,,,,,,,,,,,0.6406685236768802,,,
segment_metric,20260818T204035Z_github-32183473018,0,incoming,topic,lstm,brier_score,length_class,medium,,,,,,,,,,,,,,,,,,,,,,,0.588072334769913,,,
segment_metric,20260818T204035Z_github-32183473018,0,incoming,topic,lstm,expected_calibration_error,length_class,medium,,,,,,,,,,,,,,,,,,,,,,,0.23923202606655278,,,
segment_metric,20260818T204035Z_github-32183473018,0,incoming,topic,lstm,log_loss,length_class,medium,,,,,,,,,,,,,,,,,,,,,,,1.8713772946558693,,,
segment_metric,20260818T204035Z_github-32183473018,0,incoming,topic,lstm,macro_f1,length_class,medium,,,,,,,,,,,,,,,,,,,,,,,0.6462005077420064,,,
segment_metric,20260818T204035Z_github-32183473018,0,incoming,topic,lstm,precision_macro,length_class,medium,,,,,,,,,,,,,,,,,,,,,,,0.7004411895225042,,,
segment_metric,20260818T204035Z_github-32183473018,0,incoming,topic,lstm,recall_macro,length_class,medium,,,,,,,,,,,,,,,,,,,,,,,0.64270212481984,,,
segment_metric,20260818T204035Z_github-32183473018,0,incoming,topic,lstm,weighted_f1,length_class,medium,,,,,,,,,,,,,,,,,,,,,,,0.6467030319499958,,,
segment_metric,20260818T204035Z_github-32183473018,0,incoming,topic,lstm,accuracy,length_class,short,,,,,,,,,,,,,,,,,,,,,,,0.4,,,
segment_metric,20260818T204035Z_github-32183473018,0,incoming,topic,lstm,brier_score,length_class,short,,,,,,,,,,,,,,,,,,,,,,,1.0566008643490028,,,
segment_metric,20260818T204035Z_github-32183473018,0,incoming,topic,lstm,expected_calibration_error,length_class,short,,,,,,,,,,,,,,,,,,,,,,,0.6587821339596904,,,
segment_metric,20260818T204035Z_github-32183473018,0,incoming,topic,lstm,log_loss,length_class,short,,,,,,,,,,,,,,,,,,,,,,,2.263631173979826,,,
segment_metric,20260818T204035Z_github-32183473018,0,incoming,topic,lstm,macro_f1,length_class,short,,,,,,,,,,,,,,,,,,,,,,,0.29166666666666663,,,
segment_metric,20260818T204035Z_github-32183473018,0,incoming,topic,lstm,precision_macro,length_class,short,,,,,,,,,,,,,,,,,,,,,,,0.20833333333333331,,,
segment_metric,20260818T204035Z_github-32183473018,0,incoming,topic,lstm,recall_macro,length_class,short,,,,,,,,,,,,,,,,,,,,,,,0.5,,,
segment_metric,20260818T204035Z_github-32183473018,0,incoming,topic,lstm,weighted_f1,length_class,short,,,,,,,,,,,,,,,,,,,,,,,0.2333333333333333,,,
segment_metric,20260818T204035Z_github-32183473018,0,incoming,topic,lstm,accuracy,linguistic_level,advanced,,,,,,,,,,,,,,,,,,,,,,,0.6452380952380953,,,
segment_metric,20260818T204035Z_github-32183473018,0,incoming,topic,lstm,brier_score,linguistic_level,advanced,,,,,,,,,,,,,,,,,,,,,,,0.5822640345644584,,,
segment_metric,20260818T204035Z_github-32183473018,0,incoming,topic,lstm,expected_calibration_error,linguistic_level,advanced,,,,,,,,,,,,,,,,,,,,,,,0.23433319646616912,,,
segment_metric,20260818T204035Z_github-32183473018,0,incoming,topic,lstm,log_loss,linguistic_level,advanced,,,,,,,,,,,,,,,,,,,,,,,1.8020516567519795,,,
segment_metric,20260818T204035Z_github-32183473018,0,incoming,topic,lstm,macro_f1,linguistic_level,advanced,,,,,,,,,,,,,,,,,,,,,,,0.6501143773080322,,,
segment_metric,20260818T204035Z_github-32183473018,0,incoming,topic,lstm,precision_macro,linguistic_level,advanced,,,,,,,,,,,,,,,,,,,,,,,0.6964877941983348,,,
segment_metric,20260818T204035Z_github-32183473018,0,incoming,topic,lstm,recall_macro,linguistic_level,advanced,,,,,,,,,,,,,,,,,,,,,,,0.6452380952380952,,,
segment_metric,20260818T204035Z_github-32183473018,0,incoming,topic,lstm,weighted_f1,linguistic_level,advanced,,,,,,,,,,,,,,,,,,,,,,,0.6501143773080322,,,
segment_metric,20260818T204035Z_github-32183473018,0,incoming,topic,lstm,accuracy,linguistic_level,informal,,,,,,,,,,,,,,,,,,,,,,,0.6833333333333333,,,
segment_metric,20260818T204035Z_github-32183473018,0,incoming,topic,lstm,brier_score,linguistic_level,informal,,,,,,,,,,,,,,,,,,,,,,,0.5504257742682773,,,
segment_metric,20260818T204035Z_github-32183473018,0,incoming,topic,lstm,expected_calibration_error,linguistic_level,informal,,,,,,,,,,,,,,,,,,,,,,,0.23130692994613095,,,
segment_metric,20260818T204035Z_github-32183473018,0,incoming,topic,lstm,log_loss,linguistic_level,informal,,,,,,,,,,,,,,,,,,,,,,,1.8555492945306693,,,
segment_metric,20260818T204035Z_github-32183473018,0,incoming,topic,lstm,macro_f1,linguistic_level,informal,,,,,,,,,,,,,,,,,,,,,,,0.6890677954690465,,,
segment_metric,20260818T204035Z_github-32183473018,0,incoming,topic,lstm,precision_macro,linguistic_level,informal,,,,,,,,,,,,,,,,,,,,,,,0.7266008895666086,,,
segment_metric,20260818T204035Z_github-32183473018,0,incoming,topic,lstm,recall_macro,linguistic_level,informal,,,,,,,,,,,,,,,,,,,,,,,0.6833333333333333,,,
segment_metric,20260818T204035Z_github-32183473018,0,incoming,topic,lstm,weighted_f1,linguistic_level,informal,,,,,,,,,,,,,,,,,,,,,,,0.6890677954690464,,,
segment_metric,20260818T204035Z_github-32183473018,0,incoming,topic,lstm,accuracy,linguistic_level,limited,,,,,,,,,,,,,,,,,,,,,,,0.6642857142857143,,,
segment_metric,20260818T204035Z_github-32183473018,0,incoming,topic,lstm,brier_score,linguistic_level,limited,,,,,,,,,,,,,,,,,,,,,,,0.5691398758750189,,,
segment_metric,20260818T204035Z_github-32183473018,0,incoming,topic,lstm,expected_calibration_error,linguistic_level,limited,,,,,,,,,,,,,,,,,,,,,,,0.24001722246071708,,,
segment_metric,20260818T204035Z_github-32183473018,0,incoming,topic,lstm,log_loss,linguistic_level,limited,,,,,,,,,,,,,,,,,,,,,,,2.065452591388755,,,
segment_metric,20260818T204035Z_github-32183473018,0,incoming,topic,lstm,macro_f1,linguistic_level,limited,,,,,,,,,,,,,,,,,,,,,,,0.6705354967900867,,,
segment_metric,20260818T204035Z_github-32183473018,0,incoming,topic,lstm,precision_macro,linguistic_level,limited,,,,,,,,,,,,,,,,,,,,,,,0.7068647177180731,,,
segment_metric,20260818T204035Z_github-32183473018,0,incoming,topic,lstm,recall_macro,linguistic_level,limited,,,,,,,,,,,,,,,,,,,,,,,0.6642857142857143,,,
segment_metric,20260818T204035Z_github-32183473018,0,incoming,topic,lstm,weighted_f1,linguistic_level,limited,,,,,,,,,,,,,,,,,,,,,,,0.6705354967900868,,,
segment_metric,20260818T204035Z_github-32183473018,0,incoming,topic,lstm,accuracy,linguistic_level,standard,,,,,,,,,,,,,,,,,,,,,,,0.6642857142857143,,,
segment_metric,20260818T204035Z_github-32183473018,0,incoming,topic,lstm,brier_score,linguistic_level,standard,,,,,,,,,,,,,,,,,,,,,,,0.559908300791257,,,
segment_metric,20260818T204035Z_github-32183473018,0,incoming,topic,lstm,expected_calibration_error,linguistic_level,standard,,,,,,,,,,,,,,,,,,,,,,,0.24029204440232801,,,
segment_metric,20260818T204035Z_github-32183473018,0,incoming,topic,lstm,log_loss,linguistic_level,standard,,,,,,,,,,,,,,,,,,,,,,,1.8230128131102794,,,
segment_metric,20260818T204035Z_github-32183473018,0,incoming,topic,lstm,macro_f1,linguistic_level,standard,,,,,,,,,,,,,,,,,,,,,,,0.6671095699057299,,,
segment_metric,20260818T204035Z_github-32183473018,0,incoming,topic,lstm,precision_macro,linguistic_level,standard,,,,,,,,,,,,,,,,,,,,,,,0.7041326539486377,,,
segment_metric,20260818T204035Z_github-32183473018,0,incoming,topic,lstm,recall_macro,linguistic_level,standard,,,,,,,,,,,,,,,,,,,,,,,0.6642857142857143,,,
segment_metric,20260818T204035Z_github-32183473018,0,incoming,topic,lstm,weighted_f1,linguistic_level,standard,,,,,,,,,,,,,,,,,,,,,,,0.6671095699057299,,,
segment_metric,20260818T204035Z_github-32183473018,0,incoming,topic,lstm,accuracy,linguistic_level,technical,,,,,,,,,,,,,,,,,,,,,,,0.6833333333333333,,,
segment_metric,20260818T204035Z_github-32183473018,0,incoming,topic,lstm,brier_score,linguistic_level,technical,,,,,,,,,,,,,,,,,,,,,,,0.5481989805180499,,,
segment_metric,20260818T204035Z_github-32183473018,0,incoming,topic,lstm,expected_calibration_error,linguistic_level,technical,,,,,,,,,,,,,,,,,,,,,,,0.22851819243017193,,,
segment_metric,20260818T204035Z_github-32183473018,0,incoming,topic,lstm,log_loss,linguistic_level,technical,,,,,,,,,,,,,,,,,,,,,,,1.974067913426826,,,
segment_metric,20260818T204035Z_github-32183473018,0,incoming,topic,lstm,macro_f1,linguistic_level,technical,,,,,,,,,,,,,,,,,,,,,,,0.6865990787903515,,,
segment_metric,20260818T204035Z_github-32183473018,0,incoming,topic,lstm,precision_macro,linguistic_level,technical,,,,,,,,,,,,,,,,,,,,,,,0.7251152277080841,,,
segment_metric,20260818T204035Z_github-32183473018,0,incoming,topic,lstm,recall_macro,linguistic_level,technical,,,,,,,,,,,,,,,,,,,,,,,0.6833333333333333,,,
segment_metric,20260818T204035Z_github-32183473018,0,incoming,topic,lstm,weighted_f1,linguistic_level,technical,,,,,,,,,,,,,,,,,,,,,,,0.6865990787903515,,,
segment_metric,20260818T204035Z_github-32183473018,0,incoming,topic,lstm,accuracy,mixed_sentiment,0,,,,,,,,,,,,,,,,,,,,,,,0.6639784946236559,,,
segment_metric,20260818T204035Z_github-32183473018,0,incoming,topic,lstm,brier_score,mixed_sentiment,0,,,,,,,,,,,,,,,,,,,,,,,0.5614024740679909,,,
segment_metric,20260818T204035Z_github-32183473018,0,incoming,topic,lstm,expected_calibration_error,mixed_sentiment,0,,,,,,,,,,,,,,,,,,,,,,,0.22729840999034212,,,
segment_metric,20260818T204035Z_github-32183473018,0,incoming,topic,lstm,log_loss,mixed_sentiment,0,,,,,,,,,,,,,,,,,,,,,,,1.8319073100599979,,,
segment_metric,20260818T204035Z_github-32183473018,0,incoming,topic,lstm,macro_f1,mixed_sentiment,0,,,,,,,,,,,,,,,,,,,,,,,0.6689728909193771,,,
segment_metric,20260818T204035Z_github-32183473018,0,incoming,topic,lstm,precision_macro,mixed_sentiment,0,,,,,,,,,,,,,,,,,,,,,,,0.7093909197927442,,,
segment_metric,20260818T204035Z_github-32183473018,0,incoming,topic,lstm,recall_macro,mixed_sentiment,0,,,,,,,,,,,,,,,,,,,,,,,0.6639784946236559,,,
segment_metric,20260818T204035Z_github-32183473018,0,incoming,topic,lstm,weighted_f1,mixed_sentiment,0,,,,,,,,,,,,,,,,,,,,,,,0.6689728909193771,,,
segment_metric,20260818T204035Z_github-32183473018,0,incoming,topic,lstm,accuracy,mixed_sentiment,1,,,,,,,,,,,,,,,,,,,,,,,0.7,,,
segment_metric,20260818T204035Z_github-32183473018,0,incoming,topic,lstm,brier_score,mixed_sentiment,1,,,,,,,,,,,,,,,,,,,,,,,0.5665205165029278,,,
segment_metric,20260818T204035Z_github-32183473018,0,incoming,topic,lstm,expected_calibration_error,mixed_sentiment,1,,,,,,,,,,,,,,,,,,,,,,,0.2720820175254285,,,
segment_metric,20260818T204035Z_github-32183473018,0,incoming,topic,lstm,log_loss,mixed_sentiment,1,,,,,,,,,,,,,,,,,,,,,,,2.462953318149907,,,
segment_metric,20260818T204035Z_github-32183473018,0,incoming,topic,lstm,macro_f1,mixed_sentiment,1,,,,,,,,,,,,,,,,,,,,,,,0.7052997267282981,,,
segment_metric,20260818T204035Z_github-32183473018,0,incoming,topic,lstm,precision_macro,mixed_sentiment,1,,,,,,,,,,,,,,,,,,,,,,,0.7369799498746867,,,
segment_metric,20260818T204035Z_github-32183473018,0,incoming,topic,lstm,recall_macro,mixed_sentiment,1,,,,,,,,,,,,,,,,,,,,,,,0.7,,,
segment_metric,20260818T204035Z_github-32183473018,0,incoming,topic,lstm,weighted_f1,mixed_sentiment,1,,,,,,,,,,,,,,,,,,,,,,,0.705299726728298,,,
segment_metric,20260818T204035Z_github-32183473018,0,incoming,topic,lstm,accuracy,template_family,attention,,,,,,,,,,,,,,,,,,,,,,,0.546242774566474,,,
segment_metric,20260818T204035Z_github-32183473018,0,incoming,topic,lstm,brier_score,template_family,attention,,,,,,,,,,,,,,,,,,,,,,,0.7167238468552478,,,
segment_metric,20260818T204035Z_github-32183473018,0,incoming,topic,lstm,expected_calibration_error,template_family,attention,,,,,,,,,,,,,,,,,,,,,,,0.28407523645958793,,,
segment_metric,20260818T204035Z_github-32183473018,0,incoming,topic,lstm,log_loss,template_family,attention,,,,,,,,,,,,,,,,,,,,,,,2.54297959103332,,,
segment_metric,20260818T204035Z_github-32183473018,0,incoming,topic,lstm,macro_f1,template_family,attention,,,,,,,,,,,,,,,,,,,,,,,0.5494315806610133,,,
segment_metric,20260818T204035Z_github-32183473018,0,incoming,topic,lstm,precision_macro,template_family,attention,,,,,,,,,,,,,,,,,,,,,,,0.585382377738619,,,
segment_metric,20260818T204035Z_github-32183473018,0,incoming,topic,lstm,recall_macro,template_family,attention,,,,,,,,,,,,,,,,,,,,,,,0.5518326858558121,,,
segment_metric,20260818T204035Z_github-32183473018,0,incoming,topic,lstm,weighted_f1,template_family,attention,,,,,,,,,,,,,,,,,,,,,,,0.5518649374814837,,,
segment_metric,20260818T204035Z_github-32183473018,0,incoming,topic,lstm,accuracy,template_family,context_component,,,,,,,,,,,,,,,,,,,,,,,0.5879828326180258,,,
segment_metric,20260818T204035Z_github-32183473018,0,incoming,topic,lstm,brier_score,template_family,context_component,,,,,,,,,,,,,,,,,,,,,,,0.6776421691782011,,,
segment_metric,20260818T204035Z_github-32183473018,0,incoming,topic,lstm,expected_calibration_error,template_family,context_component,,,,,,,,,,,,,,,,,,,,,,,0.2806867441413883,,,
segment_metric,20260818T204035Z_github-32183473018,0,incoming,topic,lstm,log_loss,template_family,context_component,,,,,,,,,,,,,,,,,,,,,,,2.087065604057104,,,
segment_metric,20260818T204035Z_github-32183473018,0,incoming,topic,lstm,macro_f1,template_family,context_component,,,,,,,,,,,,,,,,,,,,,,,0.5917884645607419,,,
segment_metric,20260818T204035Z_github-32183473018,0,incoming,topic,lstm,precision_macro,template_family,context_component,,,,,,,,,,,,,,,,,,,,,,,0.6650554844216816,,,
segment_metric,20260818T204035Z_github-32183473018,0,incoming,topic,lstm,recall_macro,template_family,context_component,,,,,,,,,,,,,,,,,,,,,,,0.5925058723286662,,,
segment_metric,20260818T204035Z_github-32183473018,0,incoming,topic,lstm,weighted_f1,template_family,context_component,,,,,,,,,,,,,,,,,,,,,,,0.5930963543932567,,,
segment_metric,20260818T204035Z_github-32183473018,0,incoming,topic,lstm,accuracy,template_family,main_impression,,,,,,,,,,,,,,,,,,,,,,,0.8208955223880597,,,
segment_metric,20260818T204035Z_github-32183473018,0,incoming,topic,lstm,brier_score,template_family,main_impression,,,,,,,,,,,,,,,,,,,,,,,0.3317354386218425,,,
segment_metric,20260818T204035Z_github-32183473018,0,incoming,topic,lstm,expected_calibration_error,template_family,main_impression,,,,,,,,,,,,,,,,,,,,,,,0.14683363654714082,,,
segment_metric,20260818T204035Z_github-32183473018,0,incoming,topic,lstm,log_loss,template_family,main_impression,,,,,,,,,,,,,,,,,,,,,,,1.2328241361635497,,,
segment_metric,20260818T204035Z_github-32183473018,0,incoming,topic,lstm,macro_f1,template_family,main_impression,,,,,,,,,,,,,,,,,,,,,,,0.8185516220556368,,,
segment_metric,20260818T204035Z_github-32183473018,0,incoming,topic,lstm,precision_macro,template_family,main_impression,,,,,,,,,,,,,,,,,,,,,,,0.8341219481913074,,,
segment_metric,20260818T204035Z_github-32183473018,0,incoming,topic,lstm,recall_macro,template_family,main_impression,,,,,,,,,,,,,,,,,,,,,,,0.8173248587191431,,,
segment_metric,20260818T204035Z_github-32183473018,0,incoming,topic,lstm,weighted_f1,template_family,main_impression,,,,,,,,,,,,,,,,,,,,,,,0.8218604077219078,,,
segment_metric,20260818T204035Z_github-32183473018,0,incoming,topic,lstm,accuracy,template_family,noticed,,,,,,,,,,,,,,,,,,,,,,,0.7901234567901234,,,
segment_metric,20260818T204035Z_github-32183473018,0,incoming,topic,lstm,brier_score,template_family,noticed,,,,,,,,,,,,,,,,,,,,,,,0.37323695286955155,,,
segment_metric,20260818T204035Z_github-32183473018,0,incoming,topic,lstm,expected_calibration_error,template_family,noticed,,,,,,,,,,,,,,,,,,,,,,,0.1510493566798629,,,
segment_metric,20260818T204035Z_github-32183473018,0,incoming,topic,lstm,log_loss,template_family,noticed,,,,,,,,,,,,,,,,,,,,,,,1.1639138065268284,,,
segment_metric,20260818T204035Z_github-32183473018,0,incoming,topic,lstm,macro_f1,template_family,noticed,,,,,,,,,,,,,,,,,,,,,,,0.792859542418366,,,
segment_metric,20260818T204035Z_github-32183473018,0,incoming,topic,lstm,precision_macro,template_family,noticed,,,,,,,,,,,,,,,,,,,,,,,0.8136696326061997,,,
segment_metric,20260818T204035Z_github-32183473018,0,incoming,topic,lstm,recall_macro,template_family,noticed,,,,,,,,,,,,,,,,,,,,,,,0.7884626961445848,,,
segment_metric,20260818T204035Z_github-32183473018,0,incoming,topic,lstm,weighted_f1,template_family,noticed,,,,,,,,,,,,,,,,,,,,,,,0.7972938100389081,,,
segment_metric,20260818T204035Z_github-32183473018,0,incoming,topic,lstm,accuracy,template_family,stood_out,,,,,,,,,,,,,,,,,,,,,,,0.4883720930232558,,,
segment_metric,20260818T204035Z_github-32183473018,0,incoming,topic,lstm,brier_score,template_family,stood_out,,,,,,,,,,,,,,,,,,,,,,,0.8802458435914907,,,
segment_metric,20260818T204035Z_github-32183473018,0,incoming,topic,lstm,expected_calibration_error,template_family,stood_out,,,,,,,,,,,,,,,,,,,,,,,0.4116863190748212,,,
segment_metric,20260818T204035Z_github-32183473018,0,incoming,topic,lstm,log_loss,template_family,stood_out,,,,,,,,,,,,,,,,,,,,,,,3.117771600355466,,,
segment_metric,20260818T204035Z_github-32183473018,0,incoming,topic,lstm,macro_f1,template_family,stood_out,,,,,,,,,,,,,,,,,,,,,,,0.4801695143639342,,,
segment_metric,20260818T204035Z_github-32183473018,0,incoming,topic,lstm,precision_macro,template_family,stood_out,,,,,,,,,,,,,,,,,,,,,,,0.5852638553858066,,,
segment_metric,20260818T204035Z_github-32183473018,0,incoming,topic,lstm,recall_macro,template_family,stood_out,,,,,,,,,,,,,,,,,,,,,,,0.48309971998127915,,,
segment_metric,20260818T204035Z_github-32183473018,0,incoming,topic,lstm,weighted_f1,template_family,stood_out,,,,,,,,,,,,,,,,,,,,,,,0.4803549918680332,,,
segment_metric,20260818T204035Z_github-32183473018,0,incoming,topic,lstm,accuracy,template_family,using,,,,,,,,,,,,,,,,,,,,,,,0.8456140350877193,,,
segment_metric,20260818T204035Z_github-32183473018,0,incoming,topic,lstm,brier_score,template_family,using,,,,,,,,,,,,,,,,,,,,,,,0.28610915443748614,,,
segment_metric,20260818T204035Z_github-32183473018,0,incoming,topic,lstm,expected_calibration_error,template_family,using,,,,,,,,,,,,,,,,,,,,,,,0.1176827047430665,,,
segment_metric,20260818T204035Z_github-32183473018,0,incoming,topic,lstm,log_loss,template_family,using,,,,,,,,,,,,,,,,,,,,,,,0.9943694513251677,,,
segment_metric,20260818T204035Z_github-32183473018,0,incoming,topic,lstm,macro_f1,template_family,using,,,,,,,,,,,,,,,,,,,,,,,0.8451795465337132,,,
segment_metric,20260818T204035Z_github-32183473018,0,incoming,topic,lstm,precision_macro,template_family,using,,,,,,,,,,,,,,,,,,,,,,,0.8473312592919502,,,
segment_metric,20260818T204035Z_github-32183473018,0,incoming,topic,lstm,recall_macro,template_family,using,,,,,,,,,,,,,,,,,,,,,,,0.8455010784332221,,,
segment_metric,20260818T204035Z_github-32183473018,0,incoming,topic,lstm,weighted_f1,template_family,using,,,,,,,,,,,,,,,,,,,,,,,0.8470674972093101,,,
training_history,20260818T204035Z_github-32183473018,0,incoming,topic,lstm,accuracy,,1,,,42,,,,,,,,,,,,,,,,,,,,0.528520405292511,,,
training_history,20260818T204035Z_github-32183473018,0,incoming,topic,lstm,accuracy,,2,,,42,,,,,,,,,,,,,,,,,,,,0.9392915964126587,,,
training_history,20260818T204035Z_github-32183473018,0,incoming,topic,lstm,accuracy,,3,,,42,,,,,,,,,,,,,,,,,,,,0.9853296279907227,,,
training_history,20260818T204035Z_github-32183473018,0,incoming,topic,lstm,accuracy,,4,,,42,,,,,,,,,,,,,,,,,,,,0.990927517414093,,,
training_history,20260818T204035Z_github-32183473018,0,incoming,topic,lstm,accuracy,,5,,,42,,,,,,,,,,,,,,,,,,,,0.9933404326438904,,,
training_history,20260818T204035Z_github-32183473018,0,incoming,topic,lstm,accuracy,,6,,,42,,,,,,,,,,,,,,,,,,,,0.9946916103363037,,,
training_history,20260818T204035Z_github-32183473018,0,incoming,topic,lstm,accuracy,,7,,,42,,,,,,,,,,,,,,,,,,,,0.9276131391525269,,,
training_history,20260818T204035Z_github-32183473018,0,incoming,topic,lstm,accuracy,,8,,,42,,,,,,,,,,,,,,,,,,,,0.9955602884292603,,,
training_history,20260818T204035Z_github-32183473018,0,incoming,topic,lstm,loss,,1,,,42,,,,,,,,,,,,,,,,,,,,0.8288010954856873,,,
training_history,20260818T204035Z_github-32183473018,0,incoming,topic,lstm,loss,,2,,,42,,,,,,,,,,,,,,,,,,,,0.18524135649204254,,,
training_history,20260818T204035Z_github-32183473018,0,incoming,topic,lstm,loss,,3,,,42,,,,,,,,,,,,,,,,,,,,0.07049480080604553,,,
training_history,20260818T204035Z_github-32183473018,0,incoming,topic,lstm,loss,,4,,,42,,,,,,,,,,,,,,,,,,,,0.04465515911579132,,,
training_history,20260818T204035Z_github-32183473018,0,incoming,topic,lstm,loss,,5,,,42,,,,,,,,,,,,,,,,,,,,0.02489372529089451,,,
training_history,20260818T204035Z_github-32183473018,0,incoming,topic,lstm,loss,,6,,,42,,,,,,,,,,,,,,,,,,,,0.01842060498893261,,,
training_history,20260818T204035Z_github-32183473018,0,incoming,topic,lstm,loss,,7,,,42,,,,,,,,,,,,,,,,,,,,0.18356269598007202,,,
training_history,20260818T204035Z_github-32183473018,0,incoming,topic,lstm,loss,,8,,,42,,,,,,,,,,,,,,,,,,,,0.016587525606155396,,,
training_history,20260818T204035Z_github-32183473018,0,incoming,topic,lstm,val_accuracy,,1,,,42,,,,,,,,,,,,,,,,,,,,0.752898097038269,,,
training_history,20260818T204035Z_github-32183473018,0,incoming,topic,lstm,val_accuracy,,2,,,42,,,,,,,,,,,,,,,,,,,,0.9786455035209656,,,
training_history,20260818T204035Z_github-32183473018,0,incoming,topic,lstm,val_accuracy,,3,,,42,,,,,,,,,,,,,,,,,,,,1.0,,,
training_history,20260818T204035Z_github-32183473018,0,incoming,topic,lstm,val_accuracy,,4,,,42,,,,,,,,,,,,,,,,,,,,0.9981696009635925,,,
training_history,20260818T204035Z_github-32183473018,0,incoming,topic,lstm,val_accuracy,,5,,,42,,,,,,,,,,,,,,,,,,,,0.9993898868560791,,,
training_history,20260818T204035Z_github-32183473018,0,incoming,topic,lstm,val_accuracy,,6,,,42,,,,,,,,,,,,,,,,,,,,0.9993898868560791,,,
training_history,20260818T204035Z_github-32183473018,0,incoming,topic,lstm,val_accuracy,,7,,,42,,,,,,,,,,,,,,,,,,,,0.9969493746757507,,,
training_history,20260818T204035Z_github-32183473018,0,incoming,topic,lstm,val_accuracy,,8,,,42,,,,,,,,,,,,,,,,,,,,0.9987797141075134,,,
training_history,20260818T204035Z_github-32183473018,0,incoming,topic,lstm,val_loss,,1,,,42,,,,,,,,,,,,,,,,,,,,0.4030773639678955,,,
training_history,20260818T204035Z_github-32183473018,0,incoming,topic,lstm,val_loss,,2,,,42,,,,,,,,,,,,,,,,,,,,0.10769441723823547,,,
training_history,20260818T204035Z_github-32183473018,0,incoming,topic,lstm,val_loss,,3,,,42,,,,,,,,,,,,,,,,,,,,0.008517893962562084,,,
training_history,20260818T204035Z_github-32183473018,0,incoming,topic,lstm,val_loss,,4,,,42,,,,,,,,,,,,,,,,,,,,0.013403534889221191,,,
training_history,20260818T204035Z_github-32183473018,0,incoming,topic,lstm,val_loss,,5,,,42,,,,,,,,,,,,,,,,,,,,0.002393295057117939,,,
training_history,20260818T204035Z_github-32183473018,0,incoming,topic,lstm,val_loss,,6,,,42,,,,,,,,,,,,,,,,,,,,0.006691139191389084,,,
training_history,20260818T204035Z_github-32183473018,0,incoming,topic,lstm,val_loss,,7,,,42,,,,,,,,,,,,,,,,,,,,0.01501072570681572,,,
training_history,20260818T204035Z_github-32183473018,0,incoming,topic,lstm,val_loss,,8,,,42,,,,,,,,,,,,,,,,,,,,0.004033596720546484,,,
confusion_matrix,20260818T204035Z_github-32183473018,0,incoming,sentiment,lstm,,,,negative,negative,,,,,,,,,,,,,,,,,,,,,655,,,
confusion_matrix,20260818T204035Z_github-32183473018,0,incoming,sentiment,lstm,,,,negative,neutral,,,,,,,,,,,,,,,,,,,,,35,,,
confusion_matrix,20260818T204035Z_github-32183473018,0,incoming,sentiment,lstm,,,,negative,positive,,,,,,,,,,,,,,,,,,,,,10,,,
confusion_matrix,20260818T204035Z_github-32183473018,0,incoming,sentiment,lstm,,,,neutral,negative,,,,,,,,,,,,,,,,,,,,,90,,,
confusion_matrix,20260818T204035Z_github-32183473018,0,incoming,sentiment,lstm,,,,neutral,neutral,,,,,,,,,,,,,,,,,,,,,608,,,
confusion_matrix,20260818T204035Z_github-32183473018,0,incoming,sentiment,lstm,,,,neutral,positive,,,,,,,,,,,,,,,,,,,,,2,,,
confusion_matrix,20260818T204035Z_github-32183473018,0,incoming,sentiment,lstm,,,,positive,negative,,,,,,,,,,,,,,,,,,,,,291,,,
confusion_matrix,20260818T204035Z_github-32183473018,0,incoming,sentiment,lstm,,,,positive,neutral,,,,,,,,,,,,,,,,,,,,,34,,,
confusion_matrix,20260818T204035Z_github-32183473018,0,incoming,sentiment,lstm,,,,positive,positive,,,,,,,,,,,,,,,,,,,,,375,,,
confusion_matrix,20260818T204035Z_github-32183473018,0,incoming,topic,lstm,,,,refrigerator,refrigerator,,,,,,,,,,,,,,,,,,,,,427,,,
confusion_matrix,20260818T204035Z_github-32183473018,0,incoming,topic,lstm,,,,refrigerator,smartphone,,,,,,,,,,,,,,,,,,,,,9,,,
confusion_matrix,20260818T204035Z_github-32183473018,0,incoming,topic,lstm,,,,refrigerator,television,,,,,,,,,,,,,,,,,,,,,30,,,
confusion_matrix,20260818T204035Z_github-32183473018,0,incoming,topic,lstm,,,,refrigerator,washing_machine,,,,,,,,,,,,,,,,,,,,,59,,,
confusion_matrix,20260818T204035Z_github-32183473018,0,incoming,topic,lstm,,,,smartphone,refrigerator,,,,,,,,,,,,,,,,,,,,,112,,,
confusion_matrix,20260818T204035Z_github-32183473018,0,incoming,topic,lstm,,,,smartphone,smartphone,,,,,,,,,,,,,,,,,,,,,329,,,
confusion_matrix,20260818T204035Z_github-32183473018,0,incoming,topic,lstm,,,,smartphone,television,,,,,,,,,,,,,,,,,,,,,33,,,
confusion_matrix,20260818T204035Z_github-32183473018,0,incoming,topic,lstm,,,,smartphone,washing_machine,,,,,,,,,,,,,,,,,,,,,51,,,
confusion_matrix,20260818T204035Z_github-32183473018,0,incoming,topic,lstm,,,,television,refrigerator,,,,,,,,,,,,,,,,,,,,,100,,,
confusion_matrix,20260818T204035Z_github-32183473018,0,incoming,topic,lstm,,,,television,smartphone,,,,,,,,,,,,,,,,,,,,,13,,,
confusion_matrix,20260818T204035Z_github-32183473018,0,incoming,topic,lstm,,,,television,television,,,,,,,,,,,,,,,,,,,,,322,,,
confusion_matrix,20260818T204035Z_github-32183473018,0,incoming,topic,lstm,,,,television,washing_machine,,,,,,,,,,,,,,,,,,,,,90,,,
confusion_matrix,20260818T204035Z_github-32183473018,0,incoming,topic,lstm,,,,washing_machine,refrigerator,,,,,,,,,,,,,,,,,,,,,168,,,
confusion_matrix,20260818T204035Z_github-32183473018,0,incoming,topic,lstm,,,,washing_machine,smartphone,,,,,,,,,,,,,,,,,,,,,26,,,
confusion_matrix,20260818T204035Z_github-32183473018,0,incoming,topic,lstm,,,,washing_machine,television,,,,,,,,,,,,,,,,,,,,,6,,,
confusion_matrix,20260818T204035Z_github-32183473018,0,incoming,topic,lstm,,,,washing_machine,washing_machine,,,,,,,,,,,,,,,,,,,,,325,,,
benchmark_metric,20260818T204035Z_github-32183473018,0,synthetic_benchmark,sentiment,lstm,accuracy,,,,,,,,,,,,,,,,,,,,,,,,,0.7870370370370371,1620,,
benchmark_metric,20260818T204035Z_github-32183473018,0,synthetic_benchmark,sentiment,lstm,brier_score,,,,,,,,,,,,,,,,,,,,,,,,,0.3617053635996178,1620,,
benchmark_metric,20260818T204035Z_github-32183473018,0,synthetic_benchmark,sentiment,lstm,expected_calibration_error,,,,,,,,,,,,,,,,,,,,,,,,,0.15665188456274626,1620,,
benchmark_metric,20260818T204035Z_github-32183473018,0,synthetic_benchmark,sentiment,lstm,log_loss,,,,,,,,,,,,,,,,,,,,,,,,,1.0505246797536782,1620,,
benchmark_metric,20260818T204035Z_github-32183473018,0,synthetic_benchmark,sentiment,lstm,macro_f1,,,,,,,,,,,,,,,,,,,,,,,,,0.7842873309163663,1620,,
benchmark_metric,20260818T204035Z_github-32183473018,0,synthetic_benchmark,sentiment,lstm,precision_macro,,,,,,,,,,,,,,,,,,,,,,,,,0.8364885678337455,1620,,
benchmark_metric,20260818T204035Z_github-32183473018,0,synthetic_benchmark,sentiment,lstm,recall_macro,,,,,,,,,,,,,,,,,,,,,,,,,0.7870370370370371,1620,,
benchmark_metric,20260818T204035Z_github-32183473018,0,synthetic_benchmark,sentiment,lstm,weighted_f1,,,,,,,,,,,,,,,,,,,,,,,,,0.7842873309163663,1620,,
confusion_matrix,20260818T204035Z_github-32183473018,0,synthetic_benchmark,sentiment,lstm,,,,negative,negative,,,,,,,,,,,,,,,,,,,,,504,,,
confusion_matrix,20260818T204035Z_github-32183473018,0,synthetic_benchmark,sentiment,lstm,,,,negative,neutral,,,,,,,,,,,,,,,,,,,,,28,,,
confusion_matrix,20260818T204035Z_github-32183473018,0,synthetic_benchmark,sentiment,lstm,,,,negative,positive,,,,,,,,,,,,,,,,,,,,,8,,,
confusion_matrix,20260818T204035Z_github-32183473018,0,synthetic_benchmark,sentiment,lstm,,,,neutral,negative,,,,,,,,,,,,,,,,,,,,,69,,,
confusion_matrix,20260818T204035Z_github-32183473018,0,synthetic_benchmark,sentiment,lstm,,,,neutral,neutral,,,,,,,,,,,,,,,,,,,,,469,,,
confusion_matrix,20260818T204035Z_github-32183473018,0,synthetic_benchmark,sentiment,lstm,,,,neutral,positive,,,,,,,,,,,,,,,,,,,,,2,,,
confusion_matrix,20260818T204035Z_github-32183473018,0,synthetic_benchmark,sentiment,lstm,,,,positive,negative,,,,,,,,,,,,,,,,,,,,,215,,,
confusion_matrix,20260818T204035Z_github-32183473018,0,synthetic_benchmark,sentiment,lstm,,,,positive,neutral,,,,,,,,,,,,,,,,,,,,,23,,,
confusion_matrix,20260818T204035Z_github-32183473018,0,synthetic_benchmark,sentiment,lstm,,,,positive,positive,,,,,,,,,,,,,,,,,,,,,302,,,
benchmark_metric,20260818T204035Z_github-32183473018,0,synthetic_benchmark,topic,lstm,accuracy,,,,,,,,,,,,,,,,,,,,,,,,,0.6697530864197531,1620,,
benchmark_metric,20260818T204035Z_github-32183473018,0,synthetic_benchmark,topic,lstm,brier_score,,,,,,,,,,,,,,,,,,,,,,,,,0.5625213573266026,1620,,
benchmark_metric,20260818T204035Z_github-32183473018,0,synthetic_benchmark,topic,lstm,expected_calibration_error,,,,,,,,,,,,,,,,,,,,,,,,,0.23076542851414306,1620,,
benchmark_metric,20260818T204035Z_github-32183473018,0,synthetic_benchmark,topic,lstm,log_loss,,,,,,,,,,,,,,,,,,,,,,,,,1.9133543128188761,1620,,
benchmark_metric,20260818T204035Z_github-32183473018,0,synthetic_benchmark,topic,lstm,macro_f1,,,,,,,,,,,,,,,,,,,,,,,,,0.6750248964986281,1620,,
benchmark_metric,20260818T204035Z_github-32183473018,0,synthetic_benchmark,topic,lstm,precision_macro,,,,,,,,,,,,,,,,,,,,,,,,,0.7138810338309372,1620,,
benchmark_metric,20260818T204035Z_github-32183473018,0,synthetic_benchmark,topic,lstm,recall_macro,,,,,,,,,,,,,,,,,,,,,,,,,0.6697530864197531,1620,,
benchmark_metric,20260818T204035Z_github-32183473018,0,synthetic_benchmark,topic,lstm,weighted_f1,,,,,,,,,,,,,,,,,,,,,,,,,0.675024896498628,1620,,
confusion_matrix,20260818T204035Z_github-32183473018,0,synthetic_benchmark,topic,lstm,,,,refrigerator,refrigerator,,,,,,,,,,,,,,,,,,,,,329,,,
confusion_matrix,20260818T204035Z_github-32183473018,0,synthetic_benchmark,topic,lstm,,,,refrigerator,smartphone,,,,,,,,,,,,,,,,,,,,,5,,,
confusion_matrix,20260818T204035Z_github-32183473018,0,synthetic_benchmark,topic,lstm,,,,refrigerator,television,,,,,,,,,,,,,,,,,,,,,25,,,
confusion_matrix,20260818T204035Z_github-32183473018,0,synthetic_benchmark,topic,lstm,,,,refrigerator,washing_machine,,,,,,,,,,,,,,,,,,,,,46,,,
confusion_matrix,20260818T204035Z_github-32183473018,0,synthetic_benchmark,topic,lstm,,,,smartphone,refrigerator,,,,,,,,,,,,,,,,,,,,,87,,,
confusion_matrix,20260818T204035Z_github-32183473018,0,synthetic_benchmark,topic,lstm,,,,smartphone,smartphone,,,,,,,,,,,,,,,,,,,,,252,,,
confusion_matrix,20260818T204035Z_github-32183473018,0,synthetic_benchmark,topic,lstm,,,,smartphone,television,,,,,,,,,,,,,,,,,,,,,27,,,
confusion_matrix,20260818T204035Z_github-32183473018,0,synthetic_benchmark,topic,lstm,,,,smartphone,washing_machine,,,,,,,,,,,,,,,,,,,,,39,,,
confusion_matrix,20260818T204035Z_github-32183473018,0,synthetic_benchmark,topic,lstm,,,,television,refrigerator,,,,,,,,,,,,,,,,,,,,,81,,,
confusion_matrix,20260818T204035Z_github-32183473018,0,synthetic_benchmark,topic,lstm,,,,television,smartphone,,,,,,,,,,,,,,,,,,,,,11,,,
confusion_matrix,20260818T204035Z_github-32183473018,0,synthetic_benchmark,topic,lstm,,,,television,television,,,,,,,,,,,,,,,,,,,,,249,,,
confusion_matrix,20260818T204035Z_github-32183473018,0,synthetic_benchmark,topic,lstm,,,,television,washing_machine,,,,,,,,,,,,,,,,,,,,,64,,,
confusion_matrix,20260818T204035Z_github-32183473018,0,synthetic_benchmark,topic,lstm,,,,washing_machine,refrigerator,,,,,,,,,,,,,,,,,,,,,128,,,
confusion_matrix,20260818T204035Z_github-32183473018,0,synthetic_benchmark,topic,lstm,,,,washing_machine,smartphone,,,,,,,,,,,,,,,,,,,,,17,,,
confusion_matrix,20260818T204035Z_github-32183473018,0,synthetic_benchmark,topic,lstm,,,,washing_machine,television,,,,,,,,,,,,,,,,,,,,,5,,,
confusion_matrix,20260818T204035Z_github-32183473018,0,synthetic_benchmark,topic,lstm,,,,washing_machine,washing_machine,,,,,,,,,,,,,,,,,,,,,255,,,
external_metric,20260818T204035Z_github-32183473018,0,uci_amazon,sentiment,lstm,accuracy,,,,,,,,,,,,,,,,,,,,,,,,,0.332,1000,,
external_metric,20260818T204035Z_github-32183473018,0,uci_amazon,sentiment,lstm,brier_score,,,,,,,,,,,,,,,,,,,,,,,,,0.876271665464789,1000,,
external_metric,20260818T204035Z_github-32183473018,0,uci_amazon,sentiment,lstm,expected_calibration_error,,,,,,,,,,,,,,,,,,,,,,,,,0.32966130029034324,1000,,
external_metric,20260818T204035Z_github-32183473018,0,uci_amazon,sentiment,lstm,log_loss,,,,,,,,,,,,,,,,,,,,,,,,,1.7157884483316854,1000,,
external_metric,20260818T204035Z_github-32183473018,0,uci_amazon,sentiment,lstm,neutral_prediction_rate,,,,,,,,,,,,,,,,,,,,,,,,,0.47,1000,,
external_metric,20260818T204035Z_github-32183473018,0,uci_amazon,sentiment,lstm,source_macro_f1,,,,,,,,,,,,,,,,,,,,,,,,,0.43197981859449447,1000,,
external_metric,20260818T204035Z_github-32183473018,0,uci_amazon,sentiment,lstm,source_precision_macro,,,,,,,,,,,,,,,,,,,,,,,,,0.6429554355880174,1000,,
external_metric,20260818T204035Z_github-32183473018,0,uci_amazon,sentiment,lstm,source_recall_macro,,,,,,,,,,,,,,,,,,,,,,,,,0.33199999999999996,1000,,
external_class_metric,20260818T204035Z_github-32183473018,0,uci_amazon,sentiment,lstm,f1,expected_class,negative,,,,,,,,,,,,,,,,,,,,,,,0.4559710494571773,500,,
external_class_metric,20260818T204035Z_github-32183473018,0,uci_amazon,sentiment,lstm,precision,expected_class,negative,,,,,,,,,,,,,,,,,,,,,,,0.574468085106383,500,,
external_class_metric,20260818T204035Z_github-32183473018,0,uci_amazon,sentiment,lstm,recall,expected_class,negative,,,,,,,,,,,,,,,,,,,,,,,0.378,500,,
external_class_metric,20260818T204035Z_github-32183473018,0,uci_amazon,sentiment,lstm,support,expected_class,negative,,,,,,,,,,,,,,,,,,,,,,,500,500,,
external_class_metric,20260818T204035Z_github-32183473018,0,uci_amazon,sentiment,lstm,f1,expected_class,positive,,,,,,,,,,,,,,,,,,,,,,,0.4079885877318116,500,,
external_class_metric,20260818T204035Z_github-32183473018,0,uci_amazon,sentiment,lstm,precision,expected_class,positive,,,,,,,,,,,,,,,,,,,,,,,0.7114427860696517,500,,
external_class_metric,20260818T204035Z_github-32183473018,0,uci_amazon,sentiment,lstm,recall,expected_class,positive,,,,,,,,,,,,,,,,,,,,,,,0.286,500,,
external_class_metric,20260818T204035Z_github-32183473018,0,uci_amazon,sentiment,lstm,support,expected_class,positive,,,,,,,,,,,,,,,,,,,,,,,500,500,,
confusion_matrix,20260818T204035Z_github-32183473018,0,uci_amazon,sentiment,lstm,,,,negative,negative,,,,,,,,,,,,,,,,,,,,,189,,,
confusion_matrix,20260818T204035Z_github-32183473018,0,uci_amazon,sentiment,lstm,,,,negative,neutral,,,,,,,,,,,,,,,,,,,,,253,,,
confusion_matrix,20260818T204035Z_github-32183473018,0,uci_amazon,sentiment,lstm,,,,negative,positive,,,,,,,,,,,,,,,,,,,,,58,,,
confusion_matrix,20260818T204035Z_github-32183473018,0,uci_amazon,sentiment,lstm,,,,positive,negative,,,,,,,,,,,,,,,,,,,,,140,,,
confusion_matrix,20260818T204035Z_github-32183473018,0,uci_amazon,sentiment,lstm,,,,positive,neutral,,,,,,,,,,,,,,,,,,,,,217,,,
confusion_matrix,20260818T204035Z_github-32183473018,0,uci_amazon,sentiment,lstm,,,,positive,positive,,,,,,,,,,,,,,,,,,,,,143,,,
prediction_record,20260818T204035Z_github-32183473018,0,incoming,,,,,,,,,12001,"Under a representative operating profile, after using it for work and at home, I noticed that the spin program on this front-loading washer has not given me trouble. the behavior persisted across several attempts. it has earned my confidence. Damn, I did not expect this part to be this solid. Honestly 🤷",positive,positive,0.9998377561569214,True,washing_machine,washing_machine,0.9996602535247803,True,technical,1,1,0,0,long,0,1,noticed,,,,
prediction_record,20260818T204035Z_github-32183473018,0,incoming,,,,,,,,,12002,"outside my normal routine, i noticed that the inside lighting on this kitchen fridge is difficult to trust. i noticed the change only in the new situation. the damn thing keeps getting in the way.",negative,negative,0.9995883107185364,True,refrigerator,refrigerator,0.9889055490493774,True,informal,1,0,0,0,long,0,0,noticed,,,,
prediction_record,20260818T204035Z_github-32183473018,0,incoming,,,,,,,,,12003,"fr, my main impression of this daily driver comes from the network reception: it has stayed dependable after a few weeks of mixed use. for my use case, this is a keeper. Honestly 🙃",positive,negative,0.9909191131591797,False,smartphone,smartphone,0.9995993971824646,True,standard,0,1,0,1,long,0,0,main_impression,,,,
prediction_record,20260818T204035Z_github-32183473018,0,incoming,,,,,,,,,12004,"After repeated use under comparable conditions, the rinse program is what stood out after using it for work and at home; it continues to work without drama. I noticed the change only in the new situation. I plan to keep using it.",positive,positive,0.9302158355712891,True,washing_machine,washing_machine,0.35144513845443726,True,technical,0,0,0,0,long,0,0,stood_out,,,,
prediction_record,20260818T204035Z_github-32183473018,0,incoming,,,,,,,,,12005,"after taking it on a trip, i noticed that the battery life on this work phone keeps acting up. i repeated the check before writing this. this shit should not be happening in normal use.",negative,negative,0.9999710321426392,True,smartphone,smartphone,0.9995713829994202,True,informal,1,0,0,0,long,0,1,noticed,,,,
prediction_record,20260818T204035Z_github-32183473018,0,incoming,,,,,,,,,12006,"After taking it on a trip, I noticed that the door latch on this laundry unit holds up better than expected. the difference became clearer after a few more days. it has earned my confidence. The damn thing surprised me in a good way.",positive,positive,0.9998502731323242,True,washing_machine,smartphone,0.4102989435195923,False,advanced,1,0,0,0,long,0,0,noticed,,,,
prediction_record,20260818T204035Z_github-32183473018,0,incoming,,,,,,,,,12007,"honestly tho, the ice system is what stood out after changing a few settings; it feels dependable in daily use. a second check gave me the same result.",positive,neutral,0.5024067163467407,False,refrigerator,television,0.9995961785316467,False,standard,0,0,0,1,medium,0,0,stood_out,,,,
prediction_record,20260818T204035Z_github-32183473018,0,incoming,,,,,,,,,12008,"After using it for work and at home, I noticed that the ice system on this refrigeration unit continues to work without drama. a second check gave me the same result. The freezer compartment tells a different story because it has been a disappointment.",positive,negative,0.9939593076705933,False,refrigerator,washing_machine,0.9995947480201721,False,advanced,0,0,0,0,long,1,0,noticed,,,,
prediction_record,20260818T204035Z_github-32183473018,0,incoming,,,,,,,,,12009,my main impression of this pocket device comes from the battery life: it is fine for what it is after a few weeks of mixed use. i tried the same thing again later and got a similar result.,neutral,neutral,0.9999287128448486,True,smartphone,smartphone,0.9996035695075989,True,informal,0,0,0,0,long,0,1,main_impression,,,,
prediction_record,20260818T204035Z_github-32183473018,0,incoming,,,,,,,,,12010,"Across repeated observations, i have been using this food cooler after changing a few settings, and the cooling motor has been a pleasant surprise. I noticed the change only in the new situation.",positive,positive,0.5343290567398071,True,refrigerator,refrigerator,0.9883956909179688,True,technical,0,0,0,0,medium,0,0,using,,,,
prediction_record,20260818T204035Z_github-32183473018,0,incoming,,,,,,,,,12011,"After taking it on a trip, the fingerprint reader holds up ebtter than expected. a second check gave me the same result.",positive,negative,0.9599402546882629,False,smartphone,refrigerator,0.8781473636627197,False,advanced,0,0,1,0,medium,0,0,context_component,,,,
prediction_record,20260818T204035Z_github-32183473018,0,incoming,,,,,,,,,12012,"after coming to it after a few days, i noticed that the network reception on this mobile is difficult to trust. i repeated the check before writing this.",negative,negative,0.6693368554115295,True,smartphone,smartphone,0.9994944334030151,True,limited,0,0,0,0,medium,0,0,noticed,,,,
prediction_record,20260818T204035Z_github-32183473018,0,incoming,,,,,,,,,12013,"i did not pay much attention to the rear camera at first, but during a heavier-than-usual day it still performs consistently. i noticed the change only in the new situation.",positive,positive,0.999728262424469,True,smartphone,smartphone,0.999582827091217,True,informal,0,0,0,0,medium,0,0,attention,,,,
prediction_record,20260818T204035Z_github-32183473018,0,incoming,,,,,,,,,12014,"Across repeated observations, my main impression of this machine comes from the soap tray: it has become increasingly unreliable after taking it on a trip. this was different from my first impression. I would not rely on it. This is damn annoying.",negative,negative,0.9999914169311523,True,washing_machine,refrigerator,0.9930747747421265,False,technical,1,0,0,0,long,0,1,main_impression,,,,
prediction_record,20260818T204035Z_github-32183473018,0,incoming,,,,,,,,,12015,"Across repeated observations, i did not pay much attention to the rinse program at first, but after coming back to it after a few days it works well even outside my usual routine. the difference became clearer after a few more days.",positive,positive,0.9722198843955994,True,washing_machine,washing_machine,0.4358135461807251,True,technical,0,0,0,0,long,0,0,attention,,,,
prediction_record,20260818T204035Z_github-32183473018,0,incoming,,,,,,,,,12016,"The network reception is what stood out after taking it on a trip; it does the job. I tried the same thing again later and got a similar result. I can live with it. It is not amazing, but it is not bullshit either. kinda wild.",neutral,neutral,0.9999397993087769,True,smartphone,smartphone,0.9996788501739502,True,standard,1,0,0,1,long,0,0,stood_out,,,,
prediction_record,20260818T204035Z_github-32183473018,0,incoming,,,,,,,,,12017,"Under a representative operating profile, real talk, the soap tray is what stood out outside my normal routine; it feels dependable in daily use. the difference became clearer after a few more days.",positive,neutral,0.7395959496498108,False,washing_machine,refrigerator,0.993385374546051,False,technical,0,0,0,1,medium,0,1,stood_out,,,,
prediction_record,20260818T204035Z_github-32183473018,0,incoming,,,,,,,,,12018,"Under a representative operating profile, after a few weeks of mixed use, I noticed that the touch panel on this new phone fails in normal use. the behavior persisted across several attempts.",negative,negative,0.9997615218162537,True,smartphone,smartphone,0.9641991853713989,True,technical,0,0,0,0,medium,0,0,noticed,,,,
prediction_record,20260818T204035Z_github-32183473018,0,incoming,,,,,,,,,12019,"my main impression of this kitchen fridge comes from the shelf layout: it has not changed my opinion much after changing a few settings. the behavior persisted across several attempts. honestly, the damn thing is just average.",neutral,neutral,0.6392560601234436,True,refrigerator,refrigerator,0.998528003692627,True,informal,1,0,0,0,long,0,1,main_impression,,,,
prediction_record,20260818T204035Z_github-32183473018,0,incoming,,,,,,,,,12020,"I did not pay much attention to the picture quality at first, but after using it for work and at home it is acceptable but unremarkable.",neutral,neutral,0.9533491730690002,True,television,washing_machine,0.5240474343299866,False,standard,0,0,0,0,medium,0,0,attention,,,,
prediction_record,20260818T204035Z_github-32183473018,0,incoming,,,,,,,,,12021,"After repeated use under comparable conditions, the sports motion is what stood out during a heavier-than-usual day; it has been a pleasant surprise.",positive,positive,0.8164858222007751,True,television,television,0.9996131062507629,True,technical,0,0,0,0,medium,0,0,stood_out,,,,
prediction_record,20260818T204035Z_github-32183473018,0,incoming,,,,,,,,,12022,"I did not pay much attention to the earpiece at first, but outside my normal routine it is difficult to trust. the difference became clearer after a few more days.",negative,negative,0.6300597190856934,True,smartphone,refrigerator,0.4621356129646301,False,standard,0,0,0,0,medium,0,1,attention,,,,
prediction_record,20260818T204035Z_github-32183473018,0,incoming,,,,,,,,,12023,"during a heavier-than-usual day, the interface has not changed my opinion much. i tried the same thing again later and got a similar result.",neutral,negative,0.8348071575164795,False,television,refrigerator,0.8344404101371765,False,informal,0,0,0,0,medium,0,0,context_component,,,,
prediction_record,20260818T204035Z_github-32183473018,0,incoming,,,,,,,,,12024,"I did not pay much attention to the wireless connectino at first, but after taking it on a trip it still performs consistently. the difference became clearer after a few more days. I plan to keep useing it. I expected some crap here, but it has actually held up.",positive,positive,0.9998687505722046,True,television,refrigerator,0.9638051390647888,False,standard,1,0,1,0,long,0,0,attention,,,,
prediction_record,20260818T204035Z_github-32183473018,0,incoming,,,,,,,,,12025,The door warning is what stood out outside my normal routine; it feels ordinary after more use. it is adequate for now.,neutral,neutral,0.999544084072113,True,refrigerator,refrigerator,0.9247651696205139,True,advanced,0,0,0,0,medium,0,0,stood_out,,,,
prediction_record,20260818T204035Z_github-32183473018,0,incoming,,,,,,,,,12026,"I have been using this cell phone outside my normal routine, and the touch panel feels ordinary after more use.",neutral,neutral,0.9241862893104553,True,smartphone,smartphone,0.9993295669555664,True,advanced,0,0,0,0,medium,0,0,using,,,,
prediction_record,20260818T204035Z_github-32183473018,0,incoming,,,,,,,,,12027,"lowkey, my main impression of this cell phone comes from the battery life: it keeps getting in the way after taking it on a trip. this needs to improve.",negative,negative,0.9999819993972778,True,smartphone,smartphone,0.9996528625488281,True,advanced,0,0,0,1,medium,0,1,main_impression,,,,
prediction_record,20260818T204035Z_github-32183473018,0,incoming,,,,,,,,,12028,"I did not pay much attention to the picture quality at first, but when someone else in the house used it it remains basically average. I do not feel strongly either way. 🤷",neutral,neutral,0.9999040365219116,True,television,smartphone,0.6572533249855042,False,standard,0,1,0,0,medium,0,0,attention,,,,
prediction_record,20260818T204035Z_github-32183473018,0,incoming,,,,,,,,,12029,"I have been using this living room display after taking it on a trip, and the sports motion is neither impressive nor bad. I tried the same thing again later and got a similar result.",neutral,neutral,0.9999033212661743,True,television,television,0.9996283054351807,True,advanced,0,0,0,0,long,0,1,using,,,,
prediction_record,20260818T204035Z_github-32183473018,0,incoming,,,,,,,,,12030,the thermostat is what stood out after using it for work and at home; it holds up better than expected. i tried the same thing again later and got a similar result.,positive,positive,0.9985321760177612,True,refrigerator,refrigerator,0.41300228238105774,True,informal,0,0,0,0,medium,0,0,stood_out,,,,
prediction_record,20260818T204035Z_github-32183473018,0,incoming,,,,,,,,,12031,"imo, i did not pay much attention to the sports motion at first, but after changing a few settings it works normally. i repeated the check before writing this.",neutral,negative,0.5796042084693909,False,television,television,0.9996029734611511,True,limited,0,0,0,1,medium,0,0,attention,,,,
prediction_record,20260818T204035Z_github-32183473018,0,incoming,,,,,,,,,12032,"I have been using this new phone outside my normal routine, and the earpiece is acceptable but unremarkable. I noticed the change only in the new situation.",neutral,neutral,0.9801310896873474,True,smartphone,smartphone,0.9995660185813904,True,advanced,0,0,0,0,medium,0,0,using,,,,
prediction_record,20260818T204035Z_github-32183473018,0,incoming,,,,,,,,,12033,"I did not pay much attention to the gasket at first, but when someone else in the house used it it has stayed dependable. I tried the same thing again later and got a similar result.",positive,negative,0.9592220783233643,False,refrigerator,refrigerator,0.9583984017372131,True,standard,0,0,0,0,long,0,0,attention,,,,
prediction_record,20260818T204035Z_github-32183473018,0,incoming,,,,,,,,,12034,The interface is what stood out after using it for work and at home; it continues to work without drama. lol.,positive,neutral,0.636833906173706,False,television,refrigerator,0.7151174545288086,False,advanced,0,0,0,1,medium,0,0,stood_out,,,,
prediction_record,20260818T204035Z_github-32183473018,0,incoming,,,,,,,,,12035,"after coming back to it after a few days, i noticed that the ice system on this main fridge still performs consistently. someone else in the house noticed it too. i expected some crap here, but it has actually held up.",positive,positive,0.9998617172241211,True,refrigerator,washing_machine,0.9519554972648621,False,informal,1,0,0,0,long,0,0,noticed,,,,
prediction_record,20260818T204035Z_github-32183473018,0,incoming,,,,,,,,,12036,"my main impression of this living room display comes from the interface: it works normally during a heavier-than-usual day. i repeated the check before rwiting this. i would neither recommend it nor warn people away. honestly, the damn thing is just average.",neutral,neutral,0.9999558925628662,True,television,television,0.999666690826416,True,informal,1,0,1,0,long,0,0,main_impression,,,,
prediction_record,20260818T204035Z_github-32183473018,0,incoming,,,,,,,,,12037,"Under a representative operating profile, fr, after a few weeks of mixed use, I noticed that the wireless connection on this TV set is difficult to trust. I tried the same thing again later and got a similar result.",negative,negative,0.5488146543502808,True,television,television,0.999476969242096,True,technical,0,0,0,1,long,0,0,noticed,,,,
prediction_record,20260818T204035Z_github-32183473018,0,incoming,,,,,,,,,12038,"I have been using this food cooler outside my normal routine, and the thermostat feels ordinary after more use. someone else in the house noticed it too. I can live with it.",neutral,neutral,0.9996585845947266,True,refrigerator,refrigerator,0.9244608879089355,True,advanced,0,0,0,0,medium,0,0,using,,,,
prediction_record,20260818T204035Z_github-32183473018,0,incoming,,,,,,,,,12039,"After coming back to it after a few days, I noticed that the inside lighting on this food cooler remains basically average. I tried the same thing again later and got a similar result.",neutral,neutral,0.9998857975006104,True,refrigerator,refrigerator,0.9062982797622681,True,standard,0,0,0,0,long,0,0,noticed,,,,
prediction_record,20260818T204035Z_github-32183473018,0,incoming,,,,,,,,,12040,"I did not pay much attention to the USB port at first, but after taking it on a trip it is fine for what it is. this was different from my first impression. I can live with it. The damn thing is basically fine.",neutral,neutral,0.9999620914459229,True,smartphone,smartphone,0.9996368885040283,True,standard,1,0,0,0,long,0,0,attention,,,,
prediction_record,20260818T204035Z_github-32183473018,0,incoming,,,,,,,,,12041,my main impression of this video panel comes from the picture quality: it keeps getting in the way when someone else in the house used it. a second check gave me same result.,negative,negative,0.9999722242355347,True,television,washing_machine,0.999489426612854,False,limited,0,0,0,0,medium,0,1,main_impression,,,,
prediction_record,20260818T204035Z_github-32183473018,0,incoming,,,,,,,,,12042,"not gonna lie, the vibration is what stood out outside my normal routine; it does the job. someone else in the house noticed it too.",neutral,neutral,0.8977513313293457,True,washing_machine,refrigerator,0.9449855089187622,False,advanced,0,0,0,1,medium,0,0,stood_out,,,,
prediction_record,20260818T204035Z_github-32183473018,0,incoming,,,,,,,,,12043,"From a practical reliability standpoint, i have been using this cell phone after a few weeks of mixed use, and the call quality holds up better than expected. Honestly 👍",positive,positive,0.979330837726593,True,smartphone,smartphone,0.9996368885040283,True,technical,0,1,0,0,medium,0,0,using,,,,
prediction_record,20260818T204035Z_github-32183473018,0,incoming,,,,,,,,,12044,"From a practical reliability standpoint, my main impression of this front-loading washer comes from the rinse progrma: it has not given me trouble after coming back to it fater a few days. I repeated the check before writing this. overall I am happy with it.",positive,negative,0.9999555349349976,False,washing_machine,washing_machine,0.9996364116668701,True,technical,0,0,1,0,long,0,0,main_impression,,,,
prediction_record,20260818T204035Z_github-32183473018,0,incoming,,,,,,,,,12045,my main impression of this new refrigerator comes from the shelf layout: it is neither impressive nor bad during a heavier-than-usual day. i can live with it.,neutral,neutral,0.9995129108428955,True,refrigerator,refrigerator,0.9981114864349365,True,informal,0,0,0,0,medium,0,0,main_impression,,,,
prediction_record,20260818T204035Z_github-32183473018,0,incoming,,,,,,,,,12046,"the panel lighting is what stood out during a heavier-than-usual day; it feels dependable in daily use. someone else in the house noticed it too. no bullshit, this has been one of the better parts of the product.",positive,positive,0.9626862406730652,True,television,washing_machine,0.9994910955429077,False,informal,1,0,0,0,long,0,1,stood_out,,,,
prediction_record,20260818T204035Z_github-32183473018,0,incoming,,,,,,,,,12047,"fr, my main impression of this kitchen fridge comes from the freezre compartment: it works well even outside my usual routine during a heavier-than-usual day. I would buy it again.",positive,positive,0.9991036057472229,True,refrigerator,refrigerator,0.9973133206367493,True,advanced,0,0,1,1,medium,0,0,main_impression,,,,
prediction_record,20260818T204035Z_github-32183473018,0,incoming,,,,,,,,,12048,"From a practical reliability standpoint, i have been using this new refrigerator after coming back to it after a few days, and the ice system continues to work without drama. I tried the same thing again later and got a similar result. I would buy it again. Damn, I did not expect this part to be this solid. 😂",positive,negative,0.9997753500938416,False,refrigerator,washing_machine,0.9996106028556824,False,technical,1,1,0,0,long,0,0,using,,,,
prediction_record,20260818T204035Z_github-32183473018,0,incoming,,,,,,,,,12049,"during a heavier-than-usual day, i noticed that the vibration this front-loading washer is difficult to turst.",negative,negative,0.6268739700317383,True,washing_machine,washing_machine,0.8933735489845276,True,limited,0,0,1,0,medium,0,0,noticed,,,,
prediction_record,20260818T204035Z_github-32183473018,0,incoming,,,,,,,,,12050,"after a few weeks of mixed use, the door latch is fine for what it is. repeated the check before writing this. on the other hand, the wash drum continues to work without drama, which makes the overall ipcture more mixed.",neutral,neutral,0.999884843826294,True,washing_machine,washing_machine,0.8194636106491089,True,limited,0,0,1,0,long,1,0,context_component,,,,
prediction_record,20260818T204035Z_github-32183473018,0,incoming,,,,,,,,,12051,"Across repeated observations, when someone else in the house used it, the battery life does the job. the difference became clearer after a few more days. Honestly 👍",neutral,neutral,0.9994444251060486,True,smartphone,smartphone,0.9996199607849121,True,technical,0,1,0,0,medium,0,0,context_component,,,,
prediction_record,20260818T204035Z_github-32183473018,0,incoming,,,,,,,,,12052,"I did not pay much attention to the cycle controls at first, but after changing a few settings it has been a disappointment. a second check gave me the same result. I would hesitate to buy it again. The damn thing keeps getting in the way.",negative,negative,0.9999752044677734,True,washing_machine,smartphone,0.5229367613792419,False,standard,1,0,0,0,long,0,0,attention,,,,
prediction_record,20260818T204035Z_github-32183473018,0,incoming,,,,,,,,,12053,The wash drum is what stood out after a few weeks of mixed use; it has turned into a recurring problem. the behavior persisted across several attempts.,negative,negative,0.8937787413597107,True,washing_machine,washing_machine,0.9995823502540588,True,advanced,0,0,0,0,medium,0,1,stood_out,,,,
prediction_record,20260818T204035Z_github-32183473018,0,incoming,,,,,,,,,12054,"From a practical reliability standpoint, during a heavier-than-usual day, I noticed that the interface on this screen unit fails in normal use. this was different from my first impression. I would hesitate to buy it again. This is damn annoying. Honestly 🤷",negative,negative,0.9999868869781494,True,television,television,0.9996480941772461,True,technical,1,1,0,0,long,0,0,noticed,,,,
prediction_record,20260818T204035Z_github-32183473018,0,incoming,,,,,,,,,12055,"my main impression of this new washer comes from the fill valve: it does the job after changing a few settings. a second check gave me the same result. honestly, the damn thing is just average. 😂",neutral,neutral,0.9999370574951172,True,washing_machine,smartphone,0.5644344091415405,False,informal,1,1,0,0,long,0,1,main_impression,,,,
prediction_record,20260818T204035Z_github-32183473018,0,incoming,,,,,,,,,12056,"From a practical reliability standpoint, the inside lightnig is what stood out after coming back to it after a few days; it is neither impressive nor bad. I tried the same thing again later and got a similar result.",neutral,neutral,0.9998769760131836,True,refrigerator,refrigerator,0.8979955911636353,True,technical,0,0,1,0,long,0,0,stood_out,,,,
prediction_record,20260818T204035Z_github-32183473018,0,incoming,,,,,,,,,12057,"From a practical reliability standpoint, i did not pay much attention to the door warning at first, but after a few weeks of mixed use it still performs consistently. I would buy it again. Damn, I did not expect this part to be this solid.",positive,positive,0.9998975992202759,True,refrigerator,washing_machine,0.5541025400161743,False,technical,1,0,0,0,long,0,0,attention,,,,
prediction_record,20260818T204035Z_github-32183473018,0,incoming,,,,,,,,,12058,"after taking it on a trip, the picture quality breaks down when conditions change. i the check before writing this. the damn thing keeps getting in the way. Honestly 🤔",negative,negative,0.999823272228241,True,television,smartphone,0.860916256904602,False,limited,1,1,0,0,medium,0,0,context_component,,,,
prediction_record,20260818T204035Z_github-32183473018,0,incoming,,,,,,,,,12059,"i have been using this work phone after a few weeks of mixed use, and the battery life is difficult to trust. i tried the same thing again later and got a similar result. am tired of this crap.",negative,neutral,0.6621150374412537,False,smartphone,smartphone,0.9995325803756714,True,limited,1,0,0,0,long,0,0,using,,,,
prediction_record,20260818T204035Z_github-32183473018,0,incoming,,,,,,,,,12060,"i have been using this cell phone after taking it on a trip, and the rear camera is difficult to trust. this was different from my first impression.",negative,negative,0.7377916574478149,True,smartphone,smartphone,0.9996188879013062,True,informal,0,0,0,0,medium,0,0,using,,,,
prediction_record,20260818T204035Z_github-32183473018,0,incoming,,,,,,,,,12061,"I have been using this kitchen fridge when someone else in the house used it, and the ice system has turned into a recurring problem. 👍",negative,negative,0.768578290939331,True,refrigerator,refrigerator,0.9977377653121948,True,advanced,0,1,0,0,medium,0,0,using,,,,
prediction_record,20260818T204035Z_github-32183473018,0,incoming,,,,,,,,,12062,"After using it for work and at home, I noticed that the freezer compartment on this main fridge has been a pleasant surprise. this was different from my first impression. it has earned my confidence.",positive,positive,0.9827667474746704,True,refrigerator,refrigerator,0.9990359544754028,True,standard,0,0,0,0,long,0,0,noticed,,,,
prediction_record,20260818T204035Z_github-32183473018,0,incoming,,,,,,,,,12063,My main impression of this screen unit comes from the streaming menu: it has been a pleasant surprise outside my normal routine. 🤷,positive,negative,0.8580080270767212,False,television,television,0.9996731281280518,True,standard,0,1,0,0,medium,0,1,main_impression,,,,
prediction_record,20260818T204035Z_github-32183473018,0,incoming,,,,,,,,,12064,"after coming back to it after a few days, the door latch has turned into a recurring rpoblem. the behavior persisted across attempts. i am considering a replacement. this is damn annoying.",negative,negative,0.9999651908874512,True,washing_machine,refrigerator,0.4184078872203827,False,limited,1,0,1,0,medium,0,0,context_component,,,,
prediction_record,20260818T204035Z_github-32183473018,0,incoming,,,,,,,,,12065,"After a few weeks of mixed use, I noticed that the inside lighting on this new refrigerator has not given me trouble. the behavior persisted across several attempts. it has earned my confidence.",positive,negative,0.9956627488136292,False,refrigerator,refrigerator,0.49284833669662476,True,advanced,0,0,0,0,medium,0,0,noticed,,,,
prediction_record,20260818T204035Z_github-32183473018,0,incoming,,,,,,,,,12066,"I did not pay much attention to the controller at first, but after coming back to it after a few days it does the job. this was different from my first impression. there is not much else to say. There is no major crap to complain about here.",neutral,neutral,0.9999556541442871,True,television,refrigerator,0.6839100122451782,False,advanced,1,0,0,0,long,0,1,attention,,,,
prediction_record,20260818T204035Z_github-32183473018,0,incoming,,,,,,,,,12067,my main impression of this machine comes from the drainage motor: it fails in normal use after a few weeks of mixed use. i noticed the change only in the new situation. pretty solid ngl.,negative,negative,0.9999516010284424,True,washing_machine,washing_machine,0.6081066727638245,True,limited,0,0,0,1,long,0,1,main_impression,,,,
prediction_record,20260818T204035Z_github-32183473018,0,incoming,,,,,,,,,12068,"Under a representative operating profile, when someone else in the house used it, the spin program works well even outside my usual routine. I repeated the check before writing this.",positive,positive,0.9756338596343994,True,washing_machine,washing_machine,0.9976329803466797,True,technical,0,0,0,0,medium,0,0,context_component,,,,
prediction_record,20260818T204035Z_github-32183473018,0,incoming,,,,,,,,,12069,"fr, i have been using this kitchen fridge after using it for work and at home, and the gasket works well outside my usual routine. a second check gave me the same result.",positive,positive,0.9648078680038452,True,refrigerator,refrigerator,0.9931530952453613,True,limited,0,0,0,1,medium,0,0,using,,,,
prediction_record,20260818T204035Z_github-32183473018,0,incoming,,,,,,,,,12070,"Under a representative operating profile, my main impression of this front-loading washer comes from the rinse program: it continues to work without drama during a heavier-than-usual day. this was different from my first impression. The wash drum tells a different story because it has turned into a recurring problem. No bullshit, this has been one of the better parts of the product.",positive,negative,0.9998801946640015,False,washing_machine,washing_machine,0.9995228052139282,True,technical,1,0,0,0,long,1,0,main_impression,,,,
prediction_record,20260818T204035Z_github-32183473018,0,incoming,,,,,,,,,12071,The thermostat is what stood out after a few weeks of mixed use; it fails in normal use. I repeated the check before writing this.,negative,negative,0.9993461966514587,True,refrigerator,washing_machine,0.49343255162239075,False,standard,0,0,0,0,medium,0,0,stood_out,,,,
prediction_record,20260818T204035Z_github-32183473018,0,incoming,,,,,,,,,12072,My main impression of this machine comes from the door latch: it has not given me trouble during a heavier-than-usual day. the difference became clearer after a few more days. The rinse program tells a different story because it does the job. idk.,positive,negative,0.999976396560669,False,washing_machine,washing_machine,0.9983652234077454,True,advanced,0,0,0,1,long,1,0,main_impression,,,,
prediction_record,20260818T204035Z_github-32183473018,0,incoming,,,,,,,,,12073,"Under a representative operating profile, after using it for work and at home, I noticed that the streaming menu on this video panel does the job.",neutral,neutral,0.9715551137924194,True,television,television,0.9995416402816772,True,technical,0,0,0,0,medium,0,0,noticed,,,,
prediction_record,20260818T204035Z_github-32183473018,0,incoming,,,,,,,,,12074,"fr, after changing a few settings, the freezer compartment has become increasingly unerliable. someone else in the house noticed it too.",negative,negative,0.9997579455375671,True,refrigerator,refrigerator,0.9964865446090698,True,advanced,0,0,1,1,medium,0,0,context_component,,,,
prediction_record,20260818T204035Z_github-32183473018,0,incoming,,,,,,,,,12075,"During a heavier-than-usual day, the rinse program feels ordinary after more use. It is not amazing, but it is not bullshit either.",neutral,neutral,0.9998055100440979,True,washing_machine,washing_machine,0.5236494541168213,True,standard,1,0,0,0,medium,0,0,context_component,,,,
prediction_record,20260818T204035Z_github-32183473018,0,incoming,,,,,,,,,12076,the vibration is what stood out after coming back to it after a few days; it feels ordinary after more use. someone else in the house notiecd it too. there is no major crap to complain about here.,neutral,neutral,0.9999499320983887,True,washing_machine,refrigerator,0.9966298937797546,False,informal,1,0,1,0,long,0,0,stood_out,,,,
prediction_record,20260818T204035Z_github-32183473018,0,incoming,,,,,,,,,12077,"ngl, my main impression of this cell phone comes from the rear camera: it dependable in daily use after taking it on a trip. i tried the same thing again later and got a similra result. i would buy it again.",positive,negative,0.9999738931655884,False,smartphone,smartphone,0.9995753169059753,True,limited,0,0,1,1,long,0,0,main_impression,,,,
prediction_record,20260818T204035Z_github-32183473018,0,incoming,,,,,,,,,12078,"After repeated use under comparable conditions, ngl, after taking it on a trip, the interface keeps acting up.",negative,negative,0.8369061350822449,True,television,refrigerator,0.6192684173583984,False,technical,0,0,0,1,medium,0,0,context_component,,,,
prediction_record,20260818T204035Z_github-32183473018,0,incoming,,,,,,,,,12079,my main impression of this television set comes from the interface: it keeps getting in the way after useing it for work and at home. i repeated the check before writing this.,negative,negative,0.9999613761901855,True,television,television,0.999614953994751,True,informal,0,0,1,0,medium,0,0,main_impression,,,,
prediction_record,20260818T204035Z_github-32183473018,0,incoming,,,,,,,,,12080,"I have been useing this new refrigerator after using it for work and at home, and the compressor fan is neither impressive nor bad. a second check gave me the same result. my opinion is still basically in the middle.",neutral,neutral,0.9999359846115112,True,refrigerator,refrigerator,0.9982404708862305,True,advanced,0,0,1,0,long,0,0,context_component,,,,
prediction_record,20260818T204035Z_github-32183473018,0,incoming,,,,,,,,,12081,"outside my normal routine, i noticed that the compressor fan on this cold-storage unit continues to work without drama. i tried the same thing again later and got a siimlar result. on the other hand, the frezeer compartment has been a disappointment, which makes the overall picture more mixed. i expected some crap here, but it has actually held up. Honestly 👎",positive,negative,0.9999750852584839,False,refrigerator,refrigerator,0.9988143444061279,True,informal,1,1,1,0,long,1,0,noticed,,,,
prediction_record,20260818T204035Z_github-32183473018,0,incoming,,,,,,,,,12082,"tbh, during a heavier-than-usual day, i noticed that the call quailty on this cell phone fails in normal use. someone else in the house noticed it too.",negative,negative,0.9999204874038696,True,smartphone,smartphone,0.9995044469833374,True,informal,0,0,1,1,medium,0,0,noticed,,,,
prediction_record,20260818T204035Z_github-32183473018,0,incoming,,,,,,,,,12083,"after changing a few settings, the video input has not changed my opinion much. i noticed the change only in the new situation. lol.",neutral,neutral,0.8156499266624451,True,television,television,0.9996250867843628,True,informal,0,0,0,1,medium,0,0,context_component,,,,
prediction_record,20260818T204035Z_github-32183473018,0,incoming,,,,,,,,,12084,"I have been using this mobile after using it for work and at home, and the network reception keeps getting in the way. I repeated the check before writing this.",negative,negative,0.996880292892456,True,smartphone,smartphone,0.9995415210723877,True,advanced,0,0,0,0,medium,0,0,using,,,,
prediction_record,20260818T204035Z_github-32183473018,0,incoming,,,,,,,,,12085,"not gonna lie, when someone else in the house used it, the usb port has stayed dependable. behavior persisted across several attempts. i would buy it again.",positive,negative,0.9935429096221924,False,smartphone,smartphone,0.9993072748184204,True,limited,0,0,0,1,medium,0,0,context_component,,,,
prediction_record,20260818T204035Z_github-32183473018,0,incoming,,,,,,,,,12086,"From a practical reliability standpoint, not gonna lie, my main impression of this television set comes from the controller: it fails in normal use when someone else in the house used it. I repeated the check before writing this. 🙂",negative,negative,0.9999760389328003,True,television,television,0.9996544122695923,True,technical,0,1,0,1,long,0,0,main_impression,,,,
prediction_record,20260818T204035Z_github-32183473018,0,incoming,,,,,,,,,12087,The USB port is what stood out after using it for work and at home; it is fine for what it is.,neutral,neutral,0.9988671541213989,True,smartphone,smartphone,0.999639630317688,True,advanced,0,0,0,0,medium,0,0,stood_out,,,,
prediction_record,20260818T204035Z_github-32183473018,0,incoming,,,,,,,,,12088,"Under a representative operating profile, outside my normal routine, I noticed that the wash drum on this front-loading washer has not changed my opinion much. someone else in the house noticed it too.",neutral,negative,0.9884207248687744,False,washing_machine,washing_machine,0.9995867609977722,True,technical,0,0,0,0,medium,0,0,noticed,,,,
prediction_record,20260818T204035Z_github-32183473018,0,incoming,,,,,,,,,12089,the fingerprint reader is what stood out outside my normal routine; it has turned into a recurring problem. i tried the same thing again later and got a similar result. pretty solid ngl.,negative,negative,0.6237300634384155,True,smartphone,refrigerator,0.8644781112670898,False,informal,0,0,0,1,medium,0,0,stood_out,,,,
prediction_record,20260818T204035Z_github-32183473018,0,incoming,,,,,,,,,12090,"during a heavier-than-usual day, i noticed that the cycle controls on this wash unit fails in normal use. someone else in the house noticed it too. 😐",negative,negative,0.9998985528945923,True,washing_machine,washing_machine,0.3932434916496277,True,informal,0,1,0,0,medium,0,0,noticed,,,,
prediction_record,20260818T204035Z_github-32183473018,0,incoming,,,,,,,,,12091,the usb port is what stood out after coming back to it aftre a few days; it has not given trouble. i noticed the change only in the new situation.,positive,negative,0.979117751121521,False,smartphone,smartphone,0.999591052532196,True,limited,0,0,1,0,medium,0,0,stood_out,,,,
prediction_record,20260818T204035Z_github-32183473018,0,incoming,,,,,,,,,12092,my main impression of this bedroom tv comes from the controller: it has become increasingly unreliable outside my normal routine.,negative,negative,0.9992514252662659,True,television,television,0.999578058719635,True,informal,0,0,0,0,medium,0,1,main_impression,,,,
prediction_record,20260818T204035Z_github-32183473018,0,incoming,,,,,,,,,12093,"Across repeated observations, my main impression of this refrigeration unit comes from the inside lighting: it remains basically average after coming back to it after a few days. I tried the same thing again later and got a similar result. That said, the gasket has turned into a recurring problem, so the experience is not completely one-sided. Honestly, the damn thing is just average.",neutral,neutral,0.9999724626541138,True,refrigerator,refrigerator,0.9985542893409729,True,technical,1,0,0,0,long,1,0,main_impression,,,,
prediction_record,20260818T204035Z_github-32183473018,0,incoming,,,,,,,,,12094,"lowkey, i have been using this machine during a heavier-than-usual day, and the soap tray holds up better than expected.",positive,positive,0.9949777722358704,True,washing_machine,washing_machine,0.6347657442092896,True,standard,0,0,0,1,medium,0,0,using,,,,
prediction_record,20260818T204035Z_github-32183473018,0,incoming,,,,,,,,,12095,"I did not pay much attention to the soap tray at first, but fater a few weeks of mixed use it is fine for what it is.",neutral,neutral,0.9783491492271423,True,washing_machine,washing_machine,0.5456719994544983,True,standard,0,0,1,0,medium,0,0,attention,,,,
prediction_record,20260818T204035Z_github-32183473018,0,incoming,,,,,,,,,12096,The controller is what stood out outside my normal routine; it is fine for what it is. I repeaetd the check before writing this.,neutral,neutral,0.9991762042045593,True,television,refrigerator,0.7449643015861511,False,standard,0,0,1,0,medium,0,0,stood_out,,,,
prediction_record,20260818T204035Z_github-32183473018,0,incoming,,,,,,,,,12097,"I did not pay much attention to the battery life at first, but after changing a few settings it keeps getting in the way. 😅",negative,negative,0.9898518323898315,True,smartphone,smartphone,0.9996160268783569,True,advanced,0,1,0,0,medium,0,0,attention,,,,
prediction_record,20260818T204035Z_github-32183473018,0,incoming,,,,,,,,,12098,"After repeated use under comparable conditions, fr, after changing a few settings, the wash drum fails in normal use. the behavior persisted across several attempts.",negative,negative,0.9989637136459351,True,washing_machine,washing_machine,0.992728590965271,True,technical,0,0,0,1,medium,0,0,context_component,,,,
prediction_record,20260818T204035Z_github-32183473018,0,incoming,,,,,,,,,12099,"After repeated use under comparable conditions, i have been using this television set after changing a few settings, and the video input remains basically average. it is adequate for now. There is no major crap to complain about here.",neutral,neutral,0.9999568462371826,True,television,television,0.999629020690918,True,technical,1,0,0,0,long,0,0,using,,,,
prediction_record,20260818T204035Z_github-32183473018,0,incoming,,,,,,,,,12100,"From a practical reliability standpoint, the wireless connection is what stood out when someone else in the house used it; it still performs consistently. The panel lighting tells a different story because it keeps getting in the way.",positive,positive,0.999727189540863,True,television,washing_machine,0.9924163818359375,False,technical,0,0,0,0,long,1,0,stood_out,,,,
prediction_record,20260818T204035Z_github-32183473018,0,incoming,,,,,,,,,12101,"After repeated use under comparable conditions, i have been using this video panel after taking it on a trip, and the wireless connection has turned into a recurring problem. this was different from my first impression.",negative,negative,0.7716832756996155,True,television,washing_machine,0.6357153654098511,False,technical,0,0,0,0,long,0,0,using,,,,
prediction_record,20260818T204035Z_github-32183473018,0,incoming,,,,,,,,,12102,"after using it work and at home, soap tray has turned into a recurring problem. a second check gave me the same result. i am considering a replacement.",negative,negative,0.9988113641738892,True,washing_machine,refrigerator,0.8688719868659973,False,limited,0,0,0,0,medium,0,0,context_component,,,,
prediction_record,20260818T204035Z_github-32183473018,0,incoming,,,,,,,,,12103,my main impression of new phone comes from call quailty: it remains basically average after taking it on a trip.,neutral,neutral,0.9988784193992615,True,smartphone,smartphone,0.9995042085647583,True,limited,0,0,1,0,medium,0,1,context_component,,,,
prediction_record,20260818T204035Z_github-32183473018,0,incoming,,,,,,,,,12104,"After repeated use under comparable conditions, after taking it on a trip, the cooling motor has not changed my opinion much. The freezer compartment tells a different story because it has been a disappointment.",neutral,negative,0.9657641649246216,False,refrigerator,refrigerator,0.9984596967697144,True,technical,0,0,0,0,long,1,1,context_component,,,,
prediction_record,20260818T204035Z_github-32183473018,0,incoming,,,,,,,,,12105,"When someone else in the house used it, the cycle controls works well even outside my usual routine. this was different from my first impression.",positive,positive,0.9287281632423401,True,washing_machine,washing_machine,0.9981209635734558,True,advanced,0,0,0,0,medium,0,0,context_component,,,,
prediction_record,20260818T204035Z_github-32183473018,0,incoming,,,,,,,,,12106,"Under a representative operating profile, my main impression of this mobile comes from the fingerprint reader: it is neither impressive nor bad after using it for work and at home. this was different from my first impression.",neutral,neutral,0.9998905658721924,True,smartphone,smartphone,0.99962317943573,True,technical,0,0,0,0,long,0,0,main_impression,,,,
prediction_record,20260818T204035Z_github-32183473018,0,incoming,,,,,,,,,12107,"After changing a few settings, I noticed that the soap tray on this wash unit feels ordinary after more use. I do not feel strongly either way.",neutral,neutral,0.9997807145118713,True,washing_machine,refrigerator,0.8191086649894714,False,advanced,0,0,0,0,medium,0,0,noticed,,,,
prediction_record,20260818T204035Z_github-32183473018,0,incoming,,,,,,,,,12108,the battery life is what stood out after using it for work and at home; it has turned into a recurring probelm. a second check gave me same result. i am considering a replacement.,negative,negative,0.9973400235176086,True,smartphone,smartphone,0.9996219873428345,True,limited,0,0,1,0,long,0,1,stood_out,,,,
prediction_record,20260818T204035Z_github-32183473018,0,incoming,,,,,,,,,12109,"my main impression of this new phone comes from the call quality: it feels ordinary after more use after a few weeks of mixed use. this was different from my first impression. i can live with it. the rear camera tells a diferent story because it works well even outside my usual routine. it is not amazing, but it is not bullshit either. for real. Honestly 👎",neutral,neutral,0.9999244213104248,True,smartphone,smartphone,0.9996039271354675,True,informal,1,1,1,1,long,1,1,main_impression,,,,
prediction_record,20260818T204035Z_github-32183473018,0,incoming,,,,,,,,,12110,The panel lighting is what stood out after using it for work and at home; it has not changed my opinion much. the behavior persisted across several attempts. The wireless connection tells a different story because it breaks down when conditions change. for real.,neutral,neutral,0.9998674392700195,True,television,washing_machine,0.9996123909950256,False,standard,0,0,0,1,long,1,1,stood_out,,,,
prediction_record,20260818T204035Z_github-32183473018,0,incoming,,,,,,,,,12111,"From a practical reliability standpoint, i have been useing this main fridge outside my normal routine, and the shelf layout fails in normal use. someone else in the house noticed it too.",negative,negative,0.9999206066131592,True,refrigerator,refrigerator,0.9806690812110901,True,technical,0,0,1,0,medium,0,0,context_component,,,,
prediction_record,20260818T204035Z_github-32183473018,0,incoming,,,,,,,,,12112,"i did not pay much attention to the rinse program at first, but after changing a few settings it has been a disappointment. the behavior persisted across several attempts. that said, the wash drum continues to work without drama, so the experience is not completely one-sided.",negative,negative,0.9295111894607544,True,washing_machine,washing_machine,0.517661988735199,True,limited,0,0,0,0,long,1,0,attention,,,,
prediction_record,20260818T204035Z_github-32183473018,0,incoming,,,,,,,,,12113,My main impression of this pocket device comes from the rear camera: it has not changed my opinion much after changing a few settings.,neutral,neutral,0.5923941731452942,True,smartphone,smartphone,0.9995680451393127,True,standard,0,0,0,0,medium,0,0,main_impression,,,,
prediction_record,20260818T204035Z_github-32183473018,0,incoming,,,,,,,,,12114,"after coming back to it after a few days, the battery life turned into a recurring problem. i am already looking at alternatives.",negative,negative,0.9992239475250244,True,smartphone,smartphone,0.9993263483047485,True,limited,0,0,0,0,medium,0,1,context_component,,,,
prediction_record,20260818T204035Z_github-32183473018,0,incoming,,,,,,,,,12115,"not gonna lie, i have been using this refrigeration unit after changing a few settings, and the compressor fan has been a pleasant surprise. the difference became clearer after a few more days.",positive,negative,0.8354910016059875,False,refrigerator,refrigerator,0.9982232451438904,True,advanced,0,0,0,1,medium,0,1,using,,,,
prediction_record,20260818T204035Z_github-32183473018,0,incoming,,,,,,,,,12116,"outside my normal routine, i noticed that the battery life on this daily driver keeps getting in the way. the behavior persisted across several attempts. i am already looking at alternatives.",negative,negative,0.9999833106994629,True,smartphone,smartphone,0.9996293783187866,True,informal,0,0,0,0,medium,0,1,noticed,,,,
prediction_record,20260818T204035Z_github-32183473018,0,incoming,,,,,,,,,12117,"Outside my normal routine, I noticed that the panel lighting on this television set has been a disappointment. this was different from my first impression. this is the part that makes me regret the purchase. 👎",negative,negative,0.9999004602432251,True,television,washing_machine,0.9996225833892822,False,standard,0,1,0,0,long,0,1,noticed,,,,
prediction_record,20260818T204035Z_github-32183473018,0,incoming,,,,,,,,,12118,"I have been using this refrigeration unit when someone else in the house used it, and the gasket still performs consistently. a second cehck gave me the same result. it has earned my confidence. 🤔",positive,positive,0.9998675584793091,True,refrigerator,refrigerator,0.9975645542144775,True,advanced,0,1,1,0,long,0,0,using,,,,
prediction_record,20260818T204035Z_github-32183473018,0,incoming,,,,,,,,,12119,"I did not pay much attention to the rear camera at first, but after taking it on a trip it has been a pleasant surprise. a second check gave me the same result. for my use case, this is a keeper.",positive,positive,0.9589715003967285,True,smartphone,smartphone,0.9995089769363403,True,advanced,0,0,0,0,long,0,0,attention,,,,
prediction_record,20260818T204035Z_github-32183473018,0,incoming,,,,,,,,,12120,"I have been using this video panel after taking it on a trip, and the streaming menu has stayed dependable. I tried the same thing again later and got a similar result.",positive,neutral,0.8259046077728271,False,television,television,0.9996034502983093,True,advanced,0,0,0,0,medium,0,0,using,,,,
prediction_record,20260818T204035Z_github-32183473018,0,incoming,,,,,,,,,12121,"honestly tho, when someone else in the house used it, I noticed that the inside lighting on this food cooler has not changed my opinion much. It is not amazing, but it is not bullshit either.",neutral,neutral,0.9995629191398621,True,refrigerator,refrigerator,0.9968497157096863,True,standard,1,0,0,1,long,0,0,noticed,,,,
prediction_record,20260818T204035Z_github-32183473018,0,incoming,,,,,,,,,12122,"I have been using this refrigeration unit outside my normal routine, and the inside lighting works normally. the difference became clearer after a few more days. I do not feel strongly either way.",neutral,neutral,0.9963410496711731,True,refrigerator,smartphone,0.41244181990623474,False,standard,0,0,0,0,medium,0,0,using,,,,
prediction_record,20260818T204035Z_github-32183473018,0,incoming,,,,,,,,,12123,"Under ordinary operating conditions, real talk, after taking it on a trip, I noticed that the fill valve on this wash unit is difficult to trust. I tried the same thing again later and got a similar result.",negative,neutral,0.9887816309928894,False,washing_machine,refrigerator,0.9878942370414734,False,technical,0,0,0,1,long,0,0,noticed,,,,
prediction_record,20260818T204035Z_github-32183473018,0,incoming,,,,,,,,,12124,"i have been useing this kitchen fridge after changing a few settings, and the door warning holds up better than expected. i tried the same thing again later and got a similar result. for my use case, this is a keeper.",positive,positive,0.9997708201408386,True,refrigerator,refrigerator,0.9969447255134583,True,informal,0,0,1,0,long,0,0,context_component,,,,
prediction_record,20260818T204035Z_github-32183473018,0,incoming,,,,,,,,,12125,"I have been using this daily driver after a few weeks of mixed use, and the rear camera has turned into a recurring problem. I repeated the check before writing this. I would not rely on it. On the other hand, the USB port works well even outside my usual routine, which makes the on balance picture more mixed.",negative,negative,0.9999773502349854,True,smartphone,refrigerator,0.9992517828941345,False,advanced,0,0,0,0,long,1,0,using,,,,
prediction_record,20260818T204035Z_github-32183473018,0,incoming,,,,,,,,,12126,"when someone else in the house used it, the cycle controls works normally. i repeated the check before writing this. honestly, the damn thing is just average. lol.",neutral,neutral,0.9280686378479004,True,washing_machine,washing_machine,0.9868088960647583,True,informal,1,0,0,1,medium,0,1,context_component,,,,
prediction_record,20260818T204035Z_github-32183473018,0,incoming,,,,,,,,,12127,"ngl, i have been using this front-loading washer when someone else in the ohuse used it, and the rinse program is acceptable but unremarkable. someone else in the house noticed it too.",neutral,neutral,0.9532346725463867,True,washing_machine,washing_machine,0.9996175765991211,True,standard,0,0,1,1,medium,0,0,using,,,,
prediction_record,20260818T204035Z_github-32183473018,0,incoming,,,,,,,,,12128,the fingerprint reader is what stood out after taking it on a trip; it keeps acting up. a second check gave me the same result. lol.,negative,negative,0.9792665839195251,True,smartphone,refrigerator,0.9384939670562744,False,limited,0,0,0,1,medium,0,0,stood_out,,,,
prediction_record,20260818T204035Z_github-32183473018,0,incoming,,,,,,,,,12129,"Under ordinary operating conditions, after a few weeks of mixed use, the picture quality is difficult to trust. the behavior persisted across several attempts. I would hesitate to buy it again.",negative,negative,0.9982396364212036,True,television,washing_machine,0.9992733597755432,False,technical,0,0,0,0,medium,0,0,context_component,,,,
prediction_record,20260818T204035Z_github-32183473018,0,incoming,,,,,,,,,12130,"Across repeated observations, not gonna lie, the touch panel is what stood out during a heavier-than-usual day; it has been a disappointment. I repeated the check before writing this.",negative,positive,0.9674751162528992,False,smartphone,washing_machine,0.9991804957389832,False,technical,0,0,0,1,medium,0,0,stood_out,,,,
prediction_record,20260818T204035Z_github-32183473018,0,incoming,,,,,,,,,12131,"Under a representative operating profile, during a heavier-than-usual day, I noticed that the wireless connection on this bedroom TV continues to work without drama. I tried the same thing again later and got a similar result. for my use case, this is a keeper. idk.",positive,negative,0.5775315165519714,False,television,television,0.9997037053108215,True,technical,0,0,0,1,long,0,1,noticed,,,,
prediction_record,20260818T204035Z_github-32183473018,0,incoming,,,,,,,,,12132,"Across repeated observations, my main impression of this kitchen fridge comes from the door warning: it has stayed dependable after a few weeks of mixed use.",positive,negative,0.8817068338394165,False,refrigerator,refrigerator,0.9969152212142944,True,technical,0,0,0,0,medium,0,0,main_impression,,,,
prediction_record,20260818T204035Z_github-32183473018,0,incoming,,,,,,,,,12133,"Under a representative operating profile, i did not pay much attention to the wireless connection at first, but after taking it on a trip it is difficult to trust. On the other hand, the streaming menu has been a pleasant surprise, which makes the overall picture more mixed.",negative,negative,0.9855175614356995,True,television,television,0.9996610879898071,True,technical,0,0,0,0,long,1,0,attention,,,,
prediction_record,20260818T204035Z_github-32183473018,0,incoming,,,,,,,,,12134,"I did not pay much attention to the vibration at first, but after changing a few settings it worsk well even outside my usual routine. a second check gave me the same result.",positive,positive,0.9927226901054382,True,washing_machine,refrigerator,0.7606257796287537,False,advanced,0,0,1,0,medium,0,0,attention,,,,
prediction_record,20260818T204035Z_github-32183473018,0,incoming,,,,,,,,,12135,"I did not pay much attention to the USB port at first, but after coming back to it after a few days it feels ordinary after more use. On the other hand, the rear camera fails in routine use, which makes the on balance picture more mixed. Honestly 🤔",neutral,neutral,0.9998064637184143,True,smartphone,smartphone,0.9996771812438965,True,advanced,0,1,0,0,long,1,0,attention,,,,
prediction_record,20260818T204035Z_github-32183473018,0,incoming,,,,,,,,,12136,"After using it for work and at home, the cycle controls is neither impressive nor bad. the difference became clearer after a few more days. I do not feel strognly either way. The damn thing is basically fine. Honestly 🔥",neutral,neutral,0.9999430179595947,True,washing_machine,washing_machine,0.8372231721878052,True,standard,1,1,1,0,long,0,0,context_component,,,,
prediction_record,20260818T204035Z_github-32183473018,0,incoming,,,,,,,,,12137,"From a practical reliability standpoint, when someone else in the ohuse used it, the rear camera is acceptable but unremarkable. I tried the same thing again later and got a similar result.",neutral,neutral,0.9563336968421936,True,smartphone,smartphone,0.9995631575584412,True,technical,0,0,1,0,medium,0,0,context_component,,,,
prediction_record,20260818T204035Z_github-32183473018,0,incoming,,,,,,,,,12138,my main impression of this television set comes from the built-in audio: it keeps acting up after taking it on a trip. i tried the same thing again later and got a similar result. the interface tells a different story because it is neither impressive nor bad. 🙂,negative,negative,0.9999814033508301,True,television,television,0.9996750354766846,True,informal,0,1,0,0,long,1,1,main_impression,,,,
prediction_record,20260818T204035Z_github-32183473018,0,incoming,,,,,,,,,12139,"i did not pay much attention to the network reception at first, but when someone else in the house used it it works well even outside my usual routine. this was diferent from my first impression.",positive,positive,0.9769466519355774,True,smartphone,smartphone,0.9996300935745239,True,informal,0,0,1,0,long,0,0,attention,,,,
prediction_record,20260818T204035Z_github-32183473018,0,incoming,,,,,,,,,12140,"real talk, i have been using this mobile when someone else in the house used it, and the call quality has stayed dependable. i tried the same thing again later and got a similar result. it has earned my confidence.",positive,positive,0.7212836146354675,True,smartphone,refrigerator,0.9990980625152588,False,informal,0,0,0,1,long,0,0,using,,,,
prediction_record,20260818T204035Z_github-32183473018,0,incoming,,,,,,,,,12141,"During a heavier-than-usual day, I noticed that the door warning on this cold-storage unit has stayed dependable. the difference became clearer after a few more days. The damn thing surprised me in a good way.",positive,negative,0.9973682761192322,False,refrigerator,refrigerator,0.9336644411087036,True,standard,1,0,0,0,long,0,0,noticed,,,,
prediction_record,20260818T204035Z_github-32183473018,0,incoming,,,,,,,,,12142,"the apps is what stood out after taking it on a trip; it works well even outside my usual routine. i noticed the change only in the new situation. it has earned my confidence. that said, the usb port does the job, so the experience is not completely one-sided. 👎",positive,positive,0.9997817873954773,True,smartphone,television,0.9996639490127563,False,informal,0,1,0,0,long,1,0,stood_out,,,,
prediction_record,20260818T204035Z_github-32183473018,0,incoming,,,,,,,,,12143,"I did not pay much attention to the spin program at first, but after a few weeks of mixed use it has not changed my opinion much. I repeated the check before wirting this. The damn thing is basically fine. not great tbh.",neutral,neutral,0.5247284173965454,True,washing_machine,washing_machine,0.9669299125671387,True,standard,1,0,1,1,long,0,0,attention,,,,
prediction_record,20260818T204035Z_github-32183473018,0,incoming,,,,,,,,,12144,"After taking it on a trip, the soap tray has stayed dependable. I repeated the chekc before writing this. The damn thing surprised me in a good way.",positive,negative,0.975957453250885,False,washing_machine,refrigerator,0.9075427055358887,False,standard,1,0,1,0,medium,0,0,context_component,,,,
prediction_record,20260818T204035Z_github-32183473018,0,incoming,,,,,,,,,12145,"Outside my normal routine, I noticed that the streaming menu on this living room display feels dependable in daily use. I noticed the change only in the new situation. I have stopepd worrying about this part of the product.",positive,positive,0.8872628808021545,True,television,television,0.9995822310447693,True,advanced,0,0,1,0,long,0,0,noticed,,,,
prediction_record,20260818T204035Z_github-32183473018,0,incoming,,,,,,,,,12146,"after changing a settings, the gasket has stayed dependabel. the behavior persisted across several attempts. i have stopped worrying about this part of the product.",positive,positive,0.9980850219726562,True,refrigerator,washing_machine,0.5367937684059143,False,limited,0,0,1,0,medium,0,0,context_component,,,,
prediction_record,20260818T204035Z_github-32183473018,0,incoming,,,,,,,,,12147,my main impression of this new refrigerator comes from the cooling motor: it is acceptable but unremarkable a heavier-than-usual day. the difference became clearer after a few more days.,neutral,negative,0.9288829565048218,False,refrigerator,refrigerator,0.9982069730758667,True,limited,0,0,0,0,medium,0,0,main_impression,,,,
prediction_record,20260818T204035Z_github-32183473018,0,incoming,,,,,,,,,12148,"My main impression of this new washer comes from the cycle controls: it has not changed my opinion much outside my normal routine. Honestly, the damn thing is just average. idk. 🙃",neutral,neutral,0.9823291897773743,True,washing_machine,washing_machine,0.9996174573898315,True,advanced,1,1,0,1,medium,0,0,main_impression,,,,
prediction_record,20260818T204035Z_github-32183473018,0,incoming,,,,,,,,,12149,"real talk, i have using this pocket device after changing a few settings, and the usb port has become increasingly unreliable. i the same thing again later and got a similar result.",negative,negative,0.9999128580093384,True,smartphone,smartphone,0.9995875954627991,True,limited,0,0,0,1,medium,0,0,context_component,,,,
prediction_record,20260818T204035Z_github-32183473018,0,incoming,,,,,,,,,12150,"after coming back to it after a few days, i noticed that the thermostat on this kitchen fridge is difficult to trust. i tried the same thing again later and a similar result. this shit should not be happening in normal use.",negative,negative,0.9999680519104004,True,refrigerator,refrigerator,0.9971171617507935,True,limited,1,0,0,0,long,0,1,noticed,,,,
prediction_record,20260818T204035Z_github-32183473018,0,incoming,,,,,,,,,12151,"tbh, after changing a few settings, the spin program is acceptable but unremarkable. someone else in the house noticed it too.",neutral,neutral,0.8777751326560974,True,washing_machine,washing_machine,0.9682701826095581,True,advanced,0,0,0,1,medium,0,0,context_component,,,,
prediction_record,20260818T204035Z_github-32183473018,0,incoming,,,,,,,,,12152,The network reception is what stodo out after a few weeks of mixed use; it is acceptable but unremarkable. Honestly 🔥,neutral,neutral,0.901557445526123,True,smartphone,smartphone,0.9995848536491394,True,standard,0,1,1,0,medium,0,1,context_component,,,,
prediction_record,20260818T204035Z_github-32183473018,0,incoming,,,,,,,,,12153,"during a heavier-than-usual day, the rinse program fails in normal use. someone else in the house noticed it too. i am considering a replacement. this shit should not be happening in onrmal use.",negative,negative,0.9999905824661255,True,washing_machine,smartphone,0.5800981521606445,False,informal,1,0,1,0,medium,0,1,context_component,,,,
prediction_record,20260818T204035Z_github-32183473018,0,incoming,,,,,,,,,12154,"I did not pay much attention to the fingerprint reader at first, but after taking it on a trip it is fine for what it is. this was different from my first impression. The damn thing is basically fine.",neutral,neutral,0.9999518394470215,True,smartphone,refrigerator,0.9542181491851807,False,advanced,1,0,0,0,long,0,1,attention,,,,
prediction_record,20260818T204035Z_github-32183473018,0,incoming,,,,,,,,,12155,"ngl, after using it for work and at home, the fill valve breaks down when conditions change. the difference became clearer after a few more days. I am tired of this crap.",negative,negative,0.9706448912620544,True,washing_machine,washing_machine,0.5091946125030518,True,advanced,1,0,0,1,medium,0,0,context_component,,,,
prediction_record,20260818T204035Z_github-32183473018,0,incoming,,,,,,,,,12156,"i did not pay much attention to the video input at first, but after coming back to it after a few days it has stayed dependable. i tried the same thing again later and got a similar result. kinda wild.",positive,negative,0.9872899651527405,False,television,television,0.9996992349624634,True,limited,0,0,0,1,long,0,0,attention,,,,
prediction_record,20260818T204035Z_github-32183473018,0,incoming,,,,,,,,,12157,My main impression of this bedroom TV comes from the interface: it does the job after coming back to it after a few days. I would neither recommend it nor warn people away.,neutral,neutral,0.999948263168335,True,television,television,0.9996516704559326,True,standard,0,0,0,0,medium,0,0,main_impression,,,,
prediction_record,20260818T204035Z_github-32183473018,0,incoming,,,,,,,,,12158,"i did not pay much attention to the video input at first, but when someone else in the house used it it remains basically average. i tried the same thing again later and got a similar result.",neutral,neutral,0.9999027252197266,True,television,television,0.9996217489242554,True,informal,0,0,0,0,long,0,0,attention,,,,
prediction_record,20260818T204035Z_github-32183473018,0,incoming,,,,,,,,,12159,"After changing a few settings, the controller fails in routine use. the difference became clearer after a few more days. The streaming menu tells a different story because it has been a pleasant surprise. Honestly 😬",negative,negative,0.9999793767929077,True,television,television,0.9996694326400757,True,advanced,0,1,0,0,long,1,0,context_component,,,,
prediction_record,20260818T204035Z_github-32183473018,0,incoming,,,,,,,,,12160,"i have been using this video panel after a few weeks of mixed use, and the built-in audio does the job. i noticed the change only in the new situation. on the other hand, the sports motion fails in normal use, which makes the overall picture more mixed.",neutral,neutral,0.9998650550842285,True,television,washing_machine,0.9996380805969238,False,informal,0,0,0,0,long,1,0,using,,,,
prediction_record,20260818T204035Z_github-32183473018,0,incoming,,,,,,,,,12161,i have been using this new washer outside normal and the spin program is neither impressive nor bad. the behavior persisted across several attempts. i would neither recommend it nor warn people away.,neutral,neutral,0.9999580383300781,True,washing_machine,washing_machine,0.9996046423912048,True,limited,0,0,0,0,medium,0,1,using,,,,
prediction_record,20260818T204035Z_github-32183473018,0,incoming,,,,,,,,,12162,"real talk, my main impression of this cold-storage unit comes from the thermostat: it feels dependable in daily use after a few weeks of mixed use. the behavior persisted across several attempts. I have stopped worrying about this part of the product.",positive,positive,0.9964302182197571,True,refrigerator,refrigerator,0.9969692826271057,True,advanced,0,0,0,1,long,0,0,main_impression,,,,
prediction_record,20260818T204035Z_github-32183473018,0,incoming,,,,,,,,,12163,"After using it for work and at home, the ice system has been a pleasant surprise. I noticed the change only in the new situation. pretty solid ngl. 🙂",positive,positive,0.7180576920509338,True,refrigerator,washing_machine,0.9945740103721619,False,advanced,0,1,0,1,medium,0,1,context_component,,,,
prediction_record,20260818T204035Z_github-32183473018,0,incoming,,,,,,,,,12164,"I did not pay much attention to the shelf layout at first, but after coming back to it after a few days it has been a pleasant surprise.",positive,negative,0.742529034614563,False,refrigerator,refrigerator,0.7292166352272034,True,advanced,0,0,0,0,medium,0,0,attention,,,,
prediction_record,20260818T204035Z_github-32183473018,0,incoming,,,,,,,,,12165,"After repeated use under comparable conditions, i did not pay much attention to the ice system at first, but after using it for work and at home it is fine for what it is. the difference became clearer after a few more days.",neutral,neutral,0.9998623132705688,True,refrigerator,television,0.9996311664581299,False,technical,0,0,0,0,long,0,0,attention,,,,
prediction_record,20260818T204035Z_github-32183473018,0,incoming,,,,,,,,,12166,"i did not pay much attention to the ice system at first, but outside my normal routine it remains basically average. i don't feel strongly either way. the damn thing is basically fine.",neutral,neutral,0.999962329864502,True,refrigerator,television,0.9996417760848999,False,informal,1,0,0,0,medium,0,1,attention,,,,
prediction_record,20260818T204035Z_github-32183473018,0,incoming,,,,,,,,,12167,"I did not pay much attention to the compressor fan at first, but outside my normal routine it has become increasingly unreliable. The damn thing keeps getting in the way.",negative,negative,0.999969482421875,True,refrigerator,refrigerator,0.9979202151298523,True,standard,1,0,0,0,medium,0,0,attention,,,,
prediction_record,20260818T204035Z_github-32183473018,0,incoming,,,,,,,,,12168,"tbh, my main impression of this daily driver comes from the rear camera: it does the job when someone else in the house used it. the difference became clearer after a few more days. the damn thing is basically fine.",neutral,neutral,0.9999598264694214,True,smartphone,smartphone,0.9996337890625,True,informal,1,0,0,1,long,0,0,main_impression,,,,
prediction_record,20260818T204035Z_github-32183473018,0,incoming,,,,,,,,,12169,"After a few weeks of mixed use, the soap tray feels dependable in daily use. for my use case, this is a keeper.",positive,negative,0.4845258593559265,False,washing_machine,washing_machine,0.3322658836841583,True,advanced,0,0,0,0,medium,0,0,context_component,,,,
prediction_record,20260818T204035Z_github-32183473018,0,incoming,,,,,,,,,12170,"after taking it on a trip, i noticed that the rinse program on this luandry unit does the job. the damn thing is basically fine.",neutral,neutral,0.9986403584480286,True,washing_machine,washing_machine,0.7297208309173584,True,informal,1,0,1,0,medium,0,0,noticed,,,,
prediction_record,20260818T204035Z_github-32183473018,0,incoming,,,,,,,,,12171,"after coming back to it after a few days, i noticed that the freezer compartment on this cold-storage unit still performs the behavior persisted across several attempts.",positive,positive,0.9967407584190369,True,refrigerator,refrigerator,0.9961780309677124,True,limited,0,0,0,0,medium,0,0,noticed,,,,
prediction_record,20260818T204035Z_github-32183473018,0,incoming,,,,,,,,,12172,"When someone else in the house used it, the controller continues to work without drama. I tried the same thing again later and got a similar result. No bullshit, this has been one of the better parts of the product.",positive,positive,0.9995730519294739,True,television,refrigerator,0.9726278781890869,False,standard,1,0,0,0,long,0,0,context_component,,,,
prediction_record,20260818T204035Z_github-32183473018,0,incoming,,,,,,,,,12173,"Across repeated observations, i have been using this laundry unit outside my normal routine, and the door latch works well even outside my usual routine. this was different from my first impression.",positive,positive,0.9880231618881226,True,washing_machine,washing_machine,0.9323444366455078,True,technical,0,0,0,0,medium,0,0,using,,,,
prediction_record,20260818T204035Z_github-32183473018,0,incoming,,,,,,,,,12174,"I did not pay much attention to the interface at first, but after using it for work and at home it has stayed dependable. I tried the same thing again later and got a similar result. it has earned my confidence.",positive,positive,0.8616845607757568,True,television,refrigerator,0.5834453701972961,False,advanced,0,0,0,0,long,0,0,attention,,,,
prediction_record,20260818T204035Z_github-32183473018,0,incoming,,,,,,,,,12175,"From a practical reliability standpoint, my main impression of this main fridge comes from the cooling motor: it keeps acting up during a heavier-than-usual day. I repeated the check before writing this. I am considering a replacement.",negative,negative,0.9999790191650391,True,refrigerator,refrigerator,0.9983221888542175,True,technical,0,0,0,0,long,0,0,main_impression,,,,
prediction_record,20260818T204035Z_github-32183473018,0,incoming,,,,,,,,,12176,"I did not pay much attention to the thermostat at first, but after using it for work and at home it keeps acting up. I noticed the change only in the new situation. I am considering a replacement. That said, the cooling motor is acceptable but unremarkable, so the experience is not completely one-sided.",negative,negative,0.9999779462814331,True,refrigerator,refrigerator,0.9770932197570801,True,standard,0,0,0,0,long,1,0,attention,,,,
prediction_record,20260818T204035Z_github-32183473018,0,incoming,,,,,,,,,12177,The call quality is what stood out after changing a few settings; it has turned into a recurring probelm. the behavior persisted across several attempts. This is damn annoying. 🙂,negative,negative,0.9840945601463318,True,smartphone,refrigerator,0.8239964246749878,False,advanced,1,1,1,0,medium,0,0,stood_out,,,,
prediction_record,20260818T204035Z_github-32183473018,0,incoming,,,,,,,,,12178,"tbh, i did not pay much attention to the interface at first, but after using it for work and at home it holds up better than expected. this was diferent from my first impression. 🙃",positive,positive,0.9983855485916138,True,television,refrigerator,0.3397132158279419,False,advanced,0,1,1,1,long,0,0,attention,,,,
prediction_record,20260818T204035Z_github-32183473018,0,incoming,,,,,,,,,12179,"Under a representative operating profile, when someone else in the ohuse used it, the touch panel has been a disappointment. a second check gave me the same result.",negative,negative,0.9565234184265137,True,smartphone,washing_machine,0.921689510345459,False,technical,0,0,1,0,medium,0,0,context_component,,,,
prediction_record,20260818T204035Z_github-32183473018,0,incoming,,,,,,,,,12180,"Under ordinary operating conditions, my main impression of this bedroom TV comes from the built-in audio: it keeps getting in the way during a heavier-than-usual day. this was different from my first impression.",negative,negative,0.999969482421875,True,television,television,0.99964439868927,True,technical,0,0,0,0,medium,0,0,main_impression,,,,
prediction_record,20260818T204035Z_github-32183473018,0,incoming,,,,,,,,,12181,"From a practical reliability standpoint, imo, my main impression of this laundry unit comes from the spin program: it is acceptable but unremarkable outside my normal routine. the behavior persisted across several attempts. Honestly, the damn thing is just average.",neutral,neutral,0.9983689188957214,True,washing_machine,washing_machine,0.9974364638328552,True,technical,1,0,0,1,long,0,0,main_impression,,,,
prediction_record,20260818T204035Z_github-32183473018,0,incoming,,,,,,,,,12182,my main impression of this new rerfigerator comes from the freezer compartment: it feels ordinary after more use after a few weeks of mixed use. 🤷,neutral,neutral,0.9828092455863953,True,refrigerator,refrigerator,0.9984378218650818,True,informal,0,1,1,0,medium,0,0,main_impression,,,,
prediction_record,20260818T204035Z_github-32183473018,0,incoming,,,,,,,,,12183,"imo, the picture quality is what stood out during a heavier-than-usual day; it holds up better than expected. 💀",positive,positive,0.9932204484939575,True,television,washing_machine,0.9907870888710022,False,advanced,0,1,0,1,medium,0,0,stood_out,,,,
prediction_record,20260818T204035Z_github-32183473018,0,incoming,,,,,,,,,12184,"ngl, i did not pay much attention to the door latch at first, but outside my normal routine it works normally. i noticed the change only in the new situation. my opinion is tsill basically in the middle.",neutral,neutral,0.9955234527587891,True,washing_machine,refrigerator,0.806698203086853,False,informal,0,0,1,1,long,0,0,attention,,,,
prediction_record,20260818T204035Z_github-32183473018,0,incoming,,,,,,,,,12185,"I have been using this work phone after taking it on a trip, and the fingerprint reader works well even outside my usual routine. I repeated the check before writing this. The damn thing surprised me in a good way.",positive,positive,0.9990756511688232,True,smartphone,smartphone,0.9996143579483032,True,advanced,1,0,0,0,long,0,0,using,,,,
prediction_record,20260818T204035Z_github-32183473018,0,incoming,,,,,,,,,12186,"From a practical reliability standpoint, ngl, after changing a few settings, I noticed that the rear camear on this work phone has been a disappointment.",negative,negative,0.6075137257575989,True,smartphone,smartphone,0.9902275800704956,True,technical,0,0,1,1,medium,0,0,noticed,,,,
prediction_record,20260818T204035Z_github-32183473018,0,incoming,,,,,,,,,12187,"after changing a few settings, i noticed that the wireless connection on this television set works normally. i noticed the change only in the new my opinion is still basically in the on the other hand, the picture quality has not given me trouble, which makes the overall picture more mixed.",neutral,neutral,0.99972003698349,True,television,washing_machine,0.9996387958526611,False,limited,0,0,0,0,long,1,1,noticed,,,,
prediction_record,20260818T204035Z_github-32183473018,0,incoming,,,,,,,,,12188,"after using it for work and at home, i noticed that the freezer compartment on this kitchen fridge has stayed dependable. i would it again. that said, the door has turned into a recurring problem, so the experience is not completely one-sided.",positive,negative,0.999830961227417,False,refrigerator,refrigerator,0.9987379908561707,True,limited,0,0,0,0,long,1,0,noticed,,,,
prediction_record,20260818T204035Z_github-32183473018,0,incoming,,,,,,,,,12189,My main impression of this new refrigerator comes from the gasket: it has not changed my opinion much after using it for work and at home. I noticed the change only in the new situation.,neutral,neutral,0.8661256432533264,True,refrigerator,refrigerator,0.9980950951576233,True,standard,0,0,0,0,long,0,0,main_impression,,,,
prediction_record,20260818T204035Z_github-32183473018,0,incoming,,,,,,,,,12190,"the spin program is what stood out after a few weeks of mixed use; it still performs consistently. for my use case, this is a keeper. on the other hand, the drainage motor remains average, which makes the overall picture more mixed. not great tbh.",positive,positive,0.9997689127922058,True,washing_machine,washing_machine,0.9996355772018433,True,limited,0,0,0,1,long,1,1,stood_out,,,,
prediction_record,20260818T204035Z_github-32183473018,0,incoming,,,,,,,,,12191,"After repeated use under comparable conditions, the wirleess connection is what stood out after taking it on a trip; it works well even outside my usual routine. someone else in the house noticed it too.",positive,positive,0.9813822507858276,True,television,refrigerator,0.8514037728309631,False,technical,0,0,1,0,long,0,0,stood_out,,,,
prediction_record,20260818T204035Z_github-32183473018,0,incoming,,,,,,,,,12192,The rinse program is what stood out after a few weeks of mixed use; it keeps getting in the way. I noticed the change only in the new situation. I am considernig a replacement.,negative,negative,0.9999781847000122,True,washing_machine,washing_machine,0.998336672782898,True,advanced,0,0,1,0,long,0,0,stood_out,,,,
prediction_record,20260818T204035Z_github-32183473018,0,incoming,,,,,,,,,12193,"After repeated use under comparable conditions, i did not pay much attention to the wash drum at first, but after taking it on a trip it feels ordinray after more use.",neutral,neutral,0.7030191421508789,True,washing_machine,washing_machine,0.9975799322128296,True,technical,0,0,1,0,medium,0,0,attention,,,,
prediction_record,20260818T204035Z_github-32183473018,0,incoming,,,,,,,,,12194,"ngl, the vibration is what stood out outside my normal routine; has not given me trouble. the difference clearer after a few more days.",positive,negative,0.9902162551879883,False,washing_machine,refrigerator,0.8815819025039673,False,limited,0,0,0,1,medium,0,0,stood_out,,,,
prediction_record,20260818T204035Z_github-32183473018,0,incoming,,,,,,,,,12195,"After repeated use under comparable conditions, after coming back to it after a few days, the thermostat is difficult to trust. someone else in the house noticed it too. That said, the shelf layout continues to work without drama, so the experience is not completely one-sided. 😐",negative,negative,0.9999735355377197,True,refrigerator,refrigerator,0.9982484579086304,True,technical,0,1,0,0,long,1,1,context_component,,,,
prediction_record,20260818T204035Z_github-32183473018,0,incoming,,,,,,,,,12196,The wireless connection is what stood out after coming back to it after a few days; it fails in routine use. This shit should not be happening in routine use.,negative,negative,0.9999827146530151,True,television,refrigerator,0.9784076809883118,False,advanced,1,0,0,0,medium,0,0,stood_out,,,,
prediction_record,20260818T204035Z_github-32183473018,0,incoming,,,,,,,,,12197,The door warning is what stood out after coming back to it after a few days; it works normally. I do not feel strongly either way. The damn thing is basically fine.,neutral,neutral,0.9999208450317383,True,refrigerator,refrigerator,0.9654901623725891,True,advanced,1,0,0,0,medium,0,0,stood_out,,,,
prediction_record,20260818T204035Z_github-32183473018,0,incoming,,,,,,,,,12198,"real talk, my main impression of this cell phone comes from the call quality: it holds up better than expected when someone else in the house used it. I repeated the check before writing this. I would buy it again.",positive,positive,0.9997554421424866,True,smartphone,smartphone,0.9995741248130798,True,standard,0,0,0,1,long,0,0,main_impression,,,,
prediction_record,20260818T204035Z_github-32183473018,0,incoming,,,,,,,,,12199,my main impression of this laundry unit comes from the wash drum: it has been a pleasant surprise during a heavier-than-usual day. someone else in the house noticed it too.,positive,negative,0.9995749592781067,False,washing_machine,washing_machine,0.9995212554931641,True,informal,0,0,0,0,medium,0,0,main_impression,,,,
prediction_record,20260818T204035Z_github-32183473018,0,incoming,,,,,,,,,12200,"After repeated use under comparable conditions, honestly tho, outside my normal routine, the call quality breaks down when conditions change. I noticed the change only in the new situation. I am tired of this crap.",negative,negative,0.9946830868721008,True,smartphone,washing_machine,0.56024569272995,False,technical,1,0,0,1,long,0,0,context_component,,,,
prediction_record,20260818T204035Z_github-32183473018,0,incoming,,,,,,,,,12201,"After a few weeks of mixed use, I noticed that the touch panel on this mobile is acceptable but unremarkable. I noticed the hcange only in the new situation. I can live with it.",neutral,neutral,0.9913867115974426,True,smartphone,washing_machine,0.39961349964141846,False,standard,0,0,1,0,long,0,1,noticed,,,,
prediction_record,20260818T204035Z_github-32183473018,0,incoming,,,,,,,,,12202,"After coming back to it after a few days, I noticed that the controller on this video panel fails in normal use. someone else in the house noticed it too. kinda wild.",negative,negative,0.9999605417251587,True,television,washing_machine,0.7397637367248535,False,standard,0,0,0,1,medium,0,0,noticed,,,,
prediction_record,20260818T204035Z_github-32183473018,0,incoming,,,,,,,,,12203,"Across repeated observations, after using it for work and at home, I noticed that the door latch on this front-loading washer has turned into a recurring problem. the behavior persisted across several attempts. This shit should not be happening in normal use.",negative,negative,0.9998612403869629,True,washing_machine,washing_machine,0.9966357350349426,True,technical,1,0,0,0,long,0,0,noticed,,,,
prediction_record,20260818T204035Z_github-32183473018,0,incoming,,,,,,,,,12204,the rinse program is what stood out after coming back to it after a few days; it works normally. i don't feel strongly either way.,neutral,neutral,0.9824548363685608,True,washing_machine,washing_machine,0.994911253452301,True,informal,0,0,0,0,medium,0,0,stood_out,,,,
prediction_record,20260818T204035Z_github-32183473018,0,incoming,,,,,,,,,12205,"After coming back to it after a few days, I noticed that the ice system on this main fridge has been a pleasant surprise. the behavior persisted across several attempts. I plan to keep using it. I expected some crap here, but it has actually held up.",positive,positive,0.9998281002044678,True,refrigerator,washing_machine,0.964726448059082,False,advanced,1,0,0,0,long,0,1,noticed,,,,
prediction_record,20260818T204035Z_github-32183473018,0,incoming,,,,,,,,,12206,"From a practical reliability standpoint, lowkey, i have been useing this food cooler after coming back to it after a few days, and the inside lighting feels dependable in daily use. On the other hand, the thermostat fails in normal use, which makes the overall picture more mixed.",positive,negative,0.9999332427978516,False,refrigerator,refrigerator,0.9991490840911865,True,technical,0,0,1,1,long,1,0,context_component,,,,
prediction_record,20260818T204035Z_github-32183473018,0,incoming,,,,,,,,,12207,"I have been using this video panel after taking it on a trip, and the streaming menu is difficult to trust. someone else in the house noticed it too.",negative,neutral,0.49526241421699524,False,television,television,0.9996325969696045,True,advanced,0,0,0,0,medium,0,0,using,,,,
prediction_record,20260818T204035Z_github-32183473018,0,incoming,,,,,,,,,12208,"Under a representative operating profile, when someone else in the house used it, I noticed that the controller on this video panel is difficult to trust.",negative,negative,0.6500113010406494,True,television,washing_machine,0.6042473316192627,False,technical,0,0,0,0,medium,0,0,noticed,,,,
prediction_record,20260818T204035Z_github-32183473018,0,incoming,,,,,,,,,12209,"tbh, after changing a few settings, the fill valve works well even outside my usual routien. i tried the same thing again later and got a similar result.",positive,positive,0.7022129893302917,True,washing_machine,washing_machine,0.3932335674762726,True,informal,0,0,1,1,medium,0,0,context_component,,,,
prediction_record,20260818T204035Z_github-32183473018,0,incoming,,,,,,,,,12210,"real talk, outside my normal routine, the built-in audio fails in normal use. someone in the house noticed it too. i would hesitate to buy it again.",negative,negative,0.9999843835830688,True,television,refrigerator,0.9788411259651184,False,limited,0,0,0,1,medium,0,0,context_component,,,,
prediction_record,20260818T204035Z_github-32183473018,0,incoming,,,,,,,,,12211,"When someone else in the house used it, I noticed that the built-in audio on this screen unit still performs consistently. Damn, I did not expect this part to be this solid.",positive,positive,0.9998911619186401,True,television,television,0.9995926022529602,True,advanced,1,0,0,0,medium,0,0,noticed,,,,
prediction_record,20260818T204035Z_github-32183473018,0,incoming,,,,,,,,,12212,my main impression of this daily driver comes from fingerprint it has not given me trouble after a few weeks of mixed use.,positive,negative,0.9962508082389832,False,smartphone,refrigerator,0.9929482936859131,False,limited,0,0,0,0,medium,0,0,main_impression,,,,
prediction_record,20260818T204035Z_github-32183473018,0,incoming,,,,,,,,,12213,"tbh, after taking it on a trip, I noticed that the spin program on this front-lodaing washer is neither impressive nor bad. I repeated the check before writing this. I would neither recommend it nor warn people away.",neutral,neutral,0.9999579191207886,True,washing_machine,washing_machine,0.9995655417442322,True,advanced,0,0,1,1,long,0,0,noticed,,,,
prediction_record,20260818T204035Z_github-32183473018,0,incoming,,,,,,,,,12214,My main impression of this new washer comes from the drainage motor: it has turned into a recurring problem outside my normal routine.,negative,negative,0.9134693145751953,True,washing_machine,washing_machine,0.8504533171653748,True,standard,0,0,0,0,medium,0,1,main_impression,,,,
prediction_record,20260818T204035Z_github-32183473018,0,incoming,,,,,,,,,12215,"From a practical reliability standpoint, my main impression of this TV set comes from the panel lighting: it is acceptable but unremarkable after changing a few settings. this was different from my first impression. my opinion is still basically in the middle. The wireless connection tells a different story because it works well even outside my usual routine. It is not amazing, but it is not bullshit either.",neutral,neutral,0.9881711006164551,True,television,television,0.9996553659439087,True,technical,1,0,0,0,long,1,0,main_impression,,,,
prediction_record,20260818T204035Z_github-32183473018,0,incoming,,,,,,,,,12216,"lowkey, i have been using this cold-storage unit after using it for work and at home, and the inside lighting feels dependable in daily use. i repeated the check before writing this.",positive,neutral,0.9960454106330872,False,refrigerator,refrigerator,0.9823962450027466,True,limited,0,0,0,1,medium,0,1,using,,,,
prediction_record,20260818T204035Z_github-32183473018,0,incoming,,,,,,,,,12217,"outside my normal routine, the network reception does the job. i can live with it.",neutral,neutral,0.9778392314910889,True,smartphone,smartphone,0.9913653135299683,True,limited,0,0,0,0,medium,0,1,context_component,,,,
prediction_record,20260818T204035Z_github-32183473018,0,incoming,,,,,,,,,12218,"i did pay much attention to the sports motion at first, but after a few weeks of mixed use it has not changed my opinion much. i tried the same thing again later and got a similar result.",neutral,neutral,0.9936457872390747,True,television,television,0.9996246099472046,True,limited,0,0,0,0,long,0,0,context_component,,,,
prediction_record,20260818T204035Z_github-32183473018,0,incoming,,,,,,,,,12219,the wireless connection is what stood out outside my normal routine; it breaks down when conditions change. a second check gave me the same result.,negative,negative,0.7926863431930542,True,television,refrigerator,0.8587766885757446,False,informal,0,0,0,0,medium,0,0,stood_out,,,,
prediction_record,20260818T204035Z_github-32183473018,0,incoming,,,,,,,,,12220,"i did not pay much attention to the network reception at first, but when someone else in the house used it it is neither impressive nor bad. someone else in the house noticed it too. there is not much else to say. 🙂",neutral,neutral,0.9999345541000366,True,smartphone,smartphone,0.9995825886726379,True,informal,0,1,0,0,long,0,0,attention,,,,
prediction_record,20260818T204035Z_github-32183473018,0,incoming,,,,,,,,,12221,"after coming back to it after a few days, the freezer compartment is difficult to trust. this was different from my first impression.",negative,negative,0.9818565249443054,True,refrigerator,refrigerator,0.9942952990531921,True,limited,0,0,0,0,medium,0,0,context_component,,,,
prediction_record,20260818T204035Z_github-32183473018,0,incoming,,,,,,,,,12222,the gasket is what stood out during a heavier-than-usual day; it has not given me trouble. a second cehck gave me the same result.,positive,negative,0.9972149133682251,False,refrigerator,refrigerator,0.9060999155044556,True,limited,0,0,1,0,medium,0,0,stood_out,,,,
prediction_record,20260818T204035Z_github-32183473018,0,incoming,,,,,,,,,12223,my main impression of this television set comes from the panel lighting: it is acceptable but unremarkable after taking it on a trip. someone else in the house noticed it too.,neutral,negative,0.8134645819664001,False,television,television,0.9996709823608398,True,informal,0,0,0,0,medium,0,0,main_impression,,,,
prediction_record,20260818T204035Z_github-32183473018,0,incoming,,,,,,,,,12224,"After a few weeks of mixed use, the vibration feels dependable in daily use. I noticed the change only in the new situation. I expected some crap here, but it has actually held up.",positive,positive,0.8572374582290649,True,washing_machine,refrigerator,0.6492670178413391,False,standard,1,0,0,0,long,0,0,context_component,,,,
prediction_record,20260818T204035Z_github-32183473018,0,incoming,,,,,,,,,12225,"i did not pay much attention to the fill valve at first, but after using it for work and at it feels ordinary after more use.",neutral,neutral,0.9837047457695007,True,washing_machine,refrigerator,0.5230227112770081,False,limited,0,0,0,0,medium,0,0,attention,,,,
prediction_record,20260818T204035Z_github-32183473018,0,incoming,,,,,,,,,12226,"During a heavier-than-usual day, the thermostat fails in routine use. The door warning tells a different story because it holds up better than expected.",negative,negative,0.99993896484375,True,refrigerator,washing_machine,0.9724867939949036,False,advanced,0,0,0,0,medium,1,0,context_component,,,,
prediction_record,20260818T204035Z_github-32183473018,0,incoming,,,,,,,,,12227,"Across repeated observations, my main impression of this work phone comes from the apps: it has not changed my opinion much when someone else in the house used it. the difference became clearer after a few more days. there is not much else to say.",neutral,neutral,0.9996683597564697,True,smartphone,smartphone,0.9995816349983215,True,technical,0,0,0,0,long,0,0,main_impression,,,,
prediction_record,20260818T204035Z_github-32183473018,0,incoming,,,,,,,,,12228,My main impression of this machine comes from the soap tray: it is neither impressive nor bad after coming back to it after a few days. the behavior persisted across several attempts.,neutral,neutral,0.9998735189437866,True,washing_machine,refrigerator,0.7655177712440491,False,standard,0,0,0,0,medium,0,0,main_impression,,,,
prediction_record,20260818T204035Z_github-32183473018,0,incoming,,,,,,,,,12229,"After using it for work and at home, the network reception has been a pleasant surprise. I noticed the change only in the new situation. pretty solid ngl. Honestly 🤷",positive,positive,0.6402266621589661,True,smartphone,smartphone,0.999618411064148,True,standard,0,1,0,1,medium,0,0,context_component,,,,
prediction_record,20260818T204035Z_github-32183473018,0,incoming,,,,,,,,,12230,"after taking it on a trip, the door warning has become increasingly unreliable. the behavior persisted across several attempts. on the other hand, the thermostat is neither impressive nor bad, makes the overall picture more mixed. this is damn annoying.",negative,negative,0.9999895095825195,True,refrigerator,refrigerator,0.9974258542060852,True,limited,1,0,0,0,long,1,1,context_component,,,,
prediction_record,20260818T204035Z_github-32183473018,0,incoming,,,,,,,,,12231,"i did not pay much attention to the panel lighting at first, but during a heavier-than-usual day it has become increasingly unreliabel.",negative,negative,0.9817983508110046,True,television,washing_machine,0.9992062449455261,False,informal,0,0,1,0,medium,0,0,attention,,,,
prediction_record,20260818T204035Z_github-32183473018,0,incoming,,,,,,,,,12232,"Under a representative operating profile, i have been useing this video panel after taking it on a trip, and the panel lighting has turned into a recurring problem. a second check gave me the same result. This is damn annoying.",negative,negative,0.9978786706924438,True,television,washing_machine,0.9979745745658875,False,technical,1,0,1,0,long,0,1,context_component,,,,
prediction_record,20260818T204035Z_github-32183473018,0,incoming,,,,,,,,,12233,"i have been using this machine after taking it on a trip, and the door latch is acceptable but unremarkable. someone else in the house noticed it too.",neutral,neutral,0.9586167931556702,True,washing_machine,refrigerator,0.6913403272628784,False,informal,0,0,0,0,medium,0,0,using,,,,
prediction_record,20260818T204035Z_github-32183473018,0,incoming,,,,,,,,,12234,"fr, after coming back to it after a few days, i noticed that the door latch on this front-loading washer has turned into a recurring problem. on the other hand, the cycle controls still performs consistently, which makes the overall picture more mixed.",negative,positive,0.9996532201766968,False,washing_machine,washing_machine,0.999390721321106,True,informal,0,0,0,1,long,1,0,noticed,,,,
prediction_record,20260818T204035Z_github-32183473018,0,incoming,,,,,,,,,12235,"imo, i have been using this refrigeration unit when someone else in the house used it, and the thermostat is fine for what it is.",neutral,neutral,0.9964428544044495,True,refrigerator,refrigerator,0.7576772570610046,True,standard,0,0,0,1,medium,0,0,using,,,,
prediction_record,20260818T204035Z_github-32183473018,0,incoming,,,,,,,,,12236,my main imperssion of this wash comes from the rinse program: it has been a disappointment after changing a few settings. the difference became clearer a few more days.,negative,negative,0.9695326685905457,True,washing_machine,washing_machine,0.5290647149085999,True,limited,0,0,1,0,medium,0,0,context_component,,,,
prediction_record,20260818T204035Z_github-32183473018,0,incoming,,,,,,,,,12237,My main impression of this main fridge comes from the freezer compartment: it is difficult to trust when someone else in the house used it. I repeated the check before writing this. I am considering a replacement. I am tired of this crap.,negative,negative,0.9999830722808838,True,refrigerator,refrigerator,0.9982011318206787,True,standard,1,0,0,0,long,0,0,main_impression,,,,
prediction_record,20260818T204035Z_github-32183473018,0,incoming,,,,,,,,,12238,the shelf layout is what stood out after taking it on a trip; it fails in normal use. i tried the same thing again later and got a similar result. i am already looking at alternatives.,negative,negative,0.9999871253967285,True,refrigerator,refrigerator,0.9174900650978088,True,informal,0,0,0,0,long,0,0,stood_out,,,,
prediction_record,20260818T204035Z_github-32183473018,0,incoming,,,,,,,,,12239,"Across repeated observations, the sports motion is what stood out after using it for work and at home; it is fine for what it is. the difference became clearer after a few more days. I would neither recommend it nor warn people away. The streaming menu tells a different story because it keeps getting in the way.",neutral,neutral,0.9999222755432129,True,television,television,0.9996343851089478,True,technical,0,0,0,0,long,1,0,stood_out,,,,
prediction_record,20260818T204035Z_github-32183473018,0,incoming,,,,,,,,,12240,the thremostat is what stood out when someone else in the house used it; it fails in normal use. i repeated the check before writing this. i am already looking at alternatives.,negative,negative,0.9999839067459106,True,refrigerator,refrigerator,0.9852144122123718,True,informal,0,0,1,0,medium,0,0,stood_out,,,,
prediction_record,20260818T204035Z_github-32183473018,0,incoming,,,,,,,,,12241,"After coming back to it after a few days, the earpiece feels ordinary after more use. I repeated the check before writing this. my opinion is still basically in the middle.",neutral,neutral,0.9998788833618164,True,smartphone,refrigerator,0.9753350615501404,False,advanced,0,0,0,0,medium,0,0,context_component,,,,
prediction_record,20260818T204035Z_github-32183473018,0,incoming,,,,,,,,,12242,"After using it for work and at home, I noticed that the earpiece on this cell phone holds up better than expected. someone else in the house noticed it too.",positive,positive,0.9956657290458679,True,smartphone,smartphone,0.9995248317718506,True,advanced,0,0,0,0,medium,0,0,noticed,,,,
prediction_record,20260818T204035Z_github-32183473018,0,incoming,,,,,,,,,12243,"outside my normal routine, the drainage motor holds up better than expected.",positive,positive,0.9635065793991089,True,washing_machine,washing_machine,0.6689128875732422,True,informal,0,0,0,0,short,0,0,context_component,,,,
prediction_record,20260818T204035Z_github-32183473018,0,incoming,,,,,,,,,12244,"Under ordinary operating conditions, i have been using this video panel after changing a few settings, and the panel lighting has become increasingly unreliable. the difference became clearer after a few more days. this is the part that makes me regret the purchase. This shit should not be happening in normal use.",negative,negative,0.9999910593032837,True,television,washing_machine,0.9995293617248535,False,technical,1,0,0,0,long,0,1,using,,,,
prediction_record,20260818T204035Z_github-32183473018,0,incoming,,,,,,,,,12245,my main impression of this laundry unit comes from the vibration: it continues to work without drama after changing a few settings. a second check gave me the same result. i plan to keep using it. Honestly 🤔,positive,positive,0.9545485377311707,True,washing_machine,refrigerator,0.49231287837028503,False,informal,0,1,0,0,long,0,0,main_impression,,,,
prediction_record,20260818T204035Z_github-32183473018,0,incoming,,,,,,,,,12246,"i did not pay much attention the wireless connection at first, but after a few weeks of mixed use it continues to work without drama. the difference became clearer after a few more days. i plan to keep using it.",positive,positive,0.9496285319328308,True,television,washing_machine,0.3832586109638214,False,limited,0,0,0,0,long,0,1,attention,,,,
prediction_record,20260818T204035Z_github-32183473018,0,incoming,,,,,,,,,12247,"After a few weeks of mixed use, I noticed that the wash drum on this clothes washer does the job. I tried the same thing again later and got a similar result.",neutral,neutral,0.999188244342804,True,washing_machine,washing_machine,0.9995161294937134,True,standard,0,0,0,0,medium,0,0,noticed,,,,
prediction_record,20260818T204035Z_github-32183473018,0,incoming,,,,,,,,,12248,the video input what stood out after taking it on a trip; it keeps getting in the way.,negative,negative,0.9708535671234131,True,television,television,0.9995424747467041,True,limited,0,0,1,0,medium,0,0,context_component,,,,
prediction_record,20260818T204035Z_github-32183473018,0,incoming,,,,,,,,,12249,"Under a representative operating profile, i did not pay much attention to the spin program at first, but after coming back to it after a few days it feels ordinary after more use. this was different from my first impression.",neutral,neutral,0.9687111973762512,True,washing_machine,washing_machine,0.4251350462436676,True,technical,0,0,0,0,long,0,1,attention,,,,
prediction_record,20260818T204035Z_github-32183473018,0,incoming,,,,,,,,,12250,my main impression of this tv set comes from built-in audio: it feels dependable in daily use taking it on a trip. the difference became clearer after a few more days. it has earned my confidence.,positive,negative,0.8524340987205505,False,television,television,0.9996932744979858,True,limited,0,0,0,0,long,0,0,main_impression,,,,
prediction_record,20260818T204035Z_github-32183473018,0,incoming,,,,,,,,,12251,"after changing a few settings, i noticed that the panel lighting on this screen unit still performs consistently. a second check gave me the same result.",positive,positive,0.9997046589851379,True,television,television,0.9995132684707642,True,informal,0,0,0,0,medium,0,0,noticed,,,,
prediction_record,20260818T204035Z_github-32183473018,0,incoming,,,,,,,,,12252,"From a practical reliability standpoint, the cooling motor is what stood out when someone else in the house used it; it fails in normal use. the behavior persisted across several attempts. This shit should not be happening in normal use. lol.",negative,negative,0.9999862909317017,True,refrigerator,refrigerator,0.9987984895706177,True,technical,1,0,0,1,long,0,0,stood_out,,,,
prediction_record,20260818T204035Z_github-32183473018,0,incoming,,,,,,,,,12253,"after changing a few settings, the thermostat is fine for what it is. the behavior persisted across attempts. there is not much else to say.",neutral,neutral,0.9999285936355591,True,refrigerator,refrigerator,0.5917898416519165,True,limited,0,0,0,0,medium,0,0,context_component,,,,
prediction_record,20260818T204035Z_github-32183473018,0,incoming,,,,,,,,,12254,"After using it for work and at home, the touch panel feels ordinary after more use. someone else in the house noticed it too.",neutral,neutral,0.9990912675857544,True,smartphone,washing_machine,0.9948861002922058,False,advanced,0,0,0,0,medium,0,0,context_component,,,,
prediction_record,20260818T204035Z_github-32183473018,0,incoming,,,,,,,,,12255,My main impression of this cell phone comes from the USB port: it continues to work without drama after a few weeks of mixed use. I noticed the change only in the new situation. I would buy it again. The damn thing surprised me in a good way.,positive,negative,0.9999483823776245,False,smartphone,smartphone,0.9996157884597778,True,standard,1,0,0,0,long,0,1,main_impression,,,,
prediction_record,20260818T204035Z_github-32183473018,0,incoming,,,,,,,,,12256,"i did not pay much attention to the freezer compartment at first, but after taking it on a trip it has been disappointment. the difference became clearer after a few more days.",negative,negative,0.7239784598350525,True,refrigerator,refrigerator,0.9980283379554749,True,limited,0,0,0,0,medium,0,1,attention,,,,
prediction_record,20260818T204035Z_github-32183473018,0,incoming,,,,,,,,,12257,"Under ordinary operating conditions, after changing a few settings, the freezer compartment has not changed my opinion much. the difference became clearer after a few more days.",neutral,neutral,0.8942481279373169,True,refrigerator,refrigerator,0.9977940320968628,True,technical,0,0,0,0,medium,0,0,context_component,,,,
prediction_record,20260818T204035Z_github-32183473018,0,incoming,,,,,,,,,12258,"After repeated use under comparable conditions, honestly tho, i have been using this screen unit after a few weeks of mixed use, and the picture quality has been a pleasant surprise. someone else in the house noticed it too.",positive,negative,0.9045019745826721,False,television,television,0.9996761083602905,True,technical,0,0,0,1,long,0,0,using,,,,
prediction_record,20260818T204035Z_github-32183473018,0,incoming,,,,,,,,,12259,"i did not pay much attention to the wash drum at first, but after using it for work and at home it has not given me trouble. the behavior persisted across several attempts.",positive,negative,0.964731752872467,False,washing_machine,washing_machine,0.9994346499443054,True,informal,0,0,0,0,medium,0,1,attention,,,,
prediction_record,20260818T204035Z_github-32183473018,0,incoming,,,,,,,,,12260,"Under ordinary operating conditions, i did not pay much attention to the fingerprint reader at first, but outside my normal routine it still performs consistently.",positive,positive,0.9961104989051819,True,smartphone,refrigerator,0.5454270243644714,False,technical,0,0,0,0,medium,0,0,attention,,,,
prediction_record,20260818T204035Z_github-32183473018,0,incoming,,,,,,,,,12261,"after taking it on a trip, i noticed that the video input on this tv set has been a disappointment. i repeated the before writing this. would not rely on it.",negative,negative,0.9891582727432251,True,television,television,0.9996229410171509,True,limited,0,0,0,0,medium,0,0,noticed,,,,
prediction_record,20260818T204035Z_github-32183473018,0,incoming,,,,,,,,,12262,"The network reception is what stood out after taking it on a trip; it holds up better than expected. overall I am happy with it. I expected some crap here, but it has actually held up.",positive,positive,0.9998676776885986,True,smartphone,smartphone,0.999596893787384,True,standard,1,0,0,0,long,0,1,stood_out,,,,
prediction_record,20260818T204035Z_github-32183473018,0,incoming,,,,,,,,,12263,"after using it for work and at home, noticed that the wireless connection on this screen unit feels in daily use. i noticed the change only in the new situation.",positive,neutral,0.9980619549751282,False,television,television,0.9994701743125916,True,limited,0,0,0,0,medium,0,0,context_component,,,,
prediction_record,20260818T204035Z_github-32183473018,0,incoming,,,,,,,,,12264,"i did not pay much attention to the shelf layout at first, but after changing a few settings it continues to work without drama. i have stopped worrying about this of the product. i some crap here, but it has actually held up.",positive,positive,0.9998027682304382,True,refrigerator,refrigerator,0.7079129815101624,True,limited,1,0,0,0,long,0,0,attention,,,,
prediction_record,20260818T204035Z_github-32183473018,0,incoming,,,,,,,,,12265,"imo, my main impression of this machine comes from the wash drum: it fails in normal use after changing a few settings. the difference became after a few more days. this needs to imrpove.",negative,negative,0.9999798536300659,True,washing_machine,washing_machine,0.994819700717926,True,limited,0,0,1,1,long,0,0,main_impression,,,,
prediction_record,20260818T204035Z_github-32183473018,0,incoming,,,,,,,,,12266,my main impression of this video panel comes from the panel lighting: it feels dependable in daily use after using it for work and home. the behavior persisted across several attempts. i plan to keep uisng it.,positive,positive,0.5461772084236145,True,television,washing_machine,0.9996294975280762,False,limited,0,0,1,0,long,0,0,main_impression,,,,
prediction_record,20260818T204035Z_github-32183473018,0,incoming,,,,,,,,,12267,"Under ordinary operating conditions, i have been using this pocket device after taking it on a trip, and the touch panel is difficult to trust. I noticed the change only in the new situation. this needs to improve. 🙃",negative,negative,0.6942260265350342,True,smartphone,smartphone,0.999626636505127,True,technical,0,1,0,0,long,0,0,using,,,,
prediction_record,20260818T204035Z_github-32183473018,0,incoming,,,,,,,,,12268,the earpiece is what stood out after changing a few settings; it has been a pleasant surprise.,positive,positive,0.6005524396896362,True,smartphone,refrigerator,0.7992725968360901,False,informal,0,0,0,0,medium,0,1,stood_out,,,,
prediction_record,20260818T204035Z_github-32183473018,0,incoming,,,,,,,,,12269,"I have been using this screen unit after a few weeks of mixed use, and the sports motion has become increasingly unreliable. I repeated the check before writing this. On the other hand, the interface is fine for what it is, which makes the on balance picture more mixed.",negative,negative,0.9999755620956421,True,television,television,0.9996743202209473,True,advanced,0,0,0,0,long,1,0,using,,,,
prediction_record,20260818T204035Z_github-32183473018,0,incoming,,,,,,,,,12270,"When someone else in the house used it, the earpiece works well even outside my usual routine. someone else in the house noticed it too. The damn thing surprised me in a good way.",positive,positive,0.9132058024406433,True,smartphone,refrigerator,0.9709356427192688,False,advanced,1,0,0,0,long,0,0,context_component,,,,
prediction_record,20260818T204035Z_github-32183473018,0,incoming,,,,,,,,,12271,"after using it for work and at home, the controller has stayed dependable. i have stopped worrying about this part of the product.",positive,positive,0.9976632595062256,True,television,refrigerator,0.43467965722084045,False,informal,0,0,0,0,medium,0,1,context_component,,,,
prediction_record,20260818T204035Z_github-32183473018,0,incoming,,,,,,,,,12272,"I did not pay much attention to the inside lighting at first, but when someone else in the house used it it has been a disappointment. someone else in the house noticed it too. That said, the ice system works normally, so the experience is not completely one-sided.",negative,negative,0.9999673366546631,True,refrigerator,refrigerator,0.9984799027442932,True,advanced,0,0,0,0,long,1,1,attention,,,,
prediction_record,20260818T204035Z_github-32183473018,0,incoming,,,,,,,,,12273,"i did not pay much attention to the door latch at first, but after useing it for work and at home it is neither impressive nor bad. someone else in the house noticed it too.",neutral,neutral,0.9996601343154907,True,washing_machine,refrigerator,0.8739334940910339,False,informal,0,0,1,0,long,0,1,attention,,,,
prediction_record,20260818T204035Z_github-32183473018,0,incoming,,,,,,,,,12274,My main impression of this video panel comes from the panel lighting: it is difficult to trust after taking it on a trip. I noticed the change only in the new situation.,negative,negative,0.9739583730697632,True,television,washing_machine,0.9995860457420349,False,standard,0,0,0,0,medium,0,1,main_impression,,,,
prediction_record,20260818T204035Z_github-32183473018,0,incoming,,,,,,,,,12275,"i did not pay much attention to the panel lighting at first, but after coming back to it after a few days it has been a disappointment.",negative,negative,0.7282935976982117,True,television,washing_machine,0.9992097616195679,False,informal,0,0,0,0,medium,0,1,attention,,,,
prediction_record,20260818T204035Z_github-32183473018,0,incoming,,,,,,,,,12276,"the cooling motor is what stood out after using it for work and at home; it holds up better than expected. this was different from my first impression. damn, i did not expect this part to be this solid. 👍",positive,positive,0.999861478805542,True,refrigerator,refrigerator,0.9982762336730957,True,informal,1,1,0,0,long,0,0,stood_out,,,,
prediction_record,20260818T204035Z_github-32183473018,0,incoming,,,,,,,,,12277,"i did not pay much attention to the earpiece at first, outside my normal routine it feels ordinary after more use. i do not feel strongly either way.",neutral,neutral,0.9994768500328064,True,smartphone,smartphone,0.4524170756340027,True,limited,0,0,0,0,medium,0,0,attention,,,,
prediction_record,20260818T204035Z_github-32183473018,0,incoming,,,,,,,,,12278,"I have been using this bedroom TV after changing a few settings, and the sports motion feels dependable in daily use. this was different from my first impression. I expected some crap here, but it has actually held up. for real.",positive,positive,0.962672770023346,True,television,television,0.9996476173400879,True,advanced,1,0,0,1,long,0,0,using,,,,
prediction_record,20260818T204035Z_github-32183473018,0,incoming,,,,,,,,,12279,"I have been using this front-loading washer after a few weeks of mixed use, and the cycle controls is difficult to trust. I noticed the change only in the new situation. I would not rely on it.",negative,neutral,0.6582184433937073,False,washing_machine,washing_machine,0.9996292591094971,True,advanced,0,0,0,0,long,0,0,using,,,,
prediction_record,20260818T204035Z_github-32183473018,0,incoming,,,,,,,,,12280,"not gonna lie, the inside lighting is what stood out aftre changing a few settings; it has not given me trouble. i tried the same thing again later and got a similar result. it has earned my confidence.",positive,negative,0.9989312291145325,False,refrigerator,refrigerator,0.9984931945800781,True,informal,0,0,1,1,long,0,0,stood_out,,,,
prediction_record,20260818T204035Z_github-32183473018,0,incoming,,,,,,,,,12281,"After changing a few settings, the controller does the job. there is not much else to say.",neutral,neutral,0.999636173248291,True,television,refrigerator,0.43752169609069824,False,advanced,0,0,0,0,medium,0,0,context_component,,,,
prediction_record,20260818T204035Z_github-32183473018,0,incoming,,,,,,,,,12282,"Across repeated observations, i did not pay much attention to the cycle controls at first, but after useing it for work and at home it remains basically average. I tried the same thing again later and got a similar result. There is no major crap to complain about here.",neutral,neutral,0.9999576807022095,True,washing_machine,washing_machine,0.5299089550971985,True,technical,1,0,1,0,long,0,1,attention,,,,
prediction_record,20260818T204035Z_github-32183473018,0,incoming,,,,,,,,,12283,"honestly tho, i have been useing this main fridge after useing it for work and at home, and the shelf layout has been a disappointment. the behavior persisted across several attempts. that said, the door warning remains basically average, so the experience is not completely one-sided.",negative,neutral,0.9599276185035706,False,refrigerator,refrigerator,0.9981898665428162,True,informal,0,0,1,1,long,1,0,context_component,,,,
prediction_record,20260818T204035Z_github-32183473018,0,incoming,,,,,,,,,12284,The cooling motor is what stood out after changing a few settings; it keeps getting in the way. I tried the same thing aagin later and got a similar result.,negative,negative,0.9998437166213989,True,refrigerator,refrigerator,0.9981398582458496,True,standard,0,0,1,0,medium,0,0,stood_out,,,,
prediction_record,20260818T204035Z_github-32183473018,0,incoming,,,,,,,,,12285,"not gonna lie, outside my normal routine, the gasket has become increasingly unreliable. a second check gave me the same result. i would not rely on it. on the other hand, the ice system remains basically average, which makes the overall picture more mixed.",negative,negative,0.9999784231185913,True,refrigerator,refrigerator,0.9993765950202942,True,informal,0,0,0,1,long,1,0,context_component,,,,
prediction_record,20260818T204035Z_github-32183473018,0,incoming,,,,,,,,,12286,The wireless connection is what stood out outside my normal routine; it has not changed my opinion much. I tried the same thing again later and got a similar result.,neutral,neutral,0.981357216835022,True,television,refrigerator,0.9586744904518127,False,standard,0,0,0,0,medium,0,0,stood_out,,,,
prediction_record,20260818T204035Z_github-32183473018,0,incoming,,,,,,,,,12287,"After coming back to it after a few days, the call quailty is fine for what it is. I tried the same thing again later and got a similar result.",neutral,neutral,0.9998923540115356,True,smartphone,refrigerator,0.8924465775489807,False,advanced,0,0,1,0,medium,0,0,context_component,,,,
prediction_record,20260818T204035Z_github-32183473018,0,incoming,,,,,,,,,12288,"i have been using this machine during a heavier-than-usual day, and the door latch feels dependable in daily use. i noticed the change only in the new situation. 😅",positive,neutral,0.7775140404701233,False,washing_machine,refrigerator,0.5666800737380981,False,informal,0,1,0,0,medium,0,1,using,,,,
prediction_record,20260818T204035Z_github-32183473018,0,incoming,,,,,,,,,12289,"honestly tho, the fingerprint reader is what stood out when someone else in the house used it; it has stayed dependable. this was different from my first impression. The damn thing surprised me in a good way. 🙃",positive,negative,0.9997021555900574,False,smartphone,refrigerator,0.9969515800476074,False,advanced,1,1,0,1,long,0,0,stood_out,,,,
prediction_record,20260818T204035Z_github-32183473018,0,incoming,,,,,,,,,12290,"My main impression of this laundry unit comes from the door latch: it remains basically average after taking it on a trip. a second check gave me the same result. Honestly, the damn thing is just average.",neutral,neutral,0.9999717473983765,True,washing_machine,smartphone,0.46746233105659485,False,standard,1,0,0,0,long,0,1,main_impression,,,,
prediction_record,20260818T204035Z_github-32183473018,0,incoming,,,,,,,,,12291,"tbh, after taking it on a trip, i noticed that the interface on this video panel has turned into recurring problem. i noticed the change only in the new situation.",negative,negative,0.7235299348831177,True,television,washing_machine,0.9112817049026489,False,limited,0,0,0,1,medium,0,0,noticed,,,,
prediction_record,20260818T204035Z_github-32183473018,0,incoming,,,,,,,,,12292,"Under ordinary operating conditions, i did not pay much attention to the built-in audio at first, but when someone else in the house used it it fails in normal use. I tried the same thing again later and got a similar result. this is the part that makes me regret the purchase. The damn thing keeps getting in the way.",negative,negative,0.9999904632568359,True,television,refrigerator,0.9977306723594666,False,technical,1,0,0,0,long,0,0,attention,,,,
prediction_record,20260818T204035Z_github-32183473018,0,incoming,,,,,,,,,12293,"Across repeated observations, fr, my main impression of this television set comes from the picture quality: it keeps getting in the way after changing a few settings. this was different from my first impression.",negative,negative,0.9999425411224365,True,television,television,0.9996403455734253,True,technical,0,0,0,1,long,0,0,main_impression,,,,
prediction_record,20260818T204035Z_github-32183473018,0,incoming,,,,,,,,,12294,"From a practical reliability standpoint, duirng a heavier-than-usual day, the shelf layout does the job. a second check gave me the same result.",neutral,neutral,0.6532537937164307,True,refrigerator,refrigerator,0.5769767761230469,True,technical,0,0,1,0,medium,0,0,context_component,,,,
prediction_record,20260818T204035Z_github-32183473018,0,incoming,,,,,,,,,12295,"After coming back to it after a few days, the door latch works well even outside my usual routine. the difference became clearer after a few more days.",positive,positive,0.9107038378715515,True,washing_machine,refrigerator,0.4922471344470978,False,advanced,0,0,0,0,medium,0,0,context_component,,,,
prediction_record,20260818T204035Z_github-32183473018,0,incoming,,,,,,,,,12296,"Under ordinary operating conditions, during a heavier-than-usual day, the spin program has been a disappointment. I noticed the change only in the new sitaution.",negative,positive,0.5981261730194092,False,washing_machine,washing_machine,0.7808815836906433,True,technical,0,0,1,0,medium,0,0,context_component,,,,
prediction_record,20260818T204035Z_github-32183473018,0,incoming,,,,,,,,,12297,"i did not pay much attention to the fill valve at first, but after using it for work and at home it has not changed my opinion much. i noticed the change only in the new situation.",neutral,neutral,0.9939708709716797,True,washing_machine,refrigerator,0.9006836414337158,False,informal,0,0,0,0,long,0,0,attention,,,,
prediction_record,20260818T204035Z_github-32183473018,0,incoming,,,,,,,,,12298,"during a heavier-than-usual day, i noticed that the fill valve on this new washer holds up better than expected. i noticed the change only in the new situation.",positive,positive,0.9993481040000916,True,washing_machine,washing_machine,0.833278477191925,True,informal,0,0,0,0,medium,0,0,noticed,,,,
prediction_record,20260818T204035Z_github-32183473018,0,incoming,,,,,,,,,12299,the cycle controls is what stood out after changing a few settings; it is fine for what it is. i tried the same thing again later and got a similar result. for real.,neutral,neutral,0.999900221824646,True,washing_machine,washing_machine,0.9930782914161682,True,informal,0,0,0,1,medium,0,0,stood_out,,,,
prediction_record,20260818T204035Z_github-32183473018,0,incoming,,,,,,,,,12300,My main impression of this cold-storage unit comes from the hself layout: it is neither impressive nor bad atfer a few weeks of mixed use. a second check gave me the same result. there is not much else to say.,neutral,neutral,0.9999454021453857,True,refrigerator,refrigerator,0.9952516555786133,True,standard,0,0,1,0,long,0,1,main_impression,,,,
prediction_record,20260818T204035Z_github-32183473018,0,incoming,,,,,,,,,12301,the compressor fan is what stood out after changing a few settings; it keeps actign up.,negative,negative,0.8457534313201904,True,refrigerator,refrigerator,0.9982299208641052,True,informal,0,0,1,0,medium,0,0,stood_out,,,,
prediction_record,20260818T204035Z_github-32183473018,0,incoming,,,,,,,,,12302,"I have been useing this work phone after a few weeks of mixed use, and the battery life keeps getting in the way. someone else in the house noticed it too.",negative,negative,0.9999603033065796,True,smartphone,smartphone,0.9996329545974731,True,advanced,0,0,1,0,medium,0,0,context_component,,,,
prediction_record,20260818T204035Z_github-32183473018,0,incoming,,,,,,,,,12303,The fingerprint reader is what sotod out after a few weeks of mixed use; it is fine for what it is.,neutral,neutral,0.9902462959289551,True,smartphone,washing_machine,0.6732709407806396,False,standard,0,0,1,0,medium,0,0,context_component,,,,
prediction_record,20260818T204035Z_github-32183473018,0,incoming,,,,,,,,,12304,the fill valve is what stood out after changing a few settings; it has turned into a recurring problem. i noticed the change only in the new situation.,negative,negative,0.6193081140518188,True,washing_machine,refrigerator,0.9306123852729797,False,informal,0,0,0,0,medium,0,0,stood_out,,,,
prediction_record,20260818T204035Z_github-32183473018,0,incoming,,,,,,,,,12305,"The batery life is what stood out after changing a few settings; it has not given me trouble. I noticed the change only in the new situation. Damn, I did not expect this part to be this solid.",positive,negative,0.9993009567260742,False,smartphone,refrigerator,0.8775346279144287,False,advanced,1,0,1,0,long,0,0,stood_out,,,,
prediction_record,20260818T204035Z_github-32183473018,0,incoming,,,,,,,,,12306,"My main impression of this new phone comes from the apps: it feels ordinary after more use after a few weeks of mixed use. I repeated the check before writing this. I would neither recommend it nor warn people away. That said, the touch panel has become increasingly unreliable, so the experience is not completely one-sided. idk.",neutral,neutral,0.9998948574066162,True,smartphone,smartphone,0.999667763710022,True,standard,0,0,0,1,long,1,1,main_impression,,,,
prediction_record,20260818T204035Z_github-32183473018,0,incoming,,,,,,,,,12307,"honestly tho, i did not pay much attention to the apps at first, but outside my normal routine it feels ordinary after more use. this was different from my first impression. 😐",neutral,neutral,0.9867961406707764,True,smartphone,television,0.9996544122695923,False,informal,0,1,0,1,medium,0,0,attention,,,,
prediction_record,20260818T204035Z_github-32183473018,0,incoming,,,,,,,,,12308,"I did not pay much attention to the ice system at first, but outside my normal routine it remains basically average.",neutral,neutral,0.9691934585571289,True,refrigerator,television,0.9968576431274414,False,standard,0,0,0,0,medium,0,0,attention,,,,
prediction_record,20260818T204035Z_github-32183473018,0,incoming,,,,,,,,,12309,"After a few weeks of mixed use, the fill valve is difficult to trust. this was different from my first impression. I would hesitate to buy it again.",negative,negative,0.9998817443847656,True,washing_machine,washing_machine,0.5747374296188354,True,advanced,0,0,0,0,medium,0,0,context_component,,,,
prediction_record,20260818T204035Z_github-32183473018,0,incoming,,,,,,,,,12310,"honestly tho, i did not pay much attention to the shelf layout at first, but when someone else in the house used it it works normally. my opinion is still basically in the middle. Honestly 🤔",neutral,neutral,0.9938633441925049,True,refrigerator,refrigerator,0.9824979901313782,True,standard,0,1,0,1,long,0,0,attention,,,,
prediction_record,20260818T204035Z_github-32183473018,0,incoming,,,,,,,,,12311,"I did not pay much attention to the USB port at first, but when someone else in the house used it it works normally. I tried the same thing again later and got a similar result. I do not feel strongly either way.",neutral,neutral,0.9992362260818481,True,smartphone,smartphone,0.9996398687362671,True,standard,0,0,0,0,long,0,0,attention,,,,
prediction_record,20260818T204035Z_github-32183473018,0,incoming,,,,,,,,,12312,"After repeated use under comparable conditions, my main impression of this pocket device comes from the network reception: it has stayed dependable after changing a few settings. I plan to keep using it. for real.",positive,positive,0.9809236526489258,True,smartphone,smartphone,0.9995943903923035,True,technical,0,0,0,1,long,0,0,main_impression,,,,
prediction_record,20260818T204035Z_github-32183473018,0,incoming,,,,,,,,,12313,"I have been using this new refrigerator when someone else in the house used it, and the thermostat remains basically average.",neutral,neutral,0.9911646246910095,True,refrigerator,refrigerator,0.994793713092804,True,advanced,0,0,0,0,medium,0,0,using,,,,
prediction_record,20260818T204035Z_github-32183473018,0,incoming,,,,,,,,,12314,"Under a representative operating profile, i have been using this living room display outside my normal rotuine, and the panel lighting holds up better than expected. it has earned my confidence.",positive,positive,0.9997052550315857,True,television,television,0.9996941089630127,True,technical,0,0,1,0,medium,0,0,using,,,,
prediction_record,20260818T204035Z_github-32183473018,0,incoming,,,,,,,,,12315,"i did not pay much attention to the drainage motor at first, but after using it for work and at home it feels ordinary after more use. i tried the same thing again later and got a similar result. 🔥",neutral,neutral,0.9998961687088013,True,washing_machine,refrigerator,0.6522268652915955,False,informal,0,1,0,0,long,0,0,attention,,,,
prediction_record,20260818T204035Z_github-32183473018,0,incoming,,,,,,,,,12316,"Across repeated observations, i have been using this cold-storage unit during a heavier-than-usual day, and the compressor fan has turned into a recurring problem. I noticed the change only in the new situation.",negative,negative,0.4974926710128784,True,refrigerator,refrigerator,0.9977028965950012,True,technical,0,0,0,0,medium,0,0,using,,,,
prediction_record,20260818T204035Z_github-32183473018,0,incoming,,,,,,,,,12317,"The battery life is what stood out after coming back to it after a few days; it has been a pleasant surprise. for my use case, this is a keeper.",positive,positive,0.9682304263114929,True,smartphone,smartphone,0.9995075464248657,True,advanced,0,0,0,0,medium,0,0,stood_out,,,,
prediction_record,20260818T204035Z_github-32183473018,0,incoming,,,,,,,,,12318,"i did not pay much attention to the network reception at first, but during a heavier-than-usual day it has become increasingly unreliable. someone else in the house ntoiced it too. this is the part that makes me regret the purchase.",negative,negative,0.9999911785125732,True,smartphone,smartphone,0.9996272325515747,True,informal,0,0,1,0,long,0,0,attention,,,,
prediction_record,20260818T204035Z_github-32183473018,0,incoming,,,,,,,,,12319,"after using it for work and at home, i noticed that the network reception on this pocket device is difficult to trust. the difference became clearer after a few more days. pretty solid ngl.",negative,neutral,0.9996582269668579,False,smartphone,smartphone,0.9995834231376648,True,informal,0,0,0,1,long,0,0,noticed,,,,
prediction_record,20260818T204035Z_github-32183473018,0,incoming,,,,,,,,,12320,"During a heavier-than-usual day, I noticed that the built-in audio on this video panel has been a pleasant surprise. I have stopped worrying about this part of the product.",positive,positive,0.9996204376220703,True,television,washing_machine,0.6754146814346313,False,standard,0,0,0,0,medium,0,0,noticed,,,,
prediction_record,20260818T204035Z_github-32183473018,0,incoming,,,,,,,,,12321,"Under a representative operating profile, lowkey, i have been using this daily driver after changing a few settings, and the touch panel has become increasingly unreliable. this was different from my first impression. I am considering a replacement. This is damn annoying.",negative,negative,0.9999902248382568,True,smartphone,refrigerator,0.9931500554084778,False,technical,1,0,0,1,long,0,1,using,,,,
prediction_record,20260818T204035Z_github-32183473018,0,incoming,,,,,,,,,12322,"i did not pay much attention to the ice system at first, but after coming back to it after a few days it acceptable but unremarkable. the behavior persisted across several attempts. it is adequate for now.",neutral,neutral,0.9943238496780396,True,refrigerator,television,0.9996676445007324,False,limited,0,0,0,0,long,0,0,attention,,,,
prediction_record,20260818T204035Z_github-32183473018,0,incoming,,,,,,,,,12323,"After coming back to it after a few days, I noticed that the panel lighting on this screen unit is difficult to trust. I repeated the check before writing this. this is the part that makes me regret the purchase. This is damn annoying.",negative,negative,0.9999840259552002,True,television,television,0.9995558857917786,True,standard,1,0,0,0,long,0,0,noticed,,,,
prediction_record,20260818T204035Z_github-32183473018,0,incoming,,,,,,,,,12324,"after a few weeks of mixed use, the apps is acceptable but unremarkable. i repeated the check before writing this. 🙂",neutral,neutral,0.8484159111976624,True,smartphone,television,0.9995622038841248,False,limited,0,1,0,0,medium,0,0,context_component,,,,
prediction_record,20260818T204035Z_github-32183473018,0,incoming,,,,,,,,,12325,"fr, i did not pay much attention to the soap tray at first, but after taking it on a trip it remains basically average.",neutral,neutral,0.9796088337898254,True,washing_machine,refrigerator,0.5292340517044067,False,informal,0,0,0,1,medium,0,1,attention,,,,
prediction_record,20260818T204035Z_github-32183473018,0,incoming,,,,,,,,,12326,"imo, the apps is what stood out outside my normal routine; it remains basically average. the behavior persisted across several attempts.",neutral,neutral,0.9992765784263611,True,smartphone,television,0.9996362924575806,False,informal,0,0,0,1,medium,0,1,stood_out,,,,
prediction_record,20260818T204035Z_github-32183473018,0,incoming,,,,,,,,,12327,"after using it for work and at home, i noticed that the door warning on this new refrigerator keeps acting up. a second check gave me the same result. the damn thing keeps getting in the way.",negative,negative,0.9999620914459229,True,refrigerator,refrigerator,0.9942973256111145,True,limited,1,0,0,0,long,0,0,noticed,,,,
prediction_record,20260818T204035Z_github-32183473018,0,incoming,,,,,,,,,12328,"From a practical reliability standpoint, the shelf layout is what stood out after coming back to it after a few days; it works well even outside my usual routine. someone else in the house noticed it too. for my use case, this is a keeper.",positive,positive,0.9992259740829468,True,refrigerator,refrigerator,0.8476552367210388,True,technical,0,0,0,0,long,0,0,stood_out,,,,
prediction_record,20260818T204035Z_github-32183473018,0,incoming,,,,,,,,,12329,"After coming back to it after a few days, the fingerprint reader keeps getting in the way. a second check gave me the same result. this needs to improve.",negative,negative,0.9999867677688599,True,smartphone,refrigerator,0.9827825427055359,False,advanced,0,0,0,0,medium,0,1,context_component,,,,
prediction_record,20260818T204035Z_github-32183473018,0,incoming,,,,,,,,,12330,"imo, my main impression of this tv set comes from the controller: it breaks down when conditions change outside my normal routine. i noticed the change only in the new situation. i am considering a replacement. the wireless conection tells a different story because it is fine for what it is. 😐",negative,negative,0.9999727010726929,True,television,television,0.9996733665466309,True,informal,0,1,1,1,long,1,0,main_impression,,,,
prediction_record,20260818T204035Z_github-32183473018,0,incoming,,,,,,,,,12331,The network reception is what stood out when someone else in the house used it; it is neither impressive nor bad.,neutral,neutral,0.9909741282463074,True,smartphone,smartphone,0.999569833278656,True,standard,0,0,0,0,medium,0,1,stood_out,,,,
prediction_record,20260818T204035Z_github-32183473018,0,incoming,,,,,,,,,12332,"honestly tho, my main impression of this front-loading washer comes from the wash drum: it still performs consistently after coming back to it after a few days. it has earned my confidence.",positive,positive,0.9998801946640015,True,washing_machine,washing_machine,0.9996325969696045,True,informal,0,0,0,1,medium,0,1,main_impression,,,,
prediction_record,20260818T204035Z_github-32183473018,0,incoming,,,,,,,,,12333,the cycle controls is what stood after using it for work and at home; it has become increasingly unreliable. the behavior persisted across several attempts.,negative,negative,0.9981426000595093,True,washing_machine,washing_machine,0.9889604449272156,True,limited,0,0,0,0,medium,0,0,context_component,,,,
prediction_record,20260818T204035Z_github-32183473018,0,incoming,,,,,,,,,12334,"real talk, my main impression of this new refrigerator comes from the door warning: it is difficult to trust during a heavier-than-usual day. someone else in the house noticed it too. This shit should not be happening in normal use.",negative,negative,0.9999871253967285,True,refrigerator,refrigerator,0.9980427026748657,True,standard,1,0,0,1,long,0,0,main_impression,,,,
prediction_record,20260818T204035Z_github-32183473018,0,incoming,,,,,,,,,12335,"After repeated use under comparable conditions, i did not pay much attention to the network reception at first, but after a few weeks of mixed use it still performs consistently. the behavior persisted across several attempts.",positive,positive,0.9995416402816772,True,smartphone,smartphone,0.999560534954071,True,technical,0,0,0,0,long,0,0,attention,,,,
prediction_record,20260818T204035Z_github-32183473018,0,incoming,,,,,,,,,12336,"When someone else in the house used it, I noticed that the touch panel on this pocket device has turned into a recurring problem.",negative,negative,0.8462185263633728,True,smartphone,smartphone,0.5524918437004089,True,standard,0,0,0,0,medium,0,0,noticed,,,,
prediction_record,20260818T204035Z_github-32183473018,0,incoming,,,,,,,,,12337,"the freezer compartment is what stood out after using it for work and at home; it has not changed my opinion much. this was different from my first impression. i don't feel strongly either way. it is not amazing, but it is not bullshit either.",neutral,neutral,0.9999576807022095,True,refrigerator,refrigerator,0.998689591884613,True,informal,1,0,0,0,long,0,0,stood_out,,,,
prediction_record,20260818T204035Z_github-32183473018,0,incoming,,,,,,,,,12338,the compressor fan is what stood when someone else in the house used it; it keeps getting in the way.,negative,negative,0.9960824251174927,True,refrigerator,refrigerator,0.9981870055198669,True,limited,0,0,0,0,medium,0,0,context_component,,,,
prediction_record,20260818T204035Z_github-32183473018,0,incoming,,,,,,,,,12339,the touch panel is what stood out atking it on a trip; it has not given me trouble. 💀,positive,negative,0.9152804017066956,False,smartphone,washing_machine,0.9993516802787781,False,limited,0,1,1,0,medium,0,1,stood_out,,,,
prediction_record,20260818T204035Z_github-32183473018,0,incoming,,,,,,,,,12340,"lowkey, after a few weeks of mixed use, the audio feels dependable in daily use. someone else in the house noticed it too.",positive,negative,0.9826676249504089,False,television,refrigerator,0.5607266426086426,False,limited,0,0,0,1,medium,0,1,context_component,,,,
prediction_record,20260818T204035Z_github-32183473018,0,incoming,,,,,,,,,12341,"From a practical reliability standpoint, my main impression of this laundry unit comes from the cycle controls: it continues to work without drama during a heavier-than-usual day. I tried the same thing agani later and got a similar result.",positive,negative,0.9905136823654175,False,washing_machine,washing_machine,0.9961890578269958,True,technical,0,0,1,0,long,0,0,main_impression,,,,
prediction_record,20260818T204035Z_github-32183473018,0,incoming,,,,,,,,,12342,"after coming back to it after few days, the controller is difficult to trust. a second check gave the same result. that said, the sports motion remains basically average, so the experience is not completely one-sided.",negative,neutral,0.9757699966430664,False,television,television,0.9985582232475281,True,limited,0,0,0,0,long,1,0,context_component,,,,
prediction_record,20260818T204035Z_github-32183473018,0,incoming,,,,,,,,,12343,"my main impression of this television set comes from the built-in audio: it has not given me trouble after changing a few settings. the behavior persisted across several attempts. i plan to keep using it. that said, the panel lighting has not changed my opinion much, so the experience is not completely one-sided.",positive,negative,0.9999818801879883,False,television,television,0.9996669292449951,True,limited,0,0,0,0,long,1,0,main_impression,,,,
prediction_record,20260818T204035Z_github-32183473018,0,incoming,,,,,,,,,12344,"After a few weeks of mixed use, the picture quailty is fine for what it is. I noticed the change only in the new situation. my opinion is still basically in the middle.",neutral,neutral,0.9999303817749023,True,television,washing_machine,0.9992870688438416,False,standard,0,0,1,0,medium,0,1,context_component,,,,
prediction_record,20260818T204035Z_github-32183473018,0,incoming,,,,,,,,,12345,"real talk, when someone else in the house used it, i noticed that the video input on this screen unit works normally. there is not much else to say. 😂",neutral,neutral,0.9902520179748535,True,television,television,0.9996053576469421,True,informal,0,1,0,1,medium,0,0,noticed,,,,
prediction_record,20260818T204035Z_github-32183473018,0,incoming,,,,,,,,,12346,"I did not pay much attention to the shelf layout at first, but after taking it on a trip it fails in routine use.",negative,negative,0.984334409236908,True,refrigerator,refrigerator,0.6224205493927002,True,advanced,0,0,0,0,medium,0,0,attention,,,,
prediction_record,20260818T204035Z_github-32183473018,0,incoming,,,,,,,,,12347,"After coming back to it after a few days, the picture quality has turned into a recurring problem. I repeated the check before writing this. This shit should not be happening in routine use.",negative,negative,0.999961256980896,True,television,smartphone,0.511695146560669,False,advanced,1,0,0,0,long,0,0,context_component,,,,
prediction_record,20260818T204035Z_github-32183473018,0,incoming,,,,,,,,,12348,"Under ordinary operating conditions, during a heavier-than-usual day, the cycle controls holds up better than expected. the behavior persisted across several attempts. overall I am happy with it.",positive,positive,0.9998063445091248,True,washing_machine,washing_machine,0.9936314225196838,True,technical,0,0,0,0,medium,0,0,context_component,,,,
prediction_record,20260818T204035Z_github-32183473018,0,incoming,,,,,,,,,12349,"after changing a few settings, i noticed that the streaming menu on this bedroom tv has stayed dependable. the behavior persisted across several attempts.",positive,negative,0.6789325475692749,False,television,television,0.9996426105499268,True,informal,0,0,0,0,medium,0,0,noticed,,,,
prediction_record,20260818T204035Z_github-32183473018,0,incoming,,,,,,,,,12350,"I did not pay much attention to the wireless connection at first, but during a heavier-than-usual day it continues to work without drama. I tried the same thing again later and got a similar result. it has earned my confidence. Honestly 😐",positive,positive,0.9581629037857056,True,television,washing_machine,0.3906063735485077,False,advanced,0,1,0,0,long,0,0,attention,,,,
prediction_record,20260818T204035Z_github-32183473018,0,incoming,,,,,,,,,12351,"I have been using this bedroom TV after coming back to it after a few days, and the video input has become increasingly unreliable. This is damn annoying.",negative,negative,0.9997501969337463,True,television,television,0.9995608925819397,True,standard,1,0,0,0,medium,0,0,using,,,,
prediction_record,20260818T204035Z_github-32183473018,0,incoming,,,,,,,,,12352,"I have been using this new refrigerator after coming back to it after a few days, and the inside lighting still performs consistently. for my use case, this is a keeper.",positive,positive,0.9997817873954773,True,refrigerator,refrigerator,0.9950581789016724,True,advanced,0,0,0,0,medium,0,0,using,,,,
prediction_record,20260818T204035Z_github-32183473018,0,incoming,,,,,,,,,12353,The interface is what stood out after taking it on a trip; it feels dependable in daily use. The sports motion tells a different story because it has turned into a recurring problem.,positive,negative,0.9604745507240295,False,television,television,0.9995966553688049,True,standard,0,0,0,0,medium,1,1,stood_out,,,,
prediction_record,20260818T204035Z_github-32183473018,0,incoming,,,,,,,,,12354,the cycle controls is what stood out when someone else in house used it; it is difficult trust. i noticed the change only in the new situation.,negative,neutral,0.9435953497886658,False,washing_machine,washing_machine,0.9915558099746704,True,limited,0,0,0,0,medium,0,0,stood_out,,,,
prediction_record,20260818T204035Z_github-32183473018,0,incoming,,,,,,,,,12355,"Under a representative operating profile, after changing a few settings, the call quality breaks down when conditions change. a second check gave me the same result.",negative,negative,0.7680050134658813,True,smartphone,refrigerator,0.7668797969818115,False,technical,0,0,0,0,medium,0,0,context_component,,,,
prediction_record,20260818T204035Z_github-32183473018,0,incoming,,,,,,,,,12356,"Under ordinary operating conditions, i have been using this front-loading washer after a few weeks of mixed use, and the wash drum is fine for what it is.",neutral,neutral,0.9929512143135071,True,washing_machine,washing_machine,0.9995972514152527,True,technical,0,0,0,0,medium,0,1,using,,,,
prediction_record,20260818T204035Z_github-32183473018,0,incoming,,,,,,,,,12357,"Under a representative operating profile, during a heavier-than-usual day, the touch panel has become increasingly unreliable. I noticed the change only in the new situation. I am considering a replacement. pretty solid ngl.",negative,negative,0.9999710321426392,True,smartphone,washing_machine,0.5471638441085815,False,technical,0,0,0,1,medium,0,1,context_component,,,,
prediction_record,20260818T204035Z_github-32183473018,0,incoming,,,,,,,,,12358,"Under a representative operating profile, after coming back to it after a few days, I noticed that the inside lighting on this food cooler feels ordinary after more use. someone else in the house noticed it too.",neutral,neutral,0.9862837791442871,True,refrigerator,refrigerator,0.9668008685112,True,technical,0,0,0,0,long,0,0,noticed,,,,
prediction_record,20260818T204035Z_github-32183473018,0,incoming,,,,,,,,,12359,"during a heavier-than-usual day, the gasket breaks down when conditions change. i tried the same thing again later and got a similar result. i would hesitate to buy it again. this shit should not be happening in normal use. 😬",negative,negative,0.9999868869781494,True,refrigerator,smartphone,0.44271326065063477,False,informal,1,1,0,0,long,0,1,context_component,,,,
prediction_record,20260818T204035Z_github-32183473018,0,incoming,,,,,,,,,12360,the call quality is what stood out after a few weeks of mixed use; it has stayed dependable. the behavior persisted across several attempts. it has earned my confidence. 🤔,positive,positive,0.982774019241333,True,smartphone,washing_machine,0.7205780148506165,False,informal,0,1,0,0,medium,0,0,stood_out,,,,
prediction_record,20260818T204035Z_github-32183473018,0,incoming,,,,,,,,,12361,my main impression of this kitchen fridge comes from the inside lighting: it is difficult to trust after using it for work and at home. a second check gave me the same result. i would hesitate to buy it again. lol.,negative,negative,0.9994816184043884,True,refrigerator,refrigerator,0.9991455078125,True,limited,0,0,0,1,long,0,1,main_impression,,,,
prediction_record,20260818T204035Z_github-32183473018,0,incoming,,,,,,,,,12362,"i have been using this main fridge after changing a few settings, and the cooling motor has stayed dependable. i noticed the change only in the new situation.",positive,neutral,0.4586200714111328,False,refrigerator,refrigerator,0.9967945218086243,True,limited,0,0,0,0,medium,0,0,using,,,,
prediction_record,20260818T204035Z_github-32183473018,0,incoming,,,,,,,,,12363,"I have been using this clothes washer after taking it on a trip, and the soap tray has been a pleasant surprise. the difference became clearer after a few more days.",positive,negative,0.5886433720588684,False,washing_machine,washing_machine,0.4578448534011841,True,advanced,0,0,0,0,medium,0,0,using,,,,
prediction_record,20260818T204035Z_github-32183473018,0,incoming,,,,,,,,,12364,"honestly tho, i have been using this new refrigerator after coming back to it after a few days, and the cooling motor remains basically average. i noticed the change only in the new situation. the damn thing is basically fine.",neutral,neutral,0.9999611377716064,True,refrigerator,refrigerator,0.9983041286468506,True,limited,1,0,0,1,long,0,0,using,,,,
prediction_record,20260818T204035Z_github-32183473018,0,incoming,,,,,,,,,12365,my main impression of this work phone comes from the rear camera: it is fine for what it is outside my normal routine. the behavior perissted across several attempts.,neutral,neutral,0.9996516704559326,True,smartphone,smartphone,0.9995893836021423,True,informal,0,0,1,0,medium,0,0,main_impression,,,,
prediction_record,20260818T204035Z_github-32183473018,0,incoming,,,,,,,,,12366,"i have been using this screen unit after taking it on a trip, and the picture quality fails in normal use. this is damn annoying.",negative,negative,0.9987539052963257,True,television,television,0.9995532631874084,True,informal,1,0,0,0,medium,0,0,using,,,,
prediction_record,20260818T204035Z_github-32183473018,0,incoming,,,,,,,,,12367,"imo, after coming back to it after a few days, the cooling motor breaks down when conditions change. the difference became clearer after a few more days. this is the part that makes me regret the purchase.",negative,negative,0.9998094439506531,True,refrigerator,refrigerator,0.9962071180343628,True,advanced,0,0,0,1,long,0,0,context_component,,,,
prediction_record,20260818T204035Z_github-32183473018,0,incoming,,,,,,,,,12368,My main impression of this bedroom TV comes from the sports motion: it continues to work without drama after taking it on a trip. this was different from my first impression. I plan to keep using it. 🤔,positive,positive,0.8414540886878967,True,television,television,0.999700665473938,True,standard,0,1,0,0,long,0,1,main_impression,,,,
prediction_record,20260818T204035Z_github-32183473018,0,incoming,,,,,,,,,12369,"Under a representative operating profile, my main impression of this screen unit comes from the panel lighting: it feels ordinary after more use after changing a few settings.",neutral,neutral,0.9766367077827454,True,television,television,0.9996232986450195,True,technical,0,0,0,0,medium,0,0,main_impression,,,,
prediction_record,20260818T204035Z_github-32183473018,0,incoming,,,,,,,,,12370,the built-in audio is what stood out after using it for work and at home; it has not changed my opinion much. this was different from my first impression.,neutral,neutral,0.7776349782943726,True,television,refrigerator,0.9903270602226257,False,informal,0,0,0,0,medium,0,0,stood_out,,,,
prediction_record,20260818T204035Z_github-32183473018,0,incoming,,,,,,,,,12371,"i did not pay much attention the apps at first, but during a heavier-than-usual day it has been a disappointment.",negative,positive,0.813946545124054,False,smartphone,television,0.9995793700218201,False,limited,0,0,0,0,medium,0,1,attention,,,,
prediction_record,20260818T204035Z_github-32183473018,0,incoming,,,,,,,,,12372,"Under a representative operating profile, after using it for work and at home, the earpiece feels dependable in daily use. I tried the same thing again later and got a similar result. I would buy it again. The battery life tells a diferent story because it keeps acting up.",positive,neutral,0.9998860359191895,False,smartphone,refrigerator,0.9985925555229187,False,technical,0,0,1,0,long,1,0,context_component,,,,
prediction_record,20260818T204035Z_github-32183473018,0,incoming,,,,,,,,,12373,"I have been using this new refrigerator outside my normal routine, and the freezer compartment breaks down when conditions change. someone else in the house noticed it too. this is the part that makes me regret the purchase.",negative,negative,0.9999480247497559,True,refrigerator,refrigerator,0.9984347224235535,True,advanced,0,0,0,0,long,0,0,using,,,,
prediction_record,20260818T204035Z_github-32183473018,0,incoming,,,,,,,,,12374,"i have been using this wash unit during a heavier-than-usual day, and the fill keeps getting in the way. the behavior persisted across several attempts. i am tired of this crap.",negative,negative,0.9999659061431885,True,washing_machine,television,0.6871530413627625,False,limited,1,0,0,0,medium,0,1,using,,,,
prediction_record,20260818T204035Z_github-32183473018,0,incoming,,,,,,,,,12375,"when someone else in the house used it, the call quality has stayed dependable. someone else in the house noticed it too. no bullshit, this has been one of the better parts of the product. Honestly 😬",positive,negative,0.9989877343177795,False,smartphone,refrigerator,0.9974599480628967,False,informal,1,1,0,0,long,0,0,context_component,,,,
prediction_record,20260818T204035Z_github-32183473018,0,incoming,,,,,,,,,12376,i have been using this bedroom tv after it for work and at and the video input is difficult to trust. this was different from my first impression. i am already looking at alternatives.,negative,negative,0.9378114342689514,True,television,television,0.9996731281280518,True,limited,0,0,0,0,long,0,0,using,,,,
prediction_record,20260818T204035Z_github-32183473018,0,incoming,,,,,,,,,12377,"after using it for work and at home, i noticed that the rinse program on this laundry unit feels dependable in adily use. i plan to keep using it. 😅",positive,positive,0.925844669342041,True,washing_machine,washing_machine,0.9831768870353699,True,informal,0,1,1,0,medium,0,0,noticed,,,,
prediction_record,20260818T204035Z_github-32183473018,0,incoming,,,,,,,,,12378,"tbh, my main impression of this daily driver comes from the earpiece: it has turned into a recurring problem after taking it on a trip. i noticed the change only in the new situation. i am tired of this crap.",negative,negative,0.9995526671409607,True,smartphone,refrigerator,0.9984311461448669,False,informal,1,0,0,1,long,0,0,main_impression,,,,
prediction_record,20260818T204035Z_github-32183473018,0,incoming,,,,,,,,,12379,"Across repeated observations, i did not pay much attention to the controller at first, but after changing a few settings it keeps getting in the way. this is the part that makes me regret the purchase. That said, the panel lighting has stayed dependable, so the experience is not completely one-sided. 😬",negative,negative,0.999984860420227,True,television,smartphone,0.9996699094772339,False,technical,0,1,0,0,long,1,0,attention,,,,
prediction_record,20260818T204035Z_github-32183473018,0,incoming,,,,,,,,,12380,"Under a representative operating profile, imo, when someone else in the house used it, I noticed that the USB port on this mobile has stayed dependable.",positive,negative,0.6142250895500183,False,smartphone,smartphone,0.9985851049423218,True,technical,0,0,0,1,medium,0,1,noticed,,,,
prediction_record,20260818T204035Z_github-32183473018,0,incoming,,,,,,,,,12381,my main impression of this main fridge comes from the thermostat: it fails in normal use when someone else in the house used it. i noticed the change in the new situation.,negative,negative,0.9999604225158691,True,refrigerator,refrigerator,0.997786283493042,True,limited,0,0,0,0,medium,0,0,main_impression,,,,
prediction_record,20260818T204035Z_github-32183473018,0,incoming,,,,,,,,,12382,"After using it for work and at home, the drainage motor feels ordinary after more use. a second check gave me the same result. there is not much else to say.",neutral,neutral,0.9999384880065918,True,washing_machine,refrigerator,0.9233513474464417,False,advanced,0,0,0,0,medium,0,0,context_component,,,,
prediction_record,20260818T204035Z_github-32183473018,0,incoming,,,,,,,,,12383,"Across repeated observations, the cycle controls is what stood out after using it for work and at home; it still performs consistently. I tried the same thing again later and got a similar result.",positive,positive,0.9995775818824768,True,washing_machine,washing_machine,0.992911159992218,True,technical,0,0,0,0,long,0,0,stood_out,,,,
prediction_record,20260818T204035Z_github-32183473018,0,incoming,,,,,,,,,12384,"After using it for work and at home, I noticed that the shelf layout on this refrigeration unit does the job. the difference became clearer after a few more days. The ice system tells a different story because it has not given me trouble. There is no major crap to complain about here. Honestly 👎",neutral,neutral,0.9999325275421143,True,refrigerator,television,0.9996569156646729,False,advanced,1,1,0,0,long,1,0,noticed,,,,
prediction_record,20260818T204035Z_github-32183473018,0,incoming,,,,,,,,,12385,"i have been using this laundry unit during a heavier-than-usual day, and the vibration still performs consistently. a second check gave me the same result.",positive,positive,0.999744713306427,True,washing_machine,washing_machine,0.6111782789230347,True,informal,0,0,0,0,medium,0,0,using,,,,
prediction_record,20260818T204035Z_github-32183473018,0,incoming,,,,,,,,,12386,"Under a representative operating profile, when someone else in the house used it, the picture quality has turned into a recurring problem. I tried the same thing again later and got a similar result.",negative,negative,0.9842374920845032,True,television,refrigerator,0.4070766866207123,False,technical,0,0,0,0,long,0,0,context_component,,,,
prediction_record,20260818T204035Z_github-32183473018,0,incoming,,,,,,,,,12387,"tbh, after using it for work and at home, I noticed that the cycle controls on this new washer holds up better than expected. someone else in the house noticed it too.",positive,positive,0.9903490543365479,True,washing_machine,washing_machine,0.9984667897224426,True,standard,0,0,0,1,medium,0,0,noticed,,,,
prediction_record,20260818T204035Z_github-32183473018,0,incoming,,,,,,,,,12388,my main impression of this wash unit comes from the cycle controls: it continues to work without drama during a heavier-than-usual day. it has earned my confidence. lol.,positive,positive,0.9947997331619263,True,washing_machine,washing_machine,0.948268711566925,True,informal,0,0,0,1,medium,0,0,main_impression,,,,
prediction_record,20260818T204035Z_github-32183473018,0,incoming,,,,,,,,,12389,"From a practical reliability standpoint, i have been using this pocket device after using it for work and at home, and the earpiece still performs consistently. a second check gave me the same result.",positive,positive,0.9995056390762329,True,smartphone,smartphone,0.9995704293251038,True,technical,0,0,0,0,long,0,0,using,,,,
prediction_record,20260818T204035Z_github-32183473018,0,incoming,,,,,,,,,12390,"fr, i did not pay much attention to the soap tray at first, but after using it for work and at home it is difficult to trust.",negative,neutral,0.8876059651374817,False,washing_machine,refrigerator,0.450601190328598,False,advanced,0,0,0,1,medium,0,0,attention,,,,
prediction_record,20260818T204035Z_github-32183473018,0,incoming,,,,,,,,,12391,"From a practical reliability standpoint, the touch panel is what stood out outside my normal routine; it works well even outside my usual routine. someone else in the house noticed it too. That said, the battery life has become increasingly unreliable, so the experience is not completely one-sided. 💀",positive,positive,0.999679446220398,True,smartphone,washing_machine,0.9994575381278992,False,technical,0,1,0,0,long,1,0,stood_out,,,,
prediction_record,20260818T204035Z_github-32183473018,0,incoming,,,,,,,,,12392,"Under a representative operating profile, the vibration is what stood out after changing a few settings; it has not changed my opinion much. The door latch tells a different story because it has stayed dependable.",neutral,negative,0.7866488695144653,False,washing_machine,washing_machine,0.8317050337791443,True,technical,0,0,0,0,long,1,1,stood_out,,,,
prediction_record,20260818T204035Z_github-32183473018,0,incoming,,,,,,,,,12393,My main impression of this TV set comes from the interface: it holds up better than expected during a heavier-than-usual day. a second check gave me the same result.,positive,positive,0.9997394680976868,True,television,television,0.9996182918548584,True,advanced,0,0,0,0,medium,0,0,main_impression,,,,
prediction_record,20260818T204035Z_github-32183473018,0,incoming,,,,,,,,,12394,"I did not pay much attention to the controller at first, but outside my normal routine it works normally. it is adequate for now.",neutral,neutral,0.9779791235923767,True,television,refrigerator,0.34524664282798767,False,advanced,0,0,0,0,medium,0,1,attention,,,,
prediction_record,20260818T204035Z_github-32183473018,0,incoming,,,,,,,,,12395,"I have been using this kitchen fridge after coming back to it after a few days, and the gasket fails in routine use. someone else in the house noticed it too.",negative,negative,0.9998855590820312,True,refrigerator,refrigerator,0.998033344745636,True,advanced,0,0,0,0,medium,0,0,using,,,,
prediction_record,20260818T204035Z_github-32183473018,0,incoming,,,,,,,,,12396,"after coming back to it after a few days, noticed that the apps on this work phone works well even outside my usual routine. this was different my first impression. 🤔",positive,positive,0.9785515666007996,True,smartphone,washing_machine,0.9996055960655212,False,limited,0,1,0,0,medium,0,0,context_component,,,,
prediction_record,20260818T204035Z_github-32183473018,0,incoming,,,,,,,,,12397,"ngl, outside my normal routine, i noticed that the thermostat on this cold-storage unit fails in normal use. this was different from my first impression.",negative,negative,0.9997938275337219,True,refrigerator,refrigerator,0.6801386475563049,True,informal,0,0,0,1,medium,0,0,noticed,,,,
prediction_record,20260818T204035Z_github-32183473018,0,incoming,,,,,,,,,12398,The inside lighting is what stood out after a few weeks of mixed use; it is difficult to trust.,negative,negative,0.47778984904289246,True,refrigerator,washing_machine,0.501359224319458,False,standard,0,0,0,0,medium,0,0,stood_out,,,,
prediction_record,20260818T204035Z_github-32183473018,0,incoming,,,,,,,,,12399,"After repeated use under comparable conditions, when someone else in the house used it, the streaming menu works well even outside my usual ruotine.",positive,positive,0.9482669234275818,True,television,television,0.9995409250259399,True,technical,0,0,1,0,medium,0,0,context_component,,,,
prediction_record,20260818T204035Z_github-32183473018,0,incoming,,,,,,,,,12400,"i did not pay much attention to the camera at first, but after a few weeks of mixed use it fails in normal use. i would not rely on it. that said, the touch panel has stayed dependable, so the experience is not completely one-sided.",negative,negative,0.9999816417694092,True,smartphone,smartphone,0.9996285438537598,True,limited,0,0,0,0,long,1,0,attention,,,,
prediction_record,20260818T204035Z_github-32183473018,0,incoming,,,,,,,,,12401,"i have been using this new refrigerator after taking it on a trip, and the cooling motor is acceptable but unremarkable. the difference became clearer after a few more days.",neutral,neutral,0.9929578304290771,True,refrigerator,refrigerator,0.9978824257850647,True,informal,0,0,0,0,medium,0,0,using,,,,
prediction_record,20260818T204035Z_github-32183473018,0,incoming,,,,,,,,,12402,"imo, outside my normal routine, the thermostat works normally. On the other hand, the shelf layout continues to work without drama, which makes the overall picture more mixed. 🙃",neutral,negative,0.9901250600814819,False,refrigerator,washing_machine,0.47840937972068787,False,standard,0,1,0,1,medium,1,0,context_component,,,,
prediction_record,20260818T204035Z_github-32183473018,0,incoming,,,,,,,,,12403,my main impression of this kitchen fridge comes from the cooling motor: it is acceptable but unremarkable outside my normal routine. the behavior persisted across several attempts. the shelf layout tells a diferent story becuase it has become increasingly unreliable.,neutral,negative,0.9149079322814941,False,refrigerator,refrigerator,0.9988744854927063,True,limited,0,0,1,0,long,1,1,main_impression,,,,
prediction_record,20260818T204035Z_github-32183473018,0,incoming,,,,,,,,,12404,"After taking it on a trip, the compressor fan works normally. I tried the same thing again later and got a similar reuslt.",neutral,negative,0.4867039918899536,False,refrigerator,refrigerator,0.9980923533439636,True,standard,0,0,1,0,medium,0,0,context_component,,,,
prediction_record,20260818T204035Z_github-32183473018,0,incoming,,,,,,,,,12405,"I did not pay much attention to the call quality at first, but after a few weeks of mixed use it is neither impressive nor bad. the behavior persisted across several attempts.",neutral,neutral,0.9982476234436035,True,smartphone,washing_machine,0.6070696711540222,False,standard,0,0,0,0,medium,0,0,attention,,,,
prediction_record,20260818T204035Z_github-32183473018,0,incoming,,,,,,,,,12406,My main impression of this television set comes from the video input: it remains basically average after using it for work and at home. the difference became clearer after a few more days.,neutral,neutral,0.9999054670333862,True,television,television,0.999637246131897,True,standard,0,0,0,0,medium,0,0,main_impression,,,,
prediction_record,20260818T204035Z_github-32183473018,0,incoming,,,,,,,,,12407,"after taking it on trip, noticed that the rinse program on this new washer has stayed dependable. a second check gave me the same result. damn, i did not expect this part to be this solid.",positive,negative,0.9946807026863098,False,washing_machine,washing_machine,0.9646841883659363,True,limited,1,0,0,0,long,0,0,context_component,,,,
prediction_record,20260818T204035Z_github-32183473018,0,incoming,,,,,,,,,12408,"I did not pay much attention to the freezer compartment at first, but after taking it on a trip it feels dependable in daily use. I noticed the change only in the new situation. The damn thing surprised me in a good way. kinda wild.",positive,negative,0.9886317849159241,False,refrigerator,refrigerator,0.9987672567367554,True,advanced,1,0,0,1,long,0,1,attention,,,,
prediction_record,20260818T204035Z_github-32183473018,0,incoming,,,,,,,,,12409,"I have been using this wash unit outside my normal routine, and the spin program has turned into a recurring problem. I tried the same thing again later and got a similar result. This is damn annoying.",negative,negative,0.9917445778846741,True,washing_machine,washing_machine,0.9967181086540222,True,advanced,1,0,0,0,long,0,0,using,,,,
prediction_record,20260818T204035Z_github-32183473018,0,incoming,,,,,,,,,12410,"Under ordinary operating conditions, my main impression of this new refrigerator comes from the freezer compartment: it is neither impressive nor bad when someone else in the house used it. it is adequate for now.",neutral,neutral,0.9999467134475708,True,refrigerator,refrigerator,0.9988716244697571,True,technical,0,0,0,0,long,0,0,main_impression,,,,
prediction_record,20260818T204035Z_github-32183473018,0,incoming,,,,,,,,,12411,the shelf layout is what stood out when someone else in the house used it; it works normally. the behavior persisted across several atetmpts. i would neither recommend it nor warn people away. is no major crap to complain about here.,neutral,neutral,0.9999545812606812,True,refrigerator,refrigerator,0.8720040321350098,True,limited,1,0,1,0,long,0,0,stood_out,,,,
prediction_record,20260818T204035Z_github-32183473018,0,incoming,,,,,,,,,12412,the soap tray is what stood out after changing a few settings; has become increasingly unreliable. the difference became clearer after a few more days. this needs to improve.,negative,negative,0.9999781847000122,True,washing_machine,refrigerator,0.9944074153900146,False,limited,0,0,0,0,medium,0,0,stood_out,,,,
prediction_record,20260818T204035Z_github-32183473018,0,incoming,,,,,,,,,12413,My main impression of this machine comes from the drainage motor: it is fine for what it is when someone else in the house used it. a second check gave me the same result.,neutral,neutral,0.9999066591262817,True,washing_machine,refrigerator,0.9733558893203735,False,advanced,0,0,0,0,long,0,0,main_impression,,,,
prediction_record,20260818T204035Z_github-32183473018,0,incoming,,,,,,,,,12414,"I have been using this cell phone during a heavier-than-usual day, and the call quality works well even outside my usual routine. someone else in the house noticed it too. for my use case, this is a keeper.",positive,positive,0.9996824264526367,True,smartphone,smartphone,0.9995113611221313,True,advanced,0,0,0,0,long,0,0,using,,,,
prediction_record,20260818T204035Z_github-32183473018,0,incoming,,,,,,,,,12415,"i did not pay much attention to the wireless connection at first, but when someone else in the house used it it keeps acting up. a second check gave me the same result. i would hesitate to buy it again. the damn keeps getting in the way.",negative,negative,0.9999881982803345,True,television,refrigerator,0.9636682868003845,False,limited,1,0,0,0,long,0,0,attention,,,,
prediction_record,20260818T204035Z_github-32183473018,0,incoming,,,,,,,,,12416,"I did not pay much attention to the cooling motor at first, but after using it for work and at home it is neither impressive nor bad. I noticed the change only in the new situation. there is not much else to say. That said, the ice system has stayed dependable, so the experience is not completely one-sided.",neutral,neutral,0.9998581409454346,True,refrigerator,refrigerator,0.9989486336708069,True,standard,0,0,0,0,long,1,1,attention,,,,
prediction_record,20260818T204035Z_github-32183473018,0,incoming,,,,,,,,,12417,"i did not pay attention to the video input at first, but after changing a few settings it has not changed my opinion much.",neutral,neutral,0.6310256123542786,True,television,television,0.9995429515838623,True,limited,0,0,0,0,medium,0,1,context_component,,,,
prediction_record,20260818T204035Z_github-32183473018,0,incoming,,,,,,,,,12418,"i have been using this new washer after using it for work and at home, and the vibration has been a pleasant surprise. the difference became clearer after a more days. i plan to keep using it. 💀",positive,positive,0.977064847946167,True,washing_machine,washing_machine,0.4424389600753784,True,limited,0,1,0,0,long,0,0,using,,,,
prediction_record,20260818T204035Z_github-32183473018,0,incoming,,,,,,,,,12419,My main impression of this daily driver comes from the call quality: it feels dependable in daily use after coming back to it after a few days. the behavior persisted across several attempts. I plan to keep using it. The damn thing surprised me in a good way.,positive,positive,0.9889156818389893,True,smartphone,refrigerator,0.9980484247207642,False,standard,1,0,0,0,long,0,0,main_impression,,,,
prediction_record,20260818T204035Z_github-32183473018,0,incoming,,,,,,,,,12420,"i did not pay much attention to the rinse program at first, but aftre taking it on a trip it fails in normal use. the behavior persisted across several attempts.",negative,negative,0.9987012147903442,True,washing_machine,washing_machine,0.8044617176055908,True,informal,0,0,1,0,medium,0,0,attention,,,,
prediction_record,20260818T204035Z_github-32183473018,0,incoming,,,,,,,,,12421,"after taking it on a trip, the door latch breaks down when conditions change. this was different from my first impression.",negative,negative,0.8574724197387695,True,washing_machine,refrigerator,0.8795446753501892,False,informal,0,0,0,0,medium,0,1,context_component,,,,
prediction_record,20260818T204035Z_github-32183473018,0,incoming,,,,,,,,,12422,"I did not pay much attention to the rear camera at first, but when someone else in the house used it it still performs consistently. I tried the same thing again later and got a similar result. No bullshit, this has been one of the better parts of the product. pretty solid ngl.",positive,positive,0.9998866319656372,True,smartphone,smartphone,0.9996015429496765,True,advanced,1,0,0,1,long,0,0,attention,,,,
prediction_record,20260818T204035Z_github-32183473018,0,incoming,,,,,,,,,12423,"I have been using this refrigeration unit when someone else in the house used it, and the freezer compartment keeps acting up. I noticed the change only in the new situation. I am already looking at alternatives. The inside lighting tells a different story because it is fine for what it is.",negative,negative,0.9999747276306152,True,refrigerator,refrigerator,0.9988671541213989,True,standard,0,0,0,0,long,1,0,using,,,,
prediction_record,20260818T204035Z_github-32183473018,0,incoming,,,,,,,,,12424,the rear camera is what stood during a heavier-than-usual day; it works normally. i repeated the check before writing this.,neutral,negative,0.6372683644294739,False,smartphone,smartphone,0.999559223651886,True,limited,0,0,0,0,medium,0,1,context_component,,,,
prediction_record,20260818T204035Z_github-32183473018,0,incoming,,,,,,,,,12425,"I did not pay much attention to the rinse program at first, but after taking it on a trip it breaks down when conditions change.",negative,negative,0.46739062666893005,True,washing_machine,washing_machine,0.9043319225311279,True,advanced,0,0,0,0,medium,0,1,attention,,,,
prediction_record,20260818T204035Z_github-32183473018,0,incoming,,,,,,,,,12426,"From a practical reliability standpoint, lowkey, i have been using this front-loading washer after coming back to it after a few days, and the fill valve has stayed dependable.",positive,negative,0.6298642754554749,False,washing_machine,washing_machine,0.9988349080085754,True,technical,0,0,0,1,medium,0,0,using,,,,
prediction_record,20260818T204035Z_github-32183473018,0,incoming,,,,,,,,,12427,"Under a representative operating profile, not gonna lie, after taking it on a trip, I noticed that the fingerprint reader on this daily driver fails in noraml use.",negative,negative,0.980305552482605,True,smartphone,refrigerator,0.7544916272163391,False,technical,0,0,1,1,medium,0,0,noticed,,,,
prediction_record,20260818T204035Z_github-32183473018,0,incoming,,,,,,,,,12428,The controller is what stood out after changing a few settings; it has been a pleasant surprise. the difference became clearer after a few more days.,positive,negative,0.6252393126487732,False,television,refrigerator,0.9446866512298584,False,standard,0,0,0,0,medium,0,0,stood_out,,,,
prediction_record,20260818T204035Z_github-32183473018,0,incoming,,,,,,,,,12429,"Under ordinary operating conditions, the built-in audio is what stood out after taking it on a trip; it breaks down when conditions change. a second check gave me the same result.",negative,negative,0.6631513833999634,True,television,refrigerator,0.9933130145072937,False,technical,0,0,0,0,medium,0,0,stood_out,,,,
prediction_record,20260818T204035Z_github-32183473018,0,incoming,,,,,,,,,12430,"After using it for work and at home, the interface has not changed my opinion much. someone else in the house noticed it too.",neutral,neutral,0.9214104413986206,True,television,refrigerator,0.9295521974563599,False,advanced,0,0,0,0,medium,0,0,context_component,,,,
prediction_record,20260818T204035Z_github-32183473018,0,incoming,,,,,,,,,12431,"i did not pay much attention to the ice system at first, but when someone else in the house used it it does the job. this was different from my first impression. that said, the cooling motor still performs consistently, so the experience is not completely one-sided.",neutral,positive,0.9988275170326233,False,refrigerator,television,0.9996637105941772,False,informal,0,0,0,0,long,1,0,attention,,,,
prediction_record,20260818T204035Z_github-32183473018,0,incoming,,,,,,,,,12432,"When someone else in the house used it, I noticed that the interface on this TV set still performs consistently. I noticed the change only in the new situation. I would buy it again. I expected some crap here, but it has actually held up.",positive,positive,0.9998658895492554,True,television,television,0.9996398687362671,True,advanced,1,0,0,0,long,0,0,noticed,,,,
prediction_record,20260818T204035Z_github-32183473018,0,incoming,,,,,,,,,12433,"i did pay much attention to the interface at first, but outside my normal routine it in normal use.",negative,negative,0.6830284595489502,True,television,refrigerator,0.3956696689128876,False,limited,0,0,0,0,medium,0,0,context_component,,,,
prediction_record,20260818T204035Z_github-32183473018,0,incoming,,,,,,,,,12434,"lowkey, when someone else in the house used it, I noticed that the vibration on this new washer breaks down when conditions change. the difference became clearer after a few more days. I would not rely on it.",negative,negative,0.9989783763885498,True,washing_machine,washing_machine,0.3910270929336548,True,standard,0,0,0,1,long,0,0,noticed,,,,
prediction_record,20260818T204035Z_github-32183473018,0,incoming,,,,,,,,,12435,"From a practical reliability standpoint, the built-in audio is what stood out after a few weeks of mxied use; it breaks down when conditions change. I tried the same thing again later and got a similar result. I am already looking at alternatives. 🤷",negative,negative,0.9999361038208008,True,television,refrigerator,0.6653958559036255,False,technical,0,1,1,0,long,0,0,stood_out,,,,
prediction_record,20260818T204035Z_github-32183473018,0,incoming,,,,,,,,,12436,"After a few weeks of mixed use, the wash drum has been a pleasant surprise. this was different from my first impression. I plan to keep using it.",positive,negative,0.9686180353164673,False,washing_machine,washing_machine,0.9995494484901428,True,standard,0,0,0,0,medium,0,0,context_component,,,,
prediction_record,20260818T204035Z_github-32183473018,0,incoming,,,,,,,,,12437,my main impression of this work phone comes from the earpiece: it has stayed dependable outside my normal routine.,positive,negative,0.9344009757041931,False,smartphone,smartphone,0.9994885921478271,True,limited,0,0,0,0,medium,0,1,main_impression,,,,
prediction_record,20260818T204035Z_github-32183473018,0,incoming,,,,,,,,,12438,"outside my normal routine, i noticed that the rinse program on this front-loading washer holds up better than expected. i noticed the change only in the new situation. damn, i did not expect this part to be this solid. 🔥",positive,positive,0.9998798370361328,True,washing_machine,washing_machine,0.9996215105056763,True,limited,1,1,0,0,long,0,0,noticed,,,,
prediction_record,20260818T204035Z_github-32183473018,0,incoming,,,,,,,,,12439,"After using it for work and at home, I noticed that the door warning on this new refrigerator has stayed dependable. I repeated the check before writing this. it has earned my confidence. idk.",positive,positive,0.9864004850387573,True,refrigerator,refrigerator,0.9980794191360474,True,advanced,0,0,0,1,long,0,0,noticed,,,,
prediction_record,20260818T204035Z_github-32183473018,0,incoming,,,,,,,,,12440,"I did not pay much attention to the shelf layout at first, but after taking it on a trip it is fine for what it is. I tried the same thing again later and got a similar result. it is adequate for now.",neutral,neutral,0.9999552965164185,True,refrigerator,refrigerator,0.9382296204566956,True,standard,0,0,0,0,long,0,0,attention,,,,
prediction_record,20260818T204035Z_github-32183473018,0,incoming,,,,,,,,,12441,"Under ordinary operating conditions, after changing a few settings, the battery life is acceptable but unremarkable. someone else in the house noticed it too.",neutral,neutral,0.9714934825897217,True,smartphone,smartphone,0.9995402097702026,True,technical,0,0,0,0,medium,0,1,context_component,,,,
prediction_record,20260818T204035Z_github-32183473018,0,incoming,,,,,,,,,12442,"Under a representative operating profile, i have been using this work phone when someone else in the house used it, and the earpiece is difficult to trust. a second check gave me the same result. I would not rely on it.",negative,negative,0.9975726008415222,True,smartphone,smartphone,0.9996104836463928,True,technical,0,0,0,0,long,0,0,using,,,,
prediction_record,20260818T204035Z_github-32183473018,0,incoming,,,,,,,,,12443,"Across repeated observations, my main impression of this mobile comes from the touch panel: it fails in normal use when someone else in the house used it. a second check gave me the same result. I am already looking at alternatives.",negative,negative,0.9999911785125732,True,smartphone,smartphone,0.9996168613433838,True,technical,0,0,0,0,long,0,0,main_impression,,,,
prediction_record,20260818T204035Z_github-32183473018,0,incoming,,,,,,,,,12444,the entwork reception is what stood out outside my normal routine; it keeps getting in the way. i noticed the change only in the new situation. i am tired of this crap. 😐,negative,negative,0.99997878074646,True,smartphone,smartphone,0.9995916485786438,True,limited,1,1,1,0,medium,0,1,stood_out,,,,
prediction_record,20260818T204035Z_github-32183473018,0,incoming,,,,,,,,,12445,my main impression of this machine comes from the drainage motor: it has turned into a recurring problem after coming back to it after a few days. i repeated the check before writing this. i am considering a replacement. 😂,negative,negative,0.9999449253082275,True,washing_machine,refrigerator,0.8203190565109253,False,informal,0,1,0,0,long,0,1,main_impression,,,,
prediction_record,20260818T204035Z_github-32183473018,0,incoming,,,,,,,,,12446,"fr, i did not pay much attention to the vibration at first, but after taking on a trip it fails in normla use. the behavior persisted across several attempts. i would not rely on it.",negative,negative,0.9999358654022217,True,washing_machine,washing_machine,0.7013352513313293,True,limited,0,0,1,1,long,0,0,attention,,,,
prediction_record,20260818T204035Z_github-32183473018,0,incoming,,,,,,,,,12447,"Across repeated observations, i have been using this clothes washer during a heavier-than-usual day, and the spin program feels ordinary after more use. The damn thing is basically fine.",neutral,neutral,0.999422550201416,True,washing_machine,washing_machine,0.9991493225097656,True,technical,1,0,0,0,medium,0,0,using,,,,
prediction_record,20260818T204035Z_github-32183473018,0,incoming,,,,,,,,,12448,"Across repeated observations, when someone else in the house used it, the cycle controls has become increasingly unreliable. pretty solid ngl.",negative,negative,0.9853610396385193,True,washing_machine,washing_machine,0.584440290927887,True,technical,0,0,0,1,medium,0,1,context_component,,,,
prediction_record,20260818T204035Z_github-32183473018,0,incoming,,,,,,,,,12449,"After coming back to it after a few days, the shelf layout has not changed my opinion much. for real.",neutral,negative,0.6188892722129822,False,refrigerator,refrigerator,0.857426643371582,True,standard,0,0,0,1,medium,0,0,context_component,,,,
prediction_record,20260818T204035Z_github-32183473018,0,incoming,,,,,,,,,12450,"after coming back to it a few days, the door latch remains basically average. the difference became clearer after a few more days. honestly, the damn thing is just average. for real. 💀",neutral,neutral,0.999937891960144,True,washing_machine,refrigerator,0.9092034101486206,False,limited,1,1,0,1,medium,0,0,context_component,,,,
prediction_record,20260818T204035Z_github-32183473018,0,incoming,,,,,,,,,12451,"Across repeated observations, i did not pay much attention to the network reception at first, but during a heavier-than-usual day it works well even outside my usual routine. a second check gave me the same result. Damn, I did not expect this part to be this solid.",positive,positive,0.999882698059082,True,smartphone,smartphone,0.9995930790901184,True,technical,1,0,0,0,long,0,0,attention,,,,
prediction_record,20260818T204035Z_github-32183473018,0,incoming,,,,,,,,,12452,"i have been using this television set after coming back to it after a few days, and the video input still performs consistently. this was different from my first impression.",positive,positive,0.999497652053833,True,television,television,0.9996488094329834,True,informal,0,0,0,0,medium,0,0,using,,,,
prediction_record,20260818T204035Z_github-32183473018,0,incoming,,,,,,,,,12453,"olwkey, i did not pay much attention to the streaming menu at first, but during a heavier-than-usual day it is acceptable but unremarkable. someone else in the house noticed it too.",neutral,negative,0.9026398062705994,False,television,television,0.9996757507324219,True,standard,0,0,1,1,medium,0,0,attention,,,,
prediction_record,20260818T204035Z_github-32183473018,0,incoming,,,,,,,,,12454,my main impression of this wash unit comes from the rinse program: it has not given me during a heavier-than-usual day. i plan to keep useing it.,positive,negative,0.9996336698532104,False,washing_machine,washing_machine,0.6006229519844055,True,limited,0,0,1,0,medium,0,1,main_impression,,,,
prediction_record,20260818T204035Z_github-32183473018,0,incoming,,,,,,,,,12455,"the interface is what stood out after a few weeks of mixed use; it keeps getting in the way. that said, the built-in audio has been a pleasant surprise, so the experience is not completely one-sided.",negative,negative,0.9999788999557495,True,television,refrigerator,0.9946377873420715,False,informal,0,0,0,0,long,1,0,stood_out,,,,
prediction_record,20260818T204035Z_github-32183473018,0,incoming,,,,,,,,,12456,"I have been using this mobile after changing a few settings, and the network reception works normally. I repeated the check before writing this. it is adequate for now.",neutral,neutral,0.9925271272659302,True,smartphone,smartphone,0.9996370077133179,True,standard,0,0,0,0,medium,0,0,using,,,,
prediction_record,20260818T204035Z_github-32183473018,0,incoming,,,,,,,,,12457,"fr, outside my normal routine, the vibration breaks down when conditions change. I repeated the check before writing this. this is the part that makes me regret the purchase. 😂",negative,negative,0.9997287392616272,True,washing_machine,smartphone,0.6597023606300354,False,standard,0,1,0,1,medium,0,1,context_component,,,,
prediction_record,20260818T204035Z_github-32183473018,0,incoming,,,,,,,,,12458,"After repeated use under comparable conditions, after coming back to it after a few days, I noticed that the freezer compartment on this kitchen fridge is difficult to trust. the behavior persisted across several attempts. for real.",negative,negative,0.8255516886711121,True,refrigerator,refrigerator,0.9983019828796387,True,technical,0,0,0,1,long,0,1,noticed,,,,
prediction_record,20260818T204035Z_github-32183473018,0,incoming,,,,,,,,,12459,The door latch is what stood out after changing a few settings; it has stayed dependable. the difference became clearer after a few more days.,positive,negative,0.7253589630126953,False,washing_machine,refrigerator,0.963385283946991,False,standard,0,0,0,0,medium,0,0,stood_out,,,,
prediction_record,20260818T204035Z_github-32183473018,0,incoming,,,,,,,,,12460,my main impression of this work phone comes from the rear camera: it works normally after a few weeks of mixed use.,neutral,negative,0.9446707367897034,False,smartphone,smartphone,0.9995138645172119,True,informal,0,0,0,0,medium,0,1,main_impression,,,,
prediction_record,20260818T204035Z_github-32183473018,0,incoming,,,,,,,,,12461,"After using it for work and at home, the earpiece has been a pleasant surprise. the difference became clearer after a few more days.",positive,negative,0.722185492515564,False,smartphone,refrigerator,0.7473481893539429,False,standard,0,0,0,0,medium,0,0,context_component,,,,
prediction_record,20260818T204035Z_github-32183473018,0,incoming,,,,,,,,,12462,"i did not pay much attention to the apps at first, but during a heavier-than-usual day it holds up better than expected. overall i am happy with it.",positive,positive,0.9997586607933044,True,smartphone,television,0.9996356964111328,False,informal,0,0,0,0,medium,0,1,attention,,,,
prediction_record,20260818T204035Z_github-32183473018,0,incoming,,,,,,,,,12463,"i did not pay much attention to the battery life at first, but outside my normal routine it keeps getting in the way. the behavior persisted across several attempts.",negative,negative,0.9994756579399109,True,smartphone,smartphone,0.9995697140693665,True,informal,0,0,0,0,medium,0,0,attention,,,,
prediction_record,20260818T204035Z_github-32183473018,0,incoming,,,,,,,,,12464,"Across repeated observations, when someone else in the house used it, I noticed that the gasket on this kitchen fridge keeps acting up. the behavior persisted across several attempts. I am considering a replacement. This is damn annoying. Honestly 👍",negative,negative,0.9999772310256958,True,refrigerator,refrigerator,0.9903237819671631,True,technical,1,1,0,0,long,0,0,noticed,,,,
prediction_record,20260818T204035Z_github-32183473018,0,incoming,,,,,,,,,12465,"i have been using this bedroom tv after changing a few settings, and the video input holds better than expected. this was different from my firts impression. it has earned my confidence.",positive,positive,0.9997544884681702,True,television,television,0.9996951818466187,True,limited,0,0,1,0,medium,0,0,using,,,,
prediction_record,20260818T204035Z_github-32183473018,0,incoming,,,,,,,,,12466,"when someone in the house used it, i noticed that the built-in audio on this bedroom tv still performs consistently. someone else in the house noticed it too. the damn thing surprised me in a good way.",positive,positive,0.9998316764831543,True,television,television,0.9995892643928528,True,limited,1,0,0,0,long,0,0,noticed,,,,
prediction_record,20260818T204035Z_github-32183473018,0,incoming,,,,,,,,,12467,"My main impression of this screen unit comes from the built-in audio: it is acceptable but unremarkable after coming back to it after a few days. this was different from my first impression. my opinion is still basically in the middle. Honestly, the damn thing is just average. 😂",neutral,negative,0.9999455213546753,False,television,television,0.9996387958526611,True,advanced,1,1,0,0,long,0,0,main_impression,,,,
prediction_record,20260818T204035Z_github-32183473018,0,incoming,,,,,,,,,12468,"lowkey, my main impression of this TV set comes from the built-in audio: it works well even outside my usual routine after a few weeks of mixed use. I repeated the check before writing this. That said, the controller fails in normal use, so the experience is not completely one-sided.",positive,positive,0.9995765089988708,True,television,television,0.9996664524078369,True,standard,0,0,0,1,long,1,1,main_impression,,,,
prediction_record,20260818T204035Z_github-32183473018,0,incoming,,,,,,,,,12469,"i did not pay much attention to the cooling motor at fisrt, but when someone else in the used it it is neither impressive bad. honestly, the damn thing is just average.",neutral,neutral,0.9997987151145935,True,refrigerator,refrigerator,0.9976676106452942,True,limited,1,0,1,0,medium,0,0,attention,,,,
prediction_record,20260818T204035Z_github-32183473018,0,incoming,,,,,,,,,12470,"i have been using this television set after changing a few settings, and the panel lighting has been a pleasant surprise. i noticed the change only in the new situation. the video input tells a different story because it fails in normal use. 👍",positive,negative,0.9970171451568604,False,television,television,0.9996622800827026,True,informal,0,1,0,0,long,1,0,using,,,,
prediction_record,20260818T204035Z_github-32183473018,0,incoming,,,,,,,,,12471,"when someone else in the house used it, the inside lighting breaks down when conditions change. the behavior persisted across several attempts.",negative,negative,0.7518104314804077,True,refrigerator,refrigerator,0.9504490494728088,True,informal,0,0,0,0,medium,0,1,context_component,,,,
prediction_record,20260818T204035Z_github-32183473018,0,incoming,,,,,,,,,12472,"during a heavier-than-usual day, the touch panel has not given me trouble. someone else in the house noticed it too. the apps tells a different story because it is fine for what it is. no bullshit, this has one of the better parts of the product. 🤔",positive,negative,0.9999357461929321,False,smartphone,television,0.9996699094772339,False,limited,1,1,0,0,long,1,0,context_component,,,,
prediction_record,20260818T204035Z_github-32183473018,0,incoming,,,,,,,,,12473,"When someone else in the house used it, the cycle controls holds up better than expected. a second check gave me the same result. I have stopped worrying about this part of the product. I expected some crap here, but it has actually held up.",positive,positive,0.9998718500137329,True,washing_machine,washing_machine,0.4768953323364258,True,standard,1,0,0,0,long,0,0,context_component,,,,
prediction_record,20260818T204035Z_github-32183473018,0,incoming,,,,,,,,,12474,"real talk, the inside lighting is what stood out during a heavier-than-usual day; it remains basically average. the behavior persisted across several attempts.",neutral,neutral,0.996174693107605,True,refrigerator,refrigerator,0.9278533458709717,True,informal,0,0,0,1,medium,0,0,stood_out,,,,
prediction_record,20260818T204035Z_github-32183473018,0,incoming,,,,,,,,,12475,"not gonna lie, i have been using this work phone after changing a few settings, and the usb port has been a pleasant surprise. the behavior persisted across several attempts. i plan to keep useing it. damn, i did not expect this part to be this solid.",positive,positive,0.9998028874397278,True,smartphone,smartphone,0.9995948672294617,True,informal,1,0,1,1,long,0,1,using,,,,
prediction_record,20260818T204035Z_github-32183473018,0,incoming,,,,,,,,,12476,the vibration is what stood out after coming back to it few days; it works normally. it is adequate for now.,neutral,neutral,0.9873910546302795,True,washing_machine,refrigerator,0.8151974678039551,False,limited,0,0,0,0,medium,0,1,stood_out,,,,
prediction_record,20260818T204035Z_github-32183473018,0,incoming,,,,,,,,,12477,"real talk, when someone else in the house used it, the fingerprint erader has been a disappointment. I noticed the change only in the new situation. this is the part that makes me regret the purchase.",negative,negative,0.9996811151504517,True,smartphone,refrigerator,0.9975641965866089,False,standard,0,0,1,1,long,0,0,context_component,,,,
prediction_record,20260818T204035Z_github-32183473018,0,incoming,,,,,,,,,12478,"after using it for work and at home, i noticed that the ice system on this kitchen fridge is difficult to trust. i repeated the check before writing this. Honestly 😐",negative,neutral,0.9261976480484009,False,refrigerator,washing_machine,0.9850983619689941,False,informal,0,1,0,0,medium,0,0,noticed,,,,
prediction_record,20260818T204035Z_github-32183473018,0,incoming,,,,,,,,,12479,"when someone else in the house used it, the cycle controls has become increasingly unreliable. i repeated the check before writing this. i would not rely on it. on the other hand, the spin program is acceptable but unremarkable, which makes the overall picture more mixed. this is damn annoying. Honestly 👍",negative,negative,0.9999872446060181,True,washing_machine,washing_machine,0.9989904761314392,True,informal,1,1,0,0,long,1,0,context_component,,,,
prediction_record,20260818T204035Z_github-32183473018,0,incoming,,,,,,,,,12480,"i did not pay much attention to the touch panel at first, but after taking it on a trip it still perfroms consistently. a second check me the same result. overall i am happy with it. that said, the fingerprint reader is neither impressive bad, so the experience is not completely one-sided.",positive,positive,0.9997227787971497,True,smartphone,washing_machine,0.9953998923301697,False,limited,0,0,1,0,long,1,0,attention,,,,
prediction_record,20260818T204035Z_github-32183473018,0,incoming,,,,,,,,,12481,"After a few weeks of mixed use, the USB port holds up better than expected. the difference became clearer after a few more days. for my use case, this is a keeper. The battery life tells a different story because it is difficult to trust.",positive,positive,0.9997499585151672,True,smartphone,smartphone,0.9995952248573303,True,advanced,0,0,0,0,long,1,0,context_component,,,,
prediction_record,20260818T204035Z_github-32183473018,0,incoming,,,,,,,,,12482,"i did not pay much attention to the spin program at first, but outside my normal routine it works normally. this was different from my first impression.",neutral,negative,0.9220777750015259,False,washing_machine,washing_machine,0.9969736337661743,True,informal,0,0,0,0,medium,0,0,attention,,,,
prediction_record,20260818T204035Z_github-32183473018,0,incoming,,,,,,,,,12483,"i have been using this refrigeration unit outside my normal routine, and the gasket is neither impressive nor bad. someone else in the house noticed it too.",neutral,neutral,0.9991759657859802,True,refrigerator,refrigerator,0.6014115214347839,True,informal,0,0,0,0,medium,0,0,using,,,,
prediction_record,20260818T204035Z_github-32183473018,0,incoming,,,,,,,,,12484,"I did not pay much attention to the rear camera at first, but during a heavier-than-usual day it has not given me trouble. I noticed the change only in the new situation. I have stopped worrying about this part of the product.",positive,negative,0.9935594797134399,False,smartphone,smartphone,0.9995742440223694,True,advanced,0,0,0,0,long,0,0,attention,,,,
prediction_record,20260818T204035Z_github-32183473018,0,incoming,,,,,,,,,12485,the gasket is what stood out after coming back to it after a few days; it has become increasingly unreliable. the behavior persisted across several attempts.,negative,negative,0.9995890259742737,True,refrigerator,refrigerator,0.9697397947311401,True,informal,0,0,0,0,medium,0,1,stood_out,,,,
prediction_record,20260818T204035Z_github-32183473018,0,incoming,,,,,,,,,12486,"I did not pay much attention to the inside lighting at first, but during a heavier-than-usual day it has been a disappointment. a second check gave me the same result. I am already looking at alternatives.",negative,negative,0.9985026121139526,True,refrigerator,refrigerator,0.5271385312080383,True,standard,0,0,0,0,long,0,1,attention,,,,
prediction_record,20260818T204035Z_github-32183473018,0,incoming,,,,,,,,,12487,"Under ordinary operating conditions, after taking it on a trip, the picture quality is acceptable but unremarkable. someone else in the house noticed it too.",neutral,neutral,0.9525478482246399,True,television,refrigerator,0.6178815364837646,False,technical,0,0,0,0,medium,0,0,context_component,,,,
prediction_record,20260818T204035Z_github-32183473018,0,incoming,,,,,,,,,12488,"Under a representative operating profile, the earpiece is what stood out after taking it on a trip; it breaks down when conditions change. the difference became clearer after a few more days.",negative,neutral,0.5767154693603516,False,smartphone,refrigerator,0.8755528330802917,False,technical,0,0,0,0,medium,0,0,stood_out,,,,
prediction_record,20260818T204035Z_github-32183473018,0,incoming,,,,,,,,,12489,"Across repeated observations, fAter using it for work and at home, the door latch breaks down when conditions change. Honestly 😬",negative,neutral,0.9337527751922607,False,washing_machine,refrigerator,0.5884023904800415,False,technical,0,1,1,0,medium,0,0,context_component,,,,
prediction_record,20260818T204035Z_github-32183473018,0,incoming,,,,,,,,,12490,my main impression of this screen unit comes from the panel lighting: it continues to work without drama after using it for work and at home. this was different from my first impression.,positive,negative,0.9340085387229919,False,television,television,0.9996505975723267,True,informal,0,0,0,0,medium,0,1,main_impression,,,,
prediction_record,20260818T204035Z_github-32183473018,0,incoming,,,,,,,,,12491,"when someone else in the house used it, i noticed that the fill valve on this front-loading washer holds up better than expected. the behavior persisted across several attempts. it has earned my confidence. the damn thing surprised me in a good way.",positive,positive,0.999853253364563,True,washing_machine,washing_machine,0.9995647072792053,True,informal,1,0,0,0,long,0,0,noticed,,,,
prediction_record,20260818T204035Z_github-32183473018,0,incoming,,,,,,,,,12492,"After using it for work and at home, I noticed that the door latch on this wash unit has not given me trouble. I have stopped worrying about this part of the product.",positive,positive,0.9982724189758301,True,washing_machine,refrigerator,0.8822539448738098,False,standard,0,0,0,0,medium,0,0,noticed,,,,
prediction_record,20260818T204035Z_github-32183473018,0,incoming,,,,,,,,,12493,"After changing a few settings, I noticed that the fingerprint reader on this daily driver is fine for what it is. this was different from my first impression.",neutral,neutral,0.9993219375610352,True,smartphone,refrigerator,0.7341704368591309,False,advanced,0,0,0,0,medium,0,0,noticed,,,,
prediction_record,20260818T204035Z_github-32183473018,0,incoming,,,,,,,,,12494,"Outside my normal routine, I noticed that the door warning on this refrigeration unit feels ordinary after more use. I do not feel strongly either way. not great tbh.",neutral,neutral,0.9998655319213867,True,refrigerator,refrigerator,0.6173299551010132,True,advanced,0,0,0,1,medium,0,0,noticed,,,,
prediction_record,20260818T204035Z_github-32183473018,0,incoming,,,,,,,,,12495,"Under ordinary operating conditions, i have been using this daily driver after using it for work and at home, and the apps holds up better than expected. someone else in the house noticed it too. for my use case, this is a keeper.",positive,positive,0.999685525894165,True,smartphone,television,0.9996261596679688,False,technical,0,0,0,0,long,0,0,using,,,,
prediction_record,20260818T204035Z_github-32183473018,0,incoming,,,,,,,,,12496,"I did not pay much attention to the wireless connection at first, but when someone else in the house used it it has been a pleasant surprise. a second check gave me the same result. it has earned my confidence.",positive,positive,0.9364936351776123,True,television,refrigerator,0.9955940842628479,False,standard,0,0,0,0,long,0,0,attention,,,,
prediction_record,20260818T204035Z_github-32183473018,0,incoming,,,,,,,,,12497,the panel lighting is what stood out after taking it on a trip; it feels ordinary after more use. it is adequate for now. 🙃,neutral,neutral,0.9995438456535339,True,television,washing_machine,0.9996209144592285,False,informal,0,1,0,0,medium,0,0,stood_out,,,,
prediction_record,20260818T204035Z_github-32183473018,0,incoming,,,,,,,,,12498,my main impression of this refrigeration unit comes from the ice system: it has not given me trouble when someone else in the house used it. i tried the same thing again later and got a similar result.,positive,negative,0.9999717473983765,False,refrigerator,washing_machine,0.9995777010917664,False,informal,0,0,0,0,long,0,0,main_impression,,,,
prediction_record,20260818T204035Z_github-32183473018,0,incoming,,,,,,,,,12499,"When someone else in the house used it, I noticed that the shelf layout on this kitchen fridge is neither impressive nor bad. someone else in the house noticed it too. 💀",neutral,neutral,0.9992689490318298,True,refrigerator,refrigerator,0.9980911612510681,True,standard,0,1,0,0,medium,0,1,noticed,,,,
prediction_record,20260818T204035Z_github-32183473018,0,incoming,,,,,,,,,12500,"After a few weeks of mixed use, the network reception keeps getting in the way. the behavior persisted across several attempts. 👍",negative,negative,0.9998674392700195,True,smartphone,smartphone,0.9991375207901001,True,standard,0,1,0,0,medium,0,0,context_component,,,,
prediction_record,20260818T204035Z_github-32183473018,0,incoming,,,,,,,,,12501,"i did not pay much attention to the usb port at first, but after changing a few settings it is acceptable but unremarkable. i noticed the change in the new situation. i do not feel strongly either way. on the other hand, the call quality keeps getting in the way, which makes the overall picture more mixed. it is not amazing, but it is not bullshit either.",neutral,neutral,0.9999610185623169,True,smartphone,smartphone,0.9996738433837891,True,limited,1,0,0,0,long,1,0,attention,,,,
prediction_record,20260818T204035Z_github-32183473018,0,incoming,,,,,,,,,12502,"real talk, the cooling motor is what stood out after coming back to it after a few days; it has turned into a recurring problem. i noticed the change only in the new situation.",negative,negative,0.8230667114257812,True,refrigerator,refrigerator,0.9980732202529907,True,limited,0,0,0,1,long,0,0,stood_out,,,,
prediction_record,20260818T204035Z_github-32183473018,0,incoming,,,,,,,,,12503,"Under ordinary operating conditions, the gasket is what stood out after coming back to it after a few days; it keeps acting up. the difference became clearer after a few more days. I am considering a replacement.",negative,negative,0.9999176263809204,True,refrigerator,refrigerator,0.9489887356758118,True,technical,0,0,0,0,long,0,0,stood_out,,,,
prediction_record,20260818T204035Z_github-32183473018,0,incoming,,,,,,,,,12504,"after coming back to it after a few days, i noticed that the freezer compartment on this kitchen fridge works normally. i tried the same thing again later and got a similar result. on the other hand, the cooling motor keeps acting which makes the overall picture more mixed.",neutral,negative,0.9999514818191528,False,refrigerator,refrigerator,0.9991471767425537,True,limited,0,0,0,0,long,1,0,noticed,,,,
prediction_record,20260818T204035Z_github-32183473018,0,incoming,,,,,,,,,12505,"Outsied my normal routine, I noticed that the network reception on this pocket device remains basically average. I noticed the change only in the new situation. it is adequate for now. idk. 🤷",neutral,neutral,0.9999340772628784,True,smartphone,smartphone,0.9996696710586548,True,standard,0,1,1,1,medium,0,1,noticed,,,,
prediction_record,20260818T204035Z_github-32183473018,0,incoming,,,,,,,,,12506,"After repeated use under comparable conditions, honestly tho, my main impression of this refrigeration unit comes from the compressor fan: it has been a pleasant surprise when someone else in the house used it.",positive,negative,0.9535788893699646,False,refrigerator,refrigerator,0.9984732270240784,True,technical,0,0,0,1,long,0,1,main_impression,,,,
prediction_record,20260818T204035Z_github-32183473018,0,incoming,,,,,,,,,12507,"outside my normal routine, the streaming menu does the job. the behavior persisted across several attempts. there is no major crap to complain about here. Honestly 🤷",neutral,neutral,0.9999287128448486,True,television,television,0.999670147895813,True,informal,1,1,0,0,medium,0,0,context_component,,,,
prediction_record,20260818T204035Z_github-32183473018,0,incoming,,,,,,,,,12508,"not gonna lie, my main impression of this television set comes from the streaming menu: it works well even outside my usual routine after changing a few settings. the difference became clearer after a few more days. I have stopped worrying about this part of the product.",positive,positive,0.9998427629470825,True,television,television,0.9995824694633484,True,standard,0,0,0,1,long,0,0,main_impression,,,,
prediction_record,20260818T204035Z_github-32183473018,0,incoming,,,,,,,,,12509,"I did not pay much attention to the soap tray at first, but outside my normal routine it feels ordinary after more use. this was different from my first impression. I would neither recommend it nor warn people away.",neutral,neutral,0.9999343156814575,True,washing_machine,refrigerator,0.8837440609931946,False,standard,0,0,0,0,long,0,1,attention,,,,
prediction_record,20260818T204035Z_github-32183473018,0,incoming,,,,,,,,,12510,"after using it for work and at home, the vibration fails in normal use. else in the house noticed it too.",negative,negative,0.9996248483657837,True,washing_machine,refrigerator,0.8130828738212585,False,limited,0,0,0,0,medium,0,1,context_component,,,,
prediction_record,20260818T204035Z_github-32183473018,0,incoming,,,,,,,,,12511,"From a practical reliability standpoint, the compressor fan is what stood out after changing a few settings; it works well even outside my usual routine. a second check gave me the same result.",positive,positive,0.9955606460571289,True,refrigerator,refrigerator,0.9983667731285095,True,technical,0,0,0,0,medium,0,0,stood_out,,,,
prediction_record,20260818T204035Z_github-32183473018,0,incoming,,,,,,,,,12512,"i have using this cell phone after taking it on a trip, and the touch panel has been a disappointment. the difference became clearer after a few more days.",negative,negative,0.9291256070137024,True,smartphone,smartphone,0.9995855689048767,True,limited,0,0,0,0,medium,0,0,context_component,,,,
prediction_record,20260818T204035Z_github-32183473018,0,incoming,,,,,,,,,12513,"after coming back to it after a few days, the wash drum has turned into a recurring problem. i would hesitate to buy it again. pretty solid ngl.",negative,negative,0.9996684789657593,True,washing_machine,washing_machine,0.9976455569267273,True,informal,0,0,0,1,medium,0,0,context_component,,,,
prediction_record,20260818T204035Z_github-32183473018,0,incoming,,,,,,,,,12514,my main impression of this cold-storage unit comes from the compressor fan: it fails in normal use after coming back to it after a few days. a second gave me the same result. 😬,negative,negative,0.9999783039093018,True,refrigerator,refrigerator,0.9988190531730652,True,limited,0,1,0,0,long,0,1,main_impression,,,,
prediction_record,20260818T204035Z_github-32183473018,0,incoming,,,,,,,,,12515,"I did not pay much attention to the network reception at first, but after coming back to it after a few days it has become increasingly unreliable. I would hesitate to buy it again.",negative,negative,0.9999610185623169,True,smartphone,smartphone,0.9995667338371277,True,advanced,0,0,0,0,long,0,0,attention,,,,
prediction_record,20260818T204035Z_github-32183473018,0,incoming,,,,,,,,,12516,"not gonna lie, the rinse program is what stood out after using it for work and at home; it has been a disappointment. the behavior persisted across several attempts. I am already looking at alternatives. On the other hand, the door latch works well even outside my usual routine, which makes the on balance picture more mixed.",negative,negative,0.9999791383743286,True,washing_machine,television,0.80329430103302,False,advanced,0,0,0,1,long,1,0,stood_out,,,,
prediction_record,20260818T204035Z_github-32183473018,0,incoming,,,,,,,,,12517,the ice system is what stood out after using it for work and at home; it is neither impressive nor bad. else in the house noticed it too.,neutral,neutral,0.9995611310005188,True,refrigerator,television,0.9996695518493652,False,limited,0,0,0,0,medium,0,0,stood_out,,,,
prediction_record,20260818T204035Z_github-32183473018,0,incoming,,,,,,,,,12518,"After a few weeks of mixed use, the video input has become inrceasingly unreliable. the difference became clearer after a few more days. I am considering a replacement. This shit should not be happening in routine use.",negative,negative,0.9999911785125732,True,television,television,0.9996086955070496,True,advanced,1,0,1,0,long,0,0,context_component,,,,
prediction_record,20260818T204035Z_github-32183473018,0,incoming,,,,,,,,,12519,The rinse program is what stood out outside my normal routine; it still performs consistently. this was different from my first impression. I would buy it again.,positive,positive,0.999785840511322,True,washing_machine,washing_machine,0.9983946681022644,True,advanced,0,0,0,0,medium,0,0,stood_out,,,,
prediction_record,20260818T204035Z_github-32183473018,0,incoming,,,,,,,,,12520,"I did not pay much attention to the ice system at first, but outside my normal routine it holds up better than expected. it has earned my confidence.",positive,positive,0.9997597336769104,True,refrigerator,television,0.9996485710144043,False,standard,0,0,0,0,medium,0,0,attention,,,,
prediction_record,20260818T204035Z_github-32183473018,0,incoming,,,,,,,,,12521,"imo, i have been using this new phone after using it for work and at home, and the USB port works well even outside my usual routine. on balance I am happy with it.",positive,positive,0.9949824213981628,True,smartphone,smartphone,0.9996108412742615,True,advanced,0,0,0,1,long,0,0,using,,,,
prediction_record,20260818T204035Z_github-32183473018,0,incoming,,,,,,,,,12522,"When someone else in the house used it, I noticed that the door warning on this food cooler breaks down when conditions change. the behavior persisted across several attempts. The damn thing keeps getting in the way.",negative,negative,0.9997796416282654,True,refrigerator,refrigerator,0.9920909404754639,True,advanced,1,0,0,0,long,0,0,noticed,,,,
prediction_record,20260818T204035Z_github-32183473018,0,incoming,,,,,,,,,12523,The picture quality is what stood out after using it for work and at home; it is neither impressive nor bad. idk. Honestly 👎,neutral,neutral,0.9990367889404297,True,television,washing_machine,0.593999981880188,False,advanced,0,1,0,1,medium,0,1,stood_out,,,,
prediction_record,20260818T204035Z_github-32183473018,0,incoming,,,,,,,,,12524,"lowkey, after changing a few settings, i noticed that the network reception on this new phone is acceptable but unremarkable. i tried the same thing again later and got a similar result. i can live with it.",neutral,neutral,0.9996629953384399,True,smartphone,smartphone,0.9996134638786316,True,informal,0,0,0,1,long,0,0,noticed,,,,
prediction_record,20260818T204035Z_github-32183473018,0,incoming,,,,,,,,,12525,The door latch is what stood out during a heavier-than-usual day; it fails in normal use. a second check gave me the same result. The wash drum tells a different story because it has not given me trouble.,negative,negative,0.9999814033508301,True,washing_machine,washing_machine,0.9988534450531006,True,standard,0,0,0,0,long,1,0,stood_out,,,,
prediction_record,20260818T204035Z_github-32183473018,0,incoming,,,,,,,,,12526,"i did not pay much attention to the earpiece at first, but after taking it on a trip it breaks down when conditions change.",negative,neutral,0.4389960467815399,False,smartphone,refrigerator,0.6195844411849976,False,limited,0,0,0,0,medium,0,0,attention,,,,
prediction_record,20260818T204035Z_github-32183473018,0,incoming,,,,,,,,,12527,"From a practical reliability standpoint, i did not pay much attention to the USB port at first, but when someone else in the houes used it it holds up better than expected. this was different from my first impression. for my use case, this is a keeper. Damn, I did not expect this part to be this solid.",positive,positive,0.9998992681503296,True,smartphone,smartphone,0.9995939135551453,True,technical,1,0,1,0,long,0,0,attention,,,,
prediction_record,20260818T204035Z_github-32183473018,0,incoming,,,,,,,,,12528,"From a practical reliability standpoint, i have been using this main fridge afetr using it for work and at home, and the thermostat keeps getting in the way. a second check gave me the same result.",negative,negative,0.9989142417907715,True,refrigerator,refrigerator,0.9914889335632324,True,technical,0,0,1,0,long,0,1,using,,,,
prediction_record,20260818T204035Z_github-32183473018,0,incoming,,,,,,,,,12529,"not gonna lie, i did not pay much attention to the door latch at first, but atfer taking it on a trip it has become increasignly unreliable. i noticed the change only in the new situation. this needs to improve.",negative,negative,0.9999814033508301,True,washing_machine,refrigerator,0.9977012276649475,False,informal,0,0,1,1,long,0,0,attention,,,,
prediction_record,20260818T204035Z_github-32183473018,0,incoming,,,,,,,,,12530,"after coming back to it after a few days, i noticed that the gasket on this kitchen fridge has not given me trouble. i noticed the change only in the new situation.",positive,negative,0.9982820749282837,False,refrigerator,refrigerator,0.9961403012275696,True,informal,0,0,0,0,medium,0,0,noticed,,,,
prediction_record,20260818T204035Z_github-32183473018,0,incoming,,,,,,,,,12531,"When someone else in the house used it, the touch panel feels dependable in daily use. the difference became clearer after a few more days.",positive,negative,0.8798882961273193,False,smartphone,refrigerator,0.47889018058776855,False,advanced,0,0,0,0,medium,0,1,context_component,,,,
prediction_record,20260818T204035Z_github-32183473018,0,incoming,,,,,,,,,12532,"After a few weeks of mixed use, the compressor fan keeps getting in the way. someone else in the house noticed it too. 🤷",negative,negative,0.9999628067016602,True,refrigerator,refrigerator,0.9977026581764221,True,standard,0,1,0,0,medium,0,0,context_component,,,,
prediction_record,20260818T204035Z_github-32183473018,0,incoming,,,,,,,,,12533,"i have been useing this new phone after using it for work and at home, and the usb port has become increasingly unreliable. someone else in the house noticed it too.",negative,negative,0.9998663663864136,True,smartphone,smartphone,0.9996384382247925,True,informal,0,0,1,0,medium,0,1,context_component,,,,
prediction_record,20260818T204035Z_github-32183473018,0,incoming,,,,,,,,,12534,"After changing a few settings, I noticed that the battery life on this new phone feels dependable in daily use. I noticed the change only in the new situation. I would buy it again. The damn thing surprised me in a good way.",positive,negative,0.9997312426567078,False,smartphone,smartphone,0.9996140599250793,True,advanced,1,0,0,0,long,0,0,noticed,,,,
prediction_record,20260818T204035Z_github-32183473018,0,incoming,,,,,,,,,12535,"After coming back to it after a few days, the controller has been a disappointment. a second check gave me the same result. this is the part that makes me regret the purchase. Honestly 😬",negative,negative,0.9999359846115112,True,television,refrigerator,0.9940749406814575,False,advanced,0,1,0,0,long,0,1,context_component,,,,
prediction_record,20260818T204035Z_github-32183473018,0,incoming,,,,,,,,,12536,"I did not pay much attention to the rinse program at first, but after taking it on a trip it has not changed my opinion much. I noticed the change only in the new situation. hTere is no major crap to complain about here. 🙂",neutral,neutral,0.9999018907546997,True,washing_machine,washing_machine,0.6131446957588196,True,advanced,1,1,1,0,long,0,0,attention,,,,
prediction_record,20260818T204035Z_github-32183473018,0,incoming,,,,,,,,,12537,The battery life is what stood out after changing a few settings; it holds up better than expected. I noticed the change only in the new situation. I have stopped worrying about this part of the product.,positive,positive,0.9998726844787598,True,smartphone,smartphone,0.9995747208595276,True,standard,0,0,0,0,long,0,0,stood_out,,,,
prediction_record,20260818T204035Z_github-32183473018,0,incoming,,,,,,,,,12538,"i did not pay much attention to the controller at first, but after using it for work and at home it breaks down when conditions change. this was different from my first impression. this needs to improve. i am tired of this crap.",negative,negative,0.9999537467956543,True,television,television,0.5581381320953369,True,informal,1,0,0,0,long,0,0,attention,,,,
prediction_record,20260818T204035Z_github-32183473018,0,incoming,,,,,,,,,12539,"the panel lighting is what stood out outside my normal routine; it still performs consistently. i expected some crap here, but it actually held up.",positive,positive,0.999830961227417,True,television,washing_machine,0.9995641112327576,False,limited,1,0,0,0,medium,0,0,stood_out,,,,
prediction_record,20260818T204035Z_github-32183473018,0,incoming,,,,,,,,,12540,my main impression of this living room display comes from the video input: it holds up better than expected when someone else in the house used it. i tried the same thing again later and got a similar result. i would buy it again. not great tbh.,positive,positive,0.999756395816803,True,television,television,0.9996492862701416,True,informal,0,0,0,1,long,0,0,main_impression,,,,
prediction_record,20260818T204035Z_github-32183473018,0,incoming,,,,,,,,,12541,"lowkey, the vibration is what stood out after taking it on a trip; it works well even outside my usual routine. I repeated the check before writing this. I expected some crap here, but it has actually held up. 😬",positive,positive,0.9997997879981995,True,washing_machine,refrigerator,0.9927635788917542,False,advanced,1,1,0,1,long,0,0,stood_out,,,,
prediction_record,20260818T204035Z_github-32183473018,0,incoming,,,,,,,,,12542,"fr, i have been using this machine during a heavier-than-usual day, and the drainage motor is to trust. the difference became clearer after few more days. i would not rely on it.",negative,negative,0.9509945511817932,True,washing_machine,smartphone,0.3417997658252716,False,limited,0,0,0,1,medium,0,0,using,,,,
prediction_record,20260818T204035Z_github-32183473018,0,incoming,,,,,,,,,12543,"not gonna lie, after taking it on a trip, the cooling motor has not changed my opinion much. i noticed the change only in the new situation. my opinion is still basically in the middle. 💀",neutral,neutral,0.9985920786857605,True,refrigerator,refrigerator,0.9983683228492737,True,informal,0,1,0,1,long,0,0,context_component,,,,
prediction_record,20260818T204035Z_github-32183473018,0,incoming,,,,,,,,,12544,the wireless conection is what stood out after coming back to it after days; it does the job. 😂,neutral,neutral,0.884243905544281,True,television,refrigerator,0.7541741132736206,False,limited,0,1,1,0,medium,0,0,stood_out,,,,
prediction_record,20260818T204035Z_github-32183473018,0,incoming,,,,,,,,,12545,"I have been using this video panel after changing a few settings, and the interface is neither impressive nor bad. someone else in the house noticed it too. The streaming menu tells a different story because it keeps getting in the way. There is no major crap to complain about here.",neutral,neutral,0.9999579191207886,True,television,washing_machine,0.9996248483657837,False,advanced,1,0,0,0,long,1,0,using,,,,
prediction_record,20260818T204035Z_github-32183473018,0,incoming,,,,,,,,,12546,"I did not pay much attention to the video input at first, but after taking it on a trip it does the job. a second check gave me the same result.",neutral,neutral,0.9668499827384949,True,television,television,0.9996052384376526,True,advanced,0,0,0,0,medium,0,0,attention,,,,
prediction_record,20260818T204035Z_github-32183473018,0,incoming,,,,,,,,,12547,"After a few weeks of mixed use, the built-in audio works well even outside my usual routine. this was different from my first impression. I would buy it again.",positive,positive,0.9740586876869202,True,television,washing_machine,0.5627356171607971,False,advanced,0,0,0,0,medium,0,1,context_component,,,,
prediction_record,20260818T204035Z_github-32183473018,0,incoming,,,,,,,,,12548,"I did not pay much attention to the vibration at first, but after using it for work and at home it continues to work without drama. I tried the same thing again later and got a similar result. No bullshit, this has been one of the better parts of the product.",positive,positive,0.9326152205467224,True,washing_machine,smartphone,0.4032837152481079,False,standard,1,0,0,0,long,0,0,attention,,,,
prediction_record,20260818T204035Z_github-32183473018,0,incoming,,,,,,,,,12549,"real talk, my main impression of this refrigeration unit comes from the thermostat: it has turned into a recurring problem after using it for work and at home. the behavior persisted across several attempts.",negative,negative,0.8992304801940918,True,refrigerator,refrigerator,0.9971649050712585,True,standard,0,0,0,1,long,0,0,main_impression,,,,
prediction_record,20260818T204035Z_github-32183473018,0,incoming,,,,,,,,,12550,my main impression of this bedroom tv comes from the streaming menu: it feels ordinary after more use after useing it for work and at home. a second chekc gave me the same result. there is not much else to say.,neutral,neutral,0.9999459981918335,True,television,television,0.9996242523193359,True,informal,0,0,1,0,long,0,1,main_impression,,,,
prediction_record,20260818T204035Z_github-32183473018,0,incoming,,,,,,,,,12551,"I did not pay much attention to the door latch at first, but after taking it on a trip it is acceptable but unremarkable. I tried the same thing again later and got a similar result.",neutral,neutral,0.9986525774002075,True,washing_machine,refrigerator,0.8737602829933167,False,standard,0,0,0,0,long,0,0,attention,,,,
prediction_record,20260818T204035Z_github-32183473018,0,incoming,,,,,,,,,12552,my main impression of this work phone comes from the fingerprint reader: it continues to work without drama outside my normal routine. a second check gave me the same result.,positive,negative,0.9815070629119873,False,smartphone,smartphone,0.9995973706245422,True,limited,0,0,1,0,medium,0,0,main_impression,,,,
prediction_record,20260818T204035Z_github-32183473018,0,incoming,,,,,,,,,12553,"From a practical reliability standpoint, outside my normal routine, I noticed that the rear camera on this work phone is acceptable but unremarkable.",neutral,neutral,0.5328865647315979,True,smartphone,smartphone,0.9992626309394836,True,technical,0,0,0,0,medium,0,0,noticed,,,,
prediction_record,20260818T204035Z_github-32183473018,0,incoming,,,,,,,,,12554,"i did not pay much attention to the sports motion at first, but after changing a few settings it still performs consistently.",positive,positive,0.9955829977989197,True,television,television,0.9995933175086975,True,informal,0,0,0,0,medium,0,0,attention,,,,
prediction_record,20260818T204035Z_github-32183473018,0,incoming,,,,,,,,,12555,"During a heavier-than-usual day, I noticed that the network reception on this new phone is difficult to trust. I would not rely on it. I am tired of this crap.",negative,negative,0.9999556541442871,True,smartphone,smartphone,0.9995008707046509,True,advanced,1,0,0,0,medium,0,0,noticed,,,,
prediction_record,20260818T204035Z_github-32183473018,0,incoming,,,,,,,,,12556,"After coming back to it after a few days, I noticed that the call quailty on this cell phone is difficult to trust. I would not rely on it.",negative,negative,0.9977514147758484,True,smartphone,smartphone,0.9992104768753052,True,standard,0,0,1,0,medium,0,0,noticed,,,,
prediction_record,20260818T204035Z_github-32183473018,0,incoming,,,,,,,,,12557,My main impression of this daily driver comes from the network reception: it is neither impressive nor bad after changing a few settings. the behavior persisted across several attempts. There is no major crap to complain about here.,neutral,neutral,0.9999561309814453,True,smartphone,smartphone,0.9995957016944885,True,standard,1,0,0,0,long,0,0,main_impression,,,,
prediction_record,20260818T204035Z_github-32183473018,0,incoming,,,,,,,,,12558,"After repeated use under comparable conditions, i did not pay much attention to the compressor fan at first, but outside my normal routine it has not changed my opinion much. this was different from my first impression. I can live with it.",neutral,negative,0.9017856121063232,False,refrigerator,refrigerator,0.9986279010772705,True,technical,0,0,0,0,long,0,0,attention,,,,
prediction_record,20260818T204035Z_github-32183473018,0,incoming,,,,,,,,,12559,"Under a representative operating profile, i did not pay much attention to the earpiece at first, but after changing a few settings it still performs consistently. the difference became clearer after a few more days.",positive,positive,0.999606192111969,True,smartphone,refrigerator,0.7236172556877136,False,technical,0,0,0,0,long,0,1,attention,,,,
prediction_record,20260818T204035Z_github-32183473018,0,incoming,,,,,,,,,12560,"After taking it on a trip, I noticed that the earpiece on this pocket device has not changed my opinion much. I tried the same thing again later and got a similar result. I do not feel strongly either way.",neutral,neutral,0.9999310970306396,True,smartphone,smartphone,0.9996294975280762,True,advanced,0,0,0,0,long,0,1,noticed,,,,
prediction_record,20260818T204035Z_github-32183473018,0,incoming,,,,,,,,,12561,"Atfer changing a few settings, the earpiece has been a pleasant surprise. someone else in the house noticed it too.",positive,negative,0.9559372067451477,False,smartphone,refrigerator,0.956980288028717,False,standard,0,0,1,0,medium,0,0,context_component,,,,
prediction_record,20260818T204035Z_github-32183473018,0,incoming,,,,,,,,,12562,"imo, i did not pay much attention to the call quality at first, but when someone else in the house used it it is fine for what it is. I repeated the check before writing this. I can live with it.",neutral,neutral,0.9998403787612915,True,smartphone,refrigerator,0.9767218828201294,False,advanced,0,0,0,1,long,0,0,attention,,,,
prediction_record,20260818T204035Z_github-32183473018,0,incoming,,,,,,,,,12563,"During a heavier-than-usual day, I noticed that the earpiece on this cell phone does the job. the difference became clearer after a few more days. It is not amazing, but it is not bullshit either.",neutral,neutral,0.9999231100082397,True,smartphone,smartphone,0.9996576309204102,True,advanced,1,0,0,0,long,0,0,noticed,,,,
prediction_record,20260818T204035Z_github-32183473018,0,incoming,,,,,,,,,12564,My main impression of this clothes washer comes from the door latch: it is difficult to trust after using it for work and at home. the behavior persisted across several attempts. I am tired of this crap.,negative,negative,0.9329288601875305,True,washing_machine,washing_machine,0.5509297251701355,True,standard,1,0,0,0,long,0,0,main_impression,,,,
prediction_record,20260818T204035Z_github-32183473018,0,incoming,,,,,,,,,12565,"during a heavier-than-usual day, i noticed that the network reception on this daily driver works normally.",neutral,negative,0.7200018763542175,False,smartphone,smartphone,0.9969909191131592,True,informal,0,0,0,0,medium,0,0,noticed,,,,
prediction_record,20260818T204035Z_github-32183473018,0,incoming,,,,,,,,,12566,"Under a representative operating profile, after useing it for work and at home, the panel lighting fails in normal use. On the other hand, the video input feels ordinary after more use, which makes the overall picture more mixed.",negative,negative,0.9999656677246094,True,television,washing_machine,0.9995809197425842,False,technical,0,0,1,0,long,1,0,context_component,,,,
prediction_record,20260818T204035Z_github-32183473018,0,incoming,,,,,,,,,12567,"After useing it for work and at home, the soap tray fails in normal use. I repeated the check before writing this. I would hesitate to buy it again.",negative,negative,0.9999716281890869,True,washing_machine,refrigerator,0.5447768568992615,False,standard,0,0,1,0,medium,0,0,context_component,,,,
prediction_record,20260818T204035Z_github-32183473018,0,incoming,,,,,,,,,12568,the shelf layout is what stood out after coming back to it after a few days; it breaks down when conditions change. i tried the same thing again later and got a similar result. this needs to improve.,negative,negative,0.9982476234436035,True,refrigerator,refrigerator,0.9741349220275879,True,informal,0,0,0,0,long,0,0,stood_out,,,,
prediction_record,20260818T204035Z_github-32183473018,0,incoming,,,,,,,,,12569,"real talk, my main impression of this television set comes from the interface: it keeps acting up after using it for work and at home. a second check gave me the same result.",negative,negative,0.9995415210723877,True,television,television,0.9996131062507629,True,informal,0,0,0,1,medium,0,0,main_impression,,,,
prediction_record,20260818T204035Z_github-32183473018,0,incoming,,,,,,,,,12570,"After changing a few settings, the inside lightign is fine for what it is. the difference became clearer after a few more days.",neutral,neutral,0.9997593760490417,True,refrigerator,refrigerator,0.8107793927192688,True,standard,0,0,1,0,medium,0,0,context_component,,,,
prediction_record,20260818T204035Z_github-32183473018,0,incoming,,,,,,,,,12571,"not gonna lie, after using it for work and at home, the freezer compartment feels more use. i repeated the check before writing this.",neutral,neutral,0.9238144755363464,True,refrigerator,refrigerator,0.9928921461105347,True,limited,0,0,0,1,medium,0,0,context_component,,,,
prediction_record,20260818T204035Z_github-32183473018,0,incoming,,,,,,,,,12572,"Under ordinary operating conditions, the inside lighting is what stood out after coming back to it after a few days; it still performs consistently. a seocnd check gave me the same result. I have stopped worrying about this part of the product.",positive,positive,0.9998855590820312,True,refrigerator,refrigerator,0.9949283599853516,True,technical,0,0,1,0,long,0,0,stood_out,,,,
prediction_record,20260818T204035Z_github-32183473018,0,incoming,,,,,,,,,12573,my main impression of this clothes washer comes from the fill valve: it has been a disappointment when someone else in the house used it. this is damn annoying.,negative,negative,0.9980352520942688,True,washing_machine,washing_machine,0.3989381492137909,True,informal,1,0,0,0,medium,0,0,main_impression,,,,
prediction_record,20260818T204035Z_github-32183473018,0,incoming,,,,,,,,,12574,"After a few weeks of mixed use, the streaming menu has been a disappointment. the behavior persisted across several attempts.",negative,negative,0.7356163263320923,True,television,television,0.9996191263198853,True,advanced,0,0,0,0,medium,0,0,context_component,,,,
prediction_record,20260818T204035Z_github-32183473018,0,incoming,,,,,,,,,12575,"i did not pay much attention to the sports motion at first, but after taking it on a trip it keeps getting in the way. someone else in the house noticed it too. i would hesitate to buy it again. on the other hand, the controller is fine for what it is, which makes the overall picture more mixed.",negative,negative,0.9999790191650391,True,television,television,0.9996747970581055,True,informal,0,0,0,0,long,1,0,attention,,,,
prediction_record,20260818T204035Z_github-32183473018,0,incoming,,,,,,,,,12576,"Under a representative operating profile, i have been using this new refrigerator after a few weeks of mixed use, and the door warning feels dependable in daily use. a second check gave me the same result. 🙃",positive,negative,0.6955703496932983,False,refrigerator,refrigerator,0.9835699200630188,True,technical,0,1,0,0,long,0,1,using,,,,
prediction_record,20260818T204035Z_github-32183473018,0,incoming,,,,,,,,,12577,"Under a representative operating profile, tbh, i have been using this new washer outside my normal routine, and the fill valve remains basically average. a second check gave me the same result. On the other hand, the wash drum has not given me trouble, which makes the overall picture more mixed. The damn thing is basically fine.",neutral,neutral,0.9999649524688721,True,washing_machine,washing_machine,0.9745749235153198,True,technical,1,0,0,1,long,1,0,using,,,,
prediction_record,20260818T204035Z_github-32183473018,0,incoming,,,,,,,,,12578,my main impression of this living room display comes from the streaming menu: it is acceptable but unremarkable after taking it on a trip. the damn thing is basically fine.,neutral,neutral,0.9996745586395264,True,television,television,0.9996684789657593,True,informal,1,0,0,0,medium,0,0,main_impression,,,,
prediction_record,20260818T204035Z_github-32183473018,0,incoming,,,,,,,,,12579,"lowkey, during a heavier-than-usual day, i noticed that the wash drum on this front-loading washer still performs consistently. the difference became clearer after a few more days.",positive,positive,0.9996771812438965,True,washing_machine,washing_machine,0.9995046854019165,True,informal,0,0,0,1,medium,0,0,noticed,,,,
prediction_record,20260818T204035Z_github-32183473018,0,incoming,,,,,,,,,12580,"i have been using this machine after using it for work and at home, and the wash drum is fine for what it is. this was different from my first impression. 🙃",neutral,neutral,0.9997958540916443,True,washing_machine,washing_machine,0.9979065656661987,True,informal,0,1,0,0,medium,0,0,using,,,,
prediction_record,20260818T204035Z_github-32183473018,0,incoming,,,,,,,,,12581,"Across repeated observations, the USB port is what stood out after a few weeks of mixed use; it has not given me trouble. The damn thing surprised me in a good way.",positive,negative,0.9992533326148987,False,smartphone,smartphone,0.99960857629776,True,technical,1,0,0,0,medium,0,0,stood_out,,,,
prediction_record,20260818T204035Z_github-32183473018,0,incoming,,,,,,,,,12582,"Under ordinary operating conditions, i have been useing this television set after coming back to it after a few days, and the sports motion is fine for what it is. I tried the same thing again later and got a similar result. That said, the wireless conection keeps acting up, so the experience is not completely one-sided.",neutral,neutral,0.9998501539230347,True,television,television,0.9996662139892578,True,technical,0,0,1,0,long,1,0,context_component,,,,
prediction_record,20260818T204035Z_github-32183473018,0,incoming,,,,,,,,,12583,"Under ordinary operating conditions, when someone else in the house used it, I noticed that the streaming menu on this television set is acceptable but unremarkable. the difference became clearer after a few more days. I do not feel strongly eihter way. 💀",neutral,neutral,0.9999109506607056,True,television,television,0.9996417760848999,True,technical,0,1,1,0,long,0,1,noticed,,,,
prediction_record,20260818T204035Z_github-32183473018,0,incoming,,,,,,,,,12584,The shelf layout is what stood out after a few weeks of mixed use; it keeps acting up.,negative,negative,0.9020947813987732,True,refrigerator,washing_machine,0.5093451738357544,False,advanced,0,0,0,0,medium,0,0,stood_out,,,,
prediction_record,20260818T204035Z_github-32183473018,0,incoming,,,,,,,,,12585,The ice system is what stood out after coming back to it after a few days; it has been a pleasant surprise. I tried the same thing again later and got a similar result. overall I am happy with it.,positive,negative,0.5241659283638,False,refrigerator,television,0.9996427297592163,False,standard,0,0,0,0,long,0,0,stood_out,,,,
prediction_record,20260818T204035Z_github-32183473018,0,incoming,,,,,,,,,12586,"imo, my main impression of this new refrigerator comes from the ice system: it does the job after a few weeks of mixed use. someone else in the house noticed it too. on the other hand, the compressor fan is difficult to trust, which maeks the overall picture more mixed.",neutral,neutral,0.9998704195022583,True,refrigerator,washing_machine,0.9996281862258911,False,informal,0,0,1,1,long,1,1,main_impression,,,,
prediction_record,20260818T204035Z_github-32183473018,0,incoming,,,,,,,,,12587,"From a practical reliability standpoint, i have been using this mobile after changing a few settings, and the rear camera continues to work without drama. someone else in the house noticed it too.",positive,negative,0.8953155279159546,False,smartphone,smartphone,0.999609649181366,True,technical,0,0,0,0,medium,0,0,using,,,,
prediction_record,20260818T204035Z_github-32183473018,0,incoming,,,,,,,,,12588,my main impressoin of this clothes washer comes from the latch: it still performs consistently outside my normal routine. i noticed the change only in the new situation.,positive,positive,0.9997212290763855,True,washing_machine,washing_machine,0.9246811866760254,True,limited,0,0,1,0,medium,0,0,context_component,,,,
prediction_record,20260818T204035Z_github-32183473018,0,incoming,,,,,,,,,12589,"i have been using this cell phone outside my normal routine, and the battery life has not changed my much. i noticed the change only in the new situation.",neutral,negative,0.8334203362464905,False,smartphone,smartphone,0.9995802044868469,True,limited,0,0,0,0,medium,0,0,using,,,,
prediction_record,20260818T204035Z_github-32183473018,0,incoming,,,,,,,,,12590,"Outside my normal routine, the drainage motor is acceptable but unermarkable. someone else in the house noticed it too. That said, the soap tray fails in routine use, so the experience is not completely one-sided.",neutral,negative,0.9999679327011108,False,washing_machine,refrigerator,0.9965367317199707,False,advanced,0,0,1,0,long,1,1,context_component,,,,
prediction_record,20260818T204035Z_github-32183473018,0,incoming,,,,,,,,,12591,"I did not pay much attention to the fill valve at first, but outside my normal routine it is fine for what it is. I noticed the change only in the new situation. there is not much else to say. That said, the wash drum has stayed dependable, so the experience is not completely one-sided.",neutral,neutral,0.9998571872711182,True,washing_machine,washing_machine,0.8512434959411621,True,standard,0,0,0,0,long,1,0,attention,,,,
prediction_record,20260818T204035Z_github-32183473018,0,incoming,,,,,,,,,12592,"I have been using this TV set when someone else in the house used it, and the streaming menu has turned into a recurring problem. a second check gave me the same result. I would not rely on it. idk.",negative,negative,0.9994524121284485,True,television,television,0.9996916055679321,True,standard,0,0,0,1,long,0,0,using,,,,
prediction_record,20260818T204035Z_github-32183473018,0,incoming,,,,,,,,,12593,"During a heavier-than-usual day, the vibration has not given me trouble. the difference became clearer fater a few more days.",positive,negative,0.9987723231315613,False,washing_machine,refrigerator,0.7748441100120544,False,standard,0,0,1,0,medium,0,0,context_component,,,,
prediction_record,20260818T204035Z_github-32183473018,0,incoming,,,,,,,,,12594,"Under a representative operating profile, i did not pay much attention to the spin program at first, but after coming back to it after a few days it works well even outside my usual routine. the difference became clearer after a few more days.",positive,positive,0.971327543258667,True,washing_machine,washing_machine,0.4254651963710785,True,technical,0,0,0,0,long,0,0,attention,,,,
prediction_record,20260818T204035Z_github-32183473018,0,incoming,,,,,,,,,12595,"During a heavier-than-usual day, the vibration feels ordinary after more use. I repeated the check before writing this. On the other hand, the cycle controls has turned into a recurring problem, which makes the overall picture more mixed.",neutral,neutral,0.9842350482940674,True,washing_machine,washing_machine,0.982622504234314,True,standard,0,0,0,0,long,1,0,context_component,,,,
prediction_record,20260818T204035Z_github-32183473018,0,incoming,,,,,,,,,12596,My main impression of this new phone comes from the call quality: it breaks down when conditions change after a few weeks of mixed use. I noticed the change only in the new situation.,negative,negative,0.991841197013855,True,smartphone,smartphone,0.9995885491371155,True,standard,0,0,0,0,long,0,1,main_impression,,,,
prediction_record,20260818T204035Z_github-32183473018,0,incoming,,,,,,,,,12597,"i did not pay much attention to the vibration at first, but when someone else in the house used it it works well even outside my usual routine. on the other hand, the fill valve feels ordinary after more use, which makes the overall picture more mixed.",positive,positive,0.9790694117546082,True,washing_machine,refrigerator,0.9910737872123718,False,informal,0,0,0,0,long,1,0,attention,,,,
prediction_record,20260818T204035Z_github-32183473018,0,incoming,,,,,,,,,12598,"I have been using this TV set after coming back to it after a few days, and the video input has turned into a recurring problem. I repeated the check before writing this.",negative,negative,0.8116316795349121,True,television,television,0.9996254444122314,True,advanced,0,0,0,0,medium,0,1,using,,,,
prediction_record,20260818T204035Z_github-32183473018,0,incoming,,,,,,,,,12599,"From a practical reliability standpoint, not gonna lie, i did not pay much attention to the cycle controls at first, but during a heavier-than-usual day it has styaed dependable. for my use case, this is a keeper.",positive,positive,0.8169076442718506,True,washing_machine,washing_machine,0.9582683444023132,True,technical,0,0,1,1,long,0,0,attention,,,,
prediction_record,20260818T204035Z_github-32183473018,0,incoming,,,,,,,,,12600,The cooling motor is what stood out when someone else in the house used it; it breaks down when conditions change.,negative,neutral,0.5098057389259338,False,refrigerator,refrigerator,0.9969679713249207,True,advanced,0,0,0,0,medium,0,0,stood_out,,,,
prediction_record,20260818T204035Z_github-32183473018,0,incoming,,,,,,,,,12601,"i did not pay much attention to the drainage at first, but when someone else in the house used it it keeps getting in the way. the behavior persisted across several attempts. i would not rely on it. that said, the door latch feels ordinary more use, so the experience is not completely one-sided.",negative,negative,0.9999815225601196,True,washing_machine,refrigerator,0.9984984397888184,False,limited,0,0,0,0,long,1,0,attention,,,,
prediction_record,20260818T204035Z_github-32183473018,0,incoming,,,,,,,,,12602,"i did not pay much attention to the apps at first, but after taking it on a trip it has become increasingly unreliable. the behavior across several attempts. this is damn annoying.",negative,negative,0.9999268054962158,True,smartphone,television,0.9995569586753845,False,limited,1,0,0,0,medium,0,0,attention,,,,
prediction_record,20260818T204035Z_github-32183473018,0,incoming,,,,,,,,,12603,"After repeated use under comparable conditions, my main impression of this food cooler comes from the inside lighting: it does the job when someone else in the house used it. someone else in the house noticed it too. I can live with it.",neutral,neutral,0.9998403787612915,True,refrigerator,refrigerator,0.9973546266555786,True,technical,0,0,0,0,long,0,0,main_impression,,,,
prediction_record,20260818T204035Z_github-32183473018,0,incoming,,,,,,,,,12604,"i did not pay much attention to the rear camera at first, but after changing a few settings it has become increasingly unreilable. smoeone else in the house noticed it too. this shit should not be happening in normal use.",negative,negative,0.9999866485595703,True,smartphone,smartphone,0.9995796084403992,True,informal,1,0,1,0,long,0,0,attention,,,,
prediction_record,20260818T204035Z_github-32183473018,0,incoming,,,,,,,,,12605,the cooling motor is what stood out after coming back to it after a few days; it remains basically average. this was different from my first impression. my opinion is still basically in the middle. kinda wild.,neutral,neutral,0.999914288520813,True,refrigerator,refrigerator,0.9990501999855042,True,limited,0,0,0,1,long,0,0,stood_out,,,,
prediction_record,20260818T204035Z_github-32183473018,0,incoming,,,,,,,,,12606,"i did not pay much attention to the sports motion at first, but after changing a few settings it works normally. a second check gave me the same result.",neutral,negative,0.7591226100921631,False,television,television,0.9996080994606018,True,informal,0,0,0,0,medium,0,0,attention,,,,
prediction_record,20260818T204035Z_github-32183473018,0,incoming,,,,,,,,,12607,my main impression of this main fridge comes from the thermostat: it is acceptable but unremarkable when someone else in the house used it. the difference became clearer after a few more days.,neutral,neutral,0.9990712404251099,True,refrigerator,refrigerator,0.9980512857437134,True,informal,0,0,0,0,medium,0,1,main_impression,,,,
prediction_record,20260818T204035Z_github-32183473018,0,incoming,,,,,,,,,12608,"after changing a few settings, the built-in audio breaks down when conditions change. i repeated the check before writing this. i am considering a replacement. that said, the video input has not given me trouble, so the experience is not completely noe-sided.",negative,negative,0.9999810457229614,True,television,washing_machine,0.9988920092582703,False,limited,0,0,1,0,long,1,0,context_component,,,,
prediction_record,20260818T204035Z_github-32183473018,0,incoming,,,,,,,,,12609,"The thermostat is what stood out after coming back to it after a few days; it remains basically average. the behavior persisted across several attempts. That said, the inside ilghting fails in normal use, so the experience is not completely one-sided.",neutral,neutral,0.9998310804367065,True,refrigerator,refrigerator,0.9937357306480408,True,standard,0,0,1,0,long,1,0,stood_out,,,,
prediction_record,20260818T204035Z_github-32183473018,0,incoming,,,,,,,,,12610,"i did not pay much attention to the network reception at first, but after coming back to it atfer a few days it breaks when conditions change. i noticed the change only in the new situation. Honestly 🤔",negative,negative,0.895443320274353,True,smartphone,smartphone,0.9996724128723145,True,limited,0,1,1,0,long,0,0,attention,,,,
prediction_record,20260818T204035Z_github-32183473018,0,incoming,,,,,,,,,12611,"fr, i did not pay much attnetion to the wash drum at first, but when someone else in the house used it it keeps acting up. I noticed the change only in the new situation.",negative,negative,0.9992197751998901,True,washing_machine,washing_machine,0.9957166314125061,True,advanced,0,0,1,1,long,0,0,context_component,,,,
prediction_record,20260818T204035Z_github-32183473018,0,incoming,,,,,,,,,12612,"after taking it on a trip, i noticed that the sports motion on this living room display feels ordinary after more use. the behavior persisted across several attempts. it is adequate for now. it is not amazing, but it is not bullshit either.",neutral,neutral,0.9999607801437378,True,television,television,0.9996531009674072,True,informal,1,0,0,0,long,0,1,noticed,,,,
prediction_record,20260818T204035Z_github-32183473018,0,incoming,,,,,,,,,12613,"after changing a few settings, i noticed that the inside lighting on this main fridge has becmoe increasingly unreliable. i am considering a replacement. that said, the cooling motor works well even outside my usual routine, so the is not completely one-sided.",negative,negative,0.9999812841415405,True,refrigerator,refrigerator,0.9985835552215576,True,limited,0,0,1,0,long,1,0,noticed,,,,
prediction_record,20260818T204035Z_github-32183473018,0,incoming,,,,,,,,,12614,"lowkey, during a heavier-than-usual day, the port does the job. there is no major crap to complain about here. 🙂",neutral,neutral,0.9999158382415771,True,smartphone,smartphone,0.999398946762085,True,limited,1,1,0,1,medium,0,0,context_component,,,,
prediction_record,20260818T204035Z_github-32183473018,0,incoming,,,,,,,,,12615,"Under ordinary operating conditions, the video input is what stood out after using it for work and at home; it is difficult to trust. I repeated the check before writing this. I would not rely on it.",negative,neutral,0.9998096823692322,False,television,television,0.9996323585510254,True,technical,0,0,0,0,long,0,0,stood_out,,,,
prediction_record,20260818T204035Z_github-32183473018,0,incoming,,,,,,,,,12616,"Outside my normal routine, the inside lighting has stayed dependable. I noticed the chaneg only in the new situation.",positive,negative,0.7915100455284119,False,refrigerator,refrigerator,0.39399972558021545,True,standard,0,0,1,0,medium,0,0,context_component,,,,
prediction_record,20260818T204035Z_github-32183473018,0,incoming,,,,,,,,,12617,"Under ordinary operating conditions, ngl, i have been using this new phone after changing a few settings, and the USB port is fine for what it is. I repeated the check before writing this. my opinion is still basically in the middle.",neutral,neutral,0.9999337196350098,True,smartphone,smartphone,0.9995711445808411,True,technical,0,0,0,1,long,0,0,using,,,,
prediction_record,20260818T204035Z_github-32183473018,0,incoming,,,,,,,,,12618,"I have been using this front-loading washer when someone else in the house used it, and the vibration is neither impressive nor bad. I noticed the change only in the new situation.",neutral,neutral,0.9998352527618408,True,washing_machine,washing_machine,0.9995201826095581,True,advanced,0,0,0,0,medium,0,0,using,,,,
prediction_record,20260818T204035Z_github-32183473018,0,incoming,,,,,,,,,12619,"After repeated use under comparable conditions, my main impression of this food cooler cmoes from the gasket: it remains basically average after coming back to it after a few days. someone else in the house noticed it too. 🤔",neutral,neutral,0.9998724460601807,True,refrigerator,refrigerator,0.9807717204093933,True,technical,0,1,1,0,long,0,0,main_impression,,,,
prediction_record,20260818T204035Z_github-32183473018,0,incoming,,,,,,,,,12620,"after a few weeks of mixed use, the panel lighting is fine for what it is. i can live with it.",neutral,neutral,0.9978601336479187,True,television,washing_machine,0.9994144439697266,False,informal,0,0,0,0,medium,0,0,context_component,,,,
prediction_record,20260818T204035Z_github-32183473018,0,incoming,,,,,,,,,12621,"Across repeated observations, lowkey, my main impression of this refrigeration unit comes from the ice system: it feels ordinary after more use after using it for work and at home.",neutral,neutral,0.9982389211654663,True,refrigerator,washing_machine,0.9976275563240051,False,technical,0,0,0,1,medium,0,0,main_impression,,,,
prediction_record,20260818T204035Z_github-32183473018,0,incoming,,,,,,,,,12622,"after using it for work and home, i noticed that the video input on tv set feels dependable in daily use.",positive,neutral,0.987973690032959,False,television,television,0.9991971850395203,True,limited,0,0,0,0,medium,0,0,noticed,,,,
prediction_record,20260818T204035Z_github-32183473018,0,incoming,,,,,,,,,12623,"Across repeated observations, lowkey, outside my normal routine, I noticed that the cooling motor on this kitchen fridge keeps getting in the way. I noticed the change only in the new situation.",negative,negative,0.9994096755981445,True,refrigerator,refrigerator,0.9974944591522217,True,technical,0,0,0,1,medium,0,1,noticed,,,,
prediction_record,20260818T204035Z_github-32183473018,0,incoming,,,,,,,,,12624,i did not pay much attention to the ivbration at but when someone else in the house used it it continues to work without drama. i noticed the change only in the new situation. it has earned my confidence.,positive,positive,0.9744367003440857,True,washing_machine,refrigerator,0.9471666812896729,False,limited,0,0,1,0,long,0,0,attention,,,,
prediction_record,20260818T204035Z_github-32183473018,0,incoming,,,,,,,,,12625,My main impression of this kitchen fridge ocmes from the cooling motor: it breaks down when conditions change after a few weeks of mixed use. this needs to improve. kinda wild.,negative,negative,0.9994660019874573,True,refrigerator,refrigerator,0.9990020394325256,True,advanced,0,0,1,1,medium,0,0,main_impression,,,,
prediction_record,20260818T204035Z_github-32183473018,0,incoming,,,,,,,,,12626,"After a few weeks of mixed use, the USB port still performs consistently. the difference became clearer afetr a few more days. for my use case, this is a keeper.",positive,positive,0.9998451471328735,True,smartphone,smartphone,0.99945467710495,True,advanced,0,0,1,0,medium,0,0,context_component,,,,
prediction_record,20260818T204035Z_github-32183473018,0,incoming,,,,,,,,,12627,"i did not pay much attention to the inside lighting at first, but after changing a few it has been a disappointment. the behavior persisted across several attempts. pretty solid ngl.",negative,positive,0.8533307909965515,False,refrigerator,refrigerator,0.5567958354949951,True,limited,0,0,0,1,medium,0,0,attention,,,,
prediction_record,20260818T204035Z_github-32183473018,0,incoming,,,,,,,,,12628,"Across repeated observations, when someone else in the house used it, I noticed that the vibration on this machine has become increasingly unreliable. I repeated the check before writing this. kinda wild.",negative,negative,0.9998539686203003,True,washing_machine,refrigerator,0.963678240776062,False,technical,0,0,0,1,medium,0,0,noticed,,,,
prediction_record,20260818T204035Z_github-32183473018,0,incoming,,,,,,,,,12629,"I have been using this mobile outside my normal routine, and the earpiece works well even outside my usual routine. a second check gave me the same result.",positive,positive,0.9902396202087402,True,smartphone,refrigerator,0.998224675655365,False,standard,0,0,0,0,medium,0,0,using,,,,
prediction_record,20260818T204035Z_github-32183473018,0,incoming,,,,,,,,,12630,"When someone else in the house used it, I noticed that the sports motion on this bedroom TV does the job. I can live with it. 👍",neutral,neutral,0.9939113855361938,True,television,television,0.9996010661125183,True,standard,0,1,0,0,medium,0,0,noticed,,,,
prediction_record,20260818T204035Z_github-32183473018,0,incoming,,,,,,,,,12631,"Across repeated observations, when someone else in the house used it, the apps still performs consistently. someone else in the house noticed it too.",positive,positive,0.999444305896759,True,smartphone,television,0.9993420243263245,False,technical,0,0,0,0,medium,0,0,context_component,,,,
prediction_record,20260818T204035Z_github-32183473018,0,incoming,,,,,,,,,12632,i have been using this television set after cahnging a few the video input has not changed my opinion much. the damn thing is basically fine.,neutral,neutral,0.997275173664093,True,television,television,0.9996529817581177,True,limited,1,0,1,0,medium,0,0,using,,,,
prediction_record,20260818T204035Z_github-32183473018,0,incoming,,,,,,,,,12633,"I have been using this cell phone when someone else in the house used it, and the battery life feels dependable in daily use. someone else in the house noticed it too. it has earned my confidence. The fingerprint reader tells a different story because it breaks down when conditions change.",positive,positive,0.9994243383407593,True,smartphone,smartphone,0.999607264995575,True,standard,0,0,0,0,long,1,0,using,,,,
prediction_record,20260818T204035Z_github-32183473018,0,incoming,,,,,,,,,12634,"i did not pay much attention to the soap tray at first, but when someone else in the house used it it braeks down when conditions change. someone else in the house noticed it too. 😂",negative,negative,0.9892069101333618,True,washing_machine,refrigerator,0.9816189408302307,False,limited,0,1,1,0,long,0,0,attention,,,,
prediction_record,20260818T204035Z_github-32183473018,0,incoming,,,,,,,,,12635,"I have been using this refrigeration unit when someone else in the house used it, and the compressor fan has not given me trouble. I repeated the check before writing this. I expected some crap here, but it has actually held up.",positive,negative,0.9998961687088013,False,refrigerator,refrigerator,0.99863201379776,True,advanced,1,0,0,0,long,0,0,using,,,,
prediction_record,20260818T204035Z_github-32183473018,0,incoming,,,,,,,,,12636,"I did not pay much attention to the vibration at first, but after taking it on a trip it has stayed dependable. I tried the same thing again later and got a similar result. I would buy it again. Damn, I did not expect this part to be this solid.",positive,negative,0.9996199607849121,False,washing_machine,washing_machine,0.4287911653518677,True,standard,1,0,0,0,long,0,1,attention,,,,
prediction_record,20260818T204035Z_github-32183473018,0,incoming,,,,,,,,,12637,"ngl, during a heavier-than-usual day, i noticed that the shelf layout on this cold-storage unit breaks down when conditions change.",negative,negative,0.6838300824165344,True,refrigerator,refrigerator,0.6201780438423157,True,informal,0,0,0,1,medium,0,0,noticed,,,,
prediction_record,20260818T204035Z_github-32183473018,0,incoming,,,,,,,,,12638,"After a few weeks of mixed use, the soap tray is fine for what it is.",neutral,neutral,0.9793826341629028,True,washing_machine,washing_machine,0.901786744594574,True,standard,0,0,0,0,medium,0,0,context_component,,,,
prediction_record,20260818T204035Z_github-32183473018,0,incoming,,,,,,,,,12639,my main impression of this new phone comes from the network reception: it feels dependable in daily use when else in the house used it. i noticed the change only in the new situation. i have stopped worrying about this part of the product.,positive,negative,0.9876129031181335,False,smartphone,smartphone,0.9995755553245544,True,limited,0,0,0,0,long,0,0,main_impression,,,,
prediction_record,20260818T204035Z_github-32183473018,0,incoming,,,,,,,,,12640,"i have been using this television set after a few weeks of mixed use, and the sports motion has not changed my opinion much. this was different from my first impression.",neutral,negative,0.5454947352409363,False,television,television,0.999648928642273,True,informal,0,0,0,0,medium,0,0,using,,,,
prediction_record,20260818T204035Z_github-32183473018,0,incoming,,,,,,,,,12641,"After coming back to it after a few days, I noticed that the ice system on this kitchen fridge is fine for what it is. the behavior persisted arcoss several attempts.",neutral,neutral,0.9981650710105896,True,refrigerator,washing_machine,0.9691684246063232,False,standard,0,0,1,0,medium,0,0,noticed,,,,
prediction_record,20260818T204035Z_github-32183473018,0,incoming,,,,,,,,,12642,"I did not pay much attention to the compressor fan at first, but after coming back to it after a few days it has not given me trouble.",positive,negative,0.9757218956947327,False,refrigerator,refrigerator,0.9981860518455505,True,advanced,0,0,0,0,medium,0,0,attention,,,,
prediction_record,20260818T204035Z_github-32183473018,0,incoming,,,,,,,,,12643,"I did not pay much attention to the streaming menu at first, but after a few weeks of mixed use it has become increasingly unreliable.",negative,negative,0.9919009804725647,True,television,television,0.9996600151062012,True,standard,0,0,1,0,medium,0,1,attention,,,,
prediction_record,20260818T204035Z_github-32183473018,0,incoming,,,,,,,,,12644,"tbh, when someone else in the house used it, I noticed that the sports motion on this bedroom TV is difficult to trust. 👎",negative,negative,0.5210514664649963,True,television,television,0.9994518160820007,True,standard,0,1,0,1,medium,0,0,noticed,,,,
prediction_record,20260818T204035Z_github-32183473018,0,incoming,,,,,,,,,12645,"after a few weeks of mixed use, i noticed that the compressor fan on this food cooler breaks down when conditions change.",negative,negative,0.8130218386650085,True,refrigerator,refrigerator,0.9784486293792725,True,informal,0,0,0,0,medium,0,1,noticed,,,,
prediction_record,20260818T204035Z_github-32183473018,0,incoming,,,,,,,,,12646,"Under ordinary operating conditions, after takign it on a trip, I noticed that the shelf layout on this cold-storage unit has turned into a recurring problem. this was different from my first impression.",negative,negative,0.9355943202972412,True,refrigerator,refrigerator,0.9752886891365051,True,technical,0,0,1,0,medium,0,0,noticed,,,,
prediction_record,20260818T204035Z_github-32183473018,0,incoming,,,,,,,,,12647,"i did not pay much attention to the psorts motion at first, but when someone else in the house used it it remains basically average. the damn thing is basically fine.",neutral,neutral,0.9998981952667236,True,television,television,0.9996591806411743,True,informal,1,0,1,0,medium,0,1,attention,,,,
prediction_record,20260818T204035Z_github-32183473018,0,incoming,,,,,,,,,12648,after using it for work and at the fingerprint reader is neither impressive nor bad. the difference became after a few more days. there is not much else to say.,neutral,neutral,0.9999421834945679,True,smartphone,refrigerator,0.6846003532409668,False,limited,0,0,0,0,medium,0,0,context_component,,,,
prediction_record,20260818T204035Z_github-32183473018,0,incoming,,,,,,,,,12649,"fr, my main impression of this mobile comes from the network reception: it has not given me trouble during a heavier-than-usual day. this was diferent from my first impression. the damn thing surprised me in a good way.",positive,negative,0.999975323677063,False,smartphone,smartphone,0.999616265296936,True,informal,1,0,1,1,long,0,0,main_impression,,,,
prediction_record,20260818T204035Z_github-32183473018,0,incoming,,,,,,,,,12650,"Under a representative operating profile, my main impression of this food cooler comes from the cooling motor: it does the job after changing a few settings. I tried the same thing again later and got a similar result. Honestly 😂",neutral,neutral,0.9998587369918823,True,refrigerator,refrigerator,0.9973230957984924,True,technical,0,1,0,0,long,0,1,main_impression,,,,
prediction_record,20260818T204035Z_github-32183473018,0,incoming,,,,,,,,,12651,"I did not pay much attention to the video input at first, but outside my normal routine it works normally. this was different from my first impression. 🤷",neutral,negative,0.9369242787361145,False,television,television,0.999642014503479,True,standard,0,1,0,0,medium,0,0,attention,,,,
prediction_record,20260818T204035Z_github-32183473018,0,incoming,,,,,,,,,12652,"after changing a few settings, i noticed that the controller on this tv set has become increasingly unreliable. the difference became clearer after a few more days. i am tired of this crap.",negative,negative,0.9999804496765137,True,television,television,0.9996229410171509,True,informal,1,0,0,0,medium,0,1,noticed,,,,
prediction_record,20260818T204035Z_github-32183473018,0,incoming,,,,,,,,,12653,"From a practical reliability standpoint, outside my normal routine, I noticed that the fill valve on this laundry unit feels dependable in daily use. the behavior persisted across several attempts.",positive,negative,0.667220413684845,False,washing_machine,smartphone,0.4321630895137787,False,technical,0,0,0,0,medium,0,0,noticed,,,,
prediction_record,20260818T204035Z_github-32183473018,0,incoming,,,,,,,,,12654,"ngl, i did not pay much attention to the interface at first, but after coming back to it after a few days it keeps acting up. i repeated the check before writing this. i am tired of this crap.",negative,negative,0.9999169111251831,True,television,washing_machine,0.5745863318443298,False,informal,1,0,0,1,long,0,0,attention,,,,
prediction_record,20260818T204035Z_github-32183473018,0,incoming,,,,,,,,,12655,"From a practical reliability standpoint, after a few weeks of mixed use, the call quality has turned into a recurring probelm. the difference became clearer after a few more days. I would not rely on it. The touch panel tells a different story because it works well even outside my usual routine. 🤷",negative,negative,0.9999780654907227,True,smartphone,television,0.9994513392448425,False,technical,0,1,1,0,long,1,0,context_component,,,,
prediction_record,20260818T204035Z_github-32183473018,0,incoming,,,,,,,,,12656,"From a practical reliability standpoint, during a heavier-than-usual day, the freezer compartment still performs consistently. I tried the same thing again later and got a similar result.",positive,positive,0.9997251629829407,True,refrigerator,refrigerator,0.9944102168083191,True,technical,0,0,0,0,medium,0,1,context_component,,,,
prediction_record,20260818T204035Z_github-32183473018,0,incoming,,,,,,,,,12657,"Across repeated observations, imo, i have been using this pocket device after coming back to it after a few days, and the fingerprint reader works well even outside my usual routine. this was different from my first impression. I would buy it again.",positive,positive,0.857844889163971,True,smartphone,smartphone,0.9995720982551575,True,technical,0,0,0,1,long,0,0,using,,,,
prediction_record,20260818T204035Z_github-32183473018,0,incoming,,,,,,,,,12658,"after changing a few settings, the video input has turned into a recurring probelm. i repeated the check before writing this.",negative,negative,0.7420422434806824,True,television,television,0.9993313550949097,True,informal,0,0,1,0,medium,0,0,context_component,,,,
prediction_record,20260818T204035Z_github-32183473018,0,incoming,,,,,,,,,12659,"Under ordinary operating conditions, the controller is what stood out after changing a few settings; it keeps getting in the way. a second check gave me the same result.",negative,negative,0.9994720816612244,True,television,refrigerator,0.9786556959152222,False,technical,0,0,0,0,medium,0,1,stood_out,,,,
prediction_record,20260818T204035Z_github-32183473018,0,incoming,,,,,,,,,12660,"after a few weeks of mixed use, i noticed that the built-in audio on this bedroom tv continues to work without drama. i noticed the change only in the new situation. overall i am happy with it. the damn thing surprised me in a good way.",positive,negative,0.9923615455627441,False,television,television,0.9995569586753845,True,informal,1,0,0,0,long,0,0,noticed,,,,
prediction_record,20260818T204035Z_github-32183473018,0,incoming,,,,,,,,,12661,"When someone else in the house used it, the shelf layout has not changed my opinion much. a second check gave me the same result. I can live with it. 💀",neutral,negative,0.897831916809082,False,refrigerator,refrigerator,0.9975347518920898,True,advanced,0,1,0,0,medium,0,1,context_component,,,,
prediction_record,20260818T204035Z_github-32183473018,0,incoming,,,,,,,,,12662,"after taking it on a trip, the network reception has stayed dependable. i noticed the change only in the new situation.",positive,negative,0.7266813516616821,False,smartphone,smartphone,0.9991753697395325,True,limited,0,0,0,0,medium,0,1,context_component,,,,
prediction_record,20260818T204035Z_github-32183473018,0,incoming,,,,,,,,,12663,The video input is what stood out during a heavier-than-usual day; it fails in normal use. the behavior persisted across several attempts.,negative,negative,0.9992386102676392,True,television,television,0.9996379613876343,True,standard,0,0,0,0,medium,0,0,stood_out,,,,
prediction_record,20260818T204035Z_github-32183473018,0,incoming,,,,,,,,,12664,"during a day, i noticed that the door warning on this kitchen fridge remains basically average. i noticed the change only in the new situation.",neutral,neutral,0.999537467956543,True,refrigerator,refrigerator,0.9818769693374634,True,limited,0,0,0,0,medium,0,0,noticed,,,,
prediction_record,20260818T204035Z_github-32183473018,0,incoming,,,,,,,,,12665,"Under ordinary operating conditions, i did not pay much attention to the rear camera at first, but after changing a few settings it still performs consistently. I tried the same thing again later and got a similar result.",positive,positive,0.9996665716171265,True,smartphone,smartphone,0.9995977282524109,True,technical,0,0,0,0,long,0,0,attention,,,,
prediction_record,20260818T204035Z_github-32183473018,0,incoming,,,,,,,,,12666,"Across repeated observations, after a few weeks of mixed use, I noticed that the apps on this cell phone remains basically average. I repeated the check before writing this. I would neither recommend it nor warn people away. There is no major crap to complain about here. lol.",neutral,neutral,0.9999445676803589,True,smartphone,washing_machine,0.9997168183326721,False,technical,1,0,0,1,long,0,1,noticed,,,,
prediction_record,20260818T204035Z_github-32183473018,0,incoming,,,,,,,,,12667,the compressor fan is what out after changing a few settings; it remains basically average. i repeated the check before writing this.,neutral,neutral,0.9994053840637207,True,refrigerator,refrigerator,0.9982183575630188,True,limited,0,0,0,0,medium,0,0,context_component,,,,
prediction_record,20260818T204035Z_github-32183473018,0,incoming,,,,,,,,,12668,"My main impression of this TV set comes from the built-in audio: it does the job aftre a few weeks of mixed use. I repeated the check before writing this. Honestly, the damn thing is just average.",neutral,neutral,0.9999349117279053,True,television,television,0.9996634721755981,True,standard,1,0,1,0,long,0,0,main_impression,,,,
prediction_record,20260818T204035Z_github-32183473018,0,incoming,,,,,,,,,12669,my main impression of this phone comes from the earpiece: it has turned into a recurring after using it for work and at home. i repeated the check before writing this. the damn thing keeps getting in the way.,negative,negative,0.999909520149231,True,smartphone,smartphone,0.9996151924133301,True,limited,1,0,0,0,long,0,1,main_impression,,,,
prediction_record,20260818T204035Z_github-32183473018,0,incoming,,,,,,,,,12670,"Across repeated observations, after a few weeks of mixed use, I noticed that the shelf layout on this new refrigerator remains basically average. the behavior persisted across several attempts. On the other hand, the ice system feels dependable in daily use, which makes the overall picture more mixed. Honestly 😬",neutral,neutral,0.9999258518218994,True,refrigerator,washing_machine,0.9984444975852966,False,technical,0,1,0,0,long,1,0,noticed,,,,
prediction_record,20260818T204035Z_github-32183473018,0,incoming,,,,,,,,,12671,"i have been using this wash after using it for work and at home, and the vibration continues to work without drama. for my use case, this is a keeper.",positive,positive,0.7745621204376221,True,washing_machine,washing_machine,0.4383317828178406,True,limited,0,0,0,0,medium,0,0,using,,,,
prediction_record,20260818T204035Z_github-32183473018,0,incoming,,,,,,,,,12672,"After repeated use under comparable conditions, the inside lighting is what stood out during a heavier-than-usual day; it feels ordinary after more use. I repeated the check before writing this.",neutral,neutral,0.8679224252700806,True,refrigerator,refrigerator,0.7459657192230225,True,technical,0,0,0,0,medium,0,0,stood_out,,,,
prediction_record,20260818T204035Z_github-32183473018,0,incoming,,,,,,,,,12673,"Outside my normal routine, the thermostat remains basically average. the difference became clearer atfer a few more days. my opinion is still basically in the middle.",neutral,neutral,0.9999326467514038,True,refrigerator,refrigerator,0.5889602899551392,True,advanced,0,0,1,0,medium,0,1,context_component,,,,
prediction_record,20260818T204035Z_github-32183473018,0,incoming,,,,,,,,,12674,"After a few weeks of mixed use, the video input has been a pleasant surprise. the behavior persisted across several attempts. No bullshit, this has been one of the better parts of the product.",positive,positive,0.9996576309204102,True,television,television,0.999568521976471,True,standard,1,0,0,0,long,0,0,context_component,,,,
prediction_record,20260818T204035Z_github-32183473018,0,incoming,,,,,,,,,12675,"not gonna lie, i did not pay much attention to the wireless connection at first, but during a heavier-than-usual day it feels ordinary after more use. the behavior persisted across several attempts. It is not amazing, but it is not bullshit either.",neutral,neutral,0.999890923500061,True,television,refrigerator,0.7715142369270325,False,standard,1,0,0,1,long,0,1,attention,,,,
prediction_record,20260818T204035Z_github-32183473018,0,incoming,,,,,,,,,12676,"Under a representative operating profile, i have been using this food cooler after a few weeks of mixed use, and the compressor fan has stayed dependable. someone else in the house noticed it too. Honestly 🔥",positive,negative,0.9941176176071167,False,refrigerator,refrigerator,0.9973069429397583,True,technical,0,1,0,0,long,0,0,using,,,,
prediction_record,20260818T204035Z_github-32183473018,0,incoming,,,,,,,,,12677,"i did not pay much attention to the freezer compartment at first, but during a heavier-than-usual day it remains basically average. someone else in the house noticed it too. it is not amazing, but it is not bullshit either.",neutral,neutral,0.9999516010284424,True,refrigerator,refrigerator,0.9985166192054749,True,informal,1,0,0,0,long,0,0,attention,,,,
prediction_record,20260818T204035Z_github-32183473018,0,incoming,,,,,,,,,12678,"I have been usign this cold-storage unit when someone else in the house used it, and the freezer compartment works normally. a second check gave me the same result.",neutral,negative,0.7940322756767273,False,refrigerator,refrigerator,0.9976409673690796,True,advanced,0,0,1,0,medium,0,0,context_component,,,,
prediction_record,20260818T204035Z_github-32183473018,0,incoming,,,,,,,,,12679,"fr, outside my normal routine, the vibration remains basically average. someone else in the house noticed it too.",neutral,neutral,0.9987397789955139,True,washing_machine,washing_machine,0.43943703174591064,True,advanced,0,0,0,1,medium,0,0,context_component,,,,
prediction_record,20260818T204035Z_github-32183473018,0,incoming,,,,,,,,,12680,"i have been useing this room display when someone else in the house used it, and the picture quality keeps getting in the way. this shit should not be happening in normal use. 😅",negative,negative,0.9999780654907227,True,television,television,0.9996738433837891,True,limited,1,1,1,0,long,0,1,context_component,,,,
prediction_record,20260818T204035Z_github-32183473018,0,incoming,,,,,,,,,12681,"Under a representative operating profile, after changing a few settings, the shelf layout feels dependable in daily use. a second check gave me the same result. for my use case, this is a keeper.",positive,negative,0.5126785039901733,False,refrigerator,refrigerator,0.9956880211830139,True,technical,0,0,0,0,long,0,0,context_component,,,,
prediction_record,20260818T204035Z_github-32183473018,0,incoming,,,,,,,,,12682,"i have been using this food cooler during a heavier-than-usual day, and the gasket remains basically average. i repeated the chcek before writing this. i can live with it.",neutral,neutral,0.9997254014015198,True,refrigerator,refrigerator,0.5982383489608765,True,informal,0,0,1,0,medium,0,0,using,,,,
prediction_record,20260818T204035Z_github-32183473018,0,incoming,,,,,,,,,12683,"i have been using this work phone when someone else in the house used it, and the rear camera has not given me the became clearer after a few more days. i would buy it again.",positive,negative,0.9998788833618164,False,smartphone,smartphone,0.9995744824409485,True,limited,0,0,0,0,long,0,0,using,,,,
prediction_record,20260818T204035Z_github-32183473018,0,incoming,,,,,,,,,12684,"My main impression of this daily driver comes from the earpiece: it works well even outside my usual routine after using it for work and at home. someone else in the house noticed it too. No bullshit, this has been one of the better parts of the product.",positive,positive,0.9998699426651001,True,smartphone,refrigerator,0.9976022839546204,False,standard,1,0,0,0,long,0,0,main_impression,,,,
prediction_record,20260818T204035Z_github-32183473018,0,incoming,,,,,,,,,12685,the built-in audio is what stood out outside my normal routine; it feels dependable in daily use. the difference became clearer after a few more days.,positive,negative,0.7200267314910889,False,television,refrigerator,0.9952335953712463,False,informal,0,0,0,0,medium,0,0,stood_out,,,,
prediction_record,20260818T204035Z_github-32183473018,0,incoming,,,,,,,,,12686,"I have been using this refrigeration unit outside my normal routine, and the thermostat keeps getting in the way. the difference became clearer after a few more days. this needs to improve. That said, the freezer compartment is neither impressive nor bad, so the experience is not completely one-sided.",negative,negative,0.9999806880950928,True,refrigerator,refrigerator,0.9987882971763611,True,standard,0,0,0,0,long,1,0,using,,,,
prediction_record,20260818T204035Z_github-32183473018,0,incoming,,,,,,,,,12687,my main impression of this new phone comes from the usb port: is fine for what it is during a heavier-than-usual day. lol.,neutral,neutral,0.998623251914978,True,smartphone,smartphone,0.9996505975723267,True,limited,0,0,0,1,medium,0,0,main_impression,,,,
prediction_record,20260818T204035Z_github-32183473018,0,incoming,,,,,,,,,12688,"after using it for work and at home, the rinse program feels ordinary after more use. this different my first impression. i can live with it.",neutral,neutral,0.9996358156204224,True,washing_machine,washing_machine,0.909089207649231,True,limited,0,0,0,0,medium,0,0,context_component,,,,
prediction_record,20260818T204035Z_github-32183473018,0,incoming,,,,,,,,,12689,The gasket is what stood out when someone else in the house used it; it remains basically average. I noticed the change only in the new situation. there is not much else to say.,neutral,neutral,0.9999418258666992,True,refrigerator,refrigerator,0.9895052313804626,True,standard,0,0,0,0,long,0,0,stood_out,,,,
prediction_record,20260818T204035Z_github-32183473018,0,incoming,,,,,,,,,12690,My main impression of this new washer comes from the cycle controls: it fails in normal use after using it for work and at home. someone else in the house noticed it too. I am tired of this crap.,negative,negative,0.9999879598617554,True,washing_machine,washing_machine,0.9995179176330566,True,standard,1,0,0,0,long,0,0,main_impression,,,,
prediction_record,20260818T204035Z_github-32183473018,0,incoming,,,,,,,,,12691,"Under ordinary operating conditions, outside my normal routine, the picture quality has turned into a recurring problem. someone else in the house noticed it too. this needs to improve.",negative,negative,0.9997127652168274,True,television,washing_machine,0.4132009744644165,False,technical,0,0,0,0,medium,0,1,context_component,,,,
prediction_record,20260818T204035Z_github-32183473018,0,incoming,,,,,,,,,12692,"I have been useing this new washer after changing a few settings, and the door latch does the job. I tried the same thing again later and got a similar result. I can live with it.",neutral,neutral,0.9998605251312256,True,washing_machine,washing_machine,0.8234217762947083,True,advanced,0,0,1,0,long,0,0,context_component,,,,
prediction_record,20260818T204035Z_github-32183473018,0,incoming,,,,,,,,,12693,"i have been using this refrigeration during a heavier-than-usual day, and the shelf layout breaks down when conditions change. a second check gave me the same result.",negative,negative,0.5638997554779053,True,refrigerator,refrigerator,0.7488952875137329,True,limited,0,0,0,0,medium,0,0,using,,,,
prediction_record,20260818T204035Z_github-32183473018,0,incoming,,,,,,,,,12694,"tbh, i have been using this work phone outside my normal routine, and the fingerprint reader is neither impressive nor bad. the difference became clearer after a few more days.",neutral,neutral,0.9997521042823792,True,smartphone,smartphone,0.9995834231376648,True,standard,0,0,0,1,medium,0,0,using,,,,
prediction_record,20260818T204035Z_github-32183473018,0,incoming,,,,,,,,,12695,"I have been useing this screen unit after taking it on a trip, and the picture quality has been a pleasant surprise. the behavior persisted across several attempts.",positive,negative,0.7198099493980408,False,television,television,0.9996442794799805,True,advanced,0,0,1,0,medium,0,0,context_component,,,,
prediction_record,20260818T204035Z_github-32183473018,0,incoming,,,,,,,,,12696,after taking it on a i noticed that the vibration on this laundry unit works normally. i repeated the check befroe writing this.,neutral,negative,0.5857143402099609,False,washing_machine,washing_machine,0.7999734282493591,True,limited,0,0,1,0,medium,0,0,noticed,,,,
prediction_record,20260818T204035Z_github-32183473018,0,incoming,,,,,,,,,12697,"i have been using this new phone after changing a few settings, and the fingerprint reader keeps getting in the way. i repeated the check before writing this.",negative,negative,0.998916506767273,True,smartphone,smartphone,0.9995586276054382,True,limited,0,0,0,0,medium,0,0,using,,,,
prediction_record,20260818T204035Z_github-32183473018,0,incoming,,,,,,,,,12698,"Under ordinary operating conditions, after a few weeks of mixed use, I noticed that the rear camera on this cell phone has turned into a recurring problem. someone else in the house noticed it too.",negative,negative,0.9946156144142151,True,smartphone,smartphone,0.999616265296936,True,technical,0,0,0,0,long,0,0,noticed,,,,
prediction_record,20260818T204035Z_github-32183473018,0,incoming,,,,,,,,,12699,"Under a representative operating profile, the picture quality is what stood out during a heavier-than-usual day; it still performs consistently. the difference became clearer after a few more days. The damn thing surprised me in a good way.",positive,positive,0.9998327493667603,True,television,smartphone,0.811784565448761,False,technical,1,0,0,0,long,0,0,stood_out,,,,
prediction_record,20260818T204035Z_github-32183473018,0,incoming,,,,,,,,,12700,"From a practical reliability standpoint, after coming back to it after a few days, the battery life has been a pleasant surprise. the difference became clearer after a few more days. The call quality tells a different story because it has turned into a recurring problem. Honestly 😂",positive,negative,0.999955415725708,False,smartphone,smartphone,0.9996472597122192,True,technical,0,1,0,0,long,1,0,context_component,,,,
prediction_record,20260818T204035Z_github-32183473018,0,incoming,,,,,,,,,12701,"after a few weeks of mixed use, i noticed that the controller on this living room display feels dependable in daily use. somenoe else in the house notiecd it too. i have stopped worrying about this part of the product.",positive,positive,0.9959110021591187,True,television,television,0.9995618462562561,True,limited,0,0,1,0,long,0,0,noticed,,,,
prediction_record,20260818T204035Z_github-32183473018,0,incoming,,,,,,,,,12702,"I have been using this mobile after a few weeks of mixed use, and the apps has been a pleasant surprise. the difference bceame clearer after a few more days.",positive,negative,0.7345338463783264,False,smartphone,television,0.9996078610420227,False,standard,0,0,1,0,medium,0,0,using,,,,
prediction_record,20260818T204035Z_github-32183473018,0,incoming,,,,,,,,,12703,"ngl, after a few weeks of mixed use, I noticed that the rear camera on this cell phone is neither impressive nor bad. a second check gave me the same result. I would neither recommend it nor warn people away.",neutral,neutral,0.9999520778656006,True,smartphone,smartphone,0.9996032118797302,True,advanced,0,0,0,1,long,0,0,noticed,,,,
prediction_record,20260818T204035Z_github-32183473018,0,incoming,,,,,,,,,12704,"From a practical reliability standpoint, tbh, after coming back to it after a few days, I noticed that the picture quality on this bedroom TV still performs consistently. the difference became clearer after a few more days.",positive,positive,0.9996371269226074,True,television,television,0.9994897842407227,True,technical,0,0,0,1,long,0,0,noticed,,,,
prediction_record,20260818T204035Z_github-32183473018,0,incoming,,,,,,,,,12705,"From a practical reliability standpoint, after coming back to it afetr a few days, the spin program has been a pleasant surprise.",positive,negative,0.9294894337654114,False,washing_machine,washing_machine,0.8007204532623291,True,technical,0,0,1,0,medium,0,0,context_component,,,,
prediction_record,20260818T204035Z_github-32183473018,0,incoming,,,,,,,,,12706,"After changing a few settings, the wash drum is difficult to trust. I would not rely on it.",negative,negative,0.98917156457901,True,washing_machine,washing_machine,0.9958944320678711,True,standard,0,0,0,0,medium,0,1,context_component,,,,
prediction_record,20260818T204035Z_github-32183473018,0,incoming,,,,,,,,,12707,"not gonna lie, after using it for work and at home, I noticed that the vibration on this new washer feels ordinary after more use. I noticed the change only in the new situation. I do not feel strongly either way. The damn thing is basically fine.",neutral,neutral,0.9999679327011108,True,washing_machine,smartphone,0.9070448279380798,False,standard,1,0,0,1,long,0,0,noticed,,,,
prediction_record,20260818T204035Z_github-32183473018,0,incoming,,,,,,,,,12708,"after taking it on a trip, i noticed that the shelf layout on this cold-storage unit is difficult to trust. this was diferent from my first impression. i am considering a replacement. on the other hand, the compressor fan basically average, which makes the overall picture more mixed.",negative,negative,0.9999735355377197,True,refrigerator,refrigerator,0.9989700317382812,True,limited,0,0,1,0,long,1,0,noticed,,,,
prediction_record,20260818T204035Z_github-32183473018,0,incoming,,,,,,,,,12709,"Outside my normal routine, the call quality wroks normally. someone else in the house noticed it too. That said, the USB port feels dependable in daily use, so the experience is not completely one-sided. 🔥",neutral,negative,0.9999678134918213,False,smartphone,smartphone,0.9995798468589783,True,standard,0,1,1,0,long,1,0,context_component,,,,
prediction_record,20260818T204035Z_github-32183473018,0,incoming,,,,,,,,,12710,"Across repeated observations, during a heavier-than-usual day, the network reception has been a disappointment. I noticed the change only in the new situation.",negative,positive,0.6560779213905334,False,smartphone,smartphone,0.9993032217025757,True,technical,0,0,0,0,medium,0,0,context_component,,,,
prediction_record,20260818T204035Z_github-32183473018,0,incoming,,,,,,,,,12711,the rear camera is what stood out a few weeks of mixed use; it is acceptable but unremarkable. i do not feel strongly either way. the apps tells a different story because it breaks down when conditions change.,neutral,neutral,0.9999003410339355,True,smartphone,smartphone,0.9996036887168884,True,limited,0,0,0,0,long,1,0,stood_out,,,,
prediction_record,20260818T204035Z_github-32183473018,0,incoming,,,,,,,,,12712,"Under ordinary operating conditions, i have been using this new washer after changing a few settings, and the door latch keeps acting up. a second check gave me the same result.",negative,negative,0.9791646003723145,True,washing_machine,washing_machine,0.7906296253204346,True,technical,0,0,0,0,medium,0,1,using,,,,
prediction_record,20260818T204035Z_github-32183473018,0,incoming,,,,,,,,,12713,The earpiece is what stood out after changing a few settings; it does the job. I tried the same thing again later and got a similar result.,neutral,neutral,0.9995818734169006,True,smartphone,refrigerator,0.712129533290863,False,standard,0,0,0,0,medium,0,0,stood_out,,,,
prediction_record,20260818T204035Z_github-32183473018,0,incoming,,,,,,,,,12714,"i have been using this screen unit after using it for work and at home, and the panel lighting works well even outside my usual routine.",positive,positive,0.8982237577438354,True,television,television,0.9996567964553833,True,limited,0,0,0,0,medium,0,0,using,,,,
prediction_record,20260818T204035Z_github-32183473018,0,incoming,,,,,,,,,12715,"I did not pay much attention to the fill valve at first, but outside my normal orutine it keeps acting up. I tried the same thing again later and got a similar result.",negative,negative,0.9720545411109924,True,washing_machine,refrigerator,0.40818825364112854,False,advanced,0,0,1,0,medium,0,0,attention,,,,
prediction_record,20260818T204035Z_github-32183473018,0,incoming,,,,,,,,,12716,"after a few weeks of mixed use, i noticed that the video input on this video panel in use. i noticed the change only in the new situation. i would hesitate to buy it again.",negative,negative,0.9998846054077148,True,television,washing_machine,0.9995798468589783,False,limited,0,0,0,0,long,0,0,noticed,,,,
prediction_record,20260818T204035Z_github-32183473018,0,incoming,,,,,,,,,12717,"i have been using this pocket device outside my normal routine, and the touch panel keeps getting in the way. the behavior persisted across several attempts. i am considering a replacement.",negative,negative,0.9999752044677734,True,smartphone,smartphone,0.9995286464691162,True,informal,0,0,0,0,medium,0,0,using,,,,
prediction_record,20260818T204035Z_github-32183473018,0,incoming,,,,,,,,,12718,My main impression of this TV set comes from the video input: it keeps acting up after taking it on a trip. for real.,negative,negative,0.9862836599349976,True,television,television,0.9996299743652344,True,advanced,0,0,0,1,medium,0,1,main_impression,,,,
prediction_record,20260818T204035Z_github-32183473018,0,incoming,,,,,,,,,12719,"after coming back to it after a few days, the cylce controls has been a disappointment. a second check gave me the same result.",negative,negative,0.9478543996810913,True,washing_machine,refrigerator,0.9228179454803467,False,informal,0,0,1,0,medium,0,0,context_component,,,,
prediction_record,20260818T204035Z_github-32183473018,0,incoming,,,,,,,,,12720,"After a few weeks of mixed use, the door warning still performs consistently. I repeated the check before writing this.",positive,positive,0.9995809197425842,True,refrigerator,washing_machine,0.8350784778594971,False,advanced,0,0,0,0,medium,0,0,context_component,,,,
prediction_record,20260818T204035Z_github-32183473018,0,incoming,,,,,,,,,12721,"Under a representative operating profile, after coming back to it after a few days, I noticed that the shelf layout on this food cooler has turned into a recurring probelm. I would hesitate to buy it again.",negative,negative,0.999213457107544,True,refrigerator,refrigerator,0.8696151971817017,True,technical,0,0,1,0,long,0,0,noticed,,,,
prediction_record,20260818T204035Z_github-32183473018,0,incoming,,,,,,,,,12722,"I have been using this new refrigerator after using it for work and at home, and the inside lighting holds up better than expected. someone else in the house noticed it too. I plan to keep using it. Damn, I did not expect this part to be this solid.",positive,positive,0.9998973608016968,True,refrigerator,refrigerator,0.9978532195091248,True,standard,1,0,0,0,long,0,0,using,,,,
prediction_record,20260818T204035Z_github-32183473018,0,incoming,,,,,,,,,12723,"outside my normal routine, the door warning breaks down when change. i would not rely on it. the gasket tells a different story because it feels dependable in daily use.",negative,negative,0.9999657869338989,True,refrigerator,washing_machine,0.7126980423927307,False,limited,0,0,0,0,medium,1,0,context_component,,,,
prediction_record,20260818T204035Z_github-32183473018,0,incoming,,,,,,,,,12724,"i have been using this cell phone after a few weeks of mixed use, and the call quality keeps acting up. i noticed the change only in the new situation. on the other hand, the rear camera holds up better than expected, which makes the overall picture more mixed.",negative,negative,0.9999642372131348,True,smartphone,smartphone,0.9995972514152527,True,limited,0,0,0,0,long,1,0,using,,,,
prediction_record,20260818T204035Z_github-32183473018,0,incoming,,,,,,,,,12725,"Under a representative operating profile, real talk, i have been using this screen unit during a heavier-than-usual day, and the wireless connection is difficult to trust. the difference became clearer after a few more days.",negative,neutral,0.6370994448661804,False,television,television,0.9996362924575806,True,technical,0,0,0,1,long,0,0,using,,,,
prediction_record,20260818T204035Z_github-32183473018,0,incoming,,,,,,,,,12726,"I did not pay much attention to the apps at first, but outside my normal routine it is fine for what it is. the difference became clearer after a few more days.",neutral,neutral,0.9997110962867737,True,smartphone,television,0.9996336698532104,False,standard,0,0,0,0,medium,0,0,attention,,,,
prediction_record,20260818T204035Z_github-32183473018,0,incoming,,,,,,,,,12727,"i have been using this work phone after coming back to it after a few days, and the touch panel has stayed dependable.",positive,negative,0.8000811338424683,False,smartphone,smartphone,0.9995131492614746,True,limited,0,0,0,0,medium,0,1,using,,,,
prediction_record,20260818T204035Z_github-32183473018,0,incoming,,,,,,,,,12728,"From a practical reliability standpoint, real talk, after using it for work and at home, the door warning works normally. this was different from my first impression.",neutral,negative,0.7375441193580627,False,refrigerator,refrigerator,0.4971119463443756,True,technical,0,0,0,1,medium,0,0,context_component,,,,
prediction_record,20260818T204035Z_github-32183473018,0,incoming,,,,,,,,,12729,The inside lighting is what stood out after changing a few settings; it has stayed dependable. I noticed the change only in the new situation.,positive,negative,0.6014533638954163,False,refrigerator,refrigerator,0.8983647227287292,True,advanced,0,0,0,0,medium,0,0,stood_out,,,,
prediction_record,20260818T204035Z_github-32183473018,0,incoming,,,,,,,,,12730,"From a practical reliability standpoint, my main impression of this daily driver comes from the earpiece: it has been a pleasant surprise duirng a heavier-than-usual day. the difference became clearer after a few more days. for real.",positive,negative,0.9951304197311401,False,smartphone,refrigerator,0.9986322522163391,False,technical,0,0,1,1,long,0,0,main_impression,,,,
prediction_record,20260818T204035Z_github-32183473018,0,incoming,,,,,,,,,12731,the usb port is what stood out during a heavier-than-usual day; it has turned into a recurring problem. i am considering a replacement. 🔥,negative,negative,0.9970683455467224,True,smartphone,smartphone,0.9996131062507629,True,limited,0,1,0,0,medium,0,1,stood_out,,,,
prediction_record,20260818T204035Z_github-32183473018,0,incoming,,,,,,,,,12732,"after using it for work and at home, the spin program is neither impressive nor bad. this was different from my first impression. i can live with it. the vibration tells a different story because it has been a pleasant surprise. Honestly 😅",neutral,neutral,0.9998953342437744,True,washing_machine,washing_machine,0.9850516319274902,True,informal,0,1,0,0,long,1,0,context_component,,,,
prediction_record,20260818T204035Z_github-32183473018,0,incoming,,,,,,,,,12733,"Across repeated observations, fr, the panel lighting is what stood out after a few weeks of mixed use; it is neither impressive nor bad. the behavior persisted across several attempts. I would neither recommend it nor warn people away.",neutral,neutral,0.9999566078186035,True,television,washing_machine,0.9996137022972107,False,technical,0,0,0,1,long,0,0,stood_out,,,,
prediction_record,20260818T204035Z_github-32183473018,0,incoming,,,,,,,,,12734,"i did not pay much attention to the touch panel at first, but after using it for work and at home it feels ordinary after more use. the behavior persisted across several attempts.",neutral,neutral,0.9992706179618835,True,smartphone,washing_machine,0.9991920590400696,False,informal,0,0,0,0,medium,0,0,attention,,,,
prediction_record,20260818T204035Z_github-32183473018,0,incoming,,,,,,,,,12735,"outside my normal routine, the compressor fan feels dependable in daily use. this was different from my first impression.",positive,negative,0.9708886742591858,False,refrigerator,refrigerator,0.9980373978614807,True,informal,0,0,0,0,medium,0,0,context_component,,,,
prediction_record,20260818T204035Z_github-32183473018,0,incoming,,,,,,,,,12736,"The cooling motor is what stood out after taking it on a trip; it is fine for what it is. Honestly, the damn thing is just average. 🙂",neutral,neutral,0.9999281167984009,True,refrigerator,refrigerator,0.9984135627746582,True,standard,1,1,0,0,medium,0,1,stood_out,,,,
prediction_record,20260818T204035Z_github-32183473018,0,incoming,,,,,,,,,12737,"during a heavier-than-usual day, i noticed that the compressor fan on this food cooler has turned into a recurring problem. i repeated the check before writing this.",negative,negative,0.8135564923286438,True,refrigerator,refrigerator,0.997982382774353,True,limited,0,0,0,0,medium,0,0,noticed,,,,
prediction_record,20260818T204035Z_github-32183473018,0,incoming,,,,,,,,,12738,"my main of this living room display comes from the picture quality: it has not given me trouble after coming back to it after a few days. the behavior persisted across several attempts. for my use case, this is a keeper. 👍",positive,negative,0.9999457597732544,False,television,television,0.9996596574783325,True,limited,0,1,0,0,long,0,0,context_component,,,,
prediction_record,20260818T204035Z_github-32183473018,0,incoming,,,,,,,,,12739,"During a heavier-than-usual day, the wash drum continues to work without drama. this was diferent from my first impression.",positive,negative,0.9421042203903198,False,washing_machine,washing_machine,0.996455192565918,True,standard,0,0,1,0,medium,0,0,context_component,,,,
prediction_record,20260818T204035Z_github-32183473018,0,incoming,,,,,,,,,12740,My main impression of this laundry unit comes from the door latch: it is difficult to trust after taking it on a trip. I noticed the change only in the new situation.,negative,negative,0.8860248923301697,True,washing_machine,refrigerator,0.3806522488594055,False,standard,0,0,0,0,medium,0,0,main_impression,,,,
prediction_record,20260818T204035Z_github-32183473018,0,incoming,,,,,,,,,12741,the soap tray is what out after using it for work and at home; it feels dependable in daily use. i repeated the check before writing this. overall i am happy with it.,positive,neutral,0.9995056390762329,False,washing_machine,refrigerator,0.996436595916748,False,limited,0,0,0,0,medium,0,0,context_component,,,,
prediction_record,20260818T204035Z_github-32183473018,0,incoming,,,,,,,,,12742,My main impression of this laundry unit comes from the fill valve: it is difficult to trust when someone else in the house used it. I repeated the check before writing this.,negative,negative,0.9767887592315674,True,washing_machine,refrigerator,0.3774358630180359,False,advanced,0,0,0,0,medium,0,0,main_impression,,,,
prediction_record,20260818T204035Z_github-32183473018,0,incoming,,,,,,,,,12743,"ngl, i did not pay much attention to the thermostat at first, but when someone else in the house used it it feels ordinary after more use. I repeated the check before writing this.",neutral,neutral,0.9967058300971985,True,refrigerator,refrigerator,0.9580951929092407,True,advanced,0,0,0,1,long,0,0,attention,,,,
prediction_record,20260818T204035Z_github-32183473018,0,incoming,,,,,,,,,12744,"After a few weeks of mixed use, the freezer compartment has not given me trouble. I repeated the check before writing this. it has earned my confidence. Honestly 😂",positive,negative,0.9991469383239746,False,refrigerator,refrigerator,0.9944065809249878,True,standard,0,1,0,0,medium,0,0,context_component,,,,
prediction_record,20260818T204035Z_github-32183473018,0,incoming,,,,,,,,,12745,The soap tray is what stood out after coming back to it after a few days; it breaks down when conditions change. I am already looking at alternatives. I am tired of this crap.,negative,negative,0.9999712705612183,True,washing_machine,washing_machine,0.7766693234443665,True,standard,1,0,0,0,long,0,0,stood_out,,,,
prediction_record,20260818T204035Z_github-32183473018,0,incoming,,,,,,,,,12746,"during a heavier-than-usual day, i noticed that the earpiece on this mobile has not changed my opinion much. someone else in the house noticed it too.",neutral,negative,0.9102593660354614,False,smartphone,smartphone,0.999448835849762,True,limited,0,0,0,0,medium,0,0,noticed,,,,
prediction_record,20260818T204035Z_github-32183473018,0,incoming,,,,,,,,,12747,"i did not pay much attention to the fingerprint reader at first, but after coming back to it after a few days it remains basically average. the difference became clearer after few more days. i would neither recommend it nor warn people away.",neutral,neutral,0.9999592304229736,True,smartphone,refrigerator,0.9213544726371765,False,limited,0,0,0,0,long,0,0,attention,,,,
prediction_record,20260818T204035Z_github-32183473018,0,incoming,,,,,,,,,12748,The interface is what stood out aftre a few weeks of mixed use; it breaks down when conditions change. I tried the same thing again later and got a similar result.,negative,negative,0.6858667731285095,True,television,washing_machine,0.34396475553512573,False,advanced,0,0,1,0,medium,0,0,stood_out,,,,
prediction_record,20260818T204035Z_github-32183473018,0,incoming,,,,,,,,,12749,"outside my normal routine, i noticed that the fill valve on this clothes washer keeps acting up. i am already looking at alternatives. 👍",negative,negative,0.9998846054077148,True,washing_machine,washing_machine,0.9290282726287842,True,limited,0,1,0,0,medium,0,0,noticed,,,,
prediction_record,20260818T204035Z_github-32183473018,0,incoming,,,,,,,,,12750,"after a few weeks of mixed use, the network reception holds up better than i repeated the check before writing this. that said, the call quality has been a disappointment, so the experience is not completely one-sided.",positive,positive,0.9997478127479553,True,smartphone,smartphone,0.9996143579483032,True,limited,0,0,0,0,long,1,0,context_component,,,,
prediction_record,20260818T204035Z_github-32183473018,0,incoming,,,,,,,,,12751,"not gonna lie, the wireless connection is what stood out after coming back to it after a few days; it remains basically average. there is not much else to say.",neutral,neutral,0.9998843669891357,True,television,refrigerator,0.9860738515853882,False,advanced,0,0,0,1,medium,0,0,stood_out,,,,
prediction_record,20260818T204035Z_github-32183473018,0,incoming,,,,,,,,,12752,"Across repeated observations, i did not pay much attention to the cooling motor at first, but after coming back to it after a few days it breaks down when conditions change. the behavior persisted across several attempts. I would not rely on it. I am tired of this crap. Honestly 😐",negative,negative,0.9999585151672363,True,refrigerator,refrigerator,0.9975269436836243,True,technical,1,1,0,0,long,0,0,attention,,,,
prediction_record,20260818T204035Z_github-32183473018,0,incoming,,,,,,,,,12753,"Under ordinary operating conditions, lowkey, the door latch is what stood out after a few weeks of mixed use; it fails in normal use. a second check gave me the same result.",negative,negative,0.9997931122779846,True,washing_machine,refrigerator,0.9683052897453308,False,technical,0,0,0,1,medium,0,0,stood_out,,,,
prediction_record,20260818T204035Z_github-32183473018,0,incoming,,,,,,,,,12754,"I did not pay much attention to the USB port at first, but druing a heavier-than-usual day it is acceptable but unremarkable. That said, the rear camera still performs consistently, so the experience is not completely one-sided. The damn thing is basically fine. 😅",neutral,positive,0.999575674533844,False,smartphone,smartphone,0.9996763467788696,True,advanced,1,1,1,0,long,1,0,attention,,,,
prediction_record,20260818T204035Z_github-32183473018,0,incoming,,,,,,,,,12755,"I did not pay much attention to the cycle controls at first, but during a heavier-than-usual day it has been a plesaant surprise. I noticed the change only in the new situation.",positive,positive,0.7274378538131714,True,washing_machine,washing_machine,0.9422405958175659,True,advanced,0,0,1,0,medium,0,0,attention,,,,
prediction_record,20260818T204035Z_github-32183473018,0,incoming,,,,,,,,,12756,"ngl, the cooling motor is what stood out after a few weeks of mixed use; it remains basically average. I repeated the check before writing this.",neutral,neutral,0.9988341927528381,True,refrigerator,refrigerator,0.9942323565483093,True,advanced,0,0,0,1,medium,0,0,stood_out,,,,
prediction_record,20260818T204035Z_github-32183473018,0,incoming,,,,,,,,,12757,my main impression of this machine comes from the drainage motor: it continues to work without drama when someone else in the house used it. the damn thing surprised me in a good way.,positive,negative,0.9976896047592163,False,washing_machine,refrigerator,0.8287333250045776,False,informal,1,0,0,0,long,0,0,main_impression,,,,
prediction_record,20260818T204035Z_github-32183473018,0,incoming,,,,,,,,,12758,"I did not pay much attention to the call quality at first, but after using it for work and at home it has turned into a recurring problem. I would hesitate to buy it again.",negative,negative,0.9955409169197083,True,smartphone,refrigerator,0.5288307666778564,False,advanced,0,0,0,0,long,0,1,attention,,,,
prediction_record,20260818T204035Z_github-32183473018,0,incoming,,,,,,,,,12759,"i did not pay much attention to the video input at first, but when someone else in the house used it it breaks down when conditions change. someone else in the house noticed it too.",negative,negative,0.9732215404510498,True,television,television,0.9996706247329712,True,informal,0,0,0,0,long,0,1,attention,,,,
prediction_record,20260818T204035Z_github-32183473018,0,incoming,,,,,,,,,12760,"Under a representative operating profile, my main impression of this clothes wasehr comes from the fill valve: it keeps acting up during a heavier-than-usual day. this is the part that makes me regret the purchase. This is damn annoying.",negative,negative,0.9999905824661255,True,washing_machine,refrigerator,0.9157164096832275,False,technical,1,0,1,0,long,0,1,main_impression,,,,
prediction_record,20260818T204035Z_github-32183473018,0,incoming,,,,,,,,,12761,"I have been useing this TV set when someone else in the house used it, and the sports motion has been a disappointment.",negative,negative,0.8886227011680603,True,television,television,0.999638557434082,True,standard,0,0,1,0,medium,0,0,context_component,,,,
prediction_record,20260818T204035Z_github-32183473018,0,incoming,,,,,,,,,12762,"Under a representative operating profile, after a few weeks of mixed use, I noticed that the call quality on this work phone feels dependable in daily use. someone else in the house noticed it too. The damn thing surprised me in a good way.",positive,negative,0.9999172687530518,False,smartphone,smartphone,0.9995996356010437,True,technical,1,0,0,0,long,0,0,noticed,,,,
prediction_record,20260818T204035Z_github-32183473018,0,incoming,,,,,,,,,12763,"After repeated use under comparable conditions, the wireless connection is what stood out when someone else in the house used it; it remains basically average. I repeated the check before writing this. pretty solid ngl.",neutral,neutral,0.9996613264083862,True,television,refrigerator,0.9750142097473145,False,technical,0,0,0,1,long,0,0,stood_out,,,,
prediction_record,20260818T204035Z_github-32183473018,0,incoming,,,,,,,,,12764,"my main impression of this screen unit comes from the streaming menu: has stayed dependable when someone else in the used it. a second check gave me the same result. for my use case, this is a keeper.",positive,negative,0.9992651343345642,False,television,television,0.9996341466903687,True,limited,0,0,0,0,long,0,0,main_impression,,,,
prediction_record,20260818T204035Z_github-32183473018,0,incoming,,,,,,,,,12765,"I have been using this front-loading washer after changing a few settings, and the spin program fails in normal use. I repeated the check before writing this.",negative,negative,0.9967347979545593,True,washing_machine,washing_machine,0.9995208978652954,True,standard,0,0,0,0,medium,0,0,using,,,,
prediction_record,20260818T204035Z_github-32183473018,0,incoming,,,,,,,,,12766,"i did not pay much attention to the call quality at first, but after taking it on a trip it holds up better than expected. the behavior persisted across several attempts.",positive,positive,0.9981526732444763,True,smartphone,washing_machine,0.3566562533378601,False,informal,0,0,0,0,medium,0,0,attention,,,,
prediction_record,20260818T204035Z_github-32183473018,0,incoming,,,,,,,,,12767,"when someone else in the house used it, the network reception feels dependable in daily use. this was different from my first impression. overall i am happy with it.",positive,negative,0.9771646857261658,False,smartphone,smartphone,0.9995941519737244,True,informal,0,0,0,0,medium,0,0,context_component,,,,
prediction_record,20260818T204035Z_github-32183473018,0,incoming,,,,,,,,,12768,"My main impression of this television set comes from the picture quality: it holds up better than expected after using it for work and at home. I repeated the check before writing this. On the other hand, the panel lighting remains basically average, which makes the on balance picture more mixed.",positive,positive,0.999705970287323,True,television,television,0.9996757507324219,True,advanced,0,0,0,0,long,1,0,main_impression,,,,
prediction_record,20260818T204035Z_github-32183473018,0,incoming,,,,,,,,,12769,"outside my normal routine, the touch panel works well even outside my usual routine. someone else in the house noticed it too.",positive,positive,0.9723898768424988,True,smartphone,washing_machine,0.9995438456535339,False,informal,0,0,0,0,medium,0,0,context_component,,,,
prediction_record,20260818T204035Z_github-32183473018,0,incoming,,,,,,,,,12770,"I did not pay much attention to the spin program at first, but when someone else in the house used it it has become increasingly unreliable. someone else in the house noticed it too. I am already looking at alternatives. The damn thing keeps getting in the way.",negative,negative,0.9999902248382568,True,washing_machine,smartphone,0.6716693639755249,False,advanced,1,0,0,0,long,0,1,attention,,,,
prediction_record,20260818T204035Z_github-32183473018,0,incoming,,,,,,,,,12771,my main impression of this daily driver comes from the call quality: it still performs consistently after changing a few settings. i noticed the change only in the new situation. i would buy it again.,positive,positive,0.9997971653938293,True,smartphone,refrigerator,0.9985796213150024,False,informal,0,0,0,0,long,0,0,main_impression,,,,
prediction_record,20260818T204035Z_github-32183473018,0,incoming,,,,,,,,,12772,"i did not pay much attention to the sports motion first, but after taking it on a trip it is fine what it is. Honestly 🤔",neutral,neutral,0.9914488196372986,True,television,television,0.9996792078018188,True,limited,0,1,0,0,medium,0,1,attention,,,,
prediction_record,20260818T204035Z_github-32183473018,0,incoming,,,,,,,,,12773,"when someone else in the used it, the fill valve continues to work without drama.",positive,negative,0.7011662125587463,False,washing_machine,refrigerator,0.8726063966751099,False,limited,0,0,0,0,medium,0,0,context_component,,,,
prediction_record,20260818T204035Z_github-32183473018,0,incoming,,,,,,,,,12774,"honestly tho, after coming back to it after a few days, the wash drum feels ordinary after more use. I repeated the check before writing this. I would neither recommend it nor warn people away.",neutral,neutral,0.9999508857727051,True,washing_machine,washing_machine,0.9849461317062378,True,standard,0,0,0,1,long,0,0,context_component,,,,
prediction_record,20260818T204035Z_github-32183473018,0,incoming,,,,,,,,,12775,"During a heavier-than-usual day, the built-in audio remains basically average. I tried the same thing again later and got a similar result.",neutral,neutral,0.999825656414032,True,television,refrigerator,0.5629367828369141,False,advanced,0,0,0,0,medium,0,0,context_component,,,,
prediction_record,20260818T204035Z_github-32183473018,0,incoming,,,,,,,,,12776,"i have been using this screen unit after a few weeks of mixed use, and the sports motion is difficult to trust. i am considering a replacement. this is damn annoying.",negative,negative,0.9998326301574707,True,television,television,0.99956876039505,True,informal,1,0,0,0,medium,0,0,using,,,,
prediction_record,20260818T204035Z_github-32183473018,0,incoming,,,,,,,,,12777,"Across repeated observations, my main impression of this new phone comes from the fingerprint reader: it remains basically average during a heavier-than-usual day. I tried the same thing again later and got a similar result.",neutral,neutral,0.9999161958694458,True,smartphone,smartphone,0.9996004700660706,True,technical,0,0,0,0,long,0,0,main_impression,,,,
prediction_record,20260818T204035Z_github-32183473018,0,incoming,,,,,,,,,12778,"i have been using this wash unit after coming back to it after a few days, and the spin program is fine for what it is. this was different from my first impression. i would neither recommend it nor warn people away.",neutral,neutral,0.9999592304229736,True,washing_machine,washing_machine,0.985382080078125,True,limited,0,0,0,0,long,0,1,using,,,,
prediction_record,20260818T204035Z_github-32183473018,0,incoming,,,,,,,,,12779,"I have been using this bedroom TV during a heavier-than-usual day, and the video input works normally. someone else in the house noticed it too. I can live with it.",neutral,negative,0.6003851890563965,False,television,television,0.9996460676193237,True,advanced,0,0,0,0,medium,0,0,using,,,,
prediction_record,20260818T204035Z_github-32183473018,0,incoming,,,,,,,,,12780,"I have been useing this bedroom TV outside my normal routine, and the picture quality is acceptable but unremarkable. it is adequate for now.",neutral,neutral,0.998389720916748,True,television,television,0.9996598958969116,True,advanced,0,0,1,0,medium,0,0,context_component,,,,
prediction_record,20260818T204035Z_github-32183473018,0,incoming,,,,,,,,,12781,"From a practical reliability standpoint, i did not pay much attention to the built-in audio at first, but outside my normal routine it has tsayed dependable. a second check gave me the same result. I would buy it again.",positive,negative,0.9986734390258789,False,television,refrigerator,0.8622373342514038,False,technical,0,0,1,0,long,0,0,attention,,,,
prediction_record,20260818T204035Z_github-32183473018,0,incoming,,,,,,,,,12782,"My main impression of this refrigeration unit comes from the door warning: it holsd up better than expected after useing it for work and at home. I have stopped worrying about this part of the product. No bullshit, this has been one of the better parts of the product. for real.",positive,positive,0.9998742341995239,True,refrigerator,refrigerator,0.9958219528198242,True,standard,1,0,1,1,long,0,0,main_impression,,,,
prediction_record,20260818T204035Z_github-32183473018,0,incoming,,,,,,,,,12783,my main impression of this kitchen fridge comes from the cooling motor: it breaks down when conditions change after coming back to it after a few days. the difference became clearer after a few more days. i am tired of this crap.,negative,negative,0.9998770952224731,True,refrigerator,refrigerator,0.9983564019203186,True,informal,1,0,0,0,long,0,0,main_impression,,,,
prediction_record,20260818T204035Z_github-32183473018,0,incoming,,,,,,,,,12784,"after a few weeks of mixed use, i noticed that the shelf layout on this cold-storage unit is acceptable but unremarkable. Honestly 😬",neutral,neutral,0.8389456868171692,True,refrigerator,washing_machine,0.49634984135627747,False,informal,0,1,0,0,medium,0,0,noticed,,,,
prediction_record,20260818T204035Z_github-32183473018,0,incoming,,,,,,,,,12785,My main impression of this clothes washer comes from the rinse program: it keeps acting up after changing a few settings. a second check gave me the same result. 🤔,negative,negative,0.9998319149017334,True,washing_machine,washing_machine,0.9996660947799683,True,advanced,0,1,0,0,medium,0,1,main_impression,,,,
prediction_record,20260818T204035Z_github-32183473018,0,incoming,,,,,,,,,12786,"real talk, i have been using this kitchen fridge after changing a few settings, and the inside lighting is difficult to trust. the behavior persisted across several attempts.",negative,neutral,0.901969850063324,False,refrigerator,refrigerator,0.9974398612976074,True,informal,0,0,0,1,medium,0,0,using,,,,
prediction_record,20260818T204035Z_github-32183473018,0,incoming,,,,,,,,,12787,"From a practical reliability standpoint, honestly tho, during a heavier-than-usual day, the rear camera has not changed my opinion much. the difference became clearer after a few more days.",neutral,negative,0.8081135153770447,False,smartphone,smartphone,0.9995400905609131,True,technical,0,0,0,1,medium,0,0,context_component,,,,
prediction_record,20260818T204035Z_github-32183473018,0,incoming,,,,,,,,,12788,"i did not pay much attention to the wireless connection at first, but after changing a few settings it works well even outside my usual routine. i tried the same thing again later got a similar result.",positive,positive,0.9850640892982483,True,television,washing_machine,0.42019525170326233,False,limited,0,0,0,0,long,0,1,attention,,,,
prediction_record,20260818T204035Z_github-32183473018,0,incoming,,,,,,,,,12789,"i have been using this work phone during a heavier-than-usual day, and the apps is fine for what it is. behavior persisted across several attempts. there is no major crap to complain about here. 👎",neutral,neutral,0.9999299049377441,True,smartphone,smartphone,0.9995899796485901,True,limited,1,1,0,0,long,0,1,using,,,,
prediction_record,20260818T204035Z_github-32183473018,0,incoming,,,,,,,,,12790,The fingerprint reader is what stood out when someone else in the house used it; it does the job. the behavior persisted across several attempts. Honestly 🤔,neutral,neutral,0.9975550770759583,True,smartphone,refrigerator,0.9532659649848938,False,advanced,0,1,0,0,medium,0,0,stood_out,,,,
prediction_record,20260818T204035Z_github-32183473018,0,incoming,,,,,,,,,12791,"I did not pay much attention to the vibration at first, but after coming back to it after a few days it has not changed my opinion much. I repeated the check before writing this.",neutral,negative,0.808047354221344,False,washing_machine,refrigerator,0.9215758442878723,False,advanced,0,0,0,0,long,0,1,attention,,,,
prediction_record,20260818T204035Z_github-32183473018,0,incoming,,,,,,,,,12792,my main impression of this refrigeration unit comes from the compressor fan: it has become increasingly unreliable after changing a few settings. i tried the same thing again later and got a similar result. i would hesitate to buy it again.,negative,negative,0.9999877214431763,True,refrigerator,refrigerator,0.9984835982322693,True,informal,0,0,0,0,long,0,0,main_impression,,,,
prediction_record,20260818T204035Z_github-32183473018,0,incoming,,,,,,,,,12793,"i have been using this food cooler after taking it a trip, and the ice system has turned into a recurring problem. i noticed the change only in the new situation. Honestly 😐",negative,neutral,0.5983940958976746,False,refrigerator,washing_machine,0.9983915686607361,False,limited,0,1,0,0,medium,0,1,using,,,,
prediction_record,20260818T204035Z_github-32183473018,0,incoming,,,,,,,,,12794,"From a practical reliability standpoint, i did not pay much attention to the battery life at first, but after coming back to it after a few days it does the job. this was different from my first impression.",neutral,neutral,0.8502134680747986,True,smartphone,smartphone,0.9996252059936523,True,technical,0,0,0,0,long,0,0,attention,,,,
prediction_record,20260818T204035Z_github-32183473018,0,incoming,,,,,,,,,12795,"I have been using this video panel after coming back to it after a few days, and the built-in audio keeps getting in the way.",negative,negative,0.9943987727165222,True,television,washing_machine,0.9786040782928467,False,advanced,0,0,0,0,medium,0,0,using,,,,
prediction_record,20260818T204035Z_github-32183473018,0,incoming,,,,,,,,,12796,"After taking it on a trip, I noticed that the spin prorgam on this wash unit holds up better than expected. the behavior persisted across several attempts. 😬",positive,positive,0.9982682466506958,True,washing_machine,washing_machine,0.9185250997543335,True,standard,0,1,1,0,medium,0,0,noticed,,,,
prediction_record,20260818T204035Z_github-32183473018,0,incoming,,,,,,,,,12797,The rinse program is what stood out after taking it on a trip; it fails in routine use. I tried the same thing again later and got a similar result.,negative,negative,0.9999163150787354,True,washing_machine,washing_machine,0.9861537218093872,True,advanced,0,0,0,0,medium,0,1,stood_out,,,,
prediction_record,20260818T204035Z_github-32183473018,0,incoming,,,,,,,,,12798,the call quality is what stood out when someone else in the house used it; it is difficult to trust. the difference became clearer after a few more days. the network reception tells a different story because it is acceptable but unremarkable.,negative,neutral,0.9877969622612,False,smartphone,refrigerator,0.9985111355781555,False,informal,0,0,0,0,long,1,1,stood_out,,,,
prediction_record,20260818T204035Z_github-32183473018,0,incoming,,,,,,,,,12799,"During a heavier-than-usual day, the rinse program keeps getting in the way. the behavior persisted caross several attempts. 😂",negative,negative,0.9998784065246582,True,washing_machine,washing_machine,0.7612283825874329,True,advanced,0,1,1,0,medium,0,0,context_component,,,,
prediction_record,20260818T204035Z_github-32183473018,0,incoming,,,,,,,,,12800,"I have been using this bedroom TV after coming back to it after a few days, and the sports motion is fine for what it is. the behavior persisted across several attempts. The damn thing is basically fine.",neutral,neutral,0.9999599456787109,True,television,television,0.9996716976165771,True,standard,1,0,0,0,long,0,0,using,,,,
prediction_record,20260818T204035Z_github-32183473018,0,incoming,,,,,,,,,12801,"lowkey, i have been using this cold-storage unit after changing a few settings, and the cooling motor feels ordinary after more use. the behavior persisted across several attempts.",neutral,neutral,0.9978119134902954,True,refrigerator,refrigerator,0.9945574998855591,True,informal,0,0,0,1,medium,0,0,using,,,,
prediction_record,20260818T204035Z_github-32183473018,0,incoming,,,,,,,,,12802,"Under ordinary operating conditions, after coming back to it after a few days, the streaming menu remains basically average. I tried the same thing again later and got a similar result.",neutral,neutral,0.9999009370803833,True,television,television,0.9996178150177002,True,technical,0,0,0,0,medium,0,0,context_component,,,,
prediction_record,20260818T204035Z_github-32183473018,0,incoming,,,,,,,,,12803,"i did not pay much attention to the inside lighting at first, but after coming back to it after a few days it has been a disappointment. this was diferent from my first impression. Honestly 😂",negative,negative,0.9837783575057983,True,refrigerator,refrigerator,0.914055585861206,True,informal,0,1,1,0,long,0,0,attention,,,,
prediction_record,20260818T204035Z_github-32183473018,0,incoming,,,,,,,,,12804,the fill valve is what stood out after coming back to it after a few days; it is fine for what it is. repeated the check before writing this. for real.,neutral,neutral,0.9996769428253174,True,washing_machine,refrigerator,0.9637287259101868,False,limited,0,0,0,1,medium,0,1,stood_out,,,,
prediction_record,20260818T204035Z_github-32183473018,0,incoming,,,,,,,,,12805,"my main impression of this new phone comes from the battery life: it holds up better than expected after a few weeks of mixed use. on the other hand, the usb port has become increasingly unreliable, which makes the overall picture more mixed.",positive,positive,0.9997765421867371,True,smartphone,smartphone,0.9995989203453064,True,informal,0,0,0,0,long,1,1,main_impression,,,,
prediction_record,20260818T204035Z_github-32183473018,0,incoming,,,,,,,,,12806,"I did not pay much attention to the fingerprint reader at first, but after a few weeks of mixed use it works normally. On the other hand, the apps keeps acting up, which makes the overall picture more mixed.",neutral,negative,0.9996707439422607,False,smartphone,television,0.9988420605659485,False,standard,0,0,0,0,long,1,0,attention,,,,
prediction_record,20260818T204035Z_github-32183473018,0,incoming,,,,,,,,,12807,My main impression of this laundry unit comes from the fill valve: it keeps getting in the way atfer coming back to it after a few days. I repeated the check before writing this.,negative,negative,0.9999698400497437,True,washing_machine,refrigerator,0.7401930689811707,False,standard,0,0,1,0,long,0,0,main_impression,,,,
prediction_record,20260818T204035Z_github-32183473018,0,incoming,,,,,,,,,12808,"I have been using this bedroom TV after a few weeks of mixed use, and the video input feels ordinary after more use. the difference became clearer after a few more days. I would neither recommend it nor warn people away. The damn thing is basically fine.",neutral,neutral,0.9999688863754272,True,television,television,0.999671220779419,True,standard,1,0,0,0,long,0,0,using,,,,
prediction_record,20260818T204035Z_github-32183473018,0,incoming,,,,,,,,,12809,"From a practical reliability standpoint, the shelf layout is what stood out after a few weeks of mixed use; it has turned into a recurring problem. this is the part that makes me regret the purchase.",negative,negative,0.9995424747467041,True,refrigerator,smartphone,0.4097687900066376,False,technical,0,0,0,0,long,0,0,stood_out,,,,
prediction_record,20260818T204035Z_github-32183473018,0,incoming,,,,,,,,,12810,"After a few weeks of mixed use, I noticed that the cycle controls on this machine has not given me trouble. I noticed the change only in the new situation.",positive,negative,0.9965018033981323,False,washing_machine,washing_machine,0.9965875148773193,True,advanced,0,0,0,0,medium,0,1,noticed,,,,
prediction_record,20260818T204035Z_github-32183473018,0,incoming,,,,,,,,,12811,"I did not pay much attention to the thermostat at first, but after taking it on a trip it has turned into a recurring problem. this was different from my first impression.",negative,negative,0.901288628578186,True,refrigerator,refrigerator,0.8388438820838928,True,advanced,0,0,0,0,medium,0,0,attention,,,,
prediction_record,20260818T204035Z_github-32183473018,0,incoming,,,,,,,,,12812,"after changing a few settings, i noticed that the network reception on this mobile feels ordinary after more use. the behavior persisted across several attempts. i can live with it. it is not amazing, but it is not bullshit either.",neutral,neutral,0.9999585151672363,True,smartphone,smartphone,0.9996695518493652,True,informal,1,0,0,0,long,0,0,noticed,,,,
prediction_record,20260818T204035Z_github-32183473018,0,incoming,,,,,,,,,12813,my main impression of this mobile comes from the rear camera: it has been a pleasant surprise after taking it a trip.,positive,negative,0.6253821849822998,False,smartphone,smartphone,0.9995405673980713,True,limited,0,0,0,0,medium,0,0,main_impression,,,,
prediction_record,20260818T204035Z_github-32183473018,0,incoming,,,,,,,,,12814,"I have been using this food cooler when someone else in the house used it, and the freezer compartment feels dependable in daily use. the difference became clearer after a few more days. I would buy it again. No bullshit, this has been one of the better parts of the product.",positive,positive,0.9991769194602966,True,refrigerator,refrigerator,0.997357189655304,True,advanced,1,0,0,0,long,0,0,using,,,,
prediction_record,20260818T204035Z_github-32183473018,0,incoming,,,,,,,,,12815,"Across repeated observations, after changing a few stetings, the soap tray works well even outside my usual routine. I would buy it again.",positive,positive,0.9827809929847717,True,washing_machine,washing_machine,0.6812148094177246,True,technical,0,0,1,0,medium,0,0,context_component,,,,
prediction_record,20260818T204035Z_github-32183473018,0,incoming,,,,,,,,,12816,"Under ordinary operating conditions, after a few weeks of mixed use, I noticed that the wireless connection on this video panel keeps acting up. I would hesitate to buy it again. This shit should not be happening in normal use.",negative,negative,0.9999878406524658,True,television,washing_machine,0.639005720615387,False,technical,1,0,0,0,long,0,0,noticed,,,,
prediction_record,20260818T204035Z_github-32183473018,0,incoming,,,,,,,,,12817,"Under a representative operating profile, the wash drum is what stood out during a heavier-than-usual day; it remains basically average. a second check gave me the same result. not great tbh.",neutral,neutral,0.9993440508842468,True,washing_machine,washing_machine,0.9995323419570923,True,technical,0,0,0,1,medium,0,1,stood_out,,,,
prediction_record,20260818T204035Z_github-32183473018,0,incoming,,,,,,,,,12818,the shelf layout is what stood out after a few weeks of mixed use; it has stayed dependable. i repeated the check before writing this. pretty solid ngl.,positive,positive,0.5552104115486145,True,refrigerator,washing_machine,0.4050805866718292,False,informal,0,0,0,1,medium,0,0,stood_out,,,,
prediction_record,20260818T204035Z_github-32183473018,0,incoming,,,,,,,,,12819,"After changing a few settings, the built-in audio is neither impressive nor bad.",neutral,neutral,0.9692544937133789,True,television,refrigerator,0.7523685097694397,False,advanced,0,0,0,0,short,0,0,context_component,,,,
prediction_record,20260818T204035Z_github-32183473018,0,incoming,,,,,,,,,12820,The controller is what stood out after taking it on a trip; it works well even outside my usual routine. I tried the same thing again later and got a similar result. I would buy it again.,positive,positive,0.9988245368003845,True,television,refrigerator,0.5229737758636475,False,standard,0,0,0,0,long,0,0,stood_out,,,,
prediction_record,20260818T204035Z_github-32183473018,0,incoming,,,,,,,,,12821,"honestly tho, i did not pay much attention to the inside lighting at first, but after using it for work and at home it is acceptable but unremarkable. the behavior persisted across several attempts.",neutral,neutral,0.9973123073577881,True,refrigerator,refrigerator,0.4427768588066101,True,informal,0,0,0,1,long,0,0,attention,,,,
prediction_record,20260818T204035Z_github-32183473018,0,incoming,,,,,,,,,12822,"I have been using this bedroom TV after a few weeks of mixed use, and the video input holds up better than expected. Honestly 🔥",positive,positive,0.9876267313957214,True,television,television,0.9996620416641235,True,advanced,0,1,0,0,medium,0,0,using,,,,
prediction_record,20260818T204035Z_github-32183473018,0,incoming,,,,,,,,,12823,"I did not pay much attention to the ice system at first, but after coming back to it after a few days it feels dependable in daily use. someone else in the house noticed it too. I would buy it again.",positive,negative,0.9992969036102295,False,refrigerator,television,0.9996421337127686,False,standard,0,0,0,0,long,0,0,attention,,,,
prediction_record,20260818T204035Z_github-32183473018,0,incoming,,,,,,,,,12824,"i did not pay much attention to the cooling motor at first, but after a few weeks of mixed use it has stayed dependable. a check gave me the same result.",positive,negative,0.9292289614677429,False,refrigerator,refrigerator,0.9684889912605286,True,limited,0,0,0,0,medium,0,0,attention,,,,
prediction_record,20260818T204035Z_github-32183473018,0,incoming,,,,,,,,,12825,"i did not pay much attention to the wash drum at first, but after using it for work and at home it has been a disappointment. someone else in the house noticed it too.",negative,negative,0.9560085535049438,True,washing_machine,washing_machine,0.9994472861289978,True,informal,0,0,0,0,long,0,0,attention,,,,
prediction_record,20260818T204035Z_github-32183473018,0,incoming,,,,,,,,,12826,"tbh, i have been using this kitchen fridge after changing a few settings, and the freezer compartment holds up better than expected. the damn thing surprised me in a good way. 👎",positive,positive,0.9996426105499268,True,refrigerator,refrigerator,0.9978073239326477,True,limited,1,1,0,1,medium,0,0,using,,,,
prediction_record,20260818T204035Z_github-32183473018,0,incoming,,,,,,,,,12827,The built-in audio is what stood out after taking it on a trip; it holds up better than expected.,positive,positive,0.9778433442115784,True,television,refrigerator,0.9119378328323364,False,advanced,0,0,0,0,medium,0,1,stood_out,,,,
prediction_record,20260818T204035Z_github-32183473018,0,incoming,,,,,,,,,12828,"I did not pay much attention to the cooling motor at fisrt, but after using it for work and at home it holds up better than expected. I repeated the check before writing this. for my use case, this is a keeper.",positive,positive,0.9997938275337219,True,refrigerator,refrigerator,0.9959754347801208,True,advanced,0,0,1,0,long,0,0,attention,,,,
prediction_record,20260818T204035Z_github-32183473018,0,incoming,,,,,,,,,12829,"Across repeated observations, i did not pay much attention to the wash drum at first, but when someone else in the house used it it has been a pleasant surprise. this was different from my first impression. 😐",positive,negative,0.983993649482727,False,washing_machine,washing_machine,0.9985482096672058,True,technical,0,1,0,0,long,0,1,attention,,,,
prediction_record,20260818T204035Z_github-32183473018,0,incoming,,,,,,,,,12830,"From a practical reliability standpoint, honestly tho, i have been using this cold-storage unit after a few weeks of mixed use, and the gasket fails in normal use. someone else in the house noticed it too.",negative,negative,0.9998212456703186,True,refrigerator,washing_machine,0.7033654451370239,False,technical,0,0,0,1,long,0,0,using,,,,
prediction_record,20260818T204035Z_github-32183473018,0,incoming,,,,,,,,,12831,"After changing a few settings, I noticed that the earpiece on this pocket device continues to work without drama. the difference became clearer after a few more days.",positive,neutral,0.5070133209228516,False,smartphone,smartphone,0.9986546039581299,True,advanced,0,0,0,0,medium,0,0,noticed,,,,
prediction_record,20260818T204035Z_github-32183473018,0,incoming,,,,,,,,,12832,"i did not pay much attention to the rinse program at first, after changing a few it holds up better than expected. this was different from my first impression. no bullshit, this has been one of the better parts of the product.",positive,positive,0.9998973608016968,True,washing_machine,washing_machine,0.4299541413784027,True,limited,1,0,0,0,long,0,1,attention,,,,
prediction_record,20260818T204035Z_github-32183473018,0,incoming,,,,,,,,,12833,"From a practical reliability standpoint, i did not pay much attention to the rinse program at first, but after a few weeks of mixed use it has become increasingly unreliable. this was diferent from my first impression. I would hesitate to buy it again. 😅",negative,negative,0.9999810457229614,True,washing_machine,washing_machine,0.46325352787971497,True,technical,0,1,1,0,long,0,0,attention,,,,
prediction_record,20260818T204035Z_github-32183473018,0,incoming,,,,,,,,,12834,"real talk, when someone else in the house used it, i noticed that the streaming menu on this video does the job. i repeated the check before writing this. on the other hand, the wireless connection holds up better than expected, which makes the overall picture more mixed. it is not amazing, but it is not bullshit either.",neutral,neutral,0.9999558925628662,True,television,television,0.9996563196182251,True,limited,1,0,0,1,long,1,1,noticed,,,,
prediction_record,20260818T204035Z_github-32183473018,0,incoming,,,,,,,,,12835,"After taking it on a trip, I noticed that the controller on this living room display feels dependable in daily use.",positive,neutral,0.7040649652481079,False,television,television,0.9977741837501526,True,standard,0,0,0,0,medium,0,0,noticed,,,,
prediction_record,20260818T204035Z_github-32183473018,0,incoming,,,,,,,,,12836,"during a heavier-than-usual day, i noticed that the streaming menu on this bedroom tv feels ordinary after more use.",neutral,neutral,0.902671754360199,True,television,television,0.9995860457420349,True,informal,0,0,0,0,medium,0,0,noticed,,,,
prediction_record,20260818T204035Z_github-32183473018,0,incoming,,,,,,,,,12837,when someone else in the house used the call quailty is neither impressive nor bad. i repeated the check before writing this.,neutral,neutral,0.9991657733917236,True,smartphone,refrigerator,0.9375196695327759,False,limited,0,0,1,0,medium,0,0,context_component,,,,
prediction_record,20260818T204035Z_github-32183473018,0,incoming,,,,,,,,,12838,"I did not pay much attention to the rear camera at first, but after changing a few settings it breaks down when conditions change. the behavior persisted across several attempts.",negative,negative,0.4739278256893158,True,smartphone,smartphone,0.9995755553245544,True,standard,0,0,0,0,medium,0,1,attention,,,,
prediction_record,20260818T204035Z_github-32183473018,0,incoming,,,,,,,,,12839,"After repeated use under comparable conditions, outside my normal routine, the drainage motor has turned into a recurring problem. The rinse program tells a different story because it is neither impressive nor bad.",negative,negative,0.9019242525100708,True,washing_machine,washing_machine,0.9983079433441162,True,technical,0,0,0,0,medium,1,1,context_component,,,,
prediction_record,20260818T204035Z_github-32183473018,0,incoming,,,,,,,,,12840,"i did not pay much attention to the wireless connection at first, but after coming back to it after a few days it keeps getting in the way. i am considering a replacement. i am tired of this crap.",negative,negative,0.9999860525131226,True,television,television,0.6789836287498474,True,informal,1,0,0,0,long,0,0,attention,,,,
prediction_record,20260818T204035Z_github-32183473018,0,incoming,,,,,,,,,12841,"After changing a few settings, the wash drum breaks down when conditions change. I am considering a replacement.",negative,negative,0.9945092797279358,True,washing_machine,washing_machine,0.9961833357810974,True,standard,0,0,0,0,medium,0,1,context_component,,,,
prediction_record,20260818T204035Z_github-32183473018,0,incoming,,,,,,,,,12842,the wash drum is what stood out after coming to it after a few days; it has stayed dependable. a second check gave me the same result. overall i am happy with it.,positive,negative,0.8127048015594482,False,washing_machine,washing_machine,0.9996145963668823,True,limited,0,0,0,0,medium,0,0,stood_out,,,,
prediction_record,20260818T204035Z_github-32183473018,0,incoming,,,,,,,,,12843,"after coming back to it after a few days, i noticed that the built-in uadio on this video panel does the job. a second check gave me the same result.",neutral,negative,0.5303252339363098,False,television,washing_machine,0.9019171595573425,False,informal,0,0,1,0,medium,0,0,noticed,,,,
prediction_record,20260818T204035Z_github-32183473018,0,incoming,,,,,,,,,12844,"tbh, i did not pay much attention to the video input at first, but after a few weeks of mixed use it has not changed my opinion much. the difference became clearer after a few more days. i would neither recommend it nor warn people away.",neutral,neutral,0.9969573020935059,True,television,television,0.9996541738510132,True,informal,0,0,0,1,long,0,0,attention,,,,
prediction_record,20260818T204035Z_github-32183473018,0,incoming,,,,,,,,,12845,"i did not pay much attention to the compressor fan at first, but after changing a few settings it works well even outside my usual routine. someone else in house noticed it too. for my use case, this is a keeper. i expected crap here, but it has actually held up.",positive,positive,0.9998212456703186,True,refrigerator,refrigerator,0.9987035989761353,True,limited,1,0,0,0,long,0,0,attention,,,,
prediction_record,20260818T204035Z_github-32183473018,0,incoming,,,,,,,,,12846,"Across repeated observations, i did not pay much attention to the apps at first, but after changing a few settings it breaks down when conditions change. I would hesitate to buy it again.",negative,negative,0.9901171326637268,True,smartphone,television,0.9996387958526611,False,technical,0,0,0,0,medium,0,0,attention,,,,
prediction_record,20260818T204035Z_github-32183473018,0,incoming,,,,,,,,,12847,my main impression of this wash unit comes from the soap tray: it is neither impressive nor bad during a heavier-than-usual day. i noticed the change only in the new situation.,neutral,neutral,0.9998231530189514,True,washing_machine,refrigerator,0.982509970664978,False,informal,0,0,0,0,medium,0,0,main_impression,,,,
prediction_record,20260818T204035Z_github-32183473018,0,incoming,,,,,,,,,12848,The cooling motor is what stood out during a heavier-than-usual day; it has not given me trouble. I noticed the change only in the new situation.,positive,negative,0.9876559972763062,False,refrigerator,refrigerator,0.9975607395172119,True,advanced,0,0,0,0,medium,0,0,stood_out,,,,
prediction_record,20260818T204035Z_github-32183473018,0,incoming,,,,,,,,,12849,"I have been using this mobile during a heavier-than-usual day, and the batery life works normally. I tried the same thing again later and got a similar result.",neutral,neutral,0.8654950261116028,True,smartphone,refrigerator,0.9984005093574524,False,advanced,0,0,1,0,medium,0,0,using,,,,
prediction_record,20260818T204035Z_github-32183473018,0,incoming,,,,,,,,,12850,"Under a representative operating profile, after using it for work and at home, I noticed that the apps on this daily driver feels ordinary after more use. I can live with it.",neutral,neutral,0.9996041655540466,True,smartphone,washing_machine,0.999024510383606,False,technical,0,0,0,0,medium,0,0,noticed,,,,
prediction_record,20260818T204035Z_github-32183473018,0,incoming,,,,,,,,,12851,the soap tray is what stood out when someone else in the house used it; it fails in normal use. i am considering a replacement.,negative,negative,0.9999172687530518,True,washing_machine,refrigerator,0.954440176486969,False,informal,0,0,0,0,medium,0,0,stood_out,,,,
prediction_record,20260818T204035Z_github-32183473018,0,incoming,,,,,,,,,12852,"ngl, the wireless connection is what stood out after useing it for work and at home; it remains basically avreage. I tried the same thing again later and got a similar result. I would neither recommend it nor warn people away. The damn thing is basically fine. Honestly 😐",neutral,neutral,0.9999512434005737,True,television,refrigerator,0.9845712184906006,False,advanced,1,1,1,1,long,0,1,stood_out,,,,
prediction_record,20260818T204035Z_github-32183473018,0,incoming,,,,,,,,,12853,"The compressor fan is what sotod out after changing a few settings; it is neither impressive nor bad. Honestly, the damn thing is just average.",neutral,neutral,0.9999262094497681,True,refrigerator,refrigerator,0.9986416697502136,True,standard,1,0,1,0,medium,0,0,context_component,,,,
prediction_record,20260818T204035Z_github-32183473018,0,incoming,,,,,,,,,12854,"Across repeated observations, tbh, after coming back to it after a few days, I noticed that the spin program on this laundry unit feels dependable in daily use. the behavior persisted across several attempts.",positive,neutral,0.6589178442955017,False,washing_machine,washing_machine,0.8779793381690979,True,technical,0,0,0,1,long,0,0,noticed,,,,
prediction_record,20260818T204035Z_github-32183473018,0,incoming,,,,,,,,,12855,"I have been using this new washer after coming back to it after a few days, and the soap tray is acceptable but unremarkable.",neutral,neutral,0.9134597778320312,True,washing_machine,washing_machine,0.803002655506134,True,standard,0,0,0,0,medium,0,0,using,,,,
prediction_record,20260818T204035Z_github-32183473018,0,incoming,,,,,,,,,12856,"i have been useing this cold-storage unit during a heavier-than-usual day, and the compressor fan has been a disappointment. the behavior persisted across several attempts. the inside lighting tells a different story because it works normally.",negative,negative,0.9997583031654358,True,refrigerator,refrigerator,0.9987037181854248,True,informal,0,0,1,0,long,1,1,context_component,,,,
prediction_record,20260818T204035Z_github-32183473018,0,incoming,,,,,,,,,12857,"After repeated use under comparable conditions, my main impression of this living room display comes from the panel lighting: it feels ordinary after more use when someone else in the house used it. I tried the same thing again later and got a similar result. 🔥",neutral,neutral,0.9999103546142578,True,television,television,0.999657154083252,True,technical,0,1,0,0,long,0,1,main_impression,,,,
prediction_record,20260818T204035Z_github-32183473018,0,incoming,,,,,,,,,12858,"From a practical reliability standpoint, i have been using this television set after using it for work and at home, and the controller still performs consistently. someone else in the house noticed it too. Damn, I did not expect this part to be this solid.",positive,positive,0.9998906850814819,True,television,television,0.9996305704116821,True,technical,1,0,0,0,long,0,1,using,,,,
prediction_record,20260818T204035Z_github-32183473018,0,incoming,,,,,,,,,12859,"i have been using this wash unit after changing a few settings, and the rinse program keeps acting up. second check gave me the same result. i am considering a replacement. 😂",negative,negative,0.9998944997787476,True,washing_machine,washing_machine,0.9643735289573669,True,limited,0,1,0,0,medium,0,0,using,,,,
prediction_record,20260818T204035Z_github-32183473018,0,incoming,,,,,,,,,12860,my main impression of this pocket device comes from the call quality: it has been a disappointment after coming back to it after a few days.,negative,negative,0.9132686257362366,True,smartphone,smartphone,0.9995597004890442,True,informal,0,0,0,0,medium,0,0,main_impression,,,,
prediction_record,20260818T204035Z_github-32183473018,0,incoming,,,,,,,,,12861,My main impression of this cold-storage unit comes from the freezer compartment: it has not changed my opinion much during a heavier-than-usual day. a second check gave me the same result. I would neither recommend it nor warn people away.,neutral,negative,0.9999183416366577,False,refrigerator,refrigerator,0.998553454875946,True,standard,0,0,0,0,long,0,0,main_impression,,,,
prediction_record,20260818T204035Z_github-32183473018,0,incoming,,,,,,,,,12862,"Outside my normal routine, I noticed that the streaming menu on this living room display remains basically average. someone else in the house noticed it too. I would neither recommend it nor warn people away.",neutral,neutral,0.9999582767486572,True,television,television,0.9996562004089355,True,standard,0,0,0,0,long,0,1,noticed,,,,
prediction_record,20260818T204035Z_github-32183473018,0,incoming,,,,,,,,,12863,"Under ordinary operating conditions, after coming back to it after a few days, I noticed that the rear camera on this work phone keeps actign up. a second check gave me the same result. This is damn annoying. Honestly 😅",negative,negative,0.9999417066574097,True,smartphone,smartphone,0.999651312828064,True,technical,1,1,1,0,long,0,0,noticed,,,,
prediction_record,20260818T204035Z_github-32183473018,0,incoming,,,,,,,,,12864,The picture quality is what stood out after using it for work and at home; it keeps getting in the way. I tried the same thing again later and got a similar result. I am tired of this crap.,negative,negative,0.9999815225601196,True,television,television,0.7433478236198425,True,advanced,1,0,0,0,long,0,0,stood_out,,,,
prediction_record,20260818T204035Z_github-32183473018,0,incoming,,,,,,,,,12865,"imo, i have been using this main fridge after a few weeks of mixed use, and the cooling motor has stayed dependable. I plan to keep using it.",positive,positive,0.9775606393814087,True,refrigerator,refrigerator,0.9278753995895386,True,standard,0,0,0,1,medium,0,0,using,,,,
prediction_record,20260818T204035Z_github-32183473018,0,incoming,,,,,,,,,12866,"tbh, after coming back to it after a few days, the earpiece has not given me trouble. damn, i not expect this part to be this solid.",positive,negative,0.9995875954627991,False,smartphone,refrigerator,0.8515445590019226,False,limited,1,0,0,1,medium,0,0,context_component,,,,
prediction_record,20260818T204035Z_github-32183473018,0,incoming,,,,,,,,,12867,"after using it for work and at home, the compressor fan is fine for what it is. honestly, the damn thing is just average.",neutral,neutral,0.9999535083770752,True,refrigerator,refrigerator,0.9982563853263855,True,informal,1,0,0,0,medium,0,0,context_component,,,,
prediction_record,20260818T204035Z_github-32183473018,0,incoming,,,,,,,,,12868,"after a few weeks of mixed use, i noticed that the compressor fan on this main fridge has become increasingly unreliable. i repeated the check before writing this.",negative,negative,0.9998183846473694,True,refrigerator,refrigerator,0.997327446937561,True,informal,0,0,0,0,medium,0,0,noticed,,,,
prediction_record,20260818T204035Z_github-32183473018,0,incoming,,,,,,,,,12869,the door latch is what stood out outside my normal routine; it feels ordinary after more use. the behavior persisted across several attempts.,neutral,neutral,0.9945454597473145,True,washing_machine,refrigerator,0.8687961101531982,False,informal,0,0,0,0,medium,0,0,stood_out,,,,
prediction_record,20260818T204035Z_github-32183473018,0,incoming,,,,,,,,,12870,"Under a representative operating profile, i have been using this daily driver when someone else in the house used it, and the fingerprint reader feels dependable in daily use. the difference became clearer after a few more days. Damn, I did not expect this part to be this solid. 😅",positive,neutral,0.3795672357082367,False,smartphone,refrigerator,0.9988062381744385,False,technical,1,1,0,0,long,0,0,using,,,,
prediction_record,20260818T204035Z_github-32183473018,0,incoming,,,,,,,,,12871,the network reception is what stood out after coming back to it after a few days; it works normally. a second check gave me the same result.,neutral,negative,0.903331458568573,False,smartphone,smartphone,0.9995959401130676,True,informal,0,0,0,0,medium,0,0,stood_out,,,,
prediction_record,20260818T204035Z_github-32183473018,0,incoming,,,,,,,,,12872,"honestly tho, the cooling motor is what stood out after using it for work and at home; it continues to work without drama. this was different from my first impression. that said, the thermostat has become increasingly unreliable, so the experience is not completely one-sided.",positive,negative,0.9999345541000366,False,refrigerator,refrigerator,0.9988093376159668,True,informal,0,0,0,1,long,1,1,stood_out,,,,
prediction_record,20260818T204035Z_github-32183473018,0,incoming,,,,,,,,,12873,"I did not pay much attention to the picture quailty at first, but after taking it on a trip it has stayed dependable. I tried the same thing again later and got a similar result. I expectde some crap here, but it has actually held up.",positive,positive,0.7037202715873718,True,television,refrigerator,0.4518514573574066,False,advanced,1,0,1,0,long,0,0,attention,,,,
prediction_record,20260818T204035Z_github-32183473018,0,incoming,,,,,,,,,12874,"The wireless connection is what stood out after using it for work and at home; it keeps acting up. a second check gave me the same result. On the other hand, the controller feels ordinary after more use, which makes the overall picture more mixed.",negative,negative,0.9999029636383057,True,television,refrigerator,0.9983354210853577,False,standard,0,0,0,0,long,1,0,stood_out,,,,
prediction_record,20260818T204035Z_github-32183473018,0,incoming,,,,,,,,,12875,"tbh, i did not pay much attention to the system at first, but when someone else in the house used it it feels dependable in daily use. this was different from my first impression. i have stopped worrying about this part of the product. i expected some crap here, but it has actually held up. 💀",positive,positive,0.9998441934585571,True,refrigerator,television,0.9996565580368042,False,limited,1,1,0,1,long,0,0,attention,,,,
prediction_record,20260818T204035Z_github-32183473018,0,incoming,,,,,,,,,12876,the cooling motro is what stood out outside my normal routine; it remains basically average. the behavior persisted across several attempts.,neutral,neutral,0.998976469039917,True,refrigerator,refrigerator,0.9964382648468018,True,informal,0,0,1,0,medium,0,1,stood_out,,,,
prediction_record,20260818T204035Z_github-32183473018,0,incoming,,,,,,,,,12877,"After repeated use under comparable conditions, when someone else in the house used it, I noticed that the sports motion on this video panel is difficult to trust. the difference became clearer after a few more days. I am considering a replacement.",negative,negative,0.9995766282081604,True,television,television,0.9996640682220459,True,technical,0,0,0,0,long,0,0,noticed,,,,
prediction_record,20260818T204035Z_github-32183473018,0,incoming,,,,,,,,,12878,"ngl, i have been using this bedroom TV outside my normal routine, and the panel lightnig holds up better than expected. I tried the same thing again later and got a similar result. I plan to keep using it. Honestly 💀",positive,positive,0.9998002648353577,True,television,television,0.9996495246887207,True,standard,0,1,1,1,long,0,1,using,,,,
prediction_record,20260818T204035Z_github-32183473018,0,incoming,,,,,,,,,12879,"I did not pay much attention to the picture quality at first, but during a heavier-than-usual day it has become increasingly unreliable. I tried the same thing again later and got a similar result. This shit should not be happening in normal use.",negative,negative,0.9999891519546509,True,television,smartphone,0.6069139838218689,False,standard,1,0,0,0,long,0,0,attention,,,,
prediction_record,20260818T204035Z_github-32183473018,0,incoming,,,,,,,,,12880,"After taking it on a trip, the ice system remains basically average. the difference became clearer after a few more days. It is not amazing, but it is not bullshit either. Honestly 😂",neutral,neutral,0.9999364614486694,True,refrigerator,washing_machine,0.9996121525764465,False,advanced,1,1,0,0,medium,0,0,context_component,,,,
prediction_record,20260818T204035Z_github-32183473018,0,incoming,,,,,,,,,12881,"real talk, during a heavier-than-usual day, I noticed that the touch panel on this work phone is fine for what it is. someone else in the house noticed it too.",neutral,neutral,0.9957463145256042,True,smartphone,smartphone,0.9994742274284363,True,advanced,0,0,0,1,medium,0,0,noticed,,,,
prediction_record,20260818T204035Z_github-32183473018,0,incoming,,,,,,,,,12882,"honestly tho, my main impression of this cold-storage unit comes from the ice system: it does the job when someone else in the house used it. this was different from my first impression. the damn thing is basically fine.",neutral,neutral,0.9999479055404663,True,refrigerator,washing_machine,0.9996321201324463,False,limited,1,0,0,1,long,0,1,main_impression,,,,
prediction_record,20260818T204035Z_github-32183473018,0,incoming,,,,,,,,,12883,"lowkey, the cooling motor is what stood out during a heavier-than-usual day; it is fine for what it is. the behavior persisted across several attempts. there is not much else to say. It is not amazing, but it is not bullshit either.",neutral,neutral,0.9999605417251587,True,refrigerator,refrigerator,0.9985924363136292,True,advanced,1,0,0,1,long,0,1,stood_out,,,,
prediction_record,20260818T204035Z_github-32183473018,0,incoming,,,,,,,,,12884,"After using it for work and at home, the freezer compartment has not given me trouble. overall I am happy with it.",positive,negative,0.5736098289489746,False,refrigerator,refrigerator,0.9937897324562073,True,standard,0,0,0,0,medium,0,1,context_component,,,,
prediction_record,20260818T204035Z_github-32183473018,0,incoming,,,,,,,,,12885,My main impression of this kitchen fridge comes from the ice system: it holds up better than expected after using it for work and at home. someone else in the house noticed it too. I plan to keep using it.,positive,positive,0.9998339414596558,True,refrigerator,washing_machine,0.999586284160614,False,standard,0,0,0,0,long,0,0,main_impression,,,,
prediction_record,20260818T204035Z_github-32183473018,0,incoming,,,,,,,,,12886,"Under ordinary operating conditions, my main impression of this work phone comes from the apps: it has stayed dependable after coming back to it after a few days. overall I am happy with it. That said, the network reception feels ordinary after more use, so the experience is not completely one-sided.",positive,negative,0.9981971383094788,False,smartphone,smartphone,0.9996309280395508,True,technical,0,0,0,0,long,1,0,main_impression,,,,
prediction_record,20260818T204035Z_github-32183473018,0,incoming,,,,,,,,,12887,"not gonna lie, i did not pay much attention to the gasket at first, but when someone else in the house used it it works normally. i would neither recommend it nor warn people away.",neutral,neutral,0.9992769360542297,True,refrigerator,refrigerator,0.9638479948043823,True,limited,0,0,0,1,long,0,0,attention,,,,
prediction_record,20260818T204035Z_github-32183473018,0,incoming,,,,,,,,,12888,"i did not pay much attention to the lighting at first, but after a few weeks of mixed use it has been a pleasant surprise. i expected some crap here, it has actually held up.",positive,positive,0.9975747466087341,True,television,washing_machine,0.4203774333000183,False,limited,1,0,0,0,long,0,0,attention,,,,
prediction_record,20260818T204035Z_github-32183473018,0,incoming,,,,,,,,,12889,"after using it for work and at home, i noticed that the thermostat on this refrigeration unit has turned into a recurring problem. i repeated the check before writing this. i am tired of this crap.",negative,negative,0.9972476363182068,True,refrigerator,washing_machine,0.5510945916175842,False,limited,1,0,0,0,long,0,0,noticed,,,,
prediction_record,20260818T204035Z_github-32183473018,0,incoming,,,,,,,,,12890,"after useing it for work and at home, i noticed that the inside lighting on main fridge fails in normal use. the behavior persisted across several attempts.",negative,negative,0.993543267250061,True,refrigerator,refrigerator,0.9425447583198547,True,limited,0,0,1,0,medium,0,0,noticed,,,,
prediction_record,20260818T204035Z_github-32183473018,0,incoming,,,,,,,,,12891,"After a few weeks of imxed use, the soap tray keeps acting up. this was diferent from my first impression. I am considering a replacement. That said, the cycle controls is fine for what it is, so the experience is not completely one-sided. 😅",negative,negative,0.9999791383743286,True,washing_machine,washing_machine,0.5654457211494446,True,standard,0,1,1,0,long,1,0,context_component,,,,
prediction_record,20260818T204035Z_github-32183473018,0,incoming,,,,,,,,,12892,my main impression of this new washer comes from the cycle controls: it works well even outside my usual routine after a few weeks of mixed use. this was different from my first impression.,positive,positive,0.9845845103263855,True,washing_machine,washing_machine,0.9996273517608643,True,informal,0,0,0,0,long,0,0,main_impression,,,,
prediction_record,20260818T204035Z_github-32183473018,0,incoming,,,,,,,,,12893,"imo, i have been using this new washer after changing a few settings, and the rinse program fails in normal use. a second check gave me the same result.",negative,negative,0.9995243549346924,True,washing_machine,washing_machine,0.9985907673835754,True,informal,0,0,0,1,medium,0,0,using,,,,
prediction_record,20260818T204035Z_github-32183473018,0,incoming,,,,,,,,,12894,"From a practical reliability standpoint, the panel lighting is what stood out after using it for work and at home; it has stayed dependable. the behavior persisted across several attempts. I plan to keep using it.",positive,positive,0.9651456475257874,True,television,washing_machine,0.9995779395103455,False,technical,0,0,0,0,long,0,1,stood_out,,,,
prediction_record,20260818T204035Z_github-32183473018,0,incoming,,,,,,,,,12895,"After repeated use under comparable conditions, i have been using this video paenl outside my normal routine, and the video input has not given me trouble. I noticed the change only in the new situation. No bullshit, this has been one of the better parts of the product.",positive,positive,0.9992795586585999,True,television,television,0.9995737671852112,True,technical,1,0,1,0,long,0,0,using,,,,
prediction_record,20260818T204035Z_github-32183473018,0,incoming,,,,,,,,,12896,"real talk, after taknig it on a trip, i noticed that the call quality on this cell phone has been a pleasant surprise. the difference became clearer after a few more days. damn, i did not expect this part to be this solid.",positive,negative,0.8104682564735413,False,smartphone,smartphone,0.9995830655097961,True,limited,1,0,1,1,long,0,0,noticed,,,,
prediction_record,20260818T204035Z_github-32183473018,0,incoming,,,,,,,,,12897,"i did not pay much attention to the built-in audio at first, but after coming back to it after a few days it has not changed my opinion much. i repeated the check before writing this.",neutral,negative,0.9802872538566589,False,television,refrigerator,0.9740065336227417,False,informal,0,0,0,0,long,0,0,attention,,,,
prediction_record,20260818T204035Z_github-32183473018,0,incoming,,,,,,,,,12898,My main impression of this refrigeration unit comes from the thermostat: it feels dependable in daily use outside my normal routine. 🔥,positive,negative,0.7644931674003601,False,refrigerator,refrigerator,0.9775574207305908,True,advanced,0,1,0,0,medium,0,0,main_impression,,,,
prediction_record,20260818T204035Z_github-32183473018,0,incoming,,,,,,,,,12899,"i have been using living room display after using it for work and at home, and the controller feels ordinary after more use. the damn thing is basically fine.",neutral,neutral,0.999914288520813,True,television,television,0.9996658563613892,True,limited,1,0,0,0,medium,0,0,context_component,,,,
prediction_record,20260818T204035Z_github-32183473018,0,incoming,,,,,,,,,12900,the cooling motor is what stood out after using for work and at home; it has stayed dependable. i repeated the check before writing this. i plan to keep using it.,positive,positive,0.9689415693283081,True,refrigerator,refrigerator,0.9977587461471558,True,limited,0,0,0,0,medium,0,0,stood_out,,,,
prediction_record,20260818T204035Z_github-32183473018,0,incoming,,,,,,,,,12901,"my main impression of this wash unit comes from the door latch: it feels dependable in daily use after coming back to it after a few days. i tried the same thing again later and got a similar result. i would buy it again. damn, i did not expect this part to be this solid.",positive,negative,0.9999439716339111,False,washing_machine,refrigerator,0.9978395700454712,False,limited,1,0,0,0,long,0,1,main_impression,,,,
prediction_record,20260818T204035Z_github-32183473018,0,incoming,,,,,,,,,12902,"I did not pay much attention to the compressor fan at first, but outside my normal routine it keeps getting in the way.",negative,negative,0.9941654205322266,True,refrigerator,refrigerator,0.9974019527435303,True,advanced,0,0,0,0,medium,0,1,attention,,,,
prediction_record,20260818T204035Z_github-32183473018,0,incoming,,,,,,,,,12903,"honestly tho, i have been using this refrigeration unit after using it for work and at home, and the door warning has stayed dependable.",positive,neutral,0.6403447985649109,False,refrigerator,refrigerator,0.6373200416564941,True,informal,0,0,0,1,medium,0,0,using,,,,
prediction_record,20260818T204035Z_github-32183473018,0,incoming,,,,,,,,,12904,"imo, the call quality is what stood out outside my normal routine; it keeps getting in the way. the difference became clearer after a few more days. this needs to improve.",negative,negative,0.9999825954437256,True,smartphone,refrigerator,0.8324259519577026,False,standard,0,0,0,1,medium,0,0,stood_out,,,,
prediction_record,20260818T204035Z_github-32183473018,0,incoming,,,,,,,,,12905,"From a practical reliability standpoint, i have been using this pocket device when someone else in the house used it, and the battery life has become increasingly unreliable. this was diferent from my first impression. I am already looking at alternatives.",negative,negative,0.9999871253967285,True,smartphone,smartphone,0.9996446371078491,True,technical,0,0,1,0,long,0,0,using,,,,
prediction_record,20260818T204035Z_github-32183473018,0,incoming,,,,,,,,,12906,"i have been using this new refrigerator after changing a few settings, and the ice system continues to work without drama. i tried the same again later and got a similar result.",positive,neutral,0.7704131603240967,False,refrigerator,washing_machine,0.9992967844009399,False,limited,0,0,0,0,medium,0,1,using,,,,
prediction_record,20260818T204035Z_github-32183473018,0,incoming,,,,,,,,,12907,"not gonna lie, after a few weeks of mixed use, i noticed that the fill valve this new washer holds up better than expected. someone else in the house noticed it too.",positive,positive,0.9971381425857544,True,washing_machine,washing_machine,0.9279680848121643,True,limited,0,0,0,1,medium,0,0,noticed,,,,
prediction_record,20260818T204035Z_github-32183473018,0,incoming,,,,,,,,,12908,"outside my normal routine, i that the thermostat on new refrigerator works well even outside my usual routine. Honestly 🤷",positive,positive,0.9668358564376831,True,refrigerator,refrigerator,0.9107542037963867,True,limited,0,1,0,0,medium,0,1,context_component,,,,
prediction_record,20260818T204035Z_github-32183473018,0,incoming,,,,,,,,,12909,the call quality is what out when someone else in the used it; it has been a pleasant surprise. i plan to keep using it.,positive,positive,0.9946915507316589,True,smartphone,refrigerator,0.9712312817573547,False,limited,0,0,0,0,medium,0,0,context_component,,,,
prediction_record,20260818T204035Z_github-32183473018,0,incoming,,,,,,,,,12910,"i have been using this new refrigerator after coming back to it after a few days, and the shelf layout has become increasingly this was different from my first impression. i am looking at alternatives.",negative,negative,0.9999618530273438,True,refrigerator,refrigerator,0.9983662962913513,True,limited,0,0,0,0,long,0,0,using,,,,
prediction_record,20260818T204035Z_github-32183473018,0,incoming,,,,,,,,,12911,The cooling motor is what stood out during a heavier-than-usual day; it has stayed dependable. I tried the same thing again later and got a similar result. Honestly 🔥,positive,negative,0.5743480324745178,False,refrigerator,refrigerator,0.998066246509552,True,advanced,0,1,0,0,medium,0,0,stood_out,,,,
prediction_record,20260818T204035Z_github-32183473018,0,incoming,,,,,,,,,12912,"When someone else in the house used it, I notiecd that the built-in audio on this television set keeps acting up. I tried the same thing again later and got a similar result.",negative,negative,0.9999467134475708,True,television,washing_machine,0.9846514463424683,False,standard,0,0,1,0,medium,0,1,context_component,,,,
prediction_record,20260818T204035Z_github-32183473018,0,incoming,,,,,,,,,12913,"ngl, the apps is what stood out after a few weeks of mixed use; it falis in routine use. I noticed the change only in the new situation. I am tired of this crap.",negative,negative,0.9999295473098755,True,smartphone,television,0.9996498823165894,False,advanced,1,0,1,1,long,0,1,stood_out,,,,
prediction_record,20260818T204035Z_github-32183473018,0,incoming,,,,,,,,,12914,"tbh, during a heavier-than-usual day, noticed that the compressor fan on this new refrigerator the job. the behavior persisted across several attempts. i do not feel strongly either way. 🙃",neutral,neutral,0.990898072719574,True,refrigerator,refrigerator,0.9987527132034302,True,limited,0,1,0,1,medium,0,1,context_component,,,,
prediction_record,20260818T204035Z_github-32183473018,0,incoming,,,,,,,,,12915,"honestly tho, my main impressoin of this screen unit comes from the streaming menu: it breaks down when conditions change after using it for work and at home.",negative,neutral,0.719813346862793,False,television,television,0.999645471572876,True,informal,0,0,1,1,medium,0,0,context_component,,,,
prediction_record,20260818T204035Z_github-32183473018,0,incoming,,,,,,,,,12916,my main impression of this new refrigerator comes from the inside lighting: it feels dependable in daily use after taking it on a trip. this was different from my first impression.,positive,negative,0.9791797995567322,False,refrigerator,refrigerator,0.9985367059707642,True,limited,0,0,0,0,medium,0,1,main_impression,,,,
prediction_record,20260818T204035Z_github-32183473018,0,incoming,,,,,,,,,12917,"Under ordinary operating conditions, after coming back to it after a few days, the panel lighting does the job. I noticed the change only in the new situation.",neutral,neutral,0.9903362989425659,True,television,washing_machine,0.9979392886161804,False,technical,0,0,0,0,medium,0,0,context_component,,,,
prediction_record,20260818T204035Z_github-32183473018,0,incoming,,,,,,,,,12918,"I have been using this new phone outside my nomral routine, and the call quality still performs consistently. a second check gave me the same result.",positive,positive,0.9996826648712158,True,smartphone,smartphone,0.9995779395103455,True,advanced,0,0,1,0,medium,0,0,using,,,,
prediction_record,20260818T204035Z_github-32183473018,0,incoming,,,,,,,,,12919,"tbh, after a few weeks of mixed use, the soap tray is fine for what it is. someone else in the house noticed it too. There is no major crap to complain about here.",neutral,neutral,0.9999547004699707,True,washing_machine,washing_machine,0.5536007285118103,True,advanced,1,0,0,1,long,0,1,context_component,,,,
prediction_record,20260818T204035Z_github-32183473018,0,incoming,,,,,,,,,12920,the panel ilghting is what stood out after coming back to it after a few days; it feels dependable in daily use. a second check gave me the same result. i would buy it again.,positive,negative,0.9942647814750671,False,television,washing_machine,0.9995362758636475,False,informal,0,0,1,0,long,0,0,stood_out,,,,
prediction_record,20260818T204035Z_github-32183473018,0,incoming,,,,,,,,,12921,"ngl, when someone else in the house used it, the cycle controls has turned into a recurring problem. the behavior persisted across several attempts. I would hesitate to buy it again.",negative,negative,0.9997319579124451,True,washing_machine,washing_machine,0.8575336933135986,True,standard,0,0,0,1,medium,0,0,context_component,,,,
prediction_record,20260818T204035Z_github-32183473018,0,incoming,,,,,,,,,12922,"after coming back it after a few days, the cycle controls feels ordinary after more use. i noticed the change only in the new situation. i do not feel strongly either way.",neutral,neutral,0.9999336004257202,True,washing_machine,washing_machine,0.3943946361541748,True,limited,0,0,0,0,medium,0,0,context_component,,,,
prediction_record,20260818T204035Z_github-32183473018,0,incoming,,,,,,,,,12923,"honestly tho, during a heavier-than-usual day, the drainage motor has become increasingly unreliable. I repeated the check before writing this. this needs to improve.",negative,negative,0.999976396560669,True,washing_machine,refrigerator,0.8575456738471985,False,advanced,0,0,0,1,medium,0,0,context_component,,,,
prediction_record,20260818T204035Z_github-32183473018,0,incoming,,,,,,,,,12924,the compressor fan is what stood out during a heavier-than-usual day; it has not given me trouble. a second check gave me the same result. i would buy it again.,positive,negative,0.9998959302902222,False,refrigerator,refrigerator,0.9984293580055237,True,informal,0,0,0,0,medium,0,0,stood_out,,,,
prediction_record,20260818T204035Z_github-32183473018,0,incoming,,,,,,,,,12925,"after changing a few settings, i noticed the video input on this bedroom tv keeps acting up. someone else in the house noticed it too. i am tired of this crap.",negative,negative,0.9999561309814453,True,television,television,0.9996438026428223,True,limited,1,0,0,0,medium,0,1,context_component,,,,
prediction_record,20260818T204035Z_github-32183473018,0,incoming,,,,,,,,,12926,"real talk, after taking it on a trip, the fingerprint reader remains basically the damn thing is basically fine. 😐",neutral,neutral,0.9987448453903198,True,smartphone,refrigerator,0.9597817659378052,False,limited,1,1,1,1,medium,0,1,context_component,,,,
prediction_record,20260818T204035Z_github-32183473018,0,incoming,,,,,,,,,12927,"when someone else in the house used it, the spin program has stayed dependable.",positive,negative,0.8220292329788208,False,washing_machine,washing_machine,0.5088523626327515,True,limited,0,0,0,0,medium,0,0,context_component,,,,
prediction_record,20260818T204035Z_github-32183473018,0,incoming,,,,,,,,,12928,"after changing a few settings, the thermostat has turned into a recurring problem. i tried the same thing again later and got a similar result.",negative,negative,0.7510492205619812,True,refrigerator,refrigerator,0.7825496792793274,True,limited,0,0,0,0,medium,0,0,context_component,,,,
prediction_record,20260818T204035Z_github-32183473018,0,incoming,,,,,,,,,12929,"After using it for work and at home, the freezer compartment fails in routine use. someone else in the house noticed it too. I am considering a replacement. That said, the ice system still performs consistently, so the experience is not completely one-sided.",negative,negative,0.9999802112579346,True,refrigerator,refrigerator,0.9989274144172668,True,advanced,0,0,0,0,long,1,0,context_component,,,,
prediction_record,20260818T204035Z_github-32183473018,0,incoming,,,,,,,,,12930,"i did not pay much attention to the touch panel at first, but after a few of mixed use it breaks down when conditions change. someone else in the house noticed it too. i am already looking at alternatives.",negative,negative,0.9999454021453857,True,smartphone,washing_machine,0.9996546506881714,False,limited,0,0,0,0,long,0,0,attention,,,,
prediction_record,20260818T204035Z_github-32183473018,0,incoming,,,,,,,,,12931,"I have been using this laundry unit after changing a few settings, and the wash drum keeps getting in the way. the difference became clearer after a few more days.",negative,negative,0.9996373653411865,True,washing_machine,washing_machine,0.9715369939804077,True,standard,0,0,0,0,medium,0,0,using,,,,
prediction_record,20260818T204035Z_github-32183473018,0,incoming,,,,,,,,,12932,"after taking it on a trip, i noticed that the door warning on this new refrigerator remains basically average. the difference became clearer after a few more days.",neutral,neutral,0.9997134804725647,True,refrigerator,refrigerator,0.9946329593658447,True,informal,0,0,0,0,medium,0,0,noticed,,,,
prediction_record,20260818T204035Z_github-32183473018,0,incoming,,,,,,,,,12933,"I did not pay much attention to the sports motion at first, but after using it for work and at home it has become increasingly unreliable. a second check gave me the same result.",negative,negative,0.9996802806854248,True,television,television,0.9996172189712524,True,standard,0,0,0,0,long,0,0,attention,,,,
prediction_record,20260818T204035Z_github-32183473018,0,incoming,,,,,,,,,12934,"not gonna lie, after a few weeks of mixed use, i noticed that the interface on this tv set has given me trouble. i repeated the check before writing this. Honestly 😅",positive,negative,0.9775214195251465,False,television,washing_machine,0.9989404082298279,False,limited,0,1,0,1,medium,0,1,noticed,,,,
prediction_record,20260818T204035Z_github-32183473018,0,incoming,,,,,,,,,12935,"I have been using this bedroom TV after using it for work and at home, and the built-in audio fails in routine use. I tried the same thing again later and got a similar result. I would hesitate to buy it again. for real.",negative,negative,0.9999808073043823,True,television,television,0.9996497631072998,True,advanced,0,0,0,1,long,0,0,using,,,,
prediction_record,20260818T204035Z_github-32183473018,0,incoming,,,,,,,,,12936,"I have been useing this bedroom TV after a few weeks of mixed use, and the sports motion breaks down when conditions change. the behavior persisted across several attempts. I am tired of this crap.",negative,negative,0.9989217519760132,True,television,television,0.9996534585952759,True,standard,1,0,1,0,long,0,1,context_component,,,,
prediction_record,20260818T204035Z_github-32183473018,0,incoming,,,,,,,,,12937,My main impression of this front-loading washer comes from the rinse program: it feels ordinary after more use outside my nomral routine. I do not feel strongly either way. The damn thing is basically fine.,neutral,neutral,0.9999626874923706,True,washing_machine,washing_machine,0.9996482133865356,True,standard,1,0,1,0,long,0,0,main_impression,,,,
prediction_record,20260818T204035Z_github-32183473018,0,incoming,,,,,,,,,12938,"I have been using this new phone during a heavier-than-usual day, and the network reception is fine for what it is. someone else in the house noticed it too.",neutral,neutral,0.9990658164024353,True,smartphone,smartphone,0.9996380805969238,True,advanced,0,0,0,0,medium,0,0,using,,,,
prediction_record,20260818T204035Z_github-32183473018,0,incoming,,,,,,,,,12939,"i did not pay much attention to the picture quality at first, but after using it for and at home it has been a pleasant surprise. it has earned my confidence. the damn thing surprised me in a good way. 🤔",positive,positive,0.9997826218605042,True,television,smartphone,0.47296416759490967,False,limited,1,1,0,0,long,0,0,attention,,,,
prediction_record,20260818T204035Z_github-32183473018,0,incoming,,,,,,,,,12940,"I have been using this cold-storage unit after changing a few settings, and the compressor fan is neither impressive nor bad. I tried the same thing again later and got a similar result. That said, the freezer compartment holds up better than expected, so the experience is not completely one-sided. Honestly, the damn thing is just average.",neutral,neutral,0.9999712705612183,True,refrigerator,refrigerator,0.9987346529960632,True,advanced,1,0,0,0,long,1,1,using,,,,
prediction_record,20260818T204035Z_github-32183473018,0,incoming,,,,,,,,,12941,my main impression of this food cooler comes from the inside lighting: it has stayed dependable during a heavier-than-usual day. this was different from my first impression.,positive,negative,0.9981467723846436,False,refrigerator,refrigerator,0.9903557300567627,True,informal,0,0,0,0,medium,0,0,main_impression,,,,
prediction_record,20260818T204035Z_github-32183473018,0,incoming,,,,,,,,,12942,"I have been using this work phone after a few weeks of mixed use, and the touch panel continues to work without drama. I repeated the check before writing this. I plan to keep using it.",positive,positive,0.9761220216751099,True,smartphone,smartphone,0.9996110796928406,True,advanced,0,0,0,0,long,0,0,using,,,,
prediction_record,20260818T204035Z_github-32183473018,0,incoming,,,,,,,,,12943,"From a practical reliability standpoint, my main impression of this screen unit comes from the controller: it feels dependable in daily use after taking it on a trip. I repeated the check before writing this. No bullshit, this has been one of the better parts of the product.",positive,positive,0.9996073842048645,True,television,television,0.9995802044868469,True,technical,1,0,0,0,long,0,1,main_impression,,,,
prediction_record,20260818T204035Z_github-32183473018,0,incoming,,,,,,,,,12944,"tbh, i did not pay much attention to the fingerprint reader at first, but after coming back to it after a few days it has been a pleasant surprise. this was different from my first impression. i plan to keep using it. damn, i did not expect this part to be this solid.",positive,negative,0.9339349269866943,False,smartphone,refrigerator,0.977020800113678,False,informal,1,0,0,1,long,0,0,attention,,,,
prediction_record,20260818T204035Z_github-32183473018,0,incoming,,,,,,,,,12945,"i did not pay much attention to the touch panel at first, but after using it for work and at home it has become increasingly unreliable. this was different from my first impression. that said, the battery life is acceptable but unremarkable, so the experience is not completely one-sided. i am tired of this crap.",negative,negative,0.9999890327453613,True,smartphone,washing_machine,0.9906730055809021,False,informal,1,0,0,0,long,1,0,attention,,,,
prediction_record,20260818T204035Z_github-32183473018,0,incoming,,,,,,,,,12946,"outside my normal routine, the thermostat keeps acting up. this needs to improve. that said, the gsaket still performs consistently, so the experience is not completely one-sided.",negative,negative,0.9999617338180542,True,refrigerator,refrigerator,0.934996485710144,True,informal,0,0,1,0,medium,1,0,context_component,,,,
prediction_record,20260818T204035Z_github-32183473018,0,incoming,,,,,,,,,12947,My main impression of this cold-storage unit comes from the ice system: it breaks down when conditions change outside my normal routine.,negative,negative,0.8542081713676453,True,refrigerator,washing_machine,0.9281433820724487,False,standard,0,0,0,0,medium,0,1,main_impression,,,,
prediction_record,20260818T204035Z_github-32183473018,0,incoming,,,,,,,,,12948,The freezer compartment is what stood out after taking it on a trip; it is acceptable but unremarkable. the behavior persisted across several attempts. I would neither recommend it nor warn people away. The damn thing is basically fine.,neutral,neutral,0.999966025352478,True,refrigerator,refrigerator,0.9987264275550842,True,standard,1,0,0,0,long,0,0,stood_out,,,,
prediction_record,20260818T204035Z_github-32183473018,0,incoming,,,,,,,,,12949,My main impression of this screen unit comes from the interface: it has stayed dependable after coming back to it after a few days. someone else in the house noticed it too. I have stopped worrying about this part of the product. idk.,positive,negative,0.9998782873153687,False,television,television,0.9996795654296875,True,standard,0,0,0,1,long,0,0,main_impression,,,,
prediction_record,20260818T204035Z_github-32183473018,0,incoming,,,,,,,,,12950,"I have been useing this wash unit after using it for work and at home, and the soap tray has become increasingly unreliable. I noticed the change only in the new situation. this is the part that makes me regret the purchase. I am tired of this crap.",negative,negative,0.9999902248382568,True,washing_machine,refrigerator,0.9894999861717224,False,advanced,1,0,1,0,long,0,0,context_component,,,,
prediction_record,20260818T204035Z_github-32183473018,0,incoming,,,,,,,,,12951,"during a day, the call quality has become increasingly unreliable. the difference became clearer after a few more days.",negative,negative,0.9996888637542725,True,smartphone,refrigerator,0.851017951965332,False,limited,0,0,0,0,medium,0,0,context_component,,,,
prediction_record,20260818T204035Z_github-32183473018,0,incoming,,,,,,,,,12952,My main impression of this refrigeration unit comes from the shelf layout: it has not changed my opinion much when someone else in the house used it. the behavior persisted across several attempts. it is adequate for now.,neutral,negative,0.9797793030738831,False,refrigerator,refrigerator,0.9985692501068115,True,standard,0,0,0,0,long,0,1,main_impression,,,,
prediction_record,20260818T204035Z_github-32183473018,0,incoming,,,,,,,,,12953,"After changing a few settings, I noticed that the picture quality on this screen unit has been a disappointment. a second check gave me the same result. I am already looking at alternatives.",negative,negative,0.9990972280502319,True,television,television,0.999658465385437,True,advanced,0,0,0,0,medium,0,0,noticed,,,,
prediction_record,20260818T204035Z_github-32183473018,0,incoming,,,,,,,,,12954,"After using it for work and at home, I noticed that the touch panel on this mobile remains basically average. I noticed the change only in the new situation.",neutral,neutral,0.9998360872268677,True,smartphone,smartphone,0.3495538830757141,True,standard,0,0,0,0,medium,0,0,noticed,,,,
prediction_record,20260818T204035Z_github-32183473018,0,incoming,,,,,,,,,12955,the freezer is what stood out after changign a few settings; has become increasingly unreliable. this was different from my first impression. kinda wild.,negative,negative,0.9998611211776733,True,refrigerator,refrigerator,0.999064028263092,True,limited,0,0,1,1,medium,0,0,stood_out,,,,
prediction_record,20260818T204035Z_github-32183473018,0,incoming,,,,,,,,,12956,"After repeated use under comparable conditions, i did not pay much attention to the battery life at first, but outside my normal routine it remains basically average. someone else in the house noticed it too. there is not much else to say.",neutral,neutral,0.9999327659606934,True,smartphone,smartphone,0.9995775818824768,True,technical,0,0,0,0,long,0,0,attention,,,,
prediction_record,20260818T204035Z_github-32183473018,0,incoming,,,,,,,,,12957,"Under a representative operating profile, my main impression of this daily driver comes from the earpiece: it has turned into a recurring problem during a heavier-than-usual day. the behavior persisted across several attempts. this needs to improve. That said, the apps is acceptable but unremarkable, so the experience is not completely one-sided. The damn thing keeps getting in the way.",negative,negative,0.99998939037323,True,smartphone,refrigerator,0.9979487061500549,False,technical,1,0,0,0,long,1,0,main_impression,,,,
prediction_record,20260818T204035Z_github-32183473018,0,incoming,,,,,,,,,12958,"The controller is what stood out during a heavier-than-usual day; it continues to work without drama. for my use case, this is a keepre. The damn thing surprised me in a good way.",positive,positive,0.9777316451072693,True,television,refrigerator,0.5749284625053406,False,standard,1,0,1,0,medium,0,0,stood_out,,,,
prediction_record,20260818T204035Z_github-32183473018,0,incoming,,,,,,,,,12959,"From a practical reliability standpoint, my main impression of this new refrigerator comes from the compressor fan: it has not given me trouble after coming back to it after a few days. this was different from my first impression. Damn, I did not expect this part to be this solid.",positive,negative,0.9999480247497559,False,refrigerator,refrigerator,0.9981247782707214,True,technical,1,0,0,0,long,0,0,main_impression,,,,
prediction_record,20260818T204035Z_github-32183473018,0,incoming,,,,,,,,,12960,"i did not pay much attention to the ice system at first, but when someone else in the house used it it has not changed my oipnion much. a second check gave me the same result.",neutral,negative,0.990575909614563,False,refrigerator,television,0.9995962977409363,False,informal,0,0,1,0,long,0,1,attention,,,,
prediction_record,20260818T204035Z_github-32183473018,0,incoming,,,,,,,,,12961,"When someone else in the house used it, the fill valve still performs consistently. someone else in the house noticed it too. That said, the spin program fails in routine use, so the experience is not completely one-sided.",positive,positive,0.9997584223747253,True,washing_machine,refrigerator,0.9983168840408325,False,advanced,0,0,0,0,long,1,1,context_component,,,,
prediction_record,20260818T204035Z_github-32183473018,0,incoming,,,,,,,,,12962,"i did not pay much attention to the earpiece at first, but after coming back to it after a few days it does the job. someone else in the house noticed it too. the damn thing is basically fine.",neutral,neutral,0.9995343685150146,True,smartphone,refrigerator,0.9236263036727905,False,informal,1,0,0,0,long,0,0,attention,,,,
prediction_record,20260818T204035Z_github-32183473018,0,incoming,,,,,,,,,12963,My main impression of this living room display comes from the built-in audio: it has been a pleasant surprise after a few weeks of mixed use. the difference became clearer after a few more days. I would buy it again.,positive,negative,0.9997676014900208,False,television,television,0.9996476173400879,True,advanced,0,0,0,0,long,0,0,main_impression,,,,
prediction_record,20260818T204035Z_github-32183473018,0,incoming,,,,,,,,,12964,"Outside my normal routine, the earpiece fails in normal use. I repeated the check before writing this. I would not rely on it.",negative,negative,0.999962568283081,True,smartphone,refrigerator,0.430183470249176,False,standard,0,0,0,0,medium,0,0,context_component,,,,
prediction_record,20260818T204035Z_github-32183473018,0,incoming,,,,,,,,,12965,"During a heavier-than-usual day, I noticed that the battery life on this cell phone has been a disappointment. a second check gave me the same result. This shit should not be happening in routine use. not great tbh.",negative,negative,0.9999575614929199,True,smartphone,smartphone,0.999618649482727,True,advanced,1,0,0,1,long,0,1,noticed,,,,
prediction_record,20260818T204035Z_github-32183473018,0,incoming,,,,,,,,,12966,"Under a representative operating profile, i have been useing this new refrigerator during a heavier-than-usual day, and the cooling motor has not given me trouble. I have stopped worrying about this part of the product.",positive,positive,0.967129647731781,True,refrigerator,refrigerator,0.9959011673927307,True,technical,0,0,1,0,long,0,0,context_component,,,,
prediction_record,20260818T204035Z_github-32183473018,0,incoming,,,,,,,,,12967,"After changing a few settings, I noticed that the streaming menu on this bedroom TV works normally. someone else in the house noticed it too. my opinion is still basically in the middle.",neutral,neutral,0.7525835633277893,True,television,television,0.9996294975280762,True,standard,0,0,0,0,medium,0,1,noticed,,,,
prediction_record,20260818T204035Z_github-32183473018,0,incoming,,,,,,,,,12968,"When someone else in the house used it, the fingerprint reader has become icnreasingly unreliable. I noticed the change only in the new situation. this needs to improve.",negative,negative,0.9999855756759644,True,smartphone,refrigerator,0.9971795082092285,False,standard,0,0,1,0,medium,0,0,context_component,,,,
prediction_record,20260818T204035Z_github-32183473018,0,incoming,,,,,,,,,12969,my main impression of this food cooler comes from the freezer compartment: it is fine for what it is after coming back to it a few days. i repeated the check bfeore writing this.,neutral,neutral,0.9998493194580078,True,refrigerator,refrigerator,0.9982746839523315,True,limited,0,0,1,0,long,0,0,main_impression,,,,
prediction_record,20260818T204035Z_github-32183473018,0,incoming,,,,,,,,,12970,My main impression of this new refrigerator comes from the thermostat: it remains basically average after changing a few settings. a second check gave me the same result.,neutral,neutral,0.999861478805542,True,refrigerator,refrigerator,0.997654378414154,True,advanced,0,0,0,0,medium,0,0,main_impression,,,,
prediction_record,20260818T204035Z_github-32183473018,0,incoming,,,,,,,,,12971,my main impression of this refrigeration unit comes from the compressor it breaks down when change after coming back to it after a few days.,negative,negative,0.9210078120231628,True,refrigerator,refrigerator,0.9980282187461853,True,limited,0,0,0,0,medium,0,0,main_impression,,,,
prediction_record,20260818T204035Z_github-32183473018,0,incoming,,,,,,,,,12972,"After repeated use under comparable conditions, my main impression of this front-loading washer comes from the drainage motor: it is acceptable but unremarkable after a few weeks of mixed use. a second check gave me the same result.",neutral,neutral,0.849271833896637,True,washing_machine,washing_machine,0.9994950294494629,True,technical,0,0,0,0,long,0,0,main_impression,,,,
prediction_record,20260818T204035Z_github-32183473018,0,incoming,,,,,,,,,12973,"After changing a few settings, the wireless connection works well even outside my usual routine. I noticed the change only in the new situation. it has earned my confidence.",positive,positive,0.9995378255844116,True,television,washing_machine,0.40345123410224915,False,advanced,0,0,0,0,medium,0,0,context_component,,,,
prediction_record,20260818T204035Z_github-32183473018,0,incoming,,,,,,,,,12974,"Under ordinary operating conditions, i did not pay much attention to the shelf layout at first, but after taking it on a trip it does the job. the behavior persisted across several attempts. I would neither recommend it nor warn people away.",neutral,neutral,0.9999418258666992,True,refrigerator,refrigerator,0.38590967655181885,True,technical,0,0,0,0,long,0,0,attention,,,,
prediction_record,20260818T204035Z_github-32183473018,0,incoming,,,,,,,,,12975,"I did not pay much attention to the streaming menu at first, but after useing it for work and at home it has become increasingly unreliable.",negative,negative,0.9824308753013611,True,television,television,0.9996606111526489,True,advanced,0,0,1,0,medium,0,0,attention,,,,
prediction_record,20260818T204035Z_github-32183473018,0,incoming,,,,,,,,,12976,"i have been using this work phone outside my normal routine, and the touch panel feels dependable in daily use. this was different from my first impression.",positive,negative,0.9172740578651428,False,smartphone,smartphone,0.9996089339256287,True,informal,0,0,0,0,medium,0,0,using,,,,
prediction_record,20260818T204035Z_github-32183473018,0,incoming,,,,,,,,,12977,The shelf layout is what stood out after a few weeks of mixed use; it has become increasingly unreliable. I repeated the check ebfore writing this. Honestly 🤔,negative,negative,0.9997835755348206,True,refrigerator,refrigerator,0.6664334535598755,True,advanced,0,1,1,0,medium,0,0,stood_out,,,,
prediction_record,20260818T204035Z_github-32183473018,0,incoming,,,,,,,,,12978,"After using it for work and at home, I noticed that the vibration on this laundry unit works normally. I tried the same thing again later and got a similar result. Honestly, the damn thing is just average. 👍",neutral,neutral,0.9999117851257324,True,washing_machine,smartphone,0.549528956413269,False,standard,1,1,0,0,long,0,1,noticed,,,,
prediction_record,20260818T204035Z_github-32183473018,0,incoming,,,,,,,,,12979,"outside my nomral routine, i noticed that the door warning on this kitchen fridge still performs consistently. someone else in the house noticed it too.",positive,positive,0.9995765089988708,True,refrigerator,refrigerator,0.9954487681388855,True,informal,0,0,1,0,medium,0,0,noticed,,,,
prediction_record,20260818T204035Z_github-32183473018,0,incoming,,,,,,,,,12980,"after coming back to it after a few days, the battery life is fine for what it is. the behavior persisted across several attempts.",neutral,neutral,0.9992350339889526,True,smartphone,smartphone,0.9994637370109558,True,informal,0,0,0,0,medium,0,0,context_component,,,,
prediction_record,20260818T204035Z_github-32183473018,0,incoming,,,,,,,,,12981,My main impression of this kitchen fridge comes from the inside lighting: it has been a pleasant surprise after a few weeks of mixed use. 🔥,positive,negative,0.9014185070991516,False,refrigerator,refrigerator,0.9982410669326782,True,standard,0,1,0,0,medium,0,0,main_impression,,,,
prediction_record,20260818T204035Z_github-32183473018,0,incoming,,,,,,,,,12982,"when someone else in the house used it, i noticed that the controller on this video panel feels ordinary after more use. i noticed the change only in the new situation. 💀",neutral,neutral,0.9970532655715942,True,television,washing_machine,0.9066205024719238,False,limited,0,1,0,0,medium,0,0,noticed,,,,
prediction_record,20260818T204035Z_github-32183473018,0,incoming,,,,,,,,,12983,"I did not pay much attention to the rinse program at first, but after a few weeks of mixed use it breaks down when conditions change. a second check gave me the same result. That said, the spin program has been a pleasant surprise, so the experience is not completely one-sided.",negative,negative,0.9999290704727173,True,washing_machine,washing_machine,0.42039555311203003,True,advanced,0,0,0,0,long,1,0,attention,,,,
prediction_record,20260818T204035Z_github-32183473018,0,incoming,,,,,,,,,12984,"Under a representative operating profile, lowkey, i have been useing this daily driver after changing a few settings, and the rear camera has not changed my opinion much. I tried the same thing again later and got a similar result. 💀",neutral,neutral,0.9453490972518921,True,smartphone,smartphone,0.9995723366737366,True,technical,0,1,1,1,long,0,0,context_component,,,,
prediction_record,20260818T204035Z_github-32183473018,0,incoming,,,,,,,,,12985,"Across repeated observations, my main impression of this television set comes from the controller: it works well even outside my usual routine after coming back to it after a few days. overall I am happy with it.",positive,positive,0.9994602799415588,True,television,television,0.999639630317688,True,technical,0,0,0,0,long,0,0,main_impression,,,,
prediction_record,20260818T204035Z_github-32183473018,0,incoming,,,,,,,,,12986,my main impression of this cell phone comes from the network reception: it continues to work without drama after a few weeks of mixed use. i noticed the change only in the new situatoin.,positive,negative,0.9923093318939209,False,smartphone,smartphone,0.9995898604393005,True,informal,0,0,1,0,long,0,0,main_impression,,,,
prediction_record,20260818T204035Z_github-32183473018,0,incoming,,,,,,,,,12987,"After repeated use under comparable conditions, fr, my main impression of this bedroom TV comes from the interface: it holds up better than expected when someone else in the house used it. The damn thing surprised me in a good way. Honestly 🔥",positive,positive,0.99979168176651,True,television,television,0.9996464252471924,True,technical,1,1,0,1,long,0,0,main_impression,,,,
prediction_record,20260818T204035Z_github-32183473018,0,incoming,,,,,,,,,12988,the gasket is what stood out after useing it for work and at home; it has become increasingly unreliable. i repeated the check before writing this. this is the part that makes me regret the purchase. this shit should be happening in normal use.,negative,negative,0.9999910593032837,True,refrigerator,refrigerator,0.9974185228347778,True,limited,1,0,1,0,long,0,0,stood_out,,,,
prediction_record,20260818T204035Z_github-32183473018,0,incoming,,,,,,,,,12989,"the fill valve is what stood out after using it for work and at home; it feels dependable in daily use. the behavior persisted across several attempts. damn, i did not expect this part to be this solid.",positive,neutral,0.9879341125488281,False,washing_machine,refrigerator,0.9946935772895813,False,informal,1,0,0,0,long,0,0,stood_out,,,,
prediction_record,20260818T204035Z_github-32183473018,0,incoming,,,,,,,,,12990,my main impression of this cell phone comes from the rear camera: it has become increasingly unreliable uotside my normal routine. this is damn annoying.,negative,negative,0.9999707937240601,True,smartphone,smartphone,0.9995692372322083,True,informal,1,0,1,0,medium,0,0,main_impression,,,,
prediction_record,20260818T204035Z_github-32183473018,0,incoming,,,,,,,,,12991,"Across repeated observations, i have been using this cold-storage unit after changing a few settings, and the freezer compartment feels dependable in daily use.",positive,neutral,0.7551208138465881,False,refrigerator,refrigerator,0.5813291668891907,True,technical,0,0,0,0,medium,0,0,using,,,,
prediction_record,20260818T204035Z_github-32183473018,0,incoming,,,,,,,,,12992,"When someone else in the house used it, I noticed that the gasket on this refrigeration unit still performs consistently. I tried the same thing again later and got a similar result. I have stopped worrying about this part of the product. Damn, I did not expect this part to be this solid.",positive,positive,0.9999043941497803,True,refrigerator,refrigerator,0.9973891377449036,True,standard,1,0,0,0,long,0,1,noticed,,,,
prediction_record,20260818T204035Z_github-32183473018,0,incoming,,,,,,,,,12993,"I did not pay much attention to the cooling motor at first, but after using it for work and at home it has turned into a recurring problem. someone else in the house noticed it too.",negative,negative,0.9369233250617981,True,refrigerator,refrigerator,0.9974671602249146,True,advanced,0,0,0,0,long,0,0,attention,,,,
prediction_record,20260818T204035Z_github-32183473018,0,incoming,,,,,,,,,12994,"Outside my normal routine, I noticed that the call quality on this mobile has not given me trouble. I would buy it again.",positive,negative,0.9958842396736145,False,smartphone,smartphone,0.9791188836097717,True,standard,0,0,0,0,medium,0,0,noticed,,,,
prediction_record,20260818T204035Z_github-32183473018,0,incoming,,,,,,,,,12995,"Under a representative operating profile, i have been using this mobile when someone else in the house used it, and the fingerprint reader has been a disappointment. the behavior persisted across sevearl attempts.",negative,negative,0.8597777485847473,True,smartphone,smartphone,0.9995604157447815,True,technical,0,0,1,0,medium,0,0,using,,,,
prediction_record,20260818T204035Z_github-32183473018,0,incoming,,,,,,,,,12996,"real talk, my main impression of this new phone comes from the apps: it continues to work without drama when someone else in the house used it. someone else in the house noticed it too. I plan to keep using it.",positive,negative,0.9990594983100891,False,smartphone,smartphone,0.9996166229248047,True,standard,0,0,0,1,long,0,0,main_impression,,,,
prediction_record,20260818T204035Z_github-32183473018,0,incoming,,,,,,,,,12997,"i have been using this main fridge when someone else in the house used it, and the cooling motor fails in normal use. this was different from my first impression. this needs to improve.",negative,negative,0.9999775886535645,True,refrigerator,refrigerator,0.9986847043037415,True,informal,0,0,0,0,long,0,0,using,,,,
prediction_record,20260818T204035Z_github-32183473018,0,incoming,,,,,,,,,12998,"When someone else in the house used it, I noticed that the USB port on this daily driver has become increasingly unreliable. a second check gave me the same result. That said, the call quality is neither impressive nor bad, so the experience is not completely one-sided. 🤔",negative,negative,0.9999814033508301,True,smartphone,smartphone,0.9996860027313232,True,standard,0,1,0,0,long,1,0,noticed,,,,
prediction_record,20260818T204035Z_github-32183473018,0,incoming,,,,,,,,,12999,"I did not pay much attention to the gasket at first, but after a few weeks of mixed use it has been a disappoitnment. this was different from my first impression.",negative,negative,0.9599660038948059,True,refrigerator,washing_machine,0.41095978021621704,False,advanced,0,0,1,0,medium,0,0,attention,,,,
prediction_record,20260818T204035Z_github-32183473018,0,incoming,,,,,,,,,13000,"tbh, i did not pay much attention to the door latch at first, but after a few weeks of mixed use it has not given me trouble. the difference became clearer after a few more days.",positive,negative,0.9991788268089294,False,washing_machine,refrigerator,0.48387208580970764,False,advanced,0,0,0,1,long,0,1,attention,,,,
prediction_record,20260818T204035Z_github-32183473018,0,incoming,,,,,,,,,13001,the drainage motor is what stood out after using it for work and at home; it holds up better than expected. i repeated the check before writing this. kinda wild.,positive,positive,0.9986388087272644,True,washing_machine,refrigerator,0.527324378490448,False,limited,0,0,0,1,medium,0,0,stood_out,,,,
prediction_record,20260818T204035Z_github-32183473018,0,incoming,,,,,,,,,13002,"i did not pay much attentino to the soap tray at first, but during a heavier-than-usual day it works normally. someone else in the house noticed it too.",neutral,negative,0.9913213849067688,False,washing_machine,refrigerator,0.8217045664787292,False,informal,0,0,1,0,medium,0,1,context_component,,,,
prediction_record,20260818T204035Z_github-32183473018,0,incoming,,,,,,,,,13003,"After repeated use under comparable conditions, after a few weeks of mixed use, the drainage motor feels ordinary after more use. I repeated the check before writing this. my opinion is still basically in the middle. Honestly, the damn thing is just average.",neutral,neutral,0.9999712705612183,True,washing_machine,refrigerator,0.4993053078651428,False,technical,1,0,0,0,long,0,0,context_component,,,,
prediction_record,20260818T204035Z_github-32183473018,0,incoming,,,,,,,,,13004,"When someone else in the house used it, I noticed that the sports motion on this television set is neither impressive nor bad. this was diferent from my first impression.",neutral,neutral,0.9979544878005981,True,television,television,0.9996337890625,True,standard,0,0,1,0,medium,0,0,noticed,,,,
prediction_record,20260818T204035Z_github-32183473018,0,incoming,,,,,,,,,13005,"After changing a few settings, the controller has become increasingly unreliable. I noticed the change only in the new situation.",negative,negative,0.999640941619873,True,television,refrigerator,0.9425721168518066,False,advanced,0,0,0,0,medium,0,1,context_component,,,,
prediction_record,20260818T204035Z_github-32183473018,0,incoming,,,,,,,,,13006,the battery is what stood out after a few weeks of mixed use; it has become increasingly unreliable. the behavior persisted across several attempts.,negative,negative,0.9994920492172241,True,smartphone,smartphone,0.9995869994163513,True,limited,0,0,0,0,medium,0,0,stood_out,,,,
prediction_record,20260818T204035Z_github-32183473018,0,incoming,,,,,,,,,13007,"lowkey, the wash drum is what stood out after taking it on a trip; it is acceptable but unrmearkable. i noticed the change only in the new situation.",neutral,neutral,0.9695968627929688,True,washing_machine,washing_machine,0.9994497895240784,True,informal,0,0,1,1,medium,0,0,stood_out,,,,
prediction_record,20260818T204035Z_github-32183473018,0,incoming,,,,,,,,,13008,The interface is what stood out after coming back to it after a few days; it has been a pleasant surprise. the difference became clearer after a few more days.,positive,negative,0.8647577166557312,False,television,refrigerator,0.9675984382629395,False,standard,0,0,0,0,medium,0,1,stood_out,,,,
prediction_record,20260818T204035Z_github-32183473018,0,incoming,,,,,,,,,13009,"lowkey, my main impression of this food cooler comes from the ice system: it continues to work without drama after coming back to it after a few days. someone else in the house noticed it too. it has earned my confidence.",positive,negative,0.9905253648757935,False,refrigerator,washing_machine,0.9996426105499268,False,informal,0,0,0,1,long,0,0,main_impression,,,,
prediction_record,20260818T204035Z_github-32183473018,0,incoming,,,,,,,,,13010,"i did not pay much attention to the earpiece at first, but outside my normal routine it normally. i repeated the check before writing this.",neutral,negative,0.6387771368026733,False,smartphone,refrigerator,0.34721192717552185,False,limited,0,0,0,0,medium,0,0,attention,,,,
prediction_record,20260818T204035Z_github-32183473018,0,incoming,,,,,,,,,13011,"when someone else in house used it, the built-in audio feels dependable in daily use. i tried the same thing again later and got a similar result.",positive,negative,0.9761644005775452,False,television,refrigerator,0.9980078339576721,False,limited,0,0,0,0,medium,0,0,context_component,,,,
prediction_record,20260818T204035Z_github-32183473018,0,incoming,,,,,,,,,13012,the earpiece is what stood out after taking it on a trip; it has not changed my opinion much. the behavior persisted across several attempts. i don't feel strongly either way.,neutral,neutral,0.9992473125457764,True,smartphone,refrigerator,0.9826052188873291,False,informal,0,0,0,0,medium,0,0,stood_out,,,,
prediction_record,20260818T204035Z_github-32183473018,0,incoming,,,,,,,,,13013,"lowkey, after taking it on a trip, i noticed that the picture quality on this video panel does the job. someone else in the house noticed it too. i would neither recommend it nor warn people away.",neutral,neutral,0.9998775720596313,True,television,washing_machine,0.9981739521026611,False,limited,0,0,0,1,long,0,0,noticed,,,,
prediction_record,20260818T204035Z_github-32183473018,0,incoming,,,,,,,,,13014,"i have been using this new refrigerator after coming back to it after a few days, and the shelf layout does the job. the gasket tells a different story because it up better than expected. 🔥",neutral,neutral,0.9651107788085938,True,refrigerator,refrigerator,0.9964512586593628,True,limited,0,1,0,0,long,1,0,using,,,,
prediction_record,20260818T204035Z_github-32183473018,0,incoming,,,,,,,,,13015,"Under a representative operating profile, i have been using this mobile during a heavier-than-usual day, and the call quality is difficult to trust. the difference became clearer after a few more days. this is the part that makes me regret the purchase.",negative,negative,0.99943608045578,True,smartphone,smartphone,0.9996115565299988,True,technical,0,0,0,0,long,0,0,using,,,,
prediction_record,20260818T204035Z_github-32183473018,0,incoming,,,,,,,,,13016,"I did not pay much attention to the soap tray at first, but after a few weeks of mixed use it has not changed my opinion much. I do not feel strongly either way. It is not amazing, but it is not bullshit either. kinda wild.",neutral,neutral,0.9999337196350098,True,washing_machine,smartphone,0.9978582262992859,False,advanced,1,0,0,1,long,0,0,attention,,,,
prediction_record,20260818T204035Z_github-32183473018,0,incoming,,,,,,,,,13017,"I did not pay much attention to the fill valve at first, but afetr useing it for work and at home it has stayed dependable. someone else in the house noticed it too. On the other hand, the rinse program is acceptable but unremarkable, which makes the on balance picture more mixed. Damn, I did not expect this part to be this solid.",positive,negative,0.99994957447052,False,washing_machine,refrigerator,0.6109683513641357,False,advanced,1,0,1,0,long,1,1,attention,,,,
prediction_record,20260818T204035Z_github-32183473018,0,incoming,,,,,,,,,13018,"From a practical reliability standpoint, i have been using this cell phone after a few weeks of mixed use, and the call qaulity has been a pleasant surprise.",positive,negative,0.7476405501365662,False,smartphone,smartphone,0.9995121955871582,True,technical,0,0,1,0,medium,0,1,using,,,,
prediction_record,20260818T204035Z_github-32183473018,0,incoming,,,,,,,,,13019,"Under a representative operating profile, after a few weeks of mixed use, I noticed that the call quality on this new phone is acceptable but unremarkable. this was different from my first impression. I do not feel strongly either way.",neutral,neutral,0.9481334686279297,True,smartphone,smartphone,0.9996021389961243,True,technical,0,0,0,0,long,0,1,noticed,,,,
prediction_record,20260818T204035Z_github-32183473018,0,incoming,,,,,,,,,13020,"real talk, my main impression of this TV set comes from the controllre: it has not given me trouble after a few weeks of mixed use. I notiecd the change only in the new situation. I have stopped worrying about this part of the product.",positive,negative,0.999900221824646,False,television,television,0.9995821118354797,True,standard,0,0,1,1,long,0,0,main_impression,,,,
prediction_record,20260818T204035Z_github-32183473018,0,incoming,,,,,,,,,13021,"when someone else in the house used it, i noticed that the freezer compartment on this has not changed my opinion much.",neutral,negative,0.7467160820960999,False,refrigerator,refrigerator,0.9913738369941711,True,limited,0,0,0,0,medium,0,0,noticed,,,,
prediction_record,20260818T204035Z_github-32183473018,0,incoming,,,,,,,,,13022,"Under a representative operating profile, i did not pay much attention to the earpiece at first, but during a heavier-than-usual day it has been a pleasant surprise. I noticed the change only in the new situation.",positive,positive,0.7052372097969055,True,smartphone,refrigerator,0.6326602101325989,False,technical,0,0,0,0,long,0,0,attention,,,,
prediction_record,20260818T204035Z_github-32183473018,0,incoming,,,,,,,,,13023,"tbh, my main impression of this living room display comes from the interface: it works well even outside my usual routine after coming back to it after a few days.",positive,positive,0.9729853868484497,True,television,television,0.9996367692947388,True,informal,0,0,0,1,medium,0,0,main_impression,,,,
prediction_record,20260818T204035Z_github-32183473018,0,incoming,,,,,,,,,13024,my main impression of this food cooler comes from the thermostat: it has not changed my opinion much during a heavier-than-usual day. a second check gave me the same result.,neutral,negative,0.9983035326004028,False,refrigerator,refrigerator,0.9967043995857239,True,informal,0,0,0,0,medium,0,0,main_impression,,,,
prediction_record,20260818T204035Z_github-32183473018,0,incoming,,,,,,,,,13025,My main impression of this work phone comes from the USB port: it has been a pleasant surprise when someone else in the house used it.,positive,negative,0.9702364206314087,False,smartphone,smartphone,0.9995999932289124,True,advanced,0,0,0,0,medium,0,0,main_impression,,,,
prediction_record,20260818T204035Z_github-32183473018,0,incoming,,,,,,,,,13026,my main impression of this bedroom tv comes from the controller: it is acceptable but unremarkable after a few weeks of mixed use. a second check gave me the result. i can live with it. 👎,neutral,neutral,0.9937782287597656,True,television,television,0.9996581077575684,True,limited,0,1,0,0,long,0,0,main_impression,,,,
prediction_record,20260818T204035Z_github-32183473018,0,incoming,,,,,,,,,13027,The panel lighting is what stood out after taking it on a trip; it is acceptable but unremarkable. the behavior persisted across several attempts. I would neither recommend it nor warn people away.,neutral,neutral,0.9999185800552368,True,television,washing_machine,0.9995991587638855,False,standard,0,0,0,0,medium,0,0,stood_out,,,,
prediction_record,20260818T204035Z_github-32183473018,0,incoming,,,,,,,,,13028,"after a few weeks of mixed use, the touch panel is difficult to trust. i repeated the check before this. that said, apps works normally, so the experience is not completely one-sided.",negative,negative,0.9992733597755432,True,smartphone,washing_machine,0.9996402263641357,False,limited,0,0,0,0,medium,1,0,context_component,,,,
prediction_record,20260818T204035Z_github-32183473018,0,incoming,,,,,,,,,13029,"i did not pay much attention to the rear camera at first, but after a few weeks of mixed use it is difficult to trust. this was different from my first impression. i am already looking at alternatives.",negative,negative,0.9999175071716309,True,smartphone,smartphone,0.9996442794799805,True,informal,0,0,0,0,long,0,0,attention,,,,
prediction_record,20260818T204035Z_github-32183473018,0,incoming,,,,,,,,,13030,"Outside my normal routine, the vibration keeps getting in the way. this was different from my first impression. I would hesitate to buy it again.",negative,negative,0.9999815225601196,True,washing_machine,refrigerator,0.8293432593345642,False,standard,0,0,0,0,medium,0,0,context_component,,,,
prediction_record,20260818T204035Z_github-32183473018,0,incoming,,,,,,,,,13031,"after changing a few settings, i noticed that the cooling motor on this new refrigerator fails in normal use. the difference became clearer after few more days. this is damn annoying.",negative,negative,0.9999655485153198,True,refrigerator,refrigerator,0.9965541362762451,True,limited,1,0,0,0,medium,0,0,noticed,,,,
prediction_record,20260818T204035Z_github-32183473018,0,incoming,,,,,,,,,13032,"I did not pay much attention to the door latch at first, but after a few weeks of mixed use it has been a disappointment. I repeated the check before writing this. I would not rely on it. On the other hand, the rinse progarm works normally, which makes the overall picture more mixed.",negative,negative,0.9999704360961914,True,washing_machine,washing_machine,0.8056036829948425,True,standard,0,0,1,0,long,1,1,attention,,,,
prediction_record,20260818T204035Z_github-32183473018,0,incoming,,,,,,,,,13033,"Under ordinary operating conditions, fr, my main impression of this clothes washer comes from the drainage motor: it is acceptable but unremarkable when someone else in the house used it. I tried the same thing again later and got a similar result.",neutral,neutral,0.9999090433120728,True,washing_machine,washing_machine,0.3705110251903534,True,technical,0,0,0,1,long,0,1,main_impression,,,,
prediction_record,20260818T204035Z_github-32183473018,0,incoming,,,,,,,,,13034,"After taking it on a trip, I noticed that the compressor fan on this kitchen fridge fails in routine use. I repeated the check before writing this. I would not rely on it. On the other hand, the gasket holds up better than expected, hwich makes the on balance picture more mixed.",negative,negative,0.9999815225601196,True,refrigerator,refrigerator,0.9991104006767273,True,advanced,0,0,1,0,long,1,0,noticed,,,,
prediction_record,20260818T204035Z_github-32183473018,0,incoming,,,,,,,,,13035,"fr, the fill valve is what stood out after changing a few settings; it still performs consistently. someone else in the house noticed it too.",positive,positive,0.999498724937439,True,washing_machine,refrigerator,0.8828755617141724,False,informal,0,0,0,1,medium,0,0,stood_out,,,,
prediction_record,20260818T204035Z_github-32183473018,0,incoming,,,,,,,,,13036,"my main impression of this mobile comes from the fingerprint reader: it has not given me trouble outside normal routine. someone else in the house noticed it too. that said, the rear camera breaks down when conditions change, so the experience is not completely one-sided. 💀",positive,negative,0.9999845027923584,False,smartphone,smartphone,0.9996052384376526,True,limited,0,1,0,0,long,1,0,main_impression,,,,
prediction_record,20260818T204035Z_github-32183473018,0,incoming,,,,,,,,,13037,"i have been using this main fridge when someone else in the house used it, and the thermostat works well even outside my usual routine. the behavior persisted across several attempts.",positive,positive,0.8996161818504333,True,refrigerator,refrigerator,0.9962640404701233,True,limited,0,0,0,0,medium,0,0,using,,,,
prediction_record,20260818T204035Z_github-32183473018,0,incoming,,,,,,,,,13038,"fr, after using it for work and at home, the freezer compartment breaks down when conditions change. i repeated the check before writing this.",negative,neutral,0.6580570340156555,False,refrigerator,refrigerator,0.9863476753234863,True,informal,0,0,0,1,medium,0,0,context_component,,,,
prediction_record,20260818T204035Z_github-32183473018,0,incoming,,,,,,,,,13039,"not gonna lie, i did not pay much attention to the freezer compartment at first, but after coming back to it after a few days it breaks down when conditions change. I repeated the check before writing this. This is damn annoying. 🙂",negative,negative,0.9974837303161621,True,refrigerator,refrigerator,0.9976320266723633,True,advanced,1,1,0,1,long,0,0,attention,,,,
prediction_record,20260818T204035Z_github-32183473018,0,incoming,,,,,,,,,13040,"After repeated use under comparable conditions, my main impression of this wash unit comes from the wash drum: it fails in normal use outside my normal routine. I tried the same thing again later and got a similar result.",negative,negative,0.999974250793457,True,washing_machine,washing_machine,0.9989401698112488,True,technical,0,0,0,0,long,0,0,main_impression,,,,
prediction_record,20260818T204035Z_github-32183473018,0,incoming,,,,,,,,,13041,"Under ordinary operating conditions, after a few weeks of mixed use, the door latch holds up better than expected. I expected some crap here, but it has actually held up. Honestly 🙂",positive,positive,0.9997971653938293,True,washing_machine,washing_machine,0.757513701915741,True,technical,1,1,0,0,medium,0,0,context_component,,,,
prediction_record,20260818T204035Z_github-32183473018,0,incoming,,,,,,,,,13042,"From a practical reliability standpoint, i did not pay much attention to the built-in audio at first, but after useing it for work and at home it continues to work without drama. I tried the same thing again later and got a similar result. 🔥",positive,negative,0.6212857961654663,False,television,refrigerator,0.47239750623703003,False,technical,0,1,1,0,long,0,0,attention,,,,
prediction_record,20260818T204035Z_github-32183473018,0,incoming,,,,,,,,,13043,"Under ordinary operating conditions, i have been using this clothes washer after using it for work and at home, and the drainage motor continues to work without drama. I expected some crap here, but it has actually held up. 👎",positive,positive,0.9506659507751465,True,washing_machine,washing_machine,0.4997203052043915,True,technical,1,1,0,0,long,0,0,using,,,,
prediction_record,20260818T204035Z_github-32183473018,0,incoming,,,,,,,,,13044,"Across repeated observations, the touch panel is what stood out outside my normal routine; it has been a pleasant surprise. this was different from my first impression. I have stopped worrying about this part of the product.",positive,positive,0.9993756413459778,True,smartphone,washing_machine,0.999479353427887,False,technical,0,0,0,0,long,0,1,stood_out,,,,
prediction_record,20260818T204035Z_github-32183473018,0,incoming,,,,,,,,,13045,"Outside my normal routine, I noticed that the copmressor fan on this new refrigerator continues to work without drama. not great tbh.",positive,negative,0.8734050989151001,False,refrigerator,refrigerator,0.9845453500747681,True,standard,0,0,1,1,medium,0,0,noticed,,,,
prediction_record,20260818T204035Z_github-32183473018,0,incoming,,,,,,,,,13046,"After taking it on a trip, I noticed that the sports motion on this living room display has been a disappointment. someone else in the house noticed it too.",negative,negative,0.8684226870536804,True,television,television,0.9996688365936279,True,standard,0,0,0,0,medium,0,1,noticed,,,,
prediction_record,20260818T204035Z_github-32183473018,0,incoming,,,,,,,,,13047,"Under ordinary operating conditions, i did not pay much attention to the network reception at ifrst, but after taking it on a trip it feels ordinary after more use. someone else in the house noticed it too.",neutral,neutral,0.9949842691421509,True,smartphone,smartphone,0.9996299743652344,True,technical,0,0,1,0,long,0,1,attention,,,,
prediction_record,20260818T204035Z_github-32183473018,0,incoming,,,,,,,,,13048,"after taking it on a trip, noticed that the wash drum on this machine keeps acting up. a second check gave me the same result. i am considering a replacement. lol.",negative,negative,0.9999573230743408,True,washing_machine,washing_machine,0.9986911416053772,True,limited,0,0,0,1,medium,0,1,context_component,,,,
prediction_record,20260818T204035Z_github-32183473018,0,incoming,,,,,,,,,13049,"After repeated use under comparable conditions, tbh, during a heavier-than-usual day, the controller fails in normal use. the difference became clearer after a few more days. I am considering a replacement.",negative,negative,0.9999828338623047,True,television,washing_machine,0.3999991714954376,False,technical,0,0,0,1,medium,0,1,context_component,,,,
prediction_record,20260818T204035Z_github-32183473018,0,incoming,,,,,,,,,13050,"i have been using this cell phone after using it for work and at home, and the rear camera still performs consistently. someone else in the house noticed it too. 😬",positive,positive,0.9995089769363403,True,smartphone,smartphone,0.9996902942657471,True,informal,0,1,0,0,medium,0,0,using,,,,
prediction_record,20260818T204035Z_github-32183473018,0,incoming,,,,,,,,,13051,"I have been using this work phone after changing a few settings, and the earpiece breaks down when conditions change.",negative,neutral,0.5618677735328674,False,smartphone,smartphone,0.9994340538978577,True,advanced,0,0,0,0,medium,0,0,using,,,,
prediction_record,20260818T204035Z_github-32183473018,0,incoming,,,,,,,,,13052,"i did not pay much attention to the freezer compartment at first, but after taking it on a trip it does the job. i do not feel srtongly either way.",neutral,neutral,0.9990181922912598,True,refrigerator,refrigerator,0.9973273277282715,True,limited,0,0,1,0,medium,0,0,attention,,,,
prediction_record,20260818T204035Z_github-32183473018,0,incoming,,,,,,,,,13053,"outside my normal routine, i noticed that the soap tray on this laundry unit keeps acting up. this was different from my first impression. i am already looking at alternatives.",negative,negative,0.9999732971191406,True,washing_machine,washing_machine,0.5631577372550964,True,limited,0,0,0,0,medium,0,1,noticed,,,,
prediction_record,20260818T204035Z_github-32183473018,0,incoming,,,,,,,,,13054,"After taking it on a trip, the shelf layout feels dpeendable in daily use.",positive,neutral,0.6198749542236328,False,refrigerator,refrigerator,0.632000207901001,True,advanced,0,0,1,0,medium,0,1,context_component,,,,
prediction_record,20260818T204035Z_github-32183473018,0,incoming,,,,,,,,,13055,"i have been using this screen unit when someone else in the house used it, and the video input remains basically average.",neutral,neutral,0.9930056929588318,True,television,television,0.9996654987335205,True,informal,0,0,0,0,medium,0,1,using,,,,
prediction_record,20260818T204035Z_github-32183473018,0,incoming,,,,,,,,,13056,"tbh, the sports motion what stood out after a few weeks of mixed use; it feels dependable in daily use. a sceond check gave me the same result.",positive,negative,0.8290840983390808,False,television,television,0.9996155500411987,True,limited,0,0,1,1,medium,0,1,context_component,,,,
prediction_record,20260818T204035Z_github-32183473018,0,incoming,,,,,,,,,13057,The call quality is what stood out when someone else in the house used it; it has not changed my opinion much. this was different from my first impression. I can live with it.,neutral,negative,0.6709467768669128,False,smartphone,refrigerator,0.9976077079772949,False,advanced,0,0,0,0,long,0,1,stood_out,,,,
prediction_record,20260818T204035Z_github-32183473018,0,incoming,,,,,,,,,13058,the panel lighting is what stood out during a heavier-than-usual day; it is acceptable but unremarkable. the difference became after a few more days.,neutral,neutral,0.5869099497795105,True,television,washing_machine,0.9995781779289246,False,limited,0,0,0,0,medium,0,0,stood_out,,,,
prediction_record,20260818T204035Z_github-32183473018,0,incoming,,,,,,,,,13059,"I have been using this television set during a heavier-than-usual day, and the built-in audio still performs consistently. the difference became clearer after a few more days. Honestly 😬",positive,positive,0.9997281432151794,True,television,television,0.9996711015701294,True,advanced,0,1,0,0,medium,0,1,using,,,,
prediction_record,20260818T204035Z_github-32183473018,0,incoming,,,,,,,,,13060,"I have been using this television set during a heavier-than-usual day, and the sports motion has been a disappointment. this was different from my first impression. this is the part that makes me regret the purchase.",negative,negative,0.8362309336662292,True,television,television,0.9996492862701416,True,standard,0,0,0,0,long,0,0,using,,,,
prediction_record,20260818T204035Z_github-32183473018,0,incoming,,,,,,,,,13061,"i did not pay much attention to the panel lighting at first, but when someone else in the house used it it has not given me trouble.",positive,negative,0.9682906866073608,False,television,washing_machine,0.9991911053657532,False,informal,0,0,0,0,medium,0,0,attention,,,,
prediction_record,20260818T204035Z_github-32183473018,0,incoming,,,,,,,,,13062,my main impression of this cold-storage unit comes from the shelf layout: it continues to work without drama when someone else in the house used it. the gasket tells a different story because it feels ordinary after more use.,positive,negative,0.9988691210746765,False,refrigerator,refrigerator,0.9928903579711914,True,informal,0,0,0,0,long,1,0,main_impression,,,,
prediction_record,20260818T204035Z_github-32183473018,0,incoming,,,,,,,,,13063,"After repeated use under comparable conditions, i have been using this living room display during a heavier-than-usual day, and the sports motion continues to work without drama. the difference became clearer after a few more days. On the other hand, the streaming menu has been a disappointment, which makes the overall picture more mixed. No bullshit, this has been one of the better parts of the product.",positive,positive,0.9997875094413757,True,television,television,0.9995852112770081,True,technical,1,0,0,0,long,1,0,using,,,,
prediction_record,20260818T204035Z_github-32183473018,0,incoming,,,,,,,,,13064,"After a few weeks of mixed use, the rear camera breaks down when conditions change. the difference became clearer after a few more days. this needs to improve.",negative,negative,0.9986718893051147,True,smartphone,smartphone,0.999617338180542,True,advanced,0,0,0,0,medium,0,0,context_component,,,,
prediction_record,20260818T204035Z_github-32183473018,0,incoming,,,,,,,,,13065,"Under ordinary operating conditions, after changing a few settings, I noticed that the freezer compartment on this cold-storage unit works well even outside my usual routine. someone else in the house noticed it too. On the other hand, the compressor fan is acceptable but unremarkable, which makes the overall picture more mixed.",positive,positive,0.8800904750823975,True,refrigerator,refrigerator,0.999206006526947,True,technical,0,0,0,0,long,1,0,noticed,,,,
prediction_record,20260818T204035Z_github-32183473018,0,incoming,,,,,,,,,13066,"ngl, the touch panel is what stood out during a heavier-than-usual day; it has been a pleasant surprise. i repeated the check before writing this. overall i am happy with it. the damn thing surprised me in a good way.",positive,positive,0.9998142123222351,True,smartphone,washing_machine,0.99955815076828,False,informal,1,0,0,1,long,0,0,stood_out,,,,
prediction_record,20260818T204035Z_github-32183473018,0,incoming,,,,,,,,,13067,the usb port is what stood out during a heavier-than-usual day; it has stayed dependable. a second check gave me the same result.,positive,negative,0.8454279899597168,False,smartphone,smartphone,0.9995935559272766,True,informal,0,0,0,0,medium,0,1,stood_out,,,,
prediction_record,20260818T204035Z_github-32183473018,0,incoming,,,,,,,,,13068,"During a heavier-than-usual day, I noticed that the wash drum on this front-loading washer has been a pleasant surprise. the difference became clearer after a few more days.",positive,negative,0.8600388169288635,False,washing_machine,washing_machine,0.9995168447494507,True,advanced,0,0,0,0,medium,0,0,noticed,,,,
prediction_record,20260818T204035Z_github-32183473018,0,incoming,,,,,,,,,13069,"after coming back to it after a few days, i noticed that the vibration on this new washer has stayed dependable.",positive,negative,0.8211718797683716,False,washing_machine,washing_machine,0.460645467042923,True,informal,0,0,0,0,medium,0,0,noticed,,,,
prediction_record,20260818T204035Z_github-32183473018,0,incoming,,,,,,,,,13070,"after a few weeks of mixed use, i noticed that the panel lighting on this screen unit is difficult to trust. this shit should not be happening in normal use.",negative,negative,0.9999376535415649,True,television,washing_machine,0.999265730381012,False,informal,1,0,0,0,medium,0,0,noticed,,,,
prediction_record,20260818T204035Z_github-32183473018,0,incoming,,,,,,,,,13071,"I have been useing this new phone after taking it on a trip, and the USB port keeps acting up. the difference became clearer after a few more days. I am already looking at alternatives. The earpiece tells a different story because it has not given me trouble.",negative,negative,0.9999825954437256,True,smartphone,smartphone,0.9996064305305481,True,standard,0,0,1,0,long,1,0,context_component,,,,
prediction_record,20260818T204035Z_github-32183473018,0,incoming,,,,,,,,,13072,"After changing a few settings, I noticed that the gasket on this food cooler has not changed my opinion much. I noticed the change only in the new situation. The damn thing is basically fine. pretty solid ngl.",neutral,neutral,0.9990441203117371,True,refrigerator,refrigerator,0.9943853616714478,True,standard,1,0,0,1,long,0,1,noticed,,,,
prediction_record,20260818T204035Z_github-32183473018,0,incoming,,,,,,,,,13073,"i did not pay much attention the wireless connection at first, but outside my normal routine it feels dependable in daily use. the difference became after a few more days.",positive,neutral,0.6128984689712524,False,television,refrigerator,0.9541354179382324,False,limited,0,0,0,0,medium,0,1,attention,,,,
prediction_record,20260818T204035Z_github-32183473018,0,incoming,,,,,,,,,13074,"Under ordinary operating conditions, my main impression of this work phone comes from the touch panel: it is fine for what it is when someone else in the house used it. my opinion is stlil basically in the middle. idk.",neutral,neutral,0.9999351501464844,True,smartphone,smartphone,0.9996521472930908,True,technical,0,0,1,1,long,0,0,main_impression,,,,
prediction_record,20260818T204035Z_github-32183473018,0,incoming,,,,,,,,,13075,"after using it for work and at home, the soap tray keeps getting in the way. i tried the same thing again later and got a result. this is the part that makes me regret the purchase.",negative,negative,0.9999895095825195,True,washing_machine,refrigerator,0.965752363204956,False,limited,0,0,0,0,long,0,0,context_component,,,,
prediction_record,20260818T204035Z_github-32183473018,0,incoming,,,,,,,,,13076,"i have been using this work phone during a heavier-than-usual day, and the call quality holds up better than expected. this was different from my first impression. the damn thing surprised me in a good way. 👎",positive,positive,0.9998076558113098,True,smartphone,smartphone,0.999592125415802,True,informal,1,1,0,0,long,0,1,using,,,,
prediction_record,20260818T204035Z_github-32183473018,0,incoming,,,,,,,,,13077,"Under a representative operating profile, i have been using this cold-storage unit when someone else in the house used it, and the ice system has not given me truoble.",positive,negative,0.9556443691253662,False,refrigerator,television,0.7705413699150085,False,technical,0,0,1,0,medium,0,0,using,,,,
prediction_record,20260818T204035Z_github-32183473018,0,incoming,,,,,,,,,13078,"after changing a few settings, the interface remains basically average. i tried the same thing again later and got a similar result. the video input tells a different story because it has turned into a recurring problem. for real.",neutral,neutral,0.9999064207077026,True,television,television,0.9995872378349304,True,informal,0,0,0,1,long,1,0,context_component,,,,
prediction_record,20260818T204035Z_github-32183473018,0,incoming,,,,,,,,,13079,"Under a representative operating profile, the cooling motor is what stood out after using it for work and at home; it remains basically average. this was different from my first impression. There is no major crap to complain about here. pretty solid ngl.",neutral,neutral,0.9998968839645386,True,refrigerator,refrigerator,0.9983674883842468,True,technical,1,0,0,1,long,0,0,stood_out,,,,
prediction_record,20260818T204035Z_github-32183473018,0,incoming,,,,,,,,,13080,my main impression of this cell phone comes from the fingerprint reader: it works normally after changing a few settings. this was different from my first impression.,neutral,negative,0.9895226359367371,False,smartphone,smartphone,0.9996167421340942,True,informal,0,0,0,0,medium,0,0,main_impression,,,,
prediction_record,20260818T204035Z_github-32183473018,0,incoming,,,,,,,,,13081,my main impression of this tv set from the sports motion: it has turned into a recurring problem during heavier-than-usual day. Honestly 🙃,negative,negative,0.9591963887214661,True,television,television,0.9997046589851379,True,limited,0,1,0,0,medium,0,0,main_impression,,,,
prediction_record,20260818T204035Z_github-32183473018,0,incoming,,,,,,,,,13082,"The fill valve is what stood out after changing a few settings; it fails in routine use. That said, the soap tray has stayed dependable, so the experience is not completely one-sided.",negative,negative,0.999968409538269,True,washing_machine,refrigerator,0.9970319271087646,False,advanced,0,0,0,0,medium,1,1,stood_out,,,,
prediction_record,20260818T204035Z_github-32183473018,0,incoming,,,,,,,,,13083,"i have been using this clothes washer after changing a few settings, and the soap tray has been a pleasant surprise. i tried the same thing again later and got a similar result. i have stopped worrying about this part of the product. 😂",positive,positive,0.9943395256996155,True,washing_machine,smartphone,0.5209097266197205,False,informal,0,1,0,0,long,0,0,using,,,,
prediction_record,20260818T204035Z_github-32183473018,0,incoming,,,,,,,,,13084,"Under ordinary operating conditions, i did not pay much attention to the network reception at first, but after taking it on a trip it is difficult to trust. this is the part that makes me regret the purchase.",negative,negative,0.9984654188156128,True,smartphone,smartphone,0.999614953994751,True,technical,0,0,0,0,long,0,1,attention,,,,
prediction_record,20260818T204035Z_github-32183473018,0,incoming,,,,,,,,,13085,"Under ordinary operating conditions, i did not pay much attention to the picture quality at first, but outside my normal routine it has been a pleasant surprise. I have stopped worrying about this part of the product. I expected some crap here, but it has actually held up.",positive,positive,0.9998570680618286,True,television,refrigerator,0.4263394773006439,False,technical,1,0,0,0,long,0,1,attention,,,,
prediction_record,20260818T204035Z_github-32183473018,0,incoming,,,,,,,,,13086,"after coming back to it after a few days, the wireless connection has stayed dependable. someone else in the house noticed it too. 🙂",positive,negative,0.9963610768318176,False,television,refrigerator,0.9333188533782959,False,informal,0,1,0,0,medium,0,0,context_component,,,,
prediction_record,20260818T204035Z_github-32183473018,0,incoming,,,,,,,,,13087,"After repeated use under comparable conditions, i have been using this TV set after changing a few settings, and the picture quality feels ordinary after more use. for real.",neutral,neutral,0.9864509105682373,True,television,television,0.9996209144592285,True,technical,0,0,0,1,medium,0,1,using,,,,
prediction_record,20260818T204035Z_github-32183473018,0,incoming,,,,,,,,,13088,"i did not pay much attention to the batery life at first, but after coming back to it after a few days it is neither imrpessive nor bad. the difference became clearer after a few more days. there is no major crap to complain about here.",neutral,neutral,0.9999551773071289,True,smartphone,washing_machine,0.8036521077156067,False,limited,1,0,1,0,long,0,0,attention,,,,
prediction_record,20260818T204035Z_github-32183473018,0,incoming,,,,,,,,,13089,"I did not pay much attention to the inside lighting at first, but after a few weeks of mixed use it feels ordinary after more use. the difference became clearer after a few more days.",neutral,neutral,0.9969449639320374,True,refrigerator,washing_machine,0.3622645437717438,False,advanced,0,0,0,0,long,0,0,attention,,,,
prediction_record,20260818T204035Z_github-32183473018,0,incoming,,,,,,,,,13090,"Under ordinary operating conditions, my main impression of this wash unit comes from the fill valve: it keeps getting in the way when someone else in the house used it. I am already looking at alternatives.",negative,negative,0.9999878406524658,True,washing_machine,refrigerator,0.9972689747810364,False,technical,0,0,0,0,long,0,0,main_impression,,,,
prediction_record,20260818T204035Z_github-32183473018,0,incoming,,,,,,,,,13091,my main impression of this wash unit comes from the spin program: it has turned into a recurring after using it for work and at home. someone else in the house noticed it too. this is damn annoying.,negative,negative,0.9998480081558228,True,washing_machine,smartphone,0.5051916241645813,False,limited,1,0,1,0,long,0,1,main_impression,,,,
prediction_record,20260818T204035Z_github-32183473018,0,incoming,,,,,,,,,13092,"When someone else in the house used it, the gasket works normally. the behavior persisted across several attempts.",neutral,negative,0.6972034573554993,False,refrigerator,refrigerator,0.7059500217437744,True,standard,0,0,0,0,medium,0,0,context_component,,,,
prediction_record,20260818T204035Z_github-32183473018,0,incoming,,,,,,,,,13093,"I have been using this main fridge outside my normal routine, and the gasket has become increasingly unreliable. someone else in the house noticed it too.",negative,negative,0.9998656511306763,True,refrigerator,refrigerator,0.9953706860542297,True,standard,0,0,0,0,medium,0,0,using,,,,
prediction_record,20260818T204035Z_github-32183473018,0,incoming,,,,,,,,,13094,The sports motion is what stood out after taking it on a trip; it keeps acting up. I noticed the change only in the new situation.,negative,negative,0.9012112617492676,True,television,television,0.9996323585510254,True,advanced,0,0,0,0,medium,0,1,stood_out,,,,
prediction_record,20260818T204035Z_github-32183473018,0,incoming,,,,,,,,,13095,"Under a representative operating profile, i did not pay much attention to the USB port at first, but outside my normal routine it has stayed dependable.",positive,negative,0.7228105068206787,False,smartphone,smartphone,0.9993077516555786,True,technical,0,0,0,0,medium,0,0,attention,,,,
prediction_record,20260818T204035Z_github-32183473018,0,incoming,,,,,,,,,13096,The rear camera is what stood out after taking it on a trip; it breaks down when conditions change. I repeated the check before writing this.,negative,negative,0.5079982280731201,True,smartphone,smartphone,0.999573290348053,True,advanced,0,0,0,0,medium,0,0,stood_out,,,,
prediction_record,20260818T204035Z_github-32183473018,0,incoming,,,,,,,,,13097,"After a few weeks of mixed use, the battery life keeps acting up. I noticed the change only in the new situation.",negative,negative,0.9909742474555969,True,smartphone,smartphone,0.9989491105079651,True,standard,0,0,0,0,medium,0,0,context_component,,,,
prediction_record,20260818T204035Z_github-32183473018,0,incoming,,,,,,,,,13098,"Across repeated observations, imo, my main impression of this bedroom TV comes from the picture quality: it has been a disappointment during a heavier-than-usual day. the behavior persisted across several attempts.",negative,negative,0.8148019909858704,True,television,television,0.9996402263641357,True,technical,0,0,0,1,medium,0,0,main_impression,,,,
prediction_record,20260818T204035Z_github-32183473018,0,incoming,,,,,,,,,13099,"Under ordinary operating conditions, the spin program is what stood out after taking it on a trip; it has stayed dependable. I repeated the check before writing this.",positive,negative,0.5596144795417786,False,washing_machine,washing_machine,0.7324833869934082,True,technical,0,0,0,0,medium,0,0,stood_out,,,,
prediction_record,20260818T204035Z_github-32183473018,0,incoming,,,,,,,,,13100,"when someone else in the house used it, i noticed that the door warning on this cold-storage unit works well even outside my usual routine. i tried the same thing again later and got a similar result.",positive,positive,0.963935136795044,True,refrigerator,refrigerator,0.989660382270813,True,informal,0,0,0,0,long,0,0,noticed,,,,
prediction_record,20260818T204035Z_github-32183473018,0,incoming,,,,,,,,,13101,The earpiece is what stood out after a few weeks of mixed use; it feels ordinary after more use.,neutral,neutral,0.9287993907928467,True,smartphone,washing_machine,0.5043258666992188,False,advanced,0,0,0,0,medium,0,0,stood_out,,,,
prediction_record,20260818T204035Z_github-32183473018,0,incoming,,,,,,,,,13102,the usb port is what stood out when someone else in the house used it; it is fine for what it is. someone else in the house noticed it too. i don't feel strongly either way.,neutral,neutral,0.9999382495880127,True,smartphone,smartphone,0.9996433258056641,True,informal,0,0,0,0,long,0,1,stood_out,,,,
prediction_record,20260818T204035Z_github-32183473018,0,incoming,,,,,,,,,13103,"Under ordinary operating conditions, i did not pay much attention to the earpiece at first, but after coming back to it after a few days it remains basically average.",neutral,neutral,0.9787757992744446,True,smartphone,refrigerator,0.7571816444396973,False,technical,0,0,0,0,medium,0,0,attention,,,,
prediction_record,20260818T204035Z_github-32183473018,0,incoming,,,,,,,,,13104,"When someone else in the house used it, the streaming menu has not given me trouble. I repeated the check before writing this.",positive,negative,0.9942985773086548,False,television,television,0.9996020197868347,True,advanced,0,0,0,0,medium,0,1,context_component,,,,
prediction_record,20260818T204035Z_github-32183473018,0,incoming,,,,,,,,,13105,"lowkey, the shelf layout is what stood out after taking it on a trip; it has not changed my opinion much. a second check gave me the same result. i would neither recommend it nor warn people away.",neutral,neutral,0.999734103679657,True,refrigerator,refrigerator,0.9981005787849426,True,informal,0,0,0,1,long,0,1,stood_out,,,,
prediction_record,20260818T204035Z_github-32183473018,0,incoming,,,,,,,,,13106,"Under a representative operating profile, fr, the rinse program is what stood out after using it for work and at home; it is acceptable but unremarkable.",neutral,neutral,0.961818277835846,True,washing_machine,washing_machine,0.8441281318664551,True,technical,0,0,0,1,medium,0,0,stood_out,,,,
prediction_record,20260818T204035Z_github-32183473018,0,incoming,,,,,,,,,13107,"When someone else in the house used it, the soap tray is acceptable but unremarkable. my opinion is still basically in the middle. kinda wild.",neutral,neutral,0.9995896220207214,True,washing_machine,refrigerator,0.9962217807769775,False,standard,0,0,0,1,medium,0,0,context_component,,,,
prediction_record,20260818T204035Z_github-32183473018,0,incoming,,,,,,,,,13108,my main impression of this kitchen fridge comes from the compressor fan: it feels dependable in daily use after taking it on a trip. i tried the same thing again later and got a similar result. overall i am happy with it. Honestly 🤔,positive,negative,0.9997358918190002,False,refrigerator,refrigerator,0.9991804957389832,True,informal,0,1,0,0,long,0,1,main_impression,,,,
prediction_record,20260818T204035Z_github-32183473018,0,incoming,,,,,,,,,13109,"Under a representative operating profile, i have been using this wash unit during a heavier-than-usual day, and the cycle controls is fine for what it is. I repeated the check before writing this.",neutral,neutral,0.9989811778068542,True,washing_machine,washing_machine,0.922946572303772,True,technical,0,0,0,0,medium,0,0,using,,,,
prediction_record,20260818T204035Z_github-32183473018,0,incoming,,,,,,,,,13110,"Outside my normal routine, I noticed that the controller on this television set works normally. this was different from my first impression. it is adequate for now.",neutral,neutral,0.7699565291404724,True,television,washing_machine,0.9982964396476746,False,standard,0,0,0,0,medium,0,0,noticed,,,,
prediction_record,20260818T204035Z_github-32183473018,0,incoming,,,,,,,,,13111,"i did not pay much attention to the call quailty at first, but after a few weeks of mixed use it holds up better than expected. i tried the same thing again later and got a similar result.",positive,positive,0.9992004036903381,True,smartphone,washing_machine,0.5327664017677307,False,informal,0,0,1,0,long,0,1,attention,,,,
prediction_record,20260818T204035Z_github-32183473018,0,incoming,,,,,,,,,13112,"i did not pay much attention to the soap tray at first, but atfer changing a few settings it is neither impressive nor bad. i repeated the check before writing this.",neutral,neutral,0.9990873336791992,True,washing_machine,refrigerator,0.8043773174285889,False,informal,0,0,1,0,medium,0,1,attention,,,,
prediction_record,20260818T204035Z_github-32183473018,0,incoming,,,,,,,,,13113,"my main impression of this laundry unit comes from the spin program: it works well even outside my usual routine after coming back to it after a few days. this was diferent from my first impression. on the other hand, the soap tray remains basically average, which makes the overall picture more mixed. not great tbh.",positive,positive,0.999288022518158,True,washing_machine,washing_machine,0.9996439218521118,True,informal,0,0,1,1,long,1,0,main_impression,,,,
prediction_record,20260818T204035Z_github-32183473018,0,incoming,,,,,,,,,13114,"i have been using this pocket device when someone else in the house used it, and the earpiece has not changed my opinion much. the behavior persisted across several attempts. on the other hand, the touch panel breaks down when conditions change, which makes the overall picture more mixed.",neutral,neutral,0.9998356103897095,True,smartphone,smartphone,0.9995924830436707,True,informal,0,0,0,0,long,1,0,using,,,,
prediction_record,20260818T204035Z_github-32183473018,0,incoming,,,,,,,,,13115,my main impression of this video panel comes the wireless connection: it keeps acting up after coming back to it after a few days. i tried the same thing again later and got a similar result. the damn thing keeps getting in the way.,negative,negative,0.9999874830245972,True,television,washing_machine,0.981906533241272,False,limited,1,0,0,0,long,0,0,main_impression,,,,
prediction_record,20260818T204035Z_github-32183473018,0,incoming,,,,,,,,,13116,"after taking on a trip, i noticed that the streaming on this video panel continues to work without drama. i noticed the change only in the new situation.",positive,negative,0.49989691376686096,False,television,television,0.9995867609977722,True,limited,0,0,0,0,medium,0,0,noticed,,,,
prediction_record,20260818T204035Z_github-32183473018,0,incoming,,,,,,,,,13117,my main impression of this cell phone comes from the network reception: it keeps getting in the way outside my normal routine. i would not rely on it.,negative,negative,0.9999730587005615,True,smartphone,smartphone,0.9996016621589661,True,informal,0,0,0,0,medium,0,0,main_impression,,,,
prediction_record,20260818T204035Z_github-32183473018,0,incoming,,,,,,,,,13118,The drainage motor is what stood out after a few weeks of mixed use; it feels dependable in daiyl use. this was different from my first impression.,positive,negative,0.9523244500160217,False,washing_machine,refrigerator,0.33969825506210327,False,advanced,0,0,1,0,medium,0,0,stood_out,,,,
prediction_record,20260818T204035Z_github-32183473018,0,incoming,,,,,,,,,13119,"i have been using this living room display after useing it for work at home, and the streaming menu feels dependable in daily use. not great tbh.",positive,neutral,0.932464599609375,False,television,television,0.9996496438980103,True,limited,0,0,1,1,medium,0,0,using,,,,
prediction_record,20260818T204035Z_github-32183473018,0,incoming,,,,,,,,,13120,"i have been using this pocket device during a heavier-than-usual day, and the touch panel is neither impressive nor bad. the difference became clearer after a few more days. my opinion is still basically in the middle.",neutral,neutral,0.99992835521698,True,smartphone,smartphone,0.9995648264884949,True,limited,0,0,0,0,long,0,0,using,,,,
prediction_record,20260818T204035Z_github-32183473018,0,incoming,,,,,,,,,13121,"Across repeated observations, outside my normal routine, the battery life remains basically average. I repeated the check before writing this.",neutral,neutral,0.9991024732589722,True,smartphone,smartphone,0.9989534616470337,True,technical,0,0,0,0,medium,0,1,context_component,,,,
prediction_record,20260818T204035Z_github-32183473018,0,incoming,,,,,,,,,13122,"i did not pay much attention to the network reception at first, but after taking it on a trip it has not changed my opinion much. the difference became lcearer after a few more days. my opinion is still basically in the middle. that said, the fingerprint reader has been a disappointment, so the experience is not completely noe-sided.",neutral,neutral,0.999828577041626,True,smartphone,smartphone,0.9996275901794434,True,informal,0,0,1,0,long,1,0,attention,,,,
prediction_record,20260818T204035Z_github-32183473018,0,incoming,,,,,,,,,13123,after a few weeks of i noticed that the controller on this tv set has become increasingly unreliable. i noticed the change only in the new situation.,negative,negative,0.999596893787384,True,television,television,0.9991346001625061,True,limited,0,0,0,0,medium,0,1,noticed,,,,
prediction_record,20260818T204035Z_github-32183473018,0,incoming,,,,,,,,,13124,"During a heavier-than-usual day, I noticed that the streaming menu on this video panel works well even outside my usula routine. the behavior persisted across several attempts. it has earned my confidence. No bullshit, this has been one of the better parts of the product. pretty solid ngl.",positive,positive,0.9998899698257446,True,television,television,0.999632716178894,True,advanced,1,0,1,1,long,0,0,noticed,,,,
prediction_record,20260818T204035Z_github-32183473018,0,incoming,,,,,,,,,13125,"tbh, the streaming menu is what stood out outside my normal routine; it fails in routine use. I tried the same thing again later and got a similar result. I owuld hesitate to buy it again.",negative,negative,0.9999817609786987,True,television,television,0.9996501207351685,True,advanced,0,0,1,1,long,0,0,stood_out,,,,
prediction_record,20260818T204035Z_github-32183473018,0,incoming,,,,,,,,,13126,"From a practical reliability standpoint, my main impression of this television set comes from the interface: it keeps getting in the way outside my normal routine. this was different from my first impression. 🤔",negative,negative,0.9999649524688721,True,television,television,0.9996849298477173,True,technical,0,1,0,0,long,0,1,main_impression,,,,
prediction_record,20260818T204035Z_github-32183473018,0,incoming,,,,,,,,,13127,"lowkey, during a heavier-than-usual day, the sports motion fails in routine use. the behavior persisted across several attempts. I am considering a replacement.",negative,negative,0.9999809265136719,True,television,television,0.9996323585510254,True,advanced,0,0,0,1,medium,0,0,context_component,,,,
prediction_record,20260818T204035Z_github-32183473018,0,incoming,,,,,,,,,13128,my main impression of this front-loading washer comes from the door latch: it has stayed dependable changing a settings. the difference became clearer after a few more days.,positive,negative,0.9602816700935364,False,washing_machine,washing_machine,0.9995254278182983,True,limited,0,0,0,0,medium,0,1,main_impression,,,,
prediction_record,20260818T204035Z_github-32183473018,0,incoming,,,,,,,,,13129,"after taking it on a trip, the video input works normally. i the change in the new situation.",neutral,negative,0.5887535810470581,False,television,television,0.9968656897544861,True,limited,0,0,0,0,medium,0,0,context_component,,,,
prediction_record,20260818T204035Z_github-32183473018,0,incoming,,,,,,,,,13130,"i did not pay much attention to the streaming menu at first, but after changing a few settings it feels ordinary after more use. i tried the same thing again later and got a similar result.",neutral,neutral,0.9998050332069397,True,television,television,0.9996256828308105,True,limited,0,0,0,0,long,0,1,attention,,,,
prediction_record,20260818T204035Z_github-32183473018,0,incoming,,,,,,,,,13131,"After repeated use under comparable conditions, i have been using this refrigeration unit outside my normal routine, and the gasket breaks down when conditions change. I tried the same thing again later and got a similar result. this needs to improve.",negative,negative,0.9673708081245422,True,refrigerator,refrigerator,0.3776615560054779,True,technical,0,0,0,0,long,0,0,using,,,,
prediction_record,20260818T204035Z_github-32183473018,0,incoming,,,,,,,,,13132,"After using it for work and at home, the touch panel is acceptable but unremarkable. the behavior persisted across several attempts.",neutral,neutral,0.9921825528144836,True,smartphone,washing_machine,0.9965349435806274,False,standard,0,0,0,0,medium,0,0,context_component,,,,
prediction_record,20260818T204035Z_github-32183473018,0,incoming,,,,,,,,,13133,"i did not pay much attention to the wireless connection at first, but after taking it on a trip it has been a pleasant surprise. this was different from my first impression. the video input tells a different story because it does the job.",positive,negative,0.9394472241401672,False,television,television,0.9994696974754333,True,informal,0,0,0,0,long,1,1,attention,,,,
prediction_record,20260818T204035Z_github-32183473018,0,incoming,,,,,,,,,13134,"From a practical reliability standpoint, my main impression of this work phone comes from the netowrk reception: it has not changed my opinion much after changing a few settings. a secodn check gave me the same result. my opinion is still basically in the middle. 😬",neutral,negative,0.9999368190765381,False,smartphone,smartphone,0.999686598777771,True,technical,0,1,1,0,long,0,0,main_impression,,,,
prediction_record,20260818T204035Z_github-32183473018,0,incoming,,,,,,,,,13135,"From a practical reliability standpoint, after coming back to it after a few days, the vibration feels depenadble in daily use.",positive,negative,0.7101073265075684,False,washing_machine,refrigerator,0.5294269919395447,False,technical,0,0,1,0,medium,0,1,context_component,,,,
prediction_record,20260818T204035Z_github-32183473018,0,incoming,,,,,,,,,13136,"Outside my normal routine, the picture quality has been a pleasant surprise. I noticed the change only in the new situation. I plan to keep useing it. pretty solid ngl.",positive,positive,0.9952439665794373,True,television,washing_machine,0.5670855045318604,False,advanced,0,0,1,1,medium,0,0,context_component,,,,
prediction_record,20260818T204035Z_github-32183473018,0,incoming,,,,,,,,,13137,"after changing a few settings, the battery life has become increasingly unreliable. i tried the same thing again later and got a similar result. i am already looking at alternatives.",negative,negative,0.9999890327453613,True,smartphone,smartphone,0.9996341466903687,True,informal,0,0,0,0,medium,0,0,context_component,,,,
prediction_record,20260818T204035Z_github-32183473018,0,incoming,,,,,,,,,13138,"After changing a few settings, I noticed that the network reception on this work phone continues to work without drama. I repeated the check before writing this. I have stopped worrying about this part of the product.",positive,positive,0.9988901019096375,True,smartphone,smartphone,0.9995673298835754,True,advanced,0,0,0,0,long,0,1,noticed,,,,
prediction_record,20260818T204035Z_github-32183473018,0,incoming,,,,,,,,,13139,"The wash drum is what stood out after taking it on a trip; it keeps getting in the way. I noticed the change only in the new situation. I am considering a replacement. On the other hand, the door latch has been a pleasant surprise, which makes the overall picture more mixed.",negative,negative,0.9999814033508301,True,washing_machine,washing_machine,0.9996336698532104,True,standard,0,0,0,0,long,1,0,stood_out,,,,
prediction_record,20260818T204035Z_github-32183473018,0,incoming,,,,,,,,,13140,my main impression of this mobile comes from the apps: it basically average when someone else in the house used it. someone else in the house noticed it too. there is not much else to say. for real.,neutral,neutral,0.9999276399612427,True,smartphone,television,0.9996341466903687,False,limited,0,0,0,1,long,0,0,main_impression,,,,
prediction_record,20260818T204035Z_github-32183473018,0,incoming,,,,,,,,,13141,"i have been using this new after a few weeks of mixed use, and the door warning works well even outside my usual routine. a second check gave me the same result. overall i am happy with it.",positive,positive,0.9994716048240662,True,refrigerator,washing_machine,0.782987654209137,False,limited,0,0,0,0,long,0,1,using,,,,
prediction_record,20260818T204035Z_github-32183473018,0,incoming,,,,,,,,,13142,"Under a representative operating profile, lowkey, i have been using this wash unit after coming back to it after a few days, and the rinse program feels dependable in daily use. this was different from my first impression. The door latch tells a different story because it is difficult to trust.",positive,negative,0.9998427629470825,False,washing_machine,washing_machine,0.623322606086731,True,technical,0,0,0,1,long,1,0,using,,,,
prediction_record,20260818T204035Z_github-32183473018,0,incoming,,,,,,,,,13143,"Across repeated observations, outside my normal routine, I noticed that the soap tray on this front-loading washer keeps getting in the way. the difference became clearer after a few more days.",negative,negative,0.9997856020927429,True,washing_machine,washing_machine,0.855607271194458,True,technical,0,0,0,0,medium,0,0,noticed,,,,
prediction_record,20260818T204035Z_github-32183473018,0,incoming,,,,,,,,,13144,"Under a representative operating profile, i did not pay much attention to the streaming menu at first, but after a few weeks of mixed use it has not changed my opinion much. the difference became clearer after a few more days. There is no major crap to complain about here.",neutral,neutral,0.9998899698257446,True,television,television,0.9996318817138672,True,technical,1,0,0,0,long,0,0,attention,,,,
prediction_record,20260818T204035Z_github-32183473018,0,incoming,,,,,,,,,13145,"when someone else in the house used it, the cooling motor has been a disappointment. this was different from my first impression. this is damn annoying.",negative,negative,0.9989363551139832,True,refrigerator,refrigerator,0.9954108595848083,True,informal,1,0,0,0,medium,0,0,context_component,,,,
prediction_record,20260818T204035Z_github-32183473018,0,incoming,,,,,,,,,13146,My main impression of this work phone comes from the rear camera: it has stayed dependable after coming back to it after a few days. I noticed the change only in the new situation. I would buy it again.,positive,negative,0.9999305009841919,False,smartphone,smartphone,0.9995748400688171,True,standard,0,0,0,0,long,0,0,main_impression,,,,
prediction_record,20260818T204035Z_github-32183473018,0,incoming,,,,,,,,,13147,"From a practical reliability standpoint, my main impression of this TV set comes from the video input: it holds up better than expetced when someone else in the house used it. someone else in the house noticed it too.",positive,positive,0.9984844326972961,True,television,television,0.9996762275695801,True,technical,0,0,1,0,long,0,1,main_impression,,,,
prediction_record,20260818T204035Z_github-32183473018,0,incoming,,,,,,,,,13148,"i have been using this screen unit after coming back to it after a few days, and the interface has turned into a recurring problem. a second check gave me the same result. i would hesitate to buy it again.",negative,negative,0.9994423985481262,True,television,television,0.9996474981307983,True,informal,0,0,0,0,long,0,1,using,,,,
prediction_record,20260818T204035Z_github-32183473018,0,incoming,,,,,,,,,13149,"From a practical reliability standpoint, when someone else in the house used it, the inside lighting has turned into a recurring problem.",negative,negative,0.8994851112365723,True,refrigerator,refrigerator,0.8895630240440369,True,technical,0,0,0,0,medium,0,1,context_component,,,,
prediction_record,20260818T204035Z_github-32183473018,0,incoming,,,,,,,,,13150,"i have been useing this cell phone when someone else in the house used it, and the usb port has stayed dependable. i tried the same thing gaain later and got a similar result. it has earned my confidence. lol.",positive,negative,0.9874908328056335,False,smartphone,smartphone,0.9996676445007324,True,informal,0,0,1,1,long,0,0,context_component,,,,
prediction_record,20260818T204035Z_github-32183473018,0,incoming,,,,,,,,,13151,"Across repeated observations, my main impression of this wash unit comes from the fill valve: it has been a disappointment after using it for work and at home. someone else in the house noticed it too. I am considering a replacement. The damn thing keeps getting in the way.",negative,negative,0.999983549118042,True,washing_machine,refrigerator,0.9954575300216675,False,technical,1,0,0,0,long,0,0,main_impression,,,,
prediction_record,20260818T204035Z_github-32183473018,0,incoming,,,,,,,,,13152,my main impression of this food cooler comes from the shelf layout: it has stayed dependable after using it for work and at home. the difference became clearer after a few more days. i have stopped worrying about this part of the product.,positive,positive,0.9970920085906982,True,refrigerator,refrigerator,0.99626225233078,True,limited,0,0,0,0,long,0,0,main_impression,,,,
prediction_record,20260818T204035Z_github-32183473018,0,incoming,,,,,,,,,13153,the compressor fan is what stood out after a few weeks of use; it breaks down conditions change.,negative,negative,0.6278489828109741,True,refrigerator,refrigerator,0.9982479810714722,True,limited,0,0,0,0,medium,0,0,stood_out,,,,
prediction_record,20260818T204035Z_github-32183473018,0,incoming,,,,,,,,,13154,"Under ordinary operating conditions, i did not pay much attention to the streaming menu at first, but after a few weeks of mixed use it does the job. I repeated the check before writing this. I would neither recommend it nor warn people away.",neutral,neutral,0.999922513961792,True,television,television,0.99965500831604,True,technical,0,0,0,0,long,0,1,attention,,,,
prediction_record,20260818T204035Z_github-32183473018,0,incoming,,,,,,,,,13155,the panel lighting is what stood out during a heavier-than-usual day; it not changed my opinion much.,neutral,neutral,0.5402306914329529,True,television,washing_machine,0.9993975162506104,False,limited,0,0,0,0,medium,0,0,stood_out,,,,
prediction_record,20260818T204035Z_github-32183473018,0,incoming,,,,,,,,,13156,"tbh, after taking it on a trip, i noticed that the call quality on this daily driver does the job. someone else in the house noticed it too. 🤷",neutral,neutral,0.9893115162849426,True,smartphone,refrigerator,0.9925863146781921,False,informal,0,1,0,1,medium,0,0,noticed,,,,
prediction_record,20260818T204035Z_github-32183473018,0,incoming,,,,,,,,,13157,"fr, after changing a few settings, the vibration still performs consistently. the difference became clearer after a few more days. the door latch tells a different story because it has become increasingly unreliable.",positive,positive,0.9996778964996338,True,washing_machine,washing_machine,0.9427466988563538,True,informal,0,0,0,1,medium,1,1,context_component,,,,
prediction_record,20260818T204035Z_github-32183473018,0,incoming,,,,,,,,,13158,"From a practical reliability standpoint, i have been using this kitchen fridge atfer coming back to it after a few days, and the cooling motor holds up better than expected. I repeated the check before writing this.",positive,positive,0.9981854557991028,True,refrigerator,refrigerator,0.9977388381958008,True,technical,0,0,1,0,long,0,0,using,,,,
prediction_record,20260818T204035Z_github-32183473018,0,incoming,,,,,,,,,13159,"Under a representative operating profile, during a heavier-than-usual day, the fill valve feels ordinary after more use. 👍",neutral,neutral,0.7816792726516724,True,washing_machine,smartphone,0.4670713543891907,False,technical,0,1,0,0,medium,0,0,context_component,,,,
prediction_record,20260818T204035Z_github-32183473018,0,incoming,,,,,,,,,13160,The USB port is what stood out after coming back to it after a few days; it has stayed dependable. this was different from my first impression. on balance I am happy with it.,positive,negative,0.9904183745384216,False,smartphone,smartphone,0.9996172189712524,True,advanced,0,0,0,0,long,0,0,stood_out,,,,
prediction_record,20260818T204035Z_github-32183473018,0,incoming,,,,,,,,,13161,"I have been using this laundry unit after taking it on a trip, and the drainage motor breaks down when conditions change. I am considering a replacement.",negative,negative,0.98189777135849,True,washing_machine,washing_machine,0.5358221530914307,True,standard,0,0,0,0,medium,0,0,using,,,,
prediction_record,20260818T204035Z_github-32183473018,0,incoming,,,,,,,,,13162,"After using it for work and at home, I noticed that the drainage motor on this clothes washer does the job. I do not feel strongly either way.",neutral,neutral,0.9998632669448853,True,washing_machine,washing_machine,0.7870339751243591,True,advanced,0,0,0,0,medium,0,0,noticed,,,,
prediction_record,20260818T204035Z_github-32183473018,0,incoming,,,,,,,,,13163,the streaming is what stood out during a heavier-than-usual day; it has become increasingly unreliable. 🙂,negative,negative,0.9952638149261475,True,television,television,0.9996376037597656,True,limited,0,1,0,0,medium,0,1,stood_out,,,,
prediction_record,20260818T204035Z_github-32183473018,0,incoming,,,,,,,,,13164,"outside my normal routine, i noticed that the cooling motor on this kitchen fridge works well even outside my usual routine. no bullshit, this has been one of the better parts of the product.",positive,positive,0.9998733997344971,True,refrigerator,refrigerator,0.9960809350013733,True,informal,1,0,0,0,long,0,1,noticed,,,,
prediction_record,20260818T204035Z_github-32183473018,0,incoming,,,,,,,,,13165,"after coming back to it after a few days, i noticed that the sports motion on this tv set has not changed my opinion much. i noticed the change only in the new situation.",neutral,negative,0.6869273781776428,False,television,television,0.9996289014816284,True,informal,0,0,0,0,long,0,0,noticed,,,,
prediction_record,20260818T204035Z_github-32183473018,0,incoming,,,,,,,,,13166,"After a few weeks of mixed use, I noticed that the spin program on this wash unit has been a disappointment. I noticed the change only in the new situation. I would hesitate to buy it again. kinda wild.",negative,negative,0.9995738863945007,True,washing_machine,washing_machine,0.9818003177642822,True,advanced,0,0,0,1,long,0,0,noticed,,,,
prediction_record,20260818T204035Z_github-32183473018,0,incoming,,,,,,,,,13167,"Under ordinary operating conditions, real talk, i did not pay much attention to the network reception at first, but after coming back to it after a few days it has not given me trouble. someone else in the house noticed it too.",positive,negative,0.9998261332511902,False,smartphone,smartphone,0.999636173248291,True,technical,0,0,0,1,long,0,1,attention,,,,
prediction_record,20260818T204035Z_github-32183473018,0,incoming,,,,,,,,,13168,"Under a representative operating profile, the earpiece is what stood out after coming back to it after a few days; it has not changed my opinion much. Honestly, the damn thing is just average.",neutral,neutral,0.9918459057807922,True,smartphone,refrigerator,0.9376312494277954,False,technical,1,0,0,0,long,0,0,stood_out,,,,
prediction_record,20260818T204035Z_github-32183473018,0,incoming,,,,,,,,,13169,my main impression of this daily driver comes from the usb port: it has been a pleasatn surprise when someone else in the house used it. someone else in the house noticed it too.,positive,negative,0.9980965256690979,False,smartphone,smartphone,0.9996392726898193,True,informal,0,0,1,0,long,0,0,main_impression,,,,
prediction_record,20260818T204035Z_github-32183473018,0,incoming,,,,,,,,,13170,"i did not pay much attention to the touch panel at first, but after using it for work and at home it works well even outside my usual routine. the behavior persisted across several attempts. i would buy it again.",positive,positive,0.987225353717804,True,smartphone,washing_machine,0.9995154142379761,False,informal,0,0,0,0,long,0,0,attention,,,,
prediction_record,20260818T204035Z_github-32183473018,0,incoming,,,,,,,,,13171,"After changing a few settings, the door warning continues to work without drama. I tried the same thing again later and got a similar result. I have stopped worrying about this part of the product.",positive,positive,0.9923602938652039,True,refrigerator,refrigerator,0.6082006692886353,True,advanced,0,0,0,0,long,0,1,context_component,,,,
prediction_record,20260818T204035Z_github-32183473018,0,incoming,,,,,,,,,13172,"I did not pay much attention to the door warning at first, but after coming back to it after a few days it keeps acting up. this was different from my first impression. The damn thing keeps getting in the way.",negative,negative,0.99997878074646,True,refrigerator,refrigerator,0.6357818841934204,True,standard,1,0,0,0,long,0,0,attention,,,,
prediction_record,20260818T204035Z_github-32183473018,0,incoming,,,,,,,,,13173,"I have been using this work phone outside my normal routine, and the network reception holds up better than expected. I repeated the check before writing this. I plan to keep using it.",positive,positive,0.9997887015342712,True,smartphone,smartphone,0.9996102452278137,True,standard,0,0,0,0,medium,0,0,using,,,,
prediction_record,20260818T204035Z_github-32183473018,0,incoming,,,,,,,,,13174,the wash drum is what stood out after a few weeks of mixed use; it remains basically average. i repeated the check before writing this. i would neither recommend it nor warn people away. for real.,neutral,neutral,0.9999343156814575,True,washing_machine,washing_machine,0.9995978474617004,True,informal,0,0,0,1,long,0,1,stood_out,,,,
prediction_record,20260818T204035Z_github-32183473018,0,incoming,,,,,,,,,13175,"Under a representative operating profile, ngl, i have been using this cold-storage unit after using it for work and at home, and the shelf layout is neither impressive nor bad.",neutral,neutral,0.9981263279914856,True,refrigerator,refrigerator,0.47786176204681396,True,technical,0,0,0,1,medium,0,0,using,,,,
prediction_record,20260818T204035Z_github-32183473018,0,incoming,,,,,,,,,13176,"Outside my normal routine, the cycle controls is fine for what it is. I noticed the change only in the new situation. 😐",neutral,neutral,0.999804675579071,True,washing_machine,washing_machine,0.9993844032287598,True,standard,0,1,0,0,medium,0,0,context_component,,,,
prediction_record,20260818T204035Z_github-32183473018,0,incoming,,,,,,,,,13177,The touch panel is what stood out outside my normal routine; it has not given me trouble. someone else in the house noticed it too.,positive,negative,0.998946487903595,False,smartphone,washing_machine,0.999605119228363,False,standard,0,0,0,0,medium,0,0,stood_out,,,,
prediction_record,20260818T204035Z_github-32183473018,0,incoming,,,,,,,,,13178,"after using it for work and at home, i noticed that the compressor fan on this food cooler is acceptable but unremarkable. i noticed the change only in the new situation. 🤔",neutral,neutral,0.996146559715271,True,refrigerator,refrigerator,0.999065101146698,True,limited,0,1,0,0,medium,0,1,noticed,,,,
prediction_record,20260818T204035Z_github-32183473018,0,incoming,,,,,,,,,13179,"Under ordinary operating conditions, my main impression of this machine comes from the door latch: it remains basically average after changing a few settings. someone else in the house noticed it too. I would neither recommend it nor warn people away.",neutral,neutral,0.9999608993530273,True,washing_machine,refrigerator,0.9926514029502869,False,technical,0,0,0,0,long,0,0,main_impression,,,,
prediction_record,20260818T204035Z_github-32183473018,0,incoming,,,,,,,,,13180,"I did not pay much attention to the wash drum at first, but during a heavier-than-usual day it continues to work without drama. the behavior persisted across several attempts. I have stopped worrying about this part of the product. not great tbh.",positive,positive,0.9990729093551636,True,washing_machine,washing_machine,0.9996005892753601,True,standard,0,0,0,1,long,0,0,attention,,,,
prediction_record,20260818T204035Z_github-32183473018,0,incoming,,,,,,,,,13181,"After a few weeks of mixed use, I noticed that the streaming menu on this bedroom TV feels ordinary after more use. a second check gave me the same result. I can live with it. On the other hand, the panel lighting holds up better than expected, which makes the overall picture more mixed.",neutral,neutral,0.9998458623886108,True,television,television,0.9996762275695801,True,standard,0,0,0,0,long,1,0,noticed,,,,
prediction_record,20260818T204035Z_github-32183473018,0,incoming,,,,,,,,,13182,"after changing a few settings, i noticed that the inside lighting on this food cooler has not given me trouble. i tried the same thing again later and got a similar result. 😅",positive,negative,0.9993364214897156,False,refrigerator,refrigerator,0.9840400815010071,True,limited,0,1,0,0,medium,0,0,noticed,,,,
prediction_record,20260818T204035Z_github-32183473018,0,incoming,,,,,,,,,13183,"i did not pay much attention to the streaming menu at first, but after using it for work and at home it continues to work without drama. the difference became clearer after a few more days. i have stopped worrying about this part of the product.",positive,positive,0.9934525489807129,True,television,television,0.9995824694633484,True,informal,0,0,0,0,long,0,0,attention,,,,
prediction_record,20260818T204035Z_github-32183473018,0,incoming,,,,,,,,,13184,"Under ordinary operating conditions, the freezer copmartment is what stood out outside my normal routine; it has stayed dependable. I tried the same thing again later and got a similar result.",positive,negative,0.544669508934021,False,refrigerator,refrigerator,0.9983012676239014,True,technical,0,0,1,0,medium,0,0,stood_out,,,,
prediction_record,20260818T204035Z_github-32183473018,0,incoming,,,,,,,,,13185,"real talk, after using it for work and at home, i noticed that the on this room display is fine for what it is. the difference became clearer after a few more days.",neutral,neutral,0.999866247177124,True,television,television,0.9995899796485901,True,limited,0,0,0,1,medium,0,0,noticed,,,,
prediction_record,20260818T204035Z_github-32183473018,0,incoming,,,,,,,,,13186,"I have been useing this kitchen fridge outside my normal routine, and the gasket continues to work without drama. for my use case, this is a keeper. Damn, I did not expect this part to be this solid.",positive,positive,0.9994909763336182,True,refrigerator,refrigerator,0.991466760635376,True,advanced,1,0,1,0,long,0,0,context_component,,,,
prediction_record,20260818T204035Z_github-32183473018,0,incoming,,,,,,,,,13187,"After repeated use under comparable conditions, the door latch is what stood out after useing it for work and at home; it continues to work without drama. That said, the cycle controls is acceptable but unremarkable, so the experience is not completely one-sided. Damn, I did not expect this part to be this solid.",positive,negative,0.5239537358283997,False,washing_machine,refrigerator,0.6901927590370178,False,technical,1,0,1,0,long,1,0,stood_out,,,,
prediction_record,20260818T204035Z_github-32183473018,0,incoming,,,,,,,,,13188,My main impression of this screen unit comes from the built-in audio: it has not changed my opinion much after changing a few settings. someone else in the house noticed it too. it is adequate for now.,neutral,negative,0.9999176263809204,False,television,television,0.9996738433837891,True,advanced,0,0,0,0,long,0,0,main_impression,,,,
prediction_record,20260818T204035Z_github-32183473018,0,incoming,,,,,,,,,13189,"Across repeated observations, the built-in audio is what stood out when someone else in the house used it; it continues to work without drama. this was different from my first impression. I plan to keep using it. lol.",positive,positive,0.9739041924476624,True,television,refrigerator,0.9966347813606262,False,technical,0,0,0,1,long,0,0,stood_out,,,,
prediction_record,20260818T204035Z_github-32183473018,0,incoming,,,,,,,,,13190,the sports motion is what stood out after coming back it after a few days; it has not given me trouble. the difference became clearer after a few more days. it has earned my confidence.,positive,negative,0.9838563203811646,False,television,television,0.9996941089630127,True,limited,0,0,0,0,long,0,0,stood_out,,,,
prediction_record,20260818T204035Z_github-32183473018,0,incoming,,,,,,,,,13191,"real talk, the door warning is what stood out after taking it on a trip; it has been a pleasant surprise. i tried the same thing again later and got a similar result. damn, i did not expect this part to be this solid. 🔥",positive,positive,0.916007399559021,True,refrigerator,refrigerator,0.997784435749054,True,informal,1,1,0,1,long,0,0,stood_out,,,,
prediction_record,20260818T204035Z_github-32183473018,0,incoming,,,,,,,,,13192,the fill valve is what stood out during a heavier-than-usual day; it keeps acting up. the difference became clearer after a few more days. this is damn annoying.,negative,negative,0.9997652173042297,True,washing_machine,refrigerator,0.4769577085971832,False,limited,1,0,0,0,medium,0,1,stood_out,,,,
prediction_record,20260818T204035Z_github-32183473018,0,incoming,,,,,,,,,13193,"After repeated use under comparable conditions, not gonna lie, i have been using this TV set after taking it on a trip, and the picture quality feels dependable in daily use. the behavior persisted across several attempts. overall I am happy with it. That said, the interface is neither impressive nor bad, so the experience is not completely one-sided.",positive,negative,0.44969338178634644,False,television,television,0.9996664524078369,True,technical,0,0,0,1,long,1,0,using,,,,
prediction_record,20260818T204035Z_github-32183473018,0,incoming,,,,,,,,,13194,"After a few weeks of mixed use, the panel lighting works well even otuside my usual routine. I tried the same thing again later and got a similar result.",positive,positive,0.9721855521202087,True,television,washing_machine,0.9995799660682678,False,standard,0,0,1,0,medium,0,0,context_component,,,,
prediction_record,20260818T204035Z_github-32183473018,0,incoming,,,,,,,,,13195,"Outside my normal routine, I noticed that the controller on this living room display feels ordinary after more use. the behavior persisted across several attempts.",neutral,neutral,0.9945435523986816,True,television,television,0.9995830655097961,True,advanced,0,0,0,0,medium,0,0,noticed,,,,
prediction_record,20260818T204035Z_github-32183473018,0,incoming,,,,,,,,,13196,"After using it for work and at home, I noticed that the battery life on this cell phone continues to work without drama. a second check gave me the same result. That said, the network reception has turned into a recurring problem, so the experience is not completely one-sided.",positive,negative,0.9989573955535889,False,smartphone,smartphone,0.999630331993103,True,standard,0,0,0,0,long,1,0,noticed,,,,
prediction_record,20260818T204035Z_github-32183473018,0,incoming,,,,,,,,,13197,"after using it for work and at home, i noticed that the drainage motor on this clothes washer works well even outside my usual routine. i tried the same thing again later and got a similar result.",positive,positive,0.6359320282936096,True,washing_machine,washing_machine,0.987332284450531,True,informal,0,0,0,0,long,0,0,noticed,,,,
prediction_record,20260818T204035Z_github-32183473018,0,incoming,,,,,,,,,13198,"During a heavier-than-usual day, the streaming menu continues to work without drama. The panel lighting tells a different story because it works normally.",positive,negative,0.9475501179695129,False,television,television,0.9996532201766968,True,advanced,0,0,0,0,medium,1,0,context_component,,,,
prediction_record,20260818T204035Z_github-32183473018,0,incoming,,,,,,,,,13199,"I did not pay much attention to the controller at first, but when someone else in the house used it it remains basically average. a second check gave me the same result. Honestly 💀",neutral,neutral,0.9997939467430115,True,television,refrigerator,0.9572790861129761,False,advanced,0,1,0,0,long,0,0,attention,,,,
prediction_record,20260818T204035Z_github-32183473018,0,incoming,,,,,,,,,13200,"real talk, i have been using this mobile after using it for work and at home, and the battery life breaks down when conditions change. i noticed the only in the new situation. i am considering a replacement.",negative,neutral,0.8751263618469238,False,smartphone,smartphone,0.999594509601593,True,limited,0,0,0,1,long,0,1,using,,,,
prediction_record,20260818T204035Z_github-32183473018,0,incoming,,,,,,,,,13201,the rinse program is what stood out after taking it on a trip; it continues to work without drama. someone else in the house noticed it too.,positive,negative,0.8886545896530151,False,washing_machine,washing_machine,0.9932109713554382,True,informal,0,0,0,0,medium,0,0,stood_out,,,,
prediction_record,20260818T204035Z_github-32183473018,0,incoming,,,,,,,,,13202,The call quality is what stood out after coming back to it after a few days; it keeps getting in the way. the behavior persisted across several attempts.,negative,negative,0.9996442794799805,True,smartphone,refrigerator,0.9291616678237915,False,advanced,0,0,0,0,medium,0,1,stood_out,,,,
prediction_record,20260818T204035Z_github-32183473018,0,incoming,,,,,,,,,13203,"After taking it on a trip, I noticed that the gasket on this food cooler has not changed my opinion much. my opinion is still basically in the middle.",neutral,neutral,0.9966963529586792,True,refrigerator,refrigerator,0.9917895793914795,True,advanced,0,0,0,0,medium,0,1,noticed,,,,
prediction_record,20260818T204035Z_github-32183473018,0,incoming,,,,,,,,,13204,"After a few weeks of mixed use, the wash drum has stayed dependable. a second check gave me the same result. overall I am happy with it.",positive,negative,0.9831231236457825,False,washing_machine,washing_machine,0.9995632767677307,True,standard,0,0,0,0,medium,0,1,context_component,,,,
prediction_record,20260818T204035Z_github-32183473018,0,incoming,,,,,,,,,13205,"After repeated use under comparable conditions, i did not pay much attention to the door latch at first, but after coming back to it after a few days it breaks down when conditions change. I noticed the change only in the new situation.",negative,negative,0.7963089942932129,True,washing_machine,refrigerator,0.873285174369812,False,technical,0,0,0,0,long,0,0,attention,,,,
prediction_record,20260818T204035Z_github-32183473018,0,incoming,,,,,,,,,13206,"After a few weeks of mixed use, I noticed that the thermostat on this main fridge has turned into a recurring problem. I repeated the check before writing this. The damn thing keeps getting in the way. Honestly 😂",negative,negative,0.9998925924301147,True,refrigerator,smartphone,0.8586246967315674,False,advanced,1,1,0,0,long,0,1,noticed,,,,
prediction_record,20260818T204035Z_github-32183473018,0,incoming,,,,,,,,,13207,"imo, after taking it on a trip, the gasket still performs ocnsistently.",positive,positive,0.9823002219200134,True,refrigerator,refrigerator,0.4182872176170349,True,advanced,0,0,1,1,short,0,1,context_component,,,,
prediction_record,20260818T204035Z_github-32183473018,0,incoming,,,,,,,,,13208,"Under ordinary operating conditions, my main impression of this kitchen fridge comes from the thermostat: it keeps acting up after a few weeks of mixed use. I noticed the change only in the new situation. On the other hand, the door warning continues to work without drama, which makes the overall picture more mixed. This shit should not be happening in normal use.",negative,negative,0.9999908208847046,True,refrigerator,refrigerator,0.9981202483177185,True,technical,1,0,0,0,long,1,0,main_impression,,,,
prediction_record,20260818T204035Z_github-32183473018,0,incoming,,,,,,,,,13209,"After using it for work and at home, I noticed that the spin program on this machine has not given me trouble. a second check gave me the same result. I plan to keep using it. On the other hand, the vibration is acceptable but unremarkable, which makes the on balance picture more mixed.",positive,negative,0.9999725818634033,False,washing_machine,television,0.5879665613174438,False,advanced,0,0,0,0,long,1,0,noticed,,,,
prediction_record,20260818T204035Z_github-32183473018,0,incoming,,,,,,,,,13210,The inside lighting is what stood out when someone else in the house used it; it breaks down when conditions change. someone else in the house noticed it too. this is the part that makes me regret the purchase.,negative,negative,0.9999641180038452,True,refrigerator,refrigerator,0.9976644515991211,True,standard,0,0,0,0,long,0,1,stood_out,,,,
prediction_record,20260818T204035Z_github-32183473018,0,incoming,,,,,,,,,13211,"Under a representative operating profile, i did not pay much attention to the apps at first, but after using it for work and at home it holds up better than expected. the behavior persisted across several attempts. for my use case, this is a keeper.",positive,positive,0.9997580647468567,True,smartphone,television,0.9996356964111328,False,technical,0,0,0,0,long,0,1,attention,,,,
prediction_record,20260818T204035Z_github-32183473018,0,incoming,,,,,,,,,13212,"i have been using this new phone outside my normal routine, and the call quality feels ordinary after more use. a second check gave me the same result. my opinion is still basically in the middle.",neutral,neutral,0.999909520149231,True,smartphone,smartphone,0.999568521976471,True,informal,0,0,0,0,long,0,0,using,,,,
prediction_record,20260818T204035Z_github-32183473018,0,incoming,,,,,,,,,13213,"Under ordinary operating conditions, i have been useing this machine outside my normal routine, and the vibration continues to work without drama. I repeated the check before writing this. I would buy it again.",positive,negative,0.9441725015640259,False,washing_machine,washing_machine,0.5325046181678772,True,technical,0,0,1,0,long,0,1,context_component,,,,
prediction_record,20260818T204035Z_github-32183473018,0,incoming,,,,,,,,,13214,"After coming back to it after a few days, the drainage motor has turned into a recurring problem. this is the part that makes me regret the purchase. for real.",negative,negative,0.9998457431793213,True,washing_machine,refrigerator,0.9669996500015259,False,standard,0,0,0,1,medium,0,0,context_component,,,,
prediction_record,20260818T204035Z_github-32183473018,0,incoming,,,,,,,,,13215,"real talk, i did not pay much attention to the door warning at first, but during a heavier-than-usual day it works well even outside my usual routine. I tried the same thing again later and got a similar result. it has earned my confidence. The compressor fan tells a different story because it is difficult to trust.",positive,positive,0.9997714161872864,True,refrigerator,refrigerator,0.9931933283805847,True,standard,0,0,0,1,long,1,0,attention,,,,
prediction_record,20260818T204035Z_github-32183473018,0,incoming,,,,,,,,,13216,"Under a representative operating profile, i did not pay much attention to the door latch at first, but after changing a few settings it keesp acting up. That said, the soap tray has not given me trouble, so the experience is not completely one-sided.",negative,negative,0.9998117089271545,True,washing_machine,refrigerator,0.9911746978759766,False,technical,0,0,1,0,long,1,0,attention,,,,
prediction_record,20260818T204035Z_github-32183473018,0,incoming,,,,,,,,,13217,"During a heavier-than-usual day, I noticed that the interface on this living room display has stayed dependable. a second check gave me the same result.",positive,negative,0.716001033782959,False,television,television,0.9995520710945129,True,standard,0,0,0,0,medium,0,0,noticed,,,,
prediction_record,20260818T204035Z_github-32183473018,0,incoming,,,,,,,,,13218,My main impression of this wash unit comes from the wash drum: it works normally after changing a few settings. this was different from my first impression.,neutral,negative,0.9901590943336487,False,washing_machine,washing_machine,0.9990899562835693,True,standard,0,0,0,0,medium,0,0,main_impression,,,,
prediction_record,20260818T204035Z_github-32183473018,0,incoming,,,,,,,,,13219,"I have been using this kitchen fridge outside my normal routine, and the shelf layout is difficult to trust. this was different from my first impression.",negative,negative,0.6825664639472961,True,refrigerator,refrigerator,0.994454562664032,True,standard,0,0,0,0,medium,0,0,using,,,,
prediction_record,20260818T204035Z_github-32183473018,0,incoming,,,,,,,,,13220,"i have been using this television set after coming back to it after a few days, and the picture quality does the job. i would neither recommend nor warn people away.",neutral,neutral,0.9999024868011475,True,television,television,0.9996498823165894,True,limited,0,0,0,0,medium,0,0,using,,,,
prediction_record,20260818T204035Z_github-32183473018,0,incoming,,,,,,,,,13221,"From a practical reliability standpoint, the streaming menu is what stood out after coming back to it after a few days; it does the job. the difference became clearer after a few more days. The damn thing is basicalyl fine.",neutral,neutral,0.9998257756233215,True,television,television,0.999669075012207,True,technical,1,0,1,0,long,0,0,stood_out,,,,
prediction_record,20260818T204035Z_github-32183473018,0,incoming,,,,,,,,,13222,"I have been using this main fridge outside my normal routine, and the door warning has been a disappointment. the behavior persisted across several attempts.",negative,negative,0.4777936041355133,True,refrigerator,refrigerator,0.9820926189422607,True,standard,0,0,0,0,medium,0,0,using,,,,
prediction_record,20260818T204035Z_github-32183473018,0,incoming,,,,,,,,,13223,"i have been using this bedroom tv after taking it on a trip, and the built-in audio has not changed my opinion much. this was different from my first impression. pretty solid ngl.",neutral,negative,0.8177996277809143,False,television,television,0.9996341466903687,True,informal,0,0,0,1,medium,0,0,using,,,,
prediction_record,20260818T204035Z_github-32183473018,0,incoming,,,,,,,,,13224,"Outside my normal routine, I noticed that the apps on this mobile has become increasingly unreliable. I noticed the change only in the new situation. I would hesitate to buy it again.",negative,negative,0.9999781847000122,True,smartphone,washing_machine,0.999553382396698,False,standard,0,0,0,0,medium,0,0,noticed,,,,
prediction_record,20260818T204035Z_github-32183473018,0,incoming,,,,,,,,,13225,"i have been using this pocket device after coming back to it after a few days, and the battery life breaks down when conditions change. the difference became clearer after a few more days.",negative,neutral,0.6874983906745911,False,smartphone,smartphone,0.999588668346405,True,limited,0,0,0,0,long,0,0,using,,,,
prediction_record,20260818T204035Z_github-32183473018,0,incoming,,,,,,,,,13226,"fr, the panel lighting is what stood out after a few weeks of mixed use; it holds up better than expected. overall I am happy with it.",positive,positive,0.9997032284736633,True,television,washing_machine,0.9996281862258911,False,standard,0,0,0,1,medium,0,0,stood_out,,,,
prediction_record,20260818T204035Z_github-32183473018,0,incoming,,,,,,,,,13227,"When someone else in the house used it, the cycle controls has turned into a recurring problem. I tried the same thing again later and got a similar result. this is the part that makes me regret the purchase.",negative,negative,0.9999709129333496,True,washing_machine,smartphone,0.4863678514957428,False,standard,0,0,0,0,long,0,0,context_component,,,,
prediction_record,20260818T204035Z_github-32183473018,0,incoming,,,,,,,,,13228,"real talk, i have been using this screen unit when someone else in the house used it, and the video input keeps getting in the way. I tried the same thing again later and got a similar result.",negative,negative,0.9999363422393799,True,television,television,0.9996263980865479,True,advanced,0,0,0,1,long,0,0,using,,,,
prediction_record,20260818T204035Z_github-32183473018,0,incoming,,,,,,,,,13229,"Across repeated observations, after changing a few settings, I noticed that the thermostat on this main fridge keeps getting in the way. someone else in the house noticed it too. I would hesitate to buy it again.",negative,negative,0.9999819993972778,True,refrigerator,refrigerator,0.9980053305625916,True,technical,0,0,0,0,long,0,0,noticed,,,,
prediction_record,20260818T204035Z_github-32183473018,0,incoming,,,,,,,,,13230,"Under ordinary operating conditions, the inside lighting is what stood out after taking it on a trip; it breaks down when conditions change. the difference became clearer after a few more days. for real.",negative,neutral,0.8935571312904358,False,refrigerator,refrigerator,0.984379768371582,True,technical,0,0,0,1,long,0,0,stood_out,,,,
prediction_record,20260818T204035Z_github-32183473018,0,incoming,,,,,,,,,13231,"After repeated use under comparable conditions, after taking it on a trip, the network reception keeps acting up. the difference became clearer after a few more days. I am considering a replacement. On the other hand, the call quality works normally, which makes the overall picture more mixed.",negative,negative,0.9999786615371704,True,smartphone,smartphone,0.999589741230011,True,technical,0,0,0,0,long,1,1,context_component,,,,
prediction_record,20260818T204035Z_github-32183473018,0,incoming,,,,,,,,,13232,"i did not pay much attention to the cycle controls at first, but after coming back to it after a few days it remains basically average. i repeated the check before writing this. i can live with it.",neutral,neutral,0.9997987151145935,True,washing_machine,washing_machine,0.5794089436531067,True,informal,0,0,0,0,long,0,0,attention,,,,
prediction_record,20260818T204035Z_github-32183473018,0,incoming,,,,,,,,,13233,"fr, during a heavier-than-usual day, I noticed that the touch panel on this pocket device keeps getting in the way. I would not rely on it.",negative,negative,0.9998931884765625,True,smartphone,smartphone,0.9956425428390503,True,advanced,0,0,0,1,medium,0,0,noticed,,,,
prediction_record,20260818T204035Z_github-32183473018,0,incoming,,,,,,,,,13234,"during a heavier-than-usual day, the earpiece continues to work without drama. the difference clearer after a few more days.",positive,negative,0.7928282618522644,False,smartphone,refrigerator,0.3575740456581116,False,limited,0,0,0,0,medium,0,0,context_component,,,,
prediction_record,20260818T204035Z_github-32183473018,0,incoming,,,,,,,,,13235,"After changing a few settings, I noticed that the rear camera on this daily driver has not changed my opinion much. I repeated the check before writing this. The damn thing is basically fine. lol.",neutral,neutral,0.9843377470970154,True,smartphone,smartphone,0.9996638298034668,True,advanced,1,0,0,1,long,0,0,noticed,,,,
prediction_record,20260818T204035Z_github-32183473018,0,incoming,,,,,,,,,13236,"Under ordinary operating conditions, my main impression of this bedroom TV comes from the niterface: it has become increasingly unreliable after coming back to it after a few days. the difference became clearer after a few more days. I would hesittae to buy it again. That said, the controller works normally, so the experience is not completely one-sided. This shit should not be happening in normal use.",negative,negative,0.9999910593032837,True,television,television,0.9996250867843628,True,technical,1,0,1,0,long,1,0,main_impression,,,,
prediction_record,20260818T204035Z_github-32183473018,0,incoming,,,,,,,,,13237,"i did not pay much attention to the ice system at first, but after a few weeks of mixed use it keeps acting up. someone else in the house noticed it too.",negative,negative,0.9988924860954285,True,refrigerator,television,0.9996545314788818,False,informal,0,0,0,0,medium,0,0,attention,,,,
prediction_record,20260818T204035Z_github-32183473018,0,incoming,,,,,,,,,13238,"Outside my normal routine, the compressor fan still performs consistently. a second check gave me the same reslut. it has earned my confidence.",positive,positive,0.9998863935470581,True,refrigerator,refrigerator,0.9989904761314392,True,standard,0,0,1,0,medium,0,0,context_component,,,,
prediction_record,20260818T204035Z_github-32183473018,0,incoming,,,,,,,,,13239,"tbh, i did not pay much attention to the spin program at first, but after taking it on a trip it has been a pleasant surprise. Honestly 🙂",positive,negative,0.5280070304870605,False,washing_machine,washing_machine,0.9459617137908936,True,limited,0,1,0,1,medium,0,0,attention,,,,
prediction_record,20260818T204035Z_github-32183473018,0,incoming,,,,,,,,,13240,"lowkey, after using it for work and at home, the soap tray is neither impressive nor bad. it is adequate for now.",neutral,neutral,0.9998984336853027,True,washing_machine,refrigerator,0.8992800116539001,False,informal,0,0,0,1,medium,0,0,context_component,,,,
prediction_record,20260818T204035Z_github-32183473018,0,incoming,,,,,,,,,13241,"lowkey, after using it for work and at home, the apps fails in normal use.",negative,negative,0.9536821246147156,True,smartphone,television,0.9754267930984497,False,informal,0,0,0,1,medium,0,0,context_component,,,,
prediction_record,20260818T204035Z_github-32183473018,0,incoming,,,,,,,,,13242,"When someone else in the house used it, the spin program works normally. a second check gave me the same result. idk. 🙃",neutral,negative,0.9574066996574402,False,washing_machine,washing_machine,0.9889203906059265,True,standard,0,1,0,1,medium,0,1,context_component,,,,
prediction_record,20260818T204035Z_github-32183473018,0,incoming,,,,,,,,,13243,my main impression of this television set comes from the controller: it has become increasingly unreliable after a few weeks of mixed use. someone else in the house noticed it too. i am already looking at alternatives. idk.,negative,negative,0.9999901056289673,True,television,television,0.9996941089630127,True,informal,0,0,0,1,long,0,0,main_impression,,,,
prediction_record,20260818T204035Z_github-32183473018,0,incoming,,,,,,,,,13244,"after taking it on a trip, i noticed the spin program on this clothes washer works well even outside my usual routine. this was different from my first impression. 🤔",positive,positive,0.9838203191757202,True,washing_machine,washing_machine,0.9996320009231567,True,limited,0,1,0,0,medium,0,0,context_component,,,,
prediction_record,20260818T204035Z_github-32183473018,0,incoming,,,,,,,,,13245,"When someone else in the house used it, the vibration has not given me trouble. this was different from my first impression. not great tbh.",positive,negative,0.9998407363891602,False,washing_machine,refrigerator,0.9926134347915649,False,standard,0,0,0,1,medium,0,0,context_component,,,,
prediction_record,20260818T204035Z_github-32183473018,0,incoming,,,,,,,,,13246,"fr, i did not pay much attention to the fill valve at first, but after changing a few settings it has not changed my opinion much. someone else in the house noticed it too. it is adequate for now. 🙃",neutral,neutral,0.9311941862106323,True,washing_machine,refrigerator,0.9960707426071167,False,standard,0,1,0,1,long,0,0,attention,,,,
prediction_record,20260818T204035Z_github-32183473018,0,incoming,,,,,,,,,13247,The soap tray is what stood out during a heavier-than-usual day; it is acceptable but unremarkable. someone else in the house noticed it too. it is adequate for now. 🤷,neutral,neutral,0.9439546465873718,True,washing_machine,refrigerator,0.9809218049049377,False,advanced,0,1,0,0,medium,0,0,stood_out,,,,
prediction_record,20260818T204035Z_github-32183473018,0,incoming,,,,,,,,,13248,"i did not pay much attention to the rinse program at first, but after a few weeks of mixed use it has become increasingly unreliable. this was different from my first impression. this is damn annoying.",negative,negative,0.9999812841415405,True,washing_machine,washing_machine,0.8538398742675781,True,informal,1,0,0,0,long,0,0,attention,,,,
prediction_record,20260818T204035Z_github-32183473018,0,incoming,,,,,,,,,13249,"when someone else in the house used it, the motion does the job. my opinion is still basically in the middle. lol.",neutral,neutral,0.9995682835578918,True,television,television,0.9996010661125183,True,limited,0,0,0,1,medium,0,0,context_component,,,,
prediction_record,20260818T204035Z_github-32183473018,0,incoming,,,,,,,,,13250,"imo, after changing a few settings, the ice system fails in normal use. someone else in the house noticed it too. this is the part that makes me regret the purchase. this is damn annoying.",negative,negative,0.9999923706054688,True,refrigerator,television,0.9994807839393616,False,limited,1,0,0,1,long,0,0,context_component,,,,
prediction_record,20260818T204035Z_github-32183473018,0,incoming,,,,,,,,,13251,"I have been using this clothes washer after taking it on a trip, and the vibration keeps acting up. the behavior persisted across several attempts.",negative,negative,0.8680978417396545,True,washing_machine,washing_machine,0.818109929561615,True,standard,0,0,0,0,medium,0,1,using,,,,
prediction_record,20260818T204035Z_github-32183473018,0,incoming,,,,,,,,,13252,"After repeated use under comparable conditions, after coming back to it after a few days, I noticed that the gasket on this food cooler works well even outside my usual routine. I plan to keep using it.",positive,positive,0.999434769153595,True,refrigerator,refrigerator,0.5365228056907654,True,technical,0,0,0,0,long,0,1,noticed,,,,
prediction_record,20260818T204035Z_github-32183473018,0,incoming,,,,,,,,,13253,"I did not pay much attention to the network reception at first, but after using it for work and at home it keeps acting up. the behavior persisted across several attempts. I would hesitate to buy it again. Honestly 😅",negative,negative,0.999859094619751,True,smartphone,smartphone,0.9996577501296997,True,advanced,0,1,0,0,long,0,0,attention,,,,
prediction_record,20260818T204035Z_github-32183473018,0,incoming,,,,,,,,,13254,The cooling motor is what stood out when someone else in the house used it; it remains basically average. a second check gave me the same result.,neutral,neutral,0.9996758699417114,True,refrigerator,refrigerator,0.9980465173721313,True,standard,0,0,0,0,medium,0,0,stood_out,,,,
prediction_record,20260818T204035Z_github-32183473018,0,incoming,,,,,,,,,13255,"My main impression of this bedroom TV comes from the video input: it feels ordinary after more use after taking it on a trip. someone else in the house noticed it too. my opinion is still basically in the middle. It is not amazing, but it is not bullshit either.",neutral,neutral,0.9999617338180542,True,television,television,0.9996527433395386,True,standard,1,0,0,0,long,0,0,main_impression,,,,
prediction_record,20260818T204035Z_github-32183473018,0,incoming,,,,,,,,,13256,"i did not pay much attention to the video input at first, but when someone else in the house used it it keeps getting in the way. this was different from my first impression. 😐",negative,negative,0.9999150037765503,True,television,television,0.9996540546417236,True,informal,0,1,0,0,long,0,0,attention,,,,
prediction_record,20260818T204035Z_github-32183473018,0,incoming,,,,,,,,,13257,"the ice system is what stood out when someone else in the house used it; it still preforms i tried the same thing again later and got a similar result. damn, i did not expect this part to be this solid.",positive,positive,0.9133005738258362,True,refrigerator,television,0.9996309280395508,False,limited,1,0,1,0,long,0,0,stood_out,,,,
prediction_record,20260818T204035Z_github-32183473018,0,incoming,,,,,,,,,13258,"i did not pay much attention to the inside lighting at first, but after a few weeks of mixed use it continues to work without drama. i noticed the change only in the new situation. i have stopped worrying about this part of the product.",positive,positive,0.9979298114776611,True,refrigerator,smartphone,0.3295323848724365,False,informal,0,0,0,0,long,0,0,attention,,,,
prediction_record,20260818T204035Z_github-32183473018,0,incoming,,,,,,,,,13259,"after changing a few settings, the controller has not changed my opinion much. the difference became clearer after a few more days. it is adeqaute for now. it is not amazing, but it is not bullshit either.",neutral,neutral,0.999950647354126,True,television,refrigerator,0.9976542592048645,False,limited,1,0,1,0,long,0,0,context_component,,,,
prediction_record,20260818T204035Z_github-32183473018,0,incoming,,,,,,,,,13260,The picture quality is what stood out outside my normal routine; it is difficult to trust. the behavior persisted across several attempts. this needs to improve. lol.,negative,negative,0.99549400806427,True,television,washing_machine,0.7740634679794312,False,advanced,0,0,0,1,medium,0,0,stood_out,,,,
prediction_record,20260818T204035Z_github-32183473018,0,incoming,,,,,,,,,13261,"ngl, during a heavier-than-usual day, I noticed that the sports motion on this living room display remains basically average. I can live with it.",neutral,neutral,0.998273491859436,True,television,television,0.9996128678321838,True,standard,0,0,0,1,medium,0,0,noticed,,,,
prediction_record,20260818T204035Z_github-32183473018,0,incoming,,,,,,,,,13262,"i did not pay much attention to the rinse program at first, but during a heavier-than-usual day it works onrmally. i noticed the change only in the new situation. i do not feel strongly either way.",neutral,neutral,0.9818794131278992,True,washing_machine,washing_machine,0.9516566395759583,True,limited,0,0,1,0,long,0,0,attention,,,,
prediction_record,20260818T204035Z_github-32183473018,0,incoming,,,,,,,,,13263,"the door latch is what stood out outside normal routine; it has stayed dependable. someone else in the house noticed it too. no bullshit, this has been one of the better parts of the product. kinda wild.",positive,positive,0.9812961220741272,True,washing_machine,refrigerator,0.995724081993103,False,limited,1,0,0,1,long,0,0,stood_out,,,,
prediction_record,20260818T204035Z_github-32183473018,0,incoming,,,,,,,,,13264,"i did not pay much attention to the picture quailty at first, but after changing a few settings it breaks down when conditions change. the difference became clearer after a few more days. not great tbh.",negative,negative,0.767062246799469,True,television,smartphone,0.36384695768356323,False,informal,0,0,1,1,long,0,0,attention,,,,
prediction_record,20260818T204035Z_github-32183473018,0,incoming,,,,,,,,,13265,"I have been using this kitchen fridge after a few weeks of mixed use, and the thermostat does the job. I repeated the check before writing this.",neutral,neutral,0.9777116775512695,True,refrigerator,refrigerator,0.7204102277755737,True,advanced,0,0,0,0,medium,0,0,using,,,,
prediction_record,20260818T204035Z_github-32183473018,0,incoming,,,,,,,,,13266,"during a heavier-than-usual day, the wireless connection is fine for what it is. someone the house noticed it too. i can live with it. 🔥",neutral,neutral,0.999504804611206,True,television,refrigerator,0.7547241449356079,False,limited,0,1,0,0,medium,0,0,context_component,,,,
prediction_record,20260818T204035Z_github-32183473018,0,incoming,,,,,,,,,13267,the call quality is what stood out during a heavier-than-usual day; it has not changed my opinion much. 💀,neutral,negative,0.7525333762168884,False,smartphone,refrigerator,0.7001676559448242,False,informal,0,1,0,0,medium,0,0,stood_out,,,,
prediction_record,20260818T204035Z_github-32183473018,0,incoming,,,,,,,,,13268,"I did not pay much attention to the ice system at first, but after changing a few settings it has been a disappointment. this was different from my first impression. I would hesitate to buy it again.",negative,negative,0.9988773465156555,True,refrigerator,television,0.9996397495269775,False,advanced,0,0,0,0,long,0,0,attention,,,,
prediction_record,20260818T204035Z_github-32183473018,0,incoming,,,,,,,,,13269,the rear camera is what stood after taking it on a trip; it continues to work without drama. the difference became after a few more days. Honestly 😐,positive,neutral,0.466518759727478,False,smartphone,smartphone,0.9996192455291748,True,limited,0,1,0,0,medium,0,0,context_component,,,,
prediction_record,20260818T204035Z_github-32183473018,0,incoming,,,,,,,,,13270,"i have been using this cell phone after taking it on a trip, and the earpiece is neither impressive nor bad. i treid same thing again later and got a similar result.",neutral,neutral,0.9998823404312134,True,smartphone,smartphone,0.9995964169502258,True,limited,0,0,1,0,medium,0,1,using,,,,
prediction_record,20260818T204035Z_github-32183473018,0,incoming,,,,,,,,,13271,"during a heavier-than-usual day, i noticed that the agsket on this cold-storage unit fails in normal use. this was different from my first impression. this is the part that makes me regret the purchase.",negative,negative,0.9999887943267822,True,refrigerator,refrigerator,0.9485654234886169,True,informal,0,0,1,0,long,0,1,noticed,,,,
prediction_record,20260818T204035Z_github-32183473018,0,incoming,,,,,,,,,13272,"I did not pay much attention to the cooling motor at first, but after using it for work and at home it fails in routine use. I am considering a replacement.",negative,negative,0.9998679161071777,True,refrigerator,refrigerator,0.9926027655601501,True,advanced,0,0,0,0,medium,0,1,attention,,,,
prediction_record,20260818T204035Z_github-32183473018,0,incoming,,,,,,,,,13273,"During a heavier-than-usual day, I noticed that the video input on this screen unit works normally. this was different from my first impression. On the other hand, the interface has been a disappointment, which makes the on balance picture more mixed. pretty solid ngl.",neutral,negative,0.9999147653579712,False,television,television,0.9996471405029297,True,advanced,0,0,0,1,long,1,0,noticed,,,,
prediction_record,20260818T204035Z_github-32183473018,0,incoming,,,,,,,,,13274,"outside my noraml routine, the fingerprint reader keeps acting up. i would not rely on it.",negative,negative,0.9987911581993103,True,smartphone,refrigerator,0.512605607509613,False,informal,0,0,1,0,medium,0,1,context_component,,,,
prediction_record,20260818T204035Z_github-32183473018,0,incoming,,,,,,,,,13275,the cycle controls is what stood out after changing a few settings; it keeps acting up. i treid the same thing again later and got a similar result.,negative,negative,0.985119640827179,True,washing_machine,washing_machine,0.9948912858963013,True,informal,0,0,1,0,medium,0,0,stood_out,,,,
prediction_record,20260818T204035Z_github-32183473018,0,incoming,,,,,,,,,13276,"I have been useing this bedroom TV outside my normal routine, and the video input works well even outside my usual routine. Damn, I did not expect this part to be this solid. for real.",positive,positive,0.9996904134750366,True,television,television,0.9996393918991089,True,standard,1,0,1,1,long,0,0,context_component,,,,
prediction_record,20260818T204035Z_github-32183473018,0,incoming,,,,,,,,,13277,"i have been using this new washer outside my normal routine, and the spin program has stayed dependable. second check gave me the same result. i plan to keep using it.",positive,positive,0.9428547620773315,True,washing_machine,washing_machine,0.999582827091217,True,limited,0,0,0,0,medium,0,0,using,,,,
prediction_record,20260818T204035Z_github-32183473018,0,incoming,,,,,,,,,13278,"Under ordinary operating conditions, during a heavier-than-usual day, the spin program works normally. I would neither recommend it nor warn people away.",neutral,neutral,0.9988425970077515,True,washing_machine,washing_machine,0.9696845412254333,True,technical,0,0,0,0,medium,0,0,context_component,,,,
prediction_record,20260818T204035Z_github-32183473018,0,incoming,,,,,,,,,13279,The sports motion is what stood out when someone else in the house used it; it works well even outside my usual routine. I repeated the check before writing this. I have stopped worrying about this part of the product.,positive,positive,0.9998363256454468,True,television,television,0.9995817542076111,True,standard,0,0,0,0,long,0,1,stood_out,,,,
prediction_record,20260818T204035Z_github-32183473018,0,incoming,,,,,,,,,13280,"Across repeated observations, i did not pay much attention to the touch panel at first, but when someone else in the house used it it has not changed my opinion much. a second check gave me the same result. The USB port tells a different story because it continues to work without drama. It is not amazing, but it is not bullshit either.",neutral,negative,0.9999665021896362,False,smartphone,washing_machine,0.8193342685699463,False,technical,1,0,0,0,long,1,0,attention,,,,
prediction_record,20260818T204035Z_github-32183473018,0,incoming,,,,,,,,,13281,"From a practical reliability standpoint, the rinse program is what stood out after coming back to it after a few days; it is acceptable but unremarkable. this was different from my first impression.",neutral,negative,0.7119086384773254,False,washing_machine,washing_machine,0.627166211605072,True,technical,0,0,0,0,medium,0,0,stood_out,,,,
prediction_record,20260818T204035Z_github-32183473018,0,incoming,,,,,,,,,13282,"Under ordinary operating conditions, the battery life is what stood out after coming back to it after a few days; it has been a disappointment.",negative,negative,0.584156334400177,True,smartphone,smartphone,0.9995763897895813,True,technical,0,0,0,0,medium,0,0,stood_out,,,,
prediction_record,20260818T204035Z_github-32183473018,0,incoming,,,,,,,,,13283,"after changing a few settings, i noticed that the soap tray on this laundry unit neither impressive nor bad.",neutral,neutral,0.9339117407798767,True,washing_machine,washing_machine,0.5647631883621216,True,limited,0,0,0,0,medium,0,0,noticed,,,,
prediction_record,20260818T204035Z_github-32183473018,0,incoming,,,,,,,,,13284,"i have been using this screen unit after using it for work and at home, and the built-in audio remains basically average. i repeated the check before writing this. the controller tells a different story because it has not given me trouble. there is no major crap to complain about here. 🙃",neutral,neutral,0.9999371767044067,True,television,television,0.9997134804725647,True,informal,1,1,0,0,long,1,1,using,,,,
prediction_record,20260818T204035Z_github-32183473018,0,incoming,,,,,,,,,13285,"After taking it on a trip, I noticed that the call quality on this daily driver has become increasingly unreliable. The damn thing keeps getting in the way.",negative,negative,0.9999613761901855,True,smartphone,smartphone,0.9983856678009033,True,standard,1,0,0,0,medium,0,0,noticed,,,,
prediction_record,20260818T204035Z_github-32183473018,0,incoming,,,,,,,,,13286,My main impression of this work phone comes from the rear camera: it works normally during a heavier-than-usual day. I would neither recommend it nor warn people away.,neutral,neutral,0.8219548463821411,True,smartphone,smartphone,0.9996011853218079,True,standard,0,0,0,0,medium,0,0,main_impression,,,,
prediction_record,20260818T204035Z_github-32183473018,0,incoming,,,,,,,,,13287,"After changing a few settings, I noticed that the wireless conection on this television set is fine for what it is. I noticed the change only in the new situation. I would neither recommend it nor warn people away.",neutral,neutral,0.9999594688415527,True,television,washing_machine,0.9992974996566772,False,advanced,0,0,1,0,long,0,1,noticed,,,,
prediction_record,20260818T204035Z_github-32183473018,0,incoming,,,,,,,,,13288,the door warning is what stood out after changing a few settings; it has not changed my opinion much. Honestly 😬,neutral,neutral,0.8526730537414551,True,refrigerator,refrigerator,0.9218142032623291,True,informal,0,1,0,0,medium,0,0,stood_out,,,,
prediction_record,20260818T204035Z_github-32183473018,0,incoming,,,,,,,,,13289,the thermostat is what stood out after a few weeks of mixed use; it is fine for what it is. i tried the same thing again later and got a similar result.,neutral,neutral,0.9998917579650879,True,refrigerator,washing_machine,0.4108670651912689,False,limited,0,0,0,0,medium,0,0,stood_out,,,,
prediction_record,20260818T204035Z_github-32183473018,0,incoming,,,,,,,,,13290,"Under ordinary operating conditions, i have been using this laundry unit after changing a few settings, and the wash drum holds up better than expected. this was different from my first impression. I would buy it again.",positive,positive,0.9994463324546814,True,washing_machine,washing_machine,0.9993258714675903,True,technical,0,0,0,0,long,0,0,using,,,,
prediction_record,20260818T204035Z_github-32183473018,0,incoming,,,,,,,,,13291,"After changing a few settings, I noticed that the call quality on this daily driver works normally. I do not feel strongly either way.",neutral,neutral,0.9939450621604919,True,smartphone,refrigerator,0.8027204275131226,False,advanced,0,0,0,0,medium,0,1,noticed,,,,
prediction_record,20260818T204035Z_github-32183473018,0,incoming,,,,,,,,,13292,The fingerprint reader is what stood out after coming back to it after a few days; it is difficult to trust. I repeated the check before writing this. I am already looking at alternatives.,negative,negative,0.9995775818824768,True,smartphone,refrigerator,0.6880033612251282,False,advanced,0,0,0,0,long,0,0,stood_out,,,,
prediction_record,20260818T204035Z_github-32183473018,0,incoming,,,,,,,,,13293,"Across repeated observations, after taking it on a trip, I noticed that the shelf layout on this cold-storage unit continues to work without drama.",positive,negative,0.4264315068721771,False,refrigerator,refrigerator,0.7199515700340271,True,technical,0,0,0,0,medium,0,0,noticed,,,,
prediction_record,20260818T204035Z_github-32183473018,0,incoming,,,,,,,,,13294,My main impression of this machine comes from the rinse program: it has been a disappointment after a few weeks of mixed use. the difference became clearer fater a few more days. This is damn annoying.,negative,negative,0.9995895028114319,True,washing_machine,washing_machine,0.4975563585758209,True,advanced,1,0,1,0,long,0,0,main_impression,,,,
prediction_record,20260818T204035Z_github-32183473018,0,incoming,,,,,,,,,13295,"during a heavier-than-usual day, the picture quality is difficult to trust. the behavior persisted across several attempts.",negative,negative,0.8377427458763123,True,television,washing_machine,0.8259232640266418,False,informal,0,0,0,0,medium,0,0,context_component,,,,
prediction_record,20260818T204035Z_github-32183473018,0,incoming,,,,,,,,,13296,"When somoene else in the house used it, the wireless connection fails in normal use. 👎",negative,negative,0.9961548447608948,True,television,refrigerator,0.9342811703681946,False,standard,0,1,1,0,medium,0,0,context_component,,,,
prediction_record,20260818T204035Z_github-32183473018,0,incoming,,,,,,,,,13297,"i did not pay much attention to the spin program at first, but after a few weeks of mixed use it has been a pleasant surprise. the difference became clearer after a few more days.",positive,negative,0.9225615859031677,False,washing_machine,washing_machine,0.9927324652671814,True,informal,0,0,0,0,long,0,0,attention,,,,
prediction_record,20260818T204035Z_github-32183473018,0,incoming,,,,,,,,,13298,my main impression of this new refrigerator comes from the compressor fan: it fails in normal use after changing a few settings.,negative,negative,0.999601423740387,True,refrigerator,refrigerator,0.9983637928962708,True,informal,0,0,0,0,medium,0,0,main_impression,,,,
prediction_record,20260818T204035Z_github-32183473018,0,incoming,,,,,,,,,13299,"ngl, my main impression of this mobile comes from the apps: it has turned into a recurring problem outside my normal routine. the difference became clearer after a few more days.",negative,negative,0.975934624671936,True,smartphone,television,0.9996010661125183,False,informal,0,0,0,1,medium,0,0,main_impression,,,,
prediction_record,20260818T204035Z_github-32183473018,0,incoming,,,,,,,,,13300,My main impression of this laundry unit comes from the rinse program: it keeps getting in the way when someone else in the house used it. a second check gave me the same result. I am already looking at alternatives. 🙃,negative,negative,0.9999884366989136,True,washing_machine,washing_machine,0.8623176217079163,True,standard,0,1,0,0,long,0,0,main_impression,,,,
prediction_record,20260818T204035Z_github-32183473018,0,incoming,,,,,,,,,13301,my main impression of this mobile comes from the touch panel: it fails in normal use after using it for work and at home. a second check gave me the same result.,negative,negative,0.9999657869338989,True,smartphone,refrigerator,0.9986271858215332,False,informal,0,0,0,0,medium,0,0,main_impression,,,,
prediction_record,20260818T204035Z_github-32183473018,0,incoming,,,,,,,,,13302,"i have been using this wash unit when someone else in the house used it, and the soap tray holds up bettre than expected. this was different from my first impression.",positive,negative,0.9931135773658752,False,washing_machine,refrigerator,0.9118147492408752,False,informal,0,0,1,0,medium,0,0,using,,,,
prediction_record,20260818T204035Z_github-32183473018,0,incoming,,,,,,,,,13303,"real talk, the freezer compartment is what stood out after a few weeks of mixed use; it remains basically average. someone else in the house noticed it too. On the other hand, the cooling motor keeps acting up, which makes the on balance picture more mixed. 😬",neutral,neutral,0.9999200105667114,True,refrigerator,refrigerator,0.9994022846221924,True,advanced,0,1,0,1,long,1,1,stood_out,,,,
prediction_record,20260818T204035Z_github-32183473018,0,incoming,,,,,,,,,13304,"After changing a few settings, I noticed that the battery life on this daily driver is neither impressive nor bad. I repeated the check before writing this. It is not amazing, but it is not bullshit either.",neutral,neutral,0.9999562501907349,True,smartphone,smartphone,0.9996671676635742,True,advanced,1,0,0,0,long,0,0,noticed,,,,
prediction_record,20260818T204035Z_github-32183473018,0,incoming,,,,,,,,,13305,"imo, i have been using this work phone after using it for work and at home, and the USB port fails in normal use. a second check gave me the same result. I would hesitate to buy it again. The touch panel tells a different story because it feels dependable in daily use.",negative,negative,0.9999854564666748,True,smartphone,smartphone,0.9995991587638855,True,standard,0,0,0,1,long,1,0,using,,,,
prediction_record,20260818T204035Z_github-32183473018,0,incoming,,,,,,,,,13306,"From a practical reliability standpoint, ngl, the fill valve is what stood out outside my onrmal routine; it is acceptable but unremarkable. That said, the soap tray has been a disappointment, so the experience is not completely one-sided. Honestly 🤔",neutral,negative,0.9766928553581238,False,washing_machine,refrigerator,0.9988777041435242,False,technical,0,1,1,1,long,1,0,stood_out,,,,
prediction_record,20260818T204035Z_github-32183473018,0,incoming,,,,,,,,,13307,My main impression of this TV set comes from the streaming menu: it works well even outside my usual routine during a heavier-than-usual day. The damn thing surprised me in a good way.,positive,positive,0.9996578693389893,True,television,television,0.9996122717857361,True,advanced,1,0,0,0,medium,0,0,main_impression,,,,
prediction_record,20260818T204035Z_github-32183473018,0,incoming,,,,,,,,,13308,my main impressino of this work phone cmoes from the earpiece: it fails in normal when someone else in the house used it. the difference became clearer after a more days. i am considering a replacement. this is damn annoying. idk. Honestly 💀,negative,negative,0.9999887943267822,True,smartphone,smartphone,0.9995960593223572,True,limited,1,1,1,1,long,0,0,context_component,,,,
prediction_record,20260818T204035Z_github-32183473018,0,incoming,,,,,,,,,13309,"fr, i did not pay much attention to the inside lighting at first, but after changing a few settings it continues to work without drama. a second check gave me the same result.",positive,negative,0.7426088452339172,False,refrigerator,refrigerator,0.709923267364502,True,advanced,0,0,0,1,medium,0,0,attention,,,,
prediction_record,20260818T204035Z_github-32183473018,0,incoming,,,,,,,,,13310,"I did not pay much attention to the call quailty at first, but when someone else in the house used it it feels ordinary after more use. Honestly, the damn thing is just average.",neutral,neutral,0.9998797178268433,True,smartphone,refrigerator,0.950313925743103,False,advanced,1,0,1,0,long,0,0,attention,,,,
prediction_record,20260818T204035Z_github-32183473018,0,incoming,,,,,,,,,13311,"Under ordinary operating conditions, i have been using this main fridge after a few weeks of mixed use, and the ice system fails in normal use. I tried the same thing again later and got a similar result.",negative,negative,0.9999181032180786,True,refrigerator,television,0.9280356764793396,False,technical,0,0,0,0,long,0,0,using,,,,
prediction_record,20260818T204035Z_github-32183473018,0,incoming,,,,,,,,,13312,"During a heavier-than-usual day, the wash drum has not given me trouble. this was different from my first impression.",positive,negative,0.9993818998336792,False,washing_machine,washing_machine,0.9673689007759094,True,standard,0,0,0,0,medium,0,1,context_component,,,,
prediction_record,20260818T204035Z_github-32183473018,0,incoming,,,,,,,,,13313,"honestly tho, after coming back to it after a few days, i noticed that the fingerprint reader on this mobile keeps getting in the way. i am already looking at alternatives.",negative,negative,0.9999639987945557,True,smartphone,smartphone,0.9987782835960388,True,limited,0,0,0,1,medium,0,0,noticed,,,,
prediction_record,20260818T204035Z_github-32183473018,0,incoming,,,,,,,,,13314,"during a heavier-than-usual day, the door latch is fine for it is. the behavior persisted across several attempts. 💀",neutral,neutral,0.9977214932441711,True,washing_machine,washing_machine,0.43065154552459717,True,limited,0,1,0,0,medium,0,0,context_component,,,,
prediction_record,20260818T204035Z_github-32183473018,0,incoming,,,,,,,,,13315,"my main impression of this laundry unit comes from the door latch: it has not changed my opinion much after a few weeks of mixed use. i repeated the check before writing this. that said, the rinse program breaks down when conditions change, so the experience is not completely one-sided.",neutral,negative,0.9999747276306152,False,washing_machine,washing_machine,0.503081738948822,True,informal,0,0,0,0,long,1,0,main_impression,,,,
prediction_record,20260818T204035Z_github-32183473018,0,incoming,,,,,,,,,13316,My main impression of this cell phone comes from the touch panel: it feels ordinary after more use after coming back to it after a few days. it is adequate for now. for real.,neutral,neutral,0.9998502731323242,True,smartphone,smartphone,0.9996156692504883,True,standard,0,0,0,1,long,0,0,main_impression,,,,
prediction_record,20260818T204035Z_github-32183473018,0,incoming,,,,,,,,,13317,"I have been useing this work phone when someone else in the house used it, and the tuoch panel breaks down when conditions change. I tried the same thing again later and got a similar result. this needs to improve.",negative,negative,0.9999428987503052,True,smartphone,smartphone,0.999663233757019,True,standard,0,0,1,0,long,0,0,context_component,,,,
prediction_record,20260818T204035Z_github-32183473018,0,incoming,,,,,,,,,13318,my main impression of this kitchen fridge comes from the compressor fan: it breaks down when conditions change outside my normal routine. i would not rely on it. i am tired of this crap.,negative,negative,0.9999696016311646,True,refrigerator,refrigerator,0.9984127283096313,True,informal,1,0,0,0,long,0,0,main_impression,,,,
prediction_record,20260818T204035Z_github-32183473018,0,incoming,,,,,,,,,13319,"honestly tho, i have been using this pocket device after taking it on a trip, and the call quality still performs consistently. tried the same thing again later and got a similar result. it has earned my confidence. no bullshit, this has been one of the better parts of the product.",positive,positive,0.9999068975448608,True,smartphone,smartphone,0.9995757937431335,True,limited,1,0,0,1,long,0,0,using,,,,
prediction_record,20260818T204035Z_github-32183473018,0,incoming,,,,,,,,,13320,"After repeated use under comparable conditions, outside my normal routine, I noticed that the interface on this bedroom TV feels dependable in daily use. I repeated the check before writing this. On the other hand, the picture quality has not changed my opinion much, which makes the overall picture more mixed.",positive,negative,0.9987840056419373,False,television,television,0.9996451139450073,True,technical,0,0,0,0,long,1,0,noticed,,,,
prediction_record,20260818T204035Z_github-32183473018,0,incoming,,,,,,,,,13321,"lowkey, my main impression of this pocket device comse from the network reception: it still performs consistently after taking it on a trip. I repeated the check before writing this.",positive,positive,0.9997102618217468,True,smartphone,smartphone,0.9995657801628113,True,advanced,0,0,1,1,medium,0,0,main_impression,,,,
prediction_record,20260818T204035Z_github-32183473018,0,incoming,,,,,,,,,13322,"ngl, the thermostat what stood out outside my normal routine; it remains basically average. this was different from my first impression. 😂",neutral,neutral,0.9968217611312866,True,refrigerator,refrigerator,0.5369617342948914,True,limited,0,1,0,1,medium,0,0,context_component,,,,
prediction_record,20260818T204035Z_github-32183473018,0,incoming,,,,,,,,,13323,"after taking it on a trip, the compressor works well uotside my usual routine. the difference became clearer after a few more days. lol.",positive,positive,0.9931546449661255,True,refrigerator,refrigerator,0.9985290765762329,True,limited,0,0,1,1,medium,0,1,context_component,,,,
prediction_record,20260818T204035Z_github-32183473018,0,incoming,,,,,,,,,13324,"the built-in audio is stood out after taking it on a trip; it is neither impressive nor bad. it is adequate for now. on the other hand, the wireless has become increasingly unreliable, which makes the overall picture more mixed.",neutral,neutral,0.999889612197876,True,television,refrigerator,0.9990693926811218,False,limited,0,0,0,0,long,1,0,context_component,,,,
prediction_record,20260818T204035Z_github-32183473018,0,incoming,,,,,,,,,13325,"I did not pay much attention to the video input at first, but outside my normal routine it is acceptable but unremarkable.",neutral,neutral,0.7777984738349915,True,television,television,0.999442994594574,True,standard,0,0,0,0,medium,0,0,attention,,,,
prediction_record,20260818T204035Z_github-32183473018,0,incoming,,,,,,,,,13326,"honestly tho, i did not pay much attention to the shelf layout at first, but after changing a few settings it fails in routine use. someone else in the house noticed it too. this needs to improve.",negative,negative,0.9999858140945435,True,refrigerator,refrigerator,0.9582566022872925,True,advanced,0,0,0,1,long,0,0,attention,,,,
prediction_record,20260818T204035Z_github-32183473018,0,incoming,,,,,,,,,13327,"after using it for work and at home, i noticed that the cooling motor on this food cooler has been a pleasant surprise. the behavior persisted across several attempts. i would buy it again.",positive,negative,0.7730957865715027,False,refrigerator,refrigerator,0.9939888715744019,True,informal,0,0,0,0,long,0,1,noticed,,,,
prediction_record,20260818T204035Z_github-32183473018,0,incoming,,,,,,,,,13328,"i have been using this bedroom tv outside my normal routine, and the built-in audio feels dependable in daily i repeated the check writing this. the damn thing surprised me in a good way. 😐",positive,negative,0.9524531364440918,False,television,television,0.9996424913406372,True,limited,1,1,0,0,long,0,1,using,,,,
prediction_record,20260818T204035Z_github-32183473018,0,incoming,,,,,,,,,13329,"I have been suing this refrigeration unit during a heavier-than-usual day, and the cooling motor has stayed dependable. this was different from my first impression. No bullshit, this has been one of the better parts of the product.",positive,positive,0.9995928406715393,True,refrigerator,refrigerator,0.9957885146141052,True,standard,1,0,1,0,long,0,1,context_component,,,,
prediction_record,20260818T204035Z_github-32183473018,0,incoming,,,,,,,,,13330,"After taking it on a trip, the gasket feels ordinary after more use. I would neither recommend it nor warn people away.",neutral,neutral,0.999921441078186,True,refrigerator,refrigerator,0.9248499274253845,True,standard,0,0,0,0,medium,0,0,context_component,,,,
prediction_record,20260818T204035Z_github-32183473018,0,incoming,,,,,,,,,13331,"outside my normal routine, i noticed that the video input on this video panel is fine for what it is. i tried the same thing again later and got a similar result.",neutral,neutral,0.9998750686645508,True,television,television,0.9993834495544434,True,informal,0,0,0,0,medium,0,1,noticed,,,,
prediction_record,20260818T204035Z_github-32183473018,0,incoming,,,,,,,,,13332,"after a few weeks of mixed use, i noticed that the wireless connection on this tv set is difficult to trust. i tried the same thing again later and got a similar result.",negative,neutral,0.6084714531898499,False,television,washing_machine,0.9993491768836975,False,informal,0,0,0,0,medium,0,1,noticed,,,,
prediction_record,20260818T204035Z_github-32183473018,0,incoming,,,,,,,,,13333,the thermostat is what stood out outside my normal routine; it holds up better than expected. i repeated the check before writing this. idk.,positive,positive,0.9993368983268738,True,refrigerator,washing_machine,0.47972962260246277,False,limited,0,0,0,1,medium,0,0,stood_out,,,,
prediction_record,20260818T204035Z_github-32183473018,0,incoming,,,,,,,,,13334,"Across repeated observations, after changing a few settings, I noticed that the door latch on this machine breaks down when conditions change.",negative,neutral,0.5197417736053467,False,washing_machine,refrigerator,0.384016752243042,False,technical,0,0,0,0,medium,0,1,noticed,,,,
prediction_record,20260818T204035Z_github-32183473018,0,incoming,,,,,,,,,13335,"real talk, my main impression of this food cooler comes from the thermostat: it works normally after a few weeks of mixed use. I tried the same thing again later and got a similar result.",neutral,negative,0.99554044008255,False,refrigerator,refrigerator,0.9654970169067383,True,advanced,0,0,0,1,long,0,0,main_impression,,,,
prediction_record,20260818T204035Z_github-32183473018,0,incoming,,,,,,,,,13336,"i have been using this bedroom tv after using it for work and at home, and the sports motion has stayed dependable. someone else in the house noticed it too.",positive,negative,0.7777082920074463,False,television,television,0.9996784925460815,True,informal,0,0,0,0,medium,0,0,using,,,,
prediction_record,20260818T204035Z_github-32183473018,0,incoming,,,,,,,,,13337,"I did not pay much attention to the interface at first, but after changing a few settings it still performs consistently. someone else in the house noticed it too. 🤷",positive,positive,0.9995392560958862,True,television,refrigerator,0.8370025157928467,False,standard,0,1,0,0,medium,0,0,attention,,,,
prediction_record,20260818T204035Z_github-32183473018,0,incoming,,,,,,,,,13338,"I have been using this pocket device outside my normal routine, and the apps feels dependable in daily use. a second check gave me the same result.",positive,neutral,0.8106670379638672,False,smartphone,washing_machine,0.6914017796516418,False,advanced,0,0,0,0,medium,0,1,using,,,,
prediction_record,20260818T204035Z_github-32183473018,0,incoming,,,,,,,,,13339,"From a practical reliability standpoint, after taking it on a trip, the drainage motor has stayed dependable. I would buy it again.",positive,negative,0.9251071810722351,False,washing_machine,refrigerator,0.5665370225906372,False,technical,0,0,0,0,medium,0,1,context_component,,,,
prediction_record,20260818T204035Z_github-32183473018,0,incoming,,,,,,,,,13340,"the video input is what stood out after a few weeks of mixed use; it holds better than expected. for my use case, this is a keeper. damn, i did not expect this part to be this solid.",positive,positive,0.9998949766159058,True,television,television,0.9996333122253418,True,limited,1,0,0,0,long,0,0,stood_out,,,,
prediction_record,20260818T204035Z_github-32183473018,0,incoming,,,,,,,,,13341,"I have been using this TV set after coming back to it after a few days, and the streaming menu has not given me trouble. the behavior persisted across several attempts. overall I am happy with it.",positive,negative,0.9943180680274963,False,television,television,0.9996492862701416,True,standard,0,0,0,0,long,0,0,using,,,,
prediction_record,20260818T204035Z_github-32183473018,0,incoming,,,,,,,,,13342,"Under a representative operating profile, the wash drum is what stood out during a heavier-than-usual day; it keeps acting up. I repeated the check before writing this.",negative,negative,0.980916440486908,True,washing_machine,washing_machine,0.9994230270385742,True,technical,0,0,0,0,medium,0,1,stood_out,,,,
prediction_record,20260818T204035Z_github-32183473018,0,incoming,,,,,,,,,13343,"lowkey, my main impression of this wash unit comes from the door latch: it is neither impressive nor bad after changing a few settings. i repeated the check before writing this. my opinion is still basically in the the drainage motor tells a different story because it has been a disappointment. honestly, the damn thing is just average. Honestly 😅",neutral,neutral,0.9999431371688843,True,washing_machine,refrigerator,0.9989309906959534,False,limited,1,1,0,1,long,1,0,main_impression,,,,
prediction_record,20260818T204035Z_github-32183473018,0,incoming,,,,,,,,,13344,The fill valve is what stood out after changing a few settings; it remains basically average. the behavior persisted across several attempts. I do not feel strongly either way.,neutral,neutral,0.9999350309371948,True,washing_machine,refrigerator,0.554783821105957,False,advanced,0,0,0,0,medium,0,0,stood_out,,,,
prediction_record,20260818T204035Z_github-32183473018,0,incoming,,,,,,,,,13345,"lowkey, when someone else the house used it, the earpiece keeps acting up. the difference became clearer after a few more days.",negative,negative,0.9883285760879517,True,smartphone,refrigerator,0.942870020866394,False,limited,0,0,0,1,medium,0,0,context_component,,,,
prediction_record,20260818T204035Z_github-32183473018,0,incoming,,,,,,,,,13346,"From a practical reliability standpoint, after changing a few settings, the battery life breaks down when conditions change. I would not rely on it.",negative,negative,0.9862217307090759,True,smartphone,smartphone,0.9993745684623718,True,technical,0,0,0,0,medium,0,0,context_component,,,,
prediction_record,20260818T204035Z_github-32183473018,0,incoming,,,,,,,,,13347,My main impression of this pocket device comes from the apps: it continues to work without drama during a heavier-than-usual day. I repeated the check before writing this. it has earned my confidence.,positive,positive,0.9888335466384888,True,smartphone,television,0.9996687173843384,False,advanced,0,0,0,0,medium,0,0,main_impression,,,,
prediction_record,20260818T204035Z_github-32183473018,0,incoming,,,,,,,,,13348,"Under a representative operating profile, after using it for work and at home, the door latch does the job. I repeated the check before writing this.",neutral,neutral,0.9985628724098206,True,washing_machine,washing_machine,0.39975303411483765,True,technical,0,0,0,0,medium,0,0,context_component,,,,
prediction_record,20260818T204035Z_github-32183473018,0,incoming,,,,,,,,,13349,"lowkey, the wireless connection is what stood out outside my normal routine; it works normally.",neutral,negative,0.5531572103500366,False,television,refrigerator,0.8256884813308716,False,advanced,0,0,0,1,medium,0,0,stood_out,,,,
prediction_record,20260818T204035Z_github-32183473018,0,incoming,,,,,,,,,13350,"after using it for work and at home, i noticed that the door latch on this wash unit is neither impressive nor bad. a second check gave me the same result. i can live with it.",neutral,neutral,0.9998722076416016,True,washing_machine,refrigerator,0.9697157144546509,False,informal,0,0,0,0,long,0,0,noticed,,,,
prediction_record,20260818T204035Z_github-32183473018,0,incoming,,,,,,,,,13351,"ngl, my main impression of this video panel comes from the picture quality: it has stayed dependable during a heavier-than-usual day.",positive,negative,0.9631500244140625,False,television,washing_machine,0.9992539286613464,False,informal,0,0,0,1,medium,0,0,main_impression,,,,
prediction_record,20260818T204035Z_github-32183473018,0,incoming,,,,,,,,,13352,"Under a representative operating profile, when someone else in the house used it, I noticed that the freezer compartment on this refrigeration unit has not given me trouble. the difference became clearer after a few more days. it has earned my confidence. I expected some crap here, but it has actually held up. 🔥",positive,negative,0.9999598264694214,False,refrigerator,refrigerator,0.9988308548927307,True,technical,1,1,0,0,long,0,0,noticed,,,,
prediction_record,20260818T204035Z_github-32183473018,0,incoming,,,,,,,,,13353,"Under ordinary operating conditions, i have been using this kitchen fridge after coming back to it after a few days, and the ice system fails in normal use. this was diferent from my first impression.",negative,negative,0.9996638298034668,True,refrigerator,refrigerator,0.9969800114631653,True,technical,0,0,1,0,long,0,1,using,,,,
prediction_record,20260818T204035Z_github-32183473018,0,incoming,,,,,,,,,13354,"imo, i did not pay much attention to the streaming menu at first, but after changing a few settings it has been a disappointment. someone else in the house noticed it too. that said, the video input feels ordinary after more use, so the is not completely one-sided. Honestly 👎",negative,negative,0.9997091889381409,True,television,television,0.9996658563613892,True,limited,0,1,0,1,long,1,0,attention,,,,
prediction_record,20260818T204035Z_github-32183473018,0,incoming,,,,,,,,,13355,"real talk, outside my normal routine, the sports motion does the job. the diffeernce became clearer after a few more days.",neutral,neutral,0.9867059588432312,True,television,television,0.999554455280304,True,informal,0,0,1,1,medium,0,0,context_component,,,,
prediction_record,20260818T204035Z_github-32183473018,0,incoming,,,,,,,,,13356,"the built-in audio is what sotod out during a heavier-than-usual day; it still performs consistently. the difference became clearer after a few more days. for my use case, this is a keeper. Honestly 👎",positive,positive,0.999842643737793,True,television,refrigerator,0.9587315917015076,False,informal,0,1,1,0,long,0,0,context_component,,,,
prediction_record,20260818T204035Z_github-32183473018,0,incoming,,,,,,,,,13357,"after changing a few settings, the wash drum is acceptable but unremarkable. i tried the same thing again later and got a similar result. that said, the door latch fails in normal use, so the experience is not completely one-sided.",neutral,neutral,0.9998137354850769,True,washing_machine,washing_machine,0.999505877494812,True,informal,0,0,0,0,long,1,0,context_component,,,,
prediction_record,20260818T204035Z_github-32183473018,0,incoming,,,,,,,,,13358,"Across repeated observations, i did not pay much attention to the spin program at first, but after a few weeks of mixed use it has stayed dependable. I repeated the check before writing this.",positive,negative,0.8460957407951355,False,washing_machine,washing_machine,0.9778001308441162,True,technical,0,0,0,0,long,0,0,attention,,,,
prediction_record,20260818T204035Z_github-32183473018,0,incoming,,,,,,,,,13359,"fr, i have been using this clothes washer after coming back to it after a few days, and the vibration has become increasingly unreliable. the difference became clearer after a few more days. i am considering a replacement. 😐",negative,negative,0.999981164932251,True,washing_machine,washing_machine,0.42337095737457275,True,informal,0,1,0,1,long,0,0,using,,,,
prediction_record,20260818T204035Z_github-32183473018,0,incoming,,,,,,,,,13360,"Under ordinary operating conditions, not gonna lie, the fingerprint reader is what stood out after a few weeks of mixed use; it keeps acting up. I repeated the check before writing this.",negative,negative,0.9764474034309387,True,smartphone,washing_machine,0.5486531853675842,False,technical,0,0,0,1,medium,0,0,stood_out,,,,
prediction_record,20260818T204035Z_github-32183473018,0,incoming,,,,,,,,,13361,"Under a representative operating profile, imo, the controller is what stood out after using it for work and at home; it keeps acting up. I noticed the change only in the new situation. I am already looking at alternatives.",negative,negative,0.9996603727340698,True,television,washing_machine,0.6326497197151184,False,technical,0,0,0,1,long,0,0,stood_out,,,,
prediction_record,20260818T204035Z_github-32183473018,0,incoming,,,,,,,,,13362,"i did not pay much attention to the earpiece at first, but after coming back to it after a few days it still performs consistently. i repeated the check before writing this. the network reception tells a different story because it breaks down when conditions change.",positive,positive,0.9997726082801819,True,smartphone,refrigerator,0.9951528310775757,False,informal,0,0,0,0,long,1,0,attention,,,,
prediction_record,20260818T204035Z_github-32183473018,0,incoming,,,,,,,,,13363,"i did not pay much attention to the usb port at first, but after coming back to it after a few days it keeps getting in the way. this was diferent from my first impression.",negative,negative,0.9998718500137329,True,smartphone,smartphone,0.9996275901794434,True,informal,0,0,1,0,long,0,0,attention,,,,
prediction_record,20260818T204035Z_github-32183473018,0,incoming,,,,,,,,,13364,"real talk, my main impression of this laundry unit comes from the cycle controls: it feels ordinary after more use after coming back to it afetr a few days. someone else in the house noticed it too.",neutral,neutral,0.9997193217277527,True,washing_machine,washing_machine,0.995530903339386,True,informal,0,0,1,1,long,0,0,main_impression,,,,
prediction_record,20260818T204035Z_github-32183473018,0,incoming,,,,,,,,,13365,"I did not pay much attention to the gasket at first, but after coming back to it after a few days it has not given me trouble. the difference became clearer after a few more days. The shelf layout tells a different story because it breaks down when conditions change.",positive,negative,0.9999696016311646,False,refrigerator,washing_machine,0.6270545721054077,False,advanced,0,0,0,0,long,1,0,attention,,,,
prediction_record,20260818T204035Z_github-32183473018,0,incoming,,,,,,,,,13366,The USB port is what stood out after changing a few settings; it keeps acting up. Honestly 💀,negative,negative,0.8519085645675659,True,smartphone,smartphone,0.999515175819397,True,standard,0,1,0,0,medium,0,1,stood_out,,,,
prediction_record,20260818T204035Z_github-32183473018,0,incoming,,,,,,,,,13367,The drainage motor is what stood out after changing a few settings; it does the job. this was different from my first impression. kinda wild.,neutral,neutral,0.974162757396698,True,washing_machine,refrigerator,0.8207868337631226,False,standard,0,0,0,1,medium,0,0,stood_out,,,,
prediction_record,20260818T204035Z_github-32183473018,0,incoming,,,,,,,,,13368,"i have been using this fridge outside my normal routine, and the compressor fan continues to work without this was different from my first impression. it has earned my confidence. damn, i did not expect this part to be this solid.",positive,positive,0.9998617172241211,True,refrigerator,refrigerator,0.9980826377868652,True,limited,1,0,0,0,long,0,0,using,,,,
prediction_record,20260818T204035Z_github-32183473018,0,incoming,,,,,,,,,13369,"Under ordinary operating conditions, i did not pay much attention to the spin program at first, but after a few weeks of mixde use it feels ordinary after more use. a second check gave me the same result.",neutral,neutral,0.9854104518890381,True,washing_machine,washing_machine,0.7829567193984985,True,technical,0,0,1,0,long,0,0,attention,,,,
prediction_record,20260818T204035Z_github-32183473018,0,incoming,,,,,,,,,13370,"After repeated use under comparable conditions, i have been using this screen unit after changing a few settings, and the picture quality holds up better than expected. someone else in the house noticed it too. 😅",positive,positive,0.9981099367141724,True,television,television,0.9996826648712158,True,technical,0,1,0,0,long,0,0,using,,,,
prediction_record,20260818T204035Z_github-32183473018,0,incoming,,,,,,,,,13371,"after changing a few i noticed that the tray on this front-loading washer keeps acting up. a second check gave me the same result. on the other hand, the wash drum feels ordinary after more use, which makes the overall pictuer more mixed. this shit should not be happneing in normal use.",negative,negative,0.9999892711639404,True,washing_machine,washing_machine,0.9992287158966064,True,limited,1,0,1,0,long,1,0,noticed,,,,
prediction_record,20260818T204035Z_github-32183473018,0,incoming,,,,,,,,,13372,my main impression of this front-loading washer comes from the soap tray: it breaks down when conditions change during a heavier-than-usual day. the difference became clearer after a few more days. i would hesitate to buy it again.,negative,negative,0.9999513626098633,True,washing_machine,washing_machine,0.9995610117912292,True,informal,0,0,0,0,long,0,0,main_impression,,,,
prediction_record,20260818T204035Z_github-32183473018,0,incoming,,,,,,,,,13373,"I have been using this machine when someone else in the house used it, and the cycle controls has stayed dependable. a second check gave me the same result. on balance I am happy with it.",positive,negative,0.6552650928497314,False,washing_machine,washing_machine,0.518974244594574,True,advanced,0,0,0,0,long,0,0,using,,,,
prediction_record,20260818T204035Z_github-32183473018,0,incoming,,,,,,,,,13374,"honestly tho, my main impression of this work phone comes from the USB port: it is difficult to truts after a few weeks of imxed use. I tried the same thing again later and got a similar result. This is damn annoying.",negative,negative,0.9997091889381409,True,smartphone,smartphone,0.9995885491371155,True,standard,1,0,1,1,long,0,0,main_impression,,,,
prediction_record,20260818T204035Z_github-32183473018,0,incoming,,,,,,,,,13375,My main impression of this new phone comes from the rear camera: it keeps acting up during a heavier-than-usual day. I noticed the change only in the new situation.,negative,negative,0.9999160766601562,True,smartphone,smartphone,0.9995875954627991,True,advanced,0,0,0,0,medium,0,0,main_impression,,,,
prediction_record,20260818T204035Z_github-32183473018,0,incoming,,,,,,,,,13376,My main impression of this food cooler comes from the ice system: it is neither impressive nor bad after a few weeks of mixed use. I noticed the change only in the new situation. kinda wild.,neutral,neutral,0.9998925924301147,True,refrigerator,washing_machine,0.9995868802070618,False,standard,0,0,0,1,long,0,0,main_impression,,,,
prediction_record,20260818T204035Z_github-32183473018,0,incoming,,,,,,,,,13377,"Afetr coming back to it after a few days, I noticed that the thermostat on this refrigeration unit is neither impressive nor bad.",neutral,neutral,0.9542386531829834,True,refrigerator,refrigerator,0.8225240111351013,True,advanced,0,0,1,0,medium,0,0,noticed,,,,
prediction_record,20260818T204035Z_github-32183473018,0,incoming,,,,,,,,,13378,"Across repeated observations, i have been using this machine after changing a few settings, and the rinse program has turned into a recurring problem. I would not rely on it. 👍",negative,negative,0.9857403635978699,True,washing_machine,washing_machine,0.7445634603500366,True,technical,0,1,0,0,medium,0,0,using,,,,
prediction_record,20260818T204035Z_github-32183473018,0,incoming,,,,,,,,,13379,The rinse program is what stood out after taking it on a trip; it has not changed my opinion much. I repeated the check before writing this.,neutral,neutral,0.7545512914657593,True,washing_machine,washing_machine,0.9824334383010864,True,standard,0,0,0,0,medium,0,1,stood_out,,,,
prediction_record,20260818T204035Z_github-32183473018,0,incoming,,,,,,,,,13380,"I have been using this machine after using it for work and at home, and the door latch has not given me trouble. I repeated the check before writing this. Damn, I did not expect this part to be this solid. 😅",positive,negative,0.9862563014030457,False,washing_machine,refrigerator,0.6266080141067505,False,standard,1,1,0,0,long,0,1,using,,,,
prediction_record,20260818T204035Z_github-32183473018,0,incoming,,,,,,,,,13381,"After repeated use under comparable conditions, the soap tray is what stood out after changing a few settings; it holds up better than expected. the difference became clearer after a few more days. for my use case, this is a keeper. Damn, I did not expect this part to be this solid. 🔥",positive,positive,0.9998878240585327,True,washing_machine,washing_machine,0.4719870984554291,True,technical,1,1,0,0,long,0,0,stood_out,,,,
prediction_record,20260818T204035Z_github-32183473018,0,incoming,,,,,,,,,13382,"After taking it on a trip, I noticed that the compressor fan on this cold-storage unit has been a pleasant surprise. this was different from my first impression. overall I am happy with it.",positive,negative,0.6351932287216187,False,refrigerator,refrigerator,0.9986031651496887,True,standard,0,0,0,0,long,0,0,noticed,,,,
prediction_record,20260818T204035Z_github-32183473018,0,incoming,,,,,,,,,13383,"I have been using this work phone outside my normal routnie, and the network reception breaks down when conditions change. I repeated the check before writing this. I would not rely on it.",negative,negative,0.9814096689224243,True,smartphone,smartphone,0.9996064305305481,True,standard,0,0,1,0,medium,0,0,using,,,,
prediction_record,20260818T204035Z_github-32183473018,0,incoming,,,,,,,,,13384,"Under a representative operating profile, the fingerprint reader is what stood out when someone else in the house used it; it has been a pleasant surprise. the behavior persisted across several attempts. kinda wild. 😐",positive,negative,0.8935483694076538,False,smartphone,refrigerator,0.9858879446983337,False,technical,0,1,0,1,long,0,1,stood_out,,,,
prediction_record,20260818T204035Z_github-32183473018,0,incoming,,,,,,,,,13385,"After using it for work and at home, I noticed that the door warning on this refrigeration unit keeps acting up. someone else in the house noticed it too.",negative,negative,0.996152937412262,True,refrigerator,refrigerator,0.8232429623603821,True,standard,0,0,0,0,medium,0,0,noticed,,,,
prediction_record,20260818T204035Z_github-32183473018,0,incoming,,,,,,,,,13386,"After repeated use under comparable conditions, after using it for work and at home, I noticed that the door warning on this kitchen fridge is fine for what it is. a second check gave me the same result.",neutral,neutral,0.9998527765274048,True,refrigerator,refrigerator,0.9964859485626221,True,technical,0,0,0,0,long,0,0,noticed,,,,
prediction_record,20260818T204035Z_github-32183473018,0,incoming,,,,,,,,,13387,"after coming back to it after a few days, i noticed that the soap tray on this machine has been a disappointment. someone else in the house noticed it too. i would not rely on it.",negative,negative,0.9998564720153809,True,washing_machine,refrigerator,0.9218010306358337,False,informal,0,0,0,0,long,0,0,noticed,,,,
prediction_record,20260818T204035Z_github-32183473018,0,incoming,,,,,,,,,13388,"i did not pay much attention to the sports motoin at first, but after taking it on a trip it has not given me trouble. i tried the same thing again later and got a similar result. i would buy it again. damn, i did not expect this part to be this solid.",positive,negative,0.999940037727356,False,television,washing_machine,0.5141821503639221,False,informal,1,0,1,0,long,0,0,attention,,,,
prediction_record,20260818T204035Z_github-32183473018,0,incoming,,,,,,,,,13389,"imo, my main impression of this new refrigerator comes from the door warning: it breaks down when conditions change during a heavier-than-usual day. the behvaior persisted across several attempts.",negative,negative,0.984919548034668,True,refrigerator,refrigerator,0.9975298047065735,True,informal,0,0,1,1,medium,0,1,main_impression,,,,
prediction_record,20260818T204035Z_github-32183473018,0,incoming,,,,,,,,,13390,"Under ordinary operating conditions, the ice system is what stood out during a heavier-than-usual day; it fails in normal use. I tried the same thing again later and got a similar result. This is damn annoying.",negative,negative,0.9999830722808838,True,refrigerator,television,0.9995585083961487,False,technical,1,0,0,0,long,0,0,stood_out,,,,
prediction_record,20260818T204035Z_github-32183473018,0,incoming,,,,,,,,,13391,"i have been this cell phone after using it for work and at home, and the usb port holds up better than expected. i noticed the change only in the new situation.",positive,positive,0.9969576597213745,True,smartphone,smartphone,0.9995900988578796,True,limited,0,0,0,0,medium,0,1,context_component,,,,
prediction_record,20260818T204035Z_github-32183473018,0,incoming,,,,,,,,,13392,"After changing a few settings, I noticed that the apps on this cell phone has become increasingly unreliable. That said, the touch panel has not given me trouble, so the experience is not completely one-sided.",negative,negative,0.9999783039093018,True,smartphone,washing_machine,0.9995262622833252,False,advanced,0,0,0,0,long,1,0,noticed,,,,
prediction_record,20260818T204035Z_github-32183473018,0,incoming,,,,,,,,,13393,"I did not pay much attention to the shelf layout at first, but after coming back to it after a few days it still performs consistently. I tried the same thing again later and got a siimlar result.",positive,positive,0.999679684638977,True,refrigerator,refrigerator,0.8140249252319336,True,standard,0,0,1,0,long,0,0,attention,,,,
prediction_record,20260818T204035Z_github-32183473018,0,incoming,,,,,,,,,13394,"I have been using this new phone after useing it for work and at home, and the battery life feels dependable in daily use. I repeated the check before writing this. it has earned my confidence. Honestly 🤷",positive,neutral,0.9966204166412354,False,smartphone,smartphone,0.9996598958969116,True,standard,0,1,1,0,long,0,0,using,,,,
prediction_record,20260818T204035Z_github-32183473018,0,incoming,,,,,,,,,13395,"honestly tho, my main impression of this daily driver comes from the rear camera: it fails in normal use after changing a few settings. this was different from my first impression. the damn thing keeps getting in the way.",negative,negative,0.999987006187439,True,smartphone,smartphone,0.9996148347854614,True,limited,1,0,0,1,long,0,0,main_impression,,,,
prediction_record,20260818T204035Z_github-32183473018,0,incoming,,,,,,,,,13396,"I did not pay much attention to the inside lighting at first, but during a heavier-than-usual day it has not changed my opinion much. 😬",neutral,negative,0.7745920419692993,False,refrigerator,smartphone,0.5757173299789429,False,advanced,0,1,0,0,medium,0,1,attention,,,,
prediction_record,20260818T204035Z_github-32183473018,0,incoming,,,,,,,,,13397,My main impression of this living room display comes from the picture quality: it has become increasingly unreliable after coming back to it after a few days. the difference became clearer after a few more days. this is the part that makes me regret the purchase. The interface tells a different story because it is acceptable but unremarkable.,negative,negative,0.9999819993972778,True,television,television,0.9996485710144043,True,advanced,0,0,0,0,long,1,0,main_impression,,,,
prediction_record,20260818T204035Z_github-32183473018,0,incoming,,,,,,,,,13398,"tbh, my main impression of this clothes washer comes from the program: it feels dependable in daily use after taking it on a trip.",positive,neutral,0.6184037923812866,False,washing_machine,washing_machine,0.3830612897872925,True,limited,0,0,0,1,medium,0,1,main_impression,,,,
prediction_record,20260818T204035Z_github-32183473018,0,incoming,,,,,,,,,13399,"i have been using this television set when someone else in the house used it, and the video input works well even outside my usual routine. i noticed the change only in the new situation. i have stopped worrying about this part of the product.",positive,positive,0.9997428059577942,True,television,television,0.9995822310447693,True,informal,0,0,0,0,long,0,0,using,,,,
prediction_record,20260818T204035Z_github-32183473018,0,incoming,,,,,,,,,13400,my main impression this laundry unit comes from the door latch: it has stayed dependable when someone else in the hosue used it. overall i am happy with it.,positive,negative,0.9882312417030334,False,washing_machine,refrigerator,0.7931442856788635,False,limited,0,0,1,0,medium,0,0,context_component,,,,
prediction_record,20260818T204035Z_github-32183473018,0,incoming,,,,,,,,,13401,"Outside my normal routine, I noticed that the rinse program on this new washer has been a disappointment. a second check gave me the same result. I am already looking at alternatives.",negative,negative,0.9994286894798279,True,washing_machine,washing_machine,0.9968498349189758,True,advanced,0,0,0,0,medium,0,0,noticed,,,,
prediction_record,20260818T204035Z_github-32183473018,0,incoming,,,,,,,,,13402,my main impression of this machine comes from the wash drum: it holds up better than expected during a heavier-than-usual day. i plan to keep using it.,positive,positive,0.9998218417167664,True,washing_machine,washing_machine,0.9994650483131409,True,informal,0,0,0,0,medium,0,0,main_impression,,,,
prediction_record,20260818T204035Z_github-32183473018,0,incoming,,,,,,,,,13403,"honestly tho, during a heavier-than-usual day, I noticed that the thermostat on this new refrigerator has stayed dependable. the behavior persisted across several attempts. The shelf layout tells a different story because it remains basically average. 🔥",positive,neutral,0.9411009550094604,False,refrigerator,washing_machine,0.9807214736938477,False,standard,0,1,0,1,long,1,0,noticed,,,,
prediction_record,20260818T204035Z_github-32183473018,0,incoming,,,,,,,,,13404,"After repeated use under comparable conditions, my main impression of this kitchen fridge comes from the freezer compartment: it has stayed dependable after using it for work and at home. I repeated the check before writing this. I plan to keep using it. On the other hand, the compressor fan remains basically average, which makes the overall picture more mixed. idk.",positive,positive,0.9978717565536499,True,refrigerator,refrigerator,0.9995312690734863,True,technical,0,0,0,1,long,1,0,main_impression,,,,
prediction_record,20260818T204035Z_github-32183473018,0,incoming,,,,,,,,,13405,"i did not pay much attention to the sports motion at first, but after changing a few settings it holds up bettre than expected. i repeated the check before writing this.",positive,negative,0.9055469036102295,False,television,television,0.9996147155761719,True,informal,0,0,1,0,medium,0,0,attention,,,,
prediction_record,20260818T204035Z_github-32183473018,0,incoming,,,,,,,,,13406,"Under a representative operating profile, i have been using this cell phone during a heavier-than-usual day, and the call quality has become increasingly unreliable. this was different from my first impression. I am tired of this crap. idk. Honestly 🙂",negative,negative,0.9999830722808838,True,smartphone,smartphone,0.9995706677436829,True,technical,1,1,0,1,long,0,0,using,,,,
prediction_record,20260818T204035Z_github-32183473018,0,incoming,,,,,,,,,13407,"tbh, outside my noraml routine, the drainage motor fails in normal use. I noticed the change only in the new situation. Honestly 🔥",negative,negative,0.9997549653053284,True,washing_machine,refrigerator,0.7382789254188538,False,standard,0,1,1,1,medium,0,0,context_component,,,,
prediction_record,20260818T204035Z_github-32183473018,0,incoming,,,,,,,,,13408,"the earpiece is what stood out after changing a few settings; it holds up better than expected. someone else in the house noticed it too. for my use case, this is a keeper.",positive,positive,0.9998039603233337,True,smartphone,refrigerator,0.8923051357269287,False,informal,0,0,0,0,medium,0,0,stood_out,,,,
prediction_record,20260818T204035Z_github-32183473018,0,incoming,,,,,,,,,13409,"i did not pay much attention to the usb port at first, but during a heavier-than-usual day it feels ordinary after more use. behavior persisted across several attempts.",neutral,neutral,0.8800092339515686,True,smartphone,smartphone,0.9995703101158142,True,limited,0,0,0,0,medium,0,0,attention,,,,
prediction_record,20260818T204035Z_github-32183473018,0,incoming,,,,,,,,,13410,"When someone else in the house used it, the drainage motor is fine for what it is. someone else in the house noticed it too. I do not feel tsrongly either way.",neutral,neutral,0.9999322891235352,True,washing_machine,refrigerator,0.9965202808380127,False,standard,0,0,1,0,medium,0,0,context_component,,,,
prediction_record,20260818T204035Z_github-32183473018,0,incoming,,,,,,,,,13411,"fr, my main impression of this food cooler comes from the compressor fan: it is acceptable but unremarkable after taking it on a trip. a second check gave me the same result. i don't feel strongly either way.",neutral,neutral,0.9676470756530762,True,refrigerator,refrigerator,0.9981062412261963,True,informal,0,0,0,1,long,0,0,main_impression,,,,
prediction_record,20260818T204035Z_github-32183473018,0,incoming,,,,,,,,,13412,The spin program is what stood out after using it for work and at home; it has not changed my opinion much. I can live with it. 🙂,neutral,neutral,0.9975053668022156,True,washing_machine,washing_machine,0.9975574016571045,True,advanced,0,1,0,0,medium,0,0,stood_out,,,,
prediction_record,20260818T204035Z_github-32183473018,0,incoming,,,,,,,,,13413,"i have been using this refrigeration unit after using it for work and at home, and the compressor fan is fine for what it is. someone else in the house noticed it too. there is not much else to say.",neutral,neutral,0.9999419450759888,True,refrigerator,refrigerator,0.9981830716133118,True,limited,0,0,0,0,long,0,1,using,,,,
prediction_record,20260818T204035Z_github-32183473018,0,incoming,,,,,,,,,13414,"I have been using this living room display after using it for work and at home, and the built-in audio is neither impressive nor bad. the behavior persisted across several attempts. I do not feel strongly either way. That said, the wireless connection breaks down when conditions change, so the experience is not completely one-sided. There is no major crap to complain about here.",neutral,neutral,0.9999573230743408,True,television,television,0.9996328353881836,True,advanced,1,0,0,0,long,1,1,using,,,,
prediction_record,20260818T204035Z_github-32183473018,0,incoming,,,,,,,,,13415,"I have been using this wash unit during a heavier-than-usual day, and the rinse program has not given me trouble. someone else in the house noticed it too.",positive,negative,0.9981852173805237,False,washing_machine,washing_machine,0.5544083714485168,True,standard,0,0,0,0,medium,0,0,using,,,,
prediction_record,20260818T204035Z_github-32183473018,0,incoming,,,,,,,,,13416,"imo, my main impression of this machine comes from the drainage motor: it fails in routine use after using it for work and at home. the difference became clearer after a few more days.",negative,negative,0.9999626874923706,True,washing_machine,refrigerator,0.6095138788223267,False,advanced,0,0,0,1,long,0,0,main_impression,,,,
prediction_record,20260818T204035Z_github-32183473018,0,incoming,,,,,,,,,13417,"From a practical reliability standpoint, i did not pay much attention to the rinse program at first, but after a few weeks of mixed use it breaks down when conditions change. the difference became clearer after a few more days. I am already looking at alternatives.",negative,negative,0.9997878670692444,True,washing_machine,washing_machine,0.5945387482643127,True,technical,0,0,0,0,long,0,1,attention,,,,
prediction_record,20260818T204035Z_github-32183473018,0,incoming,,,,,,,,,13418,"From a practical reliability standpoint, i did not pay much attention to the gasket at ifrst, but when someone else in the house used it it is difficult to trust. this is the part that makes me regret the purchase.",negative,negative,0.9995130300521851,True,refrigerator,refrigerator,0.9734461307525635,True,technical,0,0,1,0,long,0,0,attention,,,,
prediction_record,20260818T204035Z_github-32183473018,0,incoming,,,,,,,,,13419,"After useing it for work and at home, I noticde that the door latch on this new washer has turned into a recurring problem. someone else in the house noticed it too. this needs to improve. I am tired of this crap.",negative,negative,0.9999837875366211,True,washing_machine,television,0.5313499569892883,False,standard,1,0,1,0,long,0,0,context_component,,,,
prediction_record,20260818T204035Z_github-32183473018,0,incoming,,,,,,,,,13420,"ngl, when someone else in the house used it, the soap tray fails in normal use.",negative,negative,0.9933249354362488,True,washing_machine,refrigerator,0.9199638962745667,False,limited,0,0,0,1,medium,0,0,context_component,,,,
prediction_record,20260818T204035Z_github-32183473018,0,incoming,,,,,,,,,13421,My main impression of this living room display comes from the wireless connection: it keeps getting in the way after using it for work and at home. I noticed the change only in the new situation. kinda wild.,negative,negative,0.9999692440032959,True,television,television,0.9997013211250305,True,standard,0,0,0,1,long,0,0,main_impression,,,,
prediction_record,20260818T204035Z_github-32183473018,0,incoming,,,,,,,,,13422,The call quality is what stood out during a heavier-than-usual day; it has become increasingly unreliable. the difference became clearer after a few more days. The fingerprint reader tells a different story because it is acceptable but unremarkable. I am tired of this crap. kinda wild. 🔥,negative,negative,0.9999855756759644,True,smartphone,refrigerator,0.6306782364845276,False,standard,1,1,0,1,long,1,0,stood_out,,,,
prediction_record,20260818T204035Z_github-32183473018,0,incoming,,,,,,,,,13423,The apps is what stood out after coming back to it after a few days; it remains basically average. the behavior persisted across several attempts.,neutral,neutral,0.9992701411247253,True,smartphone,television,0.9996436834335327,False,standard,0,0,0,0,medium,0,0,stood_out,,,,
prediction_record,20260818T204035Z_github-32183473018,0,incoming,,,,,,,,,13424,My main impression of this bedroom TV comes from the streaming menu: it has been a pleasant surprise after taking it on a trip. I repeated the check before writing this. I would buy it again.,positive,negative,0.9274966716766357,False,television,television,0.9996460676193237,True,advanced,0,0,0,0,long,0,0,main_impression,,,,
prediction_record,20260818T204035Z_github-32183473018,0,incoming,,,,,,,,,13425,"Under ordinary operating conditions, i have been useing this mobile after coming back to it after a few days, and the fingerprint reader is neither impressive nor bad. smoeone else in the house noticed it too. I would neither recommend it nor warn people away.",neutral,neutral,0.9999591112136841,True,smartphone,refrigerator,0.9986101388931274,False,technical,0,0,1,0,long,0,0,context_component,,,,
prediction_record,20260818T204035Z_github-32183473018,0,incoming,,,,,,,,,13426,"After taking it on a trip, I noticed that the interface on this screne unit has been a pleasant surprise. I tried the same thing again later and got a similar result. The damn thing surprised me in a good way.",positive,negative,0.9872835874557495,False,television,refrigerator,0.6930403709411621,False,standard,1,0,1,0,long,0,0,noticed,,,,
prediction_record,20260818T204035Z_github-32183473018,0,incoming,,,,,,,,,13427,"outside my normal routine, i noticed that the video input on this tv set holds up better than expected.",positive,positive,0.9644790887832642,True,television,television,0.9994006156921387,True,informal,0,0,0,0,medium,0,0,noticed,,,,
prediction_record,20260818T204035Z_github-32183473018,0,incoming,,,,,,,,,13428,"My main ipmression of this cell phone comes from the apps: it cnotinues to work without drama after changing a few settings. the difference became clearer after a few more days. for my use case, this is a keeper. Damn, I did not expect this part to be this solid.",positive,negative,0.9437497854232788,False,smartphone,smartphone,0.999593198299408,True,standard,1,0,1,0,long,0,0,context_component,,,,
prediction_record,20260818T204035Z_github-32183473018,0,incoming,,,,,,,,,13429,"i did not pay much attention to the earpiece at first, but when someone else in the house used it it has become increasingly unreliable. a second gave me the same result. i am already looking at alternatives. on the other hand, the usb port works well even outside my usual routine, which makes the overall picture more mixed.",negative,negative,0.999981164932251,True,smartphone,refrigerator,0.9992343187332153,False,limited,0,0,0,0,long,1,0,attention,,,,
prediction_record,20260818T204035Z_github-32183473018,0,incoming,,,,,,,,,13430,"real talk, controller is what stood out during a heavier-than-usual day; it is fine for what it is. a escond check gave me the same result.",neutral,neutral,0.993683934211731,True,television,refrigerator,0.9903208613395691,False,limited,0,0,1,1,medium,0,1,stood_out,,,,
prediction_record,20260818T204035Z_github-32183473018,0,incoming,,,,,,,,,13431,"fr, i have been using this new washer during a heavier-than-usual day, and the door latch fails in normal use. a second check gave me the same result. this needs to improve. this shit should not be happening in normal use.",negative,negative,0.9999896287918091,True,washing_machine,washing_machine,0.7172986268997192,True,informal,1,0,0,1,long,0,0,using,,,,
prediction_record,20260818T204035Z_github-32183473018,0,incoming,,,,,,,,,13432,"I have been using this new phone fater a few weeks of mixed use, and the touch panel has been a pleasant surprise. I tried the same thing again later and got a similar result.",positive,negative,0.8027133941650391,False,smartphone,smartphone,0.9995997548103333,True,standard,0,0,1,0,long,0,1,using,,,,
prediction_record,20260818T204035Z_github-32183473018,0,incoming,,,,,,,,,13433,My main impression of this cell phone comes from the call quality: it is acceptable but unremarkable when someone else in the house used it.,neutral,neutral,0.8360247611999512,True,smartphone,smartphone,0.9995909333229065,True,standard,0,0,0,0,medium,0,0,main_impression,,,,
prediction_record,20260818T204035Z_github-32183473018,0,incoming,,,,,,,,,13434,"fAter taking it on a trip, I noticed that the cycle controls on this wash unit works well even outside my usual routine. someone else in the house noticed it too. Honestly 🔥",positive,positive,0.9769719243049622,True,washing_machine,washing_machine,0.7616904377937317,True,advanced,0,1,1,0,medium,0,0,noticed,,,,
prediction_record,20260818T204035Z_github-32183473018,0,incoming,,,,,,,,,13435,my main impression of this bedroom tv comes from the sports motion: it has been a disappointment outside my normal routine. someone else in the house noticed it too. Honestly 🙂,negative,negative,0.9985425472259521,True,television,television,0.9996675252914429,True,informal,0,1,0,0,medium,0,1,main_impression,,,,
prediction_record,20260818T204035Z_github-32183473018,0,incoming,,,,,,,,,13436,"I did not pay much attention to the built-in audio at first, but outside my normal routine it works well even outside my usual routine. I noticed the change only in the new situation.",positive,positive,0.9949500560760498,True,television,washing_machine,0.5698282718658447,False,advanced,0,0,0,0,long,0,0,attention,,,,
prediction_record,20260818T204035Z_github-32183473018,0,incoming,,,,,,,,,13437,"fr, the call quailty is what stood out after a few weeks mixed use; it remains basically average. the behavior persisted across several attempts. it is adequate for now.",neutral,neutral,0.9999357461929321,True,smartphone,washing_machine,0.6682932376861572,False,limited,0,0,1,1,medium,0,0,stood_out,,,,
prediction_record,20260818T204035Z_github-32183473018,0,incoming,,,,,,,,,13438,the soap tray is what stood out after coming back to it after a few days; it keeps getting in the way. noticed the change only in the new situation.,negative,negative,0.999821126461029,True,washing_machine,refrigerator,0.9584646224975586,False,limited,0,0,0,0,medium,0,0,stood_out,,,,
prediction_record,20260818T204035Z_github-32183473018,0,incoming,,,,,,,,,13439,"i have been using this machine after using it for work and at home, and the door latch is fine for what it is. a second check gave me the same result.",neutral,neutral,0.9998602867126465,True,washing_machine,refrigerator,0.491171270608902,False,informal,0,0,0,0,medium,0,0,using,,,,
prediction_record,20260818T204035Z_github-32183473018,0,incoming,,,,,,,,,13440,"During a heavier-than-usual day, the controller fails in normal use. a second check gave me the same result.",negative,negative,0.999840497970581,True,television,refrigerator,0.6888809204101562,False,standard,0,0,0,0,medium,0,0,context_component,,,,
prediction_record,20260818T204035Z_github-32183473018,0,incoming,,,,,,,,,13441,"After repeated use under comparable conditions, lowkey, after taking it on a trip, I noticed that the gasket on this new refrigerator has turned into a recurring problem. I would not rely on it.",negative,negative,0.9909584522247314,True,refrigerator,refrigerator,0.9949330687522888,True,technical,0,0,0,1,long,0,1,noticed,,,,
prediction_record,20260818T204035Z_github-32183473018,0,incoming,,,,,,,,,13442,"I have been using this new refrigerator after coming back to it after a few days, and the cooling motor keeps getting in the way. I noticed the change only in the new situation. 🔥",negative,negative,0.9997528195381165,True,refrigerator,refrigerator,0.9981797933578491,True,standard,0,1,0,0,long,0,0,using,,,,
prediction_record,20260818T204035Z_github-32183473018,0,incoming,,,,,,,,,13443,My main impression of this living room display comes from the sports motion: it is difficult to trust when someone else in the house used it.,negative,neutral,0.6723634600639343,False,television,television,0.9996441602706909,True,standard,0,0,0,0,medium,0,0,main_impression,,,,
prediction_record,20260818T204035Z_github-32183473018,0,incoming,,,,,,,,,13444,"i have been using this pocket device after taking it on a trip, and the rear camera is neither impressive nor bad. i noticed the change only in the new situation. on the other hand, the touch panel breaks down when conditions change, which makes the overall picture more mixed.",neutral,neutral,0.9998917579650879,True,smartphone,smartphone,0.9995926022529602,True,informal,0,0,0,0,long,1,0,using,,,,
prediction_record,20260818T204035Z_github-32183473018,0,incoming,,,,,,,,,13445,"Across repeated observations, during a heavier-than-usual day, the freezer compartment is difficult to trust. I tried the same thing again later and got a similar result. 💀",negative,negative,0.6091931462287903,True,refrigerator,refrigerator,0.9890639185905457,True,technical,0,1,0,0,medium,0,0,context_component,,,,
prediction_record,20260818T204035Z_github-32183473018,0,incoming,,,,,,,,,13446,"After changing a few settings, the wireless connection has stayed dependable. this was different from my first impression. it has earned my confidence.",positive,positive,0.8657365441322327,True,television,refrigerator,0.8825117945671082,False,standard,0,0,0,0,medium,0,0,context_component,,,,
prediction_record,20260818T204035Z_github-32183473018,0,incoming,,,,,,,,,13447,"I did not pay much attention to the door warning at first, but outside my normal routine it is neither impressive nor bad. I repeated the check before writing this. The damn thing is basically fine.",neutral,neutral,0.9999476671218872,True,refrigerator,refrigerator,0.7001550197601318,True,standard,1,0,0,0,long,0,1,attention,,,,
prediction_record,20260818T204035Z_github-32183473018,0,incoming,,,,,,,,,13448,"Under ordinary operating conditions, during a heavier-than-usual day, the fingerprint reader is difficult to trust. this was different from my first impression. this is the part that makes me regret the purchase.",negative,negative,0.9999464750289917,True,smartphone,refrigerator,0.8280532956123352,False,technical,0,0,0,0,medium,0,0,context_component,,,,
prediction_record,20260818T204035Z_github-32183473018,0,incoming,,,,,,,,,13449,"during a heavier-than-usual day, the ice system feels ordinary after more use. i tried the same thing again later and got a similar result. it is adequate for now.",neutral,neutral,0.9999033212661743,True,refrigerator,washing_machine,0.9996461868286133,False,informal,0,0,1,0,medium,0,0,context_component,,,,
prediction_record,20260818T204035Z_github-32183473018,0,incoming,,,,,,,,,13450,"After taking it on a trip, I noticed that the shelf layuot on this cold-storage unit breaks down when conditions change. someone else in the house noticed it too. I am tired of this crap.",negative,negative,0.9997734427452087,True,refrigerator,refrigerator,0.8355363607406616,True,advanced,1,0,1,0,long,0,0,noticed,,,,
prediction_record,20260818T204035Z_github-32183473018,0,incoming,,,,,,,,,13451,The soap tray is what stood out after a few weeks of mixed use; it works normally. a second check gave me the same result.,neutral,negative,0.8687195777893066,False,washing_machine,washing_machine,0.5929141640663147,True,standard,0,0,0,0,medium,0,0,stood_out,,,,
prediction_record,20260818T204035Z_github-32183473018,0,incoming,,,,,,,,,13452,"after changing a few settings, i noticed that the interface on this unit still performs consistently. the difference became clearer after a few more days. for my use case, this is a keeper. not great tbh.",positive,positive,0.99980229139328,True,television,refrigerator,0.8846423029899597,False,limited,0,0,0,1,long,0,0,noticed,,,,
prediction_record,20260818T204035Z_github-32183473018,0,incoming,,,,,,,,,13453,"I did not pay much attention to the sports motion at first, but after changing a few settings it has turned into a recurring probelm. the difference became clearer after a few more days. I would hesitate to buy it again. This is damn annoying.",negative,negative,0.9999547004699707,True,television,television,0.9995693564414978,True,advanced,1,0,1,0,long,0,1,attention,,,,
prediction_record,20260818T204035Z_github-32183473018,0,incoming,,,,,,,,,13454,"When someone else in the house used it, I noticed that the wash drum on this wash unit has stayed dependable. this was different from my first impression. Damn, I did not expect this part to be this solid. 🔥",positive,negative,0.9998888969421387,False,washing_machine,washing_machine,0.8602827787399292,True,advanced,1,1,0,0,long,0,0,noticed,,,,
prediction_record,20260818T204035Z_github-32183473018,0,incoming,,,,,,,,,13455,"after a few weeks of mixed use, the thermostat breaks down when conditions change. i repeated the check before writing this. i am already looking at alternatives. 💀",negative,negative,0.9997586607933044,True,refrigerator,washing_machine,0.681429386138916,False,informal,0,1,0,0,medium,0,0,context_component,,,,
prediction_record,20260818T204035Z_github-32183473018,0,incoming,,,,,,,,,13456,"Across repeated observations, my main impression of this new washer comes from the rinse program: it continues to work without drama during a heavier-than-usual day. this was different from my first impression. On the other hand, the soap tray feels ordinary after more use, which makes the overall picture more mixed. lol.",positive,negative,0.9999659061431885,False,washing_machine,washing_machine,0.9997096657752991,True,technical,0,0,0,1,long,1,0,main_impression,,,,
prediction_record,20260818T204035Z_github-32183473018,0,incoming,,,,,,,,,13457,"After taking it on a trip, I noticed that the panel lighting on this screen unit has become increasingly unreliable. This shit should not be happening in routine use.",negative,negative,0.9999810457229614,True,television,television,0.9995425939559937,True,advanced,1,0,0,0,medium,0,0,noticed,,,,
prediction_record,20260818T204035Z_github-32183473018,0,incoming,,,,,,,,,13458,"after changing a few settings, i noticed that the cycle controls on this clothes washer fails in normal use. i tried the same thing again later and got a similar result.",negative,negative,0.9999072551727295,True,washing_machine,washing_machine,0.9957963228225708,True,informal,0,0,0,0,medium,0,1,noticed,,,,
prediction_record,20260818T204035Z_github-32183473018,0,incoming,,,,,,,,,13459,"lowkey, the batery life is what stood out after using it for work and at home; it works well even outside my usual routine. i tried the same thign again later and got a similar result. it has earned my confidence. on the other hand, the usb port has been a disappointment, which makes the overall picture more mixed.",positive,positive,0.999792754650116,True,smartphone,smartphone,0.9992995262145996,True,informal,0,0,1,1,long,1,0,stood_out,,,,
prediction_record,20260818T204035Z_github-32183473018,0,incoming,,,,,,,,,13460,My main impression of this pocket device comes from the fingerprint reader: it works normally outside my normal routine. the behavior persisted across several attempts.,neutral,negative,0.6819456219673157,False,smartphone,smartphone,0.9995306730270386,True,standard,0,0,0,0,medium,0,1,main_impression,,,,
prediction_record,20260818T204035Z_github-32183473018,0,incoming,,,,,,,,,13461,"I have been using this new refrigerator after changing a few settings, and the door warning has stayed dependable. The ice system tells a different story because it is acceptable but unremarkable.",positive,negative,0.8229998350143433,False,refrigerator,television,0.663022518157959,False,advanced,0,0,0,0,medium,1,0,using,,,,
prediction_record,20260818T204035Z_github-32183473018,0,incoming,,,,,,,,,13462,"outside my normal routine, i noticed that the streaming menu on this living room display works well even outside my usual routine.",positive,positive,0.9727286696434021,True,television,television,0.9996566772460938,True,informal,0,0,0,0,medium,0,0,noticed,,,,
prediction_record,20260818T204035Z_github-32183473018,0,incoming,,,,,,,,,13463,"after a few weeks of mixed use, the shelf layout is difficult to trust. a second check gave me the same result.",negative,negative,0.9364234805107117,True,refrigerator,washing_machine,0.7344359755516052,False,limited,0,0,0,0,medium,0,1,context_component,,,,
prediction_record,20260818T204035Z_github-32183473018,0,incoming,,,,,,,,,13464,"ngl, the compressor fan is what stood out after changing a few settings; it has been a disappointment. I repeated the check before writing this. I am considering a replacement.",negative,negative,0.9842650890350342,True,refrigerator,refrigerator,0.9986984729766846,True,advanced,0,0,0,1,medium,0,0,stood_out,,,,
prediction_record,20260818T204035Z_github-32183473018,0,incoming,,,,,,,,,13465,"imo, i have been using this tv set after a few weeks of mixed use, and the panel lighting works well even outside my usual routine. for my use case, this is a keeper. the interface tells a different story because it has been a disappointment.",positive,positive,0.9997738003730774,True,television,television,0.9996507167816162,True,limited,0,0,0,1,long,1,0,using,,,,
prediction_record,20260818T204035Z_github-32183473018,0,incoming,,,,,,,,,13466,"After taking it on a trip, I noticed that the earpiece on this cell phone keeps getting in the way.",negative,negative,0.9911494255065918,True,smartphone,smartphone,0.9964926838874817,True,advanced,0,0,1,0,medium,0,0,noticed,,,,
prediction_record,20260818T204035Z_github-32183473018,0,incoming,,,,,,,,,13467,"tbh, the door warning is what stood out after coming back to it after a few days; it is neither impressive nor bad.",neutral,neutral,0.9851754307746887,True,refrigerator,refrigerator,0.8922001123428345,True,advanced,0,0,0,1,medium,0,0,stood_out,,,,
prediction_record,20260818T204035Z_github-32183473018,0,incoming,,,,,,,,,13468,my main impression of this screen unit comes from the picture quality: it has become increasingly unreliable after using it for work and at home. i tried the same thing again later and got a similar result.,negative,negative,0.999977707862854,True,television,television,0.9996260404586792,True,informal,0,0,0,0,long,0,0,main_impression,,,,
prediction_record,20260818T204035Z_github-32183473018,0,incoming,,,,,,,,,13469,"after a few weeks of mixed use, the rinse program works normally. someone else in the house noticed it too. the damn thing is basically fine.",neutral,negative,0.9986149072647095,False,washing_machine,washing_machine,0.9995655417442322,True,informal,1,0,0,0,medium,0,1,context_component,,,,
prediction_record,20260818T204035Z_github-32183473018,0,incoming,,,,,,,,,13470,"i have been using this living room display after coming back to it a few days, and the controller works normally. this was different from my first impression.",neutral,negative,0.6853314638137817,False,television,television,0.9996482133865356,True,limited,0,0,0,0,medium,0,0,using,,,,
prediction_record,20260818T204035Z_github-32183473018,0,incoming,,,,,,,,,13471,"Under a representative operating profile, my main impression of this TV set comes from the sports motion: it remains basically average after taking it on a trip. I tried the same hting again later and got a similar result. 👍",neutral,neutral,0.999913215637207,True,television,television,0.9996457099914551,True,technical,0,1,1,0,long,0,0,main_impression,,,,
prediction_record,20260818T204035Z_github-32183473018,0,incoming,,,,,,,,,13472,My main impression of this living room display comes from the panel lighting: it is fine for what it is after changing a few settings. I repeated the check before writing this.,neutral,neutral,0.9998038411140442,True,television,television,0.9996223449707031,True,advanced,0,0,0,0,medium,0,0,main_impression,,,,
prediction_record,20260818T204035Z_github-32183473018,0,incoming,,,,,,,,,13473,"I have been using this kitchen fridge after taking it on a trip, and the freezer compartment still performs consistently. I noticed the change only in the new situation. Damn, I did not expect this part to be this solid.",positive,positive,0.9998923540115356,True,refrigerator,refrigerator,0.9979432225227356,True,standard,1,0,0,0,long,0,1,using,,,,
prediction_record,20260818T204035Z_github-32183473018,0,incoming,,,,,,,,,13474,"The apps is what stood out after coming back to it after a few days; it has not changed my opinion much. the difference became clearer after a few more days. It is not amazing, but it is not bullshit either.",neutral,neutral,0.999653697013855,True,smartphone,television,0.9996527433395386,False,standard,1,0,0,0,long,0,0,stood_out,,,,
prediction_record,20260818T204035Z_github-32183473018,0,incoming,,,,,,,,,13475,the apps is what stood out during a heavier-than-usual day; it is fine for what it is. the difference became clearer after a few more days.,neutral,neutral,0.998817503452301,True,smartphone,television,0.9996367692947388,False,limited,0,0,0,0,medium,0,0,stood_out,,,,
prediction_record,20260818T204035Z_github-32183473018,0,incoming,,,,,,,,,13476,"Under a representative operating profile, i have been using this food cooler during a heavier-than-usual day, and the door warning fails in normal use. this was different from my first impression. That said, the ice system has not given me trouble, so the experience is not completely one-sided.",negative,negative,0.9999818801879883,True,refrigerator,washing_machine,0.9825862646102905,False,technical,0,0,0,0,long,1,0,using,,,,
prediction_record,20260818T204035Z_github-32183473018,0,incoming,,,,,,,,,13477,"after a few weeks of mixed use, i noticed that the rear on this work phone holds up better than expected. this was different from my first impression. damn, i did not expect this part to be this solid.",positive,positive,0.9998842477798462,True,smartphone,smartphone,0.9995676875114441,True,limited,1,0,0,0,long,0,0,noticed,,,,
prediction_record,20260818T204035Z_github-32183473018,0,incoming,,,,,,,,,13478,"Under a representative operating profile, my main impression of this living room display comes from the built-in audio: it works normally outside my normal routine. I repeated the check before writing this. Honestly, the damn thing is just average.",neutral,negative,0.9195961952209473,False,television,television,0.9996631145477295,True,technical,1,0,0,0,long,0,0,main_impression,,,,
prediction_record,20260818T204035Z_github-32183473018,0,incoming,,,,,,,,,13479,"Under a representative operating profile, ngl, the picture quailty is what stood out after a few weeks of mixed use; it remains basically average. my opinion is still basically in the middle.",neutral,neutral,0.9998575448989868,True,television,washing_machine,0.4426456689834595,False,technical,0,0,1,1,medium,0,0,stood_out,,,,
prediction_record,20260818T204035Z_github-32183473018,0,incoming,,,,,,,,,13480,"After repeated use under comparable conditions, my main impression of this kitchen fridge comes from the thermostat: it does the job when someone else in the house used it. I noticed the chagne only in the new situation. I do not feel strongly either way. It is not amazing, but it is not bullshit either.",neutral,neutral,0.9999622106552124,True,refrigerator,refrigerator,0.9986165761947632,True,technical,1,0,1,0,long,0,0,main_impression,,,,
prediction_record,20260818T204035Z_github-32183473018,0,incoming,,,,,,,,,13481,"i have been using this mobile after a few weeks of mixed use, and the call quality keeps acting up. this was different from my first impression.",negative,negative,0.9944086670875549,True,smartphone,refrigerator,0.9974798560142517,False,limited,0,0,0,0,medium,0,1,using,,,,
prediction_record,20260818T204035Z_github-32183473018,0,incoming,,,,,,,,,13482,"during a heavier-htan-usual day, the sports motion fails in normal use. this needs to improve.",negative,negative,0.9997702240943909,True,television,television,0.9973697662353516,True,limited,0,0,1,0,medium,0,0,context_component,,,,
prediction_record,20260818T204035Z_github-32183473018,0,incoming,,,,,,,,,13483,"i did not pay much attention to the fill valve at first, but during a heavier-than-usual day it feels ordinary after more use.",neutral,neutral,0.7382468581199646,True,washing_machine,refrigerator,0.35359928011894226,False,informal,0,0,0,0,medium,0,0,attention,,,,
prediction_record,20260818T204035Z_github-32183473018,0,incoming,,,,,,,,,13484,"the sports motion is what stood out outside my normal routine; it keeps getting in the way. a second check gave me the same result. this needs to improve. that said, the interface feels ordinary after more use, so the experience is not completely one-sided.",negative,negative,0.9999816417694092,True,television,television,0.9996656179428101,True,limited,0,0,0,0,long,1,0,stood_out,,,,
prediction_record,20260818T204035Z_github-32183473018,0,incoming,,,,,,,,,13485,My main impression of this daily driver comes from the call quailty: it does the job after useing it for work and at home. the behavior persisted across several attempts. There is no major crap to complain about here.,neutral,neutral,0.9999552965164185,True,smartphone,refrigerator,0.9988412261009216,False,standard,1,0,1,0,long,0,0,main_impression,,,,
prediction_record,20260818T204035Z_github-32183473018,0,incoming,,,,,,,,,13486,My main impression of this clothes washer comes from the vibration: it feels ordinary after more use after a few weeks of mixed use. I tried the same thing again later and got a similar result. not great tbh.,neutral,neutral,0.999915361404419,True,washing_machine,washing_machine,0.352548211812973,True,advanced,0,0,0,1,long,0,1,main_impression,,,,
prediction_record,20260818T204035Z_github-32183473018,0,incoming,,,,,,,,,13487,"when someone else in the house used it, the wash drum still performs consistently. on the other hand, the cycle controls is acceptable but unremarkable, which makes the overall picture more mixed.",positive,positive,0.9997393488883972,True,washing_machine,washing_machine,0.9995610117912292,True,limited,0,0,0,0,medium,1,0,context_component,,,,
prediction_record,20260818T204035Z_github-32183473018,0,incoming,,,,,,,,,13488,my main impression of this daily drivre comes from the fingerprint reader: it is acceptable but unremarkable after coming back to it after a few days. the behavior persisted across several attempts.,neutral,neutral,0.9832385778427124,True,smartphone,refrigerator,0.9987406134605408,False,informal,0,0,1,0,medium,0,1,main_impression,,,,
prediction_record,20260818T204035Z_github-32183473018,0,incoming,,,,,,,,,13489,my main impression of this machine comes from the cycle controls: it keeps acting up when someone else in the house used it. the difference became clearer after a few more days.,negative,negative,0.9998821020126343,True,washing_machine,washing_machine,0.9208396673202515,True,informal,0,0,0,0,medium,0,0,main_impression,,,,
prediction_record,20260818T204035Z_github-32183473018,0,incoming,,,,,,,,,13490,"I did not pay much attention to the drainage motor at first, but after a few weeks of mixed use it has been a disappointment. a second check gave me the same result. I would not rely on it. I am tired of this crap.",negative,negative,0.9999662637710571,True,washing_machine,television,0.5381258726119995,False,advanced,1,0,0,0,long,0,0,attention,,,,
prediction_record,20260818T204035Z_github-32183473018,0,incoming,,,,,,,,,13491,"i have been using this wash unit after taking it on a trip, and the drainage motor does the job. i tried the same thing again later and got a similar result. on the other hand, the cycle controls holds up better than expected, which makes the overall picture more mixed.",neutral,neutral,0.999855637550354,True,washing_machine,washing_machine,0.9804800748825073,True,informal,0,0,0,0,long,1,0,using,,,,
prediction_record,20260818T204035Z_github-32183473018,0,incoming,,,,,,,,,13492,my main impression of this food cooler comes from the door warning: it continues to work without drama after changing a few settings.,positive,negative,0.7570335268974304,False,refrigerator,refrigerator,0.968217134475708,True,informal,0,0,0,0,medium,0,0,main_impression,,,,
prediction_record,20260818T204035Z_github-32183473018,0,incoming,,,,,,,,,13493,"during a heavier-than-usual day, the call quality has turned into a recurring problem. the behavior persisted across several attempts. 👎",negative,negative,0.9177325963973999,True,smartphone,refrigerator,0.3958004117012024,False,informal,0,1,0,0,medium,0,0,context_component,,,,
prediction_record,20260818T204035Z_github-32183473018,0,incoming,,,,,,,,,13494,"i have been using this cell phone after taking it on a trip, and the rear camera has become increasingly unreliable. someone else in the house noticed it too.",negative,negative,0.9998668432235718,True,smartphone,smartphone,0.9996341466903687,True,informal,0,0,0,0,medium,0,0,using,,,,
prediction_record,20260818T204035Z_github-32183473018,0,incoming,,,,,,,,,13495,"imo, my main impression of this living room display comes from the panel lighting: it breaks down when conditions change after coming back to after a few days.",negative,negative,0.8325837850570679,True,television,television,0.9996349811553955,True,limited,0,0,0,1,medium,0,0,main_impression,,,,
prediction_record,20260818T204035Z_github-32183473018,0,incoming,,,,,,,,,13496,"After atking it on a trip, I noticed that the network reception on this new phone has been a disappointment. someone else in the house noticed it too. I am already looking at alternatives. Honestly 👍",negative,negative,0.9999616146087646,True,smartphone,smartphone,0.9996678829193115,True,standard,0,1,1,0,long,0,1,noticed,,,,
prediction_record,20260818T204035Z_github-32183473018,0,incoming,,,,,,,,,13497,"outside my normal routine, the inside lighting is neither impressive nor bad. this was different from my first impression. i don't feel strongly either way.",neutral,neutral,0.9999043941497803,True,refrigerator,smartphone,0.7889279723167419,False,informal,0,0,0,0,medium,0,0,context_component,,,,
prediction_record,20260818T204035Z_github-32183473018,0,incoming,,,,,,,,,13498,"i did not pay much attention to the earpiece at first, but after a few weeks of mixed use it keeps getting in the way.",negative,negative,0.9943326711654663,True,smartphone,washing_machine,0.48995164036750793,False,limited,0,0,0,0,medium,0,0,attention,,,,
prediction_record,20260818T204035Z_github-32183473018,0,incoming,,,,,,,,,13499,My main impression of this front-loading washer comes from the cycle controls: it feels ordinary after more use after changing a few settings. the behavior persisted across several attempts. I would neither recommend it nor warn people away.,neutral,neutral,0.9999587535858154,True,washing_machine,washing_machine,0.9996139407157898,True,standard,0,0,0,0,long,0,0,main_impression,,,,
prediction_record,20260818T204035Z_github-32183473018,0,incoming,,,,,,,,,13500,"From a practical reliability standpoint, after coming back to it after a few days, I noticed that the freezer compartment on this kitchen fridge keeps acting up. a second check gave me the same result.",negative,negative,0.9991036057472229,True,refrigerator,refrigerator,0.9979396462440491,True,technical,0,0,0,0,long,0,0,noticed,,,,
prediction_record,20260818T204035Z_github-32183473018,0,incoming,,,,,,,,,13501,"Under a representative operating profile, the earpiece is what stood out outside my normal routine; it is neither impressive nor bad. a second check gave me the same result. my opinion is still basically in the middle.",neutral,neutral,0.9999291896820068,True,smartphone,refrigerator,0.9598779082298279,False,technical,0,0,0,0,long,0,0,stood_out,,,,
prediction_record,20260818T204035Z_github-32183473018,0,incoming,,,,,,,,,13502,my main impression of this clothes washer comes from the wash drum: it works normally after using it for work and at home. a second check gave the same result.,neutral,neutral,0.5995481610298157,True,washing_machine,washing_machine,0.9995575547218323,True,limited,0,0,0,0,medium,0,0,main_impression,,,,
prediction_record,20260818T204035Z_github-32183473018,0,incoming,,,,,,,,,13503,"i did not pay much attention to the video input at first, but after chanigng few settings it keeps acting up.",negative,negative,0.8418282270431519,True,television,television,0.9992067217826843,True,limited,0,0,1,0,medium,0,0,attention,,,,
prediction_record,20260818T204035Z_github-32183473018,0,incoming,,,,,,,,,13504,"After changing a few settings, the drainage motor remains basically avreage. someone else in the house noticed it too.",neutral,neutral,0.7602148056030273,True,washing_machine,refrigerator,0.7969827055931091,False,advanced,0,0,1,0,medium,0,0,context_component,,,,
prediction_record,20260818T204035Z_github-32183473018,0,incoming,,,,,,,,,13505,My main impression of this daily driver comes from the apps: it is acceptable but unremarkable after coming back to it after a few days. it is adequate for now.,neutral,neutral,0.9995779395103455,True,smartphone,television,0.9996525049209595,False,advanced,0,0,0,0,medium,0,0,main_impression,,,,
prediction_record,20260818T204035Z_github-32183473018,0,incoming,,,,,,,,,13506,"The thermostat is what stood out when someone else in the house used it; it is fine for what it is. I would neither recommend it nor warn people away. Honestly, the damn thing is just average.",neutral,neutral,0.9999744892120361,True,refrigerator,refrigerator,0.9976279139518738,True,standard,1,0,0,0,long,0,0,stood_out,,,,
prediction_record,20260818T204035Z_github-32183473018,0,incoming,,,,,,,,,13507,My main impression of this laundry unit ocmes from the vibration: it is acceptable but unremarkable after changing a few settings.,neutral,neutral,0.8707711696624756,True,washing_machine,washing_machine,0.5297265648841858,True,advanced,0,0,1,0,medium,0,0,main_impression,,,,
prediction_record,20260818T204035Z_github-32183473018,0,incoming,,,,,,,,,13508,"during a heavier-than-usual day, i noticed that the network reception on this mobile has stayed dependable. i noticed the change only in the new situation. i plan to keep using it.",positive,positive,0.9369499087333679,True,smartphone,smartphone,0.9995988011360168,True,informal,0,0,0,0,medium,0,0,noticed,,,,
prediction_record,20260818T204035Z_github-32183473018,0,incoming,,,,,,,,,13509,the fingerprint reader is what stood out during a heavier-than-usual day; it has become increasingly unreliable. the behavior persisted across several attempts. 💀,negative,negative,0.9997795224189758,True,smartphone,refrigerator,0.8927634358406067,False,informal,0,1,0,0,medium,0,1,stood_out,,,,
prediction_record,20260818T204035Z_github-32183473018,0,incoming,,,,,,,,,13510,"Under a representative operating profile, tbh, when someone else in the house used it, I noticed that the door latch on this wash unit feels ordinary after more use. I tried the same thing again later and got a similar result.",neutral,neutral,0.9998701810836792,True,washing_machine,refrigerator,0.9882241487503052,False,technical,0,0,0,1,long,0,1,noticed,,,,
prediction_record,20260818T204035Z_github-32183473018,0,incoming,,,,,,,,,13511,"i did not pay much attention to the picture quality at first, but after taking it on a trip it does job. there is not much else to say.",neutral,neutral,0.9994819760322571,True,television,smartphone,0.3337237238883972,False,limited,0,0,0,0,medium,0,0,attention,,,,
prediction_record,20260818T204035Z_github-32183473018,0,incoming,,,,,,,,,13512,"during a heavier-than-usual day, i noticed that the rinse program on this wash unit is neither impressive nor bad. a second gave me the same result. 😂",neutral,neutral,0.9948122501373291,True,washing_machine,washing_machine,0.3403262495994568,True,limited,0,1,0,0,medium,0,0,noticed,,,,
prediction_record,20260818T204035Z_github-32183473018,0,incoming,,,,,,,,,13513,"The streaming menu is what stood out after useing it for work and at home; it breaks down when conditions change. a second check gave me the same result. this needs to improve. That said, the wireless connection continues to work without drama, so the experience is not completely one-sided.",negative,negative,0.9999734163284302,True,television,television,0.9996669292449951,True,standard,0,0,1,0,long,1,0,stood_out,,,,
prediction_record,20260818T204035Z_github-32183473018,0,incoming,,,,,,,,,13514,"After using it for work and at home, I noticed that the earpiece on this mobile keeps getting in the way.",negative,negative,0.9679287672042847,True,smartphone,smartphone,0.9680954217910767,True,advanced,0,0,0,0,medium,0,0,noticed,,,,
prediction_record,20260818T204035Z_github-32183473018,0,incoming,,,,,,,,,13515,"after changing a few settings, the thermostat continues to work without drama. i repeated the check before writing this.",positive,negative,0.5941191911697388,False,refrigerator,refrigerator,0.4809233844280243,True,informal,0,0,0,0,medium,0,0,context_component,,,,
prediction_record,20260818T204035Z_github-32183473018,0,incoming,,,,,,,,,13516,"Under ordinary operating conditions, after changing a few settings, I noticed that the wireless connection on this screen unit remains basically average. a second check gave me the same result. There is no major crap to complain about here.",neutral,neutral,0.9999551773071289,True,television,television,0.9996225833892822,True,technical,1,0,0,0,long,0,0,noticed,,,,
prediction_record,20260818T204035Z_github-32183473018,0,incoming,,,,,,,,,13517,"ngl, outside my normal routine, i noticed that the door warning on this main fridge is neither impressive nor bad. the difference became clearer after a few more days. on the other hand, the shelf layout has become increasingly unreliable, which makes the overall picture more mixed.",neutral,neutral,0.9998859167098999,True,refrigerator,refrigerator,0.9990109205245972,True,informal,0,0,0,1,long,1,0,noticed,,,,
prediction_record,20260818T204035Z_github-32183473018,0,incoming,,,,,,,,,13518,"After coming back to it after a few days, I noticed that the video input on this living room display is acceptable but unremarkable. I do not feel strongly either way. pretty solid ngl.",neutral,neutral,0.9996240139007568,True,television,television,0.9996206760406494,True,standard,0,0,0,1,long,0,0,noticed,,,,
prediction_record,20260818T204035Z_github-32183473018,0,incoming,,,,,,,,,13519,"After changing a few settings, the spin program has not changed my opinion much. the behavior persisted arcoss several attempts.",neutral,neutral,0.7193437814712524,True,washing_machine,washing_machine,0.9473076462745667,True,advanced,0,0,1,0,medium,0,1,context_component,,,,
prediction_record,20260818T204035Z_github-32183473018,0,incoming,,,,,,,,,13520,"I have been using this clothes washer after a few weeks of mixed use, and the soap tray holds up better than expected. the behavior persisted across several attempts. idk.",positive,positive,0.9973331689834595,True,washing_machine,washing_machine,0.9995428323745728,True,standard,0,0,0,1,medium,0,0,using,,,,
prediction_record,20260818T204035Z_github-32183473018,0,incoming,,,,,,,,,13521,the apps is what stood out after cahnging a few settings; it does the job. there is not much else to say.,neutral,neutral,0.9997040629386902,True,smartphone,television,0.9996147155761719,False,informal,0,0,1,0,medium,0,0,stood_out,,,,
prediction_record,20260818T204035Z_github-32183473018,0,incoming,,,,,,,,,13522,"Across repeated observations, after a few weeks of mixed use, the cycle controls is acceptable but unremarkable. I tried the same thing again later and got a similar result.",neutral,neutral,0.9989394545555115,True,washing_machine,washing_machine,0.9994133710861206,True,technical,0,0,0,0,medium,0,0,context_component,,,,
prediction_record,20260818T204035Z_github-32183473018,0,incoming,,,,,,,,,13523,"after coming back to it after a few days, i noticed that the fill valve on this front-loading washer is difficult to trust. i tried the same thing again later and got a similar result.",negative,negative,0.8781021237373352,True,washing_machine,washing_machine,0.998706579208374,True,informal,0,0,0,0,long,0,0,noticed,,,,
prediction_record,20260818T204035Z_github-32183473018,0,incoming,,,,,,,,,13524,"real talk, after taking it on a trip, the streaming menu is difficult to trust. this was different from my first impression. this is the part that makes me regret the purchase. the damn thing keeps getting in the way.",negative,negative,0.9999853372573853,True,television,television,0.9996083378791809,True,limited,1,0,0,1,long,0,0,context_component,,,,
prediction_record,20260818T204035Z_github-32183473018,0,incoming,,,,,,,,,13525,"I did not pay much attention to the spin program at first, but after a few weeks of mixed use it works well even outside my usual routine. I tried the same thing again later and got a similar result. The rinse program tells a diferent story because it has become increasingly unreliable.",positive,positive,0.9967484474182129,True,washing_machine,washing_machine,0.9959768652915955,True,standard,0,0,1,0,long,1,0,attention,,,,
prediction_record,20260818T204035Z_github-32183473018,0,incoming,,,,,,,,,13526,"After coming back to it after a few days, the picture quality works well even outside my usual routine. a second check gave me the same result. On the other hand, the sports motion works normally, which makes the overall picture more mixed.",positive,positive,0.9994895458221436,True,television,television,0.992351233959198,True,standard,0,0,0,0,long,1,0,context_component,,,,
prediction_record,20260818T204035Z_github-32183473018,0,incoming,,,,,,,,,13527,"I did not pay much attention to the cycle controls at first, but during a heavier-than-usual day it keeps acting up. I tried the same thing again later and got a similar result.",negative,negative,0.9991912245750427,True,washing_machine,washing_machine,0.9681232571601868,True,advanced,0,0,0,0,medium,0,0,attention,,,,
prediction_record,20260818T204035Z_github-32183473018,0,incoming,,,,,,,,,13528,The sports motion is what stood out after using it for work and at home; it fails in routine use.,negative,negative,0.9677959084510803,True,television,television,0.9996123909950256,True,advanced,0,0,0,0,medium,0,0,stood_out,,,,
prediction_record,20260818T204035Z_github-32183473018,0,incoming,,,,,,,,,13529,"after using it for work and at home, i noticed that the spin program on this wash unit works normally. the difference became clearer after a few more days.",neutral,neutral,0.9012231230735779,True,washing_machine,washing_machine,0.9378677606582642,True,limited,0,0,0,0,medium,0,0,noticed,,,,
prediction_record,20260818T204035Z_github-32183473018,0,incoming,,,,,,,,,13530,"Under ordinary operating conditions, the touch apnel is what stood out after a few weeks of mixed use; it continues to work without drama. I tried the same thing again later and got a similar result. for my use case, this is a keeper. Damn, I did not expect this part to be this solid.",positive,positive,0.9981340765953064,True,smartphone,washing_machine,0.5278973579406738,False,technical,1,0,1,0,long,0,1,stood_out,,,,
prediction_record,20260818T204035Z_github-32183473018,0,incoming,,,,,,,,,13531,"After repeated use under comparable conditions, i did not pay much attention to the cooling motor at first, but after using it for work and at home it keeps getting in the way. the difference became clearer after a few more days. The damn thing keeps getting in the way. Honestly 🙃",negative,negative,0.9999783039093018,True,refrigerator,refrigerator,0.9984191656112671,True,technical,1,1,0,0,long,0,0,attention,,,,
prediction_record,20260818T204035Z_github-32183473018,0,incoming,,,,,,,,,13532,"Under a representative operating profile, after changing a few settings, I noticed that the call quality on this daily driver remains basically average. I repeated the check before writing this. There is no major crap to complain about here. 💀",neutral,neutral,0.9999444484710693,True,smartphone,refrigerator,0.9984216690063477,False,technical,1,1,0,0,long,0,0,noticed,,,,
prediction_record,20260818T204035Z_github-32183473018,0,incoming,,,,,,,,,13533,"fr, i did not pay much attention to the earpiece at first, but fater taking it on a trip it continues to work without drama. a second check gave me the same result.",positive,negative,0.6881970167160034,False,smartphone,refrigerator,0.8279440402984619,False,standard,0,0,1,1,medium,0,1,attention,,,,
prediction_record,20260818T204035Z_github-32183473018,0,incoming,,,,,,,,,13534,The streaming menu is what stood out after coming back to it after a few days; it breaks down when conditions change.,negative,negative,0.5214421153068542,True,television,television,0.9996368885040283,True,standard,0,0,0,0,medium,0,0,stood_out,,,,
prediction_record,20260818T204035Z_github-32183473018,0,incoming,,,,,,,,,13535,"When someone else in the house used it, I noitced that the touch panel on this cell phone breaks down when conditions change. I noticed the change only in the new situation.",negative,negative,0.9606351256370544,True,smartphone,smartphone,0.9969295859336853,True,advanced,0,0,1,0,medium,0,0,context_component,,,,
prediction_record,20260818T204035Z_github-32183473018,0,incoming,,,,,,,,,13536,My main impression of this TV set comes from the interface: it has not given me trouble after changing a few settings. I noticed the change only in the new situation.,positive,negative,0.9997262358665466,False,television,television,0.9996330738067627,True,advanced,0,0,0,0,medium,0,1,main_impression,,,,
prediction_record,20260818T204035Z_github-32183473018,0,incoming,,,,,,,,,13537,my main impression of this front-loading washer comes from the drainage motor: it has not changed my opinion much after coming back to it after a few days. i repeated the check before writing this. there is no major crap to complain about here.,neutral,negative,0.86814284324646,False,washing_machine,washing_machine,0.9995889067649841,True,informal,1,0,0,0,long,0,0,main_impression,,,,
prediction_record,20260818T204035Z_github-32183473018,0,incoming,,,,,,,,,13538,"From a practical reliability standpoint, i did not pay much attention to the interface at first, but after coming back to it after a few days it holds up better than expected.",positive,positive,0.9548472166061401,True,television,refrigerator,0.45305460691452026,False,technical,0,0,0,0,medium,0,0,attention,,,,
prediction_record,20260818T204035Z_github-32183473018,0,incoming,,,,,,,,,13539,"after changing a few settings, the door warning has into a recurring probelm. the behavior persisted across several attempts. 👎",negative,negative,0.8387285470962524,True,refrigerator,refrigerator,0.7290773987770081,True,limited,0,1,1,0,medium,0,0,context_component,,,,
prediction_record,20260818T204035Z_github-32183473018,0,incoming,,,,,,,,,13540,"After taking it on a trip, I noticed that the freezer compartment on this refrigeration unit continues to work without drama. overall I am happy with it.",positive,positive,0.9756851196289062,True,refrigerator,refrigerator,0.997370719909668,True,standard,0,0,0,0,medium,0,0,noticed,,,,
prediction_record,20260818T204035Z_github-32183473018,0,incoming,,,,,,,,,13541,"Under a representative operating profile, the built-in audio is what stood out when someone else in the house used it; it still performs consistently.",positive,positive,0.9951209425926208,True,television,refrigerator,0.9209140539169312,False,technical,0,0,0,0,medium,0,0,stood_out,,,,
prediction_record,20260818T204035Z_github-32183473018,0,incoming,,,,,,,,,13542,"After repeated use under comparable conditions, after using it for work and at home, I noticed that the apps on this new phone breaks down when conditions change.",negative,neutral,0.7972537279129028,False,smartphone,washing_machine,0.9844001531600952,False,technical,0,0,0,0,medium,0,1,noticed,,,,
prediction_record,20260818T204035Z_github-32183473018,0,incoming,,,,,,,,,13543,"Across repeated observations, imo, when someone else in the house used it, the spin program has become increasingly unreliable. the difference became clearer after a few more days. I am already looking at alternatives.",negative,negative,0.9999876022338867,True,washing_machine,washing_machine,0.5188496708869934,True,technical,0,0,0,1,long,0,0,context_component,,,,
prediction_record,20260818T204035Z_github-32183473018,0,incoming,,,,,,,,,13544,"After repeated use under comparable conditions, the controller is what stood out after changing a few settings; it holds up better than expected. a second check gave me the same result. lol. 👍",positive,positive,0.9995235204696655,True,television,refrigerator,0.7396509647369385,False,technical,0,1,0,1,medium,0,0,stood_out,,,,
prediction_record,20260818T204035Z_github-32183473018,0,incoming,,,,,,,,,13545,"i have been useing this television set after coming back to it after a few days, and the sports motion has not given me trouble. the damn thing surprised me in a good way. kinda wild.",positive,negative,0.9999161958694458,False,television,television,0.999691367149353,True,informal,1,0,1,1,long,0,0,context_component,,,,
prediction_record,20260818T204035Z_github-32183473018,0,incoming,,,,,,,,,13546,"Across repeated observations, i did not pay much attention to the battery life at first, but after coming back to it after a few days it has not changed my opinion much. I noticed the change only in the new situation. I do not feel strongly either way.",neutral,neutral,0.9973462820053101,True,smartphone,smartphone,0.9996411800384521,True,technical,0,0,0,0,long,0,1,attention,,,,
prediction_record,20260818T204035Z_github-32183473018,0,incoming,,,,,,,,,13547,"Across repeated observations, my main impression of this video panel comes from the controller: it is acceptable but unremarkable after coming back to it after a few days. someone else in the house noticed it too.",neutral,neutral,0.8906861543655396,True,television,washing_machine,0.704685389995575,False,technical,0,0,0,0,long,0,1,main_impression,,,,
prediction_record,20260818T204035Z_github-32183473018,0,incoming,,,,,,,,,13548,my main impression of this front-loading washer comes from the wash drum: it has become increasingly unreliable after changing a few settings. the behavior persisted across several attempts. this shit should not be happening in normal use.,negative,negative,0.9999891519546509,True,washing_machine,washing_machine,0.9995586276054382,True,limited,1,0,0,0,long,0,0,main_impression,,,,
prediction_record,20260818T204035Z_github-32183473018,0,incoming,,,,,,,,,13549,"I did not pay much attention to the door warning at first, but during a heavier-than-usual day it still performs consistently. I noticed the change only in the new situation. on balance I am happy with it.",positive,positive,0.9998483657836914,True,refrigerator,refrigerator,0.5655797123908997,True,advanced,0,0,0,0,long,0,0,attention,,,,
prediction_record,20260818T204035Z_github-32183473018,0,incoming,,,,,,,,,13550,"After taking it on a trip, I noticed that the freezer compartment on this main fridge is fine for what it is. this was different from my first impression.",neutral,neutral,0.9989551305770874,True,refrigerator,refrigerator,0.9985472559928894,True,advanced,0,0,0,0,medium,0,0,noticed,,,,
prediction_record,20260818T204035Z_github-32183473018,0,incoming,,,,,,,,,13551,the streaming menu is what stood out after a few weeks of mixed use; it remains basically average. i tried the same thing again got a similar rseult. the damn thing is basically fine.,neutral,neutral,0.9999626874923706,True,television,television,0.999669075012207,True,limited,1,0,1,0,long,0,0,stood_out,,,,
prediction_record,20260818T204035Z_github-32183473018,0,incoming,,,,,,,,,13552,My main impression of this laundry unit comes from the fill valve: it has not given me trouble after using it for work and at home. a second check gave me the same result.,positive,negative,0.9998897314071655,False,washing_machine,refrigerator,0.6334332823753357,False,standard,0,0,0,0,long,0,1,main_impression,,,,
prediction_record,20260818T204035Z_github-32183473018,0,incoming,,,,,,,,,13553,"After taking it on a trip, the gasket is fine for what it is. someone else in the house noticed it too. Honestly, the damn thing is just average.",neutral,neutral,0.9999672174453735,True,refrigerator,refrigerator,0.9855140447616577,True,advanced,1,0,0,0,medium,0,0,context_component,,,,
prediction_record,20260818T204035Z_github-32183473018,0,incoming,,,,,,,,,13554,"i have been using this lcothes washer after it for work and at home, the cycle controls has not given me trouble.",positive,negative,0.7369008660316467,False,washing_machine,washing_machine,0.9920938611030579,True,limited,0,0,1,0,medium,0,1,using,,,,
prediction_record,20260818T204035Z_github-32183473018,0,incoming,,,,,,,,,13555,"i have been using this new washer after using it for work and at home, and the vibration has been a pleasant surprise. this was different from my first impression.",positive,negative,0.7884180545806885,False,washing_machine,washing_machine,0.6488720178604126,True,informal,0,0,0,0,medium,0,1,using,,,,
prediction_record,20260818T204035Z_github-32183473018,0,incoming,,,,,,,,,13556,My main impression of this work phone comes from the network reception: it has been a disappointment during a heavier-than-usual day.,negative,negative,0.9681728482246399,True,smartphone,smartphone,0.9996035695075989,True,advanced,0,0,0,0,medium,0,0,main_impression,,,,
prediction_record,20260818T204035Z_github-32183473018,0,incoming,,,,,,,,,13557,The soap tray is what stood out after using it for work and at home; it feels ordinary after more use. someone else in the house noticed it too. it is adequate for now. 😬,neutral,neutral,0.999944806098938,True,washing_machine,refrigerator,0.9934719800949097,False,advanced,0,1,0,0,long,0,0,stood_out,,,,
prediction_record,20260818T204035Z_github-32183473018,0,incoming,,,,,,,,,13558,The compressor fan is what stood out after a few weeks of mixed use; it has been a disappointment. a second check gave me the same result. I would not rely on it. pretty solid ngl.,negative,negative,0.9974960684776306,True,refrigerator,refrigerator,0.9982975125312805,True,advanced,0,0,0,1,long,0,0,stood_out,,,,
prediction_record,20260818T204035Z_github-32183473018,0,incoming,,,,,,,,,13559,"i did not pay much attention to the drainage motor at first, but after changing a few settings it fails in normal use. a second check gave me the same result. i am already looking at alternatives.",negative,negative,0.9999849796295166,True,washing_machine,refrigerator,0.7258615493774414,False,limited,0,0,0,0,long,0,0,attention,,,,
prediction_record,20260818T204035Z_github-32183473018,0,incoming,,,,,,,,,13560,"Under ordinary operating conditions, outside my normal routine, I noticed that the battery life on this work phone works normally. the behavior persisted across several attempts.",neutral,negative,0.590617299079895,False,smartphone,smartphone,0.9994906187057495,True,technical,0,0,0,0,medium,0,0,noticed,,,,
prediction_record,20260818T204035Z_github-32183473018,0,incoming,,,,,,,,,13561,"The picture quality is what stood out after taking it on a trip; it has become increasingly unreliable. I noticed the change only in the new situation. That said, the streaming menu does the job, so the experience is not completely one-sided. The damn thing keeps getting in the way. 🤷",negative,negative,0.9999889135360718,True,television,television,0.9996453523635864,True,standard,1,1,0,0,long,1,0,stood_out,,,,
prediction_record,20260818T204035Z_github-32183473018,0,incoming,,,,,,,,,13562,"After repeated use under comparable conditions, the gasket is what stood out during a heavier-than-usual day; it is fine for what it is. my opinion is still basically in the middle. Honestly 😂",neutral,neutral,0.9997853636741638,True,refrigerator,refrigerator,0.9523292183876038,True,technical,0,1,1,0,medium,0,0,stood_out,,,,
prediction_record,20260818T204035Z_github-32183473018,0,incoming,,,,,,,,,13563,"I did not pay much attention to the cycle controls at first, but outside my normal routine it fails in normal use. the difference became clearer after a few more days.",negative,negative,0.9997467398643494,True,washing_machine,washing_machine,0.9635665416717529,True,standard,0,0,0,0,medium,0,0,attention,,,,
prediction_record,20260818T204035Z_github-32183473018,0,incoming,,,,,,,,,13564,"i have been using this refrigeration unit when someone else in the house used it, and the cooling motor is neither impressive nor bad. i tried the same thing again later and got a similar result.",neutral,neutral,0.9999088048934937,True,refrigerator,refrigerator,0.9973003268241882,True,informal,0,0,0,0,long,0,0,using,,,,
prediction_record,20260818T204035Z_github-32183473018,0,incoming,,,,,,,,,13565,"I did not pay much attention to the built-in audio at first, but udring a heavier-than-usual day it feels dependable in daily use.",positive,negative,0.8814635872840881,False,television,smartphone,0.601448655128479,False,advanced,0,0,1,0,medium,0,1,attention,,,,
prediction_record,20260818T204035Z_github-32183473018,0,incoming,,,,,,,,,13566,"tbh, my main impression of this laundry unit comes from the drainage motor: it has stayed dependable after taking it on a trip. I noticed the change only in the new situation.",positive,negative,0.9467634558677673,False,washing_machine,refrigerator,0.41190797090530396,False,advanced,0,0,0,1,medium,0,0,main_impression,,,,
prediction_record,20260818T204035Z_github-32183473018,0,incoming,,,,,,,,,13567,"I have been useing this new refrigerator after coming back to it after a few days, and the ice system has been a pleasant surprise. it has earned my confidence. 😅",positive,positive,0.9923271536827087,True,refrigerator,refrigerator,0.8573845028877258,True,standard,0,1,1,0,medium,0,1,context_component,,,,
prediction_record,20260818T204035Z_github-32183473018,0,incoming,,,,,,,,,13568,"i have been using this front-loading washer after taking it on a trip, and the door latch works well even outside my usual routine. this was different from my first impression.",positive,positive,0.951188325881958,True,washing_machine,washing_machine,0.9995879530906677,True,informal,0,0,0,0,medium,0,0,using,,,,
prediction_record,20260818T204035Z_github-32183473018,0,incoming,,,,,,,,,13569,"real talk, after coming back to it after a few days, the freezer compartment keeps acting up. someone else in the house noticed it too. I would not rely on it. The damn thing keeps getting in the way.",negative,negative,0.9999884366989136,True,refrigerator,refrigerator,0.9976674914360046,True,standard,1,0,0,1,long,0,0,context_component,,,,
prediction_record,20260818T204035Z_github-32183473018,0,incoming,,,,,,,,,13570,"imo, my main impression of this kitchen fridge comes from the inside lighting: it is fine for what it is outside my normal routine. a second check gave me the same result. it is adequate for now. 🙃",neutral,neutral,0.9999312162399292,True,refrigerator,refrigerator,0.9989728927612305,True,standard,0,1,0,1,long,0,0,main_impression,,,,
prediction_record,20260818T204035Z_github-32183473018,0,incoming,,,,,,,,,13571,"the vibration is what stood out after useing it for work and at home; it holds up better than expected. a second check gave me the same result. no bullshit, this has been one of the better parts of the product.",positive,positive,0.9998962879180908,True,washing_machine,refrigerator,0.7001922726631165,False,informal,1,0,1,0,long,0,1,stood_out,,,,
prediction_record,20260818T204035Z_github-32183473018,0,incoming,,,,,,,,,13572,"I did not pay much attention to the thermostat at first, but after taking it on a trip it works normally. the difference became clearer after a few more days. I would neither recommend it nor warn people away.",neutral,neutral,0.9995080232620239,True,refrigerator,refrigerator,0.7536063194274902,True,advanced,0,0,0,0,long,0,0,attention,,,,
prediction_record,20260818T204035Z_github-32183473018,0,incoming,,,,,,,,,13573,"I did not pay much attention to the thermostat at first, but after a few weeks of mixed use it has been a pleasant surprise. I expected some crap here, but it has actually held up.",positive,positive,0.9969009160995483,True,refrigerator,washing_machine,0.38927170634269714,False,advanced,1,0,0,0,long,0,0,attention,,,,
prediction_record,20260818T204035Z_github-32183473018,0,incoming,,,,,,,,,13574,"after a few weeks of mixed use, the fingerprint reader still performs consistently. someone else in the house noticed it too. it has earned my confidence. damn, i did not expect part to be this solid.",positive,positive,0.9999058246612549,True,smartphone,washing_machine,0.4498750567436218,False,limited,1,0,0,0,long,0,0,context_component,,,,
prediction_record,20260818T204035Z_github-32183473018,0,incoming,,,,,,,,,13575,"during a heavier-than-usual day, the inside lighting keeps getting in the way. i noticed the change only in the new situation. this needs to improve.",negative,negative,0.9999843835830688,True,refrigerator,refrigerator,0.8250094652175903,True,informal,0,0,0,0,medium,0,0,context_component,,,,
prediction_record,20260818T204035Z_github-32183473018,0,incoming,,,,,,,,,13576,"i did not pay much attention to the thermostat at first, but afetr changing a few settings it has a pleasant surprise. on the other hand, the inside lighting keeps getting in the way, which makes the voerall picture more mixed.",positive,negative,0.9999433755874634,False,refrigerator,refrigerator,0.9950332641601562,True,limited,0,0,1,0,long,1,0,attention,,,,
prediction_record,20260818T204035Z_github-32183473018,0,incoming,,,,,,,,,13577,"i have been using this daily driver after changing a few settings, and the touch panel has not changed my opinion much.",neutral,neutral,0.7255648374557495,True,smartphone,refrigerator,0.9781085252761841,False,informal,0,0,0,0,medium,0,0,using,,,,
prediction_record,20260818T204035Z_github-32183473018,0,incoming,,,,,,,,,13578,"after changing a few esttings, i noticed that the door warning on this new refrigerator works well even outside my usual routine. a second check gave me the same result. for my use case, this is a keeper. that said, the gasket has a disappointment, so the experience is not copmletely one-sided.",positive,positive,0.9997536540031433,True,refrigerator,refrigerator,0.9985319375991821,True,limited,0,0,1,0,long,1,0,noticed,,,,
prediction_record,20260818T204035Z_github-32183473018,0,incoming,,,,,,,,,13579,"After changing a few settings, the door warning is acceptable but urnemarkable. I noticed the change only in the new situation.",neutral,neutral,0.9707258343696594,True,refrigerator,refrigerator,0.8049533367156982,True,advanced,0,0,1,0,medium,0,0,context_component,,,,
prediction_record,20260818T204035Z_github-32183473018,0,incoming,,,,,,,,,13580,"real talk, after coming back to it after a few the fill valve keeps getting in the way. i am already looking at alternatives.",negative,negative,0.9999703168869019,True,washing_machine,refrigerator,0.831297755241394,False,limited,0,0,0,1,medium,0,0,context_component,,,,
prediction_record,20260818T204035Z_github-32183473018,0,incoming,,,,,,,,,13581,"After repeated use under comparable conditions, outside my normal routine, the USB port feels ordinary after more use. the difference became clearer after a few more days.",neutral,neutral,0.9990037083625793,True,smartphone,smartphone,0.9994722008705139,True,technical,0,0,0,0,medium,0,0,context_component,,,,
prediction_record,20260818T204035Z_github-32183473018,0,incoming,,,,,,,,,13582,"tbh, my main impression of this front-loading washer comes from the fill valve: it has not given me trouble after a few weeks of mixed use. I repeated the check before writing this. The drainage motor tells a different story because it fails in normal use.",positive,negative,0.9999884366989136,False,washing_machine,washing_machine,0.9995757937431335,True,standard,0,0,0,1,long,1,0,main_impression,,,,
prediction_record,20260818T204035Z_github-32183473018,0,incoming,,,,,,,,,13583,the intreface what stood out after changing a few settings; it fails in normal use.,negative,negative,0.9601401090621948,True,television,refrigerator,0.7261257767677307,False,limited,0,0,1,0,medium,0,0,context_component,,,,
prediction_record,20260818T204035Z_github-32183473018,0,incoming,,,,,,,,,13584,The panel lighting is what stood out after a few weeks of mixed use; it fails in routine use. the behavior persisted across several attempts. I would hesitate to buy it again.,negative,negative,0.9999786615371704,True,television,washing_machine,0.9995777010917664,False,advanced,0,0,0,0,medium,0,0,stood_out,,,,
prediction_record,20260818T204035Z_github-32183473018,0,incoming,,,,,,,,,13585,"after a few weeks of mixed use, i noticed that the thermostat on this new not given me trouble.",positive,negative,0.9085524082183838,False,refrigerator,washing_machine,0.6533398628234863,False,limited,0,0,0,0,medium,0,0,noticed,,,,
prediction_record,20260818T204035Z_github-32183473018,0,incoming,,,,,,,,,13586,"After repeated use under comparable conditions, after taking it on a trip, I noticed that the door warning on this food cooler holds up better than expected. I noticed the change only in the new situation. for my use case, this is a keeper.",positive,positive,0.9998225569725037,True,refrigerator,refrigerator,0.72599196434021,True,technical,0,0,0,0,long,0,1,noticed,,,,
prediction_record,20260818T204035Z_github-32183473018,0,incoming,,,,,,,,,13587,"after changing a few settings, the cooling motor works the behavior persisted across several attempts.",neutral,negative,0.45456382632255554,False,refrigerator,refrigerator,0.8952638506889343,True,limited,0,0,0,0,medium,0,1,context_component,,,,
prediction_record,20260818T204035Z_github-32183473018,0,incoming,,,,,,,,,13588,the earpiece is what stood out after taking it on a trip; it is difficult to trust. this was different from my first impression.,negative,negative,0.7245718240737915,True,smartphone,refrigerator,0.8721963167190552,False,informal,0,0,0,0,medium,0,0,stood_out,,,,
prediction_record,20260818T204035Z_github-32183473018,0,incoming,,,,,,,,,13589,"After coming back to it after a few days, the thermostat has turned into a recurring problem. the behavior persisted across several attempts. I am considering a replacement.",negative,negative,0.9994774460792542,True,refrigerator,washing_machine,0.5460301041603088,False,standard,0,0,0,0,medium,0,0,context_component,,,,
prediction_record,20260818T204035Z_github-32183473018,0,incoming,,,,,,,,,13590,"after using it for work and at home, the menu continues to work without drama. a second check gave me the same on the other hand, the panel lighting is acceptable but unremarkable, which makes the overall picture more mixed.",positive,negative,0.9369723796844482,False,television,television,0.9996744394302368,True,limited,0,0,0,0,long,1,0,context_component,,,,
prediction_record,20260818T204035Z_github-32183473018,0,incoming,,,,,,,,,13591,"Across repeated observations, when someone else in the house used it, I noticed that the shelf layout on this cold-storage unit has been a pleasant surprise. not great tbh.",positive,negative,0.8960144519805908,False,refrigerator,refrigerator,0.9661015868186951,True,technical,0,0,0,1,medium,0,1,noticed,,,,
prediction_record,20260818T204035Z_github-32183473018,0,incoming,,,,,,,,,13592,"During a heavier-than-usual day, I noticed that the thermostat on this kitchen fridge has turned into a recurring problem. this was different from my first impression.",negative,negative,0.9100521802902222,True,refrigerator,refrigerator,0.9920404553413391,True,advanced,0,0,0,0,medium,0,1,noticed,,,,
prediction_record,20260818T204035Z_github-32183473018,0,incoming,,,,,,,,,13593,"lowkey, the ice system what stood out after a few weeks of mixed use; it has been a pleasant surprise.",positive,positive,0.7775741815567017,True,refrigerator,television,0.9994990825653076,False,limited,0,0,0,1,medium,0,0,context_component,,,,
prediction_record,20260818T204035Z_github-32183473018,0,incoming,,,,,,,,,13594,"After coming back to it after a few days, the picture quailty remains basically average.",neutral,neutral,0.9743442535400391,True,television,refrigerator,0.3917820155620575,False,standard,0,0,1,0,medium,0,1,context_component,,,,
prediction_record,20260818T204035Z_github-32183473018,0,incoming,,,,,,,,,13595,"tbh, during a heavier-than-usual day, the video input does the job. I tried the same thing again later and got a similar result. That said, the interface has turned into a recurring probelm, so the experience is not completely one-sided. It is not amazing, but it is not bullshit either.",neutral,neutral,0.9999594688415527,True,television,television,0.9996533393859863,True,advanced,1,0,1,1,long,1,0,context_component,,,,
prediction_record,20260818T204035Z_github-32183473018,0,incoming,,,,,,,,,13596,"I have been using this new phone after coming back to it after a few days, and the battery life keeps getting in the way. I noticed the change only in the new situation. I am considering a replacement. The damn thing keeps getting in the way.",negative,negative,0.9999892711639404,True,smartphone,smartphone,0.9996155500411987,True,standard,1,0,0,0,long,0,0,using,,,,
prediction_record,20260818T204035Z_github-32183473018,0,incoming,,,,,,,,,13597,"I have been using this main fridge during a heavier-than-usual day, and the freezer compartment breaks down when conditions change. I noticed the change only in the new situation. I owuld not rely on it.",negative,negative,0.8565474152565002,True,refrigerator,refrigerator,0.9980831146240234,True,standard,0,0,1,0,long,0,1,using,,,,
prediction_record,20260818T204035Z_github-32183473018,0,incoming,,,,,,,,,13598,"outside my normal routine, the streaming menu is difficult to trust. the difference became clearer after a few more days.",negative,negative,0.5616286993026733,True,television,television,0.9996271133422852,True,informal,0,0,0,0,medium,0,0,context_component,,,,
prediction_record,20260818T204035Z_github-32183473018,0,incoming,,,,,,,,,13599,The battery life is what stood out outside my normal routine; it keeps getting in the way. I would hesitate to buy it again.,negative,negative,0.9999350309371948,True,smartphone,smartphone,0.9995618462562561,True,standard,0,0,0,0,medium,0,0,stood_out,,,,
prediction_record,20260818T204035Z_github-32183473018,0,incoming,,,,,,,,,13600,"After using it for work and at home, I noticed that the door latch on this wash unit keeps getting in the way. I tried the same thing again later and got a similar result. 🔥",negative,negative,0.9999366998672485,True,washing_machine,refrigerator,0.9695676565170288,False,advanced,0,1,0,0,long,0,0,noticed,,,,
prediction_record,20260818T204035Z_github-32183473018,0,incoming,,,,,,,,,13601,"Under a representative operating profile, honestly tho, the ice system is what stood out when someone else in the house used it; it keeps acting up.",negative,negative,0.8778074383735657,True,refrigerator,television,0.9980385899543762,False,technical,0,0,1,1,medium,0,0,stood_out,,,,
prediction_record,20260818T204035Z_github-32183473018,0,incoming,,,,,,,,,13602,"ngl, after coming back to it after a few days, I noticed that the spin program on this clothes washer has become increasingly unreliable. 😅",negative,negative,0.9973402619361877,True,washing_machine,washing_machine,0.9822412133216858,True,advanced,0,1,0,1,medium,0,0,noticed,,,,
prediction_record,20260818T204035Z_github-32183473018,0,incoming,,,,,,,,,13603,my main impression of this clothes washer comes from the drainage motor: it has been a disappointment after taking it on a trip. i repeated the check before writing this. i am already looking at alternatives.,negative,negative,0.9995372295379639,True,washing_machine,washing_machine,0.4745151698589325,True,informal,0,0,0,0,long,0,0,main_impression,,,,
prediction_record,20260818T204035Z_github-32183473018,0,incoming,,,,,,,,,13604,"I did not pay much attention to the cycle controls at first, but outside my normal routine it feels dependable in daily use. for real.",positive,neutral,0.5644657611846924,False,washing_machine,washing_machine,0.969261109828949,True,standard,0,0,0,1,medium,0,0,attention,,,,
prediction_record,20260818T204035Z_github-32183473018,0,incoming,,,,,,,,,13605,my main impression of this bedroom tv comes from the panel lighting: it is neither impressive nor bad after taking it on a trip. i noticed the hcange only in the new situation.,neutral,neutral,0.9998716115951538,True,television,television,0.9996346235275269,True,informal,0,0,1,0,medium,0,0,main_impression,,,,
prediction_record,20260818T204035Z_github-32183473018,0,incoming,,,,,,,,,13606,"imo, the fingerprint reader is what stood out after a few weeks of mixed use; it keeps acting up. the behavior persisted across several attempts. The damn thing keeps getting in the way. 💀",negative,negative,0.9999648332595825,True,smartphone,smartphone,0.43181729316711426,True,advanced,1,1,0,1,long,0,0,stood_out,,,,
prediction_record,20260818T204035Z_github-32183473018,0,incoming,,,,,,,,,13607,"Under ordinary operating conditions, the vibration is what stood out after coming back to it after a few days; it has become increasingly unreliable. the behavior persisted across several attempts. This is damn annoying.",negative,negative,0.9999663829803467,True,washing_machine,refrigerator,0.9883753061294556,False,technical,1,0,0,0,long,0,0,stood_out,,,,
prediction_record,20260818T204035Z_github-32183473018,0,incoming,,,,,,,,,13608,"my main impression of this food cooler comes from the thermostat: it continues to work without drama when someone else in the house used it. for my case, this is a keeper.",positive,positive,0.6928897500038147,True,refrigerator,refrigerator,0.9874767661094666,True,limited,0,0,0,0,medium,0,0,main_impression,,,,
prediction_record,20260818T204035Z_github-32183473018,0,incoming,,,,,,,,,13609,"I did not pay much attention to the controller at first, but after changing a few settings it holds up better than expected. someone else in the house noticed it too.",positive,positive,0.9969332218170166,True,television,refrigerator,0.601078450679779,False,standard,0,0,0,0,medium,0,1,attention,,,,
prediction_record,20260818T204035Z_github-32183473018,0,incoming,,,,,,,,,13610,"during a heavier-than-usual day, the fill valve still performs consistently. this was different from my impression. the damn thing surprised me in a good way.",positive,positive,0.9998286962509155,True,washing_machine,smartphone,0.7677186131477356,False,limited,1,0,0,0,medium,0,0,context_component,,,,
prediction_record,20260818T204035Z_github-32183473018,0,incoming,,,,,,,,,13611,the cooling motor is what stood out after changing a few settings; it continues to work without drama. i have stopepd worrying about this part of the product.,positive,positive,0.9919298887252808,True,refrigerator,refrigerator,0.9961381554603577,True,informal,0,0,1,0,medium,0,0,stood_out,,,,
prediction_record,20260818T204035Z_github-32183473018,0,incoming,,,,,,,,,13612,"Under a representative operating profile, imo, the door latch is what stood out during a heavier-than-usual day; it continues to work without drama. a second check gave me the same result.",positive,negative,0.7063593864440918,False,washing_machine,refrigerator,0.6148921847343445,False,technical,0,0,0,1,medium,0,0,stood_out,,,,
prediction_record,20260818T204035Z_github-32183473018,0,incoming,,,,,,,,,13613,"Under a representative operating profile, i have been using this television set after a few weeks of mixed use, and the wireless connection fails in normal use. I noticed the change only in the new situation.",negative,negative,0.9994702935218811,True,television,television,0.9996298551559448,True,technical,0,0,0,0,long,0,0,using,,,,
prediction_record,20260818T204035Z_github-32183473018,0,incoming,,,,,,,,,13614,"I have been using this video panel after using it for work and at home, and the controller breaks down when conditions change. I repeated the check before writing this. I would hesitate to buy it again.",negative,negative,0.9694055914878845,True,television,washing_machine,0.9929789900779724,False,standard,0,0,0,0,long,0,0,using,,,,
prediction_record,20260818T204035Z_github-32183473018,0,incoming,,,,,,,,,13615,"I did not pay much attention to the video input at first, but after a few weeks of mixed use it is fine for what it is.",neutral,neutral,0.9807811975479126,True,television,television,0.9996455907821655,True,standard,0,0,0,0,medium,0,0,attention,,,,
prediction_record,20260818T204035Z_github-32183473018,0,incoming,,,,,,,,,13616,"After changing a few settings, the fingerprint reader is neither impressive nor bad. It is not amazing, but it is not bullshit either.",neutral,neutral,0.9999427795410156,True,smartphone,refrigerator,0.8003439903259277,False,standard,1,0,0,0,medium,0,1,context_component,,,,
prediction_record,20260818T204035Z_github-32183473018,0,incoming,,,,,,,,,13617,"I have been using this kitchen fridge when someone else in the house used it, and the thermostat breaks down when conditions change. the difference became clearer after a few more days. I am considering a replacement. I am tried of this crap.",negative,negative,0.9999233484268188,True,refrigerator,refrigerator,0.9978758096694946,True,standard,1,0,1,0,long,0,0,using,,,,
prediction_record,20260818T204035Z_github-32183473018,0,incoming,,,,,,,,,13618,"after coming back to it after a few days, the cooling motor still performs consistently. the behavior persisted sevreal attempts.",positive,positive,0.9993531107902527,True,refrigerator,refrigerator,0.976622462272644,True,limited,0,0,1,0,medium,0,0,context_component,,,,
prediction_record,20260818T204035Z_github-32183473018,0,incoming,,,,,,,,,13619,"i did not pay much attention to the door warning at first, but during a heavier-than-usual day it is fine for what it is. someone else in house noticed it too. it is not amazing, but it is not bullshit either.",neutral,neutral,0.9999425411224365,True,refrigerator,refrigerator,0.9928733110427856,True,limited,1,0,0,0,long,0,0,attention,,,,
prediction_record,20260818T204035Z_github-32183473018,0,incoming,,,,,,,,,13620,"When someone else in the house used it, I noticed that the video input on this bedroom TV keeps getting in the way. I tried the same thing again later and got a similar result. I would not rely on it.",negative,negative,0.999982476234436,True,television,television,0.9996312856674194,True,standard,0,0,0,0,long,0,0,noticed,,,,
prediction_record,20260818T204035Z_github-32183473018,0,incoming,,,,,,,,,13621,"i did not pay much attention to the picture quality at first, but after coming back to it after a few days it holds up better than expected. the difference became clearer after a few more days.",positive,positive,0.9985640645027161,True,television,washing_machine,0.31741148233413696,False,informal,0,0,0,0,long,0,1,attention,,,,
prediction_record,20260818T204035Z_github-32183473018,0,incoming,,,,,,,,,13622,"I did not pay much attentoin to the rear camera at first, but after a few weeks of mixed use it still performs consistently. the difference became clearer after a few more days.",positive,positive,0.9996542930603027,True,smartphone,smartphone,0.9995927214622498,True,standard,0,0,1,0,medium,0,0,context_component,,,,
prediction_record,20260818T204035Z_github-32183473018,0,incoming,,,,,,,,,13623,The shelf layout is what stood out after using it for work and at home; it has stayed dependable. someone else in the house noticed it too.,positive,negative,0.9012628793716431,False,refrigerator,refrigerator,0.9377239346504211,True,standard,0,0,0,0,medium,0,0,stood_out,,,,
prediction_record,20260818T204035Z_github-32183473018,0,incoming,,,,,,,,,13624,"after a few of mixed use, rear camera has stayed dependable. the difference became clearer after a few more days. for my use case, this is a keeper.",positive,negative,0.8139556050300598,False,smartphone,smartphone,0.9994704127311707,True,limited,0,0,0,0,medium,0,0,context_component,,,,
prediction_record,20260818T204035Z_github-32183473018,0,incoming,,,,,,,,,13625,"tbh, i did not pay much attention to the drainage motor at first, but outside my normal routine it keeps acting up. someone else in the house noticed it too. this is damn annoying. 🤷",negative,negative,0.9999492168426514,True,washing_machine,smartphone,0.6270685791969299,False,informal,1,1,0,1,long,0,0,attention,,,,
prediction_record,20260818T204035Z_github-32183473018,0,incoming,,,,,,,,,13626,My main impression of this laundry unit comes from the vibration: it has been a disappointment after using it for work and at home. 🙂,negative,negative,0.8177418112754822,True,washing_machine,washing_machine,0.4542149007320404,True,standard,0,1,0,0,medium,0,0,main_impression,,,,
prediction_record,20260818T204035Z_github-32183473018,0,incoming,,,,,,,,,13627,"I have been using this television set after changing a few settings, and the interface is fine for what it is. a second check gave me the same result. On the other hand, the picture quality keeps getting in the way, which makes the overall picture more mixed.",neutral,neutral,0.9998916387557983,True,television,television,0.9996715784072876,True,standard,0,0,0,0,long,1,1,using,,,,
prediction_record,20260818T204035Z_github-32183473018,0,incoming,,,,,,,,,13628,"After a few weeks of mixed use, I noticed that the wash drum on this new washer has become increasingly unreliable. this was diferent from my first impression.",negative,negative,0.9998873472213745,True,washing_machine,washing_machine,0.9993602633476257,True,standard,0,0,1,0,medium,0,0,noticed,,,,
prediction_record,20260818T204035Z_github-32183473018,0,incoming,,,,,,,,,13629,"not gonna lie, my main impression of this kitchen fridge comes from the thermostat: it keeps getting in the way after changing a few settinsg. I tried the same thing again later and got a similar result. this is the part that makes me regret the purchase.",negative,negative,0.9999915361404419,True,refrigerator,refrigerator,0.9984328150749207,True,standard,0,0,1,1,long,0,0,main_impression,,,,
prediction_record,20260818T204035Z_github-32183473018,0,incoming,,,,,,,,,13630,"outside my normal routine, i noticed that the door warning on this food cooler breaks down when conditions change. the difference became clearer after a few more days. i am tired of this crap.",negative,negative,0.9983554482460022,True,refrigerator,washing_machine,0.4792006015777588,False,informal,1,0,0,0,long,0,0,noticed,,,,
prediction_record,20260818T204035Z_github-32183473018,0,incoming,,,,,,,,,13631,"real talk, after a few weeks of mixed use, the drainaeg motor feels dependable in daily use. i expected some crap here, but it has actually held up. Honestly 😬",positive,positive,0.9129546284675598,True,washing_machine,refrigerator,0.6324772834777832,False,informal,1,1,1,1,medium,0,0,context_component,,,,
prediction_record,20260818T204035Z_github-32183473018,0,incoming,,,,,,,,,13632,"After repeated use under comparable conditions, my main impression of this living room display comes from the sports motion: it does the job after changing a few settings. There is no major crap to complain about here.",neutral,neutral,0.9999444484710693,True,television,television,0.9996315240859985,True,technical,1,0,0,0,long,0,0,main_impression,,,,
prediction_record,20260818T204035Z_github-32183473018,0,incoming,,,,,,,,,13633,"After repeated use under comparable conditions, after coming back to it after a few days, I noticed that the call quality on this pocket device is neither impressive nor bad. I tried the same thing again later and got a similar result.",neutral,neutral,0.9999052286148071,True,smartphone,smartphone,0.9994872808456421,True,technical,0,0,0,0,long,0,0,noticed,,,,
prediction_record,20260818T204035Z_github-32183473018,0,incoming,,,,,,,,,13634,My main impression of this machine comes from the drainage motor: it continues to work without drama outside my normal routine. I repeated the check before writing this.,positive,negative,0.8588954210281372,False,washing_machine,refrigerator,0.45447924733161926,False,standard,0,0,0,0,medium,0,0,main_impression,,,,
prediction_record,20260818T204035Z_github-32183473018,0,incoming,,,,,,,,,13635,the streaming menu is what stood out outside my normal routine; it does the job. the became clearer after a few more days.,neutral,neutral,0.9855287671089172,True,television,television,0.9996381998062134,True,limited,0,0,0,0,medium,0,0,stood_out,,,,
prediction_record,20260818T204035Z_github-32183473018,0,incoming,,,,,,,,,13636,"after using it for work and at home, the rinse program keeps acting up. a second check gave me the same result. that said, the cycle controls is neither impressive nor bad, so the experience is not completely one-sided.",negative,negative,0.9999501705169678,True,washing_machine,washing_machine,0.9388899207115173,True,informal,0,0,0,0,long,1,0,context_component,,,,
prediction_record,20260818T204035Z_github-32183473018,0,incoming,,,,,,,,,13637,The USB port is what stood out atfer a few weeks of mixed use; it has not given me trouble. this was different from my first impression.,positive,negative,0.9984771609306335,False,smartphone,smartphone,0.9996272325515747,True,standard,0,0,1,0,medium,0,0,stood_out,,,,
prediction_record,20260818T204035Z_github-32183473018,0,incoming,,,,,,,,,13638,"After repeated use under comparable conditions, not gonna lie, i have been useing this new phone outside my normal routine, and the fingerprint reader works well even outside my usual routine.",positive,positive,0.8495265245437622,True,smartphone,smartphone,0.9995160102844238,True,technical,0,0,1,1,medium,0,0,context_component,,,,
prediction_record,20260818T204035Z_github-32183473018,0,incoming,,,,,,,,,13639,the battery is what stood out after a few weeks of mixed use; it remains basically average. i tried the same thing again later and got a similar result. i would neither recommend it nor warn people away.,neutral,neutral,0.9999613761901855,True,smartphone,smartphone,0.9996090531349182,True,limited,0,0,0,0,long,0,0,stood_out,,,,
prediction_record,20260818T204035Z_github-32183473018,0,incoming,,,,,,,,,13640,the video input is what stood out during a heavier-than-usual day; it has not changed my opinion much. i tried the same thing again later and got a similar result. there is not much else to say. 💀,neutral,neutral,0.9996106028556824,True,television,television,0.9996490478515625,True,informal,0,1,0,0,long,0,0,stood_out,,,,
prediction_record,20260818T204035Z_github-32183473018,0,incoming,,,,,,,,,13641,"After using it for work and at home, the wash drum is acceptable but unremarkable. the difference became clearer after a few more days. On the other hand, the spin program has turned into a recurring problem, which makes the overall picture more mixed.",neutral,neutral,0.999886155128479,True,washing_machine,washing_machine,0.9996317625045776,True,standard,0,0,0,0,long,1,1,context_component,,,,
prediction_record,20260818T204035Z_github-32183473018,0,incoming,,,,,,,,,13642,"outside my normal routine, i noticed that the gasket on this cold-storage unit has been a disappointment. Honestly 🔥",negative,positive,0.5406379103660583,False,refrigerator,refrigerator,0.4737553000450134,True,informal,0,1,0,0,medium,0,0,noticed,,,,
prediction_record,20260818T204035Z_github-32183473018,0,incoming,,,,,,,,,13643,the vibration is what stood out after changing a few settings; it continues to work without drama. a second hceck gave me the same result. overall i am happy with it.,positive,positive,0.9564110636711121,True,washing_machine,refrigerator,0.9578472971916199,False,informal,0,0,1,0,medium,0,0,stood_out,,,,
prediction_record,20260818T204035Z_github-32183473018,0,incoming,,,,,,,,,13644,the rinse program is what stood out after a few weeks of mixed use; it is neither impressive nor bad. the behavior persisted across several attempts. i can live with it. pretty solid ngl.,neutral,neutral,0.9997243285179138,True,washing_machine,washing_machine,0.999311089515686,True,limited,0,0,0,1,long,0,0,stood_out,,,,
prediction_record,20260818T204035Z_github-32183473018,0,incoming,,,,,,,,,13645,My main impression of this TV set comes from the built-in audio: it has been a pleasant surprise after coming back to it after a few days. I tried the same thing again later and got a similar result. it has earned my confidence.,positive,negative,0.9998418092727661,False,television,television,0.9996944665908813,True,advanced,0,0,0,0,long,0,1,main_impression,,,,
prediction_record,20260818T204035Z_github-32183473018,0,incoming,,,,,,,,,13646,My main impression of this bedroom TV comes from the controller: it is fine for what it is after taking it on a trip. someone else in the house noticed it too. it is adequate for now.,neutral,neutral,0.9999536275863647,True,television,television,0.9996728897094727,True,advanced,0,0,0,0,long,0,0,main_impression,,,,
prediction_record,20260818T204035Z_github-32183473018,0,incoming,,,,,,,,,13647,"I have been using this television set after a few weeks of mixed use, and the picture quality still performs consistently. a second check gave me the same result. Damn, I did not expect this part to be this solid.",positive,positive,0.9998937845230103,True,television,television,0.9996304512023926,True,standard,1,0,0,0,long,0,0,using,,,,
prediction_record,20260818T204035Z_github-32183473018,0,incoming,,,,,,,,,13648,"during a heavier-than-usual day, i that the wash drum on this machine works well even outside my usual routine. i noticed the change only in the new situation. on the other hand, the door latch has been a disappointment, which makes the overall picture more mixed.",positive,positive,0.9997898936271667,True,washing_machine,washing_machine,0.9995670914649963,True,limited,0,0,0,0,long,1,0,context_component,,,,
prediction_record,20260818T204035Z_github-32183473018,0,incoming,,,,,,,,,13649,"i have been useing this tv set after coming back to it after a few days, and the panel lighting works well even outside my usual routine. i repeated the check before writing this. for my use case, this is a keeper. pretty solid ngl.",positive,positive,0.9995688796043396,True,television,television,0.9996436834335327,True,informal,0,0,1,1,long,0,1,context_component,,,,
prediction_record,20260818T204035Z_github-32183473018,0,incoming,,,,,,,,,13650,"My main impression of this new refrigerator comes from the freezer compartment: it feels dependable in daily use after changing a few settings. I have stopped worrying about this part of the product. That said, the shelf layout keeps acting up, so the experience is not completely one-sided.",positive,positive,0.9997242093086243,True,refrigerator,refrigerator,0.9987866282463074,True,standard,0,0,0,0,long,1,1,main_impression,,,,
prediction_record,20260818T204035Z_github-32183473018,0,incoming,,,,,,,,,13651,My main impression of this daily driver comes from the rear camera: it is fine for what it is after taking it on a trip. I repeated the check before writing this.,neutral,neutral,0.9998100399971008,True,smartphone,smartphone,0.9995736479759216,True,advanced,0,0,0,0,medium,0,1,main_impression,,,,
prediction_record,20260818T204035Z_github-32183473018,0,incoming,,,,,,,,,13652,"i have been using this living room display when someone else in the house used it, and picture quality has been a disappointment.",negative,positive,0.45510178804397583,False,television,television,0.9996328353881836,True,limited,0,0,0,0,medium,0,0,using,,,,
prediction_record,20260818T204035Z_github-32183473018,0,incoming,,,,,,,,,13653,The controller is what stood out after using it for work and at home; it has turned into a recurring problem. this was diferent from my first impression.,negative,negative,0.8112630248069763,True,television,refrigerator,0.9121286273002625,False,standard,0,0,1,0,medium,0,0,stood_out,,,,
prediction_record,20260818T204035Z_github-32183473018,0,incoming,,,,,,,,,13654,The panel lighting is what stood out after coming back to it after a few days; it does the job. I tried the same thing again later and got a similar result. I do not feel strongly either way. lol.,neutral,neutral,0.9999263286590576,True,television,washing_machine,0.9996973276138306,False,standard,0,0,0,1,long,0,0,stood_out,,,,
prediction_record,20260818T204035Z_github-32183473018,0,incoming,,,,,,,,,13655,"I did not pay much attention to the interface at first, but after coming back to it after a few days it keeps getting in the way.",negative,negative,0.9952250719070435,True,television,smartphone,0.422987163066864,False,advanced,0,0,0,0,medium,0,0,attention,,,,
prediction_record,20260818T204035Z_github-32183473018,0,incoming,,,,,,,,,13656,"fr, when someone else in the house used it, I noticed that the earpiece on this mobile is fine for what it is. a second check gave me the same result. 😂",neutral,neutral,0.9997732043266296,True,smartphone,smartphone,0.9986549615859985,True,standard,0,1,0,1,medium,0,0,noticed,,,,
prediction_record,20260818T204035Z_github-32183473018,0,incoming,,,,,,,,,13657,"after a few weeks of mixed use, i noticed that the sports motion on this screen unit is difficult to trust. a second check gave me the same result.",negative,negative,0.9465149641036987,True,television,television,0.999599039554596,True,limited,0,0,0,0,medium,0,1,noticed,,,,
prediction_record,20260818T204035Z_github-32183473018,0,incoming,,,,,,,,,13658,"I did not pay much attention to the call quality at first, but when someone else in the house used it it has turned into a recurring problem. a second check gave me the same result. I would not rely on it. That said, the battery life still performs consistently, so the experience is not completely one-sided.",negative,negative,0.9999724626541138,True,smartphone,refrigerator,0.9988492727279663,False,advanced,0,0,0,0,long,1,0,attention,,,,
prediction_record,20260818T204035Z_github-32183473018,0,incoming,,,,,,,,,13659,"fr, i have been using this food cooler after changing a few settings, and the thermostat keeps getting in the way. I repeated the check before writing this. I would hesitate to buy it again. 😐",negative,negative,0.999969482421875,True,refrigerator,refrigerator,0.9000873565673828,True,standard,0,1,0,1,long,0,0,using,,,,
prediction_record,20260818T204035Z_github-32183473018,0,incoming,,,,,,,,,13660,the inside lighting is what stood out after a few of mixed use; it fails in normal use.,negative,negative,0.9860661625862122,True,refrigerator,washing_machine,0.40441417694091797,False,limited,0,0,0,0,medium,0,1,stood_out,,,,
prediction_record,20260818T204035Z_github-32183473018,0,incoming,,,,,,,,,13661,"i have been using this wash after coming back to it after a few days, and the vibration works well even outside my usual routine. the difference became clearer after a few more i would buy it again.",positive,positive,0.9197521805763245,True,washing_machine,washing_machine,0.4932057857513428,True,limited,0,0,0,0,long,0,0,using,,,,
prediction_record,20260818T204035Z_github-32183473018,0,incoming,,,,,,,,,13662,"Under a representative operating profile, the fill valve is what stood out outside my normal routine; it is difficult to trust. this was diferent from my first impression. this is the part that makes me regret the purchase. That said, the vibration feels ordinary after more use, so the experinece is not completely one-sided.",negative,negative,0.9999794960021973,True,washing_machine,refrigerator,0.9985878467559814,False,technical,0,0,1,0,long,1,0,stood_out,,,,
prediction_record,20260818T204035Z_github-32183473018,0,incoming,,,,,,,,,13663,"imo, after taking it on a trip, the controller has been a disappointment. i tried the same thing again later and got a similar result. Honestly 👎",negative,negative,0.6351785063743591,True,television,refrigerator,0.6635282635688782,False,informal,0,1,0,1,medium,0,0,context_component,,,,
prediction_record,20260818T204035Z_github-32183473018,0,incoming,,,,,,,,,13664,"I have been using this front-loading washer after a few weeks of mixed use, and the spin program has not given me trouble. the difference became clearer after a few more days. I would buy it again. That said, the cycle controls has turned into a recurring problem, so the experience is not completely one-sided.",positive,negative,0.9999816417694092,False,washing_machine,washing_machine,0.9996566772460938,True,standard,0,0,0,0,long,1,0,using,,,,
prediction_record,20260818T204035Z_github-32183473018,0,incoming,,,,,,,,,13665,"Outside my normal routine, I noticed that the soap tray on this laundry unit fails in routine use. I would not rely on it. Honestly 👍",negative,negative,0.9999521970748901,True,washing_machine,smartphone,0.35900717973709106,False,advanced,0,1,0,0,medium,0,0,noticed,,,,
prediction_record,20260818T204035Z_github-32183473018,0,incoming,,,,,,,,,13666,"after coming back to after a few days, i notcied that the network reception on this daily driver works well even my usual routine. i noticed the change only in the new situation. it has earned my confidence.",positive,positive,0.9997113347053528,True,smartphone,smartphone,0.9996070265769958,True,limited,0,0,1,0,long,0,0,context_component,,,,
prediction_record,20260818T204035Z_github-32183473018,0,incoming,,,,,,,,,13667,"i did not pay much attention to the compressor fan at first, but when someone else in the house used it it keeps getting in the way. i repeatde the check before writing this. i would not rely on it. Honestly 🙂",negative,negative,0.9999827146530151,True,refrigerator,refrigerator,0.9985525012016296,True,limited,0,1,1,0,long,0,0,attention,,,,
prediction_record,20260818T204035Z_github-32183473018,0,incoming,,,,,,,,,13668,"I have been using this main fridge after using it for work and at home, and the ice system is acceptable but unremarkable. the behavior persisted across several attempts. Honestly, the damn thing is just average.",neutral,neutral,0.999956488609314,True,refrigerator,washing_machine,0.9974915981292725,False,advanced,1,0,0,0,long,0,0,using,,,,
prediction_record,20260818T204035Z_github-32183473018,0,incoming,,,,,,,,,13669,"i did not pay much attention to the fill valve at first, but after changing a few settings it fails in normal use. this was diferent from my first impressino. this is the part that makes me regret the purchase.",negative,negative,0.9999881982803345,True,washing_machine,refrigerator,0.9754315614700317,False,informal,0,0,1,0,long,0,0,attention,,,,
prediction_record,20260818T204035Z_github-32183473018,0,incoming,,,,,,,,,13670,The built-in audio is what stood out during a heavier-than-usual day; it has become increasingly unrelibale. the behavior persisted across several attempts.,negative,negative,0.9981701374053955,True,television,refrigerator,0.960634708404541,False,advanced,0,0,1,0,medium,0,0,stood_out,,,,
prediction_record,20260818T204035Z_github-32183473018,0,incoming,,,,,,,,,13671,my main impression of this machine from the fill valve: it feels dependable in daily use after a few weeks of mixed use. the difference became clearer after a few more days. overall i am happy with it. Honestly 🙃,positive,negative,0.9983768463134766,False,washing_machine,refrigerator,0.9950364232063293,False,limited,0,1,0,0,long,0,1,main_impression,,,,
prediction_record,20260818T204035Z_github-32183473018,0,incoming,,,,,,,,,13672,My main impression of this new washer comes from the door latch: it feels ordinary after more use during a heavier-than-usual day.,neutral,neutral,0.9696248769760132,True,washing_machine,washing_machine,0.8416479825973511,True,standard,0,0,0,0,medium,0,0,main_impression,,,,
prediction_record,20260818T204035Z_github-32183473018,0,incoming,,,,,,,,,13673,"fr, outside my normal routine, the inside lighting has been a disappointment. this was diferent from my first impression. 🙂",negative,negative,0.9609053134918213,True,refrigerator,refrigerator,0.3363216817378998,True,standard,0,1,1,1,medium,0,0,context_component,,,,
prediction_record,20260818T204035Z_github-32183473018,0,incoming,,,,,,,,,13674,"during a hevaier-than-usual day, the cooling motor continues to work without drama. the damn thing surprised me in a good way.",positive,negative,0.8485985398292542,False,refrigerator,refrigerator,0.9388638734817505,True,informal,1,0,1,0,medium,0,1,context_component,,,,
prediction_record,20260818T204035Z_github-32183473018,0,incoming,,,,,,,,,13675,"Under a representative operating profile, after using it for work and at home, I noticed that the compressor fan on this new refrigerator has become increasingly unreliable. I repeated the check before writing this. I am already looking at alternatives.",negative,negative,0.9999860525131226,True,refrigerator,refrigerator,0.9988582134246826,True,technical,0,0,0,0,long,0,0,noticed,,,,
prediction_record,20260818T204035Z_github-32183473018,0,incoming,,,,,,,,,13676,My main impression of this machine comes from the drainage motor: it is fine for what it is after using it for work and at home. this was different from my first impression. it is adequate for now.,neutral,neutral,0.9999547004699707,True,washing_machine,refrigerator,0.9105912446975708,False,advanced,0,0,0,0,long,0,0,main_impression,,,,
prediction_record,20260818T204035Z_github-32183473018,0,incoming,,,,,,,,,13677,my main impression of this daily driver comes from the fingerprint reader: it has not changed my opinion much after taking it on a trip. this was different from my first impression. the damn thing is basically fine.,neutral,negative,0.9969310164451599,False,smartphone,refrigerator,0.9987871050834656,False,informal,1,0,0,0,long,0,0,main_impression,,,,
prediction_record,20260818T204035Z_github-32183473018,0,incoming,,,,,,,,,13678,"Under a representative operating profile, my main impression of this new refrigerator comes from the shelf layout: it has not given me trouble after a few weeks of mixed use. someone else in the house noticed it too. The freezer compartment tells a different story because it feels ordinary after more use.",positive,negative,0.9999823570251465,False,refrigerator,refrigerator,0.9985164999961853,True,technical,0,0,0,0,long,1,0,main_impression,,,,
prediction_record,20260818T204035Z_github-32183473018,0,incoming,,,,,,,,,13679,My main impression of this new phone comes from the battery life: it continues to work without drama during a heavier-than-usual day. I repeated the check before writing this. The earpiece tells a different story because it feels ordinary after more use.,positive,negative,0.9997963309288025,False,smartphone,smartphone,0.9995819926261902,True,standard,0,0,0,0,long,1,0,main_impression,,,,
prediction_record,20260818T204035Z_github-32183473018,0,incoming,,,,,,,,,13680,"Under ordinary operating conditions, my main impression of this television set comes from the streaming menu: it remains basically average after a few weeks of mixed use.",neutral,neutral,0.9994320273399353,True,television,television,0.9996304512023926,True,technical,0,0,0,0,medium,0,0,main_impression,,,,
prediction_record,20260818T204035Z_github-32183473018,0,incoming,,,,,,,,,13681,the wireless connection is what stood out when someone else in the house used it; it fails in normal use. a second gave me the same result.,negative,negative,0.9997493624687195,True,television,refrigerator,0.9888671040534973,False,limited,0,0,0,0,medium,0,0,stood_out,,,,
prediction_record,20260818T204035Z_github-32183473018,0,incoming,,,,,,,,,13682,"I did not pay much attention to the soap tray at first, but after taking it on a trip it still performs consistently. I repeated the check before writing this.",positive,positive,0.999592125415802,True,washing_machine,refrigerator,0.7462620735168457,False,advanced,0,0,0,0,medium,0,1,attention,,,,
prediction_record,20260818T204035Z_github-32183473018,0,incoming,,,,,,,,,13683,"Under a representative operating profile, i did not pay much attention to the network reception at first, but outside my normal routine it fails in onrmal use. a second check gave me the same result.",negative,negative,0.9998001456260681,True,smartphone,smartphone,0.9995768666267395,True,technical,0,0,1,0,long,0,1,attention,,,,
prediction_record,20260818T204035Z_github-32183473018,0,incoming,,,,,,,,,13684,"tbh, after using it for work and at home, I noticed that the wireless conection on this video panel is acceptable but unremarkable. 💀",neutral,neutral,0.9735610485076904,True,television,washing_machine,0.8060188889503479,False,advanced,0,1,1,1,medium,0,0,noticed,,,,
prediction_record,20260818T204035Z_github-32183473018,0,incoming,,,,,,,,,13685,the gasket is what stood out when someone else in the house used it; it has not me trouble. this was diferent from my first impression. it has earned my confidence.,positive,negative,0.9971259236335754,False,refrigerator,refrigerator,0.9981058835983276,True,limited,0,0,1,0,medium,0,0,stood_out,,,,
prediction_record,20260818T204035Z_github-32183473018,0,incoming,,,,,,,,,13686,"After coming back to it after a few days, I noticed that the panel lighting on this living room display fails in routine use. this was different from my first impression. On the other hand, the picture quality works normally, which makes the on balance picture more mixed.",negative,negative,0.9999797344207764,True,television,television,0.9996740818023682,True,advanced,0,0,0,0,long,1,1,noticed,,,,
prediction_record,20260818T204035Z_github-32183473018,0,incoming,,,,,,,,,13687,My main impression of this wash unit comes from the drainage motor: it breaks down when conditions change after changing a few settings.,negative,negative,0.7693802118301392,True,washing_machine,refrigerator,0.9495858550071716,False,standard,0,0,0,0,medium,0,0,main_impression,,,,
prediction_record,20260818T204035Z_github-32183473018,0,incoming,,,,,,,,,13688,My main impression of this television set comes from the wireless connection: it works well even outside my usual routine after coming back to it after a few days. the behavior persisted across several attempts.,positive,positive,0.9911852478981018,True,television,television,0.9996446371078491,True,advanced,0,0,0,0,long,0,0,main_impression,,,,
prediction_record,20260818T204035Z_github-32183473018,0,incoming,,,,,,,,,13689,"not gonna lie, i did not pay much attention to the vibration at first, but after a few weeks of mixed use it has turned into a recurring problem. I would not rely on it.",negative,negative,0.9977489113807678,True,washing_machine,washing_machine,0.3942168354988098,True,standard,0,0,0,1,long,0,0,attention,,,,
prediction_record,20260818T204035Z_github-32183473018,0,incoming,,,,,,,,,13690,The freezer compartment is what tsood out after a few weeks of mixed use; it still performs consistently. the difference became clearer after a few more days. The cooling motor tells a diferent story because it has not changed my opinion much.,positive,positive,0.9997320771217346,True,refrigerator,refrigerator,0.9984024167060852,True,standard,0,0,1,0,long,1,0,context_component,,,,
prediction_record,20260818T204035Z_github-32183473018,0,incoming,,,,,,,,,13691,The panel lighting is what stood out after coming back to it after a few days; it feels ordinary after more use. I noticed the change only in the new situation.,neutral,neutral,0.9977476000785828,True,television,washing_machine,0.9995741248130798,False,advanced,0,0,0,0,medium,0,0,stood_out,,,,
prediction_record,20260818T204035Z_github-32183473018,0,incoming,,,,,,,,,13692,"After taking it on a trip, the built-in audio still performs consistently. I tried the same thing again later and got a similar result. for my use case, this is a keeper. That said, the panel lighting works normally, so the experience is not completely one-sided.",positive,positive,0.9997649788856506,True,television,washing_machine,0.6578357219696045,False,advanced,0,0,0,0,long,1,0,context_component,,,,
prediction_record,20260818T204035Z_github-32183473018,0,incoming,,,,,,,,,13693,"my main impression of this kitchen fridge comes from the door warning: it is neither impressive nor bad during a heavier-than-usual day. i repeated the check before writing this. it is not amazing, but it is not bullshit either.",neutral,neutral,0.999957799911499,True,refrigerator,refrigerator,0.9985094666481018,True,limited,1,0,0,0,long,0,1,main_impression,,,,
prediction_record,20260818T204035Z_github-32183473018,0,incoming,,,,,,,,,13694,"fr, after changing a few settings, I noticed that the USB port on this mobile fails in routine use. Honestly 😂",negative,negative,0.9946452379226685,True,smartphone,smartphone,0.9993568062782288,True,advanced,0,1,0,1,medium,0,0,noticed,,,,
prediction_record,20260818T204035Z_github-32183473018,0,incoming,,,,,,,,,13695,"Under a representative operating profile, after a few weeks of mixed use, I noticed that the spin program on this machine breaks down when conditions change. this is the part that makes me regret the purchase.",negative,negative,0.9993240833282471,True,washing_machine,washing_machine,0.9797139763832092,True,technical,0,0,0,0,long,0,0,noticed,,,,
prediction_record,20260818T204035Z_github-32183473018,0,incoming,,,,,,,,,13696,"From a practical reliability standpoint, after a few weeks of mixed use, the wash drum has not changed my opinion much. soemone else in the house noticed it too.",neutral,negative,0.9977794289588928,False,washing_machine,washing_machine,0.9992647767066956,True,technical,0,0,1,0,medium,0,0,context_component,,,,
prediction_record,20260818T204035Z_github-32183473018,0,incoming,,,,,,,,,13697,"the fingerprint reader is what stood out after changing a few settings; it has stayed dependable. i repeated the check before writing this. for my use case, this is a keeper.",positive,positive,0.8344083428382874,True,smartphone,refrigerator,0.9034817814826965,False,informal,0,0,0,0,medium,0,0,stood_out,,,,
prediction_record,20260818T204035Z_github-32183473018,0,incoming,,,,,,,,,13698,my main impression of this food cooler comes from the cooling motor: it is caceptable but unremarkable after taking on a trip.,neutral,neutral,0.8602193593978882,True,refrigerator,refrigerator,0.9939358830451965,True,limited,0,0,1,0,medium,0,0,main_impression,,,,
prediction_record,20260818T204035Z_github-32183473018,0,incoming,,,,,,,,,13699,"I did not pay much attention to the door latch at first, but after coming back to it after a few days it has been a disappointment. the difference beacme clearer after a few more days.",negative,negative,0.9460932612419128,True,washing_machine,refrigerator,0.9310072660446167,False,advanced,0,0,1,0,long,0,0,attention,,,,
prediction_record,20260818T204035Z_github-32183473018,0,incoming,,,,,,,,,13700,"i have been using this new refrigerator after changing a few settings, and the thermostat still performs consistently. this was different from my first impression. 🙃",positive,positive,0.9996315240859985,True,refrigerator,refrigerator,0.9966738224029541,True,informal,0,1,0,0,medium,0,0,using,,,,
prediction_record,20260818T204035Z_github-32183473018,0,incoming,,,,,,,,,13701,"After coming back to it after a few days, the interface has been a disappointment. this was different from my first impression. The damn thing keeps getting in the way. idk.",negative,negative,0.9999561309814453,True,television,refrigerator,0.9100456833839417,False,standard,1,0,0,1,medium,0,0,context_component,,,,
prediction_record,20260818T204035Z_github-32183473018,0,incoming,,,,,,,,,13702,"Across repeated observations, after coming back to it after a few days, the soap tray does the job. I tried the same thing again later and got a similar result.",neutral,neutral,0.9996566772460938,True,washing_machine,refrigerator,0.4332127273082733,False,technical,0,0,0,0,medium,0,0,context_component,,,,
prediction_record,20260818T204035Z_github-32183473018,0,incoming,,,,,,,,,13703,"Across repeated observations, ngl, the inside lighting is what stood out after coming back to it after a few days; it breaks down when conditions change. I repeated the check before writing this.",negative,negative,0.6216554641723633,True,refrigerator,refrigerator,0.8539723753929138,True,technical,0,0,0,1,medium,0,0,stood_out,,,,
prediction_record,20260818T204035Z_github-32183473018,0,incoming,,,,,,,,,13704,"tbh, the gasket is what stood out after changing a few it works normally. i not feel strongly either way.",neutral,neutral,0.9859331250190735,True,refrigerator,refrigerator,0.4439513385295868,True,limited,0,0,0,1,medium,0,0,stood_out,,,,
prediction_record,20260818T204035Z_github-32183473018,0,incoming,,,,,,,,,13705,"after changing a few settings, the wash drum fails in normal use. i tried the same thing again later and got a similar result. this is the part that makes me regret the purchase.",negative,negative,0.9999901056289673,True,washing_machine,washing_machine,0.9995089769363403,True,informal,0,0,0,0,long,0,1,context_component,,,,
prediction_record,20260818T204035Z_github-32183473018,0,incoming,,,,,,,,,13706,"i did not pay much attention to the spin program at first, but during a heavier-than-usual day it has been a disappointment. i tried the same thing again later and got a similar the tray tells a different story because it does the job. the damn thing keeps getting in the way.",negative,negative,0.9975219368934631,True,washing_machine,washing_machine,0.9656614065170288,True,limited,1,0,0,0,long,1,0,attention,,,,
prediction_record,20260818T204035Z_github-32183473018,0,incoming,,,,,,,,,13707,"fr, after coming back to it after a few days, I noticed that the rear camera on this work phone does the job.",neutral,neutral,0.7098639011383057,True,smartphone,smartphone,0.9991000890731812,True,standard,0,0,0,1,medium,0,0,noticed,,,,
prediction_record,20260818T204035Z_github-32183473018,0,incoming,,,,,,,,,13708,"When someone else in the house used it, I noticed that the spin program on this front-loading washer has not changed my opinion much. I repeated the check before writing this.",neutral,negative,0.914743959903717,False,washing_machine,washing_machine,0.9994072914123535,True,standard,0,0,0,0,medium,0,0,noticed,,,,
prediction_record,20260818T204035Z_github-32183473018,0,incoming,,,,,,,,,13709,"after coming back to it after a few days, the gasket has turned into a recurring problem. the difference became clearer after a few more days. this is the part that makes me regret the purchase.",negative,negative,0.99994957447052,True,refrigerator,refrigerator,0.9802408218383789,True,informal,0,0,0,0,long,0,0,context_component,,,,
prediction_record,20260818T204035Z_github-32183473018,0,incoming,,,,,,,,,13710,The earpiece is what stood out after using it for work and at home; it breaks down when conditions change. the difference became clearer atfer a few more days. I am considering a replacement.,negative,negative,0.7738056182861328,True,smartphone,refrigerator,0.8676067590713501,False,advanced,0,0,1,0,long,0,0,stood_out,,,,
prediction_record,20260818T204035Z_github-32183473018,0,incoming,,,,,,,,,13711,"my main impression of this refrigeration unit comes from the ice system: it is neither impressive nor bad after using it for work and at home. on the other hand, the inside lighting has stayed dependable, which makes the overall pictrue more mixed. honestly, the damn thing is just average.",neutral,neutral,0.9999725818634033,True,refrigerator,washing_machine,0.9996733665466309,False,limited,1,0,1,0,long,1,0,main_impression,,,,
prediction_record,20260818T204035Z_github-32183473018,0,incoming,,,,,,,,,13712,"after a few weeks of mixed use, i noticed that the fill valve on this clothes washer is fine for what it is. the behavior persisted across several attempts. Honestly 👎",neutral,neutral,0.9995631575584412,True,washing_machine,washing_machine,0.7755876779556274,True,informal,0,1,0,0,medium,0,0,noticed,,,,
prediction_record,20260818T204035Z_github-32183473018,0,incoming,,,,,,,,,13713,"after coming to it after a days, i noticed that the built-in audio on this living room display keeps getting in the way. someone else in the house noticed it too. i am already looking at alternatives. lol.",negative,negative,0.9999886751174927,True,television,television,0.9996931552886963,True,limited,0,0,0,1,long,0,0,noticed,,,,
prediction_record,20260818T204035Z_github-32183473018,0,incoming,,,,,,,,,13714,"After repeated use under comparable conditions, during a heavier-than-usual day, the network reception works well even outside my usual routine. I expected some crap here, but it has actually held up.",positive,positive,0.9997636675834656,True,smartphone,smartphone,0.9995143413543701,True,technical,1,0,0,0,medium,0,0,context_component,,,,
prediction_record,20260818T204035Z_github-32183473018,0,incoming,,,,,,,,,13715,"I did not pay much attention to the soap tray at first, but after coming back to it after a few days it feels ordinary after more use. I tried the same thing again later and got a similar result. That said, the door latch has become increasingly unreliable, so the experience is not completely one-sided.",neutral,neutral,0.9998365640640259,True,washing_machine,refrigerator,0.997857391834259,False,advanced,0,0,0,0,long,1,1,attention,,,,
prediction_record,20260818T204035Z_github-32183473018,0,incoming,,,,,,,,,13716,"i have been using this laundry unit after coming back to it after a few days, and the rinse program works normally. the difference became clearer after a few more days.",neutral,negative,0.5294232964515686,False,washing_machine,washing_machine,0.8084855079650879,True,informal,0,0,0,0,medium,0,0,using,,,,
prediction_record,20260818T204035Z_github-32183473018,0,incoming,,,,,,,,,13717,"When someone else in the house used it, the built-in audio feels ordinary after more use. a second check gave me the same ersult.",neutral,neutral,0.9862591028213501,True,television,refrigerator,0.9923807978630066,False,advanced,0,0,1,0,medium,0,0,context_component,,,,
prediction_record,20260818T204035Z_github-32183473018,0,incoming,,,,,,,,,13718,"From a practical reliability standpoint, the thremostat is what stood out after a few weeks of mixed use; it breaks down when conditions change. the difference became clearer after a few more days. I am tired of this crap.",negative,negative,0.9988386034965515,True,refrigerator,washing_machine,0.5131286382675171,False,technical,1,0,1,0,long,0,1,stood_out,,,,
prediction_record,20260818T204035Z_github-32183473018,0,incoming,,,,,,,,,13719,"Under ordinary operating conditions, i have been useing this bedroom TV outside my normal routine, and the built-in audio keeps getting in the way. this was different from my first impression. I would hesitate to buy it again.",negative,negative,0.9999847412109375,True,television,television,0.9996461868286133,True,technical,0,0,1,0,long,0,0,context_component,,,,
prediction_record,20260818T204035Z_github-32183473018,0,incoming,,,,,,,,,13720,"my main impression of this refrigeration unit comes from the door warning: it feels dependable in daily use after taking it on a trip. i repeated the check before writing this. damn, i did not expect this part to be this solid.",positive,negative,0.9747763872146606,False,refrigerator,refrigerator,0.9978463649749756,True,limited,1,0,0,0,long,0,1,main_impression,,,,
prediction_record,20260818T204035Z_github-32183473018,0,incoming,,,,,,,,,13721,"after a few weeks of mixed use, the battery life has not given me trouble. someone else in the house noticed it too.",positive,negative,0.9996219873428345,False,smartphone,smartphone,0.9994940757751465,True,informal,0,0,0,0,medium,0,0,context_component,,,,
prediction_record,20260818T204035Z_github-32183473018,0,incoming,,,,,,,,,13722,"fr, during a heavier-than-usual day, i noticed that the picture quality on this living room display feels ordinary after more use. a second check gave me the same result.",neutral,neutral,0.9732844233512878,True,television,television,0.9995827078819275,True,limited,0,0,0,1,medium,0,0,noticed,,,,
prediction_record,20260818T204035Z_github-32183473018,0,incoming,,,,,,,,,13723,"real talk, my main impression of this video pnael comes from the sports motion: it has given me trouble outside my normal routine.",positive,negative,0.9335528612136841,False,television,television,0.9991777539253235,True,limited,0,0,1,1,medium,0,0,main_impression,,,,
prediction_record,20260818T204035Z_github-32183473018,0,incoming,,,,,,,,,13724,"i have been this cold-storage unit during a heavier-than-usual day, and the freezer compartment has turned a recurring problem. the behavior persisted across several attempts. not great tbh.",negative,negative,0.9608691930770874,True,refrigerator,refrigerator,0.995513379573822,True,limited,0,0,0,1,medium,0,0,context_component,,,,
prediction_record,20260818T204035Z_github-32183473018,0,incoming,,,,,,,,,13725,"ngl, i did not pay much attention to the rinse program at first, but after a few weeks of mixed use it has not given me trouble. a second check gave me the same result.",positive,negative,0.9992458820343018,False,washing_machine,washing_machine,0.8851721882820129,True,standard,0,0,0,1,long,0,0,attention,,,,
prediction_record,20260818T204035Z_github-32183473018,0,incoming,,,,,,,,,13726,"imo, my main impression of this work phone comes from the network reception: it fails in normal use during a heavier-than-usual day. the behavior persisted across several attempts. The damn thing keeps getting in the way.",negative,negative,0.9999881982803345,True,smartphone,smartphone,0.9996144771575928,True,standard,1,0,0,1,long,0,0,main_impression,,,,
prediction_record,20260818T204035Z_github-32183473018,0,incoming,,,,,,,,,13727,"ngl, during a heavier-than-usual day, the apps is fine for what it is. the difference became clearer after a few more days. 👎",neutral,neutral,0.9989043474197388,True,smartphone,television,0.9996157884597778,False,advanced,0,1,0,1,medium,0,0,context_component,,,,
prediction_record,20260818T204035Z_github-32183473018,0,incoming,,,,,,,,,13728,"i did not pay much attention to the rinse program at first, but when someone else in the house used it it has become increasingly unreliable. someone else in the house noticed it too.",negative,negative,0.9999508857727051,True,washing_machine,washing_machine,0.5812361240386963,True,informal,0,0,0,0,long,0,1,attention,,,,
prediction_record,20260818T204035Z_github-32183473018,0,incoming,,,,,,,,,13729,My main impression of this new phone comes from the earpiece: it is difficult to trust after coming back to it after a few days. I repeated the check before writing this. this needs to improve.,negative,negative,0.9999327659606934,True,smartphone,smartphone,0.9996618032455444,True,standard,0,0,0,0,long,0,0,main_impression,,,,
prediction_record,20260818T204035Z_github-32183473018,0,incoming,,,,,,,,,13730,outside my normal i noticed that the touch panel on this cell phone holds up better than expected. someone else in the house noticed it too.,positive,positive,0.9978546500205994,True,smartphone,smartphone,0.9985291957855225,True,limited,0,0,0,0,medium,0,0,noticed,,,,
prediction_record,20260818T204035Z_github-32183473018,0,incoming,,,,,,,,,13731,"I did not pay much attention to the rinse program at first, but after using it for work and at home it still performs consistently. the behavior persisted across several attempts. overall I am happy with it.",positive,positive,0.9998250603675842,True,washing_machine,washing_machine,0.6532756686210632,True,standard,0,0,0,0,long,0,0,attention,,,,
prediction_record,20260818T204035Z_github-32183473018,0,incoming,,,,,,,,,13732,"During a heavier-than-usual day, I ntoiced that the earpiece on this daily driver has not given me trouble. I noticed the change only in the new situation. for my use case, this is a keeper.",positive,negative,0.9997363686561584,False,smartphone,smartphone,0.9994582533836365,True,advanced,0,0,1,0,long,0,0,context_component,,,,
prediction_record,20260818T204035Z_github-32183473018,0,incoming,,,,,,,,,13733,"after taking it on a trip, i noticed that the door latch on this front-loading washer continues to without drama. a second check gave me the same result.",positive,negative,0.7526719570159912,False,washing_machine,washing_machine,0.9978790283203125,True,limited,0,0,0,0,medium,0,0,noticed,,,,
prediction_record,20260818T204035Z_github-32183473018,0,incoming,,,,,,,,,13734,"I did not pay much attention to the freezer compartment at first, but after a few weeks of mixed use it breaks down when conditions change. the difference became clearer after a few more days.",negative,negative,0.8815186619758606,True,refrigerator,refrigerator,0.9966309666633606,True,standard,0,0,0,0,long,0,1,attention,,,,
prediction_record,20260818T204035Z_github-32183473018,0,incoming,,,,,,,,,13735,"i did not pay much attention to the sports motion at first, but after coming back to it after a few days it feels ordinary after more use. this was different from my first impression. there is not much else to say. hoenstly, the damn thing just average.",neutral,neutral,0.9999686479568481,True,television,television,0.9996609687805176,True,limited,1,0,1,0,long,0,0,attention,,,,
prediction_record,20260818T204035Z_github-32183473018,0,incoming,,,,,,,,,13736,"After taking it on a trip, the rinse program has not given me trouble. the behavior persisted across several attempts. The fill valve tells a different story because it is acceptable but unremarkable.",positive,negative,0.9999206066131592,False,washing_machine,washing_machine,0.7993097305297852,True,standard,0,0,0,0,medium,1,0,context_component,,,,
prediction_record,20260818T204035Z_github-32183473018,0,incoming,,,,,,,,,13737,"After taking it on a trip, I noticed that the spin program on this clothes washer keeps acting up. I would not rely on it.",negative,negative,0.9986217021942139,True,washing_machine,washing_machine,0.9966294169425964,True,advanced,0,0,0,0,medium,0,0,noticed,,,,
prediction_record,20260818T204035Z_github-32183473018,0,incoming,,,,,,,,,13738,"after changing a few settings, the rear camera is difficult to trust. the difference became clearer after a few more days. on the other hand, the tuoch panel works well even outside my usual routine, which makes the overall picture more mixed. i am tired of this crap. 😅",negative,positive,0.9966766834259033,False,smartphone,smartphone,0.9996448755264282,True,informal,1,1,1,0,long,1,1,context_component,,,,
prediction_record,20260818T204035Z_github-32183473018,0,incoming,,,,,,,,,13739,"After repeated use under comparable conditions, after changing a few settings, I noticed that the soap tray on this front-loading washer has not changed my opinion much.",neutral,neutral,0.606286883354187,True,washing_machine,washing_machine,0.9327041506767273,True,technical,0,0,0,0,medium,0,0,noticed,,,,
prediction_record,20260818T204035Z_github-32183473018,0,incoming,,,,,,,,,13740,"Under ordinary operating conditions, i did not pay much attention to the gasket at first, but after a few weeks of mixed use it remains basically average. the difference became clearer after a few more days.",neutral,neutral,0.9996824264526367,True,refrigerator,washing_machine,0.6467126607894897,False,technical,0,0,0,0,long,0,1,attention,,,,
prediction_record,20260818T204035Z_github-32183473018,0,incoming,,,,,,,,,13741,the freezer compartment is what stood out after using it for work and at home; it feels dependable in daily use. the difference became clearer after a few more days.,positive,neutral,0.9962795376777649,False,refrigerator,refrigerator,0.9983890056610107,True,informal,0,0,0,0,medium,0,1,stood_out,,,,
prediction_record,20260818T204035Z_github-32183473018,0,incoming,,,,,,,,,13742,"imo, i have been using this kitchen fridge after a few weeks of mixed use, and the inside lighting fails in routine use. This is damn annoying.",negative,negative,0.9996743202209473,True,refrigerator,refrigerator,0.6504783034324646,True,advanced,1,0,0,1,medium,0,0,using,,,,
prediction_record,20260818T204035Z_github-32183473018,0,incoming,,,,,,,,,13743,"tbh, i did not pay much attention to the vibration at first, but after useing it for work and at home it is acceptable but unremarkable. the difference bceame clearer after a more days. there is no major crap to complain about here.",neutral,neutral,0.9999525547027588,True,washing_machine,washing_machine,0.8060315251350403,True,limited,1,0,1,1,long,0,0,attention,,,,
prediction_record,20260818T204035Z_github-32183473018,0,incoming,,,,,,,,,13744,"i did not pay much attention to the cycle controls at first, but after a few weeks of mixed use it the job. this was different from my first impression. it is not amazing, but it is not bullshit either.",neutral,neutral,0.9861970543861389,True,washing_machine,washing_machine,0.9196877479553223,True,limited,1,0,0,0,long,0,0,attention,,,,
prediction_record,20260818T204035Z_github-32183473018,0,incoming,,,,,,,,,13745,"I did not pay much attention to the drainage motor at first, but after taking it on a trip it has become increasingly unreliable. the behavior persisted caross several attempts. I would hesitate to buy it again.",negative,negative,0.9999744892120361,True,washing_machine,refrigerator,0.9621095061302185,False,advanced,0,0,1,0,long,0,1,attention,,,,
prediction_record,20260818T204035Z_github-32183473018,0,incoming,,,,,,,,,13746,"when someone else in the house used it, the video input remains basically average. someone else in the house noticed it too. i would neither recommend it nor warn people away. honestly, the damn thing is just average.",neutral,neutral,0.9999750852584839,True,television,television,0.999652624130249,True,limited,1,0,0,0,long,0,1,context_component,,,,
prediction_record,20260818T204035Z_github-32183473018,0,incoming,,,,,,,,,13747,"Under ordinary operating conditions, ngl, during a heavier-than-usual day, I noticed that the freezer compartment on this new refrigerator feels ordianry after more use.",neutral,negative,0.5157365798950195,False,refrigerator,refrigerator,0.9865847826004028,True,technical,0,0,1,1,medium,0,1,noticed,,,,
prediction_record,20260818T204035Z_github-32183473018,0,incoming,,,,,,,,,13748,"after a few weeks of mixed use, i that the ice system this food cooler works well even outside my usual routine. the behavior persisted across several attempts. not great tbh.",positive,positive,0.9949100613594055,True,refrigerator,washing_machine,0.9995903372764587,False,limited,0,0,0,1,medium,0,1,context_component,,,,
prediction_record,20260818T204035Z_github-32183473018,0,incoming,,,,,,,,,13749,"real talk, when someone else in the house used it, I noticed that the network reception on this new phone works well even outside my usual routine. a second check gave me the same result. overall I am happy with it.",positive,positive,0.9996665716171265,True,smartphone,smartphone,0.9996122717857361,True,standard,0,0,0,1,long,0,0,noticed,,,,
prediction_record,20260818T204035Z_github-32183473018,0,incoming,,,,,,,,,13750,My main impression of this clothes washer comes from the wash drum: it has turned into a recurring problem after changing a few settings. this was different from my first impression. I would not rely on it. lol.,negative,negative,0.9999567270278931,True,washing_machine,washing_machine,0.9996964931488037,True,standard,0,0,0,1,long,0,1,main_impression,,,,
prediction_record,20260818T204035Z_github-32183473018,0,incoming,,,,,,,,,13751,"I did not pay much attention to the soap tray at first, but after coming back to it after a few days it holds up better than expected. someone else in the house noticed it too.",positive,positive,0.9969176054000854,True,washing_machine,refrigerator,0.7401506304740906,False,advanced,0,0,0,0,long,0,0,attention,,,,
prediction_record,20260818T204035Z_github-32183473018,0,incoming,,,,,,,,,13752,"after a few weeks of use, the spin program feels ordinary after more use. i repeated check before writing this. my opinion is still basically in the middle. the damn thing is basically fine.",neutral,neutral,0.9999624490737915,True,washing_machine,washing_machine,0.7833977937698364,True,limited,1,0,0,0,long,0,0,context_component,,,,
prediction_record,20260818T204035Z_github-32183473018,0,incoming,,,,,,,,,13753,"real talk, the streaming menu is what stood out outside my normal routine; it keeps getting in the way.",negative,negative,0.9842698574066162,True,television,television,0.9996070265769958,True,informal,0,0,0,1,medium,0,0,stood_out,,,,
prediction_record,20260818T204035Z_github-32183473018,0,incoming,,,,,,,,,13754,The shelf layout is what tsood out after a few weeks of mixed use; it holds up better than expected. the behavior persisted across several attempts. I have stopped worrying about this part of the product.,positive,positive,0.9998706579208374,True,refrigerator,washing_machine,0.6277316212654114,False,advanced,0,0,1,0,long,0,0,context_component,,,,
prediction_record,20260818T204035Z_github-32183473018,0,incoming,,,,,,,,,13755,"I have been using this kitchen fridge after using it for work and at home, and the inside lighting has become increasingly unreliable. I am already lookign at alternatives.",negative,negative,0.9998226761817932,True,refrigerator,refrigerator,0.9976173043251038,True,standard,0,0,1,0,medium,0,1,using,,,,
prediction_record,20260818T204035Z_github-32183473018,0,incoming,,,,,,,,,13756,"not gonna lie, my main impression of this tv set comes from the controller: it is fine for what it is after using it for work and at home. i repeated the check before writing this. there is not much else to say. there is no major crap to complain about here.",neutral,neutral,0.999958872795105,True,television,television,0.9996318817138672,True,informal,1,0,0,1,long,0,0,main_impression,,,,
prediction_record,20260818T204035Z_github-32183473018,0,incoming,,,,,,,,,13757,"Under ordinary operating conditions, after using it for work and at home, the controller holds up better than expected. a second check gave me the same result. kinda wild.",positive,positive,0.9980461597442627,True,television,refrigerator,0.4464080035686493,False,technical,0,0,0,1,medium,0,0,context_component,,,,
prediction_record,20260818T204035Z_github-32183473018,0,incoming,,,,,,,,,13758,"During a heavier-than-usaul day, the compressor fan fails in routine use. I am tired of this crap.",negative,negative,0.9999549388885498,True,refrigerator,refrigerator,0.9888739585876465,True,advanced,1,0,1,0,medium,0,1,context_component,,,,
prediction_record,20260818T204035Z_github-32183473018,0,incoming,,,,,,,,,13759,"outside my normal routine, the video input feels ordinary after more use. i tried the same thing again later and got a similar result. that said, the picture quailty fails in normal use, so the experience is not completely one-sided.",neutral,neutral,0.999842643737793,True,television,television,0.9996660947799683,True,limited,0,0,1,0,long,1,1,context_component,,,,
prediction_record,20260818T204035Z_github-32183473018,0,incoming,,,,,,,,,13760,"tbh, my main impression of this new refrigerator comes from the thermostat: it still performs consistently outside my normal routine. this was different from my first impression. 😂",positive,positive,0.9997517466545105,True,refrigerator,refrigerator,0.9979751706123352,True,standard,0,1,0,1,medium,0,0,main_impression,,,,
prediction_record,20260818T204035Z_github-32183473018,0,incoming,,,,,,,,,13761,"after taking it on a trip, the apps feels ordinary after more use. this was different from my first impression. on the other hand, the earpiece holds up better than expected, which makes the overall picture more mixed.",neutral,neutral,0.9997089505195618,True,smartphone,television,0.9996726512908936,False,limited,0,0,0,0,long,1,0,context_component,,,,
prediction_record,20260818T204035Z_github-32183473018,0,incoming,,,,,,,,,13762,The soap tray is what stood out outside my normal routine; it feels dependable in daily use. I tried the same thing again later and got a similar result. 😬,positive,neutral,0.9756289720535278,False,washing_machine,refrigerator,0.9957971572875977,False,advanced,0,1,0,0,medium,0,1,stood_out,,,,
prediction_record,20260818T204035Z_github-32183473018,0,incoming,,,,,,,,,13763,"i did not pay much attention to the soap tray at first, but during a heavier-than-usual day it works normally. i tried the same thing again later got a similar result.",neutral,negative,0.8562982082366943,False,washing_machine,refrigerator,0.3457137942314148,False,limited,0,0,0,0,medium,0,0,attention,,,,
prediction_record,20260818T204035Z_github-32183473018,0,incoming,,,,,,,,,13764,"when someone else in the house used it, i noticed that the spin program on this front-loading washer keeps acting up. the behavior persisted across seevral attempts. i am tired of this crap.",negative,negative,0.999943733215332,True,washing_machine,washing_machine,0.9994868040084839,True,informal,1,0,1,0,medium,0,0,noticed,,,,
prediction_record,20260818T204035Z_github-32183473018,0,incoming,,,,,,,,,13765,"I did not pay much attention to the picture quality at first, but after changing a few settings it breaks down when conditions change. This shit should not be happening in routine use. 🙃",negative,negative,0.9998884201049805,True,television,smartphone,0.46479567885398865,False,advanced,1,1,0,0,long,0,0,attention,,,,
prediction_record,20260818T204035Z_github-32183473018,0,incoming,,,,,,,,,13766,"I have been using this main fridge after a few weeks of mixed use, and the thermostat is neither impressive nor bad. I repeated the check before writing this. my opinion is still basically in the middle.",neutral,neutral,0.9999274015426636,True,refrigerator,refrigerator,0.5488933324813843,True,advanced,0,0,0,0,long,0,0,using,,,,
prediction_record,20260818T204035Z_github-32183473018,0,incoming,,,,,,,,,13767,"the ice system is what stood out after a few weeks of mixed use; it has been a pleasant surprise. i noticed the change only in the new situation. for my use case, this is a keeper. i expected some crap here, but it has actually held up.",positive,positive,0.999607503414154,True,refrigerator,television,0.9996424913406372,False,informal,1,0,0,0,long,0,0,stood_out,,,,
prediction_record,20260818T204035Z_github-32183473018,0,incoming,,,,,,,,,13768,my main impression this video panel comes from the wireless connection: it has been a pleasant surprise after using it for work and at home. the difference became clearer after a few more days. the panel lighting tells a different story because it fails in normal use.,positive,negative,0.999931812286377,False,television,television,0.8376359939575195,True,limited,0,0,0,0,long,1,1,context_component,,,,
prediction_record,20260818T204035Z_github-32183473018,0,incoming,,,,,,,,,13769,"After repeated use under comparable conditions, after coming back to it after a few days, the network reception does the job. a second check gave me the same result. The earpiece tells a different story because it keeps getting in the way. It is not amazing, but it is not bullshit either.",neutral,neutral,0.999956488609314,True,smartphone,smartphone,0.9996694326400757,True,technical,1,0,0,0,long,1,1,context_component,,,,
prediction_record,20260818T204035Z_github-32183473018,0,incoming,,,,,,,,,13770,"i have been using this wash unit after coming back to it after a few days, and the door latch has not changed my opinion much. a second check gave me the same result. there is no major crap to complain about here.",neutral,neutral,0.9999202489852905,True,washing_machine,refrigerator,0.9969803690910339,False,limited,1,0,0,0,long,0,0,using,,,,
prediction_record,20260818T204035Z_github-32183473018,0,incoming,,,,,,,,,13771,"Across repeated observations, honestly tho, after coming back to it after a few days, the cooling motor is acceptable but unremarkable. a seocnd check gave me the same result. 🙂",neutral,neutral,0.8956766128540039,True,refrigerator,refrigerator,0.9901518225669861,True,technical,0,1,1,1,medium,0,0,context_component,,,,
prediction_record,20260818T204035Z_github-32183473018,0,incoming,,,,,,,,,13772,"outside my normal routine, the battery life has changed my opinion much. the difference became clearer after a few more days. the call quality tells a different story because it fails in normal use.",neutral,negative,0.9978079199790955,False,smartphone,smartphone,0.9995786547660828,True,limited,0,0,0,0,long,1,0,context_component,,,,
prediction_record,20260818T204035Z_github-32183473018,0,incoming,,,,,,,,,13773,My main impression of this refrigeration unit comes from the gasket: it has been a pleasant surprise when someone else in the house used it. a second check gave me the same result. 😂,positive,negative,0.9985376596450806,False,refrigerator,refrigerator,0.9970445036888123,True,advanced,0,1,0,0,long,0,0,main_impression,,,,
prediction_record,20260818T204035Z_github-32183473018,0,incoming,,,,,,,,,13774,"i have been useing this new phone after changing a few settings, and the earpiece feels dependable in daily this was different from my first impression. damn, did not expect this part to be this solid.",positive,negative,0.9809815883636475,False,smartphone,smartphone,0.9995912909507751,True,limited,1,0,1,0,long,0,1,context_component,,,,
prediction_record,20260818T204035Z_github-32183473018,0,incoming,,,,,,,,,13775,"During a heavier-than-usual day, the compressor fan is neither impressive nor bad. the difference became clearer after a few more days.",neutral,neutral,0.9908879995346069,True,refrigerator,refrigerator,0.9978747367858887,True,advanced,0,0,0,0,medium,0,1,context_component,,,,
prediction_record,20260818T204035Z_github-32183473018,0,incoming,,,,,,,,,13776,"After repeated use under comparable conditions, my main impression of this cold-storage unit comes from the thermostat: it is neither impressive nor bad after using it for work and at home. It is not amazing, but it is not bullshit either.",neutral,neutral,0.9999583959579468,True,refrigerator,refrigerator,0.9922359585762024,True,technical,1,0,0,0,long,0,0,main_impression,,,,
prediction_record,20260818T204035Z_github-32183473018,0,incoming,,,,,,,,,13777,"honestly tho, during a heavier-than-usual day, i noticed that the panel lighting this television set is difficult to trust.",negative,negative,0.6268324851989746,True,television,television,0.9086143970489502,True,limited,0,0,0,1,medium,0,1,noticed,,,,
prediction_record,20260818T204035Z_github-32183473018,0,incoming,,,,,,,,,13778,the sports motion is what stood out after coming back to it after a few days; it feels ordinary after more use. i tried the same thing again later and got a similar result.,neutral,neutral,0.9998263716697693,True,television,television,0.9996253252029419,True,informal,0,0,0,0,long,0,1,stood_out,,,,
prediction_record,20260818T204035Z_github-32183473018,0,incoming,,,,,,,,,13779,"Across repeated observations, after coming back to it after a few days, the touch panel has been a pleasant surprise. a second check gave me the same result. I would buy it again.",positive,negative,0.9782050251960754,False,smartphone,washing_machine,0.8441098928451538,False,technical,0,0,0,0,medium,0,0,context_component,,,,
prediction_record,20260818T204035Z_github-32183473018,0,incoming,,,,,,,,,13780,"Under a representative operating profile, i did not pay much attention to the ice system at first, but after changing a few settings it is neither impressive nor bad. someone else in the house noticed it too.",neutral,neutral,0.9987984895706177,True,refrigerator,television,0.9996509552001953,False,technical,0,0,0,0,long,0,0,attention,,,,
prediction_record,20260818T204035Z_github-32183473018,0,incoming,,,,,,,,,13781,my main impression of this main fridge comes from the freezer compartment: it is acceptable but unremarkable after using it for work and at home. the behavior persisted across several attempts.,neutral,neutral,0.9982841610908508,True,refrigerator,refrigerator,0.998668909072876,True,limited,0,0,0,0,medium,0,1,main_impression,,,,
prediction_record,20260818T204035Z_github-32183473018,0,incoming,,,,,,,,,13782,"after changing a few settings, the fill valve holds up better than expected. someone else in the house noticed it too. overall i am happy with it. that said, the rinse program feels ordinary after more use, so the experience is not completely one-sided.",positive,positive,0.9997413754463196,True,washing_machine,refrigerator,0.9552722573280334,False,informal,0,0,0,0,long,1,0,context_component,,,,
prediction_record,20260818T204035Z_github-32183473018,0,incoming,,,,,,,,,13783,"During a heavier-than-usual day, I noticed that the interface on this TV set remains basically average. I noticed the change only in the new situation. I can live with it.",neutral,neutral,0.9998354911804199,True,television,television,0.9995797276496887,True,advanced,0,0,0,0,medium,0,0,noticed,,,,
prediction_record,20260818T204035Z_github-32183473018,0,incoming,,,,,,,,,13784,"I did not pay much attention to the steraming menu at first, but after a few weeks of mixed use it has not changed my poinion much. the difference became clearer after a few more days. The damn thing is basically fine. 😅",neutral,negative,0.998033344745636,False,television,television,0.9996777772903442,True,standard,1,1,1,0,long,0,0,attention,,,,
prediction_record,20260818T204035Z_github-32183473018,0,incoming,,,,,,,,,13785,My main impression of this laundry unit comes from the vibration: it keeps acting up after coming back to it aftre a few days. This shit should not be happening in normal use. kinda wild.,negative,negative,0.9999837875366211,True,washing_machine,refrigerator,0.5621697306632996,False,standard,1,0,1,1,long,0,1,main_impression,,,,
prediction_record,20260818T204035Z_github-32183473018,0,incoming,,,,,,,,,13786,"Under a representative operating profile, i have been using this pocket device after coming back to it after a few days, and the earpiece fails in normal use. the difference became clearer after a few more days. On the other hand, the network reception works well even outside my usual routine, which makes the overall picture more mixed.",negative,negative,0.9999793767929077,True,smartphone,smartphone,0.9995958209037781,True,technical,0,0,0,0,long,1,1,using,,,,
prediction_record,20260818T204035Z_github-32183473018,0,incoming,,,,,,,,,13787,"After repeated use under comparable conditions, my main impression of this kitchen fridge comes from the compressor fan: it still performs consistently after taking it on a trip. someone else in the house noticed it too. No bullshit, this has been one of the better parts of the product.",positive,positive,0.9999043941497803,True,refrigerator,refrigerator,0.9976130723953247,True,technical,1,0,1,0,long,0,1,main_impression,,,,
prediction_record,20260818T204035Z_github-32183473018,0,incoming,,,,,,,,,13788,"I have been using this cold-storage unit after taking it on a trip, and the cooling motor is fine for what it is. The thermostat tells a different story because it has become increasingly unreliable.",neutral,neutral,0.9997265934944153,True,refrigerator,refrigerator,0.9966375827789307,True,advanced,0,0,0,0,long,1,0,using,,,,
prediction_record,20260818T204035Z_github-32183473018,0,incoming,,,,,,,,,13789,"Under a representative operating profile, i have been using this food cooler outside my normal routine, and the inside lighting keeps acting up. That said, the freezer compartment continues to work without drama, so the experience is not completely one-sided.",negative,negative,0.9997959733009338,True,refrigerator,refrigerator,0.9965205192565918,True,technical,0,0,0,0,long,1,0,using,,,,
prediction_record,20260818T204035Z_github-32183473018,0,incoming,,,,,,,,,13790,"Across repeated observations, my main impression of this television set comes from the streaming menu: it continues to work without drama during a heavier-than-usual day. someone else in the house noticed it too.",positive,negative,0.9810277223587036,False,television,television,0.9996765851974487,True,technical,0,0,0,0,medium,0,0,main_impression,,,,
prediction_record,20260818T204035Z_github-32183473018,0,incoming,,,,,,,,,13791,"i did not pay much attention to the rear camera at first, but after changing a few settings feels ordinary after more use. this was differnet from my impression. i can live with it. lol.",neutral,neutral,0.9981635212898254,True,smartphone,smartphone,0.9996626377105713,True,limited,0,0,1,1,long,0,0,attention,,,,
prediction_record,20260818T204035Z_github-32183473018,0,incoming,,,,,,,,,13792,"Under ordinary operating conditions, i have been using this main fridge after using it for work and at home, and the inside lighting remains basically average. There is no major crap to complain about here.",neutral,neutral,0.9999520778656006,True,refrigerator,refrigerator,0.9924468994140625,True,technical,1,0,0,0,long,0,1,using,,,,
prediction_record,20260818T204035Z_github-32183473018,0,incoming,,,,,,,,,13793,"After changing a few settings, the controller has turned into a recurring problem. this was different from my first impression. The wireless connection tells a different story because it does the job.",negative,negative,0.9987309575080872,True,television,washing_machine,0.8268358111381531,False,standard,0,0,0,0,medium,1,1,context_component,,,,
prediction_record,20260818T204035Z_github-32183473018,0,incoming,,,,,,,,,13794,"After changing a few settings, I noticed that the interface on this living room display is fine for what it is. the behavior persisted across several attempts.",neutral,neutral,0.9994944334030151,True,television,television,0.9996144771575928,True,advanced,0,0,0,0,medium,0,0,noticed,,,,
prediction_record,20260818T204035Z_github-32183473018,0,incoming,,,,,,,,,13795,"outside my normal routine, the door warning holds up better than expected. i repeated the check before writing this.",positive,positive,0.9986843466758728,True,refrigerator,washing_machine,0.6838244199752808,False,informal,0,0,0,0,medium,0,0,context_component,,,,
prediction_record,20260818T204035Z_github-32183473018,0,incoming,,,,,,,,,13796,"I have been using this kitchen fridge during a heavier-than-usual day, and the ice system keeps acting up. the difference became clearer after a few more days. I am considering a replacement.",negative,negative,0.9972742199897766,True,refrigerator,washing_machine,0.9994367957115173,False,standard,0,0,0,0,medium,0,0,using,,,,
prediction_record,20260818T204035Z_github-32183473018,0,incoming,,,,,,,,,13797,"after coming back to after a few days, i noticed that the soap tray on this laundry unit is neither impressive nor bad. difference became clearer after a few more days.",neutral,neutral,0.99903404712677,True,washing_machine,washing_machine,0.42138737440109253,True,limited,0,0,0,0,medium,0,0,noticed,,,,
prediction_record,20260818T204035Z_github-32183473018,0,incoming,,,,,,,,,13798,"after changing a few settings, i noticed that the thermostat on this refrigeration unit is fine for what it is. someone else in the house noticed it too.",neutral,neutral,0.99928218126297,True,refrigerator,refrigerator,0.9354170560836792,True,informal,0,0,0,0,medium,0,0,noticed,,,,
prediction_record,20260818T204035Z_github-32183473018,0,incoming,,,,,,,,,13799,"I have been using this work phone during a heavier-than-usual day, and the earpieec works normally. I would neither recommend it nor warn people away.",neutral,neutral,0.9992840886116028,True,smartphone,smartphone,0.9995817542076111,True,advanced,0,0,1,0,medium,0,0,using,,,,
prediction_record,20260818T204035Z_github-32183473018,0,incoming,,,,,,,,,13800,"I have been using this clothes washer after using it for work and at home, and the vibration has not changed my opinion much. someone else in the house noticed it too. there is not much else to say.",neutral,neutral,0.9999064207077026,True,washing_machine,smartphone,0.47848841547966003,False,advanced,0,0,0,0,long,0,0,using,,,,
prediction_record,20260818T204035Z_github-32183473018,0,incoming,,,,,,,,,13801,"honestly tho, my main impression of this machine comes from the cycle controls: it has been a pleasant surprise after useing it for work and at home. I noticed the change only in the new situation.",positive,negative,0.5508386492729187,False,washing_machine,washing_machine,0.5036677718162537,True,advanced,0,0,1,1,long,0,0,main_impression,,,,
prediction_record,20260818T204035Z_github-32183473018,0,incoming,,,,,,,,,13802,the freezer compartment is what stood out after coming back to it after a few days; it has not given me trouble. the behavior persisted across several attempts. i plan to keep useing it. pretty solid ngl.,positive,negative,0.9986563920974731,False,refrigerator,refrigerator,0.9984253644943237,True,informal,0,0,1,1,long,0,1,stood_out,,,,
prediction_record,20260818T204035Z_github-32183473018,0,incoming,,,,,,,,,13803,My main impression of this work phone comes from the call quality: it has become increasingly unreliable after taking it on a trip. I would not rely on it. The network reception tells a different story because it still performs consistently.,negative,negative,0.9997512698173523,True,smartphone,smartphone,0.9996604919433594,True,advanced,0,0,0,0,long,1,1,main_impression,,,,
prediction_record,20260818T204035Z_github-32183473018,0,incoming,,,,,,,,,13804,"i have been using this living room display when someone else in the house used it, and the interface is dififcult trust. the behavior persisted across several attempts. i am already looking at alternatives.",negative,neutral,0.7651395201683044,False,television,television,0.9996745586395264,True,limited,0,0,1,0,long,0,0,using,,,,
prediction_record,20260818T204035Z_github-32183473018,0,incoming,,,,,,,,,13805,"not gonna lie, after coming back to it after a few days, the interface works well even outside my usual routine. this was diferent from my first impression. I expected some crap here, but it has actually held up.",positive,positive,0.9996910095214844,True,television,refrigerator,0.911037266254425,False,advanced,1,0,1,1,long,0,0,context_component,,,,
prediction_record,20260818T204035Z_github-32183473018,0,incoming,,,,,,,,,13806,"Under a representative operating profile, when someone else in the house used it, the interface has not changed my opinion much. I do not feel strongly either way.",neutral,neutral,0.9974440336227417,True,television,refrigerator,0.965369701385498,False,technical,0,0,0,0,medium,0,1,context_component,,,,
prediction_record,20260818T204035Z_github-32183473018,0,incoming,,,,,,,,,13807,the inside lighting is what stood out after useing it for work and at home; it works normally. my opinion is still basically in the middle.,neutral,neutral,0.9979807734489441,True,refrigerator,refrigerator,0.8750601410865784,True,limited,0,0,1,0,medium,0,0,stood_out,,,,
prediction_record,20260818T204035Z_github-32183473018,0,incoming,,,,,,,,,13808,"i did not pay much attention to the drainage motor at first, but when someone else in the house used it it keeps acting up. a second check gave me the same result.",negative,negative,0.9976562261581421,True,washing_machine,refrigerator,0.9317014813423157,False,informal,0,0,0,0,medium,0,0,attention,,,,
prediction_record,20260818T204035Z_github-32183473018,0,incoming,,,,,,,,,13809,the fingerprint reader is what stood out after taking it on a trip; it continues to work without drama.,positive,negative,0.3858402967453003,False,smartphone,refrigerator,0.792920708656311,False,limited,0,0,0,0,medium,0,1,stood_out,,,,
prediction_record,20260818T204035Z_github-32183473018,0,incoming,,,,,,,,,13810,"My main impression of this new washer comes from the wash drum: it works well even outside my usual routine after a few weeks of mixed use. this was different from my first impression. on balance I am happy with it. No bullshit, this has been one of the better parts of the product.",positive,positive,0.999901533126831,True,washing_machine,washing_machine,0.9995149374008179,True,advanced,1,0,0,0,long,0,0,main_impression,,,,
prediction_record,20260818T204035Z_github-32183473018,0,incoming,,,,,,,,,13811,"From a practical reliability standpoint, my main impression of this TV set comes from the controller: it has stayed dependable after changing a few settings. the behavior persisted across several attempts. for my use case, this is a keeper.",positive,negative,0.9823863506317139,False,television,television,0.9996337890625,True,technical,0,0,0,0,long,0,0,main_impression,,,,
prediction_record,20260818T204035Z_github-32183473018,0,incoming,,,,,,,,,13812,"Under a representative operating profile, after useing it for work and at home, I noticed that the controller on this bedroom TV fails in normal use. the difference became clearer after a few more days. I would hesitate to buy it again. This is damn annoying.",negative,negative,0.9999903440475464,True,television,television,0.9995608925819397,True,technical,1,0,1,0,long,0,1,noticed,,,,
prediction_record,20260818T204035Z_github-32183473018,0,incoming,,,,,,,,,13813,"Across repeated observations, i did not pay much attention to the inside lighting at first, but outside my normal routine it has not given me trouble. the behavior persisted across several attempts. Honestly 💀",positive,negative,0.9936196208000183,False,refrigerator,refrigerator,0.34675079584121704,True,technical,0,1,0,0,long,0,0,attention,,,,
prediction_record,20260818T204035Z_github-32183473018,0,incoming,,,,,,,,,13814,"When someone else in the house used it, the controller is difficult to trust. I tried the same thing again later and got a similar result. this needs to improve. This is damn annoying.",negative,negative,0.9998701810836792,True,television,refrigerator,0.9674739837646484,False,standard,1,0,0,0,long,0,0,context_component,,,,
prediction_record,20260818T204035Z_github-32183473018,0,incoming,,,,,,,,,13815,"After using it for work and at home, I noticed that the apps on this pocket device has been a pleasant surprise. a second check gave me the same result. The call quality tells a different story because it keeps getting in the way. lol.",positive,negative,0.99982750415802,False,smartphone,washing_machine,0.9997116923332214,False,advanced,0,0,0,1,long,1,1,noticed,,,,
prediction_record,20260818T204035Z_github-32183473018,0,incoming,,,,,,,,,13816,"I did not pay much attention to the fill valve at first, but when someone else in the house used it it works normally. someone else in the house noticed it too. On the other hand, the spin program feels dependable in daily use, which makes the on balance picture more mixed.",neutral,negative,0.9999736547470093,False,washing_machine,refrigerator,0.9981441497802734,False,advanced,0,0,0,0,long,1,1,attention,,,,
prediction_record,20260818T204035Z_github-32183473018,0,incoming,,,,,,,,,13817,the apps is stood after using it for work and at home; it is acceptable but unremarkable. idk.,neutral,neutral,0.9777345061302185,True,smartphone,television,0.9996790885925293,False,limited,0,0,0,1,medium,0,0,context_component,,,,
prediction_record,20260818T204035Z_github-32183473018,0,incoming,,,,,,,,,13818,"I did not pay much attention to the spin program at first, but when someone else in the house used it it continues to work without drama. this was different from my frist impression. I plan to keep using it.",positive,positive,0.5777439475059509,True,washing_machine,washing_machine,0.7564064264297485,True,advanced,0,0,1,0,long,0,0,attention,,,,
prediction_record,20260818T204035Z_github-32183473018,0,incoming,,,,,,,,,13819,"tbh, i have been using this screen unit after using it for work and at home, and the wireless connection works well even outside my usual routine. someone else in the house noticed it too. i would buy it again.",positive,negative,0.7505979537963867,False,television,television,0.9996480941772461,True,informal,0,0,0,1,long,0,0,using,,,,
prediction_record,20260818T204035Z_github-32183473018,0,incoming,,,,,,,,,13820,"From a practical reliability standpoint, i did not pay much attention to the rear camera at first, but after using it for work and at home it is acceptable but unremarkable. I noticed the change only in the new situation.",neutral,neutral,0.9982471466064453,True,smartphone,smartphone,0.9995887875556946,True,technical,0,0,0,0,long,0,1,attention,,,,
prediction_record,20260818T204035Z_github-32183473018,0,incoming,,,,,,,,,13821,"After taking it on a trip, the call quality still performs consistently. I noticed the change only in the new situation. idk.",positive,positive,0.9996811151504517,True,smartphone,refrigerator,0.8667700886726379,False,standard,0,0,0,1,medium,0,0,context_component,,,,
prediction_record,20260818T204035Z_github-32183473018,0,incoming,,,,,,,,,13822,"Under a representative operating profile, after taking it on a trip, the network reception contiunes to work without drama. this was different from my first impression.",positive,negative,0.8486082553863525,False,smartphone,smartphone,0.9992519021034241,True,technical,0,0,1,0,medium,0,0,context_component,,,,
prediction_record,20260818T204035Z_github-32183473018,0,incoming,,,,,,,,,13823,"Under a representative operating profile, the drainage motor is what stood out after a few weeks of mixed use; it is neither impressive nor bad. this was different from my first impression. The fill valve tells a diferent story because it still performs consistently. Honestly 😅",neutral,neutral,0.9992552399635315,True,washing_machine,washing_machine,0.7852123379707336,True,technical,0,1,1,0,long,1,1,stood_out,,,,
prediction_record,20260818T204035Z_github-32183473018,0,incoming,,,,,,,,,13824,"outside my routine, the vibration remains basically average. i repeated the check before writing this. i would neither recommend nor warn people away. the spin program tells a different story because it has been a disappointment. lol.",neutral,neutral,0.9998908042907715,True,washing_machine,washing_machine,0.9961965084075928,True,limited,0,0,0,1,long,1,0,context_component,,,,
prediction_record,20260818T204035Z_github-32183473018,0,incoming,,,,,,,,,13825,"after coming back to it after a few days, i noticed that the network on this daily driver feels ordinary after more use. the behavior persisted across several attempts. it is adequate for now. 🙃",neutral,neutral,0.999862551689148,True,smartphone,refrigerator,0.9990563988685608,False,limited,0,1,0,0,long,0,0,noticed,,,,
prediction_record,20260818T204035Z_github-32183473018,0,incoming,,,,,,,,,13826,"during a heavier-than-usual day, i noticed that the vibration on this machine is acceptable but unremarkable. the difference became clearer after a few more days. it is adequate for now.",neutral,neutral,0.998297393321991,True,washing_machine,refrigerator,0.4576044976711273,False,limited,0,0,0,0,medium,0,0,noticed,,,,
prediction_record,20260818T204035Z_github-32183473018,0,incoming,,,,,,,,,13827,My main impression of this main fridge comes from the compressor fan: it is difficult to trust outside my normal routine. the behavior persisted across several attempts. this needs to improve. This is damn annoying. 😂,negative,negative,0.9999761581420898,True,refrigerator,refrigerator,0.9976605176925659,True,advanced,1,1,0,0,long,0,0,main_impression,,,,
prediction_record,20260818T204035Z_github-32183473018,0,incoming,,,,,,,,,13828,"During a heavier-than-usual day, I noticed that the battery life on this new phone keeps getting in the way.",negative,negative,0.9941216111183167,True,smartphone,smartphone,0.9993730187416077,True,standard,0,0,0,0,medium,0,0,noticed,,,,
prediction_record,20260818T204035Z_github-32183473018,0,incoming,,,,,,,,,13829,My main impression of this TV set comes from the controller: it feels ordinary after more use outside my normal routine. I repeated the check before writing this. I can live with it.,neutral,neutral,0.9998223185539246,True,television,television,0.9996424913406372,True,advanced,0,0,0,0,medium,0,0,main_impression,,,,
prediction_record,20260818T204035Z_github-32183473018,0,incoming,,,,,,,,,13830,"i have been using this living room display after using it for work and at home, and the controller has stayed dependable. a second check gave me the same result.",positive,neutral,0.4941069483757019,False,television,television,0.9996210336685181,True,limited,0,0,0,0,medium,0,0,using,,,,
prediction_record,20260818T204035Z_github-32183473018,0,incoming,,,,,,,,,13831,"Across repeated observations, the cooling motor is what stood out after taking it on a trip; it has not cahnged my opinion much. Honestly, the damn thing is just average.",neutral,neutral,0.9988505840301514,True,refrigerator,refrigerator,0.9978106617927551,True,technical,1,0,1,0,medium,0,0,stood_out,,,,
prediction_record,20260818T204035Z_github-32183473018,0,incoming,,,,,,,,,13832,"i did pay much attention the sports motion at first, but during a heavier-than-usual day it breaks down when conditions change. the behavior persisted across several attempts. this is damn annoying. kinda wild.",negative,negative,0.9238569140434265,True,television,television,0.999685525894165,True,limited,1,0,0,1,medium,0,0,context_component,,,,
prediction_record,20260818T204035Z_github-32183473018,0,incoming,,,,,,,,,13833,"After a few weeks of mixed use, I noticed that the spin program on this machine works normally. a second check gave me the same result.",neutral,negative,0.9143951535224915,False,washing_machine,washing_machine,0.9986786246299744,True,standard,0,0,0,0,medium,0,0,noticed,,,,
prediction_record,20260818T204035Z_github-32183473018,0,incoming,,,,,,,,,13834,"After repeated use under comparable conditions, during a heavier-than-usual day, the built-in audio does the job. a second check gave me the same result.",neutral,neutral,0.5764353275299072,True,television,refrigerator,0.6560870409011841,False,technical,0,0,0,0,medium,0,0,context_component,,,,
prediction_record,20260818T204035Z_github-32183473018,0,incoming,,,,,,,,,13835,"tbh, outside my normal routine, i noticed that the ice system on this new refrigerator breaks down when conditions change. i repeated the check before writing this. i am already looking at alternatives.",negative,negative,0.9993194341659546,True,refrigerator,washing_machine,0.9994783997535706,False,limited,0,0,0,1,medium,0,0,noticed,,,,
prediction_record,20260818T204035Z_github-32183473018,0,incoming,,,,,,,,,13836,"Across repeated observations, during a heavier-than-usual day, I noticed that the controller on this living room display has been a pleasant surprise. I repeated the check before writing this. I plan to keep using it.",positive,positive,0.9990611672401428,True,television,television,0.9996333122253418,True,technical,0,0,0,0,long,0,0,noticed,,,,
prediction_record,20260818T204035Z_github-32183473018,0,incoming,,,,,,,,,13837,"outside my normal routine, the fingerprint reader works normally. i tried same thing again later and got a similar result. there is no major crap to complain about here.",neutral,neutral,0.9999176263809204,True,smartphone,washing_machine,0.5989525318145752,False,limited,1,0,0,0,medium,0,0,context_component,,,,
prediction_record,20260818T204035Z_github-32183473018,0,incoming,,,,,,,,,13838,my main impression of this television set comes from the panel lighting: it has not given me trouble after cmoing back to it after a few days. the difference became clearer after few days. it has earned my confidence. 🤔,positive,negative,0.9999247789382935,False,television,television,0.9997193217277527,True,limited,0,1,1,0,long,0,0,main_impression,,,,
prediction_record,20260818T204035Z_github-32183473018,0,incoming,,,,,,,,,13839,"After changing a few settings, the inside lighting fails in routine use. I noticed the change only in the new situation.",negative,negative,0.9996761083602905,True,refrigerator,refrigerator,0.7897483706474304,True,advanced,0,0,0,0,medium,0,1,context_component,,,,
prediction_record,20260818T204035Z_github-32183473018,0,incoming,,,,,,,,,13840,"After repeated use under comparable conditions, the thermostat is what stood out when someone else in the house used it; it works normally. someone else in the house noticed it too. my opinion is still basically in the middle.",neutral,negative,0.5042177438735962,False,refrigerator,refrigerator,0.9950608611106873,True,technical,0,0,0,0,long,0,1,stood_out,,,,
prediction_record,20260818T204035Z_github-32183473018,0,incoming,,,,,,,,,13841,"I did not pay much attention to the soap tray at first, but after a few weeks of mixed use it is difficult to trust. I would hesitate to buy it again. That said, the cycle controls has been a pleasant surprise, so the experience is not completely one-sided.",negative,negative,0.9999802112579346,True,washing_machine,washing_machine,0.5213391780853271,True,advanced,0,0,0,0,long,1,0,attention,,,,
prediction_record,20260818T204035Z_github-32183473018,0,incoming,,,,,,,,,13842,"Across repeated observations, i did not pay much attention to the call quality at first, but outside my normal routine it feels dependable in daily use. this was diferent from my first impression. overall I am happy with it. lol.",positive,positive,0.5052990317344666,True,smartphone,smartphone,0.9990785121917725,True,technical,0,0,1,1,long,0,0,attention,,,,
prediction_record,20260818T204035Z_github-32183473018,0,incoming,,,,,,,,,13843,"tbh, i have been using this wash unit after coming back to it after a few days, and the rinse program has stayed dependable. a second check gave me the same result.",positive,negative,0.945651650428772,False,washing_machine,washing_machine,0.8779919147491455,True,advanced,0,0,0,1,medium,0,0,using,,,,
prediction_record,20260818T204035Z_github-32183473018,0,incoming,,,,,,,,,13844,"Under a representative operating profile, my main impression of this living room display comes from the video input: it works well even outside my usual routine during a heavier-than-usual day. I plan to keep using it.",positive,positive,0.9996975660324097,True,television,television,0.9996445178985596,True,technical,0,0,0,0,long,0,0,main_impression,,,,
prediction_record,20260818T204035Z_github-32183473018,0,incoming,,,,,,,,,13845,"From a practical reliability standpoint, after using it for work and at home, the built-in audio does the job. a second check gave me the same result.",neutral,neutral,0.9929561614990234,True,television,refrigerator,0.6903311014175415,False,technical,0,0,0,0,medium,0,0,context_component,,,,
prediction_record,20260818T204035Z_github-32183473018,0,incoming,,,,,,,,,13846,"ngl, the rear camrea is what stood out when someone else in the house used it; it still performs consistently. I tried the same thing again later and got a similar result.",positive,positive,0.9996763467788696,True,smartphone,refrigerator,0.9666498899459839,False,advanced,0,0,1,1,medium,0,1,stood_out,,,,
prediction_record,20260818T204035Z_github-32183473018,0,incoming,,,,,,,,,13847,"my main impression of this living room display comes from the interface: it has stayed dependable after using it for work and at home. this was different from my first impression. for my use case, this is a keeper. that said, the streaming menu is difficult to trust, so the experience is not completely one-sided.",positive,negative,0.999542236328125,False,television,television,0.9996751546859741,True,informal,0,0,0,0,long,1,1,main_impression,,,,
prediction_record,20260818T204035Z_github-32183473018,0,incoming,,,,,,,,,13848,after coming back to it after a few the drainage motor feels dependbale in daily use. i tried the same thing again later and got a similar result.,positive,neutral,0.5014401078224182,False,washing_machine,refrigerator,0.9945084452629089,False,limited,0,0,1,0,medium,0,0,context_component,,,,
prediction_record,20260818T204035Z_github-32183473018,0,incoming,,,,,,,,,13849,"After using it for work and at home, the earpiece works well even outside my usual routine. I noticed the change only in the new situation. 😬",positive,positive,0.9035540223121643,True,smartphone,washing_machine,0.6307036280632019,False,standard,0,1,0,0,medium,0,0,context_component,,,,
prediction_record,20260818T204035Z_github-32183473018,0,incoming,,,,,,,,,13850,"After repeated use under comparable conditions, honestly tho, after using it for work and at home, the wash drum has not given me trouble. a second check gave me the same result. The damn thing surprised me in a good way.",positive,negative,0.999879002571106,False,washing_machine,washing_machine,0.9860070943832397,True,technical,1,0,0,1,long,0,1,context_component,,,,
prediction_record,20260818T204035Z_github-32183473018,0,incoming,,,,,,,,,13851,"my main impression of this food cooler comes from the thermostat: it does the job after coming back to it after a few days. i noticed the change only in the new situation. that said, the cooling motor feels dependable in daily use, so the experience is not completely one-sided.",neutral,neutral,0.9998519420623779,True,refrigerator,refrigerator,0.9987413287162781,True,informal,0,0,0,0,long,1,0,main_impression,,,,
prediction_record,20260818T204035Z_github-32183473018,0,incoming,,,,,,,,,13852,My main impression of this television set comes from the picture quality: it fails in routine use after changing a few settings. I repeated the check before writing this. 🔥,negative,negative,0.9999504089355469,True,television,television,0.9996485710144043,True,advanced,0,1,0,0,medium,0,0,main_impression,,,,
prediction_record,20260818T204035Z_github-32183473018,0,incoming,,,,,,,,,13853,"I did not pay much attention to the sports motion at first, but after taking it on a trip it feels ordinary after more use. my opinion is still basically in the middle. The video input tells a different story because it holds up better than expected. It is not amazing, but it is not bullshit either.",neutral,neutral,0.9999587535858154,True,television,television,0.9996564388275146,True,standard,1,0,0,0,long,1,0,attention,,,,
prediction_record,20260818T204035Z_github-32183473018,0,incoming,,,,,,,,,13854,"From a practical reliability standpoint, the wireless connection is what stood out outside my normal routine; it feels ordinary after more use. someone else in the house noticed it too. I do not feel strongly either way.",neutral,neutral,0.9998832941055298,True,television,refrigerator,0.9581729769706726,False,technical,0,0,0,0,long,0,0,stood_out,,,,
prediction_record,20260818T204035Z_github-32183473018,0,incoming,,,,,,,,,13855,"After repeated use under comparable conditions, during a heavier-than-usual day, the wireless conection continues to work without drama. I tried the same thing again later and got a similar result. it has earned my confidence. 💀",positive,positive,0.9142048954963684,True,television,television,0.36709338426589966,True,technical,0,1,1,0,long,0,0,context_component,,,,
prediction_record,20260818T204035Z_github-32183473018,0,incoming,,,,,,,,,13856,"fr, my main impression of this screen unit comes from the interface: it fails in noraml use after a few weeks of mixed use. a second check gave me the same result.",negative,negative,0.9999703168869019,True,television,television,0.9996215105056763,True,advanced,0,0,1,1,medium,0,0,main_impression,,,,
prediction_record,20260818T204035Z_github-32183473018,0,incoming,,,,,,,,,13857,"i have been using this main fridge after using it for work and at home, and the inside lighting does the job. i repeated the check before writing this. my opinion is still basically in the middle. it is not amazing, but it is not bullshit either.",neutral,neutral,0.9999608993530273,True,refrigerator,refrigerator,0.9982587695121765,True,informal,1,0,0,0,long,0,0,using,,,,
prediction_record,20260818T204035Z_github-32183473018,0,incoming,,,,,,,,,13858,"honestly tho, i have been using this mobile after changing a few settings, and the fingerprint reader has been a disappointment. the behavior persisted across several attempts. i am already looking at alternatives.",negative,negative,0.997183084487915,True,smartphone,smartphone,0.9995538592338562,True,informal,0,0,0,1,medium,0,0,using,,,,
prediction_record,20260818T204035Z_github-32183473018,0,incoming,,,,,,,,,13859,"I have been useing this mobile after a few weeks of mixed use, and the touch panel continues to work without drama. a second check gave me the same result. on balance I am happy with it. On the other hand, the call quailty is difficult to trust, which makes the on balance picture more mixed. not great tbh. 🤷",positive,negative,0.999981164932251,False,smartphone,washing_machine,0.999693751335144,False,advanced,0,1,1,1,long,1,0,context_component,,,,
prediction_record,20260818T204035Z_github-32183473018,0,incoming,,,,,,,,,13860,"Outside my normal routine, the rinse program has been a pleasant surprise. I expected some crap here, but it has actually held up. Honestly 🤷",positive,positive,0.998714804649353,True,washing_machine,washing_machine,0.9983471632003784,True,advanced,1,1,0,0,medium,0,0,context_component,,,,
prediction_record,20260818T204035Z_github-32183473018,0,incoming,,,,,,,,,13861,"After repeated use under comparable conditions, tbh, after coming back to it after a few days, I noticed that the built-in audio on this bedroom TV is neither impressive nor bad. I tried the same thing again later and got a smiilar result. I can live with it.",neutral,neutral,0.9998841285705566,True,television,television,0.9996349811553955,True,technical,0,0,1,1,long,0,1,noticed,,,,
prediction_record,20260818T204035Z_github-32183473018,0,incoming,,,,,,,,,13862,"Across repeated observations, after changing a few settings, the spin program remains basically average. the difference became clearer after a few more days. I do not feel strongly either way.",neutral,neutral,0.9999418258666992,True,washing_machine,washing_machine,0.9949967861175537,True,technical,0,0,0,0,medium,0,0,context_component,,,,
prediction_record,20260818T204035Z_github-32183473018,0,incoming,,,,,,,,,13863,"lowkey, after a few weeks of mxied use, the controller has not changed my opinion much. I tried the same thing again later and got a similar result.",neutral,neutral,0.5116437673568726,True,television,refrigerator,0.9567635655403137,False,standard,0,0,1,1,medium,0,0,context_component,,,,
prediction_record,20260818T204035Z_github-32183473018,0,incoming,,,,,,,,,13864,"From a practical reliability standpoint, the door latch is what stood out after changing a few settings; it keeps getting in the way. I tried the same thing again later and got a similar result. idk.",negative,negative,0.9999414682388306,True,washing_machine,refrigerator,0.986166775226593,False,technical,0,0,0,1,long,0,0,stood_out,,,,
prediction_record,20260818T204035Z_github-32183473018,0,incoming,,,,,,,,,13865,"Under a representative operating profile, tbh, the controller is what stood out during a heavier-than-usual day; it remanis basically average. I noticed the change only in the new situation. there is not much else to say.",neutral,neutral,0.9999332427978516,True,television,refrigerator,0.5782146453857422,False,technical,0,0,1,1,long,0,0,stood_out,,,,
prediction_record,20260818T204035Z_github-32183473018,0,incoming,,,,,,,,,13866,my main impression of this work phone comes from the call quality: it is acceptable but unremarkable after changing a few settings. i noticed the change only in the new situation. there is not much else to say.,neutral,neutral,0.9997954964637756,True,smartphone,smartphone,0.9995798468589783,True,informal,0,0,0,0,long,0,0,main_impression,,,,
prediction_record,20260818T204035Z_github-32183473018,0,incoming,,,,,,,,,13867,the network reception is what stood out during a heavier-than-usual day; it breaks down when conditions change. i tried the same thing again later and got a similar result. i would not rely on it. the fingerprint reader tells a different story because it works normally.,negative,negative,0.9999681711196899,True,smartphone,smartphone,0.999603807926178,True,informal,0,0,0,0,long,1,0,stood_out,,,,
prediction_record,20260818T204035Z_github-32183473018,0,incoming,,,,,,,,,13868,"during a heavier-than-usual day, noticed that the call quality on this pocket device is neither impressive nor bad. this was different from my first impression.",neutral,neutral,0.9985120892524719,True,smartphone,smartphone,0.999308705329895,True,limited,0,0,0,0,medium,0,0,context_component,,,,
prediction_record,20260818T204035Z_github-32183473018,0,incoming,,,,,,,,,13869,The earpiece is what stood out after changing a few settings; it holds up better than expected. a second check gave me the same result. I would buy it again. 👎,positive,positive,0.9997479319572449,True,smartphone,refrigerator,0.7623029947280884,False,advanced,0,1,0,0,medium,0,0,stood_out,,,,
prediction_record,20260818T204035Z_github-32183473018,0,incoming,,,,,,,,,13870,"tbh, the rear camera is what stood out during a heavier-than-usual day; it is difficult to trust. soemone else in the house noticed it too. I am tired of this crap.",negative,negative,0.9998743534088135,True,smartphone,smartphone,0.9995336532592773,True,advanced,1,0,1,1,medium,0,0,stood_out,,,,
prediction_record,20260818T204035Z_github-32183473018,0,incoming,,,,,,,,,13871,the soap is what stood out after coming back to it after a few days; it is acceptable but unremarkable.,neutral,neutral,0.8034353852272034,True,washing_machine,refrigerator,0.7999377250671387,False,limited,0,0,0,0,medium,0,0,stood_out,,,,
prediction_record,20260818T204035Z_github-32183473018,0,incoming,,,,,,,,,13872,"outisde my normal routine, the touch panel does the job.",neutral,neutral,0.7813770771026611,True,smartphone,washing_machine,0.8211290836334229,False,limited,0,0,1,0,short,0,1,context_component,,,,
prediction_record,20260818T204035Z_github-32183473018,0,incoming,,,,,,,,,13873,"not gonna lie, the network reception is what stood out after taking it on a trip; it works normally. i repeated the chcek before writing this.",neutral,negative,0.6010426878929138,False,smartphone,smartphone,0.9995573163032532,True,informal,0,0,1,1,medium,0,0,stood_out,,,,
prediction_record,20260818T204035Z_github-32183473018,0,incoming,,,,,,,,,13874,"when someone else in the house used it, i noticed that the apps this mobile works normally. the behavior across several attempts. it is not amazing, but it is not bullshit either.",neutral,neutral,0.9994263648986816,True,smartphone,washing_machine,0.999356210231781,False,limited,1,0,0,0,medium,0,1,noticed,,,,
prediction_record,20260818T204035Z_github-32183473018,0,incoming,,,,,,,,,13875,the video input is what stood out after using it for work and at home; it has stayed dependable. a second check gave me the same result. i would buy it again. the wireless connection tells a different story becuase it is fine for what it is. the damn thing surprised me in a good way. 😬,positive,negative,0.999976396560669,False,television,television,0.9996589422225952,True,informal,1,1,1,0,long,1,0,stood_out,,,,
prediction_record,20260818T204035Z_github-32183473018,0,incoming,,,,,,,,,13876,"after using it for work and at home, i noticed that the fingerprint reader on this work phone has stayed dependable. a second check gave me the same result. for real.",positive,negative,0.8816249966621399,False,smartphone,smartphone,0.9994847774505615,True,limited,0,0,0,1,medium,0,0,noticed,,,,
prediction_record,20260818T204035Z_github-32183473018,0,incoming,,,,,,,,,13877,the picture quality is what stood out after using it for work and at home; it remains basically average. the behavior persisted across several attempts. i do not strongly either way.,neutral,neutral,0.9999336004257202,True,television,washing_machine,0.40467673540115356,False,limited,0,0,0,0,medium,0,0,stood_out,,,,
prediction_record,20260818T204035Z_github-32183473018,0,incoming,,,,,,,,,13878,"I have been useing this work phone after a few weeks of mixed use, and the apps works normally.",neutral,negative,0.7493976950645447,False,smartphone,smartphone,0.9986180067062378,True,advanced,0,0,1,0,medium,0,0,context_component,,,,
prediction_record,20260818T204035Z_github-32183473018,0,incoming,,,,,,,,,13879,"Across repeated observations, not gonna lie, i did not pay much attention to the rear camera at first, but after coming back to it after a few days it has not changed my opinion much. the behavior persisted across several attempts. There is no major crap to complain about here.",neutral,neutral,0.9999068975448608,True,smartphone,smartphone,0.9995986819267273,True,technical,1,0,0,1,long,0,0,attention,,,,
prediction_record,20260818T204035Z_github-32183473018,0,incoming,,,,,,,,,13880,"ngl, i did not pay much attention to the interface at first, but after changing a few settings it holds up better than expected. i noticed the change only in the new situation. damn, i did not expect this part to be this solid.",positive,positive,0.9998835325241089,True,television,refrigerator,0.3785078823566437,False,informal,1,0,0,1,long,0,1,attention,,,,
prediction_record,20260818T204035Z_github-32183473018,0,incoming,,,,,,,,,13881,"imo, i did not pay much attention to the inside lighting at first, but during a heavier-than-usual day it keeps getting in the way. I tried the same thing again later and got a similar result.",negative,negative,0.9999597072601318,True,refrigerator,smartphone,0.7114585041999817,False,standard,0,0,0,1,long,0,0,attention,,,,
prediction_record,20260818T204035Z_github-32183473018,0,incoming,,,,,,,,,13882,the shelf layout is what stood out outside my normal routine; it continues to work without drama.,positive,negative,0.5166509747505188,False,refrigerator,refrigerator,0.6414567232131958,True,informal,0,0,0,0,medium,0,1,stood_out,,,,
prediction_record,20260818T204035Z_github-32183473018,0,incoming,,,,,,,,,13883,"I have been using this video panel during a heavier-than-usual day, and the panel lighting does the job. this was diferent from my first impression.",neutral,neutral,0.7188878655433655,True,television,washing_machine,0.9995653033256531,False,advanced,0,0,1,0,medium,0,1,using,,,,
prediction_record,20260818T204035Z_github-32183473018,0,incoming,,,,,,,,,13884,"Aftre changing a few settings, I noticed that the gasket on this refrigeration unit remains basically average. the difference became clearer after a few more days.",neutral,neutral,0.9997178912162781,True,refrigerator,refrigerator,0.8934693932533264,True,advanced,0,0,1,0,medium,0,0,noticed,,,,
prediction_record,20260818T204035Z_github-32183473018,0,incoming,,,,,,,,,13885,"my main impression of this pocket device comes from the fingerprint reader: it has been a pleasant surprise after using it for work and at home. i noticed the change only in the new situation. damn, i did not expect this part to be this solid.",positive,positive,0.7150559425354004,True,smartphone,smartphone,0.9995939135551453,True,informal,1,0,0,0,long,0,0,main_impression,,,,
prediction_record,20260818T204035Z_github-32183473018,0,incoming,,,,,,,,,13886,"Under a representative operating profile, after coming back to it after a few days, I noticed that the thermostat on this cold-storage unit remains basically average. I repeated the check before writing this.",neutral,neutral,0.9989635944366455,True,refrigerator,refrigerator,0.7458177208900452,True,technical,0,0,0,0,medium,0,0,noticed,,,,
prediction_record,20260818T204035Z_github-32183473018,0,incoming,,,,,,,,,13887,"tbh, the inetrface is what stood out when someone else in the house used it; it feels ordinary after more use. the behavior persisted across several attempts. is adequate for now.",neutral,neutral,0.9999278783798218,True,television,refrigerator,0.9920051693916321,False,limited,0,0,1,1,medium,0,0,stood_out,,,,
prediction_record,20260818T204035Z_github-32183473018,0,incoming,,,,,,,,,13888,"I have been useing this cold-storage unit after taking it on a trip, and the shelf layout is neither impressive nor bad. the difference became clearer after a few more days.",neutral,neutral,0.9997958540916443,True,refrigerator,refrigerator,0.8597963452339172,True,advanced,0,0,1,0,medium,0,0,context_component,,,,
prediction_record,20260818T204035Z_github-32183473018,0,incoming,,,,,,,,,13889,My main impression of this work phone comes from the fingerprint reader: it keeps acting up when someone else in the house used it. a second check gave me the same result. this is the part that makes me regret the purchase. This is damn annoying.,negative,negative,0.9999927282333374,True,smartphone,smartphone,0.9995928406715393,True,standard,1,0,0,0,long,0,1,main_impression,,,,
prediction_record,20260818T204035Z_github-32183473018,0,incoming,,,,,,,,,13890,"when someone else in the house used it, the fingerprint reader works normally. the difference became clearer after a few more days. i can live with it. it is not amaznig, but it is not bullshit either.",neutral,neutral,0.9986571073532104,True,smartphone,refrigerator,0.994830310344696,False,informal,1,0,1,0,long,0,1,context_component,,,,
prediction_record,20260818T204035Z_github-32183473018,0,incoming,,,,,,,,,13891,"I did not pay much attention to the call quality at fisrt, but after changing a few settings it has not changed my opinion much. I tried the same thing again later and got a similar result. 👎",neutral,neutral,0.9792768359184265,True,smartphone,refrigerator,0.9733610153198242,False,standard,0,1,1,0,long,0,0,attention,,,,
prediction_record,20260818T204035Z_github-32183473018,0,incoming,,,,,,,,,13892,My main impression of this new phone comes from the network reception: it feels dependable in daily use after taking it on a trip. this was different from my first impression.,positive,negative,0.9936537742614746,False,smartphone,smartphone,0.9996280670166016,True,standard,0,0,0,0,medium,0,1,main_impression,,,,
prediction_record,20260818T204035Z_github-32183473018,0,incoming,,,,,,,,,13893,"I did not pay much attention to the thermostat at first, but after taking it on a trip it feels dependable in daily use. I plan to keep using it.",positive,positive,0.9152705073356628,True,refrigerator,smartphone,0.6077841520309448,False,standard,0,0,0,0,medium,0,1,attention,,,,
prediction_record,20260818T204035Z_github-32183473018,0,incoming,,,,,,,,,13894,My main impression of this machine comes from the yccle controls: it feels dependable in daily use after coming back to it after a few days. I tried the same thing again later and got a similar result. I would buy it again.,positive,negative,0.9999176263809204,False,washing_machine,washing_machine,0.427575021982193,True,advanced,0,0,1,0,long,0,1,main_impression,,,,
prediction_record,20260818T204035Z_github-32183473018,0,incoming,,,,,,,,,13895,"From a practical reliability standpoint, i did not pay much attention to the sports motion at first, but when someone else in the house used it it remains basically average. someone else in the house noticed it too. I would neither recommend it nor warn people away.",neutral,neutral,0.999958872795105,True,television,television,0.9996541738510132,True,technical,0,0,0,0,long,0,0,attention,,,,
prediction_record,20260818T204035Z_github-32183473018,0,incoming,,,,,,,,,13896,"I did not pay much attention to the video input at first, but outside my normal routine it has not given me trouble. I noticed the change only in the new situation. I plan to keep using it.",positive,negative,0.9951769113540649,False,television,television,0.9996414184570312,True,standard,0,0,0,0,long,0,0,attention,,,,
prediction_record,20260818T204035Z_github-32183473018,0,incoming,,,,,,,,,13897,"imo, i have been using this work phone after a few weeks of mixed use, and the fingerprint reader has been a pleasant surprise.",positive,negative,0.7342708110809326,False,smartphone,smartphone,0.9995061159133911,True,limited,0,0,0,1,medium,0,0,using,,,,
prediction_record,20260818T204035Z_github-32183473018,0,incoming,,,,,,,,,13898,"After repeated use under comparable conditions, i have been using this front-loading washer after changing a few settings, and the cycle controls is neither impressive nor bad. the difference became clearer after a few more days. there is not much else to say. The damn thing is basically fine.",neutral,neutral,0.9999674558639526,True,washing_machine,washing_machine,0.999661922454834,True,technical,1,0,0,0,long,0,0,using,,,,
prediction_record,20260818T204035Z_github-32183473018,0,incoming,,,,,,,,,13899,the streaming menu what stood out after using it for work and at home; it keeps acting up. this was diferent from my first impression.,negative,negative,0.9463711380958557,True,television,television,0.9996503591537476,True,limited,0,0,1,0,medium,0,1,context_component,,,,
prediction_record,20260818T204035Z_github-32183473018,0,incoming,,,,,,,,,13900,"lowkey, after coming back to it aftre a few days, i noticed that the shelf layout on this refrigeration unit has stayed dependable. i noticed the change only in the new situation. i would buy it again.",positive,negative,0.9963614344596863,False,refrigerator,refrigerator,0.9924966096878052,True,informal,0,0,1,1,long,0,0,noticed,,,,
prediction_record,20260818T204035Z_github-32183473018,0,incoming,,,,,,,,,13901,"Under a representative operating profile, the fingerprint reader is what stood out outside my normal routine; it remains basically average. someone else in the house noticed it too. The USB port tells a different story because it has been a pleasant surprise. There is no major crap to complain about here. for real.",neutral,neutral,0.9999345541000366,True,smartphone,refrigerator,0.9987722039222717,False,technical,1,0,0,1,long,1,0,stood_out,,,,
prediction_record,20260818T204035Z_github-32183473018,0,incoming,,,,,,,,,13902,"i did not pay much attention to the video input at first, but after using it for work and at home it difficult to trust. the difference became clearer after a few more days. this is the part that makes me regret the purchase.",negative,negative,0.9928841590881348,True,television,television,0.9996488094329834,True,limited,0,0,0,0,long,0,0,attention,,,,
prediction_record,20260818T204035Z_github-32183473018,0,incoming,,,,,,,,,13903,"When someone else in the house used it, I noticed that the fingerprint reader on this new phone has not changed my opinion much. the behavior persisted across several attempts. There is no major crap to complain about here. 🙂",neutral,neutral,0.9998488426208496,True,smartphone,smartphone,0.999562680721283,True,advanced,1,1,0,0,long,0,1,noticed,,,,
prediction_record,20260818T204035Z_github-32183473018,0,incoming,,,,,,,,,13904,"after coming back to it after a few days, the wireless connection holds up better than expected. i noticed the change only in the new situation.",positive,positive,0.9989670515060425,True,television,refrigerator,0.44344696402549744,False,informal,0,0,0,0,medium,0,0,context_component,,,,
prediction_record,20260818T204035Z_github-32183473018,0,incoming,,,,,,,,,13905,"From a practical reliability standpoint, the apps is what stood out during a heavier-than-usual day; it has been a disappointment. this was different from my first impression. I would hesitate to buy it again. This shit should not be happening in normal use.",negative,negative,0.9999788999557495,True,smartphone,television,0.9996254444122314,False,technical,1,0,0,0,long,0,1,stood_out,,,,
prediction_record,20260818T204035Z_github-32183473018,0,incoming,,,,,,,,,13906,"I did not pay much attention to the thermostat at first, but during a heavier-than-usual day it feels ordinary after more use. I tried the same thing again later and got a similar result.",neutral,neutral,0.996705949306488,True,refrigerator,refrigerator,0.5945850610733032,True,standard,0,0,0,0,long,0,0,attention,,,,
prediction_record,20260818T204035Z_github-32183473018,0,incoming,,,,,,,,,13907,"Outside my normal routine, the picture quailty feels ordinary after more use. The damn thing is basically fine.",neutral,neutral,0.9993731379508972,True,television,washing_machine,0.8667138814926147,False,advanced,1,0,1,0,medium,0,0,context_component,,,,
prediction_record,20260818T204035Z_github-32183473018,0,incoming,,,,,,,,,13908,"From a practical reliability standpoint, real talk, i did not pay much attention to the door latch at first, but outside my normal routine it keeps getting in the way. this was different from my first impression. This shit should not be happening in normal use.",negative,negative,0.9999878406524658,True,washing_machine,refrigerator,0.9918409585952759,False,technical,1,0,0,1,long,0,0,attention,,,,
prediction_record,20260818T204035Z_github-32183473018,0,incoming,,,,,,,,,13909,the built-in audio is what stood out after a few weeks of mixed use; it remains basically average. someone else in house noticed it too.,neutral,neutral,0.9967455863952637,True,television,refrigerator,0.5924555659294128,False,limited,0,0,0,0,medium,0,0,stood_out,,,,
prediction_record,20260818T204035Z_github-32183473018,0,incoming,,,,,,,,,13910,"I have been useing this work phone after taking it on a trip, and the earpiece is acceptable but unremarkable. someone else in the house noticed it too. I would neither recommend it nor warn people away.",neutral,neutral,0.9999170303344727,True,smartphone,smartphone,0.999607503414154,True,advanced,0,0,1,0,long,0,0,context_component,,,,
prediction_record,20260818T204035Z_github-32183473018,0,incoming,,,,,,,,,13911,"real talk, the earpiece is what tsood out after coming back to it after a few days; it is neither impressive nor bad. i noticed the change only in the new situation. there is not much else to say.",neutral,neutral,0.9999420642852783,True,smartphone,refrigerator,0.9967424273490906,False,informal,0,0,1,1,long,0,1,context_component,,,,
prediction_record,20260818T204035Z_github-32183473018,0,incoming,,,,,,,,,13912,"lowkey, i did not pay much attention to the USB port at first, but outside my normal routine it fails in routine use. the behavior persisted acrsos several attempts. I am tired of this crap.",negative,negative,0.9999759197235107,True,smartphone,smartphone,0.9995160102844238,True,advanced,1,0,1,1,long,0,0,attention,,,,
prediction_record,20260818T204035Z_github-32183473018,0,incoming,,,,,,,,,13913,"I did not pay much attention to the soap tray at first, but after changing a few settings it continues to work without drama. I noticed the change only in the new situation. No bullshit, this has been one of the better parts of the product. Honestly 🙃",positive,positive,0.9997166991233826,True,washing_machine,refrigerator,0.4892321825027466,False,standard,1,1,0,0,long,0,0,attention,,,,
prediction_record,20260818T204035Z_github-32183473018,0,incoming,,,,,,,,,13914,"not gonna lie, the wireless connection is what stood out after a few weeks of mixed use; it has not given me trouble. this was diferent from my first impression.",positive,negative,0.9988799691200256,False,television,refrigerator,0.7967073321342468,False,standard,0,0,1,1,medium,0,0,stood_out,,,,
prediction_record,20260818T204035Z_github-32183473018,0,incoming,,,,,,,,,13915,"tbh, after taking it on a trip, the door latch neither impressive nor bad. the behavior persisted across several atetmpts.",neutral,neutral,0.9963507652282715,True,washing_machine,refrigerator,0.7197985053062439,False,limited,0,0,1,1,medium,0,0,context_component,,,,
prediction_record,20260818T204035Z_github-32183473018,0,incoming,,,,,,,,,13916,The yccle controls is what stood out after a few weeks of mixed use; it works well even outside my usual routine. this was different from my first impression. I plan to keep using it.,positive,positive,0.9996460676193237,True,washing_machine,washing_machine,0.9987164735794067,True,standard,0,0,1,0,long,0,0,stood_out,,,,
prediction_record,20260818T204035Z_github-32183473018,0,incoming,,,,,,,,,13917,"i did not pay much attention to the door latch at first, but after using it for work and at home it keeps acting up. i repeated the check before writing this. i am already looking at alternatives. the soap tray tells a different story because it still performs consistently.",negative,negative,0.9995922446250916,True,washing_machine,washing_machine,0.8613906502723694,True,informal,0,0,0,0,long,1,1,attention,,,,
prediction_record,20260818T204035Z_github-32183473018,0,incoming,,,,,,,,,13918,"i did not pay much attention to the rinse program at first, but after taking it on a trip it works well even outside my usual routine. this was diferent from my first impression. i would buy it again. damn, i did not expect this part to be this solid.",positive,positive,0.9998824596405029,True,washing_machine,washing_machine,0.39078378677368164,True,informal,1,0,1,0,long,0,1,attention,,,,
prediction_record,20260818T204035Z_github-32183473018,0,incoming,,,,,,,,,13919,"after changing a few settings, the thermostat continues to work without drama. it has earned my confidence. that said, the ice system remains basically average, so the experience is not completely one-sided.",positive,positive,0.9993706345558167,True,refrigerator,washing_machine,0.9968440532684326,False,informal,0,0,0,0,medium,1,0,context_component,,,,
prediction_record,20260818T204035Z_github-32183473018,0,incoming,,,,,,,,,13920,"honestly tho, i did not pay much attention to the cooling motor at first, but aftre taking it on a trip it is neither impressive nor bad. I repeated the check before writing this. I owuld neither recommend it nor warn people away.",neutral,neutral,0.9999566078186035,True,refrigerator,refrigerator,0.9981359243392944,True,advanced,0,0,1,1,long,0,0,attention,,,,
prediction_record,20260818T204035Z_github-32183473018,0,incoming,,,,,,,,,13921,"tbh, the ice system is what stood out after taking it on a trip; it still performs consistently.",positive,positive,0.9968301653862,True,refrigerator,television,0.9994257688522339,False,standard,0,0,0,1,medium,0,1,stood_out,,,,
prediction_record,20260818T204035Z_github-32183473018,0,incoming,,,,,,,,,13922,My main impression of this living room display comes from the panel lighting: it has become increasingly unreliable after changing a few settings. not great tbh. 🤔,negative,negative,0.9998961687088013,True,television,television,0.9996992349624634,True,standard,0,1,0,1,medium,0,0,main_impression,,,,
prediction_record,20260818T204035Z_github-32183473018,0,incoming,,,,,,,,,13923,"From a practical reliability standpoint, honestly tho, i did not pay much attention to the cooling motor at first, but outside my normal rouitne it continues to work without drama. I noticed the cahnge only in the new situation. No bullshit, this has been one of the better parts of the product.",positive,positive,0.9995856881141663,True,refrigerator,refrigerator,0.9922577738761902,True,technical,1,0,1,1,long,0,0,attention,,,,
prediction_record,20260818T204035Z_github-32183473018,0,incoming,,,,,,,,,13924,"Under ordinary operating conditions, i have been using this clothes washer after a few weeks of mixed use, and the cycle controls still performs consistently. I tried the same thing again later and got a similar result. overall I am happy with it.",positive,positive,0.9998332262039185,True,washing_machine,washing_machine,0.9996247291564941,True,technical,0,0,0,0,long,0,0,using,,,,
prediction_record,20260818T204035Z_github-32183473018,0,incoming,,,,,,,,,13925,"Under a representative operating profile, after taking it on a trip, the picture quailty remains basically average. I can live with it. 😬",neutral,neutral,0.9995155334472656,True,television,washing_machine,0.6118874549865723,False,technical,0,1,1,0,medium,0,0,context_component,,,,
prediction_record,20260818T204035Z_github-32183473018,0,incoming,,,,,,,,,13926,My main impression of this main fridge comes from the inside lighting: it keeps actnig up after coming back to it after a few days. I noticed the change only in the new situation. I am already looking at alternatives. This is damn annoying. Honestly 🔥,negative,negative,0.9999862909317017,True,refrigerator,refrigerator,0.9973101615905762,True,standard,1,1,1,0,long,0,1,main_impression,,,,
prediction_record,20260818T204035Z_github-32183473018,0,incoming,,,,,,,,,13927,"honestly tho, after useing it for work and at home, the controller remains basically average. the difference became clearer after a few more days.",neutral,neutral,0.9998468160629272,True,television,washing_machine,0.37837496399879456,False,informal,0,0,1,1,medium,0,0,context_component,,,,
prediction_record,20260818T204035Z_github-32183473018,0,incoming,,,,,,,,,13928,"Under ordinary operating conditions, i did not pay much attention to the sports motion at first, but outside my normal routine it has become increasingly unreliable.",negative,negative,0.9904436469078064,True,television,television,0.999582827091217,True,technical,0,0,0,0,medium,0,0,attention,,,,
prediction_record,20260818T204035Z_github-32183473018,0,incoming,,,,,,,,,13929,"I have been using this pocket device after coming back to it after a few days, and the USB port is neither impressive nor bad. this was different from my first impression. On the other hand, the battery life fails in routine use, which makes the on balance picture more mixed.",neutral,neutral,0.9998977184295654,True,smartphone,smartphone,0.999591052532196,True,advanced,0,0,0,0,long,1,0,using,,,,
prediction_record,20260818T204035Z_github-32183473018,0,incoming,,,,,,,,,13930,"After taking it on a trip, I noticed that the network reception on this new phone works well even outside my usual routine. I repeated the check before writing this.",positive,positive,0.9900776147842407,True,smartphone,smartphone,0.999552309513092,True,standard,0,0,0,0,medium,0,0,noticed,,,,
prediction_record,20260818T204035Z_github-32183473018,0,incoming,,,,,,,,,13931,The cycle controls is what stood out after taking it on a trip; it is acceptable but unremarkable.,neutral,neutral,0.8758385181427002,True,washing_machine,washing_machine,0.9945665597915649,True,advanced,0,0,0,0,medium,0,0,stood_out,,,,
prediction_record,20260818T204035Z_github-32183473018,0,incoming,,,,,,,,,13932,"After a few weeks of mixed use, the controller is difficult to trust.",negative,negative,0.6037747859954834,True,television,washing_machine,0.8076131939888,False,standard,0,0,0,0,short,0,0,context_component,,,,
prediction_record,20260818T204035Z_github-32183473018,0,incoming,,,,,,,,,13933,the cycle controls is what stood out when someone else in the used it; it is neither impressive nor bad. the rinse tells a diferent story because it holds up better than expected.,neutral,neutral,0.9994081258773804,True,washing_machine,washing_machine,0.9978623986244202,True,limited,0,0,1,0,medium,1,1,stood_out,,,,
prediction_record,20260818T204035Z_github-32183473018,0,incoming,,,,,,,,,13934,"From a practical reliability standpoint, the vibration is what stood out after coming back to it after a few days; it keeps getting in the way.",negative,negative,0.9944204688072205,True,washing_machine,refrigerator,0.5661024451255798,False,technical,0,0,0,0,medium,0,0,stood_out,,,,
prediction_record,20260818T204035Z_github-32183473018,0,incoming,,,,,,,,,13935,"real talk, aftre changing a few settings, the spin has been a pleasant surprise. i repeated the check writing this.",positive,positive,0.5064902901649475,True,washing_machine,washing_machine,0.8930719494819641,True,limited,0,0,1,1,medium,0,0,context_component,,,,
prediction_record,20260818T204035Z_github-32183473018,0,incoming,,,,,,,,,13936,My main impression of this laundry unit comes from the door latch: it remains basically average outside my normal ruotine.,neutral,neutral,0.9974115490913391,True,washing_machine,washing_machine,0.6836652159690857,True,standard,0,0,1,0,medium,0,1,main_impression,,,,
prediction_record,20260818T204035Z_github-32183473018,0,incoming,,,,,,,,,13937,the sports motion is what stood out during a heavier-than-usual day; it has become increasingly unreliable. i noticed the change only in the new situation. i am considering a replacement.,negative,negative,0.9999833106994629,True,television,television,0.9996713399887085,True,informal,0,0,0,0,medium,0,0,stood_out,,,,
prediction_record,20260818T204035Z_github-32183473018,0,incoming,,,,,,,,,13938,"lowkey, when someone else in the house used it, the network reception feels dependable in daily use. someone else in the house noticed it too.",positive,negative,0.9850298762321472,False,smartphone,smartphone,0.9995478987693787,True,advanced,0,0,0,1,medium,0,0,context_component,,,,
prediction_record,20260818T204035Z_github-32183473018,0,incoming,,,,,,,,,13939,"after changing a few settings, i that the fill valve on this new washer has become increasingly unreliable. i repeated the check before writing this. 👍",negative,negative,0.9998130202293396,True,washing_machine,smartphone,0.31294453144073486,False,limited,0,1,0,0,medium,0,0,context_component,,,,
prediction_record,20260818T204035Z_github-32183473018,0,incoming,,,,,,,,,13940,the apps is what stood out outside my normal routine; it feels ordinary after more use. the difference became clearer after a few more days. i don't feel strongly either way.,neutral,neutral,0.9999189376831055,True,smartphone,television,0.9996100068092346,False,informal,0,0,0,0,medium,0,0,stood_out,,,,
prediction_record,20260818T204035Z_github-32183473018,0,incoming,,,,,,,,,13941,"ngl, during a heavier-than-usual day, the video input has not changed my opinion much.",neutral,negative,0.8108735084533691,False,television,television,0.5575598478317261,True,advanced,0,0,0,1,medium,0,0,context_component,,,,
prediction_record,20260818T204035Z_github-32183473018,0,incoming,,,,,,,,,13942,The touch panel is what stood out after using it for work and at home; it remains basically average. the behavior persisted across several attempts. my opinion is still basically in the middle.,neutral,neutral,0.9999324083328247,True,smartphone,washing_machine,0.9995393753051758,False,standard,0,0,0,0,medium,0,0,stood_out,,,,
prediction_record,20260818T204035Z_github-32183473018,0,incoming,,,,,,,,,13943,"Under a representative operating profile, after changing a few settings, the compressor fan works well even outside my usual routine. for real.",positive,positive,0.9673026204109192,True,refrigerator,refrigerator,0.9951096177101135,True,technical,0,0,0,1,medium,0,0,context_component,,,,
prediction_record,20260818T204035Z_github-32183473018,0,incoming,,,,,,,,,13944,"after changing a few settings, i noticed that the rinse program on this clothes washer has been a pleasant surprise. a second check gave me the same result. i have stopped worrying about this part of the proudct.",positive,positive,0.9980765581130981,True,washing_machine,washing_machine,0.9452589750289917,True,limited,0,0,1,0,long,0,0,noticed,,,,
prediction_record,20260818T204035Z_github-32183473018,0,incoming,,,,,,,,,13945,"i have been using this new phone after usnig it for work and at home, and the call breaks down when conditions change. i tried the same thing again later and got a similar result. i am considering a replacement.",negative,neutral,0.9982624650001526,False,smartphone,smartphone,0.9996199607849121,True,limited,0,0,1,0,long,0,0,using,,,,
prediction_record,20260818T204035Z_github-32183473018,0,incoming,,,,,,,,,13946,"During a heavier-than-usual day, I noticed that the gaskte on this refrigeration unit is acceptable but unremarkable.",neutral,neutral,0.6359326839447021,True,refrigerator,refrigerator,0.37815260887145996,True,standard,0,0,1,0,medium,0,0,noticed,,,,
prediction_record,20260818T204035Z_github-32183473018,0,incoming,,,,,,,,,13947,"real talk, i did not pay much attention to the call quality at first, but after taking it on a trip it is acceptable but unremarkable. the behavior persisted across several attempts. I can live with it.",neutral,neutral,0.9953357577323914,True,smartphone,refrigerator,0.9494172930717468,False,advanced,0,0,0,1,long,0,1,attention,,,,
prediction_record,20260818T204035Z_github-32183473018,0,incoming,,,,,,,,,13948,"Under ordinary operating conditions, after a few weeks of mixed use, I noticed that the built-in audio on this video panel breaks down when conditoins change. the behavior persisted across several attempts. I am already looking at alternatives.",negative,negative,0.9998661279678345,True,television,washing_machine,0.8467097878456116,False,technical,0,0,1,0,long,0,0,noticed,,,,
prediction_record,20260818T204035Z_github-32183473018,0,incoming,,,,,,,,,13949,The controller is what stood out after taking it on a trip; it continues to work without drama. I tried the same thing again later and got a similar result.,positive,neutral,0.7711434364318848,False,television,refrigerator,0.8685051202774048,False,standard,0,0,0,0,medium,0,0,stood_out,,,,
prediction_record,20260818T204035Z_github-32183473018,0,incoming,,,,,,,,,13950,"i have been using this cell phone after taking it on a trip, and the battery life does the job. someone else in the house noticed it too. honestly, the damn thing is just average.",neutral,neutral,0.9999443292617798,True,smartphone,smartphone,0.9996300935745239,True,informal,1,0,0,0,long,0,0,using,,,,
prediction_record,20260818T204035Z_github-32183473018,0,incoming,,,,,,,,,13951,i did not pay much attention to the freezer compartment at but during a heavier-than-usual day it is neither impressive nor bad. this was different from my first impression. 👍,neutral,neutral,0.9388455748558044,True,refrigerator,refrigerator,0.9981877207756042,True,limited,0,1,0,0,medium,0,0,attention,,,,
prediction_record,20260818T204035Z_github-32183473018,0,incoming,,,,,,,,,13952,"Under a representative operating profile, i have been using this kitchen fridge after changing a few settings, and the freezer compartment has not changed my opinion much. I repeated the check before writing this. It is not amazing, but it is not bullshit either.",neutral,neutral,0.9998694658279419,True,refrigerator,refrigerator,0.9985289573669434,True,technical,1,0,0,0,long,0,0,using,,,,
prediction_record,20260818T204035Z_github-32183473018,0,incoming,,,,,,,,,13953,"I did not pay much attention to the battery life at first, but after using it for work and at home it still performs consistently. I tried the same thing again later and got a similar result. for my use case, this is a keeper. The network reception tells a different story because it works normally. pretty solid ngl.",positive,positive,0.9998465776443481,True,smartphone,smartphone,0.9996092915534973,True,standard,0,0,0,1,long,1,0,attention,,,,
prediction_record,20260818T204035Z_github-32183473018,0,incoming,,,,,,,,,13954,"lowkey, the rear camera is what stood out after taking it on a trip; it works normally. I treid the same thing again later and got a similar result. I do not feel strongly either way. That said, the earpiece fails in routine use, so the experience is not completely oen-sided.",neutral,neutral,0.9998557567596436,True,smartphone,smartphone,0.9996317625045776,True,advanced,0,0,1,1,long,1,1,stood_out,,,,
prediction_record,20260818T204035Z_github-32183473018,0,incoming,,,,,,,,,13955,"ngl, the earpiece is what stood out after changing a few settings; it feels ordinary after more use.",neutral,neutral,0.9539769887924194,True,smartphone,refrigerator,0.7987667918205261,False,advanced,0,0,0,1,medium,0,0,stood_out,,,,
prediction_record,20260818T204035Z_github-32183473018,0,incoming,,,,,,,,,13956,"Under ordinary operating conditions, the rinse program is what stood out after changing a few settings; it keeps acting up. this was diferent from my first impression. I would hesitate to buy it again.",negative,negative,0.9999039173126221,True,washing_machine,washing_machine,0.4532519578933716,True,technical,0,0,1,0,long,0,0,stood_out,,,,
prediction_record,20260818T204035Z_github-32183473018,0,incoming,,,,,,,,,13957,"When someone else in the house used it, the spin program breaks down when conditions change. I noticed the change only in the new situation. The damn thing keeps getting in the way.",negative,negative,0.9997771382331848,True,washing_machine,washing_machine,0.5519227981567383,True,advanced,1,0,0,0,medium,0,1,context_component,,,,
prediction_record,20260818T204035Z_github-32183473018,0,incoming,,,,,,,,,13958,"Under a representative operating profile, i have been using this cell phone after changing a few settings, and the touch panel keeps acting up. I repeated the check before writing this.",negative,negative,0.9663215279579163,True,smartphone,smartphone,0.9995343685150146,True,technical,0,0,0,0,medium,0,0,using,,,,
prediction_record,20260818T204035Z_github-32183473018,0,incoming,,,,,,,,,13959,"Under ordinary operating conditions, i did not pay much attention to the apps at first, but afetr changing a few settings it works normally. the behavior persisted across several attempts. I would neither recommend it nor warn peolpe away. That said, the fingerprint reader has been a pleasant surprise, so the experience is not completely one-sided. 😅",neutral,neutral,0.9998636245727539,True,smartphone,television,0.9996846914291382,False,technical,0,1,1,0,long,1,0,attention,,,,
prediction_record,20260818T204035Z_github-32183473018,0,incoming,,,,,,,,,13960,"i did not pay much attention to the fill valve first, but after taking it on a trip it remains basically average. i tried the same thing again later and got a similar result. it is for now. 👎",neutral,neutral,0.9999270439147949,True,washing_machine,refrigerator,0.783180296421051,False,limited,0,1,0,0,long,0,1,attention,,,,
prediction_record,20260818T204035Z_github-32183473018,0,incoming,,,,,,,,,13961,"real talk, i have been using this bedroom tv after coming back to it after a few days, and the picture quality holds up better than expected. the behavior persisted across several attempts. Honestly 🙃",positive,positive,0.997954249382019,True,television,television,0.9997128844261169,True,informal,0,1,0,1,long,0,0,using,,,,
prediction_record,20260818T204035Z_github-32183473018,0,incoming,,,,,,,,,13962,"From a practical reliability standpoint, my main impression of this amchine comes from the soap tray: it does the job outside my normal routine. the behavior persisted across several attempts. I do not feel strongly either way. It is not amaznig, but it is not bullshit either.",neutral,neutral,0.9999587535858154,True,washing_machine,smartphone,0.6491830348968506,False,technical,1,0,1,0,long,0,0,main_impression,,,,
prediction_record,20260818T204035Z_github-32183473018,0,incoming,,,,,,,,,13963,"During a heavier-than-usual day, the vibration has not given me trouble. the behavior persisted across several attempts.",positive,negative,0.9948391318321228,False,washing_machine,refrigerator,0.5648929476737976,False,standard,0,0,0,0,medium,0,1,context_component,,,,
prediction_record,20260818T204035Z_github-32183473018,0,incoming,,,,,,,,,13964,"tbh, after using it for work and at home, I noticed that the built-in audio on this television set feels dependable in daily use. a second check gave me the same result. for my use case, this is a keeper. That said, the video input fails in routine use, so the experience is not completely one-sided.",positive,neutral,0.9995856881141663,False,television,washing_machine,0.9996508359909058,False,advanced,0,0,0,1,long,1,1,noticed,,,,
prediction_record,20260818T204035Z_github-32183473018,0,incoming,,,,,,,,,13965,"During a heavier-than-usual day, the panel lighting continues to work without drama. I repeated the check before writing this. I have stopped worrying about this part of the product. On the other hand, the controller feels ordinary after more use, which makes the overall picture more mixed. Honestly 🙃",positive,positive,0.9997866749763489,True,television,washing_machine,0.9969094395637512,False,standard,0,1,0,0,long,1,0,context_component,,,,
prediction_record,20260818T204035Z_github-32183473018,0,incoming,,,,,,,,,13966,"Outside my normal routine, the compressor fan has not given me trouble. I noticed the change only in the new situation. I have stopped worrying about this part of the product.",positive,negative,0.998887836933136,False,refrigerator,refrigerator,0.9972303509712219,True,advanced,0,0,0,0,medium,0,0,context_component,,,,
prediction_record,20260818T204035Z_github-32183473018,0,incoming,,,,,,,,,13967,"real talk, outside my normal routine, the sports motion fails in routine use. I tried the same thing again later and got a similar result. 😅",negative,negative,0.9999516010284424,True,television,television,0.9996581077575684,True,advanced,0,1,0,1,medium,0,0,context_component,,,,
prediction_record,20260818T204035Z_github-32183473018,0,incoming,,,,,,,,,13968,the usb port is what stood out after coming back to it after a few days; it is difficult to trust. the behavior persisted across several attempts. Honestly 😬,negative,neutral,0.8264026045799255,False,smartphone,smartphone,0.9996849298477173,True,informal,0,1,0,0,medium,0,1,stood_out,,,,
prediction_record,20260818T204035Z_github-32183473018,0,incoming,,,,,,,,,13969,"honestly tho, the vibration is what stood out when someone else in the house used it; it still performs consistently. someone else in the house noticed it too.",positive,positive,0.9994910955429077,True,washing_machine,refrigerator,0.9888100028038025,False,advanced,0,0,0,1,medium,0,0,stood_out,,,,
prediction_record,20260818T204035Z_github-32183473018,0,incoming,,,,,,,,,13970,"i have been useing this wash unit outside my normal routine, and the soap tray fails in normal use. a second check gave me the same result. i would not rely on it.",negative,negative,0.9999769926071167,True,washing_machine,refrigerator,0.7440905570983887,False,informal,0,0,1,0,medium,0,0,context_component,,,,
prediction_record,20260818T204035Z_github-32183473018,0,incoming,,,,,,,,,13971,"i did not pay much attention to the earpiece at first, but after taking it on a trip it is difficult to trust. i repeated the check before writing this.",negative,neutral,0.5431355237960815,False,smartphone,refrigerator,0.683584451675415,False,informal,0,0,0,0,medium,0,0,attention,,,,
prediction_record,20260818T204035Z_github-32183473018,0,incoming,,,,,,,,,13972,my main impression of this new phone ocmes from the apps: it down when conditions change after coming back to it after a few days. 😐,negative,negative,0.9333010911941528,True,smartphone,smartphone,0.9995760321617126,True,limited,0,1,1,0,medium,0,0,main_impression,,,,
prediction_record,20260818T204035Z_github-32183473018,0,incoming,,,,,,,,,13973,My main impression of this front-loading washer comes from the door latch: it has been a pleasant surprise after using it for work and at home. someone else in the house noticed it too. I have stopped worrying about this part of the product.,positive,positive,0.9758220911026001,True,washing_machine,washing_machine,0.9994463324546814,True,advanced,0,0,0,0,long,0,0,main_impression,,,,
prediction_record,20260818T204035Z_github-32183473018,0,incoming,,,,,,,,,13974,"Under a representative operating profile, the spin program is what stood out during a heavier-than-usual day; it holds up better than expected. it has earned my confidence.",positive,positive,0.999816358089447,True,washing_machine,washing_machine,0.9902269840240479,True,technical,0,0,0,0,medium,0,1,stood_out,,,,
prediction_record,20260818T204035Z_github-32183473018,0,incoming,,,,,,,,,13975,"I have been using this new washer during a heavier-than-usual day, and the drainage motor does the job. I repeated the check before writing this. I would neither recommend it nor warn people away. It is not amazing, but it is not bullshit either.",neutral,neutral,0.9999607801437378,True,washing_machine,washing_machine,0.9657577872276306,True,advanced,1,0,0,0,long,0,0,using,,,,
prediction_record,20260818T204035Z_github-32183473018,0,incoming,,,,,,,,,13976,"the compressor fan is what stood out after coming back it after a few days; it has stayed dependable. that said, the gasket is difficult to trust, so the experience is not completely one-sided.",positive,negative,0.9935723543167114,False,refrigerator,refrigerator,0.9987926483154297,True,limited,0,0,0,0,long,1,0,stood_out,,,,
prediction_record,20260818T204035Z_github-32183473018,0,incoming,,,,,,,,,13977,"my main impression of this screen unit comes from the wireless conection: it has not changed my opinion much after coming back to it after a few days. the difference became clearer after a few more days. on the toher hand, the built-in audio breaks down when conditions change, which makes the overall picture more mixed.",neutral,negative,0.9999772310256958,False,television,television,0.9996734857559204,True,informal,0,0,1,0,long,1,1,main_impression,,,,
prediction_record,20260818T204035Z_github-32183473018,0,incoming,,,,,,,,,13978,my main impression of this bedroom tv comes from the controller: it has become increasingly unreliable after coming back to it after a few days. the behavior persisted across several attempts.,negative,negative,0.9999611377716064,True,television,television,0.9996423721313477,True,informal,0,0,0,0,medium,0,0,main_impression,,,,
prediction_record,20260818T204035Z_github-32183473018,0,incoming,,,,,,,,,13979,the rinse program is what stood out after changing a few settings; it has not changed my opinion much.,neutral,neutral,0.6717567443847656,True,washing_machine,washing_machine,0.993923008441925,True,limited,0,0,0,0,medium,0,0,stood_out,,,,
prediction_record,20260818T204035Z_github-32183473018,0,incoming,,,,,,,,,13980,The controller is what stood out outside my normal routine; it is neither impressive nor bad. 🤷,neutral,neutral,0.9867420792579651,True,television,refrigerator,0.6636889576911926,False,standard,0,1,0,0,medium,0,0,stood_out,,,,
prediction_record,20260818T204035Z_github-32183473018,0,incoming,,,,,,,,,13981,my main impression of this main fridge comes from the hself layout: it remains basically average after a few weeks of mixed use. a second check gave me the same result.,neutral,neutral,0.9998888969421387,True,refrigerator,refrigerator,0.9971591234207153,True,informal,0,0,1,0,medium,0,0,main_impression,,,,
prediction_record,20260818T204035Z_github-32183473018,0,incoming,,,,,,,,,13982,"I have been using this daily driver when someone else in the house used it, and the touch panel has been a disappointment. I noticed the change only in the new situation.",negative,negative,0.7901746034622192,True,smartphone,refrigerator,0.9979482293128967,False,standard,0,0,0,0,medium,0,0,using,,,,
prediction_record,20260818T204035Z_github-32183473018,0,incoming,,,,,,,,,13983,My main impression of this main fridge comes from the gasket: it keeps acting up after changing a few settings. a second check gave me the same result.,negative,negative,0.9992908239364624,True,refrigerator,refrigerator,0.9970009922981262,True,standard,0,0,0,0,medium,0,1,main_impression,,,,
prediction_record,20260818T204035Z_github-32183473018,0,incoming,,,,,,,,,13984,"From a practical reliability standpoint, ngl, outside my normal routine, I noticed that the sports motion on this video panel is neither impressive nor bad. someone else in the house noticed it too. The video input tells a different story because it has turned into a recurring problem.",neutral,neutral,0.9998809099197388,True,television,television,0.9996498823165894,True,technical,0,0,0,1,long,1,0,noticed,,,,
prediction_record,20260818T204035Z_github-32183473018,0,incoming,,,,,,,,,13985,"i did not much attention to the ice system at first, but when someone else in the house used it it has not changed my opinion much. the difference became clearer after a few more days.",neutral,negative,0.9280479550361633,False,refrigerator,television,0.9996176958084106,False,limited,0,0,0,0,long,0,0,context_component,,,,
prediction_record,20260818T204035Z_github-32183473018,0,incoming,,,,,,,,,13986,"I have been using this machine outside my normal routine, and the rinse program is neither impressive nor bad. the difference became clearer after a few more days.",neutral,neutral,0.9996225833892822,True,washing_machine,washing_machine,0.9973172545433044,True,advanced,0,0,0,0,medium,0,0,using,,,,
prediction_record,20260818T204035Z_github-32183473018,0,incoming,,,,,,,,,13987,"After a few weeks of mixed use, the soap tray feels dependable in daily use. the difference became clearer after a few more days.",positive,negative,0.8020305037498474,False,washing_machine,smartphone,0.4076208174228668,False,standard,0,0,0,0,medium,0,1,context_component,,,,
prediction_record,20260818T204035Z_github-32183473018,0,incoming,,,,,,,,,13988,i have been useing this kitchen fridge outside my normal and the freezer compartment keeps getting in the way. i the change only in the new situation. Honestly 😅,negative,negative,0.999829888343811,True,refrigerator,refrigerator,0.9987699389457703,True,limited,0,1,1,0,medium,0,0,context_component,,,,
prediction_record,20260818T204035Z_github-32183473018,0,incoming,,,,,,,,,13989,"after taikng it on a trip, the streaming menu breaks down when conditions change. someone else in the house noticed it too. i would not rely on it.",negative,negative,0.9993237257003784,True,television,television,0.999631404876709,True,informal,0,0,1,0,medium,0,0,context_component,,,,
prediction_record,20260818T204035Z_github-32183473018,0,incoming,,,,,,,,,13990,The built-in audio is what stood out outside my normal routine; it works normally. a second check gave me the same result. there is not much else to say.,neutral,neutral,0.9064484238624573,True,television,refrigerator,0.9462924599647522,False,standard,0,0,0,0,medium,0,0,stood_out,,,,
prediction_record,20260818T204035Z_github-32183473018,0,incoming,,,,,,,,,13991,"Outside my normal routine, I noticed that the USB port on this work phone works well even outside my usual routine. On the other hand, the call quality is fine for what it is, which makes the on balance picture more mixed.",positive,positive,0.5778166651725769,True,smartphone,smartphone,0.9995890259742737,True,advanced,0,0,0,0,long,1,1,noticed,,,,
prediction_record,20260818T204035Z_github-32183473018,0,incoming,,,,,,,,,13992,"Under a representative operating profile, my main impression of this laundry unit comes from the fill valve: it is neither impressive nor bad after changing a few settings.",neutral,neutral,0.9982871413230896,True,washing_machine,washing_machine,0.3693522810935974,True,technical,0,0,0,0,medium,0,0,main_impression,,,,
prediction_record,20260818T204035Z_github-32183473018,0,incoming,,,,,,,,,13993,"My main impression of this cell phone comes from the fingerprint reader: it has been a pleasant surprise outside my normal routine. the behavior persisted across several attempts. I would buy it again. No bullshit, this has been one of the better parts of the product.",positive,negative,0.9995771050453186,False,smartphone,smartphone,0.9995743632316589,True,standard,1,0,0,0,long,0,1,main_impression,,,,
prediction_record,20260818T204035Z_github-32183473018,0,incoming,,,,,,,,,13994,i have been using this front-loading washer outside my normal and the fill valve fails in normal use. i repeated the check before writing this. i would hesitate to buy it again.,negative,negative,0.9999477863311768,True,washing_machine,washing_machine,0.9995620846748352,True,limited,0,0,0,0,medium,0,0,using,,,,
prediction_record,20260818T204035Z_github-32183473018,0,incoming,,,,,,,,,13995,"imo, after coming back to it after a few days, the network reception is difficult to trust. this was different from my first impression. i am tired of this crap. Honestly 🙃",negative,negative,0.9999138116836548,True,smartphone,smartphone,0.9995330572128296,True,informal,1,1,0,1,medium,0,0,context_component,,,,
prediction_record,20260818T204035Z_github-32183473018,0,incoming,,,,,,,,,13996,"I have been using this new refrigerator when someone else in the house used it, and the gasket has stayed dependable. I repeatde the check before writing this. That said, the compressor fan feels ordinary after more use, so the experience is not completely one-sided.",positive,negative,0.9990099668502808,False,refrigerator,refrigerator,0.9988647699356079,True,advanced,0,0,1,0,long,1,0,using,,,,
prediction_record,20260818T204035Z_github-32183473018,0,incoming,,,,,,,,,13997,my main impression of this living room display comes from the streaming menu: it works normally when someone else in the house used it. someone else in the house noticed it too.,neutral,negative,0.9825548529624939,False,television,television,0.9996784925460815,True,informal,0,0,0,0,medium,0,0,main_impression,,,,
prediction_record,20260818T204035Z_github-32183473018,0,incoming,,,,,,,,,13998,"Across repeated observations, my main impression of this work phone comes from the earpiece: it keeps acting up during a heavier-than-usual day. this was different from my first impression. I am considering a replacement. This is damn annoying. Honestly 💀",negative,negative,0.9999880790710449,True,smartphone,smartphone,0.9995866417884827,True,technical,1,1,0,0,long,0,0,main_impression,,,,
prediction_record,20260818T204035Z_github-32183473018,0,incoming,,,,,,,,,13999,"Under a representative operating profile, i did not pay much attention to the spin program at first, but after taking it on a trip it is difficult to trust. On the other hand, the soap tray still performs consistently, which makes the overall picture more mixed.",negative,positive,0.9996161460876465,False,washing_machine,television,0.349368691444397,False,technical,0,0,0,0,long,1,0,attention,,,,
prediction_record,20260818T204035Z_github-32183473018,0,incoming,,,,,,,,,14000,"Outside my normal routine, I noticed that the call quality on this mobile keeps getting in the way. a second check gave me the same result. this is the part that makes me regret the purchase.",negative,negative,0.99998939037323,True,smartphone,smartphone,0.9996059536933899,True,advanced,0,0,0,0,long,0,0,noticed,,,,
prediction_record,20260818T204035Z_github-32183473018,0,incoming,,,,,,,,,14001,"I have been using this cell phone after using it for work and at home, and the earpiece has not given me trouble. someone else in the house noticed it too. No bullshit, this has been one of the better parts of the product.",positive,negative,0.9935216307640076,False,smartphone,smartphone,0.9995750784873962,True,standard,1,0,0,0,long,0,1,using,,,,
prediction_record,20260818T204035Z_github-32183473018,0,incoming,,,,,,,,,14002,"After coming back to it after a few days, the inside lighting breaks down when conditions change. the behavior persistde across several attempts.",negative,negative,0.8068609237670898,True,refrigerator,refrigerator,0.726341724395752,True,advanced,0,0,1,0,medium,0,0,context_component,,,,
prediction_record,20260818T204035Z_github-32183473018,0,incoming,,,,,,,,,14003,"The inside lighting is what stood out after changing a few settings; it breaks down when conditions change. the behavior persisted across several attempts. this needs to improve. On the other hand, the gasket continues to work without drama, which makes the overall picture more mixed.",negative,negative,0.9999697208404541,True,refrigerator,refrigerator,0.9966918230056763,True,standard,0,0,0,0,long,1,0,stood_out,,,,
prediction_record,20260818T204035Z_github-32183473018,0,incoming,,,,,,,,,14004,My main impression of this television set comes from the sports motion: it fails in normal use after a few weeks of mixed use. I tried the same thing again later and got a similar result.,negative,negative,0.9999779462814331,True,television,television,0.9996261596679688,True,standard,0,0,0,0,long,0,0,main_impression,,,,
prediction_record,20260818T204035Z_github-32183473018,0,incoming,,,,,,,,,14005,"I have been using this machine when someone else in the house used it, and the soap tray continues to work without drama. on balance I am happy with it. No bullshit, this has been one of the better parts of the product.",positive,positive,0.9998763799667358,True,washing_machine,smartphone,0.4331126809120178,False,advanced,1,0,0,0,long,0,0,using,,,,
prediction_record,20260818T204035Z_github-32183473018,0,incoming,,,,,,,,,14006,"When someone else in the house used it, I noticed that the door latch on this machine is neither impressive nor bad. I tried the same thing again later and got a similar result. That said, the cycle controls holds up better than expected, so the experience is not completely one-sided. Honestly, the damn thing is just average.",neutral,neutral,0.9999712705612183,True,washing_machine,refrigerator,0.9951137900352478,False,advanced,1,0,0,0,long,1,0,noticed,,,,
prediction_record,20260818T204035Z_github-32183473018,0,incoming,,,,,,,,,14007,"Under ordinary operating conditions, not gonna lie, the drainage motor is what stood out after using it for work and at home; it is fine for what it is. I noticed the change only in the new situation. 🤷",neutral,neutral,0.9998987913131714,True,washing_machine,refrigerator,0.9961262345314026,False,technical,0,1,0,1,long,0,0,stood_out,,,,
prediction_record,20260818T204035Z_github-32183473018,0,incoming,,,,,,,,,14008,"Under ordinary operating conditions, i have been using this kitchen fridge after using it for work and at home, and the gasket is acceptable but unremarkable. someone else in the house noticed it too.",neutral,neutral,0.9981385469436646,True,refrigerator,refrigerator,0.9978682994842529,True,technical,0,0,0,0,long,0,1,using,,,,
prediction_record,20260818T204035Z_github-32183473018,0,incoming,,,,,,,,,14009,the inside lighting is what stood out after a few weeks of mixed it is but unremarkable. the behavior persisted across several attempts.,neutral,neutral,0.9224253296852112,True,refrigerator,washing_machine,0.6423521637916565,False,limited,0,0,0,0,medium,0,0,stood_out,,,,
prediction_record,20260818T204035Z_github-32183473018,0,incoming,,,,,,,,,14010,"From a practical reliability standpoint, the wash drum is what stood out after coming back to it after a few days; it is difficult to trust. this was different from my first impression. Honestly 🤷",negative,negative,0.9894369840621948,True,washing_machine,washing_machine,0.9995881915092468,True,technical,0,1,0,0,long,0,0,stood_out,,,,
prediction_record,20260818T204035Z_github-32183473018,0,incoming,,,,,,,,,14011,"After coming back to it after a few days, I noticed that the fill valve on this laundry unit remains basically average. I can live with it. There is no major crap to complain about here.",neutral,neutral,0.9999524354934692,True,washing_machine,washing_machine,0.7554086446762085,True,advanced,1,0,0,0,long,0,1,noticed,,,,
prediction_record,20260818T204035Z_github-32183473018,0,incoming,,,,,,,,,14012,My main impression of this video panel comes from the streaming menu: it has been a disappointment after a few weeks of mixed use. someone else in the house noticed it too.,negative,negative,0.9931074976921082,True,television,television,0.9996767044067383,True,advanced,0,0,1,0,medium,0,1,main_impression,,,,
prediction_record,20260818T204035Z_github-32183473018,0,incoming,,,,,,,,,14013,my main of this screen unit comes from the video input: it has become increasingly unreliable during a heavier-than-usual day. i noticed the change only in the new situation. this is the part that me regret the purchase.,negative,negative,0.9999904632568359,True,television,television,0.9996480941772461,True,limited,0,0,0,0,long,0,0,context_component,,,,
prediction_record,20260818T204035Z_github-32183473018,0,incoming,,,,,,,,,14014,"The vibration is what stood out after taking it on a trip; it is acceptable but unremarkable. a second check gave me the same result. On the other hand, the door latch continues to work without drama, which makes the overall picture more mixed.",neutral,neutral,0.9997479319572449,True,washing_machine,refrigerator,0.9989088773727417,False,standard,0,0,0,0,long,1,1,stood_out,,,,
prediction_record,20260818T204035Z_github-32183473018,0,incoming,,,,,,,,,14015,The battery life is what stood out after coming back to it after a few days; it keeps acting up. This is damn annoying. idk.,negative,negative,0.998497724533081,True,smartphone,smartphone,0.999642014503479,True,standard,1,0,0,1,medium,0,1,stood_out,,,,
prediction_record,20260818T204035Z_github-32183473018,0,incoming,,,,,,,,,14016,"From a practical reliability standpoint, not gonna lie, i have been using this video panel outside my normal routine, and the wireless connection does the job. the behavior persisted across several attempts.",neutral,neutral,0.9719985723495483,True,television,washing_machine,0.9992176294326782,False,technical,0,0,0,1,medium,0,0,using,,,,
prediction_record,20260818T204035Z_github-32183473018,0,incoming,,,,,,,,,14017,"i have been using this mobile after a few weeks of mixed use, and the battery life still performs consistently. i repeated the check before writing this.",positive,positive,0.9995365142822266,True,smartphone,smartphone,0.9994688630104065,True,informal,0,0,0,0,medium,0,1,using,,,,
prediction_record,20260818T204035Z_github-32183473018,0,incoming,,,,,,,,,14018,"when someone else in the house used it, i noticed that the rinse program on this front-loading washer remains basically average. the behavior persisted across several i can live with it. is not amaznig, but it is not bullshit either.",neutral,neutral,0.9999566078186035,True,washing_machine,washing_machine,0.9996567964553833,True,limited,1,0,1,0,long,0,0,noticed,,,,
prediction_record,20260818T204035Z_github-32183473018,0,incoming,,,,,,,,,14019,"Under a representative operating profile, after using it for work and at home, I noticed that the picture quality on this screen unit still performs consistently. a second check gave me the same result.",positive,positive,0.9996356964111328,True,television,television,0.999541163444519,True,technical,0,0,0,0,long,0,1,noticed,,,,
prediction_record,20260818T204035Z_github-32183473018,0,incoming,,,,,,,,,14020,"My main impression of this cold-storage unit comes from the gasket: it feels dependable in daily use during a heavier-than-usual day. I repeated the check before writing this. Damn, I did not expect this part to be this solid.",positive,negative,0.9996938705444336,False,refrigerator,refrigerator,0.9978039860725403,True,advanced,1,0,0,0,long,0,1,main_impression,,,,
prediction_record,20260818T204035Z_github-32183473018,0,incoming,,,,,,,,,14021,"real talk, after a few weeks of mixed use, i noticed that the shelf layout on this food cooler has turned into a recurring problem. the behavior persisted across several attempts. this shit should not be happening in normal use.",negative,negative,0.9999514818191528,True,refrigerator,refrigerator,0.47643303871154785,True,informal,1,0,0,1,long,0,1,noticed,,,,
prediction_record,20260818T204035Z_github-32183473018,0,incoming,,,,,,,,,14022,"From a practical reliability standpoint, my main impression of this main fridge comes from the gasket: it holds up better than expected after a few weeks of mixed use. I noticed the change only in the new situation. I would buy it again.",positive,positive,0.9997757077217102,True,refrigerator,refrigerator,0.9925520420074463,True,technical,0,0,0,0,long,0,0,main_impression,,,,
prediction_record,20260818T204035Z_github-32183473018,0,incoming,,,,,,,,,14023,"i have been using this mobile after using it for work and at home, and the usb port has become increasingly unreliable. the difference became clearer after a few more days.",negative,negative,0.9989417195320129,True,smartphone,smartphone,0.9995762705802917,True,informal,0,0,0,0,medium,0,0,using,,,,
prediction_record,20260818T204035Z_github-32183473018,0,incoming,,,,,,,,,14024,"tbh, when someone else in the house used it, the wireless connection has been a disappointment. the difference became clearer after a few more days.",negative,negative,0.944976270198822,True,television,refrigerator,0.9810448288917542,False,standard,0,0,0,1,medium,0,1,context_component,,,,
prediction_record,20260818T204035Z_github-32183473018,0,incoming,,,,,,,,,14025,my main impression of this machine comes from the drainage motor: it is fine for what it is when someone else in house used it. i tried the same thing again later and got a similar result. there is not much else to say.,neutral,neutral,0.9999494552612305,True,washing_machine,refrigerator,0.9898974895477295,False,limited,0,0,0,0,long,0,0,main_impression,,,,
prediction_record,20260818T204035Z_github-32183473018,0,incoming,,,,,,,,,14026,"My main impression of this work phone comes from the call quality: it holds up better than expected after using it for work and at home. I noticed the change only in the new situation. for my use case, this is a keeper. 🤔",positive,positive,0.9998317956924438,True,smartphone,smartphone,0.9996620416641235,True,standard,0,1,0,0,long,0,1,main_impression,,,,
prediction_record,20260818T204035Z_github-32183473018,0,incoming,,,,,,,,,14027,"honestly tho, i did not pay much attention to the battery life at first, but after coming back to it after a few days it works well even outside my usual routine. the difference clearer after a few more days.",positive,positive,0.9693469405174255,True,smartphone,smartphone,0.999599277973175,True,limited,0,0,0,1,long,0,1,attention,,,,
prediction_record,20260818T204035Z_github-32183473018,0,incoming,,,,,,,,,14028,"real talk, using it for work and at home, the rinse program is difficult to trust. this was different from my first impression.",negative,neutral,0.5580151081085205,False,washing_machine,washing_machine,0.9880136251449585,True,limited,0,0,0,1,medium,0,0,context_component,,,,
prediction_record,20260818T204035Z_github-32183473018,0,incoming,,,,,,,,,14029,"After a few weeks of mixed use, I noticed that the apps on this mobile fails in routine use. the behavior persisted across several attempts.",negative,negative,0.999476969242096,True,smartphone,washing_machine,0.9993176460266113,False,advanced,0,0,0,0,medium,0,0,noticed,,,,
prediction_record,20260818T204035Z_github-32183473018,0,incoming,,,,,,,,,14030,"After taking it on a trip, the gasket continues to work without drama. someone else in the house noticed it too.",positive,negative,0.9106742143630981,False,refrigerator,refrigerator,0.8575748205184937,True,standard,0,0,0,0,medium,0,0,context_component,,,,
prediction_record,20260818T204035Z_github-32183473018,0,incoming,,,,,,,,,14031,"imo, the interface is what stood out during a heavier-than-usual day; it works normally. the difference became clearer after a few more days. there is not much else to say.",neutral,neutral,0.9741646647453308,True,television,smartphone,0.35476332902908325,False,standard,0,0,0,1,medium,0,1,stood_out,,,,
prediction_record,20260818T204035Z_github-32183473018,0,incoming,,,,,,,,,14032,"Across repeated observations, honestly tho, the ice system is what stood out after taking it on a trip; it is acceptable but unremarkable.",neutral,neutral,0.8719375133514404,True,refrigerator,television,0.9991855025291443,False,technical,0,0,0,1,medium,0,1,stood_out,,,,
prediction_record,20260818T204035Z_github-32183473018,0,incoming,,,,,,,,,14033,my main impression of this living room display comes from the controller: it feels ordinary after more use after taking it on a trip. i noticed the change only in the new situation. i would neither recommend it nor warn people away.,neutral,neutral,0.9999605417251587,True,television,television,0.9996546506881714,True,limited,0,0,0,0,long,0,0,main_impression,,,,
prediction_record,20260818T204035Z_github-32183473018,0,incoming,,,,,,,,,14034,"Under a representative operating profile, when someone else in the house used it, I noticed that the door warning on this kitchen fridge holds up better than expected. I repeated the check before writing this.",positive,positive,0.9991353154182434,True,refrigerator,refrigerator,0.9953246116638184,True,technical,0,0,0,0,long,0,0,noticed,,,,
prediction_record,20260818T204035Z_github-32183473018,0,incoming,,,,,,,,,14035,"After changing a few settings, the rear camera fails in normal use. the behavior persisted across several attempts.",negative,negative,0.9986327290534973,True,smartphone,smartphone,0.9992672801017761,True,standard,0,0,0,0,medium,0,1,context_component,,,,
prediction_record,20260818T204035Z_github-32183473018,0,incoming,,,,,,,,,14036,The rear camera is what stood out after coming back to it after a few days; it continues to work without drama. I have stopped worrying about this part of the product.,positive,positive,0.9991196990013123,True,smartphone,smartphone,0.9995728135108948,True,advanced,0,0,0,0,medium,0,1,stood_out,,,,
prediction_record,20260818T204035Z_github-32183473018,0,incoming,,,,,,,,,14037,the fingerrpint reader is stood out during a heavier-than-usual day; it keeps acting up.,negative,negative,0.9355503916740417,True,smartphone,refrigerator,0.36864620447158813,False,limited,0,0,1,0,medium,0,0,context_component,,,,
prediction_record,20260818T204035Z_github-32183473018,0,incoming,,,,,,,,,14038,"From a practical reliability standpoint, my main impression of this living room display comes from the video input: it has been a disappointment after a few weeks of mixed use. the difference became clearre after a few more days.",negative,negative,0.9329875707626343,True,television,television,0.9996404647827148,True,technical,0,0,1,0,long,0,1,main_impression,,,,
prediction_record,20260818T204035Z_github-32183473018,0,incoming,,,,,,,,,14039,"i did not pay much to the touch panel at first, but during a heavier-than-usual day it keeps acting up. a second check gave me the same result. this shit should not be happening in normal use.",negative,negative,0.9999840259552002,True,smartphone,washing_machine,0.999467670917511,False,limited,1,0,0,0,long,0,0,context_component,,,,
prediction_record,20260818T204035Z_github-32183473018,0,incoming,,,,,,,,,14040,"I have been using this main fridge after taking it on a trip, and the inside lighting has not changed my opinion much.",neutral,neutral,0.8300326466560364,True,refrigerator,refrigerator,0.9845176339149475,True,standard,0,0,0,0,medium,0,1,using,,,,
prediction_record,20260818T204035Z_github-32183473018,0,incoming,,,,,,,,,14041,"After using it for work and at home, I noticed that the vibration on this front-loading washer works normally. I tried the same thing again later and got a similar result.",neutral,neutral,0.9930342435836792,True,washing_machine,washing_machine,0.9991033673286438,True,advanced,0,0,0,0,medium,0,0,noticed,,,,
prediction_record,20260818T204035Z_github-32183473018,0,incoming,,,,,,,,,14042,"Under a representative operating profile, i did not pay much attention to the door latch at first, but during a heavier-than-usual day it is difficult to trust. this is the part that makes me regret the purchase. The damn thing keeps getting in the way. 🙃",negative,negative,0.9999817609786987,True,washing_machine,refrigerator,0.8300381302833557,False,technical,1,1,0,0,long,0,0,attention,,,,
prediction_record,20260818T204035Z_github-32183473018,0,incoming,,,,,,,,,14043,"Under a representative operating profile, i have been using this front-loading washer after a few weeks of mixed use, and the rinse program keeps acting up. I repeated the chcek before writing this.",negative,negative,0.9828152060508728,True,washing_machine,washing_machine,0.9995249509811401,True,technical,0,0,1,0,medium,0,0,using,,,,
prediction_record,20260818T204035Z_github-32183473018,0,incoming,,,,,,,,,14044,"From a practical reliability standpoint, after a few weeks of mixed use, I noticed that the built-in audio on this screen unit feels ordinary after more use. I repeated the check before writing this. my opinion is still basically in the middle. Honestly 😂",neutral,neutral,0.9995875954627991,True,television,television,0.9996219873428345,True,technical,0,1,0,0,long,0,1,noticed,,,,
prediction_record,20260818T204035Z_github-32183473018,0,incoming,,,,,,,,,14045,"I did not pay much attention to the yccle controls at first, but when someone else in the house used it it feels dependable in daily use. I repeated the check before writing this. 😂",positive,negative,0.6910786628723145,False,washing_machine,smartphone,0.635083794593811,False,standard,0,1,1,0,long,0,1,attention,,,,
prediction_record,20260818T204035Z_github-32183473018,0,incoming,,,,,,,,,14046,"I did not pay much attention to the drainage motor at first, but after using it for work and at home it still performs consistently. the difference became clearer after a few more days.",positive,positive,0.999537467956543,True,washing_machine,refrigerator,0.7249737977981567,False,advanced,0,0,0,0,long,0,1,attention,,,,
prediction_record,20260818T204035Z_github-32183473018,0,incoming,,,,,,,,,14047,"i did not pay much attention to the shelf layout at first, but after changing a few settings it is acceptable but unremarkable. the difference became clearer after a few more days. my opinion is still basically in the middle. Honestly 🤔",neutral,neutral,0.9998573064804077,True,refrigerator,refrigerator,0.9861716628074646,True,informal,0,1,0,0,long,0,1,attention,,,,
prediction_record,20260818T204035Z_github-32183473018,0,incoming,,,,,,,,,14048,"not gonna lie, outside my normal routine, i noticed that the fill valve on this front-loading washer is difficult to trust. i would hesitate to buy it again.",negative,negative,0.9987505674362183,True,washing_machine,washing_machine,0.9977050423622131,True,informal,0,0,0,1,medium,0,1,noticed,,,,
prediction_record,20260818T204035Z_github-32183473018,0,incoming,,,,,,,,,14049,"honestly tho, the earpiece is what stood out after changing a few settings; it does the this was different from my first impression.",neutral,neutral,0.8716520667076111,True,smartphone,refrigerator,0.6855471134185791,False,limited,0,0,0,1,medium,0,0,stood_out,,,,
prediction_record,20260818T204035Z_github-32183473018,0,incoming,,,,,,,,,14050,"I have been using this mobile after using it for work and at home, and the touch panel breaks down when conditions change. I noticed the change only in the new situation. this needs to improve.",negative,negative,0.5186567306518555,True,smartphone,refrigerator,0.9988961219787598,False,standard,0,0,0,0,long,0,0,using,,,,
prediction_record,20260818T204035Z_github-32183473018,0,incoming,,,,,,,,,14051,"afetr taking it on a trip, i noticed that the comprsesor fan on this kitchen fridge does the job. i noticed the change only in the new situation. i don't feel strongly either way. honestly, the damn thing is just average.",neutral,neutral,0.9999685287475586,True,refrigerator,refrigerator,0.9984855055809021,True,informal,1,0,1,0,long,0,0,noticed,,,,
prediction_record,20260818T204035Z_github-32183473018,0,incoming,,,,,,,,,14052,"i did not pay much attention to the wash drum at first, but after a few weeks of mixed use it holds up better than expected. i repeated the check before writing this. damn, i did not expect this part to be this solid.",positive,positive,0.9998869895935059,True,washing_machine,washing_machine,0.999576985836029,True,informal,1,0,0,0,long,0,1,attention,,,,
prediction_record,20260818T204035Z_github-32183473018,0,incoming,,,,,,,,,14053,My main impression of this pocket device comes from the network reception: it keeps acting up after using it for work and at home. the behavior persisted across several attempts.,negative,negative,0.9969989061355591,True,smartphone,smartphone,0.9995848536491394,True,standard,0,0,0,0,medium,0,0,main_impression,,,,
prediction_record,20260818T204035Z_github-32183473018,0,incoming,,,,,,,,,14054,"my main impression of cold-storage unit comes from the inside lighting: it has not given me trouble during a heavier-than-usual day. i repeated the check before writing this. for my use case, this is a keeper. 😂",positive,negative,0.9999552965164185,False,refrigerator,refrigerator,0.996635377407074,True,limited,0,1,0,0,long,0,0,context_component,,,,
prediction_record,20260818T204035Z_github-32183473018,0,incoming,,,,,,,,,14055,"Under a representative operating profile, lowkey, outside my normal routine, the compressor fan has not changed my opinion much. On the other hand, the inside lighting keeps getting in the way, which makes the overall picture more mixed.",neutral,negative,0.999962329864502,False,refrigerator,refrigerator,0.9990755319595337,True,technical,0,0,0,1,long,1,0,context_component,,,,
prediction_record,20260818T204035Z_github-32183473018,0,incoming,,,,,,,,,14056,the rinse program is what stood out after changing a few settings; it feels ordinary after more use. the diffeernce became after a few more days. lol.,neutral,neutral,0.9982378482818604,True,washing_machine,washing_machine,0.9954279661178589,True,limited,0,0,1,1,medium,0,1,stood_out,,,,
prediction_record,20260818T204035Z_github-32183473018,0,incoming,,,,,,,,,14057,"I did not pay much attention to the freezer compartment at first, but after taking it on a trip it has been a disappointment. I am already looking at alternatives.",negative,negative,0.9982355833053589,True,refrigerator,refrigerator,0.9980378746986389,True,advanced,0,0,0,0,medium,0,0,attention,,,,
prediction_record,20260818T204035Z_github-32183473018,0,incoming,,,,,,,,,14058,"i did not pay much attention to the video inupt at first, but when someone else in the house used it it is difficult to trust.",negative,neutral,0.5366582274436951,False,television,refrigerator,0.7497820258140564,False,informal,0,0,1,0,medium,0,0,attention,,,,
prediction_record,20260818T204035Z_github-32183473018,0,incoming,,,,,,,,,14059,my main impression of this clothes washer comes the wash drum: it keeps acting up after using it for work and at home. 🔥,negative,negative,0.9841912984848022,True,washing_machine,washing_machine,0.999505877494812,True,limited,0,1,0,0,medium,0,1,main_impression,,,,
prediction_record,20260818T204035Z_github-32183473018,0,incoming,,,,,,,,,14060,"my main impression of this living room display comes from the controller: it has not gievn me trouble outside my normal routine. the behavior persisted across several attempts. i would buy it again. damn, i did not expect this part to be this solid.",positive,negative,0.9999402761459351,False,television,television,0.9996339082717896,True,informal,1,0,1,0,long,0,0,main_impression,,,,
prediction_record,20260818T204035Z_github-32183473018,0,incoming,,,,,,,,,14061,"From a practical reliability standpoint, after coming back to it after a few days, the ice system still performs consistently. I tried the same thing again later and got a similar result. not great tbh.",positive,positive,0.9997017979621887,True,refrigerator,television,0.99950110912323,False,technical,0,0,0,1,long,0,0,context_component,,,,
prediction_record,20260818T204035Z_github-32183473018,0,incoming,,,,,,,,,14062,"I did not pay much attention to the apps at first, but after coming back to it after a few days it feels dependable in daily use. the behavior persisted across several attempts. Damn, I did not expect this part to be this solid. 💀",positive,negative,0.8086692690849304,False,smartphone,television,0.99964439868927,False,advanced,1,1,0,0,long,0,0,attention,,,,
prediction_record,20260818T204035Z_github-32183473018,0,incoming,,,,,,,,,14063,"From a practical reliability standpoint, my main impression of this refrigeration unit comes from the inside lighting: it fails in normal use when someone else in the house used it. this needs to improve.",negative,negative,0.9999850988388062,True,refrigerator,refrigerator,0.9900822043418884,True,technical,0,0,0,0,long,0,0,main_impression,,,,
prediction_record,20260818T204035Z_github-32183473018,0,incoming,,,,,,,,,14064,"lowkey, my main impression of this main fridge comes from the door warning: it keeps getting in the way after changing a few settings. this was different from my first impression. this neesd to improve.",negative,negative,0.9999867677688599,True,refrigerator,refrigerator,0.9987838864326477,True,standard,0,0,1,1,long,0,0,main_impression,,,,
prediction_record,20260818T204035Z_github-32183473018,0,incoming,,,,,,,,,14065,My main impression of this new phone comes from the apps: it has been a pleasant surprise outside my normal routine. the difference became clearer after a few more days. Honestly 😬,positive,negative,0.9830285310745239,False,smartphone,smartphone,0.9996820688247681,True,advanced,0,1,0,0,medium,0,1,main_impression,,,,
prediction_record,20260818T204035Z_github-32183473018,0,incoming,,,,,,,,,14066,"The door warning is what stood out after changing a few settings; it holds up better than expected. a second check gave me the same result. for my use case, this is a keeper. The damn thing surprised me in a good way.",positive,positive,0.9998434782028198,True,refrigerator,refrigerator,0.9697549343109131,True,standard,1,0,0,0,long,0,0,stood_out,,,,
prediction_record,20260818T204035Z_github-32183473018,0,incoming,,,,,,,,,14067,"outside my normal routine, the fingerprint reader fails in normal use. this was diferent from my first impression. this needs to improve. pretty solid ngl.",negative,negative,0.9999639987945557,True,smartphone,refrigerator,0.6101523637771606,False,limited,0,0,1,1,medium,0,0,context_component,,,,
prediction_record,20260818T204035Z_github-32183473018,0,incoming,,,,,,,,,14068,"After coming back to it after a few days, the picture quality has not given me trouble.",positive,negative,0.9657397866249084,False,television,refrigerator,0.39651620388031006,False,standard,0,0,0,0,medium,0,0,context_component,,,,
prediction_record,20260818T204035Z_github-32183473018,0,incoming,,,,,,,,,14069,"I did not pay much attention to the door latch at first, but during a heavier-than-usual day it breaks down when conditions change. someone else in the house noticed it too. I am considering a replacement.",negative,negative,0.999875545501709,True,washing_machine,refrigerator,0.8125720620155334,False,advanced,0,0,0,0,long,0,0,attention,,,,
prediction_record,20260818T204035Z_github-32183473018,0,incoming,,,,,,,,,14070,"my main impression of this laundry unit comes from the drainage motor: it still performs consistently after coming back to it after a few days. the difference became clearer after a few more days. on the other hand, the fill valve feels ordinary after more use, makes the overall picture more mixed. damn, i did not expect this part to be this solid.",positive,positive,0.9998979568481445,True,washing_machine,refrigerator,0.959045946598053,False,limited,1,0,0,0,long,1,0,main_impression,,,,
prediction_record,20260818T204035Z_github-32183473018,0,incoming,,,,,,,,,14071,"honestly tho, after coming back to it after a few days, i noticed that the network reception on this cell phone has been a pleasant surprise. the behavior persisted across several attempts.",positive,negative,0.9482073187828064,False,smartphone,smartphone,0.9995368719100952,True,informal,0,0,0,1,medium,0,0,noticed,,,,
prediction_record,20260818T204035Z_github-32183473018,0,incoming,,,,,,,,,14072,"I have been using this new refrigerator when someone else in the house used it, and the gasket is difficult to trust. I am considering a replacement.",negative,negative,0.993277370929718,True,refrigerator,refrigerator,0.9968430995941162,True,advanced,0,0,0,0,medium,0,1,using,,,,
prediction_record,20260818T204035Z_github-32183473018,0,incoming,,,,,,,,,14073,"Under ordinary operating conditions, my main impression of this screen unit comes from the streaming menu: it has not given me trouble outside my normal routine. this was different from my first impression.",positive,negative,0.9996639490127563,False,television,television,0.9996523857116699,True,technical,0,0,0,0,medium,0,1,main_impression,,,,
prediction_record,20260818T204035Z_github-32183473018,0,incoming,,,,,,,,,14074,"I have been using this TV set outside my normal routine, and the interface has been a pleasant surprise. the behavior persisted across several attempts.",positive,negative,0.644251823425293,False,television,television,0.9996366500854492,True,advanced,0,0,0,0,medium,0,0,using,,,,
prediction_record,20260818T204035Z_github-32183473018,0,incoming,,,,,,,,,14075,"After repeated use under comparable conditions, i did not pay much attention to the soap tray at first, but after a few weeks of mixed use it feels ordinary after more use. Honestly 🤔",neutral,neutral,0.9514853358268738,True,washing_machine,washing_machine,0.5315777659416199,True,technical,0,1,0,0,long,0,0,attention,,,,
prediction_record,20260818T204035Z_github-32183473018,0,incoming,,,,,,,,,14076,"honestly tho, my main impression of this screen unit comes from the controller: it keeps getting in the way after coming back to it after a few days. a second cehck gave me the same result.",negative,negative,0.9999749660491943,True,television,television,0.9996205568313599,True,standard,0,0,1,1,long,0,0,main_impression,,,,
prediction_record,20260818T204035Z_github-32183473018,0,incoming,,,,,,,,,14077,"real talk, i have been using this mobile outside my normal routine, and the USB port breaks down when conditions change. a second check gave me the same result. this needs to improve.",negative,negative,0.9943220615386963,True,smartphone,smartphone,0.9996391534805298,True,standard,0,0,0,1,medium,0,0,using,,,,
prediction_record,20260818T204035Z_github-32183473018,0,incoming,,,,,,,,,14078,"After using it for work and at home, I noticed that the network reception on this new phone breaks down when conditions change. I am considering a replacement.",negative,negative,0.9922885298728943,True,smartphone,smartphone,0.9995326995849609,True,advanced,0,0,0,0,medium,0,1,noticed,,,,
prediction_record,20260818T204035Z_github-32183473018,0,incoming,,,,,,,,,14079,"Under a representative operating profile, the ice system is what stood out outside my normal routine; it continues to work without drama. this was different from my first impression. I expected some crap here, but it has actually held up. for real.",positive,positive,0.9893308877944946,True,refrigerator,television,0.9996463060379028,False,technical,1,0,0,1,long,0,1,stood_out,,,,
prediction_record,20260818T204035Z_github-32183473018,0,incoming,,,,,,,,,14080,"After coming back to it after a few days, the touch panel is difficult to trust. a second check gave me the same result. I would hesitate to buy it again.",negative,negative,0.9998871088027954,True,smartphone,washing_machine,0.9961597919464111,False,standard,0,0,0,0,medium,0,0,context_component,,,,
prediction_record,20260818T204035Z_github-32183473018,0,incoming,,,,,,,,,14081,"during a heavier-than-usual day, i noticed that the sports motion on this video panel has not gvien me trouble. i repeated the check before writing this. damn, i did not expect this part to be this solid.",positive,negative,0.9997081160545349,False,television,television,0.9996235370635986,True,limited,1,0,1,0,long,0,0,noticed,,,,
prediction_record,20260818T204035Z_github-32183473018,0,incoming,,,,,,,,,14082,"fr, i have been this refrigeration unit when someone in the house used it, and the door warning has become increasingly unreliable. a second check gave me the same result.",negative,negative,0.9999079704284668,True,refrigerator,refrigerator,0.9819493889808655,True,limited,0,0,0,1,medium,0,0,context_component,,,,
prediction_record,20260818T204035Z_github-32183473018,0,incoming,,,,,,,,,14083,"during a heavier-than-usual day, i noticed that the cycle controls on this front-loading washer is fine for what it is. i noticed the change only in the new situation. i can live with it. it is not amazing, but it is not bullshit either.",neutral,neutral,0.9999597072601318,True,washing_machine,washing_machine,0.9995253086090088,True,informal,1,0,0,0,long,0,0,noticed,,,,
prediction_record,20260818T204035Z_github-32183473018,0,incoming,,,,,,,,,14084,"i have been using this cell phone outside my normal routine, and the rear camera has been a pleasant surprise. i noticed the change only in the new situation.",positive,negative,0.47902023792266846,False,smartphone,smartphone,0.9995799660682678,True,limited,0,0,0,0,medium,0,0,using,,,,
prediction_record,20260818T204035Z_github-32183473018,0,incoming,,,,,,,,,14085,The fill valve is what stood out after changing a few settings; it keeps acting up. I repeated the check before writing this. This is damn annoying.,negative,negative,0.9968039989471436,True,washing_machine,refrigerator,0.6140674352645874,False,standard,1,0,0,0,medium,0,0,stood_out,,,,
prediction_record,20260818T204035Z_github-32183473018,0,incoming,,,,,,,,,14086,"After repeated use under comparable conditions, the rinse program is what stood out after useing it for work and at home; it is neither impressive nor bad. a second check gave me the same result.",neutral,neutral,0.9998171925544739,True,washing_machine,washing_machine,0.5395446419715881,True,technical,0,0,1,0,long,0,0,stood_out,,,,
prediction_record,20260818T204035Z_github-32183473018,0,incoming,,,,,,,,,14087,"I did not pay much attention to the rear camera at first, but outside my normal routine it is fine for what it is. the difference became clearer after a few more days.",neutral,neutral,0.9996404647827148,True,smartphone,smartphone,0.9995935559272766,True,standard,0,0,0,0,medium,0,0,attention,,,,
prediction_record,20260818T204035Z_github-32183473018,0,incoming,,,,,,,,,14088,The soap tray is what stood out during a heavier-than-usual day; it still performs consistently. osmeone else in the house noticed it too. I would buy it again. 🤔,positive,positive,0.9998168349266052,True,washing_machine,refrigerator,0.9549522399902344,False,standard,0,1,1,0,medium,0,0,stood_out,,,,
prediction_record,20260818T204035Z_github-32183473018,0,incoming,,,,,,,,,14089,"After a few weeks of mixed use, the fill valve feels odrinary after more use. a second check gave me the same result.",neutral,negative,0.7463850378990173,False,washing_machine,washing_machine,0.6262814402580261,True,advanced,0,0,1,0,medium,0,0,context_component,,,,
prediction_record,20260818T204035Z_github-32183473018,0,incoming,,,,,,,,,14090,The door warning is what stood out outside my normal routine; it still performs consistently. I repeated the check before writing this.,positive,positive,0.9996127486228943,True,refrigerator,refrigerator,0.8440804481506348,True,standard,0,0,0,0,medium,0,0,stood_out,,,,
prediction_record,20260818T204035Z_github-32183473018,0,incoming,,,,,,,,,14091,"I did not pay much attention to the battery life at first, but when someone else in the house used it it remains basically average. I noticed the change only in the new situation. The call quality tells a different story becuase it has not given me trouble. Honestly, the damn thing is just average. lol.",neutral,neutral,0.9999513626098633,True,smartphone,smartphone,0.9996740818023682,True,standard,1,0,1,1,long,1,1,attention,,,,
prediction_record,20260818T204035Z_github-32183473018,0,incoming,,,,,,,,,14092,"After changing a few settings, I noticed that the picture quality on this television set feels ordinary after more use. I noticed the change only in the new situation.",neutral,neutral,0.9975614547729492,True,television,washing_machine,0.9987982511520386,False,advanced,0,0,0,0,medium,0,0,noticed,,,,
prediction_record,20260818T204035Z_github-32183473018,0,incoming,,,,,,,,,14093,"The shelf layout is what stood out during a heavier-than-usual day; it has not changed my opinion much. I tried the same thign again later and got a similar result. it is adequate for now. On the other hand, the freezer compartment feels dependable in daily use, which makes the overall picture more mixed.",neutral,neutral,0.9998921155929565,True,refrigerator,refrigerator,0.9991185069084167,True,standard,0,0,1,0,long,1,0,stood_out,,,,
prediction_record,20260818T204035Z_github-32183473018,0,incoming,,,,,,,,,14094,"i did not pay much attention to the vibration at first, but someone else in the house used it it fails in use. the difference became clearer after a few more days.",negative,negative,0.9997591376304626,True,washing_machine,refrigerator,0.9572569131851196,False,limited,0,0,0,0,medium,0,0,attention,,,,
prediction_record,20260818T204035Z_github-32183473018,0,incoming,,,,,,,,,14095,"I did not pay much attention to the touch panel at first, but outside my normal routine it feels ordinary after more use. the difference became clearer after a few more days. I do not feel strongly either way.",neutral,neutral,0.9999139308929443,True,smartphone,washing_machine,0.9995206594467163,False,standard,0,0,0,0,long,0,0,attention,,,,
prediction_record,20260818T204035Z_github-32183473018,0,incoming,,,,,,,,,14096,"real talk, after coming back to it after a few days, the rinse program holds up better than expected. a second check gave me the same result.",positive,positive,0.9990424513816833,True,washing_machine,washing_machine,0.9829226732254028,True,advanced,0,0,0,1,medium,0,0,context_component,,,,
prediction_record,20260818T204035Z_github-32183473018,0,incoming,,,,,,,,,14097,"i did not pay much attention to the cycle controls at first, but after a few weeks of mixed use feels ordinary after more i can live with it.",neutral,neutral,0.9887711405754089,True,washing_machine,washing_machine,0.9842590093612671,True,limited,0,0,0,0,medium,0,1,attention,,,,
prediction_record,20260818T204035Z_github-32183473018,0,incoming,,,,,,,,,14098,"From a practical reliability standpoint, after changing a few settings, the fingerprint reader remains basically average. lol.",neutral,neutral,0.9767042398452759,True,smartphone,refrigerator,0.5436662435531616,False,technical,0,0,1,1,medium,0,0,context_component,,,,
prediction_record,20260818T204035Z_github-32183473018,0,incoming,,,,,,,,,14099,"I did not pay much attention to the drainage mootr at first, but after coming back to it after a few days it does the job.",neutral,neutral,0.8519101142883301,True,washing_machine,refrigerator,0.5692778825759888,False,standard,0,0,1,0,medium,0,0,attention,,,,
prediction_record,20260818T204035Z_github-32183473018,0,incoming,,,,,,,,,14100,"after a few weeks of mixed use, i noticed that the call quality on this work phone is acceptable but unremarkable. i tried the same thing again later and got a similar result. i don't feel strongly either way.",neutral,neutral,0.9998366832733154,True,smartphone,smartphone,0.9996181726455688,True,informal,0,0,0,0,long,0,0,noticed,,,,
