ID,text,expected_sentiment,expected_topic,predicted_sentiment,predicted_topic,sentiment_confidence,topic_confidence,sentiment_correct,topic_correct,linguistic_level,flagprofanity,hasemoji,hasspellingerror,hasslang,length_class,mixed_sentiment,goldtest,input_timestamp,model_timestamp
16141,"after a few of mixed use, i noticed that the soap tray on this new washer keeps getting in the way. this is damn annoying.",negative,washing_machine,negative,washing_machine,0.9998373985290527,0.999269425868988,True,True,limited,1,0,0,0,medium,0,1,2026-08-16T19:00:32Z,2026-08-16T19:20:05.154404+00:00
16142,The thermostat is what stood out after taking it on a trip; it has not changed my opinion much. this was different from my first impression. I would neither recommend it nor warn people away. There is no major crap to complain about here.,neutral,refrigerator,neutral,refrigerator,0.9999988079071045,0.9997473359107971,True,True,advanced,1,0,0,0,long,0,0,2026-08-16T19:00:32Z,2026-08-16T19:20:05.154404+00:00
16143,"outside my normal routine, the soap tray has become increasingly unreliable. a second check gave me the same this shit should not be happening in normal use.",negative,washing_machine,negative,washing_machine,0.9999792575836182,0.9977360963821411,True,True,limited,1,0,0,0,medium,0,1,2026-08-16T19:00:32Z,2026-08-16T19:20:05.154404+00:00
16144,"After repeated use under comparable conditions, i have been using this screen unit after taking it on a trip, and the streaming menu remains basically average. a second check gave me the same result.",neutral,television,neutral,television,0.9999918937683105,0.9993072748184204,True,True,technical,0,0,0,0,long,0,1,2026-08-16T19:00:32Z,2026-08-16T19:20:05.154404+00:00
16145,"Under a representative operating profile, after coming back to it after a few days, the fill valve has not given me trouble. this was diferent from my first impression. Damn, I did not expect this part to be this solid. 👍",positive,washing_machine,positive,washing_machine,0.9999576807022095,0.9995840191841125,True,True,technical,1,1,1,0,long,0,0,2026-08-16T19:00:32Z,2026-08-16T19:20:05.154404+00:00
16146,My main impression of this mobile comes from the apps: it keeps getting in the way outside my normal routine. the ebhavior persisted across several attempts. I am considering a replacement.,negative,smartphone,negative,smartphone,0.999982476234436,0.9992181062698364,True,True,standard,0,0,1,0,medium,0,0,2026-08-16T19:00:32Z,2026-08-16T19:20:05.154404+00:00
16147,"after taking it on a trip, the controller has stayed dependable. someone else in the house noitced it too. damn, i did not expect this part to be this solid. not great tbh.",positive,television,positive,television,0.9999363422393799,0.4416965842247009,True,True,informal,1,0,1,1,medium,0,0,2026-08-16T19:00:32Z,2026-08-16T19:20:05.154404+00:00
16148,"after using it for work and home, i noticed that the thermostat on cold-storage unit remains basically average. Honestly 🙂",neutral,refrigerator,neutral,refrigerator,0.9997319579124451,0.9901403784751892,True,True,limited,0,1,0,0,medium,0,1,2026-08-16T19:00:32Z,2026-08-16T19:20:05.154404+00:00
16149,My main impression of this food cooler comes from the door warning: it is difficult to trust after changing a few settings. The cooling motor tells a different story because it works well even outside my usual routine. This shit should not be happening in normal use.,negative,refrigerator,negative,refrigerator,0.9999852180480957,0.9997383952140808,True,True,standard,1,0,0,0,long,1,1,2026-08-16T19:00:32Z,2026-08-16T19:20:05.154404+00:00
16150,the apps is what stood out after taking it on a trip; it fails in normal use. i am tired of this crap.,negative,smartphone,negative,washing_machine,0.9998372793197632,0.5509315133094788,True,False,informal,1,0,0,0,medium,0,0,2026-08-16T19:00:32Z,2026-08-16T19:20:05.154404+00:00
16151,"Under ordinary operating conditions, i have been using this main fridge after using it for work and at home, and the compressor fan has stayed dependable.",positive,refrigerator,positive,refrigerator,0.9881874918937683,0.9990977048873901,True,True,technical,0,0,0,0,medium,0,0,2026-08-16T19:00:32Z,2026-08-16T19:20:05.154404+00:00
16152,"not gonna lie, my main impression of this mobile comes from the fingerprint reader: it still performs consistently after coming back to it after a few days. i repeated the check before writing this. overall i am happy with it. Honestly 😐",positive,smartphone,positive,smartphone,0.9999532699584961,0.9992104768753052,True,True,informal,0,1,0,1,long,0,0,2026-08-16T19:00:32Z,2026-08-16T19:20:05.154404+00:00
16153,"i have been using this tv set after taking it on a trip, and the streaming menu remains basically average. i tried the same thing again later and got a similar result. honestly, the damn thing is just average.",neutral,television,neutral,television,0.9999990463256836,0.999528169631958,True,True,informal,1,0,0,0,long,0,1,2026-08-16T19:00:32Z,2026-08-16T19:20:05.154404+00:00
16154,"During a heavier-than-usual day, the door latch has stayed dependable. the difference became clearer after a few more days.",positive,washing_machine,positive,washing_machine,0.9996711015701294,0.9954797029495239,True,True,standard,0,0,0,0,medium,0,0,2026-08-16T19:00:32Z,2026-08-16T19:20:05.154404+00:00
16155,"when someone else in the house used it, i noticed that the interface on this television set works normally. the difference became clearer after few more days. lol.",neutral,television,neutral,television,0.9997314810752869,0.9983367919921875,True,True,limited,0,0,0,1,medium,0,0,2026-08-16T19:00:32Z,2026-08-16T19:20:05.154404+00:00
16156,my main impression of this clothes washer comes from the drainage motor: it works well even outside my usual routine after taking it on a trip. i plan to keep using it.,positive,washing_machine,positive,washing_machine,0.9999525547027588,0.9996446371078491,True,True,informal,0,0,0,0,medium,0,0,2026-08-16T19:00:32Z,2026-08-16T19:20:05.154404+00:00
16157,"Outside my normal routine, I noticed that the interface on this screen unit feels ordinary after more use. I repeated the check before writing this. 😂",neutral,television,neutral,television,0.9979915618896484,0.999180257320404,True,True,standard,0,1,0,0,medium,0,0,2026-08-16T19:00:32Z,2026-08-16T19:20:05.154404+00:00
16158,"i did not pay much attention the vibration at first, but after taking it on a trip it keeps getting the way.",negative,washing_machine,negative,washing_machine,0.9745401740074158,0.9728574156761169,True,True,limited,0,0,0,0,medium,0,0,2026-08-16T19:00:32Z,2026-08-16T19:20:05.154404+00:00
16159,"when someone else in the house used it, i noticed that the streaming menu this bedroom tv is neither impressive nor this was different from my first impression. 🙂",neutral,television,neutral,television,0.9999350309371948,0.9995359182357788,True,True,limited,0,1,0,0,medium,0,0,2026-08-16T19:00:32Z,2026-08-16T19:20:05.154404+00:00
16160,"I did not pay much attention to the thermostat at first, but when someone else in the house used it it has not changed my opinion much. I do not feel strongly either way. It is not amazing, but it is not bullshit either.",neutral,refrigerator,neutral,refrigerator,0.9999986886978149,0.9996176958084106,True,True,advanced,1,0,0,0,long,0,0,2026-08-16T19:00:32Z,2026-08-16T19:20:05.154404+00:00
16161,"I have been using this food cooler when someone else in the house used it, and the thermostat continues to work without drama.",positive,refrigerator,positive,refrigerator,0.9962695837020874,0.9974842071533203,True,True,standard,0,0,0,0,medium,0,0,2026-08-16T19:00:32Z,2026-08-16T19:20:05.154404+00:00
16162,My main impression of this TV set comes from the controller: it is fine for what it is after using it for work and at home. the difference became clearer after a few more days. I can live with it.,neutral,television,neutral,television,0.9999905824661255,0.9995943903923035,True,True,standard,0,0,0,0,long,0,0,2026-08-16T19:00:32Z,2026-08-16T19:20:05.154404+00:00
16163,"i did not pay much attention to the fingerprint reader at first, but during a heavier-than-usual day it works normally. someone else in the house noticed it too.",neutral,smartphone,neutral,smartphone,0.9999315738677979,0.9991230368614197,True,True,limited,0,0,0,0,medium,0,0,2026-08-16T19:00:32Z,2026-08-16T19:20:05.154404+00:00
16164,"I have been using this refrigeration unit after using it for work and at home, and the door warning has stayed dependable. I tried the same thing again later and got a similar result. it has earned my confidence.",positive,refrigerator,positive,refrigerator,0.9999725818634033,0.9997692704200745,True,True,advanced,0,0,0,0,long,0,1,2026-08-16T19:00:32Z,2026-08-16T19:20:05.154404+00:00
16165,"honestly tho, after taking it on a trip, i noticed that the wash drum on this new washer is acceptable but unremarkable. my opinion is sitll basically in the middle.",neutral,washing_machine,neutral,washing_machine,0.9999969005584717,0.9994924068450928,True,True,informal,0,0,1,1,medium,0,0,2026-08-16T19:00:32Z,2026-08-16T19:20:05.154404+00:00
16166,"during a heavier-than-usual day, i noticed that the ferezer compartment on this cold-storage unit has not given me trouble. it has earned my confidence. damn, i did not expect this part to be this solid.",positive,refrigerator,positive,refrigerator,0.9999725818634033,0.9997203946113586,True,True,informal,1,0,1,0,long,0,0,2026-08-16T19:00:32Z,2026-08-16T19:20:05.154404+00:00
16167,"not gonna lie, after a few weeks of mixed use, the interface has not changed my opinion much. there is not much else to say.",neutral,television,neutral,television,0.9999904632568359,0.6846596002578735,True,True,standard,0,0,0,1,medium,0,0,2026-08-16T19:00:32Z,2026-08-16T19:20:05.154404+00:00
16168,"i have been using this new refrigerator after a few weeks of mixed use, and the thermostat is fine for what it is. a second check gave me the same result. it is adequate for now. 😬",neutral,refrigerator,neutral,refrigerator,0.9999953508377075,0.9825677275657654,True,True,informal,0,1,0,0,long,0,0,2026-08-16T19:00:32Z,2026-08-16T19:20:05.154404+00:00
16169,my main mipression of this bedroom tv comes from the streaming it feels dependable in daily use after a few weeks of mixed use. the behavior persisted across several attempts. i would buy it again.,positive,television,positive,television,0.9999388456344604,0.9994972944259644,True,True,limited,0,0,1,0,long,0,0,2026-08-16T19:00:32Z,2026-08-16T19:20:05.154404+00:00
16170,"after taking it on a trip, the drainage motor has turned into a recurring problem. the difference became clearer after a few more days. this is the part that makes me regret the purchase. i am tired of this crap.",negative,washing_machine,negative,washing_machine,0.9999862909317017,0.9914519786834717,True,True,informal,1,0,0,0,long,0,1,2026-08-16T19:00:32Z,2026-08-16T19:20:05.154404+00:00
16171,My main impression of this new phone comes from the USB port: it is fine for what it is outside my normal routine. the difference became clearer after a few more days.,neutral,smartphone,neutral,smartphone,0.9999665021896362,0.9991291165351868,True,True,advanced,0,0,0,0,medium,0,0,2026-08-16T19:00:32Z,2026-08-16T19:20:05.154404+00:00
16172,"I have been using this mobile when someone else in the house used it, and the apps is neither impressive nor bad.",neutral,smartphone,neutral,smartphone,0.9978400468826294,0.9987154006958008,True,True,advanced,0,0,0,0,medium,0,0,2026-08-16T19:00:32Z,2026-08-16T19:20:05.154404+00:00
16173,"honestly tho, i have been using this bedroom tv during a day, and the video input feels dependable in daily use. a second check gave me the same result.",positive,television,positive,television,0.9990046620368958,0.9986715316772461,True,True,limited,0,0,0,1,medium,0,0,2026-08-16T19:00:32Z,2026-08-16T19:20:05.154404+00:00
16174,"I have been using this daily driver after changing a few settings, and the touch panel keeps getting in the way. this needs to improve. The battery life tells a different story because it has not changed my opinion much. This is damn annoying. Honestly 🔥",negative,smartphone,negative,smartphone,0.9999833106994629,0.9992468357086182,True,True,advanced,1,1,0,0,long,1,1,2026-08-16T19:00:32Z,2026-08-16T19:20:05.154404+00:00
16175,"i have been using this front-loading washer during a heavier-than-usual day, and the vibration works well even outside my usual routine. i noticed the change only in the new situation. i have stopped worrying about this part of the product. 🔥",positive,washing_machine,positive,washing_machine,0.9999608993530273,0.9996311664581299,True,True,informal,0,1,0,0,long,0,0,2026-08-16T19:00:32Z,2026-08-16T19:20:05.154404+00:00
16176,"From a practical reliability standpoint, after using it for work and at home, I noticed that the wireless connection on this video panel has not changed my opinion much. I tried the same thing again later and got a similar result. there is not much else to say. 👍",neutral,television,neutral,television,0.9999947547912598,0.9994926452636719,True,True,technical,0,1,0,0,long,0,0,2026-08-16T19:00:32Z,2026-08-16T19:20:05.154404+00:00
16177,"From a practical reliability standpoint, after taking it on a trip, I noticed that the door latch on this wash unit feels dependable in dialy use. the difference became clearer after a few more days. On the other hand, the soap tray has turned into a recurring probelm, which makes the overall picture more mixed.",positive,washing_machine,positive,washing_machine,0.9998363256454468,0.9996534585952759,True,True,technical,0,0,1,0,long,1,0,2026-08-16T19:00:32Z,2026-08-16T19:20:05.154404+00:00
16178,"i did not pay much attention to the wireless conection first, but when else in the house used it it keeps acting up. i noticed the change only in the new situation. 🙂",negative,television,negative,smartphone,0.9999651908874512,0.43480804562568665,True,False,limited,0,1,1,0,medium,0,1,2026-08-16T19:00:32Z,2026-08-16T19:20:05.154404+00:00
16179,"Under a representative operating profile, the earpiece is what stood out after a few weeks of mixed use; it is neither impressive nor bad. It is not amazing, but it is not bullshit either. lol. 🤷",neutral,smartphone,neutral,washing_machine,0.9999948740005493,0.9637368321418762,True,False,technical,1,1,0,1,long,0,0,2026-08-16T19:00:32Z,2026-08-16T19:20:05.154404+00:00
16180,My main impression of this laundry unit comes from the vibrtaion: it fails in routine use after taking it on a trip. the behavior persisted across several attempts. I would hesitate to buy it again.,negative,washing_machine,negative,washing_machine,0.999961256980896,0.9994482398033142,True,True,advanced,0,0,1,0,long,0,0,2026-08-16T19:00:32Z,2026-08-16T19:20:05.154404+00:00
16181,"i did not pay much attention to the rinse program at first, but after coming back to it after a few days it works well even outisde my usual routine. i repeated the check before writing this. on the other hand, the drainage motor does the job, which makes the overall picture more mixed. 😐",positive,washing_machine,positive,washing_machine,0.9999080896377563,0.9997907280921936,True,True,informal,0,1,1,0,long,1,0,2026-08-16T19:00:32Z,2026-08-16T19:20:05.154404+00:00
16182,my main impression of this refrigeratoin unit comes from the door warning: it works normally after coming back to it after a few days. pretty solid ngl.,neutral,refrigerator,neutral,refrigerator,0.9963699579238892,0.9989603757858276,True,True,informal,0,0,1,1,medium,0,0,2026-08-16T19:00:32Z,2026-08-16T19:20:05.154404+00:00
16183,The door latch is what stood out after coming back to it after a few days; it does the job. a second check gave me the same result. my opinion is still basically in the middle. 🙂,neutral,washing_machine,neutral,washing_machine,0.9999949932098389,0.9997652173042297,True,True,standard,0,1,0,0,long,0,0,2026-08-16T19:00:32Z,2026-08-16T19:20:05.154404+00:00
16184,"lowkey, i did not pay much attention to the cycle controls at first, but after taking it on a trip it has been a disappointment. this needs to improve.",negative,washing_machine,negative,washing_machine,0.9989362359046936,0.9995536208152771,True,True,limited,0,0,0,1,medium,0,0,2026-08-16T19:00:32Z,2026-08-16T19:20:05.154404+00:00
16185,"After a few weeks of mixed use, I noticed that the rinse program on this wash unit works normally. a second check gave me the same result. The damn thing is basically fine.",neutral,washing_machine,neutral,washing_machine,0.9999961853027344,0.9996353387832642,True,True,standard,1,0,0,0,medium,0,0,2026-08-16T19:00:32Z,2026-08-16T19:20:05.154404+00:00
16186,"I did not pay much attention to the shelf layout at first, but outside my normal routine it still performs consistently. I repeated the check before writing this.",positive,refrigerator,positive,refrigerator,0.9999167919158936,0.9994707703590393,True,True,advanced,0,0,0,0,medium,0,0,2026-08-16T19:00:32Z,2026-08-16T19:20:05.154404+00:00
16187,"I have been using this machine after using it for work and at home, and the cycle controls holds up better than expected. I noticed the change only in the new situation. I expected some crap here, but it has actually held up.",positive,washing_machine,positive,washing_machine,0.9999452829360962,0.9997449517250061,True,True,standard,1,0,0,0,long,0,0,2026-08-16T19:00:32Z,2026-08-16T19:20:05.154404+00:00
16188,"after changing a few settings, the fill valve does the job. i can live with it. it is not amazing, but it is not bullshit either.",neutral,washing_machine,neutral,washing_machine,0.9999979734420776,0.9991625547409058,True,True,limited,1,0,0,0,medium,0,0,2026-08-16T19:00:32Z,2026-08-16T19:20:05.154404+00:00
16189,My main impression of this living room display comes from the streaming menu: it feels dependable in daily use outside my normal routine. this was different from my first impression. overall I am happy with it. The built-in audio tells a different story because it is fine for what it is.,positive,television,positive,television,0.9998741149902344,0.9996703863143921,True,True,standard,0,0,0,0,long,1,0,2026-08-16T19:00:32Z,2026-08-16T19:20:05.154404+00:00
16190,my main impression of this pocket device comes from the fingerprint it works well even outsied usual routine outside my normal routine. i repeated the check before writing this. the network reception tells a different story because it has become increasingly unreliable.,positive,smartphone,positive,smartphone,0.9997908473014832,0.9993194341659546,True,True,limited,0,0,1,0,long,1,0,2026-08-16T19:00:32Z,2026-08-16T19:20:05.154404+00:00
16191,the wash drum is what stood out after a few weeks of mixed use; it does the job. this was different from first impression. it is adequate for now.,neutral,washing_machine,neutral,washing_machine,0.9999936819076538,0.9997143149375916,True,True,limited,0,0,0,0,medium,0,1,2026-08-16T19:00:32Z,2026-08-16T19:20:05.154404+00:00
16192,"imo, i did not pay much attention to the apps at first, but outside my normal routine it breaks down when conditions change. this was different from my first impression.",negative,smartphone,negative,washing_machine,0.9997052550315857,0.33716312050819397,True,False,informal,0,0,0,1,medium,0,1,2026-08-16T19:00:32Z,2026-08-16T19:20:05.154404+00:00
16193,"After taking it on a trip, I noticed that the touch panel on this mobile feels dependable in daily use. someone else in the house noticed it too. I have stopped worrying about this part of the product.",positive,smartphone,positive,smartphone,0.9999781847000122,0.9990091323852539,True,True,advanced,0,0,0,0,long,0,0,2026-08-16T19:00:32Z,2026-08-16T19:20:05.154404+00:00
16194,"From a practical reliability standpoint, real talk, outside my normal routine, the batery life has stayed dependable. a second check gave me the same result.",positive,smartphone,positive,smartphone,0.9999011754989624,0.9984311461448669,True,True,technical,0,0,1,1,medium,0,0,2026-08-16T19:00:32Z,2026-08-16T19:20:05.154404+00:00
16195,the fingerprint reader is what stood out after a few weeks of mixed use; it does the job.,neutral,smartphone,neutral,smartphone,0.9930559992790222,0.9990633130073547,True,True,informal,0,0,0,0,medium,0,0,2026-08-16T19:00:32Z,2026-08-16T19:20:05.154404+00:00
16196,"During a heavier-than-usual day, the wash drum is acceptable but unremarkable. the behavior persisted across several attempts. my opinion is still basically in the middle.",neutral,washing_machine,neutral,washing_machine,0.9999971389770508,0.9992628693580627,True,True,standard,0,0,0,0,medium,0,1,2026-08-16T19:00:32Z,2026-08-16T19:20:05.154404+00:00
16197,the gasket is what stood out after a few weeks of mixed use; it feels dependable in daily use. i tried the same thing again later and got a similar result. the door warning tells a different story because it has turned into a recurring problem. 🤷,positive,refrigerator,positive,refrigerator,0.9998990297317505,0.9996707439422607,True,True,informal,0,1,0,0,long,1,0,2026-08-16T19:00:32Z,2026-08-16T19:20:05.154404+00:00
16198,"I have been using this cell phone after coming back to it after a few days, and the rear camera still performs consistently. this was different from my first impression.",positive,smartphone,positive,smartphone,0.9999033212661743,0.9992008805274963,True,True,standard,0,0,0,0,medium,0,0,2026-08-16T19:00:32Z,2026-08-16T19:20:05.154404+00:00
16199,"I did not pay much attention to the cooling motor at first, but after changing a few settings it has stayed dependable. this was different from my first impression.",positive,refrigerator,positive,refrigerator,0.9996340274810791,0.9995236396789551,True,True,advanced,0,0,0,0,medium,0,0,2026-08-16T19:00:32Z,2026-08-16T19:20:05.154404+00:00
16200,"After repeated use under comparable conditions, my main impression of this refrigeration unit comes from the freezer compartment: it does the job when someone else in the house used it. I repeated the check before writing this. There is no major crap to complain about here.",neutral,refrigerator,neutral,refrigerator,0.9999982118606567,0.9997509121894836,True,True,technical,1,0,0,0,long,0,0,2026-08-16T19:00:32Z,2026-08-16T19:20:05.154404+00:00
16201,"honestly tho, after a few weeks of mixed use, the sports motion breaks down when conditions change. i am tired of this crap. 🤔",negative,television,negative,television,0.9998677968978882,0.9888272285461426,True,True,informal,1,1,0,1,medium,0,0,2026-08-16T19:00:32Z,2026-08-16T19:20:05.154404+00:00
16202,"I did not pay much attention to the USB port at first, but during a heavier-than-usual day it has stayed dependable. The rear camera tells a different story because it keeps acting up. The damn thing surprised me in a good way. 😂",positive,smartphone,positive,smartphone,0.9999531507492065,0.9991783499717712,True,True,advanced,1,1,0,0,long,1,0,2026-08-16T19:00:32Z,2026-08-16T19:20:05.154404+00:00
16203,"After coming back to it after a few days, I noticed that the call quality on this new phone is fine for what it is. I repeated the check before writing this.",neutral,smartphone,neutral,smartphone,0.99953293800354,0.9990018010139465,True,True,standard,0,0,0,0,medium,0,0,2026-08-16T19:00:32Z,2026-08-16T19:20:05.154404+00:00
16204,"Outside my normal routine, I noticed that the network reception on this mobile feels dependable in daily use. this was different from my first impression. I plan to keep using it. The damn thing surprised me in a good way. 👍",positive,smartphone,positive,smartphone,0.9999550580978394,0.999230146408081,True,True,advanced,1,1,0,0,long,0,0,2026-08-16T19:00:32Z,2026-08-16T19:20:05.154404+00:00
16205,"After repeated use under comparable conditions, i did not pay much attention to the cycle controls at first, but outside my normal routine it has become increasingly unreliable. a second check gave me the same result. I am already looking at alternatives. I am tired of this crap. 🤔",negative,washing_machine,negative,washing_machine,0.999988317489624,0.9996997117996216,True,True,technical,1,1,0,0,long,0,0,2026-08-16T19:00:32Z,2026-08-16T19:20:05.154404+00:00
16206,"Under a representative operating profile, i did not pay much attention to the freezer compartment at first, but after taking it on a trip it is fine for what it is. this was different from my first impression. my opinion is still basically in the middle.",neutral,refrigerator,neutral,refrigerator,0.9999966621398926,0.9996702671051025,True,True,technical,0,0,0,0,long,0,0,2026-08-16T19:00:32Z,2026-08-16T19:20:05.154404+00:00
16207,the cooling motor is what stood out when someone else the house used it; it works well even outside my usual routine. i tried the same thing again later and got a similar result. the compressor fan tells a different story because it is acceptable but unremarkable.,positive,refrigerator,positive,refrigerator,0.9999159574508667,0.9997615218162537,True,True,limited,0,0,0,0,long,1,0,2026-08-16T19:00:32Z,2026-08-16T19:20:05.154404+00:00
16208,"imo, my main impression of this work phone comes from the fingerprint reader: it remains basically average after a few weeks of mixed use. I repeated the check before writing this.",neutral,smartphone,neutral,smartphone,0.9999831914901733,0.9991028308868408,True,True,standard,0,0,0,1,medium,0,0,2026-08-16T19:00:32Z,2026-08-16T19:20:05.154404+00:00
16209,"after taking it on a trip, i noticed that the door latch on this front-loading washer has dependable. a second check gave me the same result.",positive,washing_machine,positive,washing_machine,0.9998661279678345,0.9996163845062256,True,True,limited,0,0,0,0,medium,0,0,2026-08-16T19:00:32Z,2026-08-16T19:20:05.154404+00:00
16210,my main impression of this living room display comes from the streaming menu: it remains basically average outside my normal routine. Honestly 🤷,neutral,television,neutral,television,0.9999724626541138,0.999524712562561,True,True,informal,0,1,0,0,medium,0,1,2026-08-16T19:00:32Z,2026-08-16T19:20:05.154404+00:00
16211,"after using it for work and at home, the compressor fan has been a disappointment. i am already looking at alternatives.",negative,refrigerator,negative,refrigerator,0.9993948936462402,0.999555766582489,True,True,limited,0,0,0,0,medium,0,0,2026-08-16T19:00:32Z,2026-08-16T19:20:05.154404+00:00
16212,"My main impression of this refrigeration unit comes from the door warning: it still performs consistently after coming back to it after a few days. I have stopped worrying about this part of the product. I expected some crap here, but it has actually held up.",positive,refrigerator,positive,refrigerator,0.999947190284729,0.9998016953468323,True,True,advanced,1,0,0,0,long,0,0,2026-08-16T19:00:32Z,2026-08-16T19:20:05.154404+00:00
16213,My main impression of this bedroom TV comes from the wireless connection: it keeps getting in the way after taking it on a trip. the difference became clearer after a few more days. this needs to improve.,negative,television,negative,television,0.9999884366989136,0.9995205402374268,True,True,standard,0,0,0,0,long,0,0,2026-08-16T19:00:32Z,2026-08-16T19:20:05.154404+00:00
16214,"outside my normal routine, the cycle controls keeps acting up.",negative,washing_machine,negative,washing_machine,0.9317218661308289,0.9365364909172058,True,True,informal,0,0,0,0,short,0,0,2026-08-16T19:00:32Z,2026-08-16T19:20:05.154404+00:00
16215,My main impression of this refrigeration unit comes from the thermostat: it has not changed my opinion much during a heavier-than-usual day.,neutral,refrigerator,neutral,refrigerator,0.9997883439064026,0.9994057416915894,True,True,advanced,0,0,0,0,medium,0,0,2026-08-16T19:00:32Z,2026-08-16T19:20:05.154404+00:00
16216,the spin program is what stood out after changing a settings; it feels ordinary after more use. this was different from my first impression. my opinion is still basically in the middle. the door latch tells a different story because it still performs consistently. 👍,neutral,washing_machine,neutral,washing_machine,0.9999204874038696,0.9997746348381042,True,True,limited,0,1,0,0,long,1,0,2026-08-16T19:00:32Z,2026-08-16T19:20:05.154404+00:00
16217,"not gonna lie, the call quality is what stood out after taking it on a trip; it is acceptable but unremarkable. The apps tells a different story because it holds up better than expected.",neutral,smartphone,neutral,smartphone,0.9997792840003967,0.9991360306739807,True,True,advanced,0,0,0,1,long,1,1,2026-08-16T19:00:32Z,2026-08-16T19:20:05.154404+00:00
16218,"after a few weeks of mixed use, i noticed that the drainage motor on this wash unit has not changed my opinion much. the difference became clearer after a few more days. i wuold neither recommend it nor warn people away.",neutral,washing_machine,neutral,washing_machine,0.999997615814209,0.999692440032959,True,True,informal,0,0,1,0,long,0,0,2026-08-16T19:00:32Z,2026-08-16T19:20:05.154404+00:00
16219,"outside my normal routine, the compressor fan has turned into a recurring problem. i am ocnsidering a replacement.",negative,refrigerator,negative,refrigerator,0.9997038245201111,0.9995836615562439,True,True,limited,0,0,1,0,medium,0,1,2026-08-16T19:00:32Z,2026-08-16T19:20:05.154404+00:00
16220,"During a heavier-than-usual day, the sports motion keeps acting up. I repeated the check before writing this.",negative,television,negative,television,0.9924945831298828,0.9812306761741638,True,True,standard,0,0,0,0,medium,0,0,2026-08-16T19:00:32Z,2026-08-16T19:20:05.154404+00:00
16221,"From a practical reliability standpoint, my main impression of this wash unit comes from the fill valve: it has not changed my opinion much after taking it on a trip. this was different from my first impression. I do not feel strongly either way. Honestly, the damn thing is just average.",neutral,washing_machine,neutral,washing_machine,0.9999991655349731,0.9997115731239319,True,True,technical,1,0,0,0,long,0,0,2026-08-16T19:00:32Z,2026-08-16T19:20:05.154404+00:00
16222,my main impression of this machine comes from the drainage motor: it has been a disappointment after coming back to it after a few days. i tried same thing again later and got a similar result. 🔥,negative,washing_machine,negative,washing_machine,0.9999376535415649,0.9995793700218201,True,True,limited,0,1,0,0,long,0,0,2026-08-16T19:00:32Z,2026-08-16T19:20:05.154404+00:00
16223,"lowkey, the door latch is what stood out after a few weeks of mixed use; it has turned into a recurring problem. The damn thing keeps getting in the way.",negative,washing_machine,negative,washing_machine,0.9999480247497559,0.999620795249939,True,True,advanced,1,0,1,1,medium,0,0,2026-08-16T19:00:32Z,2026-08-16T19:20:05.154404+00:00
16224,"i have been using this video panel after using it for work and at home, the interface has not given me trouble.",positive,television,positive,television,0.9986574649810791,0.9976041913032532,True,True,limited,0,0,0,0,medium,0,1,2026-08-16T19:00:32Z,2026-08-16T19:20:05.154404+00:00
16225,"When someone else in the house used it, I noticed that the streaming menu on this living room display feels dependable in daily use. a second check gave me the same result.",positive,television,positive,television,0.9997029900550842,0.9993568062782288,True,True,standard,0,0,0,0,medium,0,0,2026-08-16T19:00:32Z,2026-08-16T19:20:05.154404+00:00
16226,"i did not pay much attention to the built-in audio at first, but after taking it on a trip it has increasingly unreliable.",negative,television,negative,television,0.9865031242370605,0.8882876038551331,True,True,limited,0,0,0,0,medium,0,0,2026-08-16T19:00:32Z,2026-08-16T19:20:05.154404+00:00
16227,"fr, i did not pay much attention to the soap tray at first, but outside my normal it is difficult to trust. the behavior persisted across several attempts.",negative,washing_machine,negative,washing_machine,0.9974491000175476,0.9992768168449402,True,True,limited,0,0,0,1,medium,0,0,2026-08-16T19:00:32Z,2026-08-16T19:20:05.154404+00:00
16228,the fingerprint reader is what stood out outside my normal routine; it breaks down when conditions change. the difference became clearer after a few more days. 🔥,negative,smartphone,negative,smartphone,0.9998610019683838,0.9991959929466248,True,True,informal,0,1,0,0,medium,0,0,2026-08-16T19:00:32Z,2026-08-16T19:20:05.154404+00:00
16229,My main impression of this screen unit comes from the video input: it has turned into a recurring probelm when someone else in the house used it. I repeated the check before writing this. This shit should not be happening in routine use. idk.,negative,television,negative,television,0.9999879598617554,0.9995701909065247,True,True,advanced,1,0,1,1,long,0,0,2026-08-16T19:00:32Z,2026-08-16T19:20:05.154404+00:00
16230,"I did not pay much attention to the sports motion at first, but after using it for work and at home it has become increasingly unreliable. I would hesitate to buy it again.",negative,television,negative,television,0.9998431205749512,0.9993591904640198,True,True,advanced,0,0,0,0,medium,0,0,2026-08-16T19:00:32Z,2026-08-16T19:20:05.154404+00:00
16231,"fr, i have been using this new phone after coming back to it after a few days, and the earpiece is acceptable but unremarkable. the behavior persisted across several attempts. I do not feel strongly either way. Honestly 😅",neutral,smartphone,neutral,smartphone,0.999994158744812,0.999097466468811,True,True,advanced,0,1,0,1,long,0,1,2026-08-16T19:00:32Z,2026-08-16T19:20:05.154404+00:00
16232,"I did not pay much attention to the picture quality at first, but outside my normal routine it breaks down when conditions change. this is the part that makes me regret the purchase. The controller tells a different story because it is acceptable but unremarkable.",negative,television,negative,television,0.9999834299087524,0.9995002746582031,True,True,advanced,0,0,0,0,long,1,1,2026-08-16T19:00:32Z,2026-08-16T19:20:05.154404+00:00
16233,"After taking it on a trip, I noticed that the earpiece on this pocket device is difficult to trust. this was different from my first impression. I am considering a replacement. The battery life tells a different story because it is neither impressive nor bad.",negative,smartphone,negative,smartphone,0.9999853372573853,0.9991279244422913,True,True,standard,0,0,0,0,long,1,0,2026-08-16T19:00:32Z,2026-08-16T19:20:05.154404+00:00
16234,"I have been using this living room display after using it for work and at home, and the panel lighting continues to work without drama. someone else in the house noticed it too.",positive,television,positive,television,0.9998968839645386,0.9995285272598267,True,True,standard,0,0,0,0,medium,0,1,2026-08-16T19:00:32Z,2026-08-16T19:20:05.154404+00:00
16235,"ngl, after coming back to it after a few days, i noticed that the gasket on this main fridge continues to work without drama. i tried the same thing again later and got a similar result.",positive,refrigerator,positive,smartphone,0.9999237060546875,0.5574479699134827,True,False,informal,0,0,0,1,long,0,0,2026-08-16T19:00:32Z,2026-08-16T19:20:05.154404+00:00
16236,"Under a representative operating profile, during a heavier-than-usual day, I noticed that the picture quailty on this video panel has stayed dependable. overall I am happy with it. Honestly 😅",positive,television,positive,washing_machine,0.9999030828475952,0.6703847646713257,True,False,technical,0,1,1,0,medium,0,0,2026-08-16T19:00:32Z,2026-08-16T19:20:05.154404+00:00
16237,"i did not pay much to the soap tray at first, but after taking it on a trip it keeps getting in the way. someone else in the house noticed it too. this needs to improve.",negative,washing_machine,negative,washing_machine,0.999980092048645,0.9997028708457947,True,True,limited,0,0,0,0,long,0,1,2026-08-16T19:00:32Z,2026-08-16T19:20:05.154404+00:00
16238,"From a practical reliability standpoint, after coming back to it after a few days, the soap tray works normally. this was different from my first impression. On the other hand, the spin program has become increasingly unreliable, which makes the overall picture more mixed.",neutral,washing_machine,neutral,washing_machine,0.9998507499694824,0.9995754361152649,True,True,technical,0,0,0,0,long,1,0,2026-08-16T19:00:32Z,2026-08-16T19:20:05.154404+00:00
16239,"I have been using this machine outside my normal routine, and the fill valve still performs consistently. That said, the door latch remains basically average, so the experience is not completely one-sided. Honestly 🙃",positive,washing_machine,positive,washing_machine,0.9999175071716309,0.9997219443321228,True,True,advanced,0,1,0,0,long,1,0,2026-08-16T19:00:32Z,2026-08-16T19:20:05.154404+00:00
16240,The thermostat is what stood out after taking it on a trip; it continues to work without drama. I tried the same thing again alter and got a similar result. 🤔,positive,refrigerator,positive,refrigerator,0.99992835521698,0.7286280393600464,True,True,standard,0,1,1,0,medium,0,0,2026-08-16T19:00:32Z,2026-08-16T19:20:05.154404+00:00
16241,"Under ordinary operating conditions, after changing a few settings, the gasket has turned into a recurring problem. a second check gave me the same result. I am already looking at alternatives.",negative,refrigerator,negative,refrigerator,0.9999749660491943,0.9427825808525085,True,True,technical,0,0,0,0,medium,0,0,2026-08-16T19:00:32Z,2026-08-16T19:20:05.154404+00:00
16242,"imo, outside my normal routine, I noticed that the network reception on this daily driver continues to work without drama. I repeated the check before writing this. I plan to keep using it. No bullshit, this has been one of the better parts of the product. Honestly 🙂",positive,smartphone,positive,smartphone,0.9999312162399292,0.9992910623550415,True,True,standard,1,1,0,1,long,0,0,2026-08-16T19:00:32Z,2026-08-16T19:20:05.154404+00:00
16243,"Under ordinary operating conditions, honestly tho, i did not pay much attention to the battery life at first, but after changing a few settings it is fine for what it is. someone else in the house noticed it too.",neutral,smartphone,neutral,smartphone,0.9999768733978271,0.9991874098777771,True,True,technical,0,0,0,1,long,0,0,2026-08-16T19:00:32Z,2026-08-16T19:20:05.154404+00:00
16244,"From a practical reliability standpoint, outside my normal routine, I noticed that the interface on this television set fails in normal use. I tried the same thing again later and got a similar result. this is the part that makes me regret the purchase. This is damn annoying.",negative,television,negative,television,0.9999847412109375,0.9995552897453308,True,True,technical,1,0,0,0,long,0,0,2026-08-16T19:00:32Z,2026-08-16T19:20:05.154404+00:00
16245,"i have been using this mobile after changing a few settings, and the fingerprint reader breaks down when conditions change. this shit should not be happening in normal use.",negative,smartphone,negative,smartphone,0.9999302625656128,0.9991812109947205,True,True,informal,1,0,0,0,medium,0,0,2026-08-16T19:00:32Z,2026-08-16T19:20:05.154404+00:00
16246,"Across repeated observations, during a heavier-than-usual day, I noticed that the call quality on this daily driver keeps acting up. I tried the same thing again later and got a similar result. Honestly 👍",negative,smartphone,negative,smartphone,0.9999655485153198,0.9992167949676514,True,True,technical,0,1,0,0,long,0,0,2026-08-16T19:00:32Z,2026-08-16T19:20:05.154404+00:00
16247,"honestly tho, my main impression of this machine comes from the latch: it is neihter impressive nor bad outside my normal routine. i would neither recommend it warn people away.",neutral,washing_machine,neutral,washing_machine,0.9999922513961792,0.9996845722198486,True,True,limited,0,0,1,1,medium,0,0,2026-08-16T19:00:32Z,2026-08-16T19:20:05.154404+00:00
16248,the battery life is what stood out durnig a heavier-than-usual day; it keeps getting in the way.,negative,smartphone,negative,smartphone,0.9979270696640015,0.9990189075469971,True,True,informal,0,0,1,0,medium,0,1,2026-08-16T19:00:32Z,2026-08-16T19:20:05.154404+00:00
16249,The cycle controls is what stood out after a few weeks of mixed use; it keeps acting up. this is the part that makes me regret the purchase. The damn thing keeps getting in the way. 🔥,negative,washing_machine,negative,washing_machine,0.9999744892120361,0.9997255206108093,True,True,standard,1,1,0,0,long,0,1,2026-08-16T19:00:32Z,2026-08-16T19:20:05.154404+00:00
16250,"During a heavier-than-usual day, the compressor fan is neither impressive nor bad. I noticed the change only in the new situation. On the other hand, the thermostat keeps acting up, which makes the overall picture more mixed.",neutral,refrigerator,neutral,refrigerator,0.9999886751174927,0.9996881484985352,True,True,standard,0,0,0,0,long,1,1,2026-08-16T19:00:32Z,2026-08-16T19:20:05.154404+00:00
16251,My main impression of this mobile comes from the network reception: it has not changed my opinion much when someone else in the house used it. the behavior persisted across several attempts. There is no major crap to complain about here.,neutral,smartphone,neutral,smartphone,0.9999985694885254,0.9992052912712097,True,True,standard,1,0,0,0,long,0,1,2026-08-16T19:00:32Z,2026-08-16T19:20:05.154404+00:00
16252,the cooling motor is what stood out when someone else in the house used it; it is fine for what it is. someone else in the house noticed it too. Honestly 🙂,neutral,refrigerator,neutral,refrigerator,0.9999721050262451,0.9998167157173157,True,True,informal,0,1,0,0,medium,0,1,2026-08-16T19:00:32Z,2026-08-16T19:20:05.154404+00:00
16253,"From a practical reliability standpoint, my main impression of this TV set comes from the wireless conection: it is acceptable but unremarkable after taking it on a trip. the behavior persisted across several attempts. I do not feel strongly either way. There is no major crap to complain about here. 💀",neutral,television,neutral,television,0.9999984502792358,0.9995964169502258,True,True,technical,1,1,1,0,long,0,0,2026-08-16T19:00:32Z,2026-08-16T19:20:05.154404+00:00
16254,"Under a representative operating profile, after changing a few settings, the door warning is neither impressive nor bad. it is adequate for now.",neutral,refrigerator,neutral,refrigerator,0.9999939203262329,0.991155743598938,True,True,technical,0,0,0,0,medium,0,0,2026-08-16T19:00:32Z,2026-08-16T19:20:05.154404+00:00
16255,The spin program is what stood out after using it for work and at home; it keeps acting up. This shit should not be happening in normal use. 😅,negative,washing_machine,negative,washing_machine,0.9999686479568481,0.9997511506080627,True,True,standard,1,1,0,0,medium,0,0,2026-08-16T19:00:32Z,2026-08-16T19:20:05.154404+00:00
16256,"After using it for work and at home, I noticed that the fill valve on this laundry unit breaks down when conditions change. I noticed the change only in the new situation.",negative,washing_machine,negative,washing_machine,0.99937504529953,0.998908519744873,True,True,advanced,0,0,0,0,medium,0,1,2026-08-16T19:00:32Z,2026-08-16T19:20:05.154404+00:00
16257,"fr, after changing a few settings, the cycle controls is neither impressive nor bad. this was different from my first impression. i can live with it. 👍",neutral,washing_machine,neutral,washing_machine,0.9999849796295166,0.9995527863502502,True,True,informal,0,1,0,1,medium,0,0,2026-08-16T19:00:32Z,2026-08-16T19:20:05.154404+00:00
16258,"after a few weeks of mixed use, the video input fails in normal use. on the other hand, the streaming menu is neither impressive nor bad, which makes the overall picture more mixed. this shit should not be happening in normal use. Honestly 🤷",negative,television,negative,television,0.9999872446060181,0.9996047616004944,True,True,informal,1,1,0,0,long,1,1,2026-08-16T19:00:32Z,2026-08-16T19:20:05.154404+00:00
16259,"outside my normal routine, i noticed that the door warning on this kitchen fridge remains basically average. the behavior persisted across several attempts.",neutral,refrigerator,neutral,refrigerator,0.9999852180480957,0.999724805355072,True,True,limited,0,0,0,0,medium,0,0,2026-08-16T19:00:32Z,2026-08-16T19:20:05.154404+00:00
16260,"after coming back to it after a few days, i noticed that the cycle controls on this clothes washer works well even outside my usual routine. i noticed the change only in the new situation. i would buy it again. not great tbh.",positive,washing_machine,positive,washing_machine,0.9999258518218994,0.9996848106384277,True,True,informal,0,0,0,1,long,0,0,2026-08-16T19:00:32Z,2026-08-16T19:20:05.154404+00:00
16261,"i did not pay much attention to the rear camera at fisrt, but after using it for work and at home it feels ordinary after more use. the difference became clearer after a few more days. honestly, the damn tihng is just average. 🤷",neutral,smartphone,neutral,smartphone,0.9999973773956299,0.9992056488990784,True,True,informal,1,1,1,0,long,0,1,2026-08-16T19:00:32Z,2026-08-16T19:20:05.154404+00:00
16262,"After repeated use under comparable conditions, after using it for work and at home, the rinse program has turned into a recurring problem. this needs to improve.",negative,washing_machine,negative,washing_machine,0.999881386756897,0.9985969662666321,True,True,technical,0,0,0,0,medium,0,0,2026-08-16T19:00:32Z,2026-08-16T19:20:05.154404+00:00
16263,"tbh, during a heavier-than-usual day, the panel lighting has become increasingly unreliable. I noticed the change only in the new situation. This shit should not be happening in normal use.",negative,television,negative,smartphone,0.9999841451644897,0.9918681979179382,True,False,standard,1,0,0,1,medium,0,0,2026-08-16T19:00:32Z,2026-08-16T19:20:05.154404+00:00
16264,"Under ordinary operating conditions, after taking it on a trip, the soap tray has become increasingly unreliable. a second check gave me the same result. this needs to improve. 💀",negative,washing_machine,negative,washing_machine,0.9999774694442749,0.9992638230323792,True,True,technical,0,1,0,0,medium,0,0,2026-08-16T19:00:32Z,2026-08-16T19:20:05.154404+00:00
16265,"I have been using this food cooler during a heavier-than-usual day, and the compressor fan works normally. this was different from my first impression. Honestly, the damn thing is just average.",neutral,refrigerator,neutral,refrigerator,0.9999982118606567,0.9997426867485046,True,True,standard,1,0,0,0,medium,0,0,2026-08-16T19:00:32Z,2026-08-16T19:20:05.154404+00:00
16266,"After changing a few settings, I noticed that the gasket on this cold-storage unit continues to work without drama. this was different from my first impression. That said, the compressor fan has turned into a recurring problem, so the experience is not completely one-sided. 😐",positive,refrigerator,positive,refrigerator,0.9999151229858398,0.9998069405555725,True,True,advanced,0,1,0,0,long,1,0,2026-08-16T19:00:32Z,2026-08-16T19:20:05.154404+00:00
16267,"I did not pay much attention to the compressor fan at first, but when someone else in the house used it it feels ordinary after more use. I noticed the change only in the new situation. The shelf layout tells a different story because it has been a disappointment. Honestly, the damn thing is just average.",neutral,refrigerator,neutral,refrigerator,0.9999990463256836,0.9997612833976746,True,True,advanced,1,0,0,0,long,1,0,2026-08-16T19:00:32Z,2026-08-16T19:20:05.154404+00:00
16268,"fr, my main impression of this television set comes from the interface: it works well even outside my usual routine during a heavier-than-usual day. I noticed the change only in the new situation.",positive,television,positive,television,0.9999104738235474,0.999254047870636,True,True,advanced,0,0,0,1,medium,0,0,2026-08-16T19:00:32Z,2026-08-16T19:20:05.154404+00:00
16269,the vibration is what stood out when else in house used it; it has been a pleasant surprise. 🔥,positive,washing_machine,positive,washing_machine,0.9979078769683838,0.9974201917648315,True,True,limited,0,1,0,0,medium,0,0,2026-08-16T19:00:32Z,2026-08-16T19:20:05.154404+00:00
16270,"Under a representative operating profile, i have been using this new phone outside my normal routine, and the network reception is acceptable but unremarkable.",neutral,smartphone,neutral,smartphone,0.9916086792945862,0.9989922642707825,True,True,technical,0,0,0,0,medium,0,0,2026-08-16T19:00:32Z,2026-08-16T19:20:05.154404+00:00
16271,The built-in audio is what stood out when someone else in the house used it; it has not changed my opinion much. someone else in the house noticed it too.,neutral,television,neutral,television,0.9999508857727051,0.9994927644729614,True,True,advanced,0,0,0,0,medium,0,0,2026-08-16T19:00:32Z,2026-08-16T19:20:05.154404+00:00
16272,my main impression of this machine comes from the cycle controls: it has not changed my opinion much during a heavier-than-usual day. the behavior persisted across several attempts.,neutral,washing_machine,neutral,washing_machine,0.999983549118042,0.9996945858001709,True,True,informal,0,0,0,0,medium,0,1,2026-08-16T19:00:32Z,2026-08-16T19:20:05.154404+00:00
16273,"After repeated use under comparable conditions, during a heavier-than-usual day, I noticed that the gasket on this main fridge feels dependable in daily use. this was different from my first impression.",positive,refrigerator,positive,refrigerator,0.9995655417442322,0.9993952512741089,True,True,technical,0,0,0,0,medium,0,0,2026-08-16T19:00:32Z,2026-08-16T19:20:05.154404+00:00
16274,"Under ordinary operating conditions, the door warning is what stood out after a few weeks of mixed use; it has not given me trouble. I plan to keep useing it.",positive,refrigerator,positive,refrigerator,0.9999288320541382,0.9997445940971375,True,True,technical,0,0,1,0,medium,0,0,2026-08-16T19:00:32Z,2026-08-16T19:20:05.154404+00:00
16275,"i have been using this machine when someone else in the house used it, and the soap tray does the job. this was diferent from my first impression.",neutral,washing_machine,neutral,washing_machine,0.9995600581169128,0.9995904564857483,True,True,limited,0,0,1,0,medium,0,0,2026-08-16T19:00:32Z,2026-08-16T19:20:05.154404+00:00
16276,"i did not pay much attention to the door latch at first, but during a heavier-than-usual day it has not changed my opinion much. i can live with it.",neutral,washing_machine,neutral,washing_machine,0.9999756813049316,0.9996920824050903,True,True,informal,0,0,0,0,medium,0,0,2026-08-16T19:00:32Z,2026-08-16T19:20:05.154404+00:00
16277,"The door latch is what stood out after taking it on a trip; it has not given me trouble. a second check gave me the same resutl. for my use case, this is a keeper. I expceted some crap here, but it has actually held up.",positive,washing_machine,positive,washing_machine,0.9999456405639648,0.9997627139091492,True,True,advanced,1,0,1,0,long,0,0,2026-08-16T19:00:32Z,2026-08-16T19:20:05.154404+00:00
16278,"after changing a few settings, i noticed that the battery life on this work phone holds up better than expected. a second check gave me the same result. i plan to keep using it. Honestly 💀",positive,smartphone,positive,smartphone,0.9999439716339111,0.9992914199829102,True,True,informal,0,1,0,0,long,0,0,2026-08-16T19:00:32Z,2026-08-16T19:20:05.154404+00:00
16279,"I have been using this food cooler after using it for work and at home, and the freezer compartment has become increasingly unreliable. this was different from my first impression. I am tired of this crap. 🔥",negative,refrigerator,negative,refrigerator,0.9999679327011108,0.9997623562812805,True,True,advanced,1,1,0,0,long,0,0,2026-08-16T19:00:32Z,2026-08-16T19:20:05.154404+00:00
16280,"From a practical reliability standpoint, i have been useing this new washer outside my normal routine, and the spin program is neither impressive nor bad. this was different from my first impression. it is adequate for now.",neutral,washing_machine,neutral,washing_machine,0.9999954700469971,0.999679446220398,True,True,technical,0,0,1,0,long,0,0,2026-08-16T19:00:32Z,2026-08-16T19:20:05.154404+00:00
16281,"From a practical reliability standpoint, during a heavier-than-usual day, the wash drum has been a disappointment. I am itred of this crap.",negative,washing_machine,negative,washing_machine,0.994674563407898,0.9882166981697083,True,True,technical,1,0,1,0,medium,0,0,2026-08-16T19:00:32Z,2026-08-16T19:20:05.154404+00:00
16282,"fr, i did not pay much attention to the call quality at first, but after taking it on a trip it has stayed dependable. I noticed the change only in the new situation. I expected some crap here, but it has actually held up.",positive,smartphone,positive,smartphone,0.999944806098938,0.9992421865463257,True,True,advanced,1,0,0,1,long,0,0,2026-08-16T19:00:32Z,2026-08-16T19:20:05.154404+00:00
16283,"After a few weeks of mixed use, I noticed that the door latch on this new washer breaks down when conditions change. a second check gave me the same resutl. This shit should not be happening in normal use. for real.",negative,washing_machine,negative,washing_machine,0.999976396560669,0.9996799230575562,True,True,standard,1,0,1,1,long,0,0,2026-08-16T19:00:32Z,2026-08-16T19:20:05.154404+00:00
16284,"real talk, outside my normal routine, the earpiece has turned into a recurring problem. the damn thing keeps getting in the way. Honestly 😅",negative,smartphone,negative,television,0.9999064207077026,0.6151944994926453,True,False,informal,1,1,0,1,medium,0,0,2026-08-16T19:00:32Z,2026-08-16T19:20:05.154404+00:00
16285,"tbh, my main impression of this new pohne comes from the usb port: it has stayed dependable during a heavier-than-usual day. i noticed the change only in the new situation.",positive,smartphone,positive,smartphone,0.9998998641967773,0.9991378784179688,True,True,informal,0,0,1,1,medium,0,0,2026-08-16T19:00:32Z,2026-08-16T19:20:05.154404+00:00
16286,"outside my normal routine, the inside lighting is fine for what it is. a second check gave me the same result. i don't feel strongly either way. that said, the thermostat keeps acting up, so the experience is not completely one-sided.",neutral,refrigerator,neutral,refrigerator,0.9999457597732544,0.9941307902336121,True,True,informal,0,0,0,0,long,1,0,2026-08-16T19:00:32Z,2026-08-16T19:20:05.154404+00:00
16287,"I did not pay much attention to the earpiece at first, but after using it for work and at home it keeps acting up. I would not rely on it. This shit should not be happening in normal use. Honestly 😂",negative,smartphone,negative,washing_machine,0.9999821186065674,0.6985896229743958,True,False,standard,1,1,0,0,long,0,0,2026-08-16T19:00:32Z,2026-08-16T19:20:05.154404+00:00
16288,"ngl, the is what stood out when someone else in the house used it; it has stayed dependable. someone else in the house noticed it too. the damn thing surprised in a good way.",positive,television,positive,washing_machine,0.9999510049819946,0.7633079886436462,True,False,limited,1,0,0,1,long,0,0,2026-08-16T19:00:32Z,2026-08-16T19:20:05.154404+00:00
16289,My main impression of this cold-storage unit comes from the compressor fan: it does the job outside my normal routine. a second check gave me the same result. kinda wild.,neutral,refrigerator,neutral,refrigerator,0.9999500513076782,0.9997503161430359,True,True,advanced,0,0,0,1,medium,0,0,2026-08-16T19:00:32Z,2026-08-16T19:20:05.154404+00:00
16290,"Under a representative operating profile, after using it for work and at home, I noticed that the door latch on this machine is neither impressive nor bad. someone else in the house noticed it too. it is adequate for now.",neutral,washing_machine,neutral,washing_machine,0.9999971389770508,0.9997121691703796,True,True,technical,0,0,0,0,long,0,0,2026-08-16T19:00:32Z,2026-08-16T19:20:05.154404+00:00
16291,"My main impression of this daily driver comes from the USB port: it remains basically average during a heavier-than-usual day. the behavior persisted across several attempts. Honestly, the damn thing is just average.",neutral,smartphone,neutral,smartphone,0.9999990463256836,0.9991974234580994,True,True,advanced,1,0,0,0,medium,0,0,2026-08-16T19:00:32Z,2026-08-16T19:20:05.154404+00:00
16292,"the apps is what stood out after using it for work and at home; it works normally. a second check gave me the same result. i don't feel strongly either way. honestly, the damn thing is just average.",neutral,smartphone,neutral,television,0.9999990463256836,0.996204674243927,True,False,informal,1,0,0,0,long,0,0,2026-08-16T19:00:32Z,2026-08-16T19:20:05.154404+00:00
16293,"the wireless conection is what stood out after changing a few settings; it feels ordinary after more use. the behavior persisted across several attempts. honestly, the damn thing is just average. Honestly 💀",neutral,television,neutral,television,0.9999967813491821,0.9993890523910522,True,True,informal,1,1,1,0,medium,0,0,2026-08-16T19:00:32Z,2026-08-16T19:20:05.154404+00:00
16294,"After repeated use under comparable conditions, after changing a few settings, I noticed that the drainage motor on this wash unit has not given me trouble. someone else in the house noticed it too. I expected some crap here, but it has actually held up. Honestly 🙂",positive,washing_machine,positive,washing_machine,0.9999133348464966,0.9997901320457458,True,True,technical,1,1,0,0,long,0,0,2026-08-16T19:00:32Z,2026-08-16T19:20:05.154404+00:00
16295,"ngl, after a few weeks of mixed use, i noticed that the sports motion on this video panel has become increasingly unreliable. i tried the same thing again later and got a similar result.",negative,television,negative,television,0.9999649524688721,0.9991235136985779,True,True,informal,0,0,0,1,long,0,0,2026-08-16T19:00:32Z,2026-08-16T19:20:05.154404+00:00
16296,"i did not pay much attention to the thermostat at first, but after changing a few settings it has turned into a recurring problem. this was different from my first impression.",negative,refrigerator,negative,refrigerator,0.9996581077575684,0.983964204788208,True,True,limited,0,0,0,0,medium,0,0,2026-08-16T19:00:32Z,2026-08-16T19:20:05.154404+00:00
16297,"after taking it on a trip, the panel lighting is acceptable but unremarkable.",neutral,television,neutral,television,0.9916022419929504,0.294410765171051,True,True,informal,0,0,0,0,short,0,1,2026-08-16T19:00:32Z,2026-08-16T19:20:05.154404+00:00
16298,"When someone else in the house used it, I noticed that the vibration on this clothes washer feels ordinary after more use. I tried the same thing again later and got a similar result. I would neither recommend it nor warn people away.",neutral,washing_machine,neutral,washing_machine,0.9999973773956299,0.9997102618217468,True,True,standard,0,0,0,0,long,0,0,2026-08-16T19:00:32Z,2026-08-16T19:20:05.154404+00:00
16299,"I have been useing this screen unit after changing a few settings, and the video input holds up better than expected. the difference became clearer after a few more days. I expected some crap here, but it has actually held up.",positive,television,positive,television,0.9999446868896484,0.999624490737915,True,True,standard,1,0,1,0,long,0,0,2026-08-16T19:00:32Z,2026-08-16T19:20:05.154404+00:00
16300,"Across repeated observations, my main impression of this cell phone comes from the rear camera: it has not changed my opinion much after using it for work and at home. the difference became clearer after a few more days.",neutral,smartphone,neutral,smartphone,0.9999891519546509,0.9991376399993896,True,True,technical,0,0,0,0,long,0,0,2026-08-16T19:00:32Z,2026-08-16T19:20:05.154404+00:00
16301,"during a day, i noticed that the compressor fan on this kitchen fridge keeps getting in the way. i noticed the change only in the new situation. this is the part makes me regret the purchase. 🙃",negative,refrigerator,negative,refrigerator,0.9999828338623047,0.9997336268424988,True,True,limited,0,1,0,0,long,0,0,2026-08-16T19:00:32Z,2026-08-16T19:20:05.154404+00:00
16302,"I did not pay much attention to the door latch at first, but after coming back to it after a few days it breaks down when conditions change. someone else in the house noticed it too. I am considering a replacement.",negative,washing_machine,negative,washing_machine,0.999985933303833,0.9996939897537231,True,True,advanced,0,0,0,0,long,0,0,2026-08-16T19:00:32Z,2026-08-16T19:20:05.154404+00:00
16303,The sports motion is what stood out when someone else in the house used it; it keeps getting in the way. someone else in the house noticed it too. 🤷,negative,television,negative,television,0.9999597072601318,0.999567449092865,True,True,advanced,0,1,0,0,medium,0,0,2026-08-16T19:00:32Z,2026-08-16T19:20:05.154404+00:00
16304,the apps is what stood out after changing a few settings; it breaks down when conditions change. i repeated the check before writing this. kinda wild.,negative,smartphone,negative,television,0.9995618462562561,0.6691843867301941,True,False,informal,0,0,0,1,medium,0,0,2026-08-16T19:00:32Z,2026-08-16T19:20:05.154404+00:00
16305,"I have been using this pocket device outside my normal routine, and the earpiece feels dependable in daily use. this was diferent from my first impression.",positive,smartphone,positive,smartphone,0.9985363483428955,0.999140739440918,True,True,standard,0,0,1,0,medium,0,0,2026-08-16T19:00:32Z,2026-08-16T19:20:05.154404+00:00
16306,"i have been this new washer after changing a few settings, and the fill valve still performs consistently.",positive,washing_machine,positive,washing_machine,0.9988019466400146,0.9789326786994934,True,True,limited,0,0,0,0,medium,0,1,2026-08-16T19:00:32Z,2026-08-16T19:20:05.154404+00:00
16307,"after coming back to it after a few days, i noticed that the built-in audio on this living room display is neither impressive nor bad.",neutral,television,neutral,television,0.998518168926239,0.9984385371208191,True,True,informal,0,0,0,0,medium,0,0,2026-08-16T19:00:32Z,2026-08-16T19:20:05.154404+00:00
16308,"i did not pay much attention to the drainage motor at first, but after changing a few settings it works well even outside my usual routine. i repeated the check before writing this. idk.",positive,washing_machine,positive,washing_machine,0.9999196529388428,0.991078794002533,True,True,informal,0,0,0,1,long,0,1,2026-08-16T19:00:32Z,2026-08-16T19:20:05.154404+00:00
16309,"I have been using this cold-storage unit after using it for work and at home, and the inside lighting remains basically average. I repeated the check before writing this. Honestly 🙂",neutral,refrigerator,neutral,refrigerator,0.9999723434448242,0.9995090961456299,True,True,advanced,0,1,0,0,medium,0,1,2026-08-16T19:00:32Z,2026-08-16T19:20:05.154404+00:00
16310,"i did not pay much attention to the shelf layout first, but after coming back to it after a few days it remains basically average. the behavior persisted across several attempts. the damn thing is basically fine.",neutral,refrigerator,neutral,refrigerator,0.9999985694885254,0.999751627445221,True,True,limited,1,0,0,0,long,0,0,2026-08-16T19:00:32Z,2026-08-16T19:20:05.154404+00:00
16311,"after a few weeks of mixed use, the video input has gievn me trouble. a second check gave me the same result. 🔥",positive,television,positive,television,0.9998507499694824,0.9975806474685669,True,True,limited,0,1,1,0,medium,0,0,2026-08-16T19:00:32Z,2026-08-16T19:20:05.154404+00:00
16312,"Outside my normal routine, the picture quality keeps acting up. idk.",negative,television,negative,television,0.9884500503540039,0.8375289440155029,True,True,advanced,0,0,1,1,short,0,0,2026-08-16T19:00:32Z,2026-08-16T19:20:05.154404+00:00
16313,"I have been using this video panel during a heavier-than-usual day, and the panel lighting feels dependable in daily use. this was different from my first impression. I have stopped worrying about this part of the product. 🤷",positive,television,positive,television,0.9999433755874634,0.9994521737098694,True,True,standard,0,1,0,0,long,0,1,2026-08-16T19:00:32Z,2026-08-16T19:20:05.154404+00:00
16314,"After changing a few settings, I noticed that the vibration on this clothes washer has turned into a recurring probelm. someone else in the house noticed it too. That said, the fill valve continues to work without drama, so the experience is not completely one-sided.",negative,washing_machine,negative,washing_machine,0.9999415874481201,0.9996867179870605,True,True,advanced,0,0,1,0,long,1,0,2026-08-16T19:00:32Z,2026-08-16T19:20:05.154404+00:00
16315,"i did not pay much attention to the wireless connection at first, but after taking it on a trip it has stayed dependable.",positive,television,positive,television,0.9860664010047913,0.9088789224624634,True,True,informal,0,0,0,0,medium,0,1,2026-08-16T19:00:32Z,2026-08-16T19:20:05.154404+00:00
16316,My main impression of this refrigeration unit comes from the gasket: it has not changed my opinion much after using it for work and at home. the behavior persisted across several attempts. There is no major crap to complain about here. Honestly 😂,neutral,refrigerator,neutral,refrigerator,0.9999973773956299,0.9997310042381287,True,True,advanced,1,1,0,0,long,0,0,2026-08-16T19:00:32Z,2026-08-16T19:20:05.154404+00:00
16317,"real talk, i did not pay much attention to the inside lighting at first, but during a heavier-than-usual day it is fine for what it is. the difference became clearer after a few more days. On the other hand, the freezer compartment has become increasingly unreliable, which makes the overall picture more mixed. The damn thnig is basically fine.",neutral,refrigerator,neutral,refrigerator,0.9999985694885254,0.9998006224632263,True,True,standard,1,0,1,1,long,1,0,2026-08-16T19:00:32Z,2026-08-16T19:20:05.154404+00:00
16318,"I have been useing this wash unit when someone else in the house used it, and the cycle controls is acceptable but unremarkable. a second check gave me the same result.",neutral,washing_machine,neutral,washing_machine,0.9999748468399048,0.9994687438011169,True,True,standard,0,0,1,0,medium,0,0,2026-08-16T19:00:32Z,2026-08-16T19:20:05.154404+00:00
16319,"the interface is what stood out when someone else in the house used it; it has been a pleasant this was different from my first impression. i plan to keep using it. on other hand, the panel lighting does the job, which makes the overall picture more mixed.",positive,television,positive,television,0.9998471736907959,0.9994914531707764,True,True,limited,0,0,0,0,long,1,1,2026-08-16T19:00:32Z,2026-08-16T19:20:05.154404+00:00
16320,"i did not pay much attention to the batery life at first, but when someone else in the house used it it feels ordinary after more use. the behavior persisted across several attempts. honestly, the damn thing is just average.",neutral,smartphone,neutral,smartphone,0.9999988079071045,0.9991915822029114,True,True,limited,1,0,1,0,long,0,0,2026-08-16T19:00:32Z,2026-08-16T19:20:05.154404+00:00
16321,My main impression of this wash unit comes from the wash drum: it works well even outside my usual routine outside my normal routine. the difference became clearer after a few more days. I plan to keep using it. 😅,positive,washing_machine,positive,washing_machine,0.9999449253082275,0.9997608065605164,True,True,standard,0,1,0,0,long,0,1,2026-08-16T19:00:32Z,2026-08-16T19:20:05.154404+00:00
16322,"My main impression of this cold-storage unit comes from the shelf layout: it has been a pleasant surprise outside my normal routine. I repeated the check before writing this. I expected some crap here, but it has actually held up.",positive,refrigerator,positive,refrigerator,0.9999457597732544,0.9998058676719666,True,True,standard,1,0,0,0,long,0,0,2026-08-16T19:00:32Z,2026-08-16T19:20:05.154404+00:00
16323,"i have been using this refrigeration unit after changing a few settings, and the compressor fan breaks down when conditions change. the behavior persisted across several attempts. this is damn annoying. 🤔",negative,refrigerator,negative,refrigerator,0.99994957447052,0.9997294545173645,True,True,informal,1,1,0,0,medium,0,0,2026-08-16T19:00:32Z,2026-08-16T19:20:05.154404+00:00
16324,The USB port is what stood out after taking it on a trip; it has stayed dependable. I noticed the change only in the new situation. overall I am happy with it. for real. 🤷,positive,smartphone,positive,smartphone,0.9999268054962158,0.9992251396179199,True,True,standard,0,1,0,1,long,0,0,2026-08-16T19:00:32Z,2026-08-16T19:20:05.154404+00:00
16325,"The built-in audio is what stood out outside my normal routine; it has been a pleasant surprise. a second check gave me the same result. No bullshit, this has been one of the better parts of the product.",positive,television,positive,television,0.9999804496765137,0.9991517066955566,True,True,advanced,1,0,1,0,long,0,0,2026-08-16T19:00:32Z,2026-08-16T19:20:05.154404+00:00
16326,"tbh, i did not pay much attention to the ice system at first, but after taking it on a trip it feels ordinary after more use. I noticed the change only in the new situation.",neutral,refrigerator,neutral,refrigerator,0.9999657869338989,0.9995179176330566,True,True,standard,0,0,0,1,long,0,0,2026-08-16T19:00:32Z,2026-08-16T19:20:05.154404+00:00
16327,"From a practical reliability standpoint, my main impression of this video panel comes from the sports motion: it still performs consistently after taking it on a trip. a second check gave me the same result. overall I am happy with it.",positive,television,positive,television,0.9999595880508423,0.9995105266571045,True,True,technical,0,0,0,0,long,0,1,2026-08-16T19:00:32Z,2026-08-16T19:20:05.154404+00:00
16328,"I did not pay much atteniton to the picture quality at first, but after changing a few settings it breaks down when conditions change. someone else in the house noticed it too. 🙂",negative,television,negative,television,0.99994957447052,0.9994708895683289,True,True,standard,0,1,1,0,medium,0,0,2026-08-16T19:00:32Z,2026-08-16T19:20:05.154404+00:00
16329,"i have been using this kitchen fridge after a few weeks of mixed use, and the inside lighting is fine for what it is. there is no major crap to complain about here.",neutral,refrigerator,neutral,refrigerator,0.9999983310699463,0.9997206330299377,True,True,informal,1,0,0,0,medium,0,1,2026-08-16T19:00:32Z,2026-08-16T19:20:05.154404+00:00
16330,"i did not much attention to the inside lighting at first, after using it for work and at home it remains basically average. the behavior persisted across several attempts. the damn thing is basically fine.",neutral,refrigerator,neutral,refrigerator,0.9999986886978149,0.9994521737098694,True,True,limited,1,0,0,0,long,0,1,2026-08-16T19:00:32Z,2026-08-16T19:20:05.154404+00:00
16331,"I have been using this television set when someone else in the house used it, and the video input remains basically average. I tried the same thing again later and got a similar result. I can live with it.",neutral,television,neutral,television,0.9999935626983643,0.9995529055595398,True,True,advanced,0,0,0,0,long,0,0,2026-08-16T19:00:32Z,2026-08-16T19:20:05.154404+00:00
16332,"i did not pay much attention to the earpiece at first, but during a heavier-than-usual day it holds up better than expected. someone else in the house noticed it too. would buy it again. no bullshit, this has been one of the better parts of the product.",positive,smartphone,positive,refrigerator,0.9999805688858032,0.697756826877594,True,False,limited,1,0,0,0,long,0,0,2026-08-16T19:00:32Z,2026-08-16T19:20:05.154404+00:00
16333,"From a practical reliability standpoint, the call quality is what stood out during a heavier-than-usual day; it still performs consistently. overall I am happy with it.",positive,smartphone,positive,smartphone,0.9999476671218872,0.9988430738449097,True,True,technical,0,0,0,0,medium,0,0,2026-08-16T19:00:32Z,2026-08-16T19:20:05.154404+00:00
16334,"i have been using this mobile after taking it on a trip, and the call quality well even outside my usual routine. this was different from my first impression. damn, i did not expect this part to be this solid.",positive,smartphone,positive,smartphone,0.999971866607666,0.9992238283157349,True,True,limited,1,0,0,0,long,0,1,2026-08-16T19:00:32Z,2026-08-16T19:20:05.154404+00:00
16335,"i did not pay much attention to the earpiece at first, but after a few weeks of mixed use it has not given me trouble. i noticed the change only the new situation.",positive,smartphone,positive,smartphone,0.9997766613960266,0.3773779273033142,True,True,limited,0,0,0,0,medium,0,1,2026-08-16T19:00:32Z,2026-08-16T19:20:05.154404+00:00
16336,"Under ordinary operating conditions, i did not pay much attention to the interface at first, but during a heavier-than-usual day it feels dependable in daily use. I noticed the change only in the new situation. overall I am happy with it. for real.",positive,television,positive,smartphone,0.9999412298202515,0.9966598749160767,True,False,technical,0,0,0,1,long,0,0,2026-08-16T19:00:32Z,2026-08-16T19:20:05.154404+00:00
16337,My main impression of this machine comes from the fill valve: it works normally outside my normal routine. the difference became clearer after a few more days.,neutral,washing_machine,neutral,washing_machine,0.9997720122337341,0.9994075298309326,True,True,standard,0,0,0,0,medium,0,0,2026-08-16T19:00:32Z,2026-08-16T19:20:05.154404+00:00
16338,"my main impression of this video panel comes from the panel lighting: it works well even outside my usual routine after coming back to it after a few days. this was different from my first impression. on the other hand, the built-in audio fails in normal use, which makes the overall picture more mixed.",positive,television,positive,television,0.9998416900634766,0.9995049238204956,True,True,informal,0,0,0,0,long,1,0,2026-08-16T19:00:32Z,2026-08-16T19:20:05.154404+00:00
16339,The gasket is what stood out during a heavier-than-usual day; it keeps egtting in the way.,negative,refrigerator,negative,refrigerator,0.9895849823951721,0.9939285516738892,True,True,advanced,0,0,1,0,medium,0,0,2026-08-16T19:00:32Z,2026-08-16T19:20:05.154404+00:00
16340,"i have been using this clothes washer after using it for work and at home, and the door latch is neither impressive nor bad. someone else in the house noticed it too.",neutral,washing_machine,neutral,washing_machine,0.9999076128005981,0.9996292591094971,True,True,informal,0,0,0,0,medium,0,0,2026-08-16T19:00:32Z,2026-08-16T19:20:05.154404+00:00
16341,"I did not pay much attention to the soap tray at first, but after a few weeks of mixed use it is neither impressive nor bad. I noticed the change only in the new situation.",neutral,washing_machine,neutral,washing_machine,0.9999866485595703,0.9992265701293945,True,True,advanced,0,0,0,0,long,0,0,2026-08-16T19:00:32Z,2026-08-16T19:20:05.154404+00:00
16342,"after changing a few settings, i noticed that the fingerprint reader on this new phone is neither impressive nor bad. i tried the same thing again later and got a similar result.",neutral,smartphone,neutral,smartphone,0.9999887943267822,0.9991317391395569,True,True,informal,0,0,0,0,medium,0,0,2026-08-16T19:00:32Z,2026-08-16T19:20:05.154404+00:00
16343,"i have been using this pocket deviec after taking it on a trip, and the battery life has not given me trouble. damn, i did not expect this part to be this solid.",positive,smartphone,positive,smartphone,0.999969482421875,0.9991279244422913,True,True,informal,1,0,1,0,medium,0,1,2026-08-16T19:00:32Z,2026-08-16T19:20:05.154404+00:00
16344,The shelf layout is what stood out after taking it on a trip; it has turned into a recurring problem. a second check gave me the same result. I am tired of this crap. 😬,negative,refrigerator,negative,refrigerator,0.9999735355377197,0.9996354579925537,True,True,standard,1,1,0,0,long,0,0,2026-08-16T19:00:32Z,2026-08-16T19:20:05.154404+00:00
16345,"i did not pay much atteniton to the sports motion at first, but after coming back to it after a few days it keeps getting in the way. 🤷",negative,television,negative,television,0.9992444515228271,0.9992247819900513,True,True,informal,0,1,1,0,medium,0,0,2026-08-16T19:00:32Z,2026-08-16T19:20:05.154404+00:00
16346,"i did not pay much attention to the picture quality at first, but after few weeks of use it continues to work without drama. a second check gave me the same result. Honestly 😂",positive,television,positive,television,0.9999252557754517,0.9989562034606934,True,True,limited,0,1,0,0,long,0,0,2026-08-16T19:00:32Z,2026-08-16T19:20:05.154404+00:00
16347,My main impression of this work phone comes from the battery life: it is acceptable but unremarkable after taking it on a trip. the behavior persisted across several attempts. it is adequate for now. 🙃,neutral,smartphone,neutral,smartphone,0.9999971389770508,0.9992037415504456,True,True,standard,0,1,0,0,long,0,0,2026-08-16T19:00:32Z,2026-08-16T19:20:05.154404+00:00
16348,"Under ordinary operating conditions, outside my normal routine, the fill valve has turned into a recurring probelm. a second check gave me the same result. I would not rely on it. This shit should not be happening in normal use.",negative,washing_machine,negative,washing_machine,0.9999805688858032,0.9996688365936279,True,True,technical,1,0,1,0,long,0,1,2026-08-16T19:00:32Z,2026-08-16T19:20:05.154404+00:00
16349,"i have been using this laundry unit after coming back to it after a few days, and the spin program works normally. i tried the same thing again later and got a similar result. i would neither recommend it nor warn people away. 👎",neutral,washing_machine,neutral,washing_machine,0.9999957084655762,0.999632716178894,True,True,informal,0,1,0,0,long,0,0,2026-08-16T19:00:32Z,2026-08-16T19:20:05.154404+00:00
16350,"after changing a few settings, i noticed that the compressor fan on this cold-storage unit feels dependable in daily use. someone else in the house noticed it too. the damn thing surpirsed me in a good way. 😐",positive,refrigerator,positive,refrigerator,0.9999533891677856,0.9997969269752502,True,True,limited,1,1,1,0,long,0,0,2026-08-16T19:00:32Z,2026-08-16T19:20:05.154404+00:00
16351,my main impression of this work phone comes from the reception: it is fine for what it is after a few weeks of mixed use. someone else in the house noticed it too. i would neither recommend it nor warn people away.,neutral,smartphone,neutral,smartphone,0.9999974966049194,0.9992095232009888,True,True,limited,0,0,0,0,long,0,0,2026-08-16T19:00:32Z,2026-08-16T19:20:05.154404+00:00
16352,"imo, i did not pay much attention to the apps at first, but after using it for work and at home it has not given me trouble. someone else in the house noticed it too. I plan to keep using it. 🙃",positive,smartphone,positive,washing_machine,0.9999589920043945,0.7837543487548828,True,False,advanced,0,1,0,1,long,0,1,2026-08-16T19:00:32Z,2026-08-16T19:20:05.154404+00:00
16353,"outside my normal routine, i noticed that the picture quality on this living room is difficult to trust. i noticed the change only in the new situation. i would hesitate to buy it again.",negative,television,negative,television,0.9999731779098511,0.9994188547134399,True,True,limited,0,0,0,0,long,0,0,2026-08-16T19:00:32Z,2026-08-16T19:20:05.154404+00:00
16354,"From a practical reliability standpoint, i did not pay much attention to the earpiece at first, but after coming back to it after a few days it is difficult to trust. the behavior persisted across several attempts.",negative,smartphone,negative,television,0.9989334940910339,0.5525339245796204,True,False,technical,0,0,0,0,long,0,0,2026-08-16T19:00:32Z,2026-08-16T19:20:05.154404+00:00
16355,"my main impression of this machine comes from the cycle controls: it is acceptable but unremarkable after coming back to it after a few days. i tried the same thing again later and got a similar result. that said, the vibration has stayed dependable, so the experience is not completely one-sided. Honestly 😅",neutral,washing_machine,neutral,washing_machine,0.9999505281448364,0.9997944235801697,True,True,informal,0,1,0,0,long,1,0,2026-08-16T19:00:32Z,2026-08-16T19:20:05.154404+00:00
16356,"i have been using this food cooler after using it for work and at home, and the cooling motor remains basically average. someone else in the noticed it too. my opinion is still basically in the middle. it is not amazing, but it is not bullshit either.",neutral,refrigerator,neutral,refrigerator,0.9999986886978149,0.9996832609176636,True,True,limited,1,0,0,0,long,0,0,2026-08-16T19:00:32Z,2026-08-16T19:20:05.154404+00:00
16357,"I have been using this daily driver after coming back to it after a few days, and the battery life remains basically average. the behavior persisted across several attempts. pretty solid ngl.",neutral,smartphone,neutral,smartphone,0.9999878406524658,0.999221920967102,True,True,standard,0,0,0,1,medium,0,0,2026-08-16T19:00:32Z,2026-08-16T19:20:05.154404+00:00
16358,"fr, the wash drum is what stood out after coming back to it after a few days; it keeps getting in the way. a second check gave me the same result. this is the part that makes me regret the purchase. 😂",negative,washing_machine,negative,washing_machine,0.9999828338623047,0.9997147917747498,True,True,limited,0,1,0,1,long,0,0,2026-08-16T19:00:32Z,2026-08-16T19:20:05.154404+00:00
16359,my main impression of this kitchen fridge comes from ice system: it breaks down when conditions change during a day. someone else in the house noticed it too.,negative,refrigerator,negative,refrigerator,0.9995957016944885,0.9997454285621643,True,True,limited,0,0,0,0,medium,0,0,2026-08-16T19:00:32Z,2026-08-16T19:20:05.154404+00:00
16360,"i did not pay much attention to the door warning at first, but during a heavier-than-usual day it has become increasingly unreliable. the behavior persisted across several attempts. this needs to improve. the damn thing keeps getting in the way.",negative,refrigerator,negative,refrigerator,0.9999790191650391,0.9996882677078247,True,True,informal,1,0,0,0,long,0,0,2026-08-16T19:00:32Z,2026-08-16T19:20:05.154404+00:00
16361,"lowkey, the panel lighting is what stood out after coming back to it after a few days; it does the job. it is adequate for now.",neutral,television,neutral,television,0.9999868869781494,0.9809380173683167,True,True,advanced,0,0,0,1,medium,0,0,2026-08-16T19:00:32Z,2026-08-16T19:20:05.154404+00:00
16362,the soap tray is what out after changing a few settings; it feels ordinary after more use. the damn thing is basically fine. 🙃,neutral,washing_machine,neutral,washing_machine,0.999996542930603,0.9988897442817688,True,True,limited,1,1,0,0,medium,0,0,2026-08-16T19:00:32Z,2026-08-16T19:20:05.154404+00:00
16363,"I did not pay much attention to the network reception at first, but after changing a few settings it is neither impressive nor bad. I noticed the change only in the new situation. I can live with it.",neutral,smartphone,neutral,smartphone,0.999993085861206,0.9991965889930725,True,True,advanced,0,0,0,0,long,0,0,2026-08-16T19:00:32Z,2026-08-16T19:20:05.154404+00:00
16364,my main impression of this food cooler comes from the door it is acceptable but unremarkable after changing a few settings. i repeated the check before writing this. for real.,neutral,refrigerator,neutral,refrigerator,0.9999593496322632,0.9996986389160156,True,True,limited,0,0,0,1,medium,0,0,2026-08-16T19:00:32Z,2026-08-16T19:20:05.154404+00:00
16365,"Under ordinary operating conditions, after coming back to it after a few days, I noticed that the interface on this television set continues to work without drama. I would buy it again. That said, the panel lighting is neither impressive nor bad, so the experience is not completely one-sided. Honestly 😂",positive,television,positive,television,0.9999139308929443,0.9995414018630981,True,True,technical,0,1,0,0,long,1,0,2026-08-16T19:00:32Z,2026-08-16T19:20:05.154404+00:00
16366,"tbh, i did not pay much attention to the earpiece at first, but after coming back to it after a days it does the job. this was different from my first impression. my opinion is still basically in the middle.",neutral,smartphone,neutral,washing_machine,0.999993085861206,0.45672768354415894,True,False,limited,0,0,0,1,long,0,0,2026-08-16T19:00:32Z,2026-08-16T19:20:05.154404+00:00
16367,"i have been using this clothes washer during a heavier-than-usual day, and the drainage motor has become increasingly unreliable. a second check gave me the same result. i would rely on it. the damn thing keeps getting in the way. Honestly 😅",negative,washing_machine,negative,washing_machine,0.9999810457229614,0.9997660517692566,True,True,limited,1,1,0,0,long,0,0,2026-08-16T19:00:32Z,2026-08-16T19:20:05.154404+00:00
16368,"i did not pay much attention to the sports motion at first, but outside my normal routine it works normally. someone else in the house noticed it too.",neutral,television,neutral,television,0.9969573020935059,0.9990523457527161,True,True,informal,0,0,0,0,medium,0,0,2026-08-16T19:00:32Z,2026-08-16T19:20:05.154404+00:00
16369,"The call quality is what stood out when someone else in the house used it; it works normally. I tried the same thing again later and got a similar result. The touch panel tells a different story because it breaks down when conditions change. It is not amazing, but it is not bullshit either. 👍",neutral,smartphone,neutral,smartphone,0.9999972581863403,0.9992520213127136,True,True,standard,1,1,0,0,long,1,0,2026-08-16T19:00:32Z,2026-08-16T19:20:05.154404+00:00
16370,"I have been using this TV set during a heavier-than-usual day, and the controller remains basically average. the behavior persisted across several attempts. Honestly, the damn thing is just average. 😂",neutral,television,neutral,television,0.9999982118606567,0.9995042085647583,True,True,standard,1,1,0,0,medium,0,0,2026-08-16T19:00:32Z,2026-08-16T19:20:05.154404+00:00
16371,"Under ordinary operating conditions, during a heavier-than-usual day, the earpiece kepes getting in the way. the behavior persisted across several attempts. Honestly 👍",negative,smartphone,negative,washing_machine,0.9860578179359436,0.2738775610923767,True,False,technical,0,1,1,0,medium,0,0,2026-08-16T19:00:32Z,2026-08-16T19:20:05.154404+00:00
16372,"during a heavier-than-usual day, the wireless connection feels dependable in daily use. the difference became clearer after a few more days. damn, i did not expect this part to be this solid.",positive,television,positive,television,0.999963641166687,0.9993903636932373,True,True,informal,1,0,0,0,medium,0,0,2026-08-16T19:00:32Z,2026-08-16T19:20:05.154404+00:00
16373,"fr, when someone else in the house used it, i noticed that the compressor fan on this refrigeration unit works well even outside my usual routine. i repeated the check before writing this. the freezer compartment tells a different story because it fails in normal use. no bullshit, this has been one of the better parts of the product.",positive,refrigerator,positive,refrigerator,0.9999804496765137,0.9995908141136169,True,True,informal,1,0,0,1,long,1,0,2026-08-16T19:00:32Z,2026-08-16T19:20:05.154404+00:00
16374,My main impression of this machine comes from the spin program: it has turned into a recurring problem after using it for work and at home. someone else in the house noticed it too. I am already looking at alternatives. I am tired of this crap.,negative,washing_machine,negative,washing_machine,0.9999872446060181,0.9996836185455322,True,True,advanced,1,0,0,0,long,0,0,2026-08-16T19:00:32Z,2026-08-16T19:20:05.154404+00:00
16375,"My main impression of this screen unit comes from the controller: it has stayed dependable after coming back to it after a few days. a second check gave me the same result. That said, the sports motion has been a disappointment, so the experience is not completely one-sided.",positive,television,positive,television,0.9998548030853271,0.999496340751648,True,True,advanced,0,0,0,0,long,1,0,2026-08-16T19:00:32Z,2026-08-16T19:20:05.154404+00:00
16376,"tbh, during a heavier-than-usual day, I noticed that the fingerprint reader on this daily driver feels ordinary after more use. I tried the same thing again later and got a similar result. 🙃",neutral,smartphone,neutral,smartphone,0.9999872446060181,0.9991652965545654,True,True,advanced,0,1,0,1,medium,0,0,2026-08-16T19:00:32Z,2026-08-16T19:20:05.154404+00:00
16377,The inside lighting is what stood out outside my normal routine; it is neither impressive nor bad. Honestly 😅,neutral,refrigerator,neutral,refrigerator,0.9965713024139404,0.9909301400184631,True,True,standard,0,1,0,0,medium,0,0,2026-08-16T19:00:32Z,2026-08-16T19:20:05.154404+00:00
16378,"Across repeated observations, after a few weeks of mxied use, I noticed that the compressor fan on this food cooler remains basically average. It is not amazing, but it is not bullshit either.",neutral,refrigerator,neutral,refrigerator,0.9999985694885254,0.9996622800827026,True,True,technical,1,0,1,0,medium,0,0,2026-08-16T19:00:32Z,2026-08-16T19:20:05.154404+00:00
16379,"After using it for work and at home, the panel lighting has stayed dependable. the difference became clearer after a few more days.",positive,television,positive,television,0.9998894929885864,0.8698946237564087,True,True,advanced,0,0,0,0,medium,0,0,2026-08-16T19:00:32Z,2026-08-16T19:20:05.154404+00:00
16380,"I have been using this machine after using it for work and at home, and the soap tray feels ordinary after more use. I repeated the check before writing this.",neutral,washing_machine,neutral,washing_machine,0.989180326461792,0.9995469450950623,True,True,standard,0,0,0,0,medium,0,0,2026-08-16T19:00:32Z,2026-08-16T19:20:05.154404+00:00
16381,"Under ordinary operating conditions, after using it for work and at home, I noticed that the call quality on this new phone feels dependable in daily use. I noticed the change only in the new situation. I would buy it again.",positive,smartphone,positive,smartphone,0.9999349117279053,0.9991924166679382,True,True,technical,0,0,0,0,long,0,0,2026-08-16T19:00:32Z,2026-08-16T19:20:05.154404+00:00
16382,"Under a representative operating profile, i did not pay much attention to the earpiece at first, but after using it for work and at home it works well even outside my usual routine. overall I am happy with it.",positive,smartphone,positive,washing_machine,0.999954104423523,0.49009114503860474,True,False,technical,0,0,0,0,long,0,0,2026-08-16T19:00:32Z,2026-08-16T19:20:05.154404+00:00
16383,"i did pay much attention to the cooling motor at first, but after coming back to it after a few days it keeps getting in the way. this was different from my first impression. i would not rely on it. i am tired of this crap.",negative,refrigerator,negative,refrigerator,0.9999860525131226,0.999713122844696,True,True,limited,1,0,0,0,long,0,0,2026-08-16T19:00:32Z,2026-08-16T19:20:05.154404+00:00
16384,"i did not pay much attention to the soap tray at first, but after using it for work and at home it is fine for what it is. a second check me the same result. honestly, the damn thing is just average.",neutral,washing_machine,neutral,washing_machine,0.9999978542327881,0.99968421459198,True,True,limited,1,0,0,0,long,0,0,2026-08-16T19:00:32Z,2026-08-16T19:20:05.154404+00:00
16385,"i did not pay much attention to the cycle controls at first, but after a few weeks of mixed use it is fine for what it is. someone else in the house noticed it too. honestly, the damn thing is just average.",neutral,washing_machine,neutral,washing_machine,0.9999988079071045,0.99972003698349,True,True,limited,1,0,0,0,long,0,0,2026-08-16T19:00:32Z,2026-08-16T19:20:05.154404+00:00
16386,"real talk, the cooling motor is what stood out after a few weeks of mixed use; it keeps getting in the way. this was different from my first impression. I am already looking at alternatives. That said, the compressor fan works normally, so the experience is not completely one-sided.",negative,refrigerator,negative,refrigerator,0.9999618530273438,0.9997350573539734,True,True,advanced,0,0,0,1,long,1,0,2026-08-16T19:00:32Z,2026-08-16T19:20:05.154404+00:00
16387,"i did not pay much attention to the wash drum at first, but after a few weeks of mixed use it has become increasingly unerliable. else in the house it too.",negative,washing_machine,negative,washing_machine,0.9997809529304504,0.999671459197998,True,True,limited,0,0,1,0,medium,0,0,2026-08-16T19:00:32Z,2026-08-16T19:20:05.154404+00:00
16388,"When someone else in the house used it, I noticed that the soap tray on this machine remains basically average. it is adequate for now.",neutral,washing_machine,neutral,washing_machine,0.999997615814209,0.9995182752609253,True,True,standard,0,0,0,0,medium,0,1,2026-08-16T19:00:32Z,2026-08-16T19:20:05.154404+00:00
16389,"From a practical reliability standpoint, outside my normal routine, the gasket breaks down when conditions change. This shit should not be happening in normal use. Honestly 🤔",negative,refrigerator,negative,refrigerator,0.9999632835388184,0.9864208698272705,True,True,technical,1,1,0,0,medium,0,0,2026-08-16T19:00:32Z,2026-08-16T19:20:05.154404+00:00
16390,"I have been using this work phone after coming back to it after a few days, and the apps is acceptable but unremarkable. someone else in the house noticed it too. I would neither recommend it nor warn people away. The fingerprint reader tells a different story because it has become increasingly unreliable.",neutral,smartphone,neutral,smartphone,0.9999897480010986,0.9993237257003784,True,True,advanced,0,0,0,0,long,1,0,2026-08-16T19:00:32Z,2026-08-16T19:20:05.154404+00:00
16391,"The network reception is what stood out outside my normal routine; it is difficult to trust. someone else in the house noticed it too. That said, the call quality is neither impressive nor bad, so the experience is not completely one-sided.",negative,smartphone,negative,smartphone,0.9999592304229736,0.9991390705108643,True,True,standard,0,0,0,0,long,1,0,2026-08-16T19:00:32Z,2026-08-16T19:20:05.154404+00:00
16392,"I have been using this pocket device during a heavier-than-usual day, and the fingerprint reader still performs consistently. I tried the same thing again later and got a similar result.",positive,smartphone,positive,smartphone,0.9999240636825562,0.9991586208343506,True,True,standard,0,0,0,0,medium,0,0,2026-08-16T19:00:32Z,2026-08-16T19:20:05.154404+00:00
16393,"After using it for work and at home, the video input has become increasingly unreliable.",negative,television,negative,television,0.9927157759666443,0.6274340152740479,True,True,standard,0,0,0,0,medium,0,0,2026-08-16T19:00:32Z,2026-08-16T19:20:05.154404+00:00
16394,"after taking it on a trip, i noticed that the interface on this living room display feels ordinary after more use. this was from my first impression. it is not amazing, but it is not bullshit either. kinda wild.",neutral,television,neutral,television,0.9999966621398926,0.9994993209838867,True,True,limited,1,0,0,1,long,0,0,2026-08-16T19:00:32Z,2026-08-16T19:20:05.154404+00:00
16395,"imo, after a few weeks of mixed use, the ice system holds up better than expected. I repeated the check before writing this.",positive,refrigerator,positive,refrigerator,0.999891996383667,0.8393980860710144,True,True,standard,0,0,0,1,medium,0,1,2026-08-16T19:00:32Z,2026-08-16T19:20:05.154404+00:00
16396,"i did not pay much attention to the fill valve at first, but when someone else in the house used it it keeps acting up. i noticed the change only in the new situation. 😬",negative,washing_machine,negative,washing_machine,0.9999451637268066,0.9994014501571655,True,True,informal,0,1,0,0,long,0,0,2026-08-16T19:00:32Z,2026-08-16T19:20:05.154404+00:00
16397,The freezer compartment is what stood out after a few weeks of mixed use; it keeps acting up. the behavior persisted across several attempts. This is damn annoying.,negative,refrigerator,negative,refrigerator,0.9999462366104126,0.9997475743293762,True,True,advanced,1,0,0,0,medium,0,0,2026-08-16T19:00:32Z,2026-08-16T19:20:05.154404+00:00
16398,"i did not pay much attention to the cooling motor at first, but after using it for work and at home it works well even outside my usual routine. this was different from my first impression. for my use case, this is a keeper.",positive,refrigerator,positive,refrigerator,0.9999607801437378,0.999785840511322,True,True,informal,0,0,0,0,long,0,1,2026-08-16T19:00:32Z,2026-08-16T19:20:05.154404+00:00
16399,"after taking it on a trip, i noticed that the compressor fan on this food cooler keeps acting up. i tried the same thing again later and got a similar result. i am considering a replacement. this shit should not be happening in normal use.",negative,refrigerator,negative,refrigerator,0.9999862909317017,0.9997270703315735,True,True,limited,1,0,0,0,long,0,1,2026-08-16T19:00:32Z,2026-08-16T19:20:05.154404+00:00
16400,"imo, i have been using this machine during a heavier-than-usual day, and the drainage motor keeps acting up. the behavior persisted across several attempts.",negative,washing_machine,negative,washing_machine,0.9926846027374268,0.9992484450340271,True,True,informal,0,0,0,1,medium,0,0,2026-08-16T19:00:32Z,2026-08-16T19:20:05.154404+00:00
16401,The panel lighting is what stood out during a heavier-than-usual day; it has been a pleasant surprise. the difference became clearer after a few more days. I have stopped worrying about this part of the product. The damn thing surprised me in a good way. Honestly 🤔,positive,television,positive,television,0.9999486207962036,0.9800891876220703,True,True,standard,1,1,0,0,long,0,0,2026-08-16T19:00:32Z,2026-08-16T19:20:05.154404+00:00
16402,"From a practical reliability standpoint, my main impression of this new phone comes from the call quality: it feels ordinary after more use after taking it on a trip. the difference became clearer after a few more days. it is adequate for now.",neutral,smartphone,neutral,smartphone,0.9999971389770508,0.9991936087608337,True,True,technical,0,0,0,0,long,0,0,2026-08-16T19:00:32Z,2026-08-16T19:20:05.154404+00:00
16403,"My main impression of this work phone comes from the touch panel: it remains basically average outside my nromal routine. the difference became clearer after a few more days. I can live with it. On the other hand, the USB port breaks down when conditions change, which makes the overall picture more mixed. There is no major crap to complain about here. Honestly 🔥",neutral,smartphone,neutral,smartphone,0.9999964237213135,0.9992510676383972,True,True,standard,1,1,1,0,long,1,0,2026-08-16T19:00:32Z,2026-08-16T19:20:05.154404+00:00
16404,"real talk, i have been using this mobile after coming back to it after a few days, and the call quality keeps getting in the way. This shit should not be happening in normal use.",negative,smartphone,negative,smartphone,0.9999672174453735,0.9991803765296936,True,True,standard,1,0,0,1,long,0,1,2026-08-16T19:00:32Z,2026-08-16T19:20:05.154404+00:00
16405,"From a practical reliability standpoint, the touch panel is what stood out after taking it on a trip; it remains basically average. the behavior persisted across several attempts. On the other hand, the earpiece is difficult to trust, which makes the overall picture more mixed.",neutral,smartphone,neutral,washing_machine,0.9999885559082031,0.7339352369308472,True,False,technical,0,0,0,0,long,1,0,2026-08-16T19:00:32Z,2026-08-16T19:20:05.154404+00:00
16406,"Under a representative operating profile, the compressor fan is what stood out after changing a few settings; it ekeps acting up. I repeated the check before writing this. lol.",negative,refrigerator,negative,refrigerator,0.9959917664527893,0.9997825026512146,True,True,technical,0,0,1,1,medium,0,1,2026-08-16T19:00:32Z,2026-08-16T19:20:05.154404+00:00
16407,"Under ordinary operating conditions, lowkey, after taking it on a trip, the network reception works normally.",neutral,smartphone,neutral,smartphone,0.9340946674346924,0.8719781637191772,True,True,technical,0,0,0,1,medium,0,0,2026-08-16T19:00:32Z,2026-08-16T19:20:05.154404+00:00
16408,"fr, i have been using this new phone outside my normal routine, and the battery life keeps getting in the way. someone else in the house noticed it too. 🔥",negative,smartphone,negative,smartphone,0.9999021291732788,0.9992227554321289,True,True,advanced,0,1,0,1,medium,0,0,2026-08-16T19:00:32Z,2026-08-16T19:20:05.154404+00:00
16409,"after a few weeks of mixed use, i noticed that the thermostat on this new refrigerator keeps acting up. i repeated the check before writing this. i would hesitate to buy it again. i am tired of this crap.",negative,refrigerator,negative,refrigerator,0.9999839067459106,0.9986370205879211,True,True,informal,1,0,0,0,long,0,1,2026-08-16T19:00:32Z,2026-08-16T19:20:05.154404+00:00
16410,"I have been using this new refrigerator after a few weeks of mixed use, and the shelf layout has not changed my opinion much. I tried the same thing again later and got a similar result. Honestly 😬",neutral,refrigerator,neutral,refrigerator,0.9999740123748779,0.9994431138038635,True,True,advanced,0,1,0,0,long,0,1,2026-08-16T19:00:32Z,2026-08-16T19:20:05.154404+00:00
16411,my main impression of this video panel comes from the panel lighting: it keeps getting in the way after changing a few settings. i tried the same thing again later and got a result. i am tired of this crap. 😐,negative,television,negative,television,0.9999874830245972,0.9995562434196472,True,True,limited,1,1,0,0,long,0,0,2026-08-16T19:00:32Z,2026-08-16T19:20:05.154404+00:00
16412,"After taking it on a trip, I noticed that the fill valve on this clothes washer has been a disappointment. the difference became clearer after a few more days. I would not rely on it. This shit should not be happening in normal use.",negative,washing_machine,negative,washing_machine,0.9999812841415405,0.9996780157089233,True,True,standard,1,0,0,0,long,0,0,2026-08-16T19:00:32Z,2026-08-16T19:20:05.154404+00:00
16413,"after using it for work and at home, the video input keeps acting up. difference became clearer after a few days. the damn thing keeps getting in the way. for real.",negative,television,negative,television,0.9999533891677856,0.9994482398033142,True,True,limited,1,0,0,1,medium,0,0,2026-08-16T19:00:32Z,2026-08-16T19:20:05.154404+00:00
16414,"ngl, after taking it on a trip, i noticed that the compressor fan on this main fridge has turned into a recurring problem. i repeated the check before writing this.",negative,refrigerator,negative,refrigerator,0.9996311664581299,0.9996589422225952,True,True,informal,0,0,0,1,medium,0,0,2026-08-16T19:00:32Z,2026-08-16T19:20:05.154404+00:00
16415,"After using it for work and at home, I noticed that the ice system on this food cooler works normally. the difference became clearer after a few more days. I can live with it.",neutral,refrigerator,neutral,refrigerator,0.9999881982803345,0.9992951154708862,True,True,standard,0,0,0,0,long,0,0,2026-08-16T19:00:32Z,2026-08-16T19:20:05.154404+00:00
16416,"I have been using this machine after changing a few settings, and the drainage motor has been a disappointment. I tried the same thing again later and got a similar result.",negative,washing_machine,negative,washing_machine,0.9969695210456848,0.9972248077392578,True,True,advanced,0,0,0,0,medium,0,0,2026-08-16T19:00:32Z,2026-08-16T19:20:05.154404+00:00
16417,the built-in audio is what stood out during a heavier-than-usual day; it is difficult to trust. a second check gave me the same result. i am tired of this crap.,negative,television,negative,television,0.9999725818634033,0.9994668364524841,True,True,informal,1,0,0,0,medium,0,0,2026-08-16T19:00:32Z,2026-08-16T19:20:05.154404+00:00
16418,"afetr taking it on a trip, i noticed that the call quality on this device has been a disappointment.",negative,smartphone,positive,smartphone,0.5357663631439209,0.9966977834701538,False,True,limited,0,0,1,0,medium,0,0,2026-08-16T19:00:32Z,2026-08-16T19:20:05.154404+00:00
16419,"Under ordinary operating conditions, my main impression of this pocket device comes from the call quailty: it has not given me trouble after taking it on a trip.",positive,smartphone,positive,smartphone,0.999847412109375,0.9988985061645508,True,True,technical,0,0,1,0,medium,0,0,2026-08-16T19:00:32Z,2026-08-16T19:20:05.154404+00:00
16420,"I have been using this screen unit after changing a few settings, and the interface is fine for what it is. the difference became clearer after a few more days. That said, the video input has stayed dependable, so the experience is not completely one-sided.",neutral,television,neutral,television,0.9998968839645386,0.9995040893554688,True,True,standard,0,0,0,0,long,1,0,2026-08-16T19:00:32Z,2026-08-16T19:20:05.154404+00:00
16421,"From a practical reliability standpoint, the fill valve is what stood out after taking it on a trip; it is neither impressive nor bad. a second check gave me the same result. 🙂",neutral,washing_machine,neutral,washing_machine,0.9999715089797974,0.9997047781944275,True,True,technical,0,1,0,0,medium,0,0,2026-08-16T19:00:32Z,2026-08-16T19:20:05.154404+00:00
16422,"Under a representative operating profile, after a few weeks of mixed use, I noticed that the spin program on this clothes washer keeps acting up. a second check gave me the same result. this is the part that makes me regret the purchase.",negative,washing_machine,negative,washing_machine,0.9999823570251465,0.9997451901435852,True,True,technical,0,0,0,0,long,0,0,2026-08-16T19:00:32Z,2026-08-16T19:20:05.154404+00:00
16423,"From a practical reliability standpoint, i have been using this cold-storage unit after a few weeks of mixed use, and the freezer compartment has been a pleasant surprise.",positive,refrigerator,positive,refrigerator,0.9874388575553894,0.998455286026001,True,True,technical,0,0,0,0,medium,0,1,2026-08-16T19:00:32Z,2026-08-16T19:20:05.154404+00:00
16424,"imo, the vibration is what stood out after a few weeks of mixed use; has turned into a recurring problem. i noticed the change only in the new situation. the damn thing keeps getting in the way.",negative,washing_machine,negative,washing_machine,0.9999772310256958,0.9994919300079346,True,True,limited,1,0,0,1,long,0,0,2026-08-16T19:00:32Z,2026-08-16T19:20:05.154404+00:00
16425,my main impression of this new phone comes from the battery life: it keeps getting in the way when someone else in the house used it. i would not rely on it. 🤔,negative,smartphone,negative,smartphone,0.9999825954437256,0.9992088675498962,True,True,informal,0,1,0,0,medium,0,0,2026-08-16T19:00:32Z,2026-08-16T19:20:05.154404+00:00
16426,"after taking it on a trip, the network reception still performs consistently. the difference became clearer after a few more days. i have stopped worrying about this part of the product.",positive,smartphone,positive,smartphone,0.9999780654907227,0.9989731311798096,True,True,informal,0,0,0,0,medium,0,0,2026-08-16T19:00:32Z,2026-08-16T19:20:05.154404+00:00
16427,The built-in audio is what stood out after coming back to it after a few days; it has turned into a recurring problem. I noticed the change only in the new situation.,negative,television,negative,television,0.9999582767486572,0.9992784857749939,True,True,standard,0,0,0,0,medium,0,0,2026-08-16T19:00:32Z,2026-08-16T19:20:05.154404+00:00
16428,"my main impression of this tv set comes from the controller: it holds up better than expected during a heavire-than-usual day. the difference became clearer after a few more days. no bullshit, this has been one of the better parts the product. idk.",positive,television,positive,television,0.9999632835388184,0.9994291663169861,True,True,limited,1,0,1,1,long,0,0,2026-08-16T19:00:32Z,2026-08-16T19:20:05.154404+00:00
16429,"my main impression of this living room display comes from the interface: it is difficult to trust after a few weeks of mixed use. i tried the same thing again later and got a similar result. on the other hand, the built-in audio works normally, which makes the overall picture more mixed.",negative,television,negative,television,0.999982476234436,0.9995040893554688,True,True,limited,0,0,0,0,long,1,0,2026-08-16T19:00:32Z,2026-08-16T19:20:05.154404+00:00
16430,"outside my normal routine, the wash drum still performs consistently. i noticed the change only in the new situation.",positive,washing_machine,positive,washing_machine,0.9998979568481445,0.9956230521202087,True,True,informal,0,0,0,0,medium,0,0,2026-08-16T19:00:32Z,2026-08-16T19:20:05.154404+00:00
16431,"From a practical reliability standpoint, real talk, my main impression of this new washer comes from the rinse program: it has been a pleasant surprise after coming back to it after a few days. someone else in the house noticed it too.",positive,washing_machine,positive,washing_machine,0.9999115467071533,0.9997156262397766,True,True,technical,0,0,0,1,long,0,1,2026-08-16T19:00:32Z,2026-08-16T19:20:05.154404+00:00
16432,"I have been using this mobile after using it for work and at home, and the rear camera has turned into a recurring problem. this was different from my first impression.",negative,smartphone,negative,smartphone,0.9992535710334778,0.9991915822029114,True,True,advanced,0,0,0,0,medium,0,0,2026-08-16T19:00:32Z,2026-08-16T19:20:05.154404+00:00
16433,"my main impression of this screen unit comes from the panel lighting: it works normally after a few weeks of mixed use. i tried the same thing again later and got a similar result. on the other hand, the picture quality keeps getting in the way, which makes the overall picture more mixed. there is no major crap to complain about here.",neutral,television,neutral,television,0.9999986886978149,0.9995506405830383,True,True,informal,1,0,0,0,long,1,1,2026-08-16T19:00:32Z,2026-08-16T19:20:05.154404+00:00
16434,my main impression of this screen unit comes from the interface: it is difficult to trust after changing a few settings. a second check gave me the same result.,negative,television,negative,television,0.9999091625213623,0.9994065761566162,True,True,informal,0,0,0,0,medium,0,1,2026-08-16T19:00:32Z,2026-08-16T19:20:05.154404+00:00
16435,The wash drum is what stood out after a few weeks of mixed use; it has been a disappointment. I repeated the check before writing this. This is damn annoying.,negative,washing_machine,negative,washing_machine,0.9993796348571777,0.9997125267982483,True,True,standard,1,0,0,0,medium,0,0,2026-08-16T19:00:32Z,2026-08-16T19:20:05.154404+00:00
16436,"fr, my main impression of this cell phone comes from the rear camera: it is neither impressive nor bad after coming back to it after a few days. this was different from my first impression. the damn thing is basically fine.",neutral,smartphone,neutral,smartphone,0.9999980926513672,0.999295711517334,True,True,informal,1,0,0,1,long,0,0,2026-08-16T19:00:32Z,2026-08-16T19:20:05.154404+00:00
16437,"after coming back to it after a few days, the built-in audio has stayed dependable. i repeated the check before writing this. for real.",positive,television,positive,television,0.9998689889907837,0.9986745119094849,True,True,informal,0,0,0,1,medium,0,0,2026-08-16T19:00:32Z,2026-08-16T19:20:05.154404+00:00
16438,"I have been using this bedroom TV after using it for work and at home, and the panel lighting does the job. I repeated the check before writing this. I do not feel strongly either way.",neutral,television,neutral,television,0.9999618530273438,0.9993840456008911,True,True,advanced,0,0,0,0,long,0,0,2026-08-16T19:00:32Z,2026-08-16T19:20:05.154404+00:00
16439,"after coming back to it after a few days, the door warning holds up better than expected. someone else in the house noticed it too.",positive,refrigerator,positive,refrigerator,0.9998893737792969,0.9981014132499695,True,True,informal,0,0,0,0,medium,0,0,2026-08-16T19:00:32Z,2026-08-16T19:20:05.154404+00:00
16440,"During a heavier-than-usual day, I noticed that the interface on this TV set has stayed dependable. the difference became clearer after a few more days. The damn thing surprised me in a good way.",positive,television,positive,television,0.9999523162841797,0.9992875456809998,True,True,standard,1,0,0,0,long,0,0,2026-08-16T19:00:32Z,2026-08-16T19:20:05.154404+00:00
16441,"i did not pay much attention to the door latch at first, but after changing a few settings it has become increasingly unreliable. the difference became clearer after a few more days. this is damn annoying.",negative,washing_machine,negative,washing_machine,0.9999829530715942,0.9996633529663086,True,True,informal,1,0,0,0,long,0,0,2026-08-16T19:00:32Z,2026-08-16T19:20:05.154404+00:00
16442,The fill valve is what stood out after changing a few settings; it remains basically average. someone else in the house noticed it too. I can live with it.,neutral,washing_machine,neutral,washing_machine,0.9999932050704956,0.9996861219406128,True,True,standard,0,0,0,0,medium,0,0,2026-08-16T19:00:32Z,2026-08-16T19:20:05.154404+00:00
16443,"after taking it on a trip, i noticed that the wash drum on this wash unit does the job. i noticed the change only in the new situation.",neutral,washing_machine,neutral,washing_machine,0.999948263168335,0.9992741942405701,True,True,informal,0,0,0,0,medium,0,0,2026-08-16T19:00:32Z,2026-08-16T19:20:05.154404+00:00
16444,"I did not pay much attention to the freezer compartment at first, but after coming back to it after a few days it has become increasingly unreliable. someone else in the house noticed it too.",negative,refrigerator,negative,refrigerator,0.9999551773071289,0.999743640422821,True,True,standard,0,0,0,0,long,0,0,2026-08-16T19:00:32Z,2026-08-16T19:20:05.154404+00:00
16445,"tbh, my main impression of this cold-storage unit comes from the door warning: it remains basically average a heavier-than-usual day. this was from my first impression. honestly, the damn thing is just average.",neutral,refrigerator,neutral,refrigerator,0.999998927116394,0.9997473359107971,True,True,limited,1,0,0,1,medium,0,0,2026-08-16T19:00:32Z,2026-08-16T19:20:05.154404+00:00
16446,the thermostat is what stood out during a heavier-than-usual day; it remains basically average. this was different from my first impression. i would neither recommend it warn people away.,neutral,refrigerator,neutral,refrigerator,0.9999972581863403,0.999695897102356,True,True,limited,0,0,0,0,medium,0,0,2026-08-16T19:00:32Z,2026-08-16T19:20:05.154404+00:00
16447,"I have been using this wash unit after taking it on a trip, and the wash drum holds up better than expected. this was different from my first impression. I have stopped worrying about this part of the product. 👍",positive,washing_machine,positive,washing_machine,0.9999605417251587,0.9996073842048645,True,True,standard,0,1,0,0,long,0,0,2026-08-16T19:00:32Z,2026-08-16T19:20:05.154404+00:00
16448,"During a heavier-than-usual day, the gasket continues to work without drama. I repeated the hceck before writing this. I have stopped worrying about this part of the product.",positive,refrigerator,positive,smartphone,0.9999780654907227,0.7746812701225281,True,False,standard,0,0,1,0,medium,0,0,2026-08-16T19:00:32Z,2026-08-16T19:20:05.154404+00:00
16449,"After repeated use under comparable conditions, i did not pay much attentino to the sports motion at first, but during a heavier-than-usual day it has become increasingly unreliable. I would not rely on it. The damn thing keeps getting in the way. 👎",negative,television,negative,television,0.9999798536300659,0.9992473125457764,True,True,technical,1,1,1,0,long,0,0,2026-08-16T19:00:32Z,2026-08-16T19:20:05.154404+00:00
16450,"Across repeated observations, after taking it on a trip, I noticed that the door warning on this cold-storage unit feels dependable in daily use. I tried the same thing again later and got a similar result.",positive,refrigerator,positive,refrigerator,0.9999088048934937,0.999646782875061,True,True,technical,0,0,0,0,long,0,0,2026-08-16T19:00:32Z,2026-08-16T19:20:05.154404+00:00
16451,"After repeated use under comparable conditions, the apps is what stood out during a heavier-than-usual day; it has become increasingly unreliable. This shit should not be happening in normal use.",negative,smartphone,negative,television,0.9999728202819824,0.31210067868232727,True,False,technical,1,0,0,0,medium,0,0,2026-08-16T19:00:32Z,2026-08-16T19:20:05.154404+00:00
16452,"My main impression of this machine comes from the wash drum: it still performs consisetntly after using it for work and at home. someone else in the house noticed it too. I expected some crap here, but it has actually held up.",positive,washing_machine,positive,washing_machine,0.9999456405639648,0.9997683167457581,True,True,advanced,1,0,1,0,long,0,0,2026-08-16T19:00:32Z,2026-08-16T19:20:05.154404+00:00
16453,"After coming back to it after a few days, the streaming menu works normally. the difference became clearer after a few more days. there is not much else to say. 👍",neutral,television,neutral,television,0.9999943971633911,0.9995424747467041,True,True,advanced,0,1,0,0,medium,0,0,2026-08-16T19:00:32Z,2026-08-16T19:20:05.154404+00:00
16454,"real talk, my main impression of this living display comes from the controller: it does the job after a few weeks of mixed use.",neutral,television,neutral,television,0.9977933168411255,0.9992130994796753,True,True,limited,0,0,0,1,medium,0,0,2026-08-16T19:00:32Z,2026-08-16T19:20:05.154404+00:00
16455,"I did not pay much attention to the ice system at first, but after coming back to it after a few days it works well even outside my usual routine. I repeated the check before writing this. That said, the freezer compartment is fine for what it is, so the exeprience is not completely one-sided. I expected some crap here, but it has actually held up. 😂",positive,refrigerator,positive,refrigerator,0.999948263168335,0.9997636675834656,True,True,standard,1,1,1,0,long,1,1,2026-08-16T19:00:32Z,2026-08-16T19:20:05.154404+00:00
16456,"real talk, my main impression of this laundry unit comes from the vibration: it has been a pleasant surprise after taking it on a trip. the behavior persisted across several attempts. Honestly 🙃",positive,washing_machine,positive,washing_machine,0.9999456405639648,0.9995946288108826,True,True,standard,0,1,0,1,medium,0,0,2026-08-16T19:00:32Z,2026-08-16T19:20:05.154404+00:00
16457,"After repeated use under comparable conditions, i have been useing this screen unit after a few weeks of mixed use, and the wireless connection still performs consistently.",positive,television,positive,television,0.9965182542800903,0.9975534081459045,True,True,technical,0,0,1,0,medium,0,0,2026-08-16T19:00:32Z,2026-08-16T19:20:05.154404+00:00
16458,"After repeated use under comparable conditions, my main impression of this mobile comes from the call quality: it feels ordinary after more use after taking it on a trip.",neutral,smartphone,neutral,smartphone,0.9929102063179016,0.9989838004112244,True,True,technical,0,0,0,0,medium,0,0,2026-08-16T19:00:32Z,2026-08-16T19:20:05.154404+00:00
16459,"After coming back to it after a few days, I noticed that the sports motion on this television set fails in normal use. I noticed the change only in the new situation. This shit should not be happening in normal use.",negative,television,negative,television,0.999981164932251,0.9994799494743347,True,True,standard,1,0,0,0,long,0,1,2026-08-16T19:00:32Z,2026-08-16T19:20:05.154404+00:00
16460,"Under a representative operating profile, ngl, outside my normal routine, I noticed that the wash drum on this wash unit has not given me trouble. this was different from my first impression.",positive,washing_machine,positive,washing_machine,0.9997937083244324,0.9996082186698914,True,True,technical,0,0,0,1,medium,0,0,2026-08-16T19:00:32Z,2026-08-16T19:20:05.154404+00:00
16461,"After repeated use under comparable conditions, my main impression of this daily driver comes from the fingerprint reader: it holds up better than expected after taking it on a trip. the difference became clearer after a few more days.",positive,smartphone,positive,smartphone,0.9999209642410278,0.9991148114204407,True,True,technical,0,0,0,0,long,0,0,2026-08-16T19:00:32Z,2026-08-16T19:20:05.154404+00:00
16462,"ngl, my main impression of this screen unit comes from the sports motion: it works normally after a few weeks of mixed use. someone else in the house noticed it too. i would neither recommend it nor warn people away. the damn thing is basically fine.",neutral,television,neutral,television,0.9999988079071045,0.9995926022529602,True,True,informal,1,0,0,1,long,0,0,2026-08-16T19:00:32Z,2026-08-16T19:20:05.154404+00:00
16463,"After repeated use under comparable conditions, when someone else in the house used it, I noticed that the spin program on this front-loading washer still performs consistently. this was different from my first impression.",positive,washing_machine,positive,washing_machine,0.9999127388000488,0.9996439218521118,True,True,technical,0,0,0,0,long,0,0,2026-08-16T19:00:32Z,2026-08-16T19:20:05.154404+00:00
16464,"I have been using this food cooler during a heavier-than-usual day, and the shelf layout has been a pleasant surprise. someone else in the house noticed it too. it has earned my confidence.",positive,refrigerator,positive,refrigerator,0.9999707937240601,0.9997923970222473,True,True,standard,0,0,0,0,medium,0,0,2026-08-16T19:00:32Z,2026-08-16T19:20:05.154404+00:00
16465,My main impression of this cell phone comes from the touch panel: it has stayed dependable outside my normal routine. the behavior persisted across several attempts.,positive,smartphone,positive,smartphone,0.9999330043792725,0.9992407560348511,True,True,advanced,0,0,0,0,medium,0,0,2026-08-16T19:00:32Z,2026-08-16T19:20:05.154404+00:00
16466,"Under ordinary operating conditions, i did not pay much attention to the sports motion at first, but after changing a few settnigs it has been a pleasant surprise. I would buy it again. lol.",positive,television,positive,television,0.999840259552002,0.9978652596473694,True,True,technical,0,0,1,1,long,0,0,2026-08-16T19:00:32Z,2026-08-16T19:20:05.154404+00:00
16467,my main impression of this food cooler comes the door warning: it fails in normal use after changing a few settings. i am already looking at alternatives. this shit should not be happening in normal use.,negative,refrigerator,negative,refrigerator,0.9999833106994629,0.9997238516807556,True,True,limited,1,0,0,0,long,0,0,2026-08-16T19:00:32Z,2026-08-16T19:20:05.154404+00:00
16468,the cycle cotnrols is what stood out after changing a few settings; it keeps getting in the way. the behavior persisted across several attempts. this needs to improve. 😐,negative,washing_machine,negative,washing_machine,0.9999752044677734,0.9997251629829407,True,True,informal,0,1,1,0,medium,0,0,2026-08-16T19:00:32Z,2026-08-16T19:20:05.154404+00:00
16469,"Under ordinary operating conditions, i did not pay much attention to the apps at first, but after a few weeks of mixed use it has turned into a recurring problem. the behavior persisted across several attempts.",negative,smartphone,negative,television,0.9997323155403137,0.565791130065918,True,False,technical,0,0,0,0,long,0,0,2026-08-16T19:00:32Z,2026-08-16T19:20:05.154404+00:00
16470,my main impression of this cold-storage unit comes from the compressor fan: it is fine for what it is after changing a few settings. i repeated the check before writing this. lol.,neutral,refrigerator,neutral,refrigerator,0.9999256134033203,0.9997852444648743,True,True,informal,0,0,0,1,medium,0,0,2026-08-16T19:00:32Z,2026-08-16T19:20:05.154404+00:00
16471,"My main impression of this wash unit comes from the spin program: it keeps acting up when someone else in the house used it. this was different from my first impression. On the other hand, the cycle controls is neither impressive nor bad, which makes the overall picture more mixed. Honestly 😬",negative,washing_machine,negative,washing_machine,0.9999822378158569,0.9996351003646851,True,True,standard,0,1,0,0,long,1,0,2026-08-16T19:00:32Z,2026-08-16T19:20:05.154404+00:00
16472,"i did not pay much attention to the sports motion at first, but aftre taking it on a trip it is acceptable but unremarkable. the difference became clearer after a few more days. on the other hand, the built-in audio still performs consistently, which makes the overall picture more mixed.",neutral,television,neutral,television,0.9999791383743286,0.9995032548904419,True,True,informal,0,0,1,0,long,1,0,2026-08-16T19:00:32Z,2026-08-16T19:20:05.154404+00:00
16473,"my main impression of this new refrigerator comes from the shelf layout: it is fine for what it is after a few weeks of mixed use. someone else in the house noticed it too. on the other hand, the inside lighting continues to work without drama, which makes the overall picture more mixed.",neutral,refrigerator,neutral,refrigerator,0.9999833106994629,0.99967360496521,True,True,informal,0,0,0,0,long,1,0,2026-08-16T19:00:32Z,2026-08-16T19:20:05.154404+00:00
16474,the freezre compartment is what stood out after taking it on a trip; it still performs consistently.,positive,refrigerator,positive,refrigerator,0.9996005892753601,0.9428116083145142,True,True,informal,0,0,1,0,medium,0,0,2026-08-16T19:00:32Z,2026-08-16T19:20:05.154404+00:00
16475,"i did not pay much attention to the ice system at first, but after taking it a trip it has been a pleasant surprise. i expected some crap here, but it has actually held up.",positive,refrigerator,positive,refrigerator,0.9999420642852783,0.9997584223747253,True,True,limited,1,0,0,0,long,0,0,2026-08-16T19:00:32Z,2026-08-16T19:20:05.154404+00:00
16476,my main impression of this video panel from the video input: it works normally after coming back to it after a few days. i do not feel strongly either way.,neutral,television,neutral,television,0.9999887943267822,0.9993855953216553,True,True,limited,0,0,0,0,medium,0,0,2026-08-16T19:00:32Z,2026-08-16T19:20:05.154404+00:00
16477,"Under ordinary operating conditions, after a few weeks of mixed use, I noticed that the controller on this bedroom TV keeps getting in the way. a second check gave me the same result. This shit should not be happening in normal use.",negative,television,negative,television,0.9999834299087524,0.8453656435012817,True,True,technical,1,0,0,0,long,0,0,2026-08-16T19:00:32Z,2026-08-16T19:20:05.154404+00:00
16478,"honestly tho, my main impression of this cold-storage unit comes from the thermostat: it breaks down when conditions change after coming back to it after a few days. i tried the same thing again later and got a similar result.",negative,refrigerator,negative,refrigerator,0.9999823570251465,0.9996247291564941,True,True,informal,0,0,0,1,long,0,0,2026-08-16T19:00:32Z,2026-08-16T19:20:05.154404+00:00
16479,The wireless connection is what stood out when someone else in the house used it; it has turned into a recurring problem. I repeated the check before writing this. I would hesitate to buy it again.,negative,television,negative,television,0.9999715089797974,0.9994951486587524,True,True,advanced,0,0,0,0,long,0,0,2026-08-16T19:00:32Z,2026-08-16T19:20:05.154404+00:00
16480,"Under ordinary operating conditions, not gonna lie, i did not pay much attention to the wireless connection at first, but after coming back to it after a few days it is neither impressive nor bad. I repeated the check before writing this. That said, the picture quality has stayed dependable, so the experience is not completely one-sided. The damn thing is basically fine.",neutral,television,neutral,television,0.9999967813491821,0.9995841383934021,True,True,technical,1,0,0,1,long,1,0,2026-08-16T19:00:32Z,2026-08-16T19:20:05.154404+00:00
16481,"Across repeated observations, after changing a few settings, the battery life feels dependable in daily use. this was different from my first impression. it has earned my confidence.",positive,smartphone,positive,smartphone,0.9999641180038452,0.999161958694458,True,True,technical,0,0,0,0,medium,0,1,2026-08-16T19:00:32Z,2026-08-16T19:20:05.154404+00:00
16482,"After taking it on a trip, I noticed that the picture quailty on this screen unit has not changed my opinion much.",neutral,television,neutral,television,0.9826458692550659,0.792869508266449,True,True,advanced,0,0,1,0,medium,0,0,2026-08-16T19:00:32Z,2026-08-16T19:20:05.154404+00:00
16483,"i have been using this video panel after coming back to it after a few days, and the sports motion feels ordinary after more use. i repeated the before writing this. do not feel strongly either way. it is not amazing, but it is not bullshit either. 😂",neutral,television,neutral,television,0.9999979734420776,0.9995136260986328,True,True,limited,1,1,0,0,long,0,1,2026-08-16T19:00:32Z,2026-08-16T19:20:05.154404+00:00
16484,my main impression of this pocket device comes from the network reception: it breaks down when conditions change after a few weeks of mixed use. someone else in the house noticed it too.,negative,smartphone,negative,smartphone,0.9999511241912842,0.9991962313652039,True,True,informal,0,0,0,0,medium,0,0,2026-08-16T19:00:32Z,2026-08-16T19:20:05.154404+00:00
16485,"i have been useing this wash unit after coming back to it after a few days, and the wash drum has been a pleasant surprise. i tried same thing again later and got a similar result. no bullshit, this has been one of the better parts of the product. 😬",positive,washing_machine,positive,washing_machine,0.9999607801437378,0.9993740916252136,True,True,limited,1,1,1,0,long,0,0,2026-08-16T19:00:32Z,2026-08-16T19:20:05.154404+00:00
16486,"When someone else in the house used it, the built-in audio has been a pleasant surprise. overall I am happy with it. 🤔",positive,television,positive,television,0.9998992681503296,0.6917763352394104,True,True,standard,0,1,0,0,medium,0,0,2026-08-16T19:00:32Z,2026-08-16T19:20:05.154404+00:00
16487,"lowkey, when someone else in the house used it, the inside lighting still performs consistently. a second check gave me the same result. Honestly 💀",positive,refrigerator,positive,refrigerator,0.9999328851699829,0.9904987215995789,True,True,informal,0,1,0,1,medium,0,0,2026-08-16T19:00:32Z,2026-08-16T19:20:05.154404+00:00
16488,"I have been using this TV set after using it for work and at home, and the controller has not changed my opinion much. It is not amazing, but it is not bullshit either.",neutral,television,neutral,television,0.9999977350234985,0.9993878602981567,True,True,advanced,1,0,0,0,long,0,1,2026-08-16T19:00:32Z,2026-08-16T19:20:05.154404+00:00
16489,my main impression of this work phone comes from the network reception: it has not changed my opinion much after changing a few settings. i tried the same thing again later and got a similar result.,neutral,smartphone,neutral,smartphone,0.9999885559082031,0.9991594552993774,True,True,limited,0,0,0,0,long,0,0,2026-08-16T19:00:32Z,2026-08-16T19:20:05.154404+00:00
16490,"fr, the sports motion is what stood out after coming back to it after a few days; it is fine for what it is. the difference becmae clearer after a few more days.",neutral,television,neutral,television,0.9999823570251465,0.9994623064994812,True,True,informal,0,0,1,1,medium,0,0,2026-08-16T19:00:32Z,2026-08-16T19:20:05.154404+00:00
16491,"When someone else in the house used it, I noticed that the fill valve on this laundry unit is acceptable but unremarkable. I tried the same thing again later and got a similar result. Honestly 😂",neutral,washing_machine,neutral,washing_machine,0.9999866485595703,0.9994660019874573,True,True,standard,0,1,0,0,long,0,0,2026-08-16T19:00:32Z,2026-08-16T19:20:05.154404+00:00
16492,the built-in audio is what stood out coming back to it after a few days; it has turned into a recurring problem. this is the part that mkaes me regret the purchase.,negative,television,negative,television,0.9999616146087646,0.9995367527008057,True,True,limited,0,0,1,0,medium,0,1,2026-08-16T19:00:32Z,2026-08-16T19:20:05.154404+00:00
16493,The freezer compartment is what stood out after comnig back to it after a few days; it is acceptable but unremarkable. The damn thing is basically fine.,neutral,refrigerator,neutral,refrigerator,0.9999938011169434,0.9997922778129578,True,True,advanced,1,0,1,0,medium,0,0,2026-08-16T19:00:32Z,2026-08-16T19:20:05.154404+00:00
16494,"Outside my normal routine, the built-in audio keeps getting in the way. a second check gave me the same result. 😅",negative,television,negative,television,0.9998840093612671,0.8420706987380981,True,True,standard,0,1,0,0,medium,0,0,2026-08-16T19:00:32Z,2026-08-16T19:20:05.154404+00:00
16495,"i did not pay much attention to cooling motor at first, but after changing a few settings it still performs consistently. i expected some crap here, but it has actually held up.",positive,refrigerator,positive,refrigerator,0.9999431371688843,0.9997115731239319,True,True,limited,1,0,0,0,medium,0,0,2026-08-16T19:00:32Z,2026-08-16T19:20:05.154404+00:00
16496,"After repeated use under comparable conditions, honestly tho, my main impression of this refirgeration unit comes from the thermostat: it has become increasingly unreliable after taking it on a trip.",negative,refrigerator,negative,refrigerator,0.9996318817138672,0.6522484421730042,True,True,technical,0,0,1,1,medium,0,0,2026-08-16T19:00:32Z,2026-08-16T19:20:05.154404+00:00
16497,"after changing a few settings, i noticed that the inside lighting on this food cooler continues to work without drama. the difference became clearer after a few more days. the damn thing surprised me in a good way.",positive,refrigerator,positive,refrigerator,0.999951958656311,0.9921395182609558,True,True,informal,1,0,0,0,long,0,0,2026-08-16T19:00:32Z,2026-08-16T19:20:05.154404+00:00
16498,"Across repeated observations, not gonna lie, after ocming back to it after a few days, I noticed that the apps on this mobile holds up better than expected. I tried the same thing again later and got a similar result. I have stopped worrying about this part of the product. Damn, I did not exepct this part to be this solid. Honestly 😅",positive,smartphone,positive,smartphone,0.9999480247497559,0.9991074204444885,True,True,technical,1,1,1,1,long,0,0,2026-08-16T19:00:32Z,2026-08-16T19:20:05.154404+00:00
16499,"After repeated use under comparable conditions, not gonna lie, outside my normal routine, the compressor fan feels dependable in daily use. someone else in the house noticed it too. overall I am happy with it. The door warning tells a different story because it is neither impressive nor bad. No bullshit, this has been one of the better parts of the product. 👍",positive,refrigerator,positive,refrigerator,0.999963641166687,0.9997759461402893,True,True,technical,1,1,0,1,long,1,0,2026-08-16T19:00:32Z,2026-08-16T19:20:05.154404+00:00
16500,"outside my normal routine, i noticed that the shelf layout on this kitchen fridge continues to work without drama. a second check gave the same result. no bullshit, this has been one of the better parts of the product. Honestly 😂",positive,refrigerator,positive,refrigerator,0.9999568462371826,0.9996852874755859,True,True,limited,1,1,0,0,long,0,0,2026-08-16T19:00:32Z,2026-08-16T19:20:05.154404+00:00
16501,"Under ordinary operating conditions, outside my normal routine, I noticed that the touch panel on this daily driver fails in normal use. someone else in the house noticed it too. Honestly 😂",negative,smartphone,negative,smartphone,0.9876662492752075,0.9911581873893738,True,True,technical,0,1,0,0,medium,0,1,2026-08-16T19:00:32Z,2026-08-16T19:20:05.154404+00:00
16502,"Across repeated observations, i did not pay much attention to the panel lighting at first, but after taking it on a trip it holds up better than expected. I noticed the change only in the new situation. I would buy it again.",positive,television,positive,smartphone,0.9999405145645142,0.5928786396980286,True,False,technical,0,0,0,0,long,0,0,2026-08-16T19:00:32Z,2026-08-16T19:20:05.154404+00:00
16503,The gasket is what stood out when someone else in the house used it; it is acceptable but unremarkable.,neutral,refrigerator,neutral,refrigerator,0.9917992353439331,0.9948000907897949,True,True,standard,0,0,0,0,medium,0,1,2026-08-16T19:00:32Z,2026-08-16T19:20:05.154404+00:00
16504,"I did not pay much attention to the soap tray at first, but when someone else in the house used it it feels dependable in daily use. the difference became clearer after a few more days. The drainage motor tells a diferent story becuase it keeps getting in the way.",positive,washing_machine,positive,washing_machine,0.9999202489852905,0.9996943473815918,True,True,standard,0,0,1,0,long,1,1,2026-08-16T19:00:32Z,2026-08-16T19:20:05.154404+00:00
16505,"my main impression of this machine comes from the cycle it holds up better than expected after changing a few settings. that said, the drainage motor is acceptable but unremarkable, so the experience is not completely one-sided.",positive,washing_machine,positive,washing_machine,0.9998394250869751,0.9997017979621887,True,True,limited,0,0,0,0,long,1,0,2026-08-16T19:00:32Z,2026-08-16T19:20:05.154404+00:00
16506,the spin program is what stood out after using it for work and at home; it is neither impressive nor bad. the behavior persisted across several attempts.,neutral,washing_machine,neutral,washing_machine,0.9998645782470703,0.999683141708374,True,True,informal,0,0,0,0,medium,0,0,2026-08-16T19:00:32Z,2026-08-16T19:20:05.154404+00:00
16507,My main impression of this main fridge comes from the inside lighting: it has been a disappointment during a heavier-than-usual day. I repeated the check before writing this. This shit should not be happening in routine use.,negative,refrigerator,negative,refrigerator,0.9999778270721436,0.9997249245643616,True,True,advanced,1,0,0,0,long,0,1,2026-08-16T19:00:32Z,2026-08-16T19:20:05.154404+00:00
16508,"I did not pay much attention to the built-in audio at first, but during a heavier-than-usual day it has stayed dependable. I tried the same thing again later and got a similar result. Damn, I did not expect this part to be this solid. lol.",positive,television,positive,television,0.9999364614486694,0.9995692372322083,True,True,standard,1,0,0,1,long,0,0,2026-08-16T19:00:32Z,2026-08-16T19:20:05.154404+00:00
16509,"i did not pay much attention to the wash drum at first, but during a heavier-than-usual day it has not changed my opinion much. i noticed the change only in the new situation. there is not much else to say.",neutral,washing_machine,neutral,washing_machine,0.9999964237213135,0.9995993971824646,True,True,informal,0,0,0,0,long,0,0,2026-08-16T19:00:32Z,2026-08-16T19:20:05.154404+00:00
16510,"my main impression of this television set comes from the panel lighting: it has become increasingly unreliable during a heavier-than-usual day. someone else in the house noticed it too. that said, the controller remains basically average, so the experience is not completely one-sided.",negative,television,negative,television,0.9999648332595825,0.9994916915893555,True,True,informal,0,0,0,0,long,1,0,2026-08-16T19:00:32Z,2026-08-16T19:20:05.154404+00:00
16511,"After coming back to it after a few days, I noticed that the door latch on this laundry unit keeps getting in the way. someone else in the house noticed it too.",negative,washing_machine,negative,washing_machine,0.9999384880065918,0.9996296167373657,True,True,standard,0,0,0,0,medium,0,0,2026-08-16T19:00:32Z,2026-08-16T19:20:05.154404+00:00
16512,"tbh, the touch panel is what stood out during a heavier-than-usual day; it has not given me trouble. the difference became clearer after a few more days. I plan to keep useing it.",positive,smartphone,positive,washing_machine,0.9999523162841797,0.9420212507247925,True,False,standard,0,0,1,1,medium,0,0,2026-08-16T19:00:32Z,2026-08-16T19:20:05.154404+00:00
16513,"after coming back to it after a few days, i noticed that the rinse program on this new washer has turned into a recurring problem. difference became clearer after a few more days. i would not rely on it.",negative,washing_machine,negative,washing_machine,0.9999840259552002,0.999701201915741,True,True,limited,0,0,0,0,long,0,1,2026-08-16T19:00:32Z,2026-08-16T19:20:05.154404+00:00
16514,"after a few weeks of mixed use, the ccyle controls feels dependable in daily use. i expected some crap here, but it has actually held up.",positive,washing_machine,positive,washing_machine,0.9999392032623291,0.7768850922584534,True,True,limited,1,0,1,0,medium,0,0,2026-08-16T19:00:32Z,2026-08-16T19:20:05.154404+00:00
16515,"i did not pay much attention to the call quality at first, but when someone else in the house used it it works well even outside my usual routine. the behavior persisted across several attempts.",positive,smartphone,positive,smartphone,0.9999269247055054,0.9991527795791626,True,True,informal,0,0,0,0,long,0,0,2026-08-16T19:00:32Z,2026-08-16T19:20:05.154404+00:00
16516,"i have been using this tv set after a few weeks of mixed use, and the sports motion has not changed my opinion much. the difference became clearer after a few more days. the damn thing is basically fine. 👎",neutral,television,neutral,television,0.9999971389770508,0.9993765950202942,True,True,limited,1,1,0,0,long,0,0,2026-08-16T19:00:32Z,2026-08-16T19:20:05.154404+00:00
16517,my main impression of this machine comes from the fill valve: it is neither impressive nor bad outside my normal routine.,neutral,washing_machine,neutral,washing_machine,0.9985153079032898,0.9994121789932251,True,True,informal,0,0,0,0,medium,0,0,2026-08-16T19:00:32Z,2026-08-16T19:20:05.154404+00:00
16518,"After taking it on a trip, I noticed that the touch panel on this work phone is acceptable but unremarakble. I noticed the change only in the new situation. there is not much else to say. The damn thing is basically fine.",neutral,smartphone,neutral,smartphone,0.9999986886978149,0.9992762207984924,True,True,advanced,1,0,1,0,long,0,0,2026-08-16T19:00:32Z,2026-08-16T19:20:05.154404+00:00
16519,"outside my normal routine, the door warning breaks down when conditions change. i repeated the check before writing this. i would hesitate to buy it again. Honestly 🤔",negative,refrigerator,negative,refrigerator,0.9999666213989258,0.999674916267395,True,True,informal,0,1,0,0,medium,0,1,2026-08-16T19:00:32Z,2026-08-16T19:20:05.154404+00:00
16520,"I have been using this refrigeration unit after coming back to it after a few days, and the ice system feels dependable in daily use. I tried the same thing again later and got a similar result.",positive,refrigerator,positive,refrigerator,0.9999080896377563,0.9964532852172852,True,True,advanced,0,0,0,0,long,0,0,2026-08-16T19:00:32Z,2026-08-16T19:20:05.154404+00:00
16521,My main impression of this wash unit comes from the spin program: it is difficult to trust after changing a few settings. I repeated the check before writing this. Honestly 😂,negative,washing_machine,negative,washing_machine,0.9999234676361084,0.999620795249939,True,True,advanced,0,1,0,0,medium,0,0,2026-08-16T19:00:32Z,2026-08-16T19:20:05.154404+00:00
16522,My main impression of this cold-storage unit comes from the ice system: it fails in normal use after coming back to it after a few days. this needs to improve.,negative,refrigerator,negative,refrigerator,0.9999644756317139,0.999627947807312,True,True,standard,0,0,0,0,medium,0,0,2026-08-16T19:00:32Z,2026-08-16T19:20:05.154404+00:00
16523,"From a practical reliability standpoint, i have been using this living room display during a heavier-than-usual day, and the sports motion is difficult to trust. I tried the same thing again later and got a similar result.",negative,television,negative,television,0.9997467398643494,0.9992644190788269,True,True,technical,0,0,0,0,long,0,0,2026-08-16T19:00:32Z,2026-08-16T19:20:05.154404+00:00
16524,The sports motion is what stood out outside my normal routine; it still performs consistently. I have stopped worrying about this part of the product.,positive,television,positive,television,0.9999783039093018,0.9991171956062317,True,True,standard,0,0,0,0,medium,0,0,2026-08-16T19:00:32Z,2026-08-16T19:20:05.154404+00:00
16525,"not gonna lie, after using it for work and at home, I noticed that the apps on this pocket device feels ordinary after more use. the difference became clearer after a few more days.",neutral,smartphone,neutral,smartphone,0.9999829530715942,0.9982950091362,True,True,standard,0,0,0,1,long,0,0,2026-08-16T19:00:32Z,2026-08-16T19:20:05.154404+00:00
16526,"after using it for work and at home, the rinse program has not changed my opinion much. the difference became clearer after a few more days. on the other hand, the fill valve feels dependable in daily use, which makes the overall picture more mixed. Honestly 🙃",neutral,washing_machine,neutral,washing_machine,0.9999922513961792,0.9996888637542725,True,True,informal,0,1,0,0,long,1,0,2026-08-16T19:00:32Z,2026-08-16T19:20:05.154404+00:00
16527,"Under ordinary operating conditions, the USB port is what stood out after a few weeks of mixed use; it has stayed dependable. the behavior persisted across several attempts. 😂",positive,smartphone,positive,smartphone,0.9998005032539368,0.9991905093193054,True,True,technical,0,1,0,0,medium,0,0,2026-08-16T19:00:32Z,2026-08-16T19:20:05.154404+00:00
16528,"i have been using this wash unit after useing it for and at home, and the drainage motor works well even outside my usual routine. this was different from my first impression. i would buy it again.",positive,washing_machine,positive,washing_machine,0.9999390840530396,0.9994612336158752,True,True,limited,0,0,1,0,long,0,0,2026-08-16T19:00:32Z,2026-08-16T19:20:05.154404+00:00
16529,"tbh, the interface is what stood out when someone else in the house used it; it works well even outside my usual routine. i repeated the check before writing this. i expected some crap here, but it has actually held up.",positive,television,positive,television,0.9999455213546753,0.9995848536491394,True,True,informal,1,0,0,1,long,0,1,2026-08-16T19:00:32Z,2026-08-16T19:20:05.154404+00:00
16530,"After using it for work and at home, I noticed that the network reception on this new phone has stayed dependable. I noticed the change only in the new situation. I plan to keep using it.",positive,smartphone,positive,smartphone,0.999950647354126,0.9992061257362366,True,True,advanced,0,0,0,0,long,0,0,2026-08-16T19:00:32Z,2026-08-16T19:20:05.154404+00:00
16531,the ice system is what stood after coming back to it after a few days; it works normally. the difference became clearer after a few more days.,neutral,refrigerator,neutral,refrigerator,0.9999282360076904,0.9935243129730225,True,True,limited,0,0,0,0,medium,0,0,2026-08-16T19:00:32Z,2026-08-16T19:20:05.154404+00:00
16532,"Under ordinary operating conditions, my main impression of this new washer comes from the soap tray: it works normally after taking it on a trip. the behavior persisted across several attempts. it is adequate for now. On the other hand, the spin program has been a disappointment, which makes the overall picture more mixed. Honestly 🙃",neutral,washing_machine,neutral,washing_machine,0.999992847442627,0.9996993541717529,True,True,technical,0,1,1,0,long,1,0,2026-08-16T19:00:32Z,2026-08-16T19:20:05.154404+00:00
16533,"i have been using this clothes washer outside my normal routine, and the spin program has stayed dependable.",positive,washing_machine,positive,washing_machine,0.9677934646606445,0.9969527721405029,True,True,informal,0,0,0,0,medium,0,0,2026-08-16T19:00:32Z,2026-08-16T19:20:05.154404+00:00
16534,"during a day, i noticed that the battery life on this pocket device keeps getting in the way. i tried the same thing again later and got a similar result. this shit should not be happening in normal use.",negative,smartphone,negative,smartphone,0.999984860420227,0.9992032647132874,True,True,limited,1,0,0,0,long,0,0,2026-08-16T19:00:32Z,2026-08-16T19:20:05.154404+00:00
16535,"Under ordinary operating conditions, when someone else in the house used it, I noticed that the video input on this bedroom TV is acceptable but unremarkable. The damn thing is basically fine.",neutral,television,neutral,television,0.9999946355819702,0.9945853352546692,True,True,technical,1,0,0,0,medium,0,0,2026-08-16T19:00:32Z,2026-08-16T19:20:05.154404+00:00
16536,"The gasket is what tsood out when someone else in the house used it; it still performs consistently. a second check gave me the same result. I expected some crap here, but it has actually held up.",positive,refrigerator,positive,refrigerator,0.9999459981918335,0.9997782111167908,True,True,advanced,1,0,1,0,long,0,0,2026-08-16T19:00:32Z,2026-08-16T19:20:05.154404+00:00
16537,"I did not pay much attention to the thermostat at first, but when someone else in the house used it it is fine for what it is. the behavior persisted across several attempts.",neutral,refrigerator,neutral,refrigerator,0.9999634027481079,0.9987200498580933,True,True,standard,0,0,0,0,medium,0,0,2026-08-16T19:00:32Z,2026-08-16T19:20:05.154404+00:00
16538,"outside my normal routine, i noticed that the sports motion on this video panel remains basically average. i tried the same thing again later and got a similar reslut.",neutral,television,neutral,television,0.9999899864196777,0.9988885521888733,True,True,informal,0,0,1,0,medium,0,1,2026-08-16T19:00:32Z,2026-08-16T19:20:05.154404+00:00
16539,"not gonna lie, the wireless connection is what stood out after taking it on a trip; it works well even outside my usual routine. the behavior persisted across several attempts.",positive,television,positive,television,0.999931812286377,0.9992417097091675,True,True,standard,0,0,0,1,medium,0,0,2026-08-16T19:00:32Z,2026-08-16T19:20:05.154404+00:00
16540,The rear camera is what stood out when someone else in the house used it; it feels ordinary after more use.,neutral,smartphone,neutral,smartphone,0.9968615770339966,0.9990500807762146,True,True,advanced,0,0,0,0,medium,0,0,2026-08-16T19:00:32Z,2026-08-16T19:20:05.154404+00:00
16541,"after useing it for work and at home, the fingerprint reader keeps getting in the way. the difference became clearer after a few more days.",negative,smartphone,negative,smartphone,0.999922513961792,0.9986400008201599,True,True,informal,0,0,1,0,medium,0,0,2026-08-16T19:00:32Z,2026-08-16T19:20:05.154404+00:00
16542,my main impression of mobile comes from the usb port: it has turned into a recurring probelm after coming back to it after a few days. a second check gave me the same result.,negative,smartphone,negative,smartphone,0.9991835951805115,0.9991495609283447,True,True,limited,0,0,1,0,long,0,0,2026-08-16T19:00:32Z,2026-08-16T19:20:05.154404+00:00
16543,The touch panel is what stood out outside my normal routine; it has stayed dependable. it has earned my confidence. 🤔,positive,smartphone,positive,washing_machine,0.9999440908432007,0.4810573160648346,True,False,advanced,0,1,0,0,medium,0,1,2026-08-16T19:00:32Z,2026-08-16T19:20:05.154404+00:00
16544,"i did not pay much attention to the wash drum at first, but after changing a few settings it is acceptable but unremarkable. the behavior persisted across several attempts.",neutral,washing_machine,neutral,washing_machine,0.9999722242355347,0.9995989203453064,True,True,informal,0,0,0,0,medium,0,0,2026-08-16T19:00:32Z,2026-08-16T19:20:05.154404+00:00
16545,"Across repeated observations, i did not pay much attention to the fill valve at first, but after using it for work and at home it has become increasingly unreliable. someone else in the huose noticed it too. I am already looking at alternatives.",negative,washing_machine,negative,washing_machine,0.999981164932251,0.9996495246887207,True,True,technical,0,0,1,0,long,0,0,2026-08-16T19:00:32Z,2026-08-16T19:20:05.154404+00:00
16546,"fr, after changing a few settings, the shelf layout has become increasingly unreliable. the difference became clearer after a few more days. this is the part that makes me regret the purchase.",negative,refrigerator,negative,refrigerator,0.9999827146530151,0.9685847163200378,True,True,informal,0,0,0,1,medium,0,0,2026-08-16T19:00:32Z,2026-08-16T19:20:05.154404+00:00
16547,The shelf layout is what stood out after a few weeks of mixed use; it has turned into a recurring problem.,negative,refrigerator,negative,refrigerator,0.995703399181366,0.9994271993637085,True,True,standard,0,0,0,0,medium,0,1,2026-08-16T19:00:32Z,2026-08-16T19:20:05.154404+00:00
16548,"tbh, after changing a few settings, I noticed that the network reception on this pocket device fails in normal use. the difference became clearer after a few more days. I would hesitate to buy it again. 👍",negative,smartphone,negative,smartphone,0.9999291896820068,0.9992390871047974,True,True,standard,0,1,0,1,long,0,0,2026-08-16T19:00:32Z,2026-08-16T19:20:05.154404+00:00
16549,"After taking it on a trip, I noticed that the shelf layout on this new refrigerator still performs consistently. this was different from my first impression. it has earned my confidence.",positive,refrigerator,positive,refrigerator,0.9999719858169556,0.9997668862342834,True,True,advanced,0,0,0,0,medium,0,0,2026-08-16T19:00:32Z,2026-08-16T19:20:05.154404+00:00
16550,"After a few weeks of mixed use, the vibration feels dependable in daily use. I tried the same thing again later and got a smiilar result.",positive,washing_machine,positive,smartphone,0.9998334646224976,0.7541359066963196,True,False,advanced,0,0,1,0,medium,0,0,2026-08-16T19:00:32Z,2026-08-16T19:20:05.154404+00:00
16551,"i have been using this cell phone during a heavier-than-usual day, and the fingerprint reader continues to work without drama. the behavior persisted across several attempts. Honestly 🙂",positive,smartphone,positive,smartphone,0.9997881054878235,0.9993176460266113,True,True,informal,0,1,0,0,medium,0,0,2026-08-16T19:00:32Z,2026-08-16T19:20:05.154404+00:00
16552,"i have been using this daily driver after few weeks of mixed use, and the rear camera has dependable. this was different from my first impression.",positive,smartphone,positive,smartphone,0.9963493347167969,0.9991051554679871,True,True,limited,0,0,0,0,medium,0,0,2026-08-16T19:00:32Z,2026-08-16T19:20:05.154404+00:00
16553,"after changing a few settings, i noticed that the fill valve on this laundry unit holds up better than expected. the difference became clearer after a few more days. damn, i did not expect this part to be this solid.",positive,washing_machine,positive,washing_machine,0.9999717473983765,0.9996200799942017,True,True,informal,1,0,0,0,long,0,0,2026-08-16T19:00:32Z,2026-08-16T19:20:05.154404+00:00
16554,"after changing a few settings, the video input has been a disappointment. i repeated the check before writing this. i am considering a replacement.",negative,television,negative,television,0.9995287656784058,0.9993010759353638,True,True,informal,0,0,0,0,medium,0,0,2026-08-16T19:00:32Z,2026-08-16T19:20:05.154404+00:00
16555,"after changing a few settings, the fill valve feels ordinary after more use. the difference became clearer after a few more days. i can live with it. honestly, the damn thing is just average.",neutral,washing_machine,neutral,washing_machine,0.9999990463256836,0.9994797110557556,True,True,informal,1,0,0,0,long,0,0,2026-08-16T19:00:32Z,2026-08-16T19:20:05.154404+00:00
16556,"Under ordinary operating conditions, lowkey, during a heavier-than-usual day, the wireless connection holds up better than expected. this was different from my first impression.",positive,television,positive,smartphone,0.9998739957809448,0.5258321762084961,True,False,technical,0,0,0,1,medium,0,0,2026-08-16T19:00:32Z,2026-08-16T19:20:05.154404+00:00
16557,"I have been using this new phone after taking it on a trip, and the touch panel breaks down when conditions change. I repeated the check before writing this. On the other hand, the battery life has not given me trouble, which makes the on balance picture more mixed.",negative,smartphone,negative,smartphone,0.9999707937240601,0.9991623163223267,True,True,advanced,0,0,0,0,long,1,0,2026-08-16T19:00:32Z,2026-08-16T19:20:05.154404+00:00
16558,"i have been using this daily driver after taking it on trip, the fingerprint reader has turned into a recurring problem. a second check gave me the same result.",negative,smartphone,negative,smartphone,0.9994331002235413,0.9991014003753662,True,True,limited,0,0,0,0,medium,0,1,2026-08-16T19:00:32Z,2026-08-16T19:20:05.154404+00:00
16559,"From a practical reliability standpoint, ngl, i have been using this wash unit during a heavier-than-usual day, and the drainage motor continues to work without drama. the behavior persisted across several attempts.",positive,washing_machine,positive,smartphone,0.9998052716255188,0.8391521573066711,True,False,technical,0,0,0,1,medium,0,0,2026-08-16T19:00:32Z,2026-08-16T19:20:05.154404+00:00
16560,"i have been using this pocket device after using it for work and at home, and the call quality feels ordinary after more use. i repeated the check before writing this. on the other hand, the touch panel has not me trouble, which makes the overall picture more mixed.",neutral,smartphone,neutral,smartphone,0.9992679953575134,0.9991556406021118,True,True,limited,0,0,0,0,long,1,0,2026-08-16T19:00:32Z,2026-08-16T19:20:05.154404+00:00
16561,my main impression of this machine comes from the drainage motor: it feels after more use outside my normal routine. i noticed the change only in new situation.,neutral,washing_machine,neutral,washing_machine,0.9987521171569824,0.9993653893470764,True,True,limited,0,0,0,0,medium,0,0,2026-08-16T19:00:32Z,2026-08-16T19:20:05.154404+00:00
16562,"i did not pay much attention to the door warning at first, but after coming back to it after a few days it is neither impressive nor bad. this was different from my first impression. there is not much else to say. that said, the gasket has been a disappointment, so the experience is not completely one-sided.",neutral,refrigerator,neutral,refrigerator,0.9999438524246216,0.9997239708900452,True,True,informal,0,0,0,0,long,1,1,2026-08-16T19:00:32Z,2026-08-16T19:20:05.154404+00:00
16563,"i have been using this television set my normal routine, and the panel lighting fails in normal use. i tried the same thing again later and got a similar result.",negative,television,negative,television,0.9999414682388306,0.9991645812988281,True,True,limited,0,0,0,0,medium,0,0,2026-08-16T19:00:32Z,2026-08-16T19:20:05.154404+00:00
16564,"The network reception is what stood out after changing a few settings; it works well even outside my usual routine. a second check gave me the same result. Damn, I did not expect this part to be this solid. 🙃",positive,smartphone,positive,smartphone,0.999966025352478,0.999195396900177,True,True,standard,1,1,0,0,long,0,1,2026-08-16T19:00:32Z,2026-08-16T19:20:05.154404+00:00
16565,"lowkey, my main impression of this living room display comes from the panel lighting: it has been a disappointment after taking it on a trip. I tried the same thing again later and got a similar result. I would not rely on it.",negative,television,negative,television,0.9999822378158569,0.9995929598808289,True,True,standard,0,0,0,1,long,0,1,2026-08-16T19:00:32Z,2026-08-16T19:20:05.154404+00:00
16566,"tbh, after coming back to it after a few days, i noticed that the fill valve on this new washer is fine for what it is. i tried the same thing again later and got a similar result. the damn thing is basically fine.",neutral,washing_machine,neutral,washing_machine,0.9999979734420776,0.9995711445808411,True,True,informal,1,0,0,1,long,0,0,2026-08-16T19:00:32Z,2026-08-16T19:20:05.154404+00:00
16567,My main impression of this work phone cmoes from the touch panel: it is neither impressive nor bad outside my normal routine. I noticed the change only in the new situation. There is no major crap to complain about here.,neutral,smartphone,neutral,smartphone,0.9999985694885254,0.9991974234580994,True,True,advanced,1,0,1,0,long,0,0,2026-08-16T19:00:32Z,2026-08-16T19:20:05.154404+00:00
16568,The vibration is what stood out after a few weeks of mixed use; it has not changed my opinion much. the difference became clearer after a few more days.,neutral,washing_machine,neutral,washing_machine,0.9999837875366211,0.9988476037979126,True,True,advanced,0,0,0,0,medium,0,0,2026-08-16T19:00:32Z,2026-08-16T19:20:05.154404+00:00
16569,The picture quality is what stood out after taking it on a trip; it is fine for what it is. I repeated the check before writing this.,neutral,television,neutral,television,0.9997430443763733,0.999414324760437,True,True,standard,0,0,0,0,medium,0,0,2026-08-16T19:00:32Z,2026-08-16T19:20:05.154404+00:00
16570,My main impression of this main fridge comes from the inside lighting: it has been a disappointment after using it for work and at home. someone else in the house noticed it too. pretty solid ngl.,negative,refrigerator,negative,refrigerator,0.9998226761817932,0.9997445940971375,True,True,advanced,0,0,0,1,long,0,0,2026-08-16T19:00:32Z,2026-08-16T19:20:05.154404+00:00
16571,"not gonna lie, the sports motion is what stood out after taking it on a trip; it has not given me trouble. I tried the same thing again later and got a similar result. it has earned my confidence.",positive,television,positive,television,0.999972939491272,0.999566376209259,True,True,advanced,0,0,0,1,long,0,0,2026-08-16T19:00:32Z,2026-08-16T19:20:05.154404+00:00
16572,"i did not pay much attention to the picture quality at first, but after using it for work and at home it is acceptable but unremarkable. the behavior persisted across several attempts.",neutral,television,neutral,television,0.9997866749763489,0.9989891648292542,True,True,informal,0,0,0,0,medium,0,0,2026-08-16T19:00:32Z,2026-08-16T19:20:05.154404+00:00
16573,The wash drum is what stood out when someone else in the house used it; it works normally. the behavior persisted across several attempts. The damn thing is basically fine.,neutral,washing_machine,neutral,washing_machine,0.9999964237213135,0.9996858835220337,True,True,standard,1,0,0,0,medium,0,1,2026-08-16T19:00:32Z,2026-08-16T19:20:05.154404+00:00
16574,"i did not pay much attention to the spin program at first, but during a heavier-than-usual day it works normally. this was different from my first impression. i can live with it. that said, the soap tray dependable in daily use, so the experience is not completely one-sided.",neutral,washing_machine,neutral,washing_machine,0.9999107122421265,0.9997145533561707,True,True,limited,0,0,0,0,long,1,0,2026-08-16T19:00:32Z,2026-08-16T19:20:05.154404+00:00
16575,"after coming back to it after a few days, the wireless connection is neither impressive nor bad. the difference became clearer after a few more days. the damn thing is basically fine. for real.",neutral,television,neutral,television,0.9999958276748657,0.9994733929634094,True,True,informal,1,0,0,1,long,0,0,2026-08-16T19:00:32Z,2026-08-16T19:20:05.154404+00:00
16576,"not gonna lie, the rear camera is what stood out after coming back to it after a few days; it keeps getting in the way. someone else in the house noticed it too. this needs to improve.",negative,smartphone,negative,smartphone,0.9999847412109375,0.9991419315338135,True,True,informal,0,0,0,1,long,0,0,2026-08-16T19:00:32Z,2026-08-16T19:20:05.154404+00:00
16577,The call quailty is what stood out after useing it for work and at home; it breaks down when conditions change. a second check gave me the same result. this is the part that makes me regret the purchase.,negative,smartphone,negative,refrigerator,0.9999802112579346,0.7413498759269714,True,False,advanced,0,0,1,0,long,0,0,2026-08-16T19:00:32Z,2026-08-16T19:20:05.154404+00:00
16578,my main impression of this cold-storage unit comes from the shelf layout: it turned into a recurring problem during a heavier-than-usual day. i would not rely on it. Honestly 🤔,negative,refrigerator,negative,refrigerator,0.9999740123748779,0.9997389912605286,True,True,limited,0,1,0,0,medium,0,0,2026-08-16T19:00:32Z,2026-08-16T19:20:05.154404+00:00
16579,"Under a representative operating profile, the wireless connection is what stood out outside my normal routine; it does the job. a second check gave me the same result.",neutral,television,neutral,television,0.9995974898338318,0.9992250204086304,True,True,technical,0,0,0,0,medium,0,0,2026-08-16T19:00:32Z,2026-08-16T19:20:05.154404+00:00
16580,"Under ordinary operating conditions, ngl, i have been using this video panel after coming back to it after a few days, and the video input is neither impressive nor bad.",neutral,television,neutral,television,0.9982402324676514,0.9903042912483215,True,True,technical,0,0,0,1,medium,0,0,2026-08-16T19:00:32Z,2026-08-16T19:20:05.154404+00:00
16581,"After repeated use under comparable conditions, when someone else in the house used it, the drainage motor has become increasingly unreliable. the difference becaem clearer after a few more days. That said, the soap tray conitnues to work without drama, so the experience is not completely one-sided.",negative,washing_machine,negative,washing_machine,0.9999510049819946,0.9996045231819153,True,True,technical,0,0,1,0,long,1,0,2026-08-16T19:00:32Z,2026-08-16T19:20:05.154404+00:00
16582,"When someone else in the house used it, the USB port continues to work without drama. I repeated the check before writing this.",positive,smartphone,positive,smartphone,0.9998974800109863,0.9989116191864014,True,True,standard,0,0,0,0,medium,0,0,2026-08-16T19:00:32Z,2026-08-16T19:20:05.154404+00:00
16583,"real talk, after changing a few settings, the ice system breaks down when conditions change. I noticed the change only in the new situation.",negative,refrigerator,negative,refrigerator,0.9991371035575867,0.9321197271347046,True,True,advanced,0,0,0,1,medium,0,0,2026-08-16T19:00:32Z,2026-08-16T19:20:05.154404+00:00
16584,"after taking it on a trip, i noticed that the apps on this phone breaks down when conditions change. a second check gave me the same result. i am already looking at alternatives.",negative,smartphone,negative,smartphone,0.999968409538269,0.9991680383682251,True,True,limited,0,0,0,0,medium,0,0,2026-08-16T19:00:32Z,2026-08-16T19:20:05.154404+00:00
16585,"Under a representative operating profile, i did not pay much attention to the gasket at first, but after a few weeks of mixed use it has been a pleasant surprise. I have stopped worrying about this part of the product. Damn, I did not expect this part to be this solid. 🤔",positive,refrigerator,positive,refrigerator,0.9999560117721558,0.8502711653709412,True,True,technical,1,1,0,0,long,0,0,2026-08-16T19:00:32Z,2026-08-16T19:20:05.154404+00:00
16586,my main impression of this daily driver comes from the apps: it feels ordinary after more use after using for work and at home. this was diferent from my first impression.,neutral,smartphone,neutral,smartphone,0.9995636343955994,0.9991139769554138,True,True,limited,0,0,1,0,medium,0,0,2026-08-16T19:00:32Z,2026-08-16T19:20:05.154404+00:00
16587,"tbh, the drainaeg motor is what stood out after a few weeks of mixed use; it has been a pleasant surprise. the behavior persisted across several attempst. on the other hand, the rinse program keeps getting in the way, which makes the overall picture more mixed. damn, i did not expect this part to be this solid.",positive,washing_machine,positive,washing_machine,0.9999717473983765,0.9996059536933899,True,True,informal,1,0,1,1,long,1,0,2026-08-16T19:00:32Z,2026-08-16T19:20:05.154404+00:00
16588,The inside lighting is what stood out after changing a few settings; it is acceptable but unremarkable. a second check gave me the same result.,neutral,refrigerator,neutral,refrigerator,0.999982476234436,0.9982950091362,True,True,advanced,0,0,0,0,medium,0,1,2026-08-16T19:00:32Z,2026-08-16T19:20:05.154404+00:00
16589,"tbh, the rinse program is what stood out after taking it on a trip; it keeps getting in the way.",negative,washing_machine,negative,washing_machine,0.9968656897544861,0.9995625615119934,True,True,advanced,0,0,0,1,medium,0,0,2026-08-16T19:00:32Z,2026-08-16T19:20:05.154404+00:00
16590,"Across repeated observations, my main impression of this kitchen fridge comes from the compressor fan: it feels dependable in daily use after using it for work and at home. The thermostat tells a different story because it has turned into a recurring problem. The damn thing surprised me in a good way.",positive,refrigerator,positive,refrigerator,0.9999539852142334,0.9996888637542725,True,True,technical,1,0,0,0,long,1,0,2026-08-16T19:00:32Z,2026-08-16T19:20:05.154404+00:00
16591,"after changing a few settings, i noticed that the door latch on this machine is neither impressive nor bad. i repeated the check before writing this. i don't feel strongly either way.",neutral,washing_machine,neutral,washing_machine,0.9999926090240479,0.9995414018630981,True,True,informal,0,0,0,0,medium,0,0,2026-08-16T19:00:32Z,2026-08-16T19:20:05.154404+00:00
16592,"during a heavier-than-usual day, the soap tray has turned into a recurring problem. this was diferent from my first impression. i am tired of this crap.",negative,washing_machine,negative,refrigerator,0.999951958656311,0.7149471640586853,True,False,informal,1,0,1,0,medium,0,0,2026-08-16T19:00:32Z,2026-08-16T19:20:05.154404+00:00
16593,"imo, the rear camera is what stood out after using it for work and at home; it feels dependable in daily use. i repeated the check before writing this. that said, the usb port has turned into a recurring problem, so the experience is not completely one-sided.",positive,smartphone,positive,smartphone,0.999855637550354,0.9991551637649536,True,True,limited,0,0,0,1,long,1,0,2026-08-16T19:00:32Z,2026-08-16T19:20:05.154404+00:00
16594,the battery life is what stood out when someone else in the house used it has become increasingly unreliable. i the change only in the new situation.,negative,smartphone,negative,smartphone,0.9999641180038452,0.9991979002952576,True,True,limited,0,0,0,0,medium,0,0,2026-08-16T19:00:32Z,2026-08-16T19:20:05.154404+00:00
16595,"From a practical reliability standpoint, my main impression of this new refrigerator comes from the cooling motor: it has not changed my opinion much when someone else in the house used it. a second check gave me the same result. 🙃",neutral,refrigerator,neutral,refrigerator,0.9999916553497314,0.9997304081916809,True,True,technical,0,1,0,0,long,0,0,2026-08-16T19:00:32Z,2026-08-16T19:20:05.154404+00:00
16596,"Under a representative operating profile, the USB port is what stood out druing a heavier-than-usual day; it holds up better than expected. I noticed the change only in the new situation.",positive,smartphone,positive,smartphone,0.9998899698257446,0.9991920590400696,True,True,technical,0,0,1,0,medium,0,0,2026-08-16T19:00:32Z,2026-08-16T19:20:05.154404+00:00
16597,"Across repeated observations, the cooling motor is what stood out when someone else in the house used it; it does the job. I noticed the change only in the new situation.",neutral,refrigerator,neutral,refrigerator,0.9999688863754272,0.9996649026870728,True,True,technical,0,0,0,0,medium,0,0,2026-08-16T19:00:32Z,2026-08-16T19:20:05.154404+00:00
16598,"From a practical reliability standpoint, real talk, after changing a few settings, the cycle controls has not changed my opinion much. I repeated the check before writing this. That said, the spin program keeps acting up, so the experience is not completely one-sided.",neutral,washing_machine,neutral,washing_machine,0.9998557567596436,0.9997095465660095,True,True,technical,0,0,0,1,long,1,0,2026-08-16T19:00:32Z,2026-08-16T19:20:05.154404+00:00
16599,"During a heavier-than-usual day, I noticed that the soap tray on this new washer is difficult to trust. I tried the same thing again later and got a similar result.",negative,washing_machine,negative,washing_machine,0.9999233484268188,0.9980637431144714,True,True,standard,0,0,0,0,medium,0,1,2026-08-16T19:00:32Z,2026-08-16T19:20:05.154404+00:00
16600,The apps is what sotod out when someone else in the house used it; it keeps acting up. someone else in the house noticed it too. This shit should not be happening in routine use.,negative,smartphone,negative,washing_machine,0.9999837875366211,0.7736525535583496,True,False,advanced,1,0,1,0,long,0,0,2026-08-16T19:00:32Z,2026-08-16T19:20:05.154404+00:00
16601,the sports motion is what stood out when someone else in the house used it; it is acceptable but unremarkable. there is not much else to say. the damn thing is basically fine.,neutral,television,neutral,television,0.9999986886978149,0.99955815076828,True,True,informal,1,0,0,0,medium,0,0,2026-08-16T19:00:32Z,2026-08-16T19:20:05.154404+00:00
16602,"i did not pay attention to the at first, but during a heavier-than-usual day it is neither impressive nor bad. the damn thing is basically fine.",neutral,television,neutral,refrigerator,0.9999971389770508,0.7621679306030273,True,False,limited,1,0,0,0,medium,0,0,2026-08-16T19:00:32Z,2026-08-16T19:20:05.154404+00:00
16603,"imo, i did not pay much attention to the usb port at first, but during a heavier-than-usual day has stayed dependable. the difference became after a few more days. it has earned my confidence. 😂",positive,smartphone,positive,smartphone,0.9999449253082275,0.9991926550865173,True,True,limited,0,1,0,1,long,0,1,2026-08-16T19:00:32Z,2026-08-16T19:20:05.154404+00:00
16604,"Under a representative operating profile, my main impression of this kitchen fridge comes from the cooling motor: it is fine for what it is after useing it for work and at home. this was different from my first impression. I can live with it.",neutral,refrigerator,neutral,refrigerator,0.9999719858169556,0.9997745156288147,True,True,technical,0,0,1,0,long,0,0,2026-08-16T19:00:32Z,2026-08-16T19:20:05.154404+00:00
16605,"Across repeated observations, i did not pay much attention to the cooling motor at first, but after changing a few settings it does the job. someone else in the house noticed it too. there is not much else to say. for real.",neutral,refrigerator,neutral,refrigerator,0.999993085861206,0.9996843338012695,True,True,technical,0,0,0,1,long,0,1,2026-08-16T19:00:32Z,2026-08-16T19:20:05.154404+00:00
16606,"After using it for work and at home, the rinse program has stayed dependable.",positive,washing_machine,positive,washing_machine,0.9905955791473389,0.9700790047645569,True,True,standard,0,0,0,0,medium,0,0,2026-08-16T19:00:32Z,2026-08-16T19:20:05.154404+00:00
16607,my main mipression of this cell phone comes from the battery life: it has been a disappointment after using it for work and at home. the difference became clearer after a few more days.,negative,smartphone,negative,smartphone,0.9999264478683472,0.9991406202316284,True,True,informal,0,0,1,0,long,0,0,2026-08-16T19:00:32Z,2026-08-16T19:20:05.154404+00:00
16608,"i have been using this machine after coming back to after a few days, and the rinse program still performs consistently. 💀",positive,washing_machine,positive,washing_machine,0.9989562034606934,0.9981861710548401,True,True,limited,0,1,0,0,medium,0,0,2026-08-16T19:00:32Z,2026-08-16T19:20:05.154404+00:00
16609,my main impression of this new phone comes from the call quality: it fails in normal use after a few weeks of mixed use. i noticed the change only in the new situation. i am considering a replacement.,negative,smartphone,negative,smartphone,0.9999878406524658,0.999247670173645,True,True,limited,0,0,0,0,long,0,0,2026-08-16T19:00:32Z,2026-08-16T19:20:05.154404+00:00
16610,"I did not pay much attention to the battery life at first, but after coming back to it after a few days it feels ordinary after more use. Honestly, the damn thing is just average.",neutral,smartphone,neutral,smartphone,0.9999964237213135,0.9991781115531921,True,True,advanced,1,0,0,0,long,0,0,2026-08-16T19:00:32Z,2026-08-16T19:20:05.154404+00:00
16611,"I have been useing this screen unit outside my normal routine, and the interface is fine for what it is. someone else in the house noticed it too. not great tbh.",neutral,television,neutral,television,0.9998974800109863,0.9995105266571045,True,True,standard,0,0,1,1,medium,0,0,2026-08-16T19:00:32Z,2026-08-16T19:20:05.154404+00:00
16612,My main impression of this video panel comes from the panel lighting: it is difficult to trust during a heavier-than-usual day. I repeated the check before writing this. I am already looking at alternatives. The damn thing keeps getting in the way.,negative,television,negative,television,0.9999793767929077,0.9994069337844849,True,True,standard,1,0,0,0,long,0,1,2026-08-16T19:00:32Z,2026-08-16T19:20:05.154404+00:00
16613,"Under a representative operating profile, during a heavier-than-usual day, I noticed that the rinse program on this front-loading washer is acceptable but unremarkable. I noticed the change only in the new istuation. it is adequate for now.",neutral,washing_machine,neutral,washing_machine,0.9999972581863403,0.9997072815895081,True,True,technical,0,0,1,0,long,0,0,2026-08-16T19:00:32Z,2026-08-16T19:20:05.154404+00:00
16614,The interface is what stood out when someone else in the house used it; it has been a disappointment. the differecne became clearer after a few more days. I would hesitate to buy it again. This is damn annoying.,negative,television,negative,television,0.9999842643737793,0.9995343685150146,True,True,advanced,1,0,1,0,long,0,1,2026-08-16T19:00:32Z,2026-08-16T19:20:05.154404+00:00
16615,"I have been using this cell phone after coming back to it after a few days, and the battery life is acceptable but unremarkable. I noticed the change only in the new situation. it is adequate for now.",neutral,smartphone,neutral,smartphone,0.999997615814209,0.9992207288742065,True,True,advanced,0,0,0,0,long,0,0,2026-08-16T19:00:32Z,2026-08-16T19:20:05.154404+00:00
16616,"I have been using this living room display after coming back to it after a few days, and the panel lighting keeps acting up. the difference became clearer after a few more days. this needs to improve. This is damn annoying.",negative,television,negative,television,0.9999860525131226,0.9995842576026917,True,True,advanced,1,0,0,0,long,0,0,2026-08-16T19:00:32Z,2026-08-16T19:20:05.154404+00:00
16617,"after using it for work and at home, i noticed that the inside lighting on this new refrigerator breaks down when conditions change. i repeated the check before writing this. i am already looking at alternatives.",negative,refrigerator,negative,refrigerator,0.9999648332595825,0.9996803998947144,True,True,informal,0,0,0,0,long,0,0,2026-08-16T19:00:32Z,2026-08-16T19:20:05.154404+00:00
16618,"Across repeated observations, during a heavier-than-usual day, I noticed that the battery life on this new phone has not given me trouble. I repeated the check before writing this.",positive,smartphone,positive,smartphone,0.999834418296814,0.9990454316139221,True,True,technical,0,0,0,0,medium,0,1,2026-08-16T19:00:32Z,2026-08-16T19:20:05.154404+00:00
16619,The fingerprint reader is what stood out after using it for work and at home; it has stayed dependable. the behavior persisted across several attempts.,positive,smartphone,positive,smartphone,0.9999029636383057,0.9992586970329285,True,True,advanced,0,0,0,0,medium,0,0,2026-08-16T19:00:32Z,2026-08-16T19:20:05.154404+00:00
16620,"Across repeated observations, outside my normal routine, the apps keeps getting in the way. the behavior persisted across several attempts. This is damn annoying.",negative,smartphone,negative,television,0.9999656677246094,0.4756786525249481,True,False,technical,1,0,0,0,medium,0,0,2026-08-16T19:00:32Z,2026-08-16T19:20:05.154404+00:00
16621,"my main impression of this cell phone comes from the usb port: it continues to work without drama after coming back to it after a few days. i tried the same thing again later and got a similar result. i expected some crap here, but it has actually held up.",positive,smartphone,positive,smartphone,0.9999457597732544,0.999275267124176,True,True,informal,1,0,0,0,long,0,1,2026-08-16T19:00:32Z,2026-08-16T19:20:05.154404+00:00
16622,The apps is what stood out after a few weeks of mixed use; it continues to work without drama.,positive,smartphone,positive,television,0.9941174983978271,0.5646991729736328,True,False,advanced,0,0,0,0,medium,0,0,2026-08-16T19:00:32Z,2026-08-16T19:20:05.154404+00:00
16623,"I did not pay much attention to the freezer compartment at first, but after taking it on a trip it is difficult to trust. I repeated the check before writing this.",negative,refrigerator,negative,refrigerator,0.9989116191864014,0.9996482133865356,True,True,advanced,0,0,0,0,medium,0,0,2026-08-16T19:00:32Z,2026-08-16T19:20:05.154404+00:00
16624,"After repeated use under comparable conditions, the inside lighting is what stood out during a heavier-than-usual day; it feels ordinary after more use. this was different from my first impression.",neutral,refrigerator,neutral,refrigerator,0.999958872795105,0.9994457364082336,True,True,technical,0,0,0,0,medium,0,0,2026-08-16T19:00:32Z,2026-08-16T19:20:05.154404+00:00
16625,"After using it for work and at home, the controller has not given me trouble. this was different from my first impression. No bullshit, this has been one of the better parts of the product.",positive,television,positive,television,0.9999803304672241,0.5986038446426392,True,True,standard,1,0,0,0,long,0,0,2026-08-16T19:00:32Z,2026-08-16T19:20:05.154404+00:00
16626,the inside lighting is what stood out after coming back to it after a few days; it has been a disappointment. i repeated the check before writing this. not great tbh. 👍,negative,refrigerator,negative,refrigerator,0.9998338222503662,0.9992159605026245,True,True,informal,0,1,0,1,medium,0,0,2026-08-16T19:00:32Z,2026-08-16T19:20:05.154404+00:00
16627,"Under ordinary operating conditions, my main impression of this refrigeration unit comes from the cooling motor: it works well even outside my usual routine after a few weeks of mixed use. I tried the same thing again alter and got a similar result.",positive,refrigerator,positive,refrigerator,0.9999325275421143,0.9996787309646606,True,True,technical,0,0,1,0,long,0,0,2026-08-16T19:00:32Z,2026-08-16T19:20:05.154404+00:00
16628,"honestly tho, my main impression of this refrigeration unit comes from the cooling motor: it is difficult to trust after using it for work and at home. the behavior persisted across several attempts. the damn thing keeps getting in the way.",negative,refrigerator,negative,refrigerator,0.9999768733978271,0.9996769428253174,True,True,informal,1,0,0,1,long,0,0,2026-08-16T19:00:32Z,2026-08-16T19:20:05.154404+00:00
16629,"When someone else in the house used it, I noticed that the touch panel on this new phone feels ordinary after more use. the difference became clearer after a few more days.",neutral,smartphone,neutral,smartphone,0.999984622001648,0.99774569272995,True,True,advanced,0,0,0,0,medium,0,0,2026-08-16T19:00:32Z,2026-08-16T19:20:05.154404+00:00
16630,"I did not pay much attention to the vibration at first, but after changing a few settings it has been a disappointment. this needs to improve. That said, the fill valve remains basically average, so the experience is not completely one-sided. 👍",negative,washing_machine,negative,washing_machine,0.9999724626541138,0.9996923208236694,True,True,standard,0,1,0,0,long,1,0,2026-08-16T19:00:32Z,2026-08-16T19:20:05.154404+00:00
16631,"Across repeated observations, i did not pay much attention to the panel lighting at first, but after a few weeks of mixed use it keeps acting up. a second check gave me the same result. I am already looking at alternatives. That said, the video input is fine for what it is, so the experience is not completely one-sided. for real.",negative,television,negative,smartphone,0.9999686479568481,0.9990910291671753,True,False,technical,0,0,0,1,long,1,0,2026-08-16T19:00:32Z,2026-08-16T19:20:05.154404+00:00
16632,"tbh, the thermostat is what stood out after coming back to it after a few days; it feels dependable in daily use. the difference became clearer after a few more days.",positive,refrigerator,positive,refrigerator,0.9998502731323242,0.3315049409866333,True,True,advanced,0,0,0,1,medium,0,0,2026-08-16T19:00:32Z,2026-08-16T19:20:05.154404+00:00
16633,"After repeated use under comparable conditions, i did not pay much attention to the wash drum at first, but outside my normal routine it has stayed dependable. I plan to keep using it. The damn thing surprised me in a good way.",positive,washing_machine,positive,washing_machine,0.9999547004699707,0.999629020690918,True,True,technical,1,0,0,0,long,0,0,2026-08-16T19:00:32Z,2026-08-16T19:20:05.154404+00:00
16634,"From a practical reliability standpoint, i did not pay much attention to the door warning at first, but after coming back to it after a few days it has not given me trouble. a second check gave me the same result. The damn thing surprised me in a good way.",positive,refrigerator,positive,refrigerator,0.999954104423523,0.9996800422668457,True,True,technical,1,0,0,0,long,0,0,2026-08-16T19:00:32Z,2026-08-16T19:20:05.154404+00:00
16635,"i did not pay much attention to the soap tray at first, but after taking it on a trip it is acceptable but unremarkable. the difference clearer after a more days. i would neither recommend it nor warn people away. for real.",neutral,washing_machine,neutral,washing_machine,0.9999951124191284,0.9997022747993469,True,True,limited,0,0,0,1,long,0,0,2026-08-16T19:00:32Z,2026-08-16T19:20:05.154404+00:00
16636,"I did not pay much attention to the batery life at first, but when someone else in the house used it it efels ordinary after more use. the behavior persisted across several attempts. I would neither recommend it nor warn people away. pretty solid ngl.",neutral,smartphone,neutral,smartphone,0.9999946355819702,0.9992237091064453,True,True,advanced,0,0,1,1,long,0,0,2026-08-16T19:00:32Z,2026-08-16T19:20:05.154404+00:00
16637,"after using it for work and at home, the compressor fan feels dependable in daily use. the behavior persisted across several damn thing surprised me in a good way. kinda wild.",positive,refrigerator,positive,refrigerator,0.9999434947967529,0.9997063279151917,True,True,limited,1,0,0,1,medium,0,0,2026-08-16T19:00:32Z,2026-08-16T19:20:05.154404+00:00
16638,The wash drum is what stood out after a few weeks of mixed use; it continues to work without drama. the behavior persisted across several attempts.,positive,washing_machine,positive,washing_machine,0.999872088432312,0.999548614025116,True,True,advanced,0,0,0,0,medium,0,0,2026-08-16T19:00:32Z,2026-08-16T19:20:05.154404+00:00
16639,"ngl, i did not pay much attention to the USB port at first, but after taking it on a trip it has turned into a recurring problem. I tried the same thing again later and got a similar result.",negative,smartphone,negative,smartphone,0.99996018409729,0.9991545677185059,True,True,advanced,0,0,0,1,long,0,1,2026-08-16T19:00:32Z,2026-08-16T19:20:05.154404+00:00
16640,"Under a representative operating profile, my main impression of this pocket deivce comes from the network reception: it ekeps getting in the way after a few weeks of mixed use. the difference became clearer after a few more days. The damn thing keeps getting in the way.",negative,smartphone,negative,smartphone,0.9999769926071167,0.9990870952606201,True,True,technical,1,0,1,0,long,0,0,2026-08-16T19:00:32Z,2026-08-16T19:20:05.154404+00:00
16641,"My main impression of this screen unit comes from the built-in audio: it is fine for what it is after useing it for work and at home. I tried the same thing again later and got a similar result. It is not amazing, but it is not bullshit either.",neutral,television,neutral,television,0.9999984502792358,0.9994227886199951,True,True,standard,1,0,1,0,long,0,0,2026-08-16T19:00:32Z,2026-08-16T19:20:05.154404+00:00
16642,"outside my normal routine, i noticed that the call quailty on this work phone remains basically average. i tried the same thing again later and got similar result. i live with it.",neutral,smartphone,neutral,smartphone,0.9999850988388062,0.9991268515586853,True,True,limited,0,0,1,0,medium,0,0,2026-08-16T19:00:32Z,2026-08-16T19:20:05.154404+00:00
16643,"i did not pay much attention to the streaming menu at first, but when someone else in the house used it it has not changed my opinion much. the other hand, the interface fails in normal use, which makes the overall picture more mixed.",neutral,television,neutral,television,0.9999794960021973,0.9994996786117554,True,True,limited,0,0,0,0,long,1,1,2026-08-16T19:00:32Z,2026-08-16T19:20:05.154404+00:00
16644,"after using it for work and at home, the freezer compartment has been a disappointment. i am considering a replacement. this is damn annoying.",negative,refrigerator,negative,refrigerator,0.9999033212661743,0.9993465542793274,True,True,informal,1,0,0,0,medium,0,0,2026-08-16T19:00:32Z,2026-08-16T19:20:05.154404+00:00
16645,The inside lighting is what stood out after taking it on a trip; it feels ordinary after more use. the difference became clearer afetr a few more days. I can live with it. Honestly 🤷,neutral,refrigerator,neutral,refrigerator,0.9999902248382568,0.9994483590126038,True,True,standard,0,1,1,0,long,0,1,2026-08-16T19:00:32Z,2026-08-16T19:20:05.154404+00:00
16646,"Across repeated observations, my main impression of this main fridge comes from the shelf layout: it breaks down when conditions change after using it for work and at home. I tried the same thing again later and got a similar result. Honestly 🔥",negative,refrigerator,negative,refrigerator,0.9999756813049316,0.9997629523277283,True,True,technical,0,1,0,0,long,0,0,2026-08-16T19:00:32Z,2026-08-16T19:20:05.154404+00:00
16647,"After coming back to it after a few days, the compressor fan has stayed dependable. someone else in the house noticed it too. The damn thing surprised me in a good way.",positive,refrigerator,positive,refrigerator,0.9999531507492065,0.9996367692947388,True,True,standard,1,0,0,0,medium,0,1,2026-08-16T19:00:32Z,2026-08-16T19:20:05.154404+00:00
16648,"I have been using this cold-storage unit after coming back to it after a few days, and the freezer compartment continues to work without drama. a second check gave me the same result. it has earned my confidence. Damn, I did not expect this part to be this solid.",positive,refrigerator,positive,refrigerator,0.9999728202819824,0.9997413754463196,True,True,standard,1,0,0,0,long,0,0,2026-08-16T19:00:32Z,2026-08-16T19:20:05.154404+00:00
16649,"ngl, my main impression of this work phone comes from the rear camera: it is neither impressive nor bad after coming back to it after a few days. I noticed the change only in the new situation. there is not much else to say.",neutral,smartphone,neutral,smartphone,0.9999966621398926,0.9992130994796753,True,True,advanced,0,0,0,1,long,0,1,2026-08-16T19:00:32Z,2026-08-16T19:20:05.154404+00:00
16650,"Under ordinary operating conditions, i did not pay much attention to the controller at first, but when someone else in the house used it it has stayed dependable. the behavior persisted across several attempts. pretty solid ngl.",positive,television,positive,television,0.9999005794525146,0.5288156270980835,True,True,technical,0,0,0,1,long,0,0,2026-08-16T19:00:32Z,2026-08-16T19:20:05.154404+00:00
16651,"From a practical reliability standpoint, real talk, i did not pay much attention to the USB port at first, but during a heavier-than-usual day it feels dependable in daily use. I noticed the change only in the new situation. I would buy it again.",positive,smartphone,positive,smartphone,0.9999227523803711,0.9992145299911499,True,True,technical,0,0,0,1,long,0,0,2026-08-16T19:00:32Z,2026-08-16T19:20:05.154404+00:00
16652,"after a few weeks of mixed use, i noticed that the wash drum on this clothes washer keeps getting in the way. i noticed the change only in the new situation. i would hesitate to buy it again.",negative,washing_machine,negative,washing_machine,0.9999775886535645,0.9996113181114197,True,True,limited,0,0,0,0,long,0,0,2026-08-16T19:00:32Z,2026-08-16T19:20:05.154404+00:00
16653,"I did not pay much attention to the spin program at first, but after taking it on a trip it still performs consistently. I repeated the check before writing this. kinda wild.",positive,washing_machine,positive,washing_machine,0.9999277591705322,0.9996523857116699,True,True,standard,0,0,0,1,medium,0,0,2026-08-16T19:00:32Z,2026-08-16T19:20:05.154404+00:00
16654,"After repeated use under comparable conditions, my main impression of this main fridge comes from the door warning: it still performs consistently when someone else in the house used it. I repeated the check before writing this. I plan to keep useing it. lol.",positive,refrigerator,positive,refrigerator,0.9999291896820068,0.9998065829277039,True,True,technical,0,0,1,1,long,0,0,2026-08-16T19:00:32Z,2026-08-16T19:20:05.154404+00:00
16655,"after using it for work and at home, the freezer compartment keeps acting up. i noticed the change only in the new situation. i am considering a replacement.",negative,refrigerator,negative,refrigerator,0.9999796152114868,0.9996271133422852,True,True,informal,0,0,0,0,medium,0,1,2026-08-16T19:00:32Z,2026-08-16T19:20:05.154404+00:00
16656,"the sports motion is what stood out during a heavier-than-usual day; it holds up better than expected. on the other hand, the video input feels ordinary after more use, which makes the overall picture more mixed. idk.",positive,television,positive,television,0.9998838901519775,0.9995625615119934,True,True,informal,0,0,0,1,long,1,0,2026-08-16T19:00:32Z,2026-08-16T19:20:05.154404+00:00
16657,"Under ordinary operating conditions, i did not pay much attention to the ice system at first, but after changing a few settings it keeps getting in the way. the behavior persisted across several attempts. The cooling motor tells a different story because it does the job.",negative,refrigerator,negative,refrigerator,0.9999793767929077,0.9997544884681702,True,True,technical,0,0,0,0,long,1,0,2026-08-16T19:00:32Z,2026-08-16T19:20:05.154404+00:00
16658,my main impression of this cold-storage unit comes from the cooling motor: it has not given me trouble when someone else in the house used it. a second check gave me the same result.,positive,refrigerator,positive,refrigerator,0.9999405145645142,0.9997014403343201,True,True,informal,0,0,0,0,long,0,0,2026-08-16T19:00:32Z,2026-08-16T19:20:05.154404+00:00
16659,"when someone else in the house used it, the fill valve still performs consistently. repeated the check before writing this. have stopped worrying about this part of the product.",positive,washing_machine,positive,washing_machine,0.9999784231185913,0.998306393623352,True,True,limited,0,0,0,0,medium,0,0,2026-08-16T19:00:32Z,2026-08-16T19:20:05.154404+00:00
16660,The controller is what stood out after taking it on a trip; it feels dependable in daily use. the behavior persisted across several attempts.,positive,television,positive,television,0.9998756647109985,0.9987499713897705,True,True,advanced,0,0,0,0,medium,0,0,2026-08-16T19:00:32Z,2026-08-16T19:20:05.154404+00:00
16661,"From a practical reliability standpoint, the compressor fan is what stood out after using it for work and at home; it works well even outside my usual routine. the difference became clearer after a few more days.",positive,refrigerator,positive,refrigerator,0.9999164342880249,0.9996198415756226,True,True,technical,0,0,0,0,long,0,0,2026-08-16T19:00:32Z,2026-08-16T19:20:05.154404+00:00
16662,"After coming back to it after a few days, the network reception works well even outside my usual routine. I noticed the change only in the new situation. Damn, I did not expect this part to be this solid.",positive,smartphone,positive,smartphone,0.9999719858169556,0.9991995692253113,True,True,standard,1,0,0,0,long,0,0,2026-08-16T19:00:32Z,2026-08-16T19:20:05.154404+00:00
16663,"fr, i have been using this living room display after using it for work and at home, and the sports motion has turned into a recurring problem. I repeated the check before writing this. 😂",negative,television,negative,television,0.9950106143951416,0.9995241165161133,True,True,advanced,0,1,0,1,long,0,0,2026-08-16T19:00:32Z,2026-08-16T19:20:05.154404+00:00
16664,"After changing a few settings, I noticed that the ice system on this cold-storage unit breaks down when conditions change. the behavior persisted across several attempts. I would not rely on it.",negative,refrigerator,negative,refrigerator,0.9999231100082397,0.9996511936187744,True,True,advanced,0,0,0,0,medium,0,0,2026-08-16T19:00:32Z,2026-08-16T19:20:05.154404+00:00
16665,"when someone else in the house used it, the earpiece has turned into a recurring problem. i tried the same thing again later and got a similar result. this is damn annoying. Honestly 🙃",negative,smartphone,negative,smartphone,0.9999819993972778,0.9931094646453857,True,True,informal,1,1,0,0,long,0,0,2026-08-16T19:00:32Z,2026-08-16T19:20:05.154404+00:00
16666,"I did not pay much attention to the cooling motor at first, but after taking it on a trip it has been a disappointment.",negative,refrigerator,negative,refrigerator,0.9433908462524414,0.9989660978317261,True,True,advanced,0,0,0,0,medium,0,0,2026-08-16T19:00:32Z,2026-08-16T19:20:05.154404+00:00
16667,"I have been using this new phone after a few weeks of mixed use, and the USB port has been a disappointment. a second check gave me the same result. 👍",negative,smartphone,negative,smartphone,0.9851728677749634,0.9992392063140869,True,True,standard,0,1,0,0,medium,0,0,2026-08-16T19:00:32Z,2026-08-16T19:20:05.154404+00:00
16668,"From a practical reliability standpoint, my main impression of this cell phone comes from the USB port: it continues to work without drama during a heavier-than-usual day. I noticed the change only in the new situation. No bullshit, this has been one of the better parts of the product.",positive,smartphone,positive,smartphone,0.9999803304672241,0.9991039633750916,True,True,technical,1,0,0,0,long,0,0,2026-08-16T19:00:32Z,2026-08-16T19:20:05.154404+00:00
16669,"my main impression of this cell phone comes from the battery life: it has stayed dependable after coming back to it after a few days. for my use case, this is a keeper. the damn thing surprised me in a good way.",positive,smartphone,positive,smartphone,0.9999542236328125,0.9991200566291809,True,True,limited,1,0,0,0,long,0,0,2026-08-16T19:00:32Z,2026-08-16T19:20:05.154404+00:00
16670,"Under ordinary operating conditions, i did not pay much attention to the cycle controls at first, but outside my normal routine it breaks down when conditions change. I noticed the change only in the new situation. On the other hand, the drainage motor is neither impressive nor bad, which makes the overall picture more mixed.",negative,washing_machine,negative,washing_machine,0.9999812841415405,0.9996556043624878,True,True,technical,0,0,0,0,long,1,1,2026-08-16T19:00:32Z,2026-08-16T19:20:05.154404+00:00
16671,"Outside my normal routine, the built-in audio has been a disappointment. someone else in the house noticed it too.",negative,television,negative,television,0.9965916872024536,0.9962220191955566,True,True,advanced,0,0,0,0,medium,0,0,2026-08-16T19:00:32Z,2026-08-16T19:20:05.154404+00:00
16672,"After coming back to it after a few days, the apps is difficult to trust. I noticed the change only in the new situation. The earpiece tells a different story because it has stayed dependable.",negative,smartphone,negative,television,0.9999003410339355,0.9992586970329285,True,False,advanced,0,0,0,0,long,1,0,2026-08-16T19:00:32Z,2026-08-16T19:20:05.154404+00:00
16673,"i did not pay much attention to the fill valve at first, but after a few weeks of use it keeps acting up. the behavior across several attempts. this needs to improve.",negative,washing_machine,negative,washing_machine,0.9999510049819946,0.9994813799858093,True,True,limited,0,0,0,0,medium,0,0,2026-08-16T19:00:32Z,2026-08-16T19:20:05.154404+00:00
16674,"Outside my normal routine, I noticed that the controller on this living room display works well even outside my usual routine. the difference became clearer after a few more days. I would buy it again. That said, the video input does the job, so the experience is not completely one-sided.",positive,television,positive,television,0.9998573064804077,0.9995006322860718,True,True,standard,0,0,0,0,long,1,1,2026-08-16T19:00:32Z,2026-08-16T19:20:05.154404+00:00
16675,"The touch panel is what stood out after taking it on a trip; it still performs consistently. someone else in the house noticed it too. No bullshit, this has been one of the better parts of the product.",positive,smartphone,positive,washing_machine,0.9999804496765137,0.6390888094902039,True,False,advanced,1,0,0,0,long,0,0,2026-08-16T19:00:32Z,2026-08-16T19:20:05.154404+00:00
16676,"i have been using this cell phone outside my normal routine, and the network reception feels dependable in daily use. i plan to keep using it. damn, i did not expect this part to be this solid.",positive,smartphone,positive,smartphone,0.9999722242355347,0.9992303848266602,True,True,informal,1,0,0,0,long,0,0,2026-08-16T19:00:32Z,2026-08-16T19:20:05.154404+00:00
16677,The interface is what stood out after a few weeks of mixed use; it is neither impressive nor bad. this was diferent from my first impression. I do not feel strongly either way. 😐,neutral,television,neutral,television,0.9999958276748657,0.9995750784873962,True,True,advanced,0,1,1,0,long,0,0,2026-08-16T19:00:32Z,2026-08-16T19:20:05.154404+00:00
16678,"After repeated use under comparable conditions, tbh, i have been using this wash unit after a few weeks of mixed use, and the vibration is fine for what it is. It is not amazing, but it is not bullshit either.",neutral,washing_machine,neutral,washing_machine,0.9999979734420776,0.9993632435798645,True,True,technical,1,0,0,1,long,0,1,2026-08-16T19:00:32Z,2026-08-16T19:20:05.154404+00:00
16679,my main impression of this front-loading washer comes from the drainaeg motor: it has been a pleasant surprise after a few weeks of mixed use. someone else in the house noticed it too. overall i am happy with it. 🙃,positive,washing_machine,positive,washing_machine,0.9999608993530273,0.9997040629386902,True,True,informal,0,1,1,0,long,0,1,2026-08-16T19:00:32Z,2026-08-16T19:20:05.154404+00:00
16680,"Under a representative operating profile, after a few weeks of mixed use, I noticed that the freezer compartment on this main fridge works well even outside my usual routine. the difference became clearer after a few more days. I would buy it again. That said, the ice system works normally, so the experience is not completely one-sided. kinda wild. 💀",positive,refrigerator,positive,refrigerator,0.9999122619628906,0.9998107552528381,True,True,technical,0,1,0,1,long,1,0,2026-08-16T19:00:32Z,2026-08-16T19:20:05.154404+00:00
16681,"I have been using this pocket device after a few weeks of mixed use, and the apps holds up better than expected. I plan to keep using it.",positive,smartphone,positive,smartphone,0.9999366998672485,0.9991856217384338,True,True,standard,0,0,0,0,medium,0,0,2026-08-16T19:00:32Z,2026-08-16T19:20:05.154404+00:00
16682,the network reception is what stood out when someone else in the house used it; it has been a pleasant surprise. i tried the same thing again later and got a similar result. the damn thing surprised me in a good way.,positive,smartphone,positive,smartphone,0.9999538660049438,0.9991058707237244,True,True,informal,1,0,0,0,long,0,0,2026-08-16T19:00:32Z,2026-08-16T19:20:05.154404+00:00
16683,"i did not pay much attention to the wireless connection at first, but after using it for work and at home it is fine for what it is. the behavior persisted across several attempts. the built-in audio tells a different story because it works well even outside my usual routine. it is not amazing, but it is not bullshit either.",neutral,television,neutral,television,0.9999983310699463,0.999437153339386,True,True,informal,1,0,0,0,long,1,0,2026-08-16T19:00:32Z,2026-08-16T19:20:05.154404+00:00
16684,"i have been using this new phone outside my normal routine, and the port still performs consistently. someone else in the house noticed it too. i would buy it again.",positive,smartphone,positive,smartphone,0.9999415874481201,0.9991909861564636,True,True,limited,0,0,0,0,medium,0,0,2026-08-16T19:00:32Z,2026-08-16T19:20:05.154404+00:00
16685,"honestly tho, the controller is what stood out when someone else in the house used it; it has become increasingly unreliable. the difference became clearer after a few more days. 😅",negative,television,negative,television,0.9999709129333496,0.8138923645019531,True,True,standard,0,1,0,1,medium,0,1,2026-08-16T19:00:32Z,2026-08-16T19:20:05.154404+00:00
16686,"After taking it on a trip, I noticed that the spin program on this new washer continues to work without drama. I tried the same thing again later and got a similar result. I would buy it again.",positive,washing_machine,positive,washing_machine,0.9999420642852783,0.9994361996650696,True,True,advanced,0,0,0,0,long,0,0,2026-08-16T19:00:32Z,2026-08-16T19:20:05.154404+00:00
16687,"I have been using this kitchen fridge outside my normal routine, and the door warning still performs consistently. the behavior persisted across several attempts.",positive,refrigerator,positive,refrigerator,0.9999260902404785,0.9997538924217224,True,True,standard,0,0,0,0,medium,0,0,2026-08-16T19:00:32Z,2026-08-16T19:20:05.154404+00:00
16688,"I have been using this work phone when someone else in the house used it, and the USB port holds up better than expected. someone else in the house noticed it too. for my use case, this is a keeper.",positive,smartphone,positive,smartphone,0.999961256980896,0.9992826581001282,True,True,standard,0,0,0,0,long,0,0,2026-08-16T19:00:32Z,2026-08-16T19:20:05.154404+00:00
16689,"i have been using this television set after taking it on a trip, and the picture quality keeps getting in the way. the difference became clearer after a few more days.",negative,television,negative,television,0.9998987913131714,0.9993734955787659,True,True,informal,0,0,0,0,medium,0,0,2026-08-16T19:00:32Z,2026-08-16T19:20:05.154404+00:00
16690,"lowkey, my main impression of this kitchen fridge comes from the compressor fan: it has into a recurring problem during a heavier-than-usual day. noticed the change only in the new situation.",negative,refrigerator,negative,refrigerator,0.9999661445617676,0.999723494052887,True,True,limited,0,0,0,1,medium,0,1,2026-08-16T19:00:32Z,2026-08-16T19:20:05.154404+00:00
16691,"Outside my normal routine, I noticed that the interface on this television set feels ordinary after more use. this was diferent from my first impression.",neutral,television,neutral,television,0.9965268969535828,0.9985294342041016,True,True,standard,0,0,1,0,medium,0,1,2026-08-16T19:00:32Z,2026-08-16T19:20:05.154404+00:00
16692,"When someone else in the house used it, I noticed that the freezer compartment on this new refrigerator fails in normal use. a second check gave me the same result. I would hesitate to buy it again.",negative,refrigerator,negative,refrigerator,0.9999710321426392,0.9997031092643738,True,True,standard,0,0,0,0,long,0,0,2026-08-16T19:00:32Z,2026-08-16T19:20:05.154404+00:00
16693,"The sports motion is what stood out after coming back to it after a few days; it has stayed dependable. for my use case, this is a keeper.",positive,television,positive,television,0.9999421834945679,0.9995450377464294,True,True,advanced,0,0,0,0,medium,0,1,2026-08-16T19:00:32Z,2026-08-16T19:20:05.154404+00:00
16694,"ngl, during a heavier-than-usual day, the cycle controls keeps getting in the way.",negative,washing_machine,negative,washing_machine,0.9925312399864197,0.961910605430603,True,True,informal,0,0,0,1,short,0,0,2026-08-16T19:00:32Z,2026-08-16T19:20:05.154404+00:00
16695,"I did not pay much attention to the video input at first, but after using it for work and at home it holds up better than expected. 😂",positive,television,positive,television,0.9996784925460815,0.9989029169082642,True,True,standard,0,1,0,0,medium,0,0,2026-08-16T19:00:32Z,2026-08-16T19:20:05.154404+00:00
16696,"I have been using this video panel outside my normal routine, and the video input is fine for what it is. I tried the same thing again later and got a similar result.",neutral,television,neutral,television,0.9999752044677734,0.9992532134056091,True,True,advanced,0,0,0,0,medium,0,0,2026-08-16T19:00:32Z,2026-08-16T19:20:05.154404+00:00
16697,My main impression of this laundry unit comes from the fill valve: it holds up better than expected after coming back to it after a few days. this was different from my first impression.,positive,washing_machine,positive,washing_machine,0.999927282333374,0.9996547698974609,True,True,standard,0,0,0,0,long,0,0,2026-08-16T19:00:32Z,2026-08-16T19:20:05.154404+00:00
16698,"Under ordinary operating conditions, i have been using this cell phone outside my normal routine, and the network reception keeps acting up. the difference became clearer after a few more days. I am already looking at alternatives.",negative,smartphone,negative,smartphone,0.9999756813049316,0.9992517828941345,True,True,technical,0,0,0,0,long,0,0,2026-08-16T19:00:32Z,2026-08-16T19:20:05.154404+00:00
16699,"not gonna lie, my main impression of this wash unit comes from the fill it does the job outside my normal routine. the behavior persisted across several attempts.",neutral,washing_machine,neutral,washing_machine,0.9930679798126221,0.9973492622375488,True,True,limited,0,0,0,1,medium,0,1,2026-08-16T19:00:32Z,2026-08-16T19:20:05.154404+00:00
16700,"I did not pay much attention to the inside lighting at first, but during a heavier-than-usual day it has been a pleasant surprise. I repeated the check before writing this. That said, the ice system fails in routine use, so the experience is not completely one-sided.",positive,refrigerator,positive,refrigerator,0.9998537302017212,0.9997178912162781,True,True,advanced,0,0,0,0,long,1,0,2026-08-16T19:00:32Z,2026-08-16T19:20:05.154404+00:00
16701,"I have been useing this cell phone after using it for work and at home, and the apps feels ordinary after more use. a second check gave me the same result. I would neither recommend it nor warn people away. It is not amazing, but it is not bullshit either.",neutral,smartphone,neutral,smartphone,0.9999986886978149,0.9991169571876526,True,True,standard,1,0,1,0,long,0,0,2026-08-16T19:00:32Z,2026-08-16T19:20:05.154404+00:00
16702,"after coming back to it after a few days, i noticed that the picture quality on this video panel still performs consistently. the behavior persisted across several attempts.",positive,television,positive,television,0.9999206066131592,0.9990814924240112,True,True,informal,0,0,0,0,medium,0,0,2026-08-16T19:00:32Z,2026-08-16T19:20:05.154404+00:00
16703,the built-in audio is what stood out during a heavier-than-usual day; it has stayed dependable. a second check gave me the same result. the damn thing me in a good way.,positive,television,positive,television,0.9999492168426514,0.9993764758110046,True,True,limited,1,0,0,0,medium,0,0,2026-08-16T19:00:32Z,2026-08-16T19:20:05.154404+00:00
16704,"Across repeated observations, i did not pay much attention to the controller at first, but after using it for work and at home it is difficult to trust. I would hesitate to buy it again.",negative,television,negative,television,0.9999161958694458,0.9978895783424377,True,True,technical,0,0,0,0,long,0,0,2026-08-16T19:00:32Z,2026-08-16T19:20:05.154404+00:00
16705,"After changing a few settings, the touch panel feels dependable in daily use. I repeated the check before writing this.",positive,smartphone,positive,television,0.9997712969779968,0.5762721300125122,True,False,standard,0,0,0,0,medium,0,1,2026-08-16T19:00:32Z,2026-08-16T19:20:05.154404+00:00
16706,"After taking it on a trip, I noticed that the wireless conection on this screen unit holds up better than expected. the difference became clearer after a few more days. on balance I am happy with it. No bullshit, this has been one of the better parts of the product.",positive,television,positive,television,0.9999805688858032,0.9991670846939087,True,True,advanced,1,0,1,0,long,0,0,2026-08-16T19:00:32Z,2026-08-16T19:20:05.154404+00:00
16707,"not gonna lie, the soap tray is what stood out after useing it for work and at home; it is fine for what it is.",neutral,washing_machine,neutral,washing_machine,0.9244208335876465,0.9992883801460266,True,True,advanced,0,0,1,1,medium,0,0,2026-08-16T19:00:32Z,2026-08-16T19:20:05.154404+00:00
16708,the drainage motor is what stood out when someone else in the house used it; it has been a pleasant surprise. a second check gave me the same result.,positive,washing_machine,positive,washing_machine,0.9999176263809204,0.9979670643806458,True,True,informal,0,0,0,0,medium,0,0,2026-08-16T19:00:32Z,2026-08-16T19:20:05.154404+00:00
16709,My main impression of this clothes washer comes from the cycle controls: it has stayed dependable after using it for work and at home. the behavior persisted across several attempts.,positive,washing_machine,positive,washing_machine,0.9999423027038574,0.999671459197998,True,True,standard,0,0,0,0,medium,0,0,2026-08-16T19:00:32Z,2026-08-16T19:20:05.154404+00:00
16710,"Under a representative operating profile, imo, after taking it on a trip, I noticed that the drainage motor on this wash unit has become increasingly unreliable. I tried the same thing again later and got a similar result. this is the part that makes me regret the purchase.",negative,washing_machine,negative,washing_machine,0.999984860420227,0.9996137022972107,True,True,technical,0,0,0,1,long,0,0,2026-08-16T19:00:32Z,2026-08-16T19:20:05.154404+00:00
16711,"The netwrok reception is what stood out after a few weeks of mixed use; it continues to work without drama. the behavior persisted across several attempts. On the other hand, the touch panel has been a disappointment, which makes the on balance picture more mixed. not great tbh.",positive,smartphone,positive,smartphone,0.9999066591262817,0.9991662502288818,True,True,advanced,0,0,1,1,long,1,0,2026-08-16T19:00:32Z,2026-08-16T19:20:05.154404+00:00
16712,"I did not pay much attention to the cycle controls at first, but when someone else in the house used it it does the job. the behavior persisted across several attempts. my opinion is still basically in the middle.",neutral,washing_machine,neutral,washing_machine,0.9999967813491821,0.9996145963668823,True,True,advanced,0,0,0,0,long,0,0,2026-08-16T19:00:32Z,2026-08-16T19:20:05.154404+00:00
16713,"I have been using this food cooler after using it for work and at home, and the gasket is difficult to trust. the difference became clearer after a few more days.",negative,refrigerator,negative,refrigerator,0.9997541308403015,0.9988353848457336,True,True,advanced,0,0,0,0,medium,0,0,2026-08-16T19:00:32Z,2026-08-16T19:20:05.154404+00:00
16714,The door latch is what stood out after a few weeks of mixed use; it has not changed my opinion much. I tried the same thing again later and got a similar result. there is not much else to say.,neutral,washing_machine,neutral,washing_machine,0.9999963045120239,0.9995853304862976,True,True,advanced,0,0,0,0,long,0,1,2026-08-16T19:00:32Z,2026-08-16T19:20:05.154404+00:00
16715,"i have been using this new refrigerator after taking it on a trip, and the inside lighting has not changed my opinion a second check gave me the same result. there is no major crap to complain about here.",neutral,refrigerator,neutral,refrigerator,0.9999985694885254,0.999721109867096,True,True,limited,1,0,0,0,long,0,1,2026-08-16T19:00:32Z,2026-08-16T19:20:05.154404+00:00
16716,"After changing a few settings, I noticed that the rear camera on this new phone works normally. That said, the touch pnael has become increasingly unreliable, so the experience is not completely one-sided. 😬",neutral,smartphone,neutral,smartphone,0.9713749885559082,0.9991113543510437,True,True,advanced,0,1,1,0,long,1,0,2026-08-16T19:00:32Z,2026-08-16T19:20:05.154404+00:00
16717,"The rear camera is what stood out after taking it on a trip; it has stayed dependable. a second check gave me the same result. On the other hand, the USB port is neither impressive nor bad, which makes the overall picture more mixed.",positive,smartphone,positive,smartphone,0.9998277425765991,0.9991692304611206,True,True,standard,0,0,0,0,long,1,1,2026-08-16T19:00:32Z,2026-08-16T19:20:05.154404+00:00
16718,My main impression of this food cooler comes from the compressor fan: it has turned into a recurring problem after a few weeks of mixed use. I repeated the check before writing this.,negative,refrigerator,negative,refrigerator,0.9999271631240845,0.9996684789657593,True,True,standard,0,0,0,0,medium,0,0,2026-08-16T19:00:32Z,2026-08-16T19:20:05.154404+00:00
16719,"lowkey, after using it for work and at home, the soap tray fails in normal use. someone else in the house noticed it too. this is the part that makes me regret the purchase.",negative,washing_machine,negative,washing_machine,0.9999706745147705,0.9994111061096191,True,True,informal,0,0,0,1,long,0,1,2026-08-16T19:00:32Z,2026-08-16T19:20:05.154404+00:00
16720,my main impression of this pocket device comes from the network reception: it has not given me trouble outside my normal routine. someone else in the house noticed it too. idk. 🤔,positive,smartphone,positive,smartphone,0.9999275207519531,0.9992026686668396,True,True,informal,0,1,0,1,medium,0,0,2026-08-16T19:00:32Z,2026-08-16T19:20:05.154404+00:00
16721,the rinse program is what stood when someone else in the house used it; it has been a pleasant surprise. Honestly 😅,positive,washing_machine,positive,washing_machine,0.9881658554077148,0.9997429251670837,True,True,limited,0,1,0,0,medium,0,0,2026-08-16T19:00:32Z,2026-08-16T19:20:05.154404+00:00
16722,the cooling motor is what stood out after coming back to it after few days; it has turned into a recurring problem. the behavior persisted across several i am considering a replacement.,negative,refrigerator,negative,refrigerator,0.9999781847000122,0.9997311234474182,True,True,limited,0,0,0,0,medium,0,0,2026-08-16T19:00:32Z,2026-08-16T19:20:05.154404+00:00
16723,The sports motion is what stood out outside my normal routine; it keeps getting in the way. the behavior persisted across several attempts. Honestly 👍,negative,television,negative,television,0.9989861845970154,0.9995647072792053,True,True,advanced,0,1,0,0,medium,0,1,2026-08-16T19:00:32Z,2026-08-16T19:20:05.154404+00:00
16724,"i have been using this kitchen fridge after changing a few settings, and the compressor fan breaks down when conditions change. i repeated the check before writing this. i would not rely on it. lol.",negative,refrigerator,negative,refrigerator,0.9999538660049438,0.999803364276886,True,True,informal,0,0,0,1,long,0,0,2026-08-16T19:00:32Z,2026-08-16T19:20:05.154404+00:00
16725,"I did not pay much attention to the gasket at first, but after a few weeks of mixed use it breaks down when conditions change. I tried the same thing again later and got a ismilar result. 👎",negative,refrigerator,negative,refrigerator,0.9999712705612183,0.9738544821739197,True,True,standard,0,1,1,0,long,0,0,2026-08-16T19:00:32Z,2026-08-16T19:20:05.154404+00:00
16726,"fr, i have been using this wash unit after using it for work and at home, and the drainage motor breaks down when conditions change. this is damn annoying. Honestly 👍",negative,washing_machine,negative,washing_machine,0.9997904896736145,0.953027069568634,True,True,informal,1,1,0,1,medium,0,0,2026-08-16T19:00:32Z,2026-08-16T19:20:05.154404+00:00
16727,"I have been using this work phone after a few weeks of mixed use, and the USB port has stayed dependable. a second check gave me the same result.",positive,smartphone,positive,smartphone,0.9998575448989868,0.9991301894187927,True,True,standard,0,0,0,0,medium,0,0,2026-08-16T19:00:32Z,2026-08-16T19:20:05.154404+00:00
16728,"I have been using this daily driver after taking it on a trip, and the touch panel holds up better than expected. I tried the same thing again later and got a similar result. I would buy it again.",positive,smartphone,positive,smartphone,0.9999430179595947,0.9992105960845947,True,True,advanced,0,0,0,0,long,0,1,2026-08-16T19:00:32Z,2026-08-16T19:20:05.154404+00:00
16729,"i have been using this kitchen fridge outside my normal routine, and the compressor fan has become increasingly unreliable. someone else in the house noticed it too. on the other hand, the thermostat has stayed dependable, which makes the overall picture more mixed.",negative,refrigerator,negative,refrigerator,0.9999769926071167,0.9996992349624634,True,True,limited,0,0,0,0,long,1,0,2026-08-16T19:00:32Z,2026-08-16T19:20:05.154404+00:00
16730,"I did not pay much attention to the soap tray at first, but outside my normal routine it has not changed my opinion much. I repeated the check before writing this. 😬",neutral,washing_machine,neutral,washing_machine,0.9997342228889465,0.9995039701461792,True,True,standard,0,1,0,0,medium,0,0,2026-08-16T19:00:32Z,2026-08-16T19:20:05.154404+00:00
16731,"I did not pay much attention to the fill vlave at first, but outside my normal routine it has become increasingly unreliable.",negative,washing_machine,negative,washing_machine,0.994619607925415,0.8812173008918762,True,True,advanced,0,0,1,0,medium,0,0,2026-08-16T19:00:32Z,2026-08-16T19:20:05.154404+00:00
16732,the rinse program is what stood out after taking it on a trip; it holds up better than expected. the damn thing surprised me in a good way. 😅,positive,washing_machine,positive,washing_machine,0.9999490976333618,0.9997463822364807,True,True,informal,1,1,0,0,medium,0,0,2026-08-16T19:00:32Z,2026-08-16T19:20:05.154404+00:00
16733,My main impression of this daily driver comes from the network reception: it has not changed my opinion much after using it for work and at home. the difference became clearer after a few more days. there is not much else to say. The damn thing is basically fine. Honestly 👎,neutral,smartphone,neutral,smartphone,0.9999971389770508,0.9990801811218262,True,True,advanced,1,1,0,0,long,0,1,2026-08-16T19:00:32Z,2026-08-16T19:20:05.154404+00:00
16734,"i did not pay much attention to the soap tray at first, but after taking it on a trip it has been a disappointment. the difference became clearer after a few more days.",negative,washing_machine,negative,washing_machine,0.9750705361366272,0.9991458654403687,True,True,informal,0,0,0,0,medium,0,0,2026-08-16T19:00:32Z,2026-08-16T19:20:05.154404+00:00
16735,My main impression of this mobile comes from the USB port: it is difficult to trust after changing a few settings. I repeated the check before writing this.,negative,smartphone,negative,smartphone,0.9993494153022766,0.9991124272346497,True,True,advanced,0,0,0,0,medium,0,0,2026-08-16T19:00:32Z,2026-08-16T19:20:05.154404+00:00
16736,"I did not pay much attention to the wirelses connection at first, but when someone else in the house used it it is acceptable but unremarkable. a second check gave me the same result. The video input tells a different story becuase it is difficult to trust.",neutral,television,neutral,television,0.9999792575836182,0.9229385852813721,True,True,standard,0,0,1,0,long,1,0,2026-08-16T19:00:32Z,2026-08-16T19:20:05.154404+00:00
16737,the usb port what stood out after changing a few settings; it holds up better than expected. this was different from my first impression.,positive,smartphone,positive,smartphone,0.9999122619628906,0.9991655349731445,True,True,limited,0,0,0,0,medium,0,0,2026-08-16T19:00:32Z,2026-08-16T19:20:05.154404+00:00
16738,"Under ordinary operating conditions, after coming back to it after a few days, the sports motion fails in normal use. I tried the same thing again later and got a similar result. The damn thing keeps getting in the way.",negative,television,negative,television,0.9999746084213257,0.999100923538208,True,True,technical,1,0,0,0,long,0,1,2026-08-16T19:00:32Z,2026-08-16T19:20:05.154404+00:00
16739,"outside my normal routine, i noticed that the usb port on this work phone continues to work without drama. i noticed the change only in the new situation. it has earned my confidence. on other hand, the touch panel fails in normal use, which makes the overall picture more mixed.",positive,smartphone,positive,smartphone,0.9998487234115601,0.9991617202758789,True,True,limited,0,0,0,0,long,1,0,2026-08-16T19:00:32Z,2026-08-16T19:20:05.154404+00:00
16740,"I have been using this cold-storage unit after changing a few settings, and the door warning has been a disappointment. the behavior persisted across several attempts.",negative,refrigerator,negative,refrigerator,0.9893536567687988,0.9994322657585144,True,True,standard,0,0,0,0,medium,0,0,2026-08-16T19:00:32Z,2026-08-16T19:20:05.154404+00:00
16741,"after using it for work and at home, the fingerprint reader continues to work without drama. second check gave me the same the damn thing surprised me in a good way.",positive,smartphone,positive,smartphone,0.9999535083770752,0.9990561604499817,True,True,limited,1,0,0,0,medium,0,0,2026-08-16T19:00:32Z,2026-08-16T19:20:05.154404+00:00
16742,"the rinse program is stood out after taking it on a trip; it holds up better than expected. the behavior persisted across several attempts. on the other hand, the wash drum is difficult to trust, which makes the overall picture more mixed.",positive,washing_machine,positive,washing_machine,0.9998400211334229,0.9996674060821533,True,True,limited,0,0,0,0,long,1,0,2026-08-16T19:00:32Z,2026-08-16T19:20:05.154404+00:00
16743,"Under ordinary operating conditions, my main impressoin of this television set comes from the wireless conection: it holds up better than expected outside my normal routine. the difference became clearer after a few more days. overall I am happy with it. Damn, I did not expect this part to be this solid.",positive,television,positive,television,0.9999725818634033,0.9995124340057373,True,True,technical,1,0,1,0,long,0,0,2026-08-16T19:00:32Z,2026-08-16T19:20:05.154404+00:00
16744,"After taking it on a trip, I noticed that the wireless connection on this TV set fails in routine use. I noticed the change only in the new situation.",negative,television,negative,television,0.999790608882904,0.9976673722267151,True,True,advanced,0,0,0,0,medium,0,0,2026-08-16T19:00:32Z,2026-08-16T19:20:05.154404+00:00
16745,"Under a representative operating profile, i have been using this bedroom TV after using it for work and at home, and the picture quality is fine for what it is. a second check gave me the same result.",neutral,television,neutral,television,0.9997424483299255,0.9993855953216553,True,True,technical,0,0,0,0,long,0,0,2026-08-16T19:00:32Z,2026-08-16T19:20:05.154404+00:00
16746,"i did not pay much attention to the built-in audio at first, but after useing it for work and at home it still performs consistently. i have stopped worrying about this part of the product.",positive,television,positive,television,0.9999786615371704,0.9988170862197876,True,True,informal,0,0,1,0,long,0,0,2026-08-16T19:00:32Z,2026-08-16T19:20:05.154404+00:00
16747,"I have been using this televiison set during a heavier-than-usual day, and the built-in audio is acceptable but unremarkable. someone else in the house noticed it too. It is not amazing, but it is not bullshit either. 😂",neutral,television,neutral,television,0.9999977350234985,0.9994722008705139,True,True,advanced,1,1,1,0,long,0,0,2026-08-16T19:00:32Z,2026-08-16T19:20:05.154404+00:00
16748,"outside my normal routine, the shelf layout has been a surprise. lol.",positive,refrigerator,positive,refrigerator,0.9867125749588013,0.964455246925354,True,True,limited,0,0,0,1,short,0,0,2026-08-16T19:00:32Z,2026-08-16T19:20:05.154404+00:00
16749,"after coming back to it after a few days, the touch panel keeps acting up. i noticed change only in the new situation. i am of this crap. idk.",negative,smartphone,negative,smartphone,0.9999750852584839,0.5613234043121338,True,True,limited,1,0,0,1,medium,0,1,2026-08-16T19:00:32Z,2026-08-16T19:20:05.154404+00:00
16750,"i did not pay much attention to the ice system at first, but after taking it on a trip it has become increasingly unreliable. a second check gave me the same result.",negative,refrigerator,negative,refrigerator,0.9998511075973511,0.9995566010475159,True,True,informal,0,0,0,0,medium,0,0,2026-08-16T19:00:32Z,2026-08-16T19:20:05.154404+00:00
16751,"tbh, during a heavier-than-usual day, I noticed that the interface on this screen unit is fine for what it is. the difference became clearer after a few more days. The panel lighting tells a different story because it has stayed dependable.",neutral,television,neutral,television,0.9999473094940186,0.999600350856781,True,True,standard,0,0,0,1,long,1,0,2026-08-16T19:00:32Z,2026-08-16T19:20:05.154404+00:00
16752,my main impression of this screen unit comes from the wireless conection: fails in normal use outside my normal routine. a second check gave me the same result. i am tired of this crap.,negative,television,negative,television,0.9999796152114868,0.9994764924049377,True,True,limited,1,0,1,0,long,0,1,2026-08-16T19:00:32Z,2026-08-16T19:20:05.154404+00:00
16753,"after a few weeks of mixed use, the rear camera does the job. a second check gave me the same result. i don't feel strongly either way. idk.",neutral,smartphone,neutral,smartphone,0.9999953508377075,0.9990591406822205,True,True,informal,0,0,0,1,medium,0,1,2026-08-16T19:00:32Z,2026-08-16T19:20:05.154404+00:00
16754,"i did not pay much attention to the interface at first, but during a heavier-than-usual day it has not changed my opinion much. this different from my first impression. i would neither recommend it nor warn people away. the video input tells a different story because it has turned into a recurring problem.",neutral,television,neutral,television,0.9999871253967285,0.8924729228019714,True,True,limited,0,0,0,0,long,1,0,2026-08-16T19:00:32Z,2026-08-16T19:20:05.154404+00:00
16755,"I did not pay much attention to the thermostat at first, but after taking it on a trip it has not changed my opinion much. this was different from my first impression. it is adequate for now. The damn thing is basically fine.",neutral,refrigerator,neutral,refrigerator,0.9999988079071045,0.9997628331184387,True,True,standard,1,0,0,0,long,0,0,2026-08-16T19:00:32Z,2026-08-16T19:20:05.154404+00:00
16756,The thermostat is what stood out after using it for work and at home; it has not given me trouble. I repeated the check before rwiting this. for real.,positive,refrigerator,positive,refrigerator,0.9999241828918457,0.998974084854126,True,True,advanced,0,0,1,1,medium,0,0,2026-08-16T19:00:32Z,2026-08-16T19:20:05.154404+00:00
16757,"During a heavier-than-usual day, I noticed that the soap tray on this machine holds up better than expected. a second check gave me the same result.",positive,washing_machine,positive,washing_machine,0.9999254941940308,0.9995154142379761,True,True,advanced,0,0,0,0,medium,0,1,2026-08-16T19:00:32Z,2026-08-16T19:20:05.154404+00:00
16758,"after taking it on a trip, the call quality still performs consistently. i tried the same thing again later and got a similar result. that said, the fingerprint reader is neither impressive nor bad, so the experience is not completely one-sided.",positive,smartphone,positive,smartphone,0.9998441934585571,0.9991353154182434,True,True,informal,0,0,0,0,long,1,0,2026-08-16T19:00:32Z,2026-08-16T19:20:05.154404+00:00
16759,"i did not pay much attention to the panel lighting at first, but during a heavier-than-usual day it has not given me trouble. a second check gave me the same result.",positive,television,positive,washing_machine,0.9998881816864014,0.6569676995277405,True,False,informal,0,0,0,0,medium,0,0,2026-08-16T19:00:32Z,2026-08-16T19:20:05.154404+00:00
16760,my main impression of this tv set comes from the interface: it has turned into a recurring problem after back to it a few days.,negative,television,negative,television,0.998446524143219,0.9992696642875671,True,True,limited,0,0,0,0,medium,0,0,2026-08-16T19:00:32Z,2026-08-16T19:20:05.154404+00:00
16761,"Across repeated observations, my main impression of this refrigeration unit comes from the compressor fan: it keeps acting up outside my normal routine. a second check gave me the same result.",negative,refrigerator,negative,refrigerator,0.9999591112136841,0.9996981620788574,True,True,technical,0,0,0,0,medium,0,0,2026-08-16T19:00:32Z,2026-08-16T19:20:05.154404+00:00
16762,"Under a representative operating profile, my main impression of this cell phone comes from the network reception: it keeps getting in the way outside my normal routine. a second check gave me the same result. I am already looking at alternatives. That said, the USB port still performs consistently, so the experience is not completely one-sided.",negative,smartphone,negative,smartphone,0.9999390840530396,0.9991661310195923,True,True,technical,0,0,0,0,long,1,0,2026-08-16T19:00:32Z,2026-08-16T19:20:05.154404+00:00
16763,"After taking it on a trip, I noticed that the door latch on this machine has been a disappointment. this was different from my first impression. 😂",negative,washing_machine,negative,washing_machine,0.9898483157157898,0.999576985836029,True,True,standard,0,1,0,0,medium,0,0,2026-08-16T19:00:32Z,2026-08-16T19:20:05.154404+00:00
16764,"My main impression of this daily driver comes from the fingerprint reader: it continues to work wtihout drama after coming back to it after a few days. a second check gave me the same result. I plan to keep useing it. No bullshit, this has been one of the better parts of the product.",positive,smartphone,positive,smartphone,0.9999805688858032,0.9991024732589722,True,True,standard,1,0,1,0,long,0,0,2026-08-16T19:00:32Z,2026-08-16T19:20:05.154404+00:00
16765,the controller is what stood out after using it for work and at home; it still performs consistently. tried the same thing again later and got a similar result.,positive,television,positive,television,0.999933123588562,0.9991993308067322,True,True,limited,0,0,0,0,medium,0,0,2026-08-16T19:00:32Z,2026-08-16T19:20:05.154404+00:00
16766,"After repeated use under comparable conditions, the ice system is what stood out outside my normal routine; it does the job. I repeated the check before writing this. I do not feel strongly either way. Honestly, the damn thing is just average. idk.",neutral,refrigerator,neutral,refrigerator,0.9999978542327881,0.9997245669364929,True,True,technical,1,0,0,1,long,0,0,2026-08-16T19:00:32Z,2026-08-16T19:20:05.154404+00:00
16767,"I have been using this clothes washer after coming back to it after a few days, and the door latch feels ordinary after more use. I noticed the change only in the new situation. There is no major crap to complain about here.",neutral,washing_machine,neutral,washing_machine,0.9999985694885254,0.9996961355209351,True,True,advanced,1,0,0,0,long,0,0,2026-08-16T19:00:32Z,2026-08-16T19:20:05.154404+00:00
16768,"after coming back to it after a few days, i noticed that the apps on this pocket device still performs consistently. i repeated the check before writing this. i plan to keep using it. the damn thing surprised me in a good way.",positive,smartphone,positive,smartphone,0.9999549388885498,0.9990430474281311,True,True,informal,1,0,0,0,long,0,0,2026-08-16T19:00:32Z,2026-08-16T19:20:05.154404+00:00
16769,the video input is what stood out after a few weeks of mixed use; it has become increasingly unreliable. the difference became clearer after a few more days.,negative,television,negative,television,0.9999250173568726,0.9994603991508484,True,True,informal,0,0,0,0,medium,0,0,2026-08-16T19:00:32Z,2026-08-16T19:20:05.154404+00:00
16770,"After taking it on a trip, I noticed that the spin program on this laundry unit is acceptable but unremarkable. I tried the same thing again later and got a similar result.",neutral,washing_machine,neutral,washing_machine,0.9999788999557495,0.9993674159049988,True,True,standard,0,0,0,0,medium,0,0,2026-08-16T19:00:32Z,2026-08-16T19:20:05.154404+00:00
16771,"after taking it on a trip, the fill valve works well even outside my usual routine. i repeated the check before writing this. the damn thing surprised me in a good way.",positive,washing_machine,positive,washing_machine,0.9999537467956543,0.9994515776634216,True,True,limited,1,0,0,0,medium,0,0,2026-08-16T19:00:32Z,2026-08-16T19:20:05.154404+00:00
16772,"I have been using this machine when someone else in the house used it, and the cycle controls is fine for what it is. someone else in the house noticed it too.",neutral,washing_machine,neutral,washing_machine,0.9999334812164307,0.999695897102356,True,True,advanced,0,0,0,0,medium,0,1,2026-08-16T19:00:32Z,2026-08-16T19:20:05.154404+00:00
16773,"After coming back to it after a few days, the spin program works well even outside my usual routine. I tried the same thing again later and got a similar result. I plan to keep useing it.",positive,washing_machine,positive,washing_machine,0.9999558925628662,0.999453604221344,True,True,standard,0,0,1,0,long,0,0,2026-08-16T19:00:32Z,2026-08-16T19:20:05.154404+00:00
16774,the network reception is what stood out outside my normla routine; it holds up better than expected. this was different my first impression.,positive,smartphone,positive,smartphone,0.9999040365219116,0.9990912675857544,True,True,limited,0,0,1,0,medium,0,0,2026-08-16T19:00:32Z,2026-08-16T19:20:05.154404+00:00
16775,"after coming back to it after a few days, i noticed that the call quality on this work phone breaks down when conditions change. i would hesitate to buy it again. the earpiece tells a different story because it has stayed dependable.",negative,smartphone,negative,smartphone,0.9999009370803833,0.999214768409729,True,True,informal,0,0,0,0,long,1,1,2026-08-16T19:00:32Z,2026-08-16T19:20:05.154404+00:00
16776,"i have been using this screen after using it for work and at home, and the connection keeps acting up. a second check gave me the same result.",negative,television,negative,television,0.9995788931846619,0.9994041919708252,True,True,limited,0,0,0,0,medium,0,0,2026-08-16T19:00:32Z,2026-08-16T19:20:05.154404+00:00
16777,"After repeated use under comparable conditions, tbh, my main impression of this screen unit comes from the streaming menu: it has been a disappointment during a heaveir-than-usual day. This is damn annoying.",negative,television,negative,television,0.9997615218162537,0.9995254278182983,True,True,technical,1,0,1,1,medium,0,0,2026-08-16T19:00:32Z,2026-08-16T19:20:05.154404+00:00
16778,my main impression of this television set comes from the built-in audio: it is acceptable but unremarkable after using it for work and at home. lol.,neutral,television,neutral,television,0.9996525049209595,0.999546468257904,True,True,informal,0,0,0,1,medium,0,0,2026-08-16T19:00:32Z,2026-08-16T19:20:05.154404+00:00
16779,my main impression of this video panel comes from the video input: it remains basically average after a few weeks of mixed use. the behavior persisted across several attempts.,neutral,television,neutral,television,0.9999918937683105,0.9994958639144897,True,True,limited,0,0,0,0,medium,0,1,2026-08-16T19:00:32Z,2026-08-16T19:20:05.154404+00:00
16780,"After taking it on a trip, the fill valve breaks down when conditions change. I repeated the check before writing this. this is the part that makes me regret the purchase. idk.",negative,washing_machine,negative,washing_machine,0.9999686479568481,0.9986804127693176,True,True,advanced,0,0,0,1,medium,0,0,2026-08-16T19:00:32Z,2026-08-16T19:20:05.154404+00:00
16781,"I did not pay much attention to the streaming menu at fisrt, but after using it for work and at home it continues to work without drama. the behavior persisted across several attempts. it has earned my confidence.",positive,television,positive,television,0.9999728202819824,0.9996090531349182,True,True,advanced,0,0,1,0,long,0,0,2026-08-16T19:00:32Z,2026-08-16T19:20:05.154404+00:00
16782,"After taking it on a trip, I noticed that the door warning on this cold-storage unit keeps acting up. a second check gave me the same result.",negative,refrigerator,negative,refrigerator,0.9997736811637878,0.9996434450149536,True,True,standard,0,0,0,0,medium,0,1,2026-08-16T19:00:32Z,2026-08-16T19:20:05.154404+00:00
16783,"when someone else in the house used it, the usb port works well outside my usual routine. someone else in the houes noticed it too.",positive,smartphone,positive,smartphone,0.9998635053634644,0.9989472031593323,True,True,limited,0,0,1,0,medium,0,0,2026-08-16T19:00:32Z,2026-08-16T19:20:05.154404+00:00
16784,"After repeated use under comparable conditions, tbh, after taking it on a trip, I noticed that the freezer compartment on this main fridge works normally. the behavior persisted across several attempts. It is not amazing, but it is not bullshit either.",neutral,refrigerator,neutral,refrigerator,0.9999974966049194,0.9996483325958252,True,True,technical,1,0,0,1,long,0,1,2026-08-16T19:00:32Z,2026-08-16T19:20:05.154404+00:00
16785,the door latch is what stood out during a heavier-than-usual day; it keeps acting up. i repeated the check before writing this.,negative,washing_machine,negative,washing_machine,0.9995089769363403,0.9996248483657837,True,True,informal,0,0,0,0,medium,0,0,2026-08-16T19:00:32Z,2026-08-16T19:20:05.154404+00:00
16786,my main impression of this daily driver comes from the rear camera: it remains basically average after using it for work and at home. i repeated the check before writing this.,neutral,smartphone,neutral,smartphone,0.9999744892120361,0.9991052746772766,True,True,informal,0,0,0,0,medium,0,0,2026-08-16T19:00:32Z,2026-08-16T19:20:05.154404+00:00
16787,the video input is what stood out after a few weeks of mixed use; it keeps acting up. i repeated the check before writing this. i would hesitate to buy it again.,negative,television,negative,television,0.9999412298202515,0.9995031356811523,True,True,informal,0,0,0,0,medium,0,0,2026-08-16T19:00:32Z,2026-08-16T19:20:05.154404+00:00
16788,"Outside my normal routine, the video input continues to work witohut drama. a second check gave me the same result.",positive,television,positive,smartphone,0.999921441078186,0.8926444053649902,True,False,standard,0,0,1,0,medium,0,0,2026-08-16T19:00:32Z,2026-08-16T19:20:05.154404+00:00
16789,"After coming back to it after a few days, I noticed that the wireless connection on this screen unit has turned into a recurring problem. this was different from my first impression.",negative,television,negative,television,0.9998817443847656,0.9994342923164368,True,True,standard,0,0,0,0,medium,0,0,2026-08-16T19:00:32Z,2026-08-16T19:20:05.154404+00:00
16790,"I did not pay much attention to the sports motion at first, but after changing a few settings it works well even outside my usual routine. I noticed the change only in the new situation. I expected some crap here, but it has actually held up.",positive,television,positive,television,0.9999449253082275,0.9996067881584167,True,True,advanced,1,0,0,0,long,0,0,2026-08-16T19:00:32Z,2026-08-16T19:20:05.154404+00:00
16791,my main impression of this laundry unit comes from the fill valve: it is acceptable but unremarkable after taking it on a trip. the difference became celarer fater a few more days. there is not much else to say.,neutral,washing_machine,neutral,washing_machine,0.9999961853027344,0.9995799660682678,True,True,informal,0,0,1,0,long,0,0,2026-08-16T19:00:32Z,2026-08-16T19:20:05.154404+00:00
16792,"i did not pay much attentino to the streaming menu at first, but during a heavier-than-usual day it works well even outside my usual routine. someone else in the house noticed it too.",positive,television,positive,television,0.9998863935470581,0.9995494484901428,True,True,informal,0,0,1,0,medium,0,0,2026-08-16T19:00:32Z,2026-08-16T19:20:05.154404+00:00
16793,"i did not pay much attention to the freezer compartment first, but after a few weeks of mixed use it still performs consistently. i have stopped worrying about this part of the product.",positive,refrigerator,positive,refrigerator,0.9999774694442749,0.9994706511497498,True,True,limited,0,0,0,0,medium,0,0,2026-08-16T19:00:32Z,2026-08-16T19:20:05.154404+00:00
16794,My main impression of this pocket device comes from the network reception: it is difficult to trust after using it for work and at home. the difference became clearer after a few more days. 🤔,negative,smartphone,negative,smartphone,0.999969482421875,0.9991925358772278,True,True,advanced,0,1,0,0,long,0,0,2026-08-16T19:00:32Z,2026-08-16T19:20:05.154404+00:00
16795,"I did not pay much attention to the call quailty at first, but after changing a few settings it has not given me trouble. the difference became clearer after a few more days. I have stopped worrying about this part of the product.",positive,smartphone,positive,washing_machine,0.999977707862854,0.724330723285675,True,False,standard,0,0,1,0,long,0,1,2026-08-16T19:00:32Z,2026-08-16T19:20:05.154404+00:00
16796,My main impression of this new refrigerator comes from the inside lighting: it keeps acting up after useing it for work and at home. someone else in the house noticed it too. Honestly 🙃,negative,refrigerator,negative,refrigerator,0.9999749660491943,0.9996858835220337,True,True,advanced,0,1,1,0,long,0,0,2026-08-16T19:00:32Z,2026-08-16T19:20:05.154404+00:00
16797,"i did not pay attention to the network reception at first, but during a heavier-than-usual day it breaks down when conditions change. this was different from my first impression. on the hand, the apps is fine for what it is, which makes the overall picture more mixed.",negative,smartphone,negative,smartphone,0.9999812841415405,0.9991722106933594,True,True,limited,0,0,0,0,long,1,1,2026-08-16T19:00:32Z,2026-08-16T19:20:05.154404+00:00
16798,"fr, after a few weeks of mixed use, I noticed that the call quality on this mobile has turned into a ercurring problem. Honestly 👍",negative,smartphone,negative,smartphone,0.9941443800926208,0.9988071918487549,True,True,advanced,0,1,1,1,medium,0,0,2026-08-16T19:00:32Z,2026-08-16T19:20:05.154404+00:00
16799,"the fingerprint reader is what stood out after taking it on a trip; it has turned into a recurring problem. i repeated the check before writing this. on the other hand, the usb port has stayed dependable, which makes the overall picture more mixed.",negative,smartphone,negative,smartphone,0.9999732971191406,0.9991790652275085,True,True,informal,0,0,0,0,long,1,0,2026-08-16T19:00:32Z,2026-08-16T19:20:05.154404+00:00
16800,My main impression of this new phone comes from the fingerprint reader: it fails in normal use when someone else in the house used it. a secnod check gave me the same result. this is the part that makes me regret the purchase. I am tired of this crap.,negative,smartphone,negative,smartphone,0.9999874830245972,0.999152660369873,True,True,standard,1,0,1,0,long,0,0,2026-08-16T19:00:32Z,2026-08-16T19:20:05.154404+00:00
16801,"after coming back to it after a few days, the cooling motor has not changed my opinion much. someone else in the house noticed it too. i don't feel strongly either way. there is no major crap to complain about here.",neutral,refrigerator,neutral,refrigerator,0.9999988079071045,0.9994984865188599,True,True,informal,1,0,0,0,long,0,0,2026-08-16T19:00:32Z,2026-08-16T19:20:05.154404+00:00
16802,"During a heavier-than-usual day, the compressor fan has not given me trouble. the behavior persisted across several attempts. it has earned my confidence. The cooling motor tells a diferent story because it is neither impressive nor bad. No bullshit, this has been one of the better parts of the product.",positive,refrigerator,positive,refrigerator,0.9999802112579346,0.9995893836021423,True,True,advanced,1,0,1,0,long,1,0,2026-08-16T19:00:32Z,2026-08-16T19:20:05.154404+00:00
16803,"After repeated use under comparable conditions, i did not pay much attention to the cooling motor at first, but after using it for work and at home it holds up better than expected. the behavior persisted across several attempts. The damn thing surprised me in a good way.",positive,refrigerator,positive,refrigerator,0.999954342842102,0.9996077418327332,True,True,technical,1,0,0,0,long,0,1,2026-08-16T19:00:32Z,2026-08-16T19:20:05.154404+00:00
16804,"after changing a few settings, the shelf layout has not given me rtouble. i noticed the change only in the new situation.",positive,refrigerator,positive,refrigerator,0.998820960521698,0.9981918931007385,True,True,informal,0,0,1,0,medium,0,0,2026-08-16T19:00:32Z,2026-08-16T19:20:05.154404+00:00
16805,"not gonna lie, my main impression of this food cooler comes from the thermostat: it breaks down when conditions change after changing a few settings. I am considering a replacement. 🤷",negative,refrigerator,negative,refrigerator,0.9999592304229736,0.9996912479400635,True,True,standard,0,1,0,1,medium,0,0,2026-08-16T19:00:32Z,2026-08-16T19:20:05.154404+00:00
16806,"From a practical reliability standpoint, the gasket is what stood out during a heavier-than-usual day; it keeps acting up. This shit should not be happening in normal use. 👎",negative,refrigerator,negative,refrigerator,0.9999697208404541,0.9994114637374878,True,True,technical,1,1,0,0,medium,0,0,2026-08-16T19:00:32Z,2026-08-16T19:20:05.154404+00:00
16807,"tbh, outside my normal routine, I noticed that the soap tray on this clothes washer has stayed dependable. I repeated the check before writing this. it has earned my confidence.",positive,washing_machine,positive,washing_machine,0.9999725818634033,0.9997522234916687,True,True,standard,0,0,0,1,medium,0,0,2026-08-16T19:00:32Z,2026-08-16T19:20:05.154404+00:00
16808,"Under ordinary operating conditions, my main impression of this clothes washer comes from the cycle controls: it is fine for what it is after coming back to it after a few days.",neutral,washing_machine,neutral,washing_machine,0.9995860457420349,0.9995774626731873,True,True,technical,0,0,0,0,medium,0,0,2026-08-16T19:00:32Z,2026-08-16T19:20:05.154404+00:00
16809,"Under a representative operating profile, the cycle controls is what stood out after coming back to it after a few days; it works normally. I tried the same thing again later and got a similar result.",neutral,washing_machine,neutral,washing_machine,0.9999222755432129,0.9994256496429443,True,True,technical,0,0,0,0,long,0,0,2026-08-16T19:00:32Z,2026-08-16T19:20:05.154404+00:00
16810,my main impression of this daily driver comes from the apps: it remains basically average when someone else in the house used it. i tried the same thing again later and got a similar result.,neutral,smartphone,neutral,smartphone,0.9999921321868896,0.9991101622581482,True,True,informal,0,0,0,0,long,0,0,2026-08-16T19:00:32Z,2026-08-16T19:20:05.154404+00:00
16811,"After changing a few settings, I noticed that the door latch on this clothes washer has not changed my opinion much. this was different from my first impression. there is not much else to say. There is no major crap to complain about here.",neutral,washing_machine,neutral,washing_machine,0.9999986886978149,0.9997259974479675,True,True,advanced,1,0,0,0,long,0,0,2026-08-16T19:00:32Z,2026-08-16T19:20:05.154404+00:00
16812,"Under a representative operating profile, after a few weeks of mixed use, I noticed that the wireless connection on this living room display still performs consistently. I expected some crap here, but it has actually held up.",positive,television,positive,television,0.9999428987503052,0.9995586276054382,True,True,technical,1,0,0,0,long,0,0,2026-08-16T19:00:32Z,2026-08-16T19:20:05.154404+00:00
16813,"after changing a few settings, i noticed that the earpiece on this new phone in normal use. i am already looking at alternatives.",negative,smartphone,negative,smartphone,0.9967668056488037,0.997572124004364,True,True,limited,0,0,0,0,medium,0,0,2026-08-16T19:00:32Z,2026-08-16T19:20:05.154404+00:00
16814,the built-in audio is what stood out after changing a few settings; it works normally. the behavior persisted across several attempts. i can live with it.,neutral,television,neutral,television,0.9999780654907227,0.999543309211731,True,True,informal,0,0,0,0,medium,0,0,2026-08-16T19:00:32Z,2026-08-16T19:20:05.154404+00:00
16815,"Across repeated observations, i did not pay much attention to the door warning at first, but after changing a few settings it is fine for what it is. the difference became clearer after a few more days.",neutral,refrigerator,neutral,refrigerator,0.9999914169311523,0.9994500279426575,True,True,technical,0,0,0,0,long,0,1,2026-08-16T19:00:32Z,2026-08-16T19:20:05.154404+00:00
16816,"ngl, my main impression of this cell phone comes from the earpiece: it still performs consistently after a few weeks of mixed use. someone else in the hosue noticed it too.",positive,smartphone,positive,smartphone,0.9999078512191772,0.9991841912269592,True,True,informal,0,0,1,1,medium,0,0,2026-08-16T19:00:32Z,2026-08-16T19:20:05.154404+00:00
16817,"lowkey, i have been useing this cold-storage unit during a heavier-than-usual day, and the compressor fan works normally. 😐",neutral,refrigerator,neutral,refrigerator,0.9877925515174866,0.999220609664917,True,True,advanced,0,1,1,1,medium,0,0,2026-08-16T19:00:32Z,2026-08-16T19:20:05.154404+00:00
16818,"I have been useing this clothes washer outside my normal routine, and the spin program keeps getting in the way.",negative,washing_machine,negative,washing_machine,0.9981809854507446,0.9984349608421326,True,True,standard,0,0,1,0,medium,0,0,2026-08-16T19:00:32Z,2026-08-16T19:20:05.154404+00:00
16819,"When someone else in the house used it, the inside lighting is acceptable but unremarkable. I repeated the check before writing this.",neutral,refrigerator,neutral,refrigerator,0.9998075366020203,0.9582083225250244,True,True,advanced,0,0,0,0,medium,0,0,2026-08-16T19:00:32Z,2026-08-16T19:20:05.154404+00:00
16820,"I have been using this wash unit when someone else in the house used it, and the soap tray has not changed my opinion much. this was different from my first impression. Honestly, the damn thing is just average.",neutral,washing_machine,neutral,washing_machine,0.9999982118606567,0.9996963739395142,True,True,standard,1,0,0,0,long,0,0,2026-08-16T19:00:32Z,2026-08-16T19:20:05.154404+00:00
16821,my main impression of this wash unit comes from the wash drum: it keeps acting up when someone else in the house used it. a second check gave me the same result. Honestly 🔥,negative,washing_machine,negative,washing_machine,0.9999613761901855,0.9997232556343079,True,True,informal,0,1,0,0,long,0,0,2026-08-16T19:00:32Z,2026-08-16T19:20:05.154404+00:00
16822,"after taking it on a trip, the fill valve keeps acting up. the difefrence became clearer after a few more days. this shit should not be in normal use.",negative,washing_machine,negative,washing_machine,0.9999731779098511,0.9969154596328735,True,True,limited,1,0,1,0,medium,0,0,2026-08-16T19:00:32Z,2026-08-16T19:20:05.154404+00:00
16823,"After repeated use under comparable conditions, i have been using this laundry unit during a heavier-than-usual day, and the door latch still performs consistently. I repeated the check before writing this. I plan to keep using it.",positive,washing_machine,positive,washing_machine,0.9999536275863647,0.9996764659881592,True,True,technical,0,0,0,0,long,0,0,2026-08-16T19:00:32Z,2026-08-16T19:20:05.154404+00:00
16824,"i have been using this work phone after changing a few settings, and the netowrk reception keeps getting in the way. a second check gave me the same result. this is damn annoying. 🙃",negative,smartphone,negative,smartphone,0.9999697208404541,0.9991818070411682,True,True,informal,1,1,1,0,long,0,0,2026-08-16T19:00:32Z,2026-08-16T19:20:05.154404+00:00
16825,"i did not pay much attention to the built-in audio at first, but during heavier-than-usual day it has not given me truoble. a second gave me the same result. 🔥",positive,television,positive,television,0.9985993504524231,0.9901752471923828,True,True,limited,0,1,1,0,medium,0,0,2026-08-16T19:00:32Z,2026-08-16T19:20:05.154404+00:00
16826,"The video input is what stood out when someone else in the house used it; it is acceptable but unremarkable. I noticed the change only in the new situation. That said, the streaming menu holds up better than expected, so the experience is not completely one-sided.",neutral,television,neutral,television,0.9998973608016968,0.9994975328445435,True,True,advanced,0,0,0,0,long,1,0,2026-08-16T19:00:32Z,2026-08-16T19:20:05.154404+00:00
16827,"During a heavier-than-usual day, the call quailty holds up better than expected. I plan to keep using it.",positive,smartphone,positive,smartphone,0.9999401569366455,0.5542460083961487,True,True,advanced,0,0,1,0,medium,0,0,2026-08-16T19:00:32Z,2026-08-16T19:20:05.154404+00:00
16828,"not gonna lie, my main impression of this screen unit comes from the built-in audio: it has been a pleasant surprise after coming back to it after a few days. I tried the same thing again later and got a similar result. I plan to keep useing it.",positive,television,positive,television,0.9999562501907349,0.9995317459106445,True,True,advanced,0,0,1,1,long,0,0,2026-08-16T19:00:32Z,2026-08-16T19:20:05.154404+00:00
16829,"after a few weeks of mixed use, the thermostat is acceptable but unremarkable. the behavior persisted across several attempts. i don't feel strongly either way.",neutral,refrigerator,neutral,television,0.9999932050704956,0.6598621010780334,True,False,informal,0,0,0,0,medium,0,0,2026-08-16T19:00:32Z,2026-08-16T19:20:05.154404+00:00
16830,"durnig a heavier-than-usual day, i noticed that the wireless connection on this tv set fails in normal use. the difference became clearer after a few more days. kinda wild.",negative,television,negative,television,0.9997568726539612,0.9992737174034119,True,True,informal,0,0,1,1,medium,0,1,2026-08-16T19:00:32Z,2026-08-16T19:20:05.154404+00:00
16831,"Under ordinary operating conditions, when someone else in the house used it, the streaming menu does the job. I repeated the check before writing this. it is adequate for now.",neutral,television,neutral,television,0.9999926090240479,0.9991973042488098,True,True,technical,0,0,0,0,medium,0,0,2026-08-16T19:00:32Z,2026-08-16T19:20:05.154404+00:00
16832,"I have been using this food cooler after using it for work and at home, and the freezer compartment has been a pleasant surprise. the difference became clearer after a few more days. The damn thing surprised me in a good way.",positive,refrigerator,positive,refrigerator,0.9999527931213379,0.9996377229690552,True,True,standard,1,0,0,0,long,0,1,2026-08-16T19:00:32Z,2026-08-16T19:20:05.154404+00:00
16833,"From a practical reliability standpoint, after coming back to it after a few days, the network reception does the job. The earpiece tells a different story because it has turned into a recurring problem.",neutral,smartphone,neutral,smartphone,0.9998034834861755,0.9990391731262207,True,True,technical,0,0,0,0,long,1,0,2026-08-16T19:00:32Z,2026-08-16T19:20:05.154404+00:00
16834,"tbh, after a few weeks of mixed use, I noticed that the vibration on this lanudry unit is neither impressive nor bad. the behavior persisted across several attempts. 😬",neutral,washing_machine,neutral,washing_machine,0.999941349029541,0.9944061040878296,True,True,advanced,0,1,1,1,medium,0,0,2026-08-16T19:00:32Z,2026-08-16T19:20:05.154404+00:00
16835,"Under ordinary operating conditions, i have been using this TV set after coming back to it after a few days, and the streaming menu has not changed my opinion much. the difference became clearer after a few more days. The video input tells a different story because it fails in normal use.",neutral,television,neutral,television,0.999990701675415,0.9995623230934143,True,True,technical,0,0,0,0,long,1,0,2026-08-16T19:00:32Z,2026-08-16T19:20:05.154404+00:00
16836,"Under a representative operating profile, imo, my main impression of this screen unit comes from the interface: it is fine for what it is outside my normal routine.",neutral,television,neutral,television,0.9944822788238525,0.9993731379508972,True,True,technical,0,0,0,1,medium,0,0,2026-08-16T19:00:32Z,2026-08-16T19:20:05.154404+00:00
16837,"After changing a few settings, I noticed that the rinse program on this front-loading washer keeps acting up. I repeated the check before writing this. this needs to improve.",negative,washing_machine,negative,washing_machine,0.9999616146087646,0.9997126460075378,True,True,advanced,0,0,0,0,medium,0,0,2026-08-16T19:00:32Z,2026-08-16T19:20:05.154404+00:00
16838,"Outside my normal routine, I noticed that the touch panel on this new hpone fails in routine use. I would hesitate to buy it again.",negative,smartphone,negative,washing_machine,0.9996974468231201,0.6549851894378662,True,False,advanced,0,0,1,0,medium,0,1,2026-08-16T19:00:32Z,2026-08-16T19:20:05.154404+00:00
16839,My main impression of this new washer comes from the vibration: it keeps getting in the way outside my normal routine. the difference became clearer after a few more days. I am already looking at alternatives.,negative,washing_machine,negative,washing_machine,0.9999843835830688,0.9995719790458679,True,True,standard,0,0,0,0,long,0,0,2026-08-16T19:00:32Z,2026-08-16T19:20:05.154404+00:00
16840,"I have been using this food cooler after changing a few settings, and the gasket continues to work without drama. someone else in the house noticed it too. I expected some crap here, but it has actually held up. Honestly 🙂",positive,refrigerator,positive,refrigerator,0.9999130964279175,0.9997743964195251,True,True,standard,1,1,0,0,long,0,0,2026-08-16T19:00:32Z,2026-08-16T19:20:05.154404+00:00
16841,"after taking it on a trip, the fingerprint reader has not chanegd my opinion much. i noticed the change only in the new situation. it is not amazing, but it is not bullshit either.",neutral,smartphone,neutral,smartphone,0.9999982118606567,0.9990634322166443,True,True,informal,1,0,1,0,long,0,0,2026-08-16T19:00:32Z,2026-08-16T19:20:05.154404+00:00
16842,the drainage motor is what stood out outside my normal routine; it works normally. i tried the same thing again later and got a similar resutl. the damn thing is basically fine.,neutral,washing_machine,neutral,smartphone,0.9999936819076538,0.9093383550643921,True,False,informal,1,0,1,0,medium,0,0,2026-08-16T19:00:32Z,2026-08-16T19:20:05.154404+00:00
16843,"After using it for work and at home, I noticed that the rear camera on this daily driver is difficult to trust. I tried the same thing again later and got a similar result. I would not rely on it.",negative,smartphone,negative,smartphone,0.9999804496765137,0.99921715259552,True,True,standard,0,0,0,0,long,0,0,2026-08-16T19:00:32Z,2026-08-16T19:20:05.154404+00:00
16844,"I did not pay much attention to the network reception at first, but outside my normal routine it works normally. someone else in the house noticed it too. Honestly, the damn thing is just average. Honestly 💀",neutral,smartphone,neutral,smartphone,0.999995231628418,0.9992607235908508,True,True,standard,1,1,0,0,long,0,1,2026-08-16T19:00:32Z,2026-08-16T19:20:05.154404+00:00
16845,"From a practical reliability standpoint, my main impression of this laundry unit comes from the vibration: it holds up better than expected after changing a few settings. the behavior persisted acrsos several attempts. Honestly 🙂",positive,washing_machine,positive,washing_machine,0.9998939037322998,0.9996622800827026,True,True,technical,0,1,1,0,long,0,0,2026-08-16T19:00:32Z,2026-08-16T19:20:05.154404+00:00
16846,The compressor fan is what stood out when soemone else in the house used it; it is acceptable but unremarkable. there is not much else to say.,neutral,refrigerator,neutral,refrigerator,0.9999947547912598,0.9997134804725647,True,True,standard,0,0,1,0,medium,0,0,2026-08-16T19:00:32Z,2026-08-16T19:20:05.154404+00:00
16847,the wireless connection is what stood out outside my normal routine; it is acceptable but unremarkable. the difference became clearer after a few more days.,neutral,television,neutral,television,0.9999773502349854,0.9993730187416077,True,True,informal,0,0,0,0,medium,0,0,2026-08-16T19:00:32Z,2026-08-16T19:20:05.154404+00:00
16848,"after taking it on a trip, the controller has not given me trouble. was different from my first impression. 😬",positive,television,positive,washing_machine,0.9998650550842285,0.4367932677268982,True,False,limited,0,1,0,0,medium,0,0,2026-08-16T19:00:32Z,2026-08-16T19:20:05.154404+00:00
16849,the touch panel is what stood out after a few weeks of mixed use; it has not changed my opinion much. the behavior persisted across several attempts.,neutral,smartphone,neutral,washing_machine,0.9999258518218994,0.6273530125617981,True,False,limited,0,0,0,0,medium,0,0,2026-08-16T19:00:32Z,2026-08-16T19:20:05.154404+00:00
16850,"Under ordinary operating conditions, imo, my main impression of this mobile comes from the USB port: it is difficult to trust during a heavier-than-usual day. I am tired of this crap.",negative,smartphone,negative,smartphone,0.9999490976333618,0.999135434627533,True,True,technical,1,0,0,1,medium,0,0,2026-08-16T19:00:32Z,2026-08-16T19:20:05.154404+00:00
16851,"fr, i have been using this television set after coming back to it after a few days, and the panel lighting breaks down when conditions change. the difference became clearer after a few more days. I am already looking at alternatives. The damn thing keeps getting in the way.",negative,television,negative,television,0.9999796152114868,0.9994282126426697,True,True,advanced,1,0,0,1,long,0,0,2026-08-16T19:00:32Z,2026-08-16T19:20:05.154404+00:00
16852,when someone else in the house used the network reception has been a disappointment. the behavior persisted several attempts. 👎,negative,smartphone,negative,smartphone,0.9893776774406433,0.9965841770172119,True,True,limited,0,1,0,0,medium,0,0,2026-08-16T19:00:32Z,2026-08-16T19:20:05.154404+00:00
16853,"Outside my normal routine, I noticed that the fill valve on this front-loading washer works normally. the difference became clearer after a few more days. The rinse program tells a different story because it keeps getting in the way.",neutral,washing_machine,neutral,washing_machine,0.9999767541885376,0.9996994733810425,True,True,advanced,0,0,0,0,long,1,0,2026-08-16T19:00:32Z,2026-08-16T19:20:05.154404+00:00
16854,i did not pay much attention to the gasket at but after chagning a few settings it breaks down when conditions change. someone else in the house noticed it too.,negative,refrigerator,negative,refrigerator,0.9998563528060913,0.9950075149536133,True,True,limited,0,0,1,0,medium,0,0,2026-08-16T19:00:32Z,2026-08-16T19:20:05.154404+00:00
16855,"the compressor fan is what stood out after using it for work and at home; it has been a pleasant surprise. for my use case, this is a keeper.",positive,refrigerator,positive,refrigerator,0.9999556541442871,0.9997914433479309,True,True,informal,0,0,0,0,medium,0,0,2026-08-16T19:00:32Z,2026-08-16T19:20:05.154404+00:00
16856,"I did not pay much attention to the shelf layout at first, but after taking it on a trip it feels dependable in daily use. I repaeted the check before writing this. on balance I am happy with it. kinda wild.",positive,refrigerator,positive,refrigerator,0.9999436140060425,0.9997528195381165,True,True,advanced,0,0,1,1,long,0,0,2026-08-16T19:00:32Z,2026-08-16T19:20:05.154404+00:00
16857,"the door warning is what stood out after taking it on a trip; it is acceptable but unremarkable. a second check gave me the same result. i would neither recommend it nor warn people away. honestly, the damn thing is just average. Honestly 😅",neutral,refrigerator,neutral,refrigerator,0.9999972581863403,0.9997441172599792,True,True,informal,1,1,0,0,long,0,0,2026-08-16T19:00:32Z,2026-08-16T19:20:05.154404+00:00
16858,"I did not pay much attention to the rear camera at first, but after useing it for work and at home it works well even outside my usual routine.",positive,smartphone,positive,smartphone,0.999817430973053,0.9991408586502075,True,True,advanced,0,0,1,0,medium,0,0,2026-08-16T19:00:32Z,2026-08-16T19:20:05.154404+00:00
16859,the rear camera is what stood out outside my normal routine; it fine for it is. someone else in the house noticed it too.,neutral,smartphone,neutral,smartphone,0.9985663294792175,0.999159574508667,True,True,limited,0,0,0,0,medium,0,0,2026-08-16T19:00:32Z,2026-08-16T19:20:05.154404+00:00
16860,The fill valve is what stood out during a heavier-than-usual day; it is acceptable but unremarkable. a second check gave me the same result.,neutral,washing_machine,neutral,washing_machine,0.9999810457229614,0.9995335340499878,True,True,standard,0,0,0,0,medium,0,0,2026-08-16T19:00:32Z,2026-08-16T19:20:05.154404+00:00
16861,"I have been using this cold-storage unit after changing a few settings, and the compressor fan feels dependable in daily use. I noticed the change only in the new situation. On the other hand, the ice system has become increasingly unreliable, which makes the overall picture more mixed.",positive,refrigerator,positive,refrigerator,0.9998206496238708,0.9996933937072754,True,True,standard,0,0,0,0,long,1,0,2026-08-16T19:00:32Z,2026-08-16T19:20:05.154404+00:00
16862,"i did not pay much attention to the built-in audio at first, after taking it on a trip it has become increasingly unreliable. i am already looking at alternatives. 💀",negative,television,negative,television,0.9999696016311646,0.9319466948509216,True,True,limited,0,1,0,0,medium,0,1,2026-08-16T19:00:32Z,2026-08-16T19:20:05.154404+00:00
16863,"not gonna lie, outside my normal routine, the built-in audio is difficult to trust. this was different from my first impression. i am considering a replacement.",negative,television,negative,television,0.9999644756317139,0.9985641837120056,True,True,informal,0,0,0,1,medium,0,0,2026-08-16T19:00:32Z,2026-08-16T19:20:05.154404+00:00
16864,"Under ordinary operating conditions, outside my normal routine, I noticed that the built-in audio on this television set feels ordinary after more use. the difference becmae clearer after a few more days. There is no major crap to complain about here.",neutral,television,neutral,television,0.9999985694885254,0.9994673132896423,True,True,technical,1,0,1,0,long,0,0,2026-08-16T19:00:32Z,2026-08-16T19:20:05.154404+00:00
16865,"From a practical reliability standpoint, i have been using this living room display outside my normal routine, and the picture quality fails in normal use. I am considering a replacement. That said, the controller has not changed my opinion much, so the experience is not completely one-sided. I am tired of this crap.",negative,television,negative,television,0.999984860420227,0.9995027780532837,True,True,technical,1,0,0,0,long,1,0,2026-08-16T19:00:32Z,2026-08-16T19:20:05.154404+00:00
16866,The cycle controls is what stood out after taking it on a trip; it does the job. the behavior persisted across several attempts. There is no major crap to complain about here.,neutral,washing_machine,neutral,washing_machine,0.9999983310699463,0.9997115731239319,True,True,advanced,1,0,0,0,medium,0,0,2026-08-16T19:00:32Z,2026-08-16T19:20:05.154404+00:00
16867,"After changing a few settings, I noticed that the door warning on this food cooler has been a pleasant surprise. this was different from my first impression. No bullshit, this has been one of the better parts of the product.",positive,refrigerator,positive,refrigerator,0.9999802112579346,0.9995713829994202,True,True,advanced,1,0,0,0,long,0,0,2026-08-16T19:00:32Z,2026-08-16T19:20:05.154404+00:00
16868,my main impression of this front-loading washer comes from the wash drum: it works normally someone else in the house used it. there is not much else to say.,neutral,washing_machine,neutral,washing_machine,0.9999935626983643,0.999591052532196,True,True,limited,0,0,0,0,medium,0,0,2026-08-16T19:00:32Z,2026-08-16T19:20:05.154404+00:00
16869,"i have been using this kitchen fridge after taking it on a trip, and the gasket works well even outside my usual routine. i noticed the change only in the new situation. overall i am happy with it.",positive,refrigerator,positive,refrigerator,0.9999569654464722,0.9997568726539612,True,True,informal,0,0,0,0,long,0,0,2026-08-16T19:00:32Z,2026-08-16T19:20:05.154404+00:00
16870,the inside lighting is what stood out after changing a few settings; it has not changed my opinion much. someone else in the house noticed it too. i can live with it.,neutral,refrigerator,neutral,refrigerator,0.9999904632568359,0.9996263980865479,True,True,limited,0,0,0,0,medium,0,0,2026-08-16T19:00:32Z,2026-08-16T19:20:05.154404+00:00
16871,"tbh, i have been using this new refrigerator after changing a few settings, and the cooling motor is neither impressive nor bad. i tried the same thing again later and a similar result.",neutral,refrigerator,neutral,refrigerator,0.9999827146530151,0.9992757439613342,True,True,limited,0,0,0,1,medium,0,0,2026-08-16T19:00:32Z,2026-08-16T19:20:05.154404+00:00
16872,"after coming back to it after a few days, i noticed that the interface on this living room display has been a disappointment. i am already looking at altrenatives.",negative,television,negative,television,0.9994113445281982,0.9990360736846924,True,True,informal,0,0,1,0,medium,0,0,2026-08-16T19:00:32Z,2026-08-16T19:20:05.154404+00:00
16873,My main impression of this wash unit comes from the door latch: it remains basically average after a few weeks of mixed use. a secodn check gave me the same result. 💀,neutral,washing_machine,neutral,washing_machine,0.9999934434890747,0.9996639490127563,True,True,standard,0,1,1,0,medium,0,0,2026-08-16T19:00:32Z,2026-08-16T19:20:05.154404+00:00
16874,"Under ordinary operating conditions, ngl, my main impression of this new washer comes from the cycle controls: it keeps getting in the way after taking it on a trip. the difference became clearer after a few more days. this is the part that makes me regret the purchase. I am tired of this crap. 🤔",negative,washing_machine,negative,washing_machine,0.9999895095825195,0.9997257590293884,True,True,technical,1,1,0,1,long,0,1,2026-08-16T19:00:32Z,2026-08-16T19:20:05.154404+00:00
16875,"i have been using this screen unit after a few weeks of mixed use, and the picture quality has turned into a recurring problem. someone else in the house noticed it too.",negative,television,negative,television,0.999908447265625,0.9995437264442444,True,True,limited,0,0,0,0,medium,0,0,2026-08-16T19:00:32Z,2026-08-16T19:20:05.154404+00:00
16876,"i have been using this daily driver after taking it on a trip, and the apps has been a pleasant surprise. i noticed the change only in the new situation. that said, the touch panel remains basically average, so the experience is not completely one-sided.",positive,smartphone,positive,smartphone,0.9998200535774231,0.9991294741630554,True,True,informal,0,0,0,0,long,1,0,2026-08-16T19:00:32Z,2026-08-16T19:20:05.154404+00:00
16877,"after ocming back to it after a few days, the earpiece the job.",neutral,smartphone,neutral,television,0.7560828328132629,0.38257139921188354,True,False,limited,0,0,1,0,short,0,0,2026-08-16T19:00:32Z,2026-08-16T19:20:05.154404+00:00
16878,"From a practical reliability standpoint, i have been useing this cold-storage unit during a heavier-than-usual day, and the door warning is difficult to trust. the behavior persisted across several attempts.",negative,refrigerator,negative,refrigerator,0.9991928935050964,0.9997233748435974,True,True,technical,0,0,1,0,medium,0,0,2026-08-16T19:00:32Z,2026-08-16T19:20:05.154404+00:00
16879,"tbh, i did not pay much attention to the touch panel at first, but when someone else in the house used it it is difficult to trust. on the other hand, the network reception has not changed my opinion much, which the overall picture more mixed. i am tired of this crap.",negative,smartphone,negative,smartphone,0.9999871253967285,0.9978194236755371,True,True,limited,1,0,0,1,long,1,0,2026-08-16T19:00:32Z,2026-08-16T19:20:05.154404+00:00
16880,"I did not pay much attention to the ice system at first, but after a few weeks of mixed use it has tsayed dependable. someone else in the house noticed it too.",positive,refrigerator,positive,refrigerator,0.9996565580368042,0.9994244575500488,True,True,standard,0,0,1,0,medium,0,0,2026-08-16T19:00:32Z,2026-08-16T19:20:05.154404+00:00
16881,My main impression of this main fridge comes from the compressor fan: it has become increasingly unreliable outside my normal routine. I tried the same thing again later and got a similar result. this needs to improve. I am tired of this crap.,negative,refrigerator,negative,refrigerator,0.9999879598617554,0.9997135996818542,True,True,standard,1,0,0,0,long,0,0,2026-08-16T19:00:32Z,2026-08-16T19:20:05.154404+00:00
16882,"when someone else in the house used it, noticed that the wireless connection on this bedroom tv feels dependable in daily use. i noticed the change only in the new situation. i plan to keep using it.",positive,television,positive,television,0.9999417066574097,0.9991102814674377,True,True,limited,0,0,0,0,long,0,0,2026-08-16T19:00:32Z,2026-08-16T19:20:05.154404+00:00
16883,"Under a representative operating profile, outside my normal routine, the controller has not changed my opinion much. I repeated the check before writing this. There is no major crap to complain about here.",neutral,television,neutral,washing_machine,0.9999982118606567,0.6601125001907349,True,False,technical,1,0,0,0,medium,0,0,2026-08-16T19:00:32Z,2026-08-16T19:20:05.154404+00:00
16884,My main impression of this new washer comes from the soap tray: it has turned into a recurring problem after coming back to it after a few days. a second check gave me the same result. this is the part that makes me regret the purchase. 😬,negative,washing_machine,negative,washing_machine,0.9999808073043823,0.9996633529663086,True,True,advanced,0,1,0,0,long,0,0,2026-08-16T19:00:32Z,2026-08-16T19:20:05.154404+00:00
16885,"Across repeated observations, tbh, outside my normal routine, I noticed that the door latch on this front-loading washer works well even outside my usual routine. I noticed the change only in the new situation. I would buy it again.",positive,washing_machine,positive,washing_machine,0.9999406337738037,0.9996391534805298,True,True,technical,0,0,0,1,long,0,0,2026-08-16T19:00:32Z,2026-08-16T19:20:05.154404+00:00
16886,my main impression of this new washer comes from the wash drum: it has given me trouble during a heavier-than-usual day. this was different from my first impression. Honestly 👎,positive,washing_machine,positive,washing_machine,0.9999451637268066,0.9996567964553833,True,True,limited,0,1,0,0,medium,0,1,2026-08-16T19:00:32Z,2026-08-16T19:20:05.154404+00:00
16887,"I have been using this refrigeration unit after a few weeks of mixed use, and the thermostat fails in routine use. I noticed the change only in the new situation.",negative,refrigerator,negative,refrigerator,0.9998624324798584,0.9358808398246765,True,True,advanced,0,0,0,0,medium,0,0,2026-08-16T19:00:32Z,2026-08-16T19:20:05.154404+00:00
16888,"I did not pay much attention to the soap tray at first, but after coming back to it after a few days it has stayed dependable. this was different from my first impression. That said, the door latch has turned into a recurring problem, so the experience is not completely one-sided. No bullshit, this has been one of the better parts of the product. 😬",positive,washing_machine,positive,washing_machine,0.9999606609344482,0.9995087385177612,True,True,standard,1,1,0,0,long,1,0,2026-08-16T19:00:32Z,2026-08-16T19:20:05.154404+00:00
16889,"From a practical reliability standpoint, after changing a few settings, the network reception has not given me trouble.",positive,smartphone,positive,smartphone,0.9906429648399353,0.943320095539093,True,True,technical,0,0,0,0,medium,0,0,2026-08-16T19:00:32Z,2026-08-16T19:20:05.154404+00:00
16890,the wash drum is what stood out outside my normal routine; it has been a pleaasnt surprise. i repeated the check before writing this.,positive,washing_machine,positive,washing_machine,0.999852180480957,0.9996324777603149,True,True,informal,0,0,1,0,medium,0,0,2026-08-16T19:00:32Z,2026-08-16T19:20:05.154404+00:00
16891,my main impression of this bedroom tv comes from the built-in audio: it holds up better than expected outside my normal routine.,positive,television,positive,television,0.9997970461845398,0.9987429976463318,True,True,informal,0,0,0,0,medium,0,0,2026-08-16T19:00:32Z,2026-08-16T19:20:05.154404+00:00
16892,the thermostat is what stood out during a heavier-than-usual day; it has been a pleasant surprise. i repeated the check before writing this. the compressor fan tells a different story because it does the job. Honestly 🤔,positive,refrigerator,positive,refrigerator,0.9999321699142456,0.9997758269309998,True,True,informal,0,1,0,0,long,1,0,2026-08-16T19:00:32Z,2026-08-16T19:20:05.154404+00:00
16893,"after a few weeks of mixed use, i that the call quality on this work phone is difficult to trust. was different from my first impression. i would not rely on it.",negative,smartphone,negative,smartphone,0.9999653100967407,0.9991549253463745,True,True,limited,0,0,0,0,medium,0,0,2026-08-16T19:00:32Z,2026-08-16T19:20:05.154404+00:00
16894,"I have been using this daily driver after using it for work and at home, and the network reception has been a disappointment. I would not rely on it. 🤷",negative,smartphone,negative,smartphone,0.9994001388549805,0.9991856217384338,True,True,advanced,0,1,0,0,medium,0,0,2026-08-16T19:00:32Z,2026-08-16T19:20:05.154404+00:00
16895,"i have been using this kitchen fridge outside my normal routine, and the door warning keeps acting up.",negative,refrigerator,negative,refrigerator,0.9879399538040161,0.9995245933532715,True,True,informal,0,0,0,0,medium,0,1,2026-08-16T19:00:32Z,2026-08-16T19:20:05.154404+00:00
16896,"imo, the cycle controls is what stood out outside my normal routine; it has been a disappointment. the difference became clearer after a few more days.",negative,washing_machine,negative,washing_machine,0.9860420823097229,0.9994957447052002,True,True,limited,0,0,0,1,medium,0,0,2026-08-16T19:00:32Z,2026-08-16T19:20:05.154404+00:00
16897,my main impression of this television set comes from the streaming menu: it still performs consistently taking it on a trip. i tried the same thing again later and got a similar result.,positive,television,positive,television,0.9999346733093262,0.9992884397506714,True,True,limited,0,0,0,0,medium,0,0,2026-08-16T19:00:32Z,2026-08-16T19:20:05.154404+00:00
16898,"I have been using this screen unit when someone else in the house used it, and the built-in audio has been a pleasant surprise. someone else in the house noticed it too. No bullshit, this has been one of the better parts of the product.",positive,television,positive,television,0.9999803304672241,0.9991814494132996,True,True,standard,1,0,0,0,long,0,0,2026-08-16T19:00:32Z,2026-08-16T19:20:05.154404+00:00
16899,"After repeated use under comparable conditions, the vibration is what stood out after using it for work and at home; it has not given me trouble. this was different from my first impression. for my use case, this is a keeper. That said, the door latch has become increasingly unreliable, so the experience is not completely one-sided.",positive,washing_machine,positive,washing_machine,0.9998501539230347,0.999722421169281,True,True,technical,0,0,0,0,long,1,0,2026-08-16T19:00:32Z,2026-08-16T19:20:05.154404+00:00
16900,"After using it for work and at home, I noticed that the fingerprint reader on this cell phone feels ordinary after more use. I repeated the check before writing this. That said, the network reception works well even outside my usual routine, so the experience is not completely one-sided.",neutral,smartphone,neutral,smartphone,0.9997161030769348,0.999146580696106,True,True,standard,0,0,0,0,long,1,0,2026-08-16T19:00:32Z,2026-08-16T19:20:05.154404+00:00
16901,"From a practical reliability standpoint, i did not pay much attention to the interface at first, but after changing a few settings it keeps acting up. a second check gave me the same result.",negative,television,negative,television,0.9989066123962402,0.8465661406517029,True,True,technical,0,0,0,0,long,0,0,2026-08-16T19:00:32Z,2026-08-16T19:20:05.154404+00:00
16902,"Under ordinary operating conditions, not gonna lie, when someone else in the house used it, the streaming menu keeps acting up. I tried the same thing again later and got a similar result.",negative,television,negative,television,0.9999599456787109,0.9969544410705566,True,True,technical,0,0,0,1,medium,0,0,2026-08-16T19:00:32Z,2026-08-16T19:20:05.154404+00:00
16903,"i have been useing this main fridge changing a few settings, and the inside lighting has stayed dependable. not great tbh.",positive,refrigerator,positive,refrigerator,0.9745871424674988,0.9953622221946716,True,True,limited,0,0,1,1,medium,0,0,2026-08-16T19:00:32Z,2026-08-16T19:20:05.154404+00:00
16904,"After changing a few settings, I noticed that the streaming menu on this television set fials in normal use. I repeated the check before writing this. That said, the controller works well even outside my usual routine, so the experience is not completely one-sided.",negative,television,positive,television,0.9998058676719666,0.9995008707046509,False,True,standard,0,0,1,0,long,1,0,2026-08-16T19:00:32Z,2026-08-16T19:20:05.154404+00:00
16905,"i did not pay much to the ice system at first, but during a heavier-than-usual day it has stayed dependable. the behavior persisted across several attempts.",positive,refrigerator,positive,refrigerator,0.9996979236602783,0.9995765089988708,True,True,limited,0,0,0,0,medium,0,0,2026-08-16T19:00:32Z,2026-08-16T19:20:05.154404+00:00
16906,"Under a representative operating profile, i have been using this food cooler after taking it on a trip, and the compressor fan is fine for what it is. The shelf layout tells a different story because it keeps getting in the way. There is no major crap to complain about here.",neutral,refrigerator,neutral,refrigerator,0.9999985694885254,0.9997580647468567,True,True,technical,1,0,0,0,long,1,0,2026-08-16T19:00:32Z,2026-08-16T19:20:05.154404+00:00
16907,"After repeated use under comparable conditions, after coming back to it after a few days, the panel lighting has become increasingly unreliable. I noticed the change only in the new situation. not great tbh. 😐",negative,television,negative,smartphone,0.9999761581420898,0.9337677359580994,True,False,technical,0,1,0,1,long,0,1,2026-08-16T19:00:32Z,2026-08-16T19:20:05.154404+00:00
16908,"not gonna lie, the compressor fan is what stood out after a few weeks of mixed use; it keeps acting up. this was different from my first impression.",negative,refrigerator,negative,refrigerator,0.9997103810310364,0.9997366070747375,True,True,standard,0,0,0,1,medium,0,1,2026-08-16T19:00:32Z,2026-08-16T19:20:05.154404+00:00
16909,"After repeated use under comparable conditions, when someone else in the house used it, I noticed that the interface on this video panel is neither impressive nor bad. the difference became clearer after a few more days.",neutral,television,neutral,television,0.9999864101409912,0.8253903985023499,True,True,technical,0,0,0,0,long,0,0,2026-08-16T19:00:32Z,2026-08-16T19:20:05.154404+00:00
16910,"Across repeated observations, i did not pay much attention to the call quality at first, but after using it for work and at home it is difficult to trust.",negative,smartphone,negative,smartphone,0.9978874325752258,0.9986629486083984,True,True,technical,0,0,0,0,medium,0,0,2026-08-16T19:00:32Z,2026-08-16T19:20:05.154404+00:00
16911,The shelf layout is what stood out after coming back to it after a few days; it remains basically average. this was different from my first impression. I can live with it.,neutral,refrigerator,neutral,refrigerator,0.9999923706054688,0.9997544884681702,True,True,advanced,0,0,0,0,medium,0,0,2026-08-16T19:00:32Z,2026-08-16T19:20:05.154404+00:00
16912,"imo, when osmeone else in the house used it, I noticed that the rinse program on this clothes washer has stayed dependable. I tried the same thing again later and got a similar result.",positive,washing_machine,positive,washing_machine,0.9998422861099243,0.9994956254959106,True,True,advanced,0,0,1,1,long,0,0,2026-08-16T19:00:32Z,2026-08-16T19:20:05.154404+00:00
16913,"after useing it for work and at home, i noticed that the sports motion on this panel feels dependable in daily use.",positive,television,positive,television,0.9997122883796692,0.8973469138145447,True,True,limited,0,0,1,0,medium,0,1,2026-08-16T19:00:32Z,2026-08-16T19:20:05.154404+00:00
16914,"my main impression of this machine comes from the wash drum: it continues to work without drama after using it for work and at home. overall i am happy with it. no bullshit, this has been one of the better parts of the product.",positive,washing_machine,positive,washing_machine,0.9999805688858032,0.9994161128997803,True,True,informal,1,0,0,0,long,0,0,2026-08-16T19:00:32Z,2026-08-16T19:20:05.154404+00:00
16915,"When someone else in the house used it, I noticed that the built-in audio on this television set has not given me trouble. I repeated the check before writing this. The damn thing surprised me in a good way.",positive,television,positive,television,0.9999537467956543,0.9991353154182434,True,True,advanced,1,0,0,0,long,0,0,2026-08-16T19:00:32Z,2026-08-16T19:20:05.154404+00:00
16916,"after a few weeks of miexd use, the shelf layout works even outside my usual routine.",positive,refrigerator,positive,refrigerator,0.44816330075263977,0.8978073000907898,True,True,limited,0,0,1,0,medium,0,0,2026-08-16T19:00:32Z,2026-08-16T19:20:05.154404+00:00
16917,"not gonna i did not pay much attention to the call quality at first, but after taking it on a trip it keeps acting up.",negative,smartphone,negative,smartphone,0.9953719973564148,0.9964255690574646,True,True,limited,0,0,0,1,medium,0,0,2026-08-16T19:00:32Z,2026-08-16T19:20:05.154404+00:00
16918,"Across repeated observations, i have been using this main fridge after coming back to it after a few days, and the gasket breaks down when conditions change. this is the part that makes me regret the purchase.",negative,refrigerator,negative,refrigerator,0.9999648332595825,0.9987900853157043,True,True,technical,0,0,0,0,long,0,0,2026-08-16T19:00:32Z,2026-08-16T19:20:05.154404+00:00
16919,"After repeated use under comparable conditions, after changing a few settings, I noticed that the inside lighting on this main fridge has become increasingly unreliable. a second check gave me the same result. this is the part that makes me regret the purchase. This shit should not be happening in normal use.",negative,refrigerator,negative,refrigerator,0.9999862909317017,0.9997232556343079,True,True,technical,1,0,0,0,long,0,0,2026-08-16T19:00:32Z,2026-08-16T19:20:05.154404+00:00
16920,"after changing a few settings, i noticed that the cycle controls on this machine feels ordinary after more use. i tried the same thing again later and got a similar result. i can live with it.",neutral,washing_machine,neutral,washing_machine,0.9999884366989136,0.9996496438980103,True,True,informal,0,0,0,0,long,0,1,2026-08-16T19:00:32Z,2026-08-16T19:20:05.154404+00:00
16921,"I have been using this laundry unit after taking it on a trip, and the door latch has not given me trouble. someone else in the house noticed it too. The drainage motor tells a different story because it works normally.",positive,washing_machine,positive,washing_machine,0.9998855590820312,0.9997027516365051,True,True,advanced,0,0,0,0,long,1,0,2026-08-16T19:00:32Z,2026-08-16T19:20:05.154404+00:00
16922,"Under ordinary operating conditions, when someone else in the house used it, I noticed that the USB port on this cell phone efels ordinary after more use. I can live with it. 🤔",neutral,smartphone,neutral,smartphone,0.9998193383216858,0.9991418123245239,True,True,technical,0,1,1,0,medium,0,0,2026-08-16T19:00:32Z,2026-08-16T19:20:05.154404+00:00
16923,"After a few weeks of mixed use, the controller has not changed my opinion much. I repeated the check before writing this. I can live with it.",neutral,television,neutral,television,0.9999735355377197,0.6435821652412415,True,True,standard,0,0,0,0,medium,0,0,2026-08-16T19:00:32Z,2026-08-16T19:20:05.154404+00:00
16924,The interface is what stood out after useing it for work and at home; it keeps acting up. I tried the same thing again later and got a similar result.,negative,television,negative,television,0.9999212026596069,0.9991426467895508,True,True,advanced,0,0,1,0,medium,0,0,2026-08-16T19:00:32Z,2026-08-16T19:20:05.154404+00:00
16925,my main impression of this machine comes from the wash drum: it has turned into a recurring problem after using it for work and at home. this was different from my first impression. the door latch tells a different story because it has been a pleasant surprise. not great tbh.,negative,washing_machine,negative,washing_machine,0.9999532699584961,0.9997342228889465,True,True,informal,0,0,0,1,long,1,1,2026-08-16T19:00:32Z,2026-08-16T19:20:05.154404+00:00
16926,"i did not pay much attention to the layout at first, but after a few weeks of mixed use it keeps acting up. i the change only in the new situation.",negative,refrigerator,negative,refrigerator,0.9999005794525146,0.9536566734313965,True,True,limited,0,0,0,0,medium,0,0,2026-08-16T19:00:32Z,2026-08-16T19:20:05.154404+00:00
16927,"after using it for work and at home, the vibration holds up better than expected. this was different from my first impression. overall i am happy with it.",positive,washing_machine,positive,washing_machine,0.9999573230743408,0.9054946303367615,True,True,informal,0,0,0,0,medium,0,0,2026-08-16T19:00:32Z,2026-08-16T19:20:05.154404+00:00
16928,"When someone else in the house used it, I noticed that the rear camera on this daily driver breaks down when conditions change. I tried the same thing again later and got a similar result. 🤷",negative,smartphone,negative,smartphone,0.9999712705612183,0.9991921782493591,True,True,advanced,0,1,0,0,long,0,0,2026-08-16T19:00:32Z,2026-08-16T19:20:05.154404+00:00
16929,"After coming back to it fater a few days, the drainage motor holds up better than expected.",positive,washing_machine,positive,television,0.9976770281791687,0.501664400100708,True,False,standard,0,0,1,0,medium,0,1,2026-08-16T19:00:32Z,2026-08-16T19:20:05.154404+00:00
16930,"my main impression of this video panel comes from the interface: it feels ordinary after more use after coming back to it after a few days. the behavior persisted across several attempts. it is not amazing, but it is not bullshit either.",neutral,television,neutral,television,0.9999980926513672,0.9994180202484131,True,True,limited,1,0,0,0,long,0,0,2026-08-16T19:00:32Z,2026-08-16T19:20:05.154404+00:00
16931,"imo, i have been using this wash unit during a heavier-than-usual day, and the cycle controls is neither impressive nor bad. someone else in the house noticed it too. On the other hand, the rinse program holds up better than expected, which makes the overall picture more mixed. There is no major crap to complain about here.",neutral,washing_machine,neutral,washing_machine,0.9999985694885254,0.9997314810752869,True,True,standard,1,0,0,1,long,1,0,2026-08-16T19:00:32Z,2026-08-16T19:20:05.154404+00:00
16932,"i have been using this television set after using it for work and at home, and the has stayed the behavior persisted across several attempts. it has earned my confidence.",positive,television,positive,television,0.9999591112136841,0.9995737671852112,True,True,limited,0,0,0,0,medium,0,0,2026-08-16T19:00:32Z,2026-08-16T19:20:05.154404+00:00
16933,"lowkey, the earpiece is what stood out when someone else in the house used it; it works well even outside my usual routine. this was diferent from my first impression. Honestly 🔥",positive,smartphone,positive,washing_machine,0.9999262094497681,0.9405503869056702,True,False,advanced,0,1,1,1,medium,0,0,2026-08-16T19:00:32Z,2026-08-16T19:20:05.154404+00:00
16934,"lowkey, my main impression of this work phone comes from the rear camera: it has been a pleasant surprise when someone else in the house used it. I repeated the check before writing this.",positive,smartphone,positive,smartphone,0.9999203681945801,0.9991165995597839,True,True,advanced,0,0,0,1,long,0,0,2026-08-16T19:00:32Z,2026-08-16T19:20:05.154404+00:00
16935,"lowkey, the thermostat is what tsood out after taking it on a trip; it does the job. the behavior persisted across several attempts.",neutral,refrigerator,neutral,refrigerator,0.9996737241744995,0.992134690284729,True,True,standard,0,0,1,1,medium,0,0,2026-08-16T19:00:32Z,2026-08-16T19:20:05.154404+00:00
16936,"After coming back to it after a few days, I noticed that the wireless connection on this television set has been a pleasant surprise. I tried the same thing again later and got a similar result. I expected some crap here, but it has actually held up.",positive,television,positive,television,0.9999455213546753,0.9996134638786316,True,True,standard,1,0,0,0,long,0,0,2026-08-16T19:00:32Z,2026-08-16T19:20:05.154404+00:00
16937,"not gonna lie, after coming back to it after a few days, I noticed that the gasket on this food cooler has not given me trouble. it has earned my confidence.",positive,refrigerator,positive,refrigerator,0.9999425411224365,0.9992495179176331,True,True,standard,0,0,0,1,medium,0,0,2026-08-16T19:00:32Z,2026-08-16T19:20:05.154404+00:00
16938,"I did not pay much attention to the compressor fan at first, but after a few weeks of mixed use it feels dependable in daily use. I plan to keep using it. for real.",positive,refrigerator,positive,refrigerator,0.9999182224273682,0.9997434020042419,True,True,standard,0,0,0,1,long,0,0,2026-08-16T19:00:32Z,2026-08-16T19:20:05.154404+00:00
16939,my main impression of this new phone comes from the rear camera: it has turned into a recurring problem after coming back to it after a few days. someone else in the house noticed it too.,negative,smartphone,negative,smartphone,0.9999769926071167,0.9992030262947083,True,True,informal,0,0,0,0,long,0,0,2026-08-16T19:00:32Z,2026-08-16T19:20:05.154404+00:00
16940,My main impression of this work phone comes from the USB port: it feels ordinary after more use after using it for work and at home. the difference became clearer after a few more days. The apps tells a different story because it has become increasingly unreliable.,neutral,smartphone,neutral,smartphone,0.9999772310256958,0.9993147850036621,True,True,advanced,0,0,0,0,long,1,0,2026-08-16T19:00:32Z,2026-08-16T19:20:05.154404+00:00
16941,"after a few weeks of mixed use, the fingerprint reader has not given me trouble. that said, the batery life feels ordinary after more use, so the experience is not completely one-sided. damn, i did not expect this part to be this solid.",positive,smartphone,positive,smartphone,0.9999713897705078,0.999221682548523,True,True,limited,1,0,1,0,long,1,0,2026-08-16T19:00:32Z,2026-08-16T19:20:05.154404+00:00
16942,My main impression of this front-loading washer comes from the wash drum: it has not given me trouble after using it for work and at home.,positive,washing_machine,positive,washing_machine,0.9998924732208252,0.9996628761291504,True,True,standard,0,0,0,0,medium,0,0,2026-08-16T19:00:32Z,2026-08-16T19:20:05.154404+00:00
16943,"After coming back to it after a few days, I noticed that the wash drum on this machine is difficult to trust. I repeated the check before writing this.",negative,washing_machine,negative,washing_machine,0.997890293598175,0.9994342923164368,True,True,standard,0,0,0,0,medium,0,0,2026-08-16T19:00:32Z,2026-08-16T19:20:05.154404+00:00
16944,"After using it for work and at home, I noticed that the battery life on this daily driver has not changed my opinion much. the difference became clearer after a few more days. I can live with it. There is no major crap to complain about here.",neutral,smartphone,neutral,smartphone,0.9999986886978149,0.9991980195045471,True,True,standard,1,0,0,0,long,0,1,2026-08-16T19:00:32Z,2026-08-16T19:20:05.154404+00:00
16945,"From a practical reliability standpoint, i have been using this video panel when someone else in the house used it, and the picture quality has become increasingly unreliable. I would hesitate to buy it again.",negative,television,negative,television,0.9999276399612427,0.9977104663848877,True,True,technical,0,0,0,0,long,0,0,2026-08-16T19:00:32Z,2026-08-16T19:20:05.154404+00:00
16946,"tbh, the battery life is what stood out after changing a few settings; it holds up better than expected. the difference became clearer after a few days. no bullshit, this has been one of the better parts of the product. 👎",positive,smartphone,positive,smartphone,0.9999696016311646,0.9990264177322388,True,True,limited,1,1,0,1,long,0,0,2026-08-16T19:00:32Z,2026-08-16T19:20:05.154404+00:00
16947,"The picture quality is what stood out after a few weeks of mixed use; it does the job. this was different from my first impression. Honestly, the damn thing is just average.",neutral,television,neutral,television,0.9999973773956299,0.9995322227478027,True,True,advanced,1,0,0,0,medium,0,0,2026-08-16T19:00:32Z,2026-08-16T19:20:05.154404+00:00
16948,"Under ordinary operating conditions, i have been using this video panel after a few weeks of mixed use, and the built-in audio is neither impressive nor bad. this was different from my first impression.",neutral,television,neutral,television,0.9999631643295288,0.9982852339744568,True,True,technical,0,0,0,0,long,0,0,2026-08-16T19:00:32Z,2026-08-16T19:20:05.154404+00:00
16949,"Under a representative operating profile, my main impression of this television set comes from the built-in audio: it has stayed dependable when someone else in the house used it. I noticed the change only in the new situation. The damn thing surprised me in a good way.",positive,television,positive,television,0.9999532699584961,0.9993966817855835,True,True,technical,1,0,0,0,long,0,0,2026-08-16T19:00:32Z,2026-08-16T19:20:05.154404+00:00
16950,"i did not pay much to the earpiece at first, but during a heavier-than-usual day it does the job. someone else the house notiecd it too. it is adequate for now. Honestly 😂",neutral,smartphone,neutral,refrigerator,0.9999953508377075,0.4125911295413971,True,False,limited,0,1,1,0,medium,0,1,2026-08-16T19:00:32Z,2026-08-16T19:20:05.154404+00:00
16951,"I did not pay much attention to the compressor fan at first, but after taking it on a trip it has been a disappointment. I repeated the check before writing this. This shit should not be happening in normal use. 😐",negative,refrigerator,negative,refrigerator,0.9999743700027466,0.9998075366020203,True,True,standard,1,1,0,0,long,0,0,2026-08-16T19:00:32Z,2026-08-16T19:20:05.154404+00:00
16952,"Across repeated observations, fr, my main impression of this food cooler comes from the shelf layout: it is fine for what it is after taking it on a trip. I repeated the check before writing this. it is adequate for now.",neutral,refrigerator,neutral,refrigerator,0.9999964237213135,0.9997422099113464,True,True,technical,0,0,1,1,long,0,0,2026-08-16T19:00:32Z,2026-08-16T19:20:05.154404+00:00
16953,"During a heavier-than-usual day, I noticed that the rear camera on this new phone has been a disappointment. That said, the USB port is acceptable but unremarkable, so the experience is not completely one-sided.",negative,smartphone,negative,smartphone,0.9991437196731567,0.9991415739059448,True,True,standard,0,0,0,0,long,1,0,2026-08-16T19:00:32Z,2026-08-16T19:20:05.154404+00:00
16954,"Outside my normal routine, the streaming menu has been a disappointment. I tried the same thing again later and got a similar result. I am tired of this crap. pretty solid ngl.",negative,television,negative,television,0.9999476671218872,0.9994785189628601,True,True,advanced,1,0,0,1,medium,0,0,2026-08-16T19:00:32Z,2026-08-16T19:20:05.154404+00:00
16955,"After using it for work and at home, I noticed that the ice system on this cold-storage unit remains basically average. I tried the same thing again later and got a similar result.",neutral,refrigerator,neutral,refrigerator,0.9999903440475464,0.9995300769805908,True,True,advanced,0,0,0,0,medium,0,0,2026-08-16T19:00:32Z,2026-08-16T19:20:05.154404+00:00
16956,"Under a representative operating profile, the wireless connection is what stood out after using it for work and at home; it feels dependable in daily use. someone else in the house noticed it too. overall I am happy with it. 🤷",positive,television,positive,television,0.9999326467514038,0.9995911717414856,True,True,technical,0,1,0,0,long,0,0,2026-08-16T19:00:32Z,2026-08-16T19:20:05.154404+00:00
16957,"I have been useing this mobile after coming back to it after a few days, and the apps works normally.",neutral,smartphone,neutral,smartphone,0.9350840449333191,0.9988729357719421,True,True,advanced,0,0,1,0,medium,0,0,2026-08-16T19:00:32Z,2026-08-16T19:20:05.154404+00:00
16958,"I did not pay much attention to the rinse program at first, but after changing a few settings it is acceptable but unremarkable. this was diferent from my first impression. That said, the wash drum fails in normal use, so the experience is not completely one-sided. lol. 😐",neutral,washing_machine,neutral,washing_machine,0.9999686479568481,0.9998266100883484,True,True,standard,0,1,1,1,long,1,0,2026-08-16T19:00:32Z,2026-08-16T19:20:05.154404+00:00
16959,"I did not pay much attention to the built-in audio at first, but after using it for work and at home it is difficult to trust. I tried the same thing again later and got a similar result.",negative,television,negative,television,0.999961256980896,0.9991481304168701,True,True,standard,0,0,0,0,long,0,0,2026-08-16T19:00:32Z,2026-08-16T19:20:05.154404+00:00
16960,"after coming back to it after a few days, the controller has changed my opinion much. i noticed the change only in the new situation. there is not much else to say.",neutral,television,neutral,television,0.9999955892562866,0.9982929825782776,True,True,limited,0,0,0,0,medium,0,0,2026-08-16T19:00:32Z,2026-08-16T19:20:05.154404+00:00
16961,"I did not pay much attention to the wireless connection at first, but after using it for work and at home it holds up better than expected. the behavior persisted across several attempts.",positive,television,positive,television,0.9999314546585083,0.9992688298225403,True,True,advanced,0,0,0,0,medium,0,0,2026-08-16T19:00:32Z,2026-08-16T19:20:05.154404+00:00
16962,My main impression of this new washer comse from the rinse program: it works normally after a few weeks of mixed use. I tried the same thing again later and got a similar result.,neutral,washing_machine,neutral,washing_machine,0.9999772310256958,0.9994781613349915,True,True,standard,0,0,1,0,long,0,1,2026-08-16T19:00:32Z,2026-08-16T19:20:05.154404+00:00
16963,The ice system is what stood out outside my normal routine; it feels ordinary after more use. There is no major crap to complain about here.,neutral,refrigerator,neutral,refrigerator,0.9999980926513672,0.9995760321617126,True,True,standard,1,0,0,0,medium,0,0,2026-08-16T19:00:32Z,2026-08-16T19:20:05.154404+00:00
16964,"Under ordinary operating conditions, the shelf layout is what stood out after changing a few settings; it keeps acting up. the difference became clearer after a few more days. this needs to improve. I am tired of this crap.",negative,refrigerator,negative,refrigerator,0.9999852180480957,0.9996747970581055,True,True,technical,1,0,0,0,long,0,0,2026-08-16T19:00:32Z,2026-08-16T19:20:05.154404+00:00
16965,"After a few weeks of mixed use, I noticed that the spin program on this machine has become increasingly unreliable. I am considering a replacement.",negative,washing_machine,negative,washing_machine,0.9999336004257202,0.9993537068367004,True,True,advanced,0,0,0,0,medium,0,1,2026-08-16T19:00:32Z,2026-08-16T19:20:05.154404+00:00
16966,my main impression of this food cooler comes from the compressor fan: it has turned into a recurring problem during a heavier-than-usual day. someone else in the house noticed it too. this is the part that makes me regret the purchase.,negative,refrigerator,negative,refrigerator,0.9999849796295166,0.9997498393058777,True,True,informal,0,0,0,0,long,0,0,2026-08-16T19:00:32Z,2026-08-16T19:20:05.154404+00:00
16967,"honestly tho, my main imprsesion of this bedroom tv comes from the video input: it still performs consistently after coming back to it after a few days.",positive,television,positive,television,0.9999254941940308,0.9991157650947571,True,True,informal,0,0,1,1,medium,0,0,2026-08-16T19:00:32Z,2026-08-16T19:20:05.154404+00:00
16968,"honestly tho, the fill valve is what stood out outside my nomral routine; it still performs consistently.",positive,washing_machine,positive,washing_machine,0.9997624754905701,0.9985839128494263,True,True,advanced,0,0,1,1,medium,0,0,2026-08-16T19:00:32Z,2026-08-16T19:20:05.154404+00:00
16969,The touch panel is what stood out after taking it on a trip; it has turned into a recurring problem. I repeated the check before writing this. lol. 🙃,negative,smartphone,negative,washing_machine,0.999629020690918,0.746810793876648,True,False,advanced,0,1,0,1,medium,0,0,2026-08-16T19:00:32Z,2026-08-16T19:20:05.154404+00:00
16970,"outside my normal routine, i noticed that the shelf layout on this refrigeration unit has become increasingly unreliable. a second check gave me the same result. this is the part that makes me regret the purchase. the freezer compartment tells a different story because it has been a pleasant surprise.",negative,refrigerator,negative,refrigerator,0.9999082088470459,0.9997456669807434,True,True,informal,0,0,0,0,long,1,0,2026-08-16T19:00:32Z,2026-08-16T19:20:05.154404+00:00
16971,"the touch panel is what stood out after coming back to it after a few days; it has not changed my opinion much. i repeated the chcek before writing this. my opinion is still basically in the middle. honestly, the damn thing is just average.",neutral,smartphone,neutral,washing_machine,0.9999991655349731,0.4955410957336426,True,False,limited,1,0,1,0,long,0,1,2026-08-16T19:00:32Z,2026-08-16T19:20:05.154404+00:00
16972,"From a practical reliability standpoint, the rinse program is what stood out during a heavier-than-usual day; it has stayed dependable. someone else in the house noticed it too. Damn, I did not expect this part to be this solid.",positive,washing_machine,positive,washing_machine,0.9999716281890869,0.9996843338012695,True,True,technical,1,0,0,0,long,0,1,2026-08-16T19:00:32Z,2026-08-16T19:20:05.154404+00:00
16973,"I did not pay much attention to the panel lighting at frist, but after coming back to it after a few days it does the job. the behavior persisted across several attempts. It is not amazing, but it is not bullshit either.",neutral,television,neutral,television,0.9999984502792358,0.999277651309967,True,True,standard,1,0,1,0,long,0,1,2026-08-16T19:00:32Z,2026-08-16T19:20:05.154404+00:00
16974,"real talk, my main impression of this pocket device comes from the touch panel: it has turned into a recurring problem after using it for work and at home. i noticed change only in the new situation.",negative,smartphone,negative,smartphone,0.9999575614929199,0.9991949200630188,True,True,limited,0,0,0,1,long,0,0,2026-08-16T19:00:32Z,2026-08-16T19:20:05.154404+00:00
16975,"When someone else in the house used it, the cooling motor works normally. someone else in the house noticed it too. kinda wild.",neutral,refrigerator,neutral,refrigerator,0.999890923500061,0.9864732027053833,True,True,standard,0,0,0,1,medium,0,1,2026-08-16T19:00:32Z,2026-08-16T19:20:05.154404+00:00
16976,"i have been using this cell phone after changing a few settings, and the apps has not changed my opinion much. i don't feel strongly either way.",neutral,smartphone,neutral,smartphone,0.9999881982803345,0.999076247215271,True,True,informal,0,0,0,0,medium,0,0,2026-08-16T19:00:32Z,2026-08-16T19:20:05.154404+00:00
16977,"lowkey, i been using this living room display after changing a few settings, and the sports motion keeps up. i repeated the check before writing this. this needs to improve.",negative,television,negative,television,0.9994843006134033,0.9995228052139282,True,True,limited,0,0,0,1,medium,0,0,2026-08-16T19:00:32Z,2026-08-16T19:20:05.154404+00:00
16978,"outside my normal routine, the cycle controls works well even outsdie my usual routine. for my use case, is a keeper.",positive,washing_machine,positive,washing_machine,0.9999586343765259,0.9984514713287354,True,True,limited,0,0,1,0,medium,0,0,2026-08-16T19:00:32Z,2026-08-16T19:20:05.154404+00:00
16979,"I did not pay much atteniton to the battery life at first, but after a few weeks of mixed use it has become increasingly unreliable. the behavior persisted across several attempts. I am already looking at alternatives.",negative,smartphone,negative,smartphone,0.9999797344207764,0.999267041683197,True,True,standard,0,0,1,0,long,0,1,2026-08-16T19:00:32Z,2026-08-16T19:20:05.154404+00:00
16980,"after a weeks of mixed use, i noticed that the cooling motor on this refrigeration unit breaks down when conditions change. i repeated the check before writing this. 🔥",negative,refrigerator,negative,refrigerator,0.9996868371963501,0.9995760321617126,True,True,limited,0,1,0,0,medium,0,0,2026-08-16T19:00:32Z,2026-08-16T19:20:05.154404+00:00
16981,"tbh, i have been useing this cold-storage unit after coming back to it after a few days, and the door warning feels ordinary after more use.",neutral,refrigerator,neutral,refrigerator,0.991814136505127,0.9945036172866821,True,True,advanced,0,0,1,1,medium,0,0,2026-08-16T19:00:32Z,2026-08-16T19:20:05.154404+00:00
16982,"lowkey, i have been useing this pocket device after taking it on a trip, and the USB port has stayed dependable. the difference became clearer after a few more days.",positive,smartphone,positive,smartphone,0.9998409748077393,0.9991056323051453,True,True,standard,0,0,1,1,medium,0,0,2026-08-16T19:00:32Z,2026-08-16T19:20:05.154404+00:00
16983,"After changing a few settings, the panel lighting feels ordinary after more use. I noticed the change only in the new situation. I can live with it. On the other hand, the controller fails in routine use, which makes the on balance picture more mixed. There is no major crap to complain about here.",neutral,television,neutral,television,0.9999986886978149,0.9888554215431213,True,True,advanced,1,0,0,0,long,1,0,2026-08-16T19:00:32Z,2026-08-16T19:20:05.154404+00:00
16984,"my main impression of this living room display comes from the picture quality: it has become increasingly unreliable after a few weeks of mixed use. i repeated the check before writing this. i am considering a replacement. that said, the built-in audio feels dependable in daily use, so the experience is not completely one-sided. this shit should not be happening in normal use. Honestly 🔥",negative,television,negative,television,0.9999815225601196,0.9996138215065002,True,True,informal,1,1,0,0,long,1,0,2026-08-16T19:00:32Z,2026-08-16T19:20:05.154404+00:00
16985,my main impression of this daily driver comes from the rear camera: it fails in normal use after coming back to it a few days. i repeated the check before writing this. i would hesitate to buy it again.,negative,smartphone,negative,smartphone,0.9999703168869019,0.9992038607597351,True,True,limited,0,0,0,0,long,0,0,2026-08-16T19:00:32Z,2026-08-16T19:20:05.154404+00:00
16986,"after using it for work and at home, the door latch fails in normal use. i tried the same thing again later and got a similar result.",negative,washing_machine,negative,washing_machine,0.9999122619628906,0.9569583535194397,True,True,informal,0,0,0,0,medium,0,0,2026-08-16T19:00:32Z,2026-08-16T19:20:05.154404+00:00
16987,"After taking it on a trip, the streaming menu is neither impressive nor bad. The picture quality tells a different story because it holds up better than expected. The damn thing is basically fine.",neutral,television,neutral,television,0.9999964237213135,0.9995705485343933,True,True,standard,1,0,0,0,long,1,0,2026-08-16T19:00:32Z,2026-08-16T19:20:05.154404+00:00
16988,"I did not pay much attention to the wash drum at first, but after a few weeks of mixed use it has not changed my opinion much. this was different from my first impression. Honestly, the damn thing is just average.",neutral,washing_machine,neutral,washing_machine,0.9999984502792358,0.9997226595878601,True,True,advanced,1,0,0,0,long,0,0,2026-08-16T19:00:32Z,2026-08-16T19:20:05.154404+00:00
16989,"I did not pay much attention to the wash drum at first, but outside my normal routine it has not changed my opinion much. I noticed the change only in the new situation. The rinse program tells a different story becuase it works well even outside my usual routien. 😬",neutral,washing_machine,neutral,washing_machine,0.9999785423278809,0.9996627569198608,True,True,advanced,0,1,1,0,long,1,0,2026-08-16T19:00:32Z,2026-08-16T19:20:05.154404+00:00
16990,"Across repeated observations, i have been useing this video panel after using it for work and at home, and the sports motion has turned into a recurring problem. this was different from my first impression. I am already looking at alternatives.",negative,television,negative,television,0.9999697208404541,0.9994300007820129,True,True,technical,0,0,1,0,long,0,0,2026-08-16T19:00:32Z,2026-08-16T19:20:05.154404+00:00
16991,the drainage motor is what stood out during a heavier-than-usual day; it has not given me trouble. 🙂,positive,washing_machine,positive,washing_machine,0.9877945184707642,0.9586939215660095,True,True,informal,0,1,0,0,medium,0,0,2026-08-16T19:00:32Z,2026-08-16T19:20:05.154404+00:00
16992,"i have been using this new phone after a few weeks of mixed use, and the touch panel continues to work without drama. i noticed the change only in the new situation. no bullshit, this has been one of the better parts of the product. pretty solid ngl.",positive,smartphone,positive,smartphone,0.9999512434005737,0.9992274045944214,True,True,informal,1,0,0,1,long,0,0,2026-08-16T19:00:32Z,2026-08-16T19:20:05.154404+00:00
16993,"i have been using this living room after taking it on a trip, and the video input still consistently. the behavior persisted across several attempts.",positive,television,positive,television,0.999731719493866,0.9991604089736938,True,True,limited,0,0,0,0,medium,0,0,2026-08-16T19:00:32Z,2026-08-16T19:20:05.154404+00:00
16994,"not gonna lie, after using it for work and at home, the earpiece still performs consistently. I tried the same thing again later and got a similar result. I have stopped worrying about this part of the product. The damn thing surprised me in a good way.",positive,smartphone,positive,smartphone,0.9999555349349976,0.9989342093467712,True,True,advanced,1,0,0,1,long,0,0,2026-08-16T19:00:32Z,2026-08-16T19:20:05.154404+00:00
16995,"Across repeated observations, when someone else in the house used it, I noticed that the cooling motor on this food cooler has turned into a recurring problem. this was different from my first impression.",negative,refrigerator,negative,refrigerator,0.9999208450317383,0.9996076226234436,True,True,technical,0,0,0,0,long,0,0,2026-08-16T19:00:32Z,2026-08-16T19:20:05.154404+00:00
16996,"I have been using this new refrigerator after taking it on a trip, and the compressor fan does the job.",neutral,refrigerator,neutral,refrigerator,0.9825769066810608,0.9985645413398743,True,True,standard,0,0,0,0,medium,0,0,2026-08-16T19:00:32Z,2026-08-16T19:20:05.154404+00:00
16997,"fr, after a few weeks of mixed use, I noticed that the picture quailty on this television set has not changed my opinion much. I tried the same thing again later and got a similar result. Honestly 🤷",neutral,television,neutral,television,0.9999728202819824,0.9476214051246643,True,True,advanced,0,1,1,1,long,0,0,2026-08-16T19:00:32Z,2026-08-16T19:20:05.154404+00:00
16998,"i did not pay much attention to the network reception at first, but after coming back to it after a few days it continues to work without drama. the difference became clearer after a few more days. it has earned my confidence.",positive,smartphone,positive,smartphone,0.9999713897705078,0.9992154836654663,True,True,informal,0,0,0,0,long,0,0,2026-08-16T19:00:32Z,2026-08-16T19:20:05.154404+00:00
16999,The controller is what stood out after changing a few settings; it does the job. I noticed the change only in the new situation. I do not feel strongly either way. 🙃,neutral,television,neutral,television,0.9999970197677612,0.9994431138038635,True,True,standard,0,1,0,0,medium,0,0,2026-08-16T19:00:32Z,2026-08-16T19:20:05.154404+00:00
17000,the ice system is what stood out after useing it for work and at home; it keeps getting in the way. the behavior persisted across several attempts.,negative,refrigerator,negative,refrigerator,0.9985873699188232,0.9996793270111084,True,True,informal,0,0,1,0,medium,0,0,2026-08-16T19:00:32Z,2026-08-16T19:20:05.154404+00:00
17001,My main impression of this refrigeration unit comes from the freezer compartment: it is fine for what it is outside my normal routine.,neutral,refrigerator,neutral,refrigerator,0.9958113431930542,0.9996669292449951,True,True,standard,0,0,0,0,medium,0,0,2026-08-16T19:00:32Z,2026-08-16T19:20:05.154404+00:00
17002,"After taking it on a trip, the thermostat feels dependable in daily use. a second check gave me the same result.",positive,refrigerator,positive,refrigerator,0.9999096393585205,0.9449451565742493,True,True,advanced,0,0,0,0,medium,0,0,2026-08-16T19:00:32Z,2026-08-16T19:20:05.154404+00:00
17003,"not gonna lie, i have been using this cell phone after coming back to it after a few days, and the rear camera has not given me trouble. behavior persisted across several attempts. i have stopped worrying about this part of the product. damn, i did expect this part to be this solid.",positive,smartphone,positive,smartphone,0.9999737739562988,0.9992355108261108,True,True,limited,1,0,0,1,long,0,0,2026-08-16T19:00:32Z,2026-08-16T19:20:05.154404+00:00
17004,"After coming back to it after a few days, the fingerprint reader still performs consistently. Honestly 😂",positive,smartphone,positive,smartphone,0.9995940327644348,0.994856595993042,True,True,standard,0,1,0,0,medium,0,0,2026-08-16T19:00:32Z,2026-08-16T19:20:05.154404+00:00
17005,"Under ordinary operating conditions, my main impression of this kitchen fridge comes from the shelf layout: it fails in normal use after using it for work and at home.",negative,refrigerator,negative,refrigerator,0.9980533123016357,0.9997264742851257,True,True,technical,0,0,0,0,medium,0,1,2026-08-16T19:00:32Z,2026-08-16T19:20:05.154404+00:00
17006,"After repeated use under comparable conditions, my main impression of this mobile comes from the network reception: it holds up better than expected after changing a few settings. I tried the same thing again later and got a similar result. I plan to keep using it. The damn thing surprised me in a good way.",positive,smartphone,positive,smartphone,0.9999549388885498,0.9991148114204407,True,True,technical,1,0,0,0,long,0,1,2026-08-16T19:00:32Z,2026-08-16T19:20:05.154404+00:00
17007,"After repeated use under comparable conditions, my main impression of this clothes washer comes from the vibration: it does the job after coming back to it after a few days. I repeated the check before writing this.",neutral,washing_machine,neutral,washing_machine,0.9994519352912903,0.9996022582054138,True,True,technical,0,0,0,0,long,0,0,2026-08-16T19:00:32Z,2026-08-16T19:20:05.154404+00:00
17008,"imo, when someone else in the used it, i noticed that the shelf layout on this refrigeration works normally. the behavior persisted across several attempts. Honestly 👎",neutral,refrigerator,neutral,refrigerator,0.997920572757721,0.9982353448867798,True,True,limited,0,1,0,1,medium,0,0,2026-08-16T19:00:32Z,2026-08-16T19:20:05.154404+00:00
17009,"imo, i have been useing this kitchen fridge during a heavier-than-usual day, and the thermostat keeps acting up. I repeated the check before writing this. I would hesitate to buy it again.",negative,refrigerator,negative,refrigerator,0.9999573230743408,0.9997054934501648,True,True,standard,0,0,1,1,medium,0,0,2026-08-16T19:00:32Z,2026-08-16T19:20:05.154404+00:00
17010,the built-in audio is what out outside my normal routine; it continues to work without drama. this was different from my first impression. the thing surprised me in a good way.,positive,television,positive,television,0.9999523162841797,0.9993860721588135,True,True,limited,1,0,0,0,medium,0,1,2026-08-16T19:00:32Z,2026-08-16T19:20:05.154404+00:00
17011,my main impression of this kitchen fridge comes from the compressor fan: it feels dependable in daily use after using for work and at home.,positive,refrigerator,positive,refrigerator,0.9998296499252319,0.9997408986091614,True,True,limited,0,0,0,0,medium,0,0,2026-08-16T19:00:32Z,2026-08-16T19:20:05.154404+00:00
17012,"when someone else in the house used it, i noticed that the usb port on this cell phone is difficult to trust. a second check gave me the same result.",negative,smartphone,negative,smartphone,0.9997149109840393,0.9990925788879395,True,True,informal,0,0,0,0,medium,0,0,2026-08-16T19:00:32Z,2026-08-16T19:20:05.154404+00:00
17013,"Across repeated observations, after coming back to it after a few days, the drainage motor has become increasingly unreliable.",negative,washing_machine,negative,washing_machine,0.998654842376709,0.610273540019989,True,True,technical,0,0,0,0,medium,0,0,2026-08-16T19:00:32Z,2026-08-16T19:20:05.154404+00:00
17014,my main impression of this work phone comes from the battery life: it still performs consistently outside my normal routine. this was diferent from my first impression.,positive,smartphone,positive,smartphone,0.999921441078186,0.9991877675056458,True,True,informal,0,0,1,0,medium,0,1,2026-08-16T19:00:32Z,2026-08-16T19:20:05.154404+00:00
17015,The interface is what stood out after a few weeks of mixed use; it has been a disappointment.,negative,television,negative,television,0.9532139897346497,0.9943369030952454,True,True,advanced,0,0,0,0,medium,0,0,2026-08-16T19:00:32Z,2026-08-16T19:20:05.154404+00:00
17016,"I did not pay much attention to the sports motion at first, but after a few weeks of mixed use it has become increasingly unreliable. this was dfiferent from my first impression. 🤷",negative,television,negative,television,0.9998650550842285,0.9994545578956604,True,True,standard,0,1,1,0,medium,0,0,2026-08-16T19:00:32Z,2026-08-16T19:20:05.154404+00:00
17017,"real talk, my main impression of this screen unit comes from the panel lgihting: it feels after more use after taking it on a trip. i do not feel strongly either way.",neutral,television,neutral,television,0.99997878074646,0.9993496537208557,True,True,limited,0,0,1,1,medium,0,1,2026-08-16T19:00:32Z,2026-08-16T19:20:05.154404+00:00
17018,"i have been using this new phone when someone else in the house used it, and the usb port has turned into a recurring problem. i tried the same thing again later and got a similar result.",negative,smartphone,negative,smartphone,0.9999607801437378,0.9991623163223267,True,True,informal,0,0,0,0,long,0,0,2026-08-16T19:00:32Z,2026-08-16T19:20:05.154404+00:00
17019,the panel lighting is what stood out outside my normal routine; it turned into a recurring problem. i repeated the before writing this.,negative,television,negative,television,0.998892605304718,0.9432051181793213,True,True,limited,0,0,0,0,medium,0,0,2026-08-16T19:00:32Z,2026-08-16T19:20:05.154404+00:00
17020,after taking it on a the door warning feels dependable in daily use. the behavior persisted across several attempts.,positive,refrigerator,positive,refrigerator,0.999835729598999,0.9990490078926086,True,True,limited,0,0,0,0,medium,0,1,2026-08-16T19:00:32Z,2026-08-16T19:20:05.154404+00:00
17021,"Across repeated observations, my main impression of this refrigeration unit comes from the ice system: it fails in normal use outside my normal routine. the behavior persisted across several attempts. I would hesitate to buy it again. That said, the freezer compartment is fine for what it is, so the expereince is not completely one-sided.",negative,refrigerator,negative,refrigerator,0.9999665021896362,0.9997350573539734,True,True,technical,0,0,1,0,long,1,1,2026-08-16T19:00:32Z,2026-08-16T19:20:05.154404+00:00
17022,"From a practical reliability standpoint, fr, my main impression of this machine comes from the vibration: it does the job after taking it on a trip. the behavior persisted across several attempts.",neutral,washing_machine,neutral,washing_machine,0.9997057318687439,0.9995792508125305,True,True,technical,0,0,0,1,medium,0,0,2026-08-16T19:00:32Z,2026-08-16T19:20:05.154404+00:00
17023,"After repeated use under comparable conditions, tbh, the gasket is what stood out during a heavier-than-usual day; it still performs consistently. a second check gave me the same result. for my use case, this is a keeper.",positive,refrigerator,positive,refrigerator,0.9999617338180542,0.9996718168258667,True,True,technical,0,0,0,1,long,0,1,2026-08-16T19:00:32Z,2026-08-16T19:20:05.154404+00:00
17024,"the compressor fan is what stood out after a few weeks of mixed use; it still performs consistently. i repeated the check before writing this. i expected some crap here, but it has actually held up.",positive,refrigerator,positive,refrigerator,0.9999456405639648,0.9998090863227844,True,True,limited,1,0,0,0,long,0,0,2026-08-16T19:00:32Z,2026-08-16T19:20:05.154404+00:00
17025,"after coming back to it after a few days, i noticed that the gasket on this cold-storage unit breaks down when conditions change. a second check gave me the same result.",negative,refrigerator,negative,refrigerator,0.9999234676361084,0.9981963038444519,True,True,informal,0,0,0,0,medium,0,0,2026-08-16T19:00:32Z,2026-08-16T19:20:05.154404+00:00
17026,"real talk, i did not pay much attention to the sports motion at first, but after using it for work and at home it has become increasingly unreliable. i repeated the check befroe writing this. the damn thing keeps getting in the way.",negative,television,negative,television,0.9999557733535767,0.9994093179702759,True,True,informal,1,0,1,1,long,0,0,2026-08-16T19:00:32Z,2026-08-16T19:20:05.154404+00:00
17027,"After taking it on a trip, the inside lighting is neither impressive nor bad. I repeated the check before writing this. I can live with it. Honestly 🤔",neutral,refrigerator,neutral,refrigerator,0.9999823570251465,0.9957659244537354,True,True,standard,0,1,0,0,medium,0,1,2026-08-16T19:00:32Z,2026-08-16T19:20:05.154404+00:00
17028,the built-in audio is what stood out after changing a few settings; it has not changed my opinion much.,neutral,television,neutral,television,0.9963482022285461,0.9987658262252808,True,True,informal,0,0,0,0,medium,0,0,2026-08-16T19:00:32Z,2026-08-16T19:20:05.154404+00:00
17029,"honestly tho, i did not pay much attention to the battery life at first, but after coming back to it after a few days it is fine for what it is. someone else in the house noticed it too. it is not amazing, it is not bullshit either.",neutral,smartphone,neutral,smartphone,0.9999983310699463,0.9991165995597839,True,True,limited,1,0,0,1,long,0,0,2026-08-16T19:00:32Z,2026-08-16T19:20:05.154404+00:00
17030,"Under ordinary operating conditions, my main impression of this video panel comes from the pnael lighting: it keeps getting in the way after taking it on a trip. I tried the same thing again later and got a similar result.",negative,television,negative,smartphone,0.9999815225601196,0.8741955161094666,True,False,technical,0,0,1,0,long,0,0,2026-08-16T19:00:32Z,2026-08-16T19:20:05.154404+00:00
17031,"Outside my normal routine, I noticed that the ice system on this cold-storage unit is difficult to trust. a second check gave me the same result.",negative,refrigerator,negative,refrigerator,0.9993212223052979,0.9994006156921387,True,True,standard,0,0,0,0,medium,0,0,2026-08-16T19:00:32Z,2026-08-16T19:20:05.154404+00:00
17032,"I did not pay much attention to the inside lighting at first, but after a few weeks of mixed use it feels dependable in daily use. I tried the same thing again later and got a similar result. I have stopped worrying about this part of the product.",positive,refrigerator,positive,refrigerator,0.9999779462814331,0.9969831109046936,True,True,standard,0,0,0,0,long,0,0,2026-08-16T19:00:32Z,2026-08-16T19:20:05.154404+00:00
17033,"Under a representative operating profile, i have been using this pocket device when someone else in the house used it, and the battery life has stayed dependable. someone else in the house noticed it too. I plan to keep using it.",positive,smartphone,positive,smartphone,0.9999501705169678,0.9992306232452393,True,True,technical,0,0,0,0,long,0,0,2026-08-16T19:00:32Z,2026-08-16T19:20:05.154404+00:00
17034,"Across repeated observations, my main impression of this bedroom TV comes from the sports motion: it remains basically average when soemone else in the ohuse used it. I tried the same thing again later and got a similar result. I can live with it. Honestly 🙃",neutral,television,neutral,television,0.9999949932098389,0.9995415210723877,True,True,technical,0,1,1,0,long,0,1,2026-08-16T19:00:32Z,2026-08-16T19:20:05.154404+00:00
17035,"i have been using this refrigeration unit when someone else in the house used it, and the compressor fan breaks down when conditions change. i tried the same thing again later and got a similar result. this is the part that makes me regret the purchase.",negative,refrigerator,negative,refrigerator,0.9999853372573853,0.9997349381446838,True,True,limited,0,0,0,0,long,0,1,2026-08-16T19:00:32Z,2026-08-16T19:20:05.154404+00:00
17036,"I have been using this daily driver outside my normal routine, and the USB port has not changed my opinion much.",neutral,smartphone,neutral,smartphone,0.9723024964332581,0.9988856911659241,True,True,advanced,0,0,0,0,medium,0,1,2026-08-16T19:00:32Z,2026-08-16T19:20:05.154404+00:00
17037,"honestly tho, i did not pay much attention to the controller at first, but after taking it on a trip it works well even outside my usual routine. a second cehck gave me the same result.",positive,television,positive,washing_machine,0.9999344348907471,0.43588849902153015,True,False,standard,0,0,1,1,long,0,0,2026-08-16T19:00:32Z,2026-08-16T19:20:05.154404+00:00
17038,my main impression of this pocket device comes from the battery life: it has turned into a recurring problem after a few weeks of mixed use. i am already looking at alternatives.,negative,smartphone,negative,smartphone,0.999968409538269,0.9992567896842957,True,True,informal,0,0,0,0,medium,0,0,2026-08-16T19:00:32Z,2026-08-16T19:20:05.154404+00:00
17039,"Under ordinary operating conditions, i did not pay much attention to the door latch at first, but after taking it on a trip it holds up better than expected. I noticed the change only in the new situation. I plan to keep using it. Honestly 😅",positive,washing_machine,positive,washing_machine,0.9999426603317261,0.9997683167457581,True,True,technical,0,1,0,0,long,0,1,2026-08-16T19:00:32Z,2026-08-16T19:20:05.154404+00:00
17040,"i did not pay much attention to the call quality at first, but a few weeks of mixed use it is fine for what it is. someone else in the house noticed it too. there is not much else to say. it is not amazing, but it is not bullshit either.",neutral,smartphone,neutral,smartphone,0.9999986886978149,0.9991119503974915,True,True,limited,1,0,0,0,long,0,1,2026-08-16T19:00:32Z,2026-08-16T19:20:05.154404+00:00
17041,My main impression of this front-loading washer comes from the spin program: it is fine for what it is after a few weeks of mixed use. I can live with it. The drainage motor tells a different story because it has been a pleasant surprise. 🙃,neutral,washing_machine,neutral,washing_machine,0.999970555305481,0.9997186064720154,True,True,advanced,0,1,0,0,long,1,0,2026-08-16T19:00:32Z,2026-08-16T19:20:05.154404+00:00
17042,"Across repeated observations, i have been using this screen unit after coming back to it after a few days, and the built-in audio holds up better than expected. I noticed the change only in the new situation. I would buy it again.",positive,television,positive,television,0.9999374151229858,0.9994762539863586,True,True,technical,0,0,0,0,long,0,1,2026-08-16T19:00:32Z,2026-08-16T19:20:05.154404+00:00
17043,My main impression of this front-loading washer comes from the door latch: it is difficult to trust after using it for work and at home. I noticed the change only in the new situation.,negative,washing_machine,negative,washing_machine,0.9999768733978271,0.9995511174201965,True,True,standard,0,0,0,0,long,0,1,2026-08-16T19:00:32Z,2026-08-16T19:20:05.154404+00:00
17044,"Outside my normal routine, the fingerprint reader has been a disappointment. the behavior persistde across several attempts.",negative,smartphone,negative,smartphone,0.9822189807891846,0.9987598657608032,True,True,advanced,0,0,1,0,medium,0,0,2026-08-16T19:00:32Z,2026-08-16T19:20:05.154404+00:00
17045,"after changing a few the streaming menu works normally. it is not amazing, but it not bullshit either.",neutral,television,neutral,television,0.9999961853027344,0.999018669128418,True,True,limited,1,0,0,0,medium,0,1,2026-08-16T19:00:32Z,2026-08-16T19:20:05.154404+00:00
17046,my main impression of this pocket device comes from the earpiece: it has stayed dependable during a heavier-than-usual day. this was different from my first impression. i would buy it again.,positive,smartphone,positive,smartphone,0.9999366998672485,0.9991940855979919,True,True,informal,0,0,0,0,medium,0,0,2026-08-16T19:00:32Z,2026-08-16T19:20:05.154404+00:00
17047,"after coming back to it after a few days, the wireless is neither impressive nor bad. i noticed the change only in the new situation.",neutral,television,neutral,television,0.9999810457229614,0.9310012459754944,True,True,limited,0,0,1,0,medium,0,0,2026-08-16T19:00:32Z,2026-08-16T19:20:05.154404+00:00
17048,"imo, my main impression of this pocket device comes from the rear camera: it has been a pleasant surprise outside my normal routine. I noticed the change only in the new situation. I plan to keep using it. No bullshit, this has been one of the better parts of the product.",positive,smartphone,positive,smartphone,0.9999805688858032,0.9991029500961304,True,True,standard,1,0,0,1,long,0,1,2026-08-16T19:00:32Z,2026-08-16T19:20:05.154404+00:00
17049,"I have been using this TV set outside my normal routine, and the streaming menu keeps acting up. the difference became clearer after a few more days.",negative,television,negative,television,0.9993813037872314,0.9994035959243774,True,True,advanced,0,0,0,0,medium,0,0,2026-08-16T19:00:32Z,2026-08-16T19:20:05.154404+00:00
17050,My main impression of this main fridge comes from the cooling motor: it remains basically average after coming back to it after a few days. I tried the same thing again later and got a smiilar result.,neutral,refrigerator,neutral,refrigerator,0.9999921321868896,0.9996836185455322,True,True,standard,0,0,1,0,long,0,0,2026-08-16T19:00:32Z,2026-08-16T19:20:05.154404+00:00
17051,"I did not pay much attention to the call quality at first, but after using it for work and at home it feels ordinary after more use. I would neither recommend it nor warn people away.",neutral,smartphone,neutral,smartphone,0.9999934434890747,0.9991083741188049,True,True,standard,0,0,0,0,long,0,1,2026-08-16T19:00:32Z,2026-08-16T19:20:05.154404+00:00
17052,"i did not pay much attention to the spin at first, but after coming back to it after a few days it works well even outside my usual routine. the difference became clearer after a few more days. for my use case, this is a keeper. lol.",positive,washing_machine,positive,washing_machine,0.9999215602874756,0.9996868371963501,True,True,limited,0,0,0,1,long,0,0,2026-08-16T19:00:32Z,2026-08-16T19:20:05.154404+00:00
17053,the shelf layout is what stood out after it for work and at home; it works normally. the behavior persisted across several attempts.,neutral,refrigerator,neutral,refrigerator,0.9872459173202515,0.9996845722198486,True,True,limited,0,0,0,0,medium,0,0,2026-08-16T19:00:32Z,2026-08-16T19:20:05.154404+00:00
17054,"imo, i did not pay much attention to the freezer compartment at first, but during a heavier-than-usual day it feels ordinary after more use. I noticed the change only in the new situation. The cooling motor tells a different story because it has been a pleasant surprise.",neutral,refrigerator,neutral,refrigerator,0.9999465942382812,0.9997380375862122,True,True,standard,0,0,0,1,long,1,0,2026-08-16T19:00:32Z,2026-08-16T19:20:05.154404+00:00
17055,"honestly tho, i have been usign this main fridge outside my normal routine, and the freezer compartment is fine for what it there is not much else to say.",neutral,refrigerator,neutral,refrigerator,0.9999793767929077,0.9996429681777954,True,True,limited,0,0,1,1,medium,0,0,2026-08-16T19:00:32Z,2026-08-16T19:20:05.154404+00:00
17056,The USB port is what stood out after using it for work and at home; it fails in routine use. a second check gave me the same result. The damn thing keeps getting in the way.,negative,smartphone,negative,smartphone,0.9999605417251587,0.9991089701652527,True,True,advanced,1,0,0,0,long,0,0,2026-08-16T19:00:32Z,2026-08-16T19:20:05.154404+00:00
17057,"Under ordinary operating conditions, i did not pay much attention to the spin program at first, but outside my normal routine it keeps getting in the way. someone else in the house noticed it too.",negative,washing_machine,negative,washing_machine,0.9999407529830933,0.9997089505195618,True,True,technical,0,0,0,0,long,0,1,2026-08-16T19:00:32Z,2026-08-16T19:20:05.154404+00:00
17058,after using it for work and at i noticed that the wireless connection on this television set continues to work without drama. i repeated the check before writing this.,positive,television,positive,television,0.99989914894104,0.9992399215698242,True,True,limited,0,0,0,0,medium,0,0,2026-08-16T19:00:32Z,2026-08-16T19:20:05.154404+00:00
17059,"imo, after changing a few settings, the picture quality continues to work without drama. someone else in the house noticed it too. No bullshit, this has been one of the better parts of the product.",positive,television,positive,smartphone,0.9999803304672241,0.9990059733390808,True,False,advanced,1,0,0,1,long,0,0,2026-08-16T19:00:32Z,2026-08-16T19:20:05.154404+00:00
17060,"Under a representative operating profile, after using it for work and at home, I noticed that the thermostat on this food cooler is fine for what it is. kinda wild.",neutral,refrigerator,neutral,refrigerator,0.9995236396789551,0.9960447549819946,True,True,technical,0,0,0,1,medium,0,0,2026-08-16T19:00:32Z,2026-08-16T19:20:05.154404+00:00
17061,"my main impression of this pocket device comes from the apps: it does the job after a few weeks of mixed use. a second check gave me the same result. that said, the fingerprint reader still performs consistently, so the experience is not completely one-sided. Honestly 👎",neutral,smartphone,neutral,smartphone,0.9999227523803711,0.9990525841712952,True,True,limited,0,1,0,0,long,1,0,2026-08-16T19:00:32Z,2026-08-16T19:20:05.154404+00:00
17062,"Across repeated observations, i did not pay much attention to the video input at first, but after changing a few settings it has stayed dependable. the behavior persisted across several attempts. for my use case, this is a keeper. The picture quality tells a different story because it remains basically average.",positive,television,positive,television,0.9997541308403015,0.9995929598808289,True,True,technical,0,0,0,0,long,1,1,2026-08-16T19:00:32Z,2026-08-16T19:20:05.154404+00:00
17063,"I did not pay much attention to the built-in audio at first, but after using it for work and at home it breaks down when conditions change. I am considering a replacement. On the other hand, the controller feels dependable in daily use, which makes the on balance picture more mixed.",negative,television,negative,television,0.9999773502349854,0.9995052814483643,True,True,advanced,0,0,0,0,long,1,0,2026-08-16T19:00:32Z,2026-08-16T19:20:05.154404+00:00
17064,My main impression of this food cooler comes from the thermostat: it has not given me trouble during a heavier-than-usual day. the difference became clearer after a few more days.,positive,refrigerator,positive,refrigerator,0.9999110698699951,0.9995337724685669,True,True,standard,0,0,0,0,medium,0,0,2026-08-16T19:00:32Z,2026-08-16T19:20:05.154404+00:00
17065,"I did not pay much attention to the gasket at first, but after taking it on a trip it has turned into a recurring problem. a second check gave me the same result. I am considering a replacement. The shelf layout tells a different story because it works normally. for real.",negative,refrigerator,negative,refrigerator,0.9999836683273315,0.9997546076774597,True,True,standard,0,0,0,1,long,1,0,2026-08-16T19:00:32Z,2026-08-16T19:20:05.154404+00:00
17066,"i did not pay much attention to the spin program at first, but when someone else in the house used it it breaks down when conditions change. the behavior persisted across several attempts. this is the part that makes me regret the purchase.",negative,washing_machine,negative,washing_machine,0.9999828338623047,0.9997557997703552,True,True,limited,0,0,0,0,long,0,0,2026-08-16T19:00:32Z,2026-08-16T19:20:05.154404+00:00
17067,"From a practical reliability standpoint, the sports motion is what stood out after using it for work and at home; it works well even outside my usual routine. this was different from my first impression. overall I am happy with it. Damn, I did not expect this part to be this solid.",positive,television,positive,television,0.9999725818634033,0.9995214939117432,True,True,technical,1,0,0,0,long,0,1,2026-08-16T19:00:32Z,2026-08-16T19:20:05.154404+00:00
17068,"Across repeated observations, after coming back to it after a few days, the door warning remains basically average. someone else in the house noticed it too. I can live with it. not great tbh.",neutral,refrigerator,neutral,refrigerator,0.9999921321868896,0.9994783997535706,True,True,technical,0,0,0,1,long,0,1,2026-08-16T19:00:32Z,2026-08-16T19:20:05.154404+00:00
17069,"not gonna after a few weeks of mixed use, the interface has not changed my opinion much. someone else in the house noticed it too. there is not much else to say. is no major crap to complain about here.",neutral,television,neutral,washing_machine,0.9999986886978149,0.6618342995643616,True,False,limited,1,0,0,1,long,0,0,2026-08-16T19:00:32Z,2026-08-16T19:20:05.154404+00:00
17070,"After taking it on a trip, the door warning has stayed dependable. a second check gave me the same result. overall I am happy with it.",positive,refrigerator,positive,refrigerator,0.9999566078186035,0.9996812343597412,True,True,standard,0,0,0,0,medium,0,0,2026-08-16T19:00:32Z,2026-08-16T19:20:05.154404+00:00
17071,"After changing a few settings, I noticed that the ice system on this main fridge has turned into a recurring problem.",negative,refrigerator,negative,refrigerator,0.9721100926399231,0.9949872493743896,True,True,standard,0,0,0,0,medium,0,0,2026-08-16T19:00:32Z,2026-08-16T19:20:05.154404+00:00
17072,the wash drum is what stood out when someone else in the house used it; it is difficult to trust. i noticed the change only in the new situation.,negative,washing_machine,negative,washing_machine,0.9999064207077026,0.9995309114456177,True,True,limited,0,0,0,0,medium,0,0,2026-08-16T19:00:32Z,2026-08-16T19:20:05.154404+00:00
17073,"Under a representative operating profile, ngl, when someone else in the house used it, I noticed that the rear camera on this new phone fails in normal use.",negative,smartphone,negative,smartphone,0.9947269558906555,0.9981338381767273,True,True,technical,0,0,0,1,medium,0,1,2026-08-16T19:00:32Z,2026-08-16T19:20:05.154404+00:00
17074,i have been using this mobile after using it for work and at and the apps does the job. i repeated the check before writing this.,neutral,smartphone,neutral,smartphone,0.9562763571739197,0.9990293979644775,True,True,limited,0,0,0,0,medium,0,0,2026-08-16T19:00:32Z,2026-08-16T19:20:05.154404+00:00
17075,the ice system is what stood out after a few weeks of mixed use; it keeps acting up. the difference became clearer after a few more days. Honestly 👍,negative,refrigerator,negative,refrigerator,0.9998929500579834,0.9988945126533508,True,True,informal,0,1,0,0,medium,0,0,2026-08-16T19:00:32Z,2026-08-16T19:20:05.154404+00:00
17076,my main impression of this screen unit comes from the panel lighting: it works normally normal routine. i repeated the check before writing this. i do not feel strongly either way. 😂,neutral,television,neutral,television,0.9999773502349854,0.9994733929634094,True,True,limited,0,1,1,0,medium,0,0,2026-08-16T19:00:32Z,2026-08-16T19:20:05.154404+00:00
17077,the wash drum is what stood out after taking it on a trip; it has been a disappointment. i noticed the change only in the new situation. i would hesitate to buy it again.,negative,washing_machine,negative,washing_machine,0.9999046325683594,0.9996286630630493,True,True,informal,0,0,0,0,long,0,1,2026-08-16T19:00:32Z,2026-08-16T19:20:05.154404+00:00
17078,"I did not pay much attention to the freezer compartment at first, but after coming back to it after a few days it feels dependable in daily use.",positive,refrigerator,positive,refrigerator,0.9910585284233093,0.9996763467788696,True,True,standard,0,0,0,0,medium,0,0,2026-08-16T19:00:32Z,2026-08-16T19:20:05.154404+00:00
17079,"After repeated use under comparable conditions, after using it for work and at home, I noticed that the sports motion on this screen unit continues to work without drama. I expected some crap here, but it has actually held up.",positive,television,positive,television,0.999943733215332,0.9995154142379761,True,True,technical,1,0,0,0,long,0,0,2026-08-16T19:00:32Z,2026-08-16T19:20:05.154404+00:00
17080,"i did not pay much attention to the rear camera at first, but outside my normal routine it is difficult to trust. i owuld not rely on it. 🔥",negative,smartphone,negative,smartphone,0.9998553991317749,0.9991705417633057,True,True,informal,0,1,1,0,medium,0,0,2026-08-16T19:00:32Z,2026-08-16T19:20:05.154404+00:00
17081,"After a few weeks of mixed use, I noticed that the fingerprint reader on this work phone holds up better than expected. a second check gave me the same result. I would buy it again. Honestly 🙃",positive,smartphone,positive,smartphone,0.9999526739120483,0.999167799949646,True,True,advanced,0,1,0,0,long,0,0,2026-08-16T19:00:32Z,2026-08-16T19:20:05.154404+00:00
17082,my main impression of this new refrigerator comes from the shelf layout: it has stayed dependable after changing a few settings. a second check gave me the same result.,positive,refrigerator,positive,refrigerator,0.9999257326126099,0.9996514320373535,True,True,informal,0,0,0,0,medium,0,0,2026-08-16T19:00:32Z,2026-08-16T19:20:05.154404+00:00
17083,"During a heavier-than-usual day, the inside lighting has not changed my opinion much. I do not feel strongly either way.",neutral,refrigerator,neutral,refrigerator,0.9999920129776001,0.9951053857803345,True,True,advanced,0,0,0,0,medium,0,1,2026-08-16T19:00:32Z,2026-08-16T19:20:05.154404+00:00
17084,"I have been using this work phone when someone else in the house used it, and the call quality has been a disappointment. I am tired of this crap.",negative,smartphone,negative,smartphone,0.9998095631599426,0.9991294741630554,True,True,advanced,1,0,0,0,medium,0,0,2026-08-16T19:00:32Z,2026-08-16T19:20:05.154404+00:00
17085,the freezer compartment is what stood out after a few weeks mixed use; it does the job. i can live with it.,neutral,refrigerator,neutral,refrigerator,0.9999066591262817,0.9997103810310364,True,True,limited,0,0,0,0,medium,0,0,2026-08-16T19:00:32Z,2026-08-16T19:20:05.154404+00:00
17086,"outside my normal routine, i noticed that the touch panel on this pocket device has not given me trouble. it has earned my confidence.",positive,smartphone,positive,smartphone,0.9999619722366333,0.9972720742225647,True,True,informal,0,0,0,0,medium,0,0,2026-08-16T19:00:32Z,2026-08-16T19:20:05.154404+00:00
17087,"tbh, the gasket is what stood out after a few weeks of mixed use; it is fine for what it is. there is no major crap to complain about here. 👍",neutral,refrigerator,neutral,refrigerator,0.9999974966049194,0.8878417611122131,True,True,informal,1,1,0,1,medium,0,0,2026-08-16T19:00:32Z,2026-08-16T19:20:05.154404+00:00
17088,"After using it for work and at home, the interface is difficult to trust. this is the part that makes me regret the purchase.",negative,television,negative,television,0.9999003410339355,0.9975583553314209,True,True,standard,0,0,0,0,medium,0,0,2026-08-16T19:00:32Z,2026-08-16T19:20:05.154404+00:00
17089,The sports motion is what stood out outside my normal routine; it fails in normal use. this was different from my first impression. I am already looking at alternatvies.,negative,television,negative,television,0.9998214840888977,0.9993723034858704,True,True,standard,0,0,1,0,medium,0,0,2026-08-16T19:00:32Z,2026-08-16T19:20:05.154404+00:00
17090,The rinse program is what stood out after coming back to it after a few days; it is acceptable but unremarkable. I tried the same thing again later and got a similar result.,neutral,washing_machine,neutral,washing_machine,0.9999860525131226,0.9995457530021667,True,True,advanced,0,0,0,0,medium,0,0,2026-08-16T19:00:32Z,2026-08-16T19:20:05.154404+00:00
17091,"After repeated use under comparable conditions, the fingerprint reader is what stood out outside my normal routine; it does the job. this was different from my first mipression. Honestly 😂",neutral,smartphone,neutral,smartphone,0.9971876740455627,0.9990962743759155,True,True,technical,0,1,1,0,medium,0,0,2026-08-16T19:00:32Z,2026-08-16T19:20:05.154404+00:00
17092,"the fingerprint reader is what stood outside my normal routine; it has stayed dependable. this was different from my first impression. damn, i did not expcet this to be this solid. Honestly 😐",positive,smartphone,positive,smartphone,0.9999512434005737,0.9992133378982544,True,True,limited,1,1,1,0,medium,0,0,2026-08-16T19:00:32Z,2026-08-16T19:20:05.154404+00:00
17093,my main impression of this new refrigerator comes from the cooling motor: it works normally outside my normal routine. this was different from my first impression. 🤷,neutral,refrigerator,neutral,refrigerator,0.9963285326957703,0.9996745586395264,True,True,informal,0,1,0,0,medium,0,0,2026-08-16T19:00:32Z,2026-08-16T19:20:05.154404+00:00
17094,"after taking it on a trip, the door altch fails in normal use. a second check gave me the same result. i would hesitate to buy it again. Honestly 👎",negative,washing_machine,negative,refrigerator,0.999957799911499,0.9984647035598755,True,False,limited,0,1,1,0,medium,0,0,2026-08-16T19:00:32Z,2026-08-16T19:20:05.154404+00:00
17095,"After a few weeks of mixed use, the picture quality has been a disappointment. the behavior persisted across several attempts. I would not rely on it. This is damn annoying.",negative,television,negative,television,0.9999750852584839,0.9994841814041138,True,True,standard,1,0,0,0,medium,0,0,2026-08-16T19:00:32Z,2026-08-16T19:20:05.154404+00:00
17096,"outside my normal routine, i noticed that the wash drum on this washer is acceptable but unremarkable. the difference became clearer after a few more days. there is not much else to say.",neutral,washing_machine,neutral,washing_machine,0.9999960660934448,0.9995449185371399,True,True,limited,0,0,0,0,medium,0,0,2026-08-16T19:00:32Z,2026-08-16T19:20:05.154404+00:00
17097,"ngl, i have been using this pocket device after taking it on a trip, and the call quality is difficult to trust.",negative,smartphone,negative,smartphone,0.9739919304847717,0.9990719556808472,True,True,informal,0,0,0,1,medium,0,1,2026-08-16T19:00:32Z,2026-08-16T19:20:05.154404+00:00
17098,my main impression of this tv set comes from the built-in audio: it keeps acting up after taking it on a trip. i noticed the change only in the new situation. Honestly 😐,negative,television,negative,television,0.9999740123748779,0.9995346069335938,True,True,informal,0,1,0,0,medium,0,0,2026-08-16T19:00:32Z,2026-08-16T19:20:05.154404+00:00
17099,"Under ordinary operating conditions, i have been using this refrigeration unit outside my normal routine, and the shelf layout continues to work without drama. this was different from my first impression. I have stopped worrying about this part of the product. Damn, I did not expect this part to be this solid.",positive,refrigerator,positive,refrigerator,0.9999728202819824,0.9996820688247681,True,True,technical,1,0,0,0,long,0,0,2026-08-16T19:00:32Z,2026-08-16T19:20:05.154404+00:00
17100,"Under a representative operating profile, after taking it on a trip, I noticed that the fill valve on this new washer has become increasingly unreliable. I repeated the check before writing this. 😅",negative,washing_machine,negative,washing_machine,0.999723494052887,0.9996365308761597,True,True,technical,0,1,0,0,medium,0,0,2026-08-16T19:00:32Z,2026-08-16T19:20:05.154404+00:00
17101,"When someone else in the house used it, the picture quality holds up better than expected. I expected some crap here, but it has actually held up.",positive,television,positive,television,0.9999420642852783,0.7866692543029785,True,True,advanced,1,0,0,0,medium,0,0,2026-08-16T19:00:32Z,2026-08-16T19:20:05.154404+00:00
17102,"After repeated use under comparable conditions, during a heavier-than-usual day, I noticed that the sports motion on this screen unit has become nicreasingly unreliable. this was different from my first impression. I would not rely on it. Honestly 😬",negative,television,negative,television,0.9999665021896362,0.99943608045578,True,True,technical,0,1,1,0,long,0,0,2026-08-16T19:00:32Z,2026-08-16T19:20:05.154404+00:00
17103,"After using it for work and at home, the drainage motor continues to work without drama. a second check gave me the same result. I have stopped worrying about this part of the product. The cycle controls tells a different story because it fails in normal use.",positive,washing_machine,positive,smartphone,0.9999129772186279,0.8899914026260376,True,False,standard,0,0,0,0,long,1,0,2026-08-16T19:00:32Z,2026-08-16T19:20:05.154404+00:00
17104,"honestly tho, i did not pay much attention to the vibration at first, but after coming back to it after a few days it remains basically average. I repeated the check before writing this.",neutral,washing_machine,neutral,washing_machine,0.9999790191650391,0.9988497495651245,True,True,advanced,0,0,0,1,long,0,0,2026-08-16T19:00:32Z,2026-08-16T19:20:05.154404+00:00
17105,"after using it for and at home, i that the battery life on this daily driver has become increasingly unreliable.",negative,smartphone,negative,smartphone,0.9946724772453308,0.9991138577461243,True,True,limited,0,0,0,0,medium,0,0,2026-08-16T19:00:32Z,2026-08-16T19:20:05.154404+00:00
17106,My main impression of this new refrigerator comes from the compressor fan: it is neither impressive nor bad when someone else in the house used it. I noticed the change only in the new situation. there is not much else to say. 😬,neutral,refrigerator,neutral,refrigerator,0.9999953508377075,0.9996577501296997,True,True,advanced,0,1,0,0,long,0,1,2026-08-16T19:00:32Z,2026-08-16T19:20:05.154404+00:00
17107,"I did not pay much attention to the cooling motor at first, but after changing a few settings it feels depednable in daily use. the difference became clearer after a few more days. I have stopped worrying about this part of the product.",positive,refrigerator,neutral,refrigerator,0.9627846479415894,0.9993784427642822,False,True,advanced,0,0,1,0,long,0,0,2026-08-16T19:00:32Z,2026-08-16T19:20:05.154404+00:00
17108,"not gonna lie, the spin program is what stood out after coming back to it after a few days; it has not changed my opinion much. the difference became clearer after a few more days.",neutral,washing_machine,neutral,washing_machine,0.9999828338623047,0.9995840191841125,True,True,standard,0,0,0,1,long,0,0,2026-08-16T19:00:32Z,2026-08-16T19:20:05.154404+00:00
17109,"after changing a few settings, the gasket has been a pleasant surprise. a second check gave me the same result. i would buy it again. no bullshit, this has been one of the better parts of the product.",positive,refrigerator,positive,refrigerator,0.9999804496765137,0.9990630745887756,True,True,informal,1,0,0,0,long,0,1,2026-08-16T19:00:32Z,2026-08-16T19:20:05.154404+00:00
17110,"i have been using this new washer after changing a few settings, and the drainage motor has not changed my opinion much. someone else in house noticed it too. my opinion is still basically in the middle.",neutral,washing_machine,neutral,washing_machine,0.9999969005584717,0.9995138645172119,True,True,limited,0,0,0,0,long,0,0,2026-08-16T19:00:32Z,2026-08-16T19:20:05.154404+00:00
17111,"real talk, after taking it on a trip, the door latch is for what it is. someone else in the house noticed it too. i can live with it. the damn thing is basically fine.",neutral,washing_machine,neutral,washing_machine,0.9999963045120239,0.9996905326843262,True,True,limited,1,0,0,1,long,0,0,2026-08-16T19:00:32Z,2026-08-16T19:20:05.154404+00:00
17112,"Under a representative operating profile, during a heavier-than-usual day, the picture quality keeps acting up. a second check gave me the same result. this is the part that makes me regret the purchase.",negative,television,negative,smartphone,0.9999774694442749,0.976973831653595,True,False,technical,0,0,0,0,medium,0,1,2026-08-16T19:00:32Z,2026-08-16T19:20:05.154404+00:00
17113,"Under ordinary operating conditions, i have been using this front-loading washer after coming back to it after a few days, and the wash drum is fine for what it is. the behavior persisted across several attempts. it is adequate for now.",neutral,washing_machine,neutral,washing_machine,0.999997615814209,0.999724805355072,True,True,technical,0,0,0,0,long,0,0,2026-08-16T19:00:32Z,2026-08-16T19:20:05.154404+00:00
17114,"when someone else in the house used it, the fingerprint does the job. i tried the same thing again later and got a similar result.",neutral,smartphone,neutral,smartphone,0.9999657869338989,0.9964448809623718,True,True,limited,0,0,0,0,medium,0,1,2026-08-16T19:00:32Z,2026-08-16T19:20:05.154404+00:00
17115,"During a heavier-than-usual day, the cooling motor does the job. I repeated the check before writing this. pretty solid ngl. 💀",neutral,refrigerator,neutral,refrigerator,0.9998705387115479,0.9993933439254761,True,True,standard,0,1,0,1,medium,0,0,2026-08-16T19:00:32Z,2026-08-16T19:20:05.154404+00:00
17116,"I did not pay much attention to the door latch at first, but after a few weeks of mixed use it does the job. I repeated the check before writing this. There is no major crap to complain about here. Honestly 😅",neutral,washing_machine,neutral,washing_machine,0.9999963045120239,0.9997923970222473,True,True,standard,1,1,0,0,long,0,1,2026-08-16T19:00:32Z,2026-08-16T19:20:05.154404+00:00
17117,My main impression of this laundry unit comes from the door latch: it feels dependable in daily use outside my normal routine. a second check gave me the same result. on balance I am happy with it.,positive,washing_machine,positive,washing_machine,0.9999607801437378,0.9997193217277527,True,True,advanced,0,0,0,0,long,0,0,2026-08-16T19:00:32Z,2026-08-16T19:20:05.154404+00:00
17118,"After a few weeks of mixed use, I noticed that the network reception on this pocket device is difficult to trust. I noticed the change only in the new situation.",negative,smartphone,negative,smartphone,0.9998070597648621,0.999138355255127,True,True,advanced,0,0,0,0,medium,0,0,2026-08-16T19:00:32Z,2026-08-16T19:20:05.154404+00:00
17119,"From a practical reliability standpoint, my main impression of this video panel comes from the wireless connection: it continues to work without drama when someone else in the house used it. it has earned my confidence.",positive,television,positive,television,0.9999712705612183,0.9995369911193848,True,True,technical,0,0,0,0,long,0,0,2026-08-16T19:00:32Z,2026-08-16T19:20:05.154404+00:00
17120,"I did not pay much attention to the gasket at first, but during a heavier-than-usual day it is difficult to trust. someone else in the house noticed it too. That said, the freezer compartment has not given me trouble, so the experience is not copmletely one-sided. I am tried of this crap.",negative,refrigerator,negative,refrigerator,0.9999816417694092,0.9997290968894958,True,True,advanced,1,0,1,0,long,1,0,2026-08-16T19:00:32Z,2026-08-16T19:20:05.154404+00:00
17121,my main impression of this laundry unit comes from the rinse program: it has turned into a recurring problem after changing a few settings. this is damn annoying.,negative,washing_machine,negative,washing_machine,0.9999443292617798,0.9996424913406372,True,True,informal,1,0,0,0,medium,0,0,2026-08-16T19:00:32Z,2026-08-16T19:20:05.154404+00:00
17122,my main impression of this mobile comes from the rear camera: it has turned into a recurring problem after coming back to it after a few days. the difference became clearer after a few more days. this needs to this is damn annoying.,negative,smartphone,negative,smartphone,0.9999874830245972,0.9992024302482605,True,True,limited,1,0,0,0,long,0,0,2026-08-16T19:00:32Z,2026-08-16T19:20:05.154404+00:00
17123,The gasket is what stood out after taking it on a trip; it is acceptable but unremarkable. someone else in the house noticed it too. There is no major crap to complain about here.,neutral,refrigerator,neutral,refrigerator,0.9999985694885254,0.9996832609176636,True,True,standard,1,0,0,0,long,0,0,2026-08-16T19:00:32Z,2026-08-16T19:20:05.154404+00:00
17124,"When someone else in the house used it, I noticed that the spin program on this machine keesp acting up. the difference became clearer after a few more days. I would not rely on it. pretty solid ngl.",negative,washing_machine,negative,washing_machine,0.9999628067016602,0.9996945858001709,True,True,standard,0,0,1,1,long,0,0,2026-08-16T19:00:32Z,2026-08-16T19:20:05.154404+00:00
17125,"After repeated use under comparable conditions, after a few weeks of mixed use, the network reception works well even outside my usual routine. I noticed the chagne only in the new situation. The damn thing surprised me in a good way.",positive,smartphone,positive,smartphone,0.9999531507492065,0.9990190267562866,True,True,technical,1,0,1,0,long,0,0,2026-08-16T19:00:32Z,2026-08-16T19:20:05.154404+00:00
17126,"i did not pay much attention to the network reception at first, but after a few weeks of mixed use it feels ordinary after more use. i tried the same thing again later and got a similar result. i can live with it. the battery life tells a different story because it well even outside my usual routine. it is not amazing, but it is not bullshit either.",neutral,smartphone,neutral,smartphone,0.9999984502792358,0.9991262555122375,True,True,limited,1,0,0,0,long,1,0,2026-08-16T19:00:32Z,2026-08-16T19:20:05.154404+00:00
17127,"When someone else in the house used it, I noticed that the drainage motor on this machine does the job. The soap tray tells a different story because it still performs consistently. idk.",neutral,washing_machine,neutral,washing_machine,0.9978466033935547,0.9997372031211853,True,True,advanced,0,0,0,1,medium,1,0,2026-08-16T19:00:32Z,2026-08-16T19:20:05.154404+00:00
17128,"tbh, after using it for work and at home, the rinse program works well even outside my usual routine. i tried the same thing again later and got a similar result. it has earned my confidence. i expected some crap here, but it has actually held up.",positive,washing_machine,positive,washing_machine,0.999947190284729,0.9997636675834656,True,True,informal,1,0,0,1,long,0,0,2026-08-16T19:00:32Z,2026-08-16T19:20:05.154404+00:00
17129,"outside my normal routine, the shelf layout breaks down when conditions change. i repeated the check before writing this. i am already looking at alternatives. the damn thing keeps getting in the way. lol.",negative,refrigerator,negative,refrigerator,0.9999736547470093,0.9997480511665344,True,True,informal,1,0,0,1,long,0,0,2026-08-16T19:00:32Z,2026-08-16T19:20:05.154404+00:00
17130,"From a practical reliability standpoint, after taking it on a trip, I noticed that the picture quality on this bedroom TV has not changed my opinion much.",neutral,television,neutral,television,0.9743154048919678,0.81015545129776,True,True,technical,0,0,0,0,medium,0,0,2026-08-16T19:00:32Z,2026-08-16T19:20:05.154404+00:00
17131,"i did not pay much attention to the fill valve at first, but after using it for work at home it is difficult to trust. the behavior persisted across several attempts. this needs to improve.",negative,washing_machine,negative,washing_machine,0.9999352693557739,0.9996159076690674,True,True,limited,0,0,0,0,long,0,0,2026-08-16T19:00:32Z,2026-08-16T19:20:05.154404+00:00
17132,"i did not pay much attention to the wireless connection at first, but outside my normal routine it has been a pleasant surprise. for my use case, this is a keeper.",positive,television,positive,television,0.9999507665634155,0.9989908337593079,True,True,informal,0,0,0,0,medium,0,0,2026-08-16T19:00:32Z,2026-08-16T19:20:05.154404+00:00
17133,the compressor fan is what stood out during a heavier-than-usual day; it has turned into a recurring problem. a second check gave me the same result.,negative,refrigerator,negative,refrigerator,0.9999159574508667,0.9997161030769348,True,True,informal,0,0,0,0,medium,0,0,2026-08-16T19:00:32Z,2026-08-16T19:20:05.154404+00:00
17134,"I have been using this living room dispaly after coming back to it after a few days, and the controller holds up better than expected.",positive,television,positive,television,0.995760977268219,0.9992659687995911,True,True,standard,0,0,1,0,medium,0,0,2026-08-16T19:00:32Z,2026-08-16T19:20:05.154404+00:00
17135,The streaming menu is what stood out after coming back to it after a few days; it still performs consistently. I noticed the change only in the new situation. I have stopped worrying about this part of the product.,positive,television,positive,television,0.9999781847000122,0.9992190599441528,True,True,advanced,0,0,0,0,long,0,0,2026-08-16T19:00:32Z,2026-08-16T19:20:05.154404+00:00
17136,"i did not pay much attention to the door latch at first, but during a heavier-than-usual day it has stayed dependable. the difference bceame clearer after a few more days. no bullshit, this has been one of the better parts of the product.",positive,washing_machine,positive,washing_machine,0.999980092048645,0.9994063377380371,True,True,informal,1,0,1,0,long,0,0,2026-08-16T19:00:32Z,2026-08-16T19:20:05.154404+00:00
17137,"when someone else in the house used it, i noticed the spin program on this laundry unit has been a disapponitment. i am considering a replacement. for real.",negative,washing_machine,negative,washing_machine,0.9995121955871582,0.9995492100715637,True,True,limited,0,0,1,1,medium,0,0,2026-08-16T19:00:32Z,2026-08-16T19:20:05.154404+00:00
17138,"i did not pay much attention to the door latch at first, but after changing a few settings it has become increasingly unreliable. i would not rely on it.",negative,washing_machine,negative,washing_machine,0.9999432563781738,0.9996474981307983,True,True,informal,0,0,0,0,medium,0,0,2026-08-16T19:00:32Z,2026-08-16T19:20:05.154404+00:00
17139,My main impression of this food cooler comes from the cooling motor: it has not changed my opinion much when someone else in the house used it.,neutral,refrigerator,neutral,refrigerator,0.9998313188552856,0.9997201561927795,True,True,advanced,0,0,0,0,medium,0,0,2026-08-16T19:00:32Z,2026-08-16T19:20:05.154404+00:00
17140,"after changing a few settings, i noticed that the drainage motor on this clothes washer feels after more use. Honestly 😬",neutral,washing_machine,neutral,washing_machine,0.9557193517684937,0.9922389984130859,True,True,limited,0,1,0,0,medium,0,0,2026-08-16T19:00:32Z,2026-08-16T19:20:05.154404+00:00
17141,"Under a representative operating profile, after a few weeks of mixed use, I noticed that the soap tray on this front-loading washer holds up better than expected. the difference became clearer after a few more days. No bullshit, this has been one of the better parts of the product.",positive,washing_machine,positive,washing_machine,0.9999803304672241,0.9993999004364014,True,True,technical,1,0,0,0,long,0,0,2026-08-16T19:00:32Z,2026-08-16T19:20:05.154404+00:00
17142,"i did not pay much attention to the touch panel at first, but after coming back to it after a few days it is neither impressive nor bad. a second check gave me the same result. on the other hand, the battery life fails in normal use, which makes the overall picture more mixed. honestly, the damn thing is just average.",neutral,smartphone,neutral,smartphone,0.9999990463256836,0.9990658164024353,True,True,informal,1,0,0,0,long,1,0,2026-08-16T19:00:32Z,2026-08-16T19:20:05.154404+00:00
17143,"I did not pay much attention to the thermostat at first, but during a heavier-than-usual day it holds up better than expected. a second check gave me the same result. I would buy it again. No bullshit, this has been one of the better parts of the product. 😂",positive,refrigerator,positive,refrigerator,0.9999635219573975,0.9996751546859741,True,True,advanced,1,1,0,0,long,0,1,2026-08-16T19:00:32Z,2026-08-16T19:20:05.154404+00:00
17144,"My main impression of this video panel comes from the sports motion: it feels ordinary after more use when someone else in the house used it. It is not amazing, but it is not bullshit either. 👍",neutral,television,neutral,television,0.9999961853027344,0.9995831847190857,True,True,advanced,1,1,0,0,long,0,0,2026-08-16T19:00:32Z,2026-08-16T19:20:05.154404+00:00
17145,"Under ordinary operating conditions, the drainage motor is what stood out outside my normal routine; it still performs consistently.",positive,washing_machine,positive,washing_machine,0.9996612071990967,0.9950851798057556,True,True,technical,0,0,0,0,medium,0,0,2026-08-16T19:00:32Z,2026-08-16T19:20:05.154404+00:00
17146,"After a few weeks of mixed use, I noticed that the shelf layout on this new refrigerator keeps acting up. I tried the same thing again later and got a similar result. This shit should not be happening in routine use.",negative,refrigerator,negative,refrigerator,0.9999853372573853,0.9996578693389893,True,True,advanced,1,0,0,0,long,0,0,2026-08-16T19:00:32Z,2026-08-16T19:20:05.154404+00:00
17147,"After a few weeks of mixed use, the door latch fails in normal use. this is the part that makes me regret the purchase.",negative,washing_machine,negative,washing_machine,0.9999258518218994,0.9993115663528442,True,True,standard,0,0,0,0,medium,0,0,2026-08-16T19:00:32Z,2026-08-16T19:20:05.154404+00:00
17148,"i did not pay much attention to the controller at first, but after a few weeks of mixed use it has stayed dependable. i repeated the check before this. it has earned my confiednce. Honestly 👍",positive,television,positive,television,0.9999403953552246,0.998455286026001,True,True,limited,0,1,1,0,long,0,0,2026-08-16T19:00:32Z,2026-08-16T19:20:05.154404+00:00
17149,"When someone else in the house used it, I noticed that the apps on this new phone has stayed dependable. I noticed the change only in the new situation. The damn thing surprised me in a good way.",positive,smartphone,positive,smartphone,0.9999517202377319,0.9989427924156189,True,True,standard,1,0,0,0,long,0,0,2026-08-16T19:00:32Z,2026-08-16T19:20:05.154404+00:00
17150,"I did not pay much attention to the interface at first, but outside my normal routine it remains basically average.",neutral,television,neutral,television,0.9994220733642578,0.7511175274848938,True,True,advanced,0,0,0,0,medium,0,0,2026-08-16T19:00:32Z,2026-08-16T19:20:05.154404+00:00
17151,"after using it for work and at home, i noticed that the controller on this video panel still performs consistently. damn, i did not expect this part to be this solid. Honestly 😬",positive,television,positive,television,0.999948263168335,0.9991766810417175,True,True,informal,1,1,0,0,medium,0,0,2026-08-16T19:00:32Z,2026-08-16T19:20:05.154404+00:00
17152,"fr, i did not pay much attention to the ice system at first, but during a heavier-than-usual day it has turned into a recurring problem. a second check gave me the same result. This shit should not be happening in normal use.",negative,refrigerator,negative,refrigerator,0.9999828338623047,0.999708354473114,True,True,standard,1,0,0,1,long,0,1,2026-08-16T19:00:32Z,2026-08-16T19:20:05.154404+00:00
17153,"I have been using this new washer after taking it on a trip, and the rinse program has not changed my opinion much. someone else in the house noticed it too. I would neither recommend it nor warn people away. 👍",neutral,washing_machine,neutral,washing_machine,0.9999963045120239,0.9997615218162537,True,True,advanced,0,1,0,0,long,0,0,2026-08-16T19:00:32Z,2026-08-16T19:20:05.154404+00:00
17154,"after changing a few settings, noticed that the battery life on this cell phone has stayed dependable. someone else in the house noticed it too. it has earned my confidence.",positive,smartphone,positive,smartphone,0.9999701976776123,0.9992110729217529,True,True,limited,0,0,0,0,medium,0,0,2026-08-16T19:00:32Z,2026-08-16T19:20:05.154404+00:00
17155,"after coming back to it after a few days, the soap tray is fine for what it is. someone in the house noticed it too. there is not much else to say. 🤔",neutral,washing_machine,neutral,washing_machine,0.9999943971633911,0.9992040991783142,True,True,limited,0,1,0,0,medium,0,0,2026-08-16T19:00:32Z,2026-08-16T19:20:05.154404+00:00
17156,"Under ordinary operating conditions, i have been using this living room display outside my normal routine, and the built-in audio is difficult to trust. I repeated the check before writing this. This is damn annoying.",negative,television,negative,television,0.999915361404419,0.9995361566543579,True,True,technical,1,0,0,0,long,0,0,2026-08-16T19:00:32Z,2026-08-16T19:20:05.154404+00:00
17157,"fr, outside my normal routine, I noticed that the soap tray on this machine is neither impressive nor bad. the behavior persisted across several attempts. Honestly 😐",neutral,washing_machine,neutral,washing_machine,0.9999470710754395,0.9997283816337585,True,True,standard,0,1,0,1,medium,0,0,2026-08-16T19:00:32Z,2026-08-16T19:20:05.154404+00:00
17158,"After coming back to it after a few days, the fill valve has been a disappointment. someone else in the house noticed it too. I am already looking at alternatives. 😅",negative,washing_machine,negative,washing_machine,0.9999439716339111,0.9970097541809082,True,True,standard,0,1,0,0,medium,0,0,2026-08-16T19:00:32Z,2026-08-16T19:20:05.154404+00:00
17159,"i have been using this cell phone after a few weeks of mixed use, and the network reception has not given me trouble. i the check before writing this.",positive,smartphone,positive,smartphone,0.9998021721839905,0.9991118311882019,True,True,limited,0,0,0,0,medium,0,0,2026-08-16T19:00:32Z,2026-08-16T19:20:05.154404+00:00
17160,"after a few weeks of mixed use, i noticed that the rinse program on this front-loading washer is what it is. the difference became clearer after a few more days.",neutral,washing_machine,negative,washing_machine,0.9432168006896973,0.9995284080505371,False,True,limited,0,0,0,0,medium,0,0,2026-08-16T19:00:32Z,2026-08-16T19:20:05.154404+00:00
17161,My main impression of this kitchen fridge comes from the freezer compartment: it is neither impressive nor bad during a heavier-than-usual day. for real.,neutral,refrigerator,neutral,refrigerator,0.9999339580535889,0.9997432827949524,True,True,advanced,0,0,0,1,medium,0,0,2026-08-16T19:00:32Z,2026-08-16T19:20:05.154404+00:00
17162,My main impression of this cell phone comes from the apps: it has stayed dependable outside my normal routine. Honestly 🤷,positive,smartphone,positive,smartphone,0.9997100234031677,0.9990334510803223,True,True,standard,0,1,0,0,medium,0,0,2026-08-16T19:00:32Z,2026-08-16T19:20:05.154404+00:00
17163,"after takign it on a trip, i noticed that the network reception on this cell phone works normally. someone else in the house noticed it too. 🤔",neutral,smartphone,neutral,smartphone,0.9987474679946899,0.9991256594657898,True,True,informal,0,1,1,0,medium,0,0,2026-08-16T19:00:32Z,2026-08-16T19:20:05.154404+00:00
17164,"I did not pay much attention to the picture quality at first, but during a heavier-than-usual day it has become increasingly unreliable. I repeated the check before writing this. Honestly 🤷",negative,television,negative,television,0.9999446868896484,0.9988922476768494,True,True,standard,0,1,0,0,medium,0,0,2026-08-16T19:00:32Z,2026-08-16T19:20:05.154404+00:00
17165,"After taking it on a trip, the network reception continues to work without drama. Honestly 👎",positive,smartphone,positive,smartphone,0.9997121691703796,0.9971079230308533,True,True,advanced,0,1,0,0,medium,0,0,2026-08-16T19:00:32Z,2026-08-16T19:20:05.154404+00:00
17166,"after taking it on a trip, the sports motion works normally. i noticed the change only in the new situation.",neutral,television,neutral,television,0.999495267868042,0.927870512008667,True,True,informal,0,0,0,0,medium,0,0,2026-08-16T19:00:32Z,2026-08-16T19:20:05.154404+00:00
17167,the soap tray is what stood after taking it on a trip; it remains basically average. i repeated the check before writing this. the damn thing is basically fine.,neutral,washing_machine,neutral,washing_machine,0.9999980926513672,0.9996229410171509,True,True,limited,1,0,0,0,medium,0,0,2026-08-16T19:00:32Z,2026-08-16T19:20:05.154404+00:00
17168,the door warning is what stood out after using it for work and at home; it has not given me trouble. i repeated check before writing this. the damn thing surprised me in a good way. 😐,positive,refrigerator,positive,refrigerator,0.9999573230743408,0.9997947812080383,True,True,limited,1,1,0,0,long,0,0,2026-08-16T19:00:32Z,2026-08-16T19:20:05.154404+00:00
17169,"i have been using this pocket device when someone else in the house used it, and the call quality is fine for what it is. i noticed the change only in the new situation. for real.",neutral,smartphone,neutral,smartphone,0.9999743700027466,0.9992265701293945,True,True,limited,0,0,0,1,long,0,0,2026-08-16T19:00:32Z,2026-08-16T19:20:05.154404+00:00
17170,"my main mipression of this tv set comes from the built-in auido: it is neither impressive nor bad after back to it after a days. that said, the sports motion has been a pleasant surprise, so the experience is not completely one-sided.",neutral,television,neutral,television,0.9997363686561584,0.9994888305664062,True,True,limited,0,0,1,0,long,1,0,2026-08-16T19:00:32Z,2026-08-16T19:20:05.154404+00:00
17171,"After repeated use under comparable conditions, the video input is what stood out outside my normal routine; it continues to work without drama.",positive,television,positive,television,0.999367892742157,0.997785210609436,True,True,technical,0,0,0,0,medium,0,0,2026-08-16T19:00:32Z,2026-08-16T19:20:05.154404+00:00
17172,My main impression of this wash unit comes from the soap tray: it has become increasingly unreliable during a heavier-than-usual day. I repeated the check before writing this. this is the part that makes me regret the purchase.,negative,washing_machine,negative,washing_machine,0.9999833106994629,0.9997552037239075,True,True,standard,0,0,0,0,long,0,1,2026-08-16T19:00:32Z,2026-08-16T19:20:05.154404+00:00
17173,"After using it for work and at home, I noticed that the wash drum on this wash unit is neither imprsesive nor bad.",neutral,washing_machine,neutral,washing_machine,0.9955230951309204,0.9982706308364868,True,True,advanced,0,0,1,0,medium,0,0,2026-08-16T19:00:32Z,2026-08-16T19:20:05.154404+00:00
17174,"after useing it for work and at home, i noticed that the touch panel on this mobile fails in normal use. this needs to improve. this shit should not be happening in normal use.",negative,smartphone,negative,smartphone,0.9999717473983765,0.9986861348152161,True,True,informal,1,0,1,0,long,0,0,2026-08-16T19:00:32Z,2026-08-16T19:20:05.154404+00:00
17175,"Under ordinary operating conditions, i have been using this work phone outside my normal routine, and the battery life keeps acting up.",negative,smartphone,negative,smartphone,0.9828632473945618,0.9990506768226624,True,True,technical,0,0,0,0,medium,0,0,2026-08-16T19:00:32Z,2026-08-16T19:20:05.154404+00:00
17176,"My main impression of this TV set comes from the panle lighting: it holds up better than expected outside my normal routine. it has earned my confidence. That said, the video input is acceptable but unremarkable, so the experience is not completely one-sided.",positive,television,positive,television,0.9998533725738525,0.9994920492172241,True,True,advanced,0,0,1,0,long,1,0,2026-08-16T19:00:32Z,2026-08-16T19:20:05.154404+00:00
17177,"My main impression of this video panel comes from the controller: it still performs consistently after a few weeks of mixed use. the difference became clearer after a few more days. I would buy it again. No bullshit, this has been one of the better parts of the product. Honestly 😂",positive,television,positive,television,0.9999572038650513,0.9994547963142395,True,True,standard,1,1,0,0,long,0,0,2026-08-16T19:00:32Z,2026-08-16T19:20:05.154404+00:00
17178,"Under ordinary operating conditions, the rear camera is what stood out during a heavier-than-usual day; it works well even outside my usual routine. I tried the same thing again later and got a similar result. for my use case, this is a keeper.",positive,smartphone,positive,smartphone,0.999961256980896,0.9992843270301819,True,True,technical,0,0,0,0,long,0,0,2026-08-16T19:00:32Z,2026-08-16T19:20:05.154404+00:00
17179,"after taking it on a trip, the freezer compartment remains basically average. the difference became clearer after a few more days. i don't feel strongly either way. the damn thing is basically fine.",neutral,refrigerator,neutral,refrigerator,0.999998927116394,0.9996963739395142,True,True,informal,1,0,0,0,medium,0,1,2026-08-16T19:00:32Z,2026-08-16T19:20:05.154404+00:00
17180,"honestly tho, i have been using this screen unit outside my normal routine, and the built-in audio has stayed dependable. I would buy it again. 🔥",positive,television,positive,television,0.9995378255844116,0.9994524121284485,True,True,standard,0,1,0,1,medium,0,1,2026-08-16T19:00:32Z,2026-08-16T19:20:05.154404+00:00
17181,"i have been using this refrigeration unit after useing it for work and at home, and the layout feels ordinary after more use. else in the house noticed it too. that said, the thermostat is difficult to trust, so the experience is not completely one-sided.",neutral,refrigerator,neutral,refrigerator,0.999873161315918,0.9997034668922424,True,True,limited,0,0,1,0,long,1,0,2026-08-16T19:00:32Z,2026-08-16T19:20:05.154404+00:00
17182,"imo, i did not pay much attention to the rear camera at first, but after using it for work and at home it has turned into a recurring problem. someone else in the house noticed it too.",negative,smartphone,negative,smartphone,0.9998997449874878,0.9991866946220398,True,True,advanced,0,0,0,1,long,0,0,2026-08-16T19:00:32Z,2026-08-16T19:20:05.154404+00:00
17183,"my main impression of this machine comes from the drainage motor: it getting in way after ocming back to it after a few days. this is the part that makes me regret the pucrhase. that said, the spin program is acceptable but unremarkable, so the experience is not completely one-sided.",negative,washing_machine,negative,washing_machine,0.9999611377716064,0.9997217059135437,True,True,limited,0,0,1,0,long,1,0,2026-08-16T19:00:32Z,2026-08-16T19:20:05.154404+00:00
17184,"Under ordinary operating conditions, i did not pay much attention to the compressor fan at frist, but after changing a few settings it has not given me trouble. overall I am happy with it. 🤔",positive,refrigerator,positive,refrigerator,0.9999014139175415,0.999745786190033,True,True,technical,0,1,1,0,long,0,0,2026-08-16T19:00:32Z,2026-08-16T19:20:05.154404+00:00
17185,the ice system is what stood out afetr taking it on a trip; it has not changed my opinion much. i noticed the change only in the new situation. i would neither recommend it nor warn people away.,neutral,refrigerator,neutral,refrigerator,0.9999974966049194,0.9997605681419373,True,True,informal,0,0,1,0,long,0,0,2026-08-16T19:00:32Z,2026-08-16T19:20:05.154404+00:00
17186,"imo, the spin program is what stood out during a heavier-than-usual day; it has been a pleasant surprise. I noticed the change only in the new situation. Damn, I did not expcet this part to be this solid.",positive,washing_machine,positive,washing_machine,0.9999709129333496,0.9996684789657593,True,True,standard,1,0,1,1,long,0,0,2026-08-16T19:00:32Z,2026-08-16T19:20:05.154404+00:00
17187,"From a practical reliability standpoint, aftre a few weeks of mixed use, I noticed that the sports motion on this bedroom TV is fine for what it is. I tried the same thing again later and got a similar result. I would neither recommend it nor warn people away. There is no major crap to complain about here.",neutral,television,neutral,television,0.9999988079071045,0.9995494484901428,True,True,technical,1,0,1,0,long,0,0,2026-08-16T19:00:32Z,2026-08-16T19:20:05.154404+00:00
17188,"When someone else in the house used it, the wash drum has stayed deepndable. I noticed the change only in the new situation.",positive,washing_machine,negative,washing_machine,0.9806257486343384,0.9979667663574219,False,True,standard,0,0,1,0,medium,0,0,2026-08-16T19:00:32Z,2026-08-16T19:20:05.154404+00:00
17189,"Across repeated observations, after coming back to it after a few days, I noticed that the fingerprint reader on this pocket device breaks down when conditions change. I tried the same thing again later and got a similar result. this is the part that makes me regret the purchase. 🤔",negative,smartphone,negative,smartphone,0.9999864101409912,0.9991965889930725,True,True,technical,0,1,0,0,long,0,0,2026-08-16T19:00:32Z,2026-08-16T19:20:05.154404+00:00
17190,"I did not pay much attention to the streaming menu at first, but after coming back to it after a few days it fails in routine use. I noticed the change only in the new situation. I am already looking at alternatives. Honestly 👎",negative,television,negative,television,0.9999816417694092,0.9993273019790649,True,True,advanced,0,1,0,0,long,0,0,2026-08-16T19:00:32Z,2026-08-16T19:20:05.154404+00:00
17191,"After taking it on a trip, the apps feels dependable in daily use. this was different from my first impression. it has earned my confidence.",positive,smartphone,positive,washing_machine,0.9999693632125854,0.4132983684539795,True,False,advanced,0,0,0,0,medium,0,0,2026-08-16T19:00:32Z,2026-08-16T19:20:05.154404+00:00
17192,"From a practical reliability standpoint, the cycle controls is what stood out after coming back to it after a few days; it still performs consistently. the difference became clearer after a few more days. for real. Honestly 😂",positive,washing_machine,positive,washing_machine,0.9999327659606934,0.9996249675750732,True,True,technical,0,1,0,1,long,0,0,2026-08-16T19:00:32Z,2026-08-16T19:20:05.154404+00:00
17193,"after using it for work and at home, noticed that the video input on this television set is acceptable but unremarkable. i tried the same thing again later and got a similar result. i do not feel either way.",neutral,television,neutral,television,0.999994158744812,0.9994088411331177,True,True,limited,0,0,0,0,long,0,1,2026-08-16T19:00:32Z,2026-08-16T19:20:05.154404+00:00
17194,"After using it for work and at home, the thermostat has been a disappointment.",negative,refrigerator,positive,refrigerator,0.5173049569129944,0.5042413473129272,False,True,advanced,0,0,0,0,medium,0,0,2026-08-16T19:00:32Z,2026-08-16T19:20:05.154404+00:00
17195,"Under ordinary operating conditions, the controller is what stood out after changing a few settings; it remains basically average. I repeated the check before writing this.",neutral,television,neutral,washing_machine,0.9999774694442749,0.6435327529907227,True,False,technical,0,0,0,0,medium,0,0,2026-08-16T19:00:32Z,2026-08-16T19:20:05.154404+00:00
17196,"Under a representative operating profile, i did not pay much attention to the door warning at first, but after changing a few settings it has been a pleasant surprise. someone else in the house noticed it too. for my use case, this is a keeper.",positive,refrigerator,positive,refrigerator,0.9999598264694214,0.9997809529304504,True,True,technical,0,0,0,0,long,0,1,2026-08-16T19:00:32Z,2026-08-16T19:20:05.154404+00:00
17197,"The call quality is what stood out after changing a few settings; it continues to work without drama. the behavior persisted across several attempts. The fingerprint reader tells a different story because it has become increasingly unreliable. No bullshit, this has been one of the better parts of the product.",positive,smartphone,positive,smartphone,0.9999804496765137,0.9991094470024109,True,True,standard,1,0,0,0,long,1,0,2026-08-16T19:00:32Z,2026-08-16T19:20:05.154404+00:00
17198,"I have been using this video panle during a heavier-than-usual day, and the video input works normally. this was different from my first impression. That said, the sports motion keeps acting up, so the experience is not completely one-sided.",neutral,television,neutral,television,0.999894380569458,0.9994934797286987,True,True,advanced,0,0,1,0,long,1,1,2026-08-16T19:00:32Z,2026-08-16T19:20:05.154404+00:00
17199,"From a practical reliability standpoint, i have been using this living room display after changing a few settings, and the wireless connection has stayed dependable. On the other hand, the streaming menu keeps acting up, which makes the overall picture more mixed.",positive,television,positive,television,0.999710738658905,0.9994972944259644,True,True,technical,0,0,0,0,long,1,0,2026-08-16T19:00:32Z,2026-08-16T19:20:05.154404+00:00
17200,"fr, outside my normal routine, the usb port works normally. the damn thing is basically fine.",neutral,smartphone,neutral,smartphone,0.9997525811195374,0.9987010955810547,True,True,informal,1,0,0,1,medium,0,0,2026-08-16T19:00:32Z,2026-08-16T19:20:05.154404+00:00
17201,"I have been using this front-loading washer after coming back to it after a few days, and the wash drum has turned into a recurring problem. I repeated the check before writing this.",negative,washing_machine,negative,washing_machine,0.9997819066047668,0.9996343851089478,True,True,advanced,0,0,0,0,medium,0,0,2026-08-16T19:00:32Z,2026-08-16T19:20:05.154404+00:00
17202,my main impression of this main fridge comes from the inside lighting: it works normally after a few weeks of mixed use. the behavior persisted across several attempts.,neutral,refrigerator,neutral,refrigerator,0.9998341798782349,0.9995085000991821,True,True,informal,0,0,0,0,medium,0,0,2026-08-16T19:00:32Z,2026-08-16T19:20:05.154404+00:00
17203,"After changing a few settings, the wash drum feels dependable in daily use. I repeated the check before writing this. I expected some crap here, but it has actually held up.",positive,washing_machine,positive,washing_machine,0.9999409914016724,0.9996987581253052,True,True,standard,1,0,0,0,medium,0,0,2026-08-16T19:00:32Z,2026-08-16T19:20:05.154404+00:00
17204,"i did not pay much attention to the vibration at first, but during a heavier-than-usual day it continues to work without drama. i repeated the check before writing this. i expected some crap here, but it has actually held up.",positive,washing_machine,positive,washing_machine,0.9999449253082275,0.7918225526809692,True,True,limited,1,0,0,0,long,0,1,2026-08-16T19:00:32Z,2026-08-16T19:20:05.154404+00:00
17205,"after coming back to it after a few days, i noticed that the wash drum on this clothes washer holds up better than expected.",positive,washing_machine,positive,washing_machine,0.9976593255996704,0.9986634254455566,True,True,informal,0,0,0,0,medium,0,0,2026-08-16T19:00:32Z,2026-08-16T19:20:05.154404+00:00
17206,"After changing a few settings, the network reception is difficult to trust. I repeated the check before writing this.",negative,smartphone,negative,smartphone,0.9940671920776367,0.9981813430786133,True,True,advanced,0,0,0,0,medium,0,0,2026-08-16T19:00:32Z,2026-08-16T19:20:05.154404+00:00
17207,"Under a representative operating profile, the drainage motor is what stood out after using it for work and at home; it holds up better than expected. On the other hand, the fill valve is difficult to trust, which makes the overall picture more mixed.",positive,washing_machine,positive,washing_machine,0.9998406171798706,0.9993744492530823,True,True,technical,0,0,0,0,long,1,0,2026-08-16T19:00:32Z,2026-08-16T19:20:05.154404+00:00
17208,my main impression of this driver comes from the batery life: it is difficult to trust during heavier-than-usual day. the difference became clearer after a few more days. the damn thing keeps getting in the way.,negative,smartphone,negative,smartphone,0.9999781847000122,0.9990983009338379,True,True,limited,1,0,1,0,long,0,0,2026-08-16T19:00:32Z,2026-08-16T19:20:05.154404+00:00
17209,the controller is what stood out after taking it a trip; it holsd up better than expected. someone else in the house noticed it too.,positive,television,positive,television,0.9998857975006104,0.9988229870796204,True,True,limited,0,0,1,0,medium,0,0,2026-08-16T19:00:32Z,2026-08-16T19:20:05.154404+00:00
17210,"fr, i did not pay much attention to the vibration at first, but after taking it on a trip it keeps acting up. i repeated the check before writing this. the door latch tells a different story because it works well even outside my usual routine. 🙃",negative,washing_machine,negative,washing_machine,0.9999500513076782,0.9997207522392273,True,True,informal,0,1,0,1,long,1,0,2026-08-16T19:00:32Z,2026-08-16T19:20:05.154404+00:00
17211,"tbh, after changing a few settings, I noticed that the vibration on this laundry unit is acceptable but unremarkable. the behavior persisted across several attempts. it is adequate for now.",neutral,washing_machine,neutral,washing_machine,0.9999972581863403,0.9993884563446045,True,True,standard,0,0,0,1,medium,0,0,2026-08-16T19:00:32Z,2026-08-16T19:20:05.154404+00:00
17212,"tbh, after cmoing back to it after a few days, the freezer compartment is neither impressive nor bad. I erpeated the check before writing this. I can live with it. There is no major crap to complain about here. 😬",neutral,refrigerator,neutral,refrigerator,0.9999974966049194,0.9996625185012817,True,True,standard,1,1,1,1,long,0,0,2026-08-16T19:00:32Z,2026-08-16T19:20:05.154404+00:00
17213,the fingerprint reader is what stood out after coming back to it after a few days; it has not given me trouble.,positive,smartphone,positive,smartphone,0.9943867921829224,0.9990924596786499,True,True,informal,0,0,0,0,medium,0,1,2026-08-16T19:00:32Z,2026-08-16T19:20:05.154404+00:00
17214,"Across repeated observations, after changing a few settings, the door warning continues to work without drama. the behavior persisted across several attempts. Honestly 🔥",positive,refrigerator,positive,refrigerator,0.9999098777770996,0.9219549298286438,True,True,technical,0,1,0,0,medium,0,0,2026-08-16T19:00:32Z,2026-08-16T19:20:05.154404+00:00
17215,"After a few weeks of mixed use, the apps holds up better than expected. I repeated the check before writing this. I plan to keep using it. 👍",positive,smartphone,positive,television,0.9999504089355469,0.4105924665927887,True,False,standard,0,1,0,0,medium,0,0,2026-08-16T19:00:32Z,2026-08-16T19:20:05.154404+00:00
17216,"During a heavier-than-usual day, I noticed that the inside lighting on this kitchen fridge works normally.",neutral,refrigerator,neutral,refrigerator,0.9716534614562988,0.9927974343299866,True,True,standard,0,0,0,0,medium,0,1,2026-08-16T19:00:32Z,2026-08-16T19:20:05.154404+00:00
17217,"i have been useing this kitchen fridge during a heavier-than-usual day, and the inside lighting works well even outside my usual routine. the difference became clearer after a few more days.",positive,refrigerator,positive,refrigerator,0.999901294708252,0.9995846152305603,True,True,limited,0,0,1,0,medium,0,1,2026-08-16T19:00:32Z,2026-08-16T19:20:05.154404+00:00
17218,the touch panel is what stood out after taking it on a trip; it remains basically average. i noticed the change only in the new situation.,neutral,smartphone,neutral,washing_machine,0.9999927282333374,0.5584317445755005,True,False,limited,0,0,0,0,medium,0,0,2026-08-16T19:00:32Z,2026-08-16T19:20:05.154404+00:00
17219,My main impression of this main fridge comes from the gasket: it has stayed dependable outside my normal routine. this was diferent from my first impression. 🔥,positive,refrigerator,positive,refrigerator,0.9999198913574219,0.999718964099884,True,True,standard,0,1,1,0,medium,0,0,2026-08-16T19:00:32Z,2026-08-16T19:20:05.154404+00:00
17220,"real talk, i have been using this daily driver after using it for work and at home, and the USB port feels dependable in daily use. I noticed the change only in the new situation.",positive,smartphone,positive,smartphone,0.9998921155929565,0.9991965889930725,True,True,advanced,0,0,0,1,long,0,0,2026-08-16T19:00:32Z,2026-08-16T19:20:05.154404+00:00
17221,"the built-in audio is what stood out after a few weeks of mixed use; it has not changed my opinion much. i tried the same thing again later and got a similar result. it is not amazing, but it is not bullshit either. 👎",neutral,television,neutral,television,0.9999974966049194,0.9993638396263123,True,True,informal,1,1,0,0,long,0,0,2026-08-16T19:00:32Z,2026-08-16T19:20:05.154404+00:00
17222,"From a practical reliability standpoint, my main impression of this living room display comes from the panel lighting: it works well even outside my usual routine during a heavier-than-usual day. this was different from my first impression. I would buy it again. Honestly 🙂",positive,television,positive,television,0.9999051094055176,0.9996665716171265,True,True,technical,0,1,0,0,long,0,0,2026-08-16T19:00:32Z,2026-08-16T19:20:05.154404+00:00
17223,"honestly tho, the compressor fan is what stood out using it for work and at home; it has turned into a recurring probelm. i would not rely on it. the damn thing keeps getting in the way.",negative,refrigerator,negative,refrigerator,0.9999682903289795,0.999697208404541,True,True,limited,1,0,1,1,long,0,0,2026-08-16T19:00:32Z,2026-08-16T19:20:05.154404+00:00
17224,"Outside my normal routine, the video input is acceptable but unremarkable. a second check gave me the same result. Honestly, the damn thing is just average.",neutral,television,neutral,television,0.9999985694885254,0.9994089603424072,True,True,advanced,1,0,0,0,medium,0,0,2026-08-16T19:00:32Z,2026-08-16T19:20:05.154404+00:00
17225,"After a few weeks of mixed use, I noticed that the door warning on this new refrigerator breaks down when conditions change. I repeated the check before writing this.",negative,refrigerator,negative,refrigerator,0.9995173215866089,0.9994035959243774,True,True,advanced,0,0,0,0,medium,0,0,2026-08-16T19:00:32Z,2026-08-16T19:20:05.154404+00:00
17226,"After coming back to it after a few days, I noticed that the streaming menu on this living room display remains basically average.",neutral,television,neutral,television,0.9998586177825928,0.9987955093383789,True,True,advanced,0,0,0,0,medium,0,0,2026-08-16T19:00:32Z,2026-08-16T19:20:05.154404+00:00
17227,My main impression of this work phone comes from the call quality: it is difficult to trust when someone else in the house used it. I repeated the check before writing this.,negative,smartphone,negative,smartphone,0.9999340772628784,0.9991130232810974,True,True,standard,0,0,0,0,medium,0,1,2026-08-16T19:00:32Z,2026-08-16T19:20:05.154404+00:00
17228,"ngl, my main impression of this new phone cmoes from the touch panel: it has not changed my opinion much outside my normal routine. someone else in the house noticed it too.",neutral,smartphone,neutral,smartphone,0.9999624490737915,0.999139666557312,True,True,informal,0,0,1,1,medium,0,0,2026-08-16T19:00:32Z,2026-08-16T19:20:05.154404+00:00
17229,"Under ordinary operating conditions, after changing a few settings, the rinse program feels ordinary after more use. I noticed the change only in the new situation.",neutral,washing_machine,neutral,washing_machine,0.9999514818191528,0.9991288781166077,True,True,technical,0,0,0,0,medium,0,0,2026-08-16T19:00:32Z,2026-08-16T19:20:05.154404+00:00
17230,The sports motion is what stood out during a heavier-than-usual day; it has turned into a recurring problem. I noticed the change only in the new situation. I am considering a replacement.,negative,television,negative,television,0.9999840259552002,0.9994685053825378,True,True,advanced,0,0,0,0,medium,0,0,2026-08-16T19:00:32Z,2026-08-16T19:20:05.154404+00:00
17231,"i did not pay much attention to the wireless connection at first, but after using it for work and at home it feels dependable in daily use. i have stopped worrying about this part of the product.",positive,television,positive,television,0.9999769926071167,0.999005138874054,True,True,limited,0,0,0,0,long,0,0,2026-08-16T19:00:32Z,2026-08-16T19:20:05.154404+00:00
17232,"From a practical reliability standpoint, i did not pay much attention to the soap tray at first, but after tkaing it on a trip it feels ordinary after more use. It is not amazing, but it is not bullshit either.",neutral,washing_machine,neutral,washing_machine,0.999997615814209,0.998054027557373,True,True,technical,1,0,1,0,long,0,0,2026-08-16T19:00:32Z,2026-08-16T19:20:05.154404+00:00
17233,"I have been using this front-loading washer after a few weeks of mixed use, and the door latch remains basically average. this was different from my first impression.",neutral,washing_machine,neutral,washing_machine,0.9999831914901733,0.9996383190155029,True,True,advanced,0,0,0,0,medium,0,0,2026-08-16T19:00:32Z,2026-08-16T19:20:05.154404+00:00
17234,"During a heavier-than-usual day, the streaming menu works normally. I repeated the check before writing this. There is no major crap to complain about here.",neutral,television,neutral,television,0.9999982118606567,0.999487042427063,True,True,standard,1,0,0,0,medium,0,0,2026-08-16T19:00:32Z,2026-08-16T19:20:05.154404+00:00
17235,"I have been using this screen unit after changing a few settings, and the sports motion still performs consistently. I noticed the change only in the new situation. on balance I am happy with it. 🔥",positive,television,positive,television,0.9999548196792603,0.9995848536491394,True,True,advanced,0,1,0,0,long,0,1,2026-08-16T19:00:32Z,2026-08-16T19:20:05.154404+00:00
17236,"when someone else in the house used it, i noticed that the shelf layout on this food cooler holds up better than expected. this was different from my first impression. it has earned my confidence. for real.",positive,refrigerator,positive,refrigerator,0.99994957447052,0.9997588992118835,True,True,informal,0,0,0,1,long,0,1,2026-08-16T19:00:32Z,2026-08-16T19:20:05.154404+00:00
17237,"i did not pay much attention to the battery life at first, but during a heavier-than-usual day it has not changed my opinion much. i tried the same thing again later and got a similar result. it is adequate for now. 🤷",neutral,smartphone,neutral,smartphone,0.9999966621398926,0.9992260932922363,True,True,informal,0,1,0,0,long,0,1,2026-08-16T19:00:32Z,2026-08-16T19:20:05.154404+00:00
17238,"i did not pay attention to the interface at first, but outside my normal routine it has become increasingyl unreliable. the behavior persisted across several attempts.",negative,television,negative,television,0.9994705319404602,0.9689068794250488,True,True,limited,0,0,1,0,medium,0,0,2026-08-16T19:00:32Z,2026-08-16T19:20:05.154404+00:00
17239,"i did not pay much attention to the drainage motor at first, but a few weeks of mixed use it works well outside my usual routine. the difference became clearer after a few more days. 😂",positive,washing_machine,positive,washing_machine,0.9998049139976501,0.9736831188201904,True,True,limited,0,1,0,0,long,0,0,2026-08-16T19:00:32Z,2026-08-16T19:20:05.154404+00:00
17240,"i did not pay much attention to the gasket at first, but after it for work and at home it continues to work without drama. this was different from my first impression.",positive,refrigerator,positive,refrigerator,0.9999146461486816,0.9901459813117981,True,True,limited,0,0,0,0,medium,0,0,2026-08-16T19:00:32Z,2026-08-16T19:20:05.154404+00:00
17241,"I have been using this cell phone after a few weeks of mixed use, and the fingerprint reader breaks down when conditions change. the difference became clearer after a few more days. This is damn annoying.",negative,smartphone,negative,smartphone,0.9999685287475586,0.9992029070854187,True,True,advanced,1,0,0,0,long,0,0,2026-08-16T19:00:32Z,2026-08-16T19:20:05.154404+00:00
17242,"From a practical reliability standpoint, tbh, i have been using this cold-storage unit outside my normal routine, and the compressor fan keeps acting up. I noticed the change only in the new situation. I would hesitate to buy it again. The freezer compartment tells a different story because it is acceptable but unremarkable.",negative,refrigerator,negative,refrigerator,0.999984860420227,0.9997580647468567,True,True,technical,0,0,0,1,long,1,0,2026-08-16T19:00:32Z,2026-08-16T19:20:05.154404+00:00
17243,"I have been using this cell phone after useing it for work and at home, and the rear camera remains basically average. I noticed the change only in the new situation. it is adequate for now. 🙂",neutral,smartphone,neutral,smartphone,0.9999964237213135,0.9993115663528442,True,True,advanced,0,1,1,0,long,0,1,2026-08-16T19:00:32Z,2026-08-16T19:20:05.154404+00:00
17244,The shelf layout is what stood out after taking it on a trip; it is difficult to trust. I tried the same thing again later and got a similar result. I am already looking at alternatives.,negative,refrigerator,negative,refrigerator,0.9999818801879883,0.9997732043266296,True,True,advanced,0,0,0,0,long,0,0,2026-08-16T19:00:32Z,2026-08-16T19:20:05.154404+00:00
17245,the sports motion is what stood out after using it for work and at home; it feels dependable in daily use.,positive,television,positive,television,0.9991940855979919,0.9992202520370483,True,True,informal,0,0,0,0,medium,0,0,2026-08-16T19:00:32Z,2026-08-16T19:20:05.154404+00:00
17246,"i did not pay much attention to the apps at first, but during a heavier-than-usual day it keeps acting up. i noticed the change only in the new situation.",negative,smartphone,negative,smartphone,0.9999072551727295,0.3784128725528717,True,True,informal,0,0,0,0,medium,0,0,2026-08-16T19:00:32Z,2026-08-16T19:20:05.154404+00:00
17247,"real talk, did not pay much attention to the thermostat at first, but after changing few settings it fails in normal use. the behavior persisted across several attempts.",negative,refrigerator,negative,refrigerator,0.9951936602592468,0.8184011578559875,True,True,limited,0,0,0,1,medium,0,0,2026-08-16T19:00:32Z,2026-08-16T19:20:05.154404+00:00
17248,"When someone else in the house used it, I noticed that the shelf layout on this main fridge is neither impressive nor bad. this was different from my first impression.",neutral,refrigerator,neutral,refrigerator,0.9998797178268433,0.9996066689491272,True,True,advanced,0,0,0,0,medium,0,0,2026-08-16T19:00:32Z,2026-08-16T19:20:05.154404+00:00
17249,My main impression of this front-loading washer comes from the spin program: it keeps getting in the way after a few weeks of mixed use. a second check gave me the same result. for real.,negative,washing_machine,negative,washing_machine,0.9999676942825317,0.9996870756149292,True,True,standard,0,0,0,1,long,0,1,2026-08-16T19:00:32Z,2026-08-16T19:20:05.154404+00:00
17250,"I did not pay much attention to the built-in audio at first, but druing a heavier-than-usual day it is acceptable but unremarkable. the behavior persisted across several attempts. Honestly 🔥",neutral,television,neutral,television,0.9999758005142212,0.9987710118293762,True,True,advanced,0,1,1,0,medium,0,0,2026-08-16T19:00:32Z,2026-08-16T19:20:05.154404+00:00
17251,"After taking it on a trip, the gasket has been a pleasant surprise. someone else in the house noticed it too. I would buy it again. 😅",positive,refrigerator,positive,refrigerator,0.9999369382858276,0.9985553622245789,True,True,standard,0,1,0,0,medium,0,0,2026-08-16T19:00:32Z,2026-08-16T19:20:05.154404+00:00
17252,the cycle controls is what stood out during a heavier-than-usual day; it is acceptable but unremarkable. i noticed the change in the new situation. there is no major crap to complain about here. Honestly 😐,neutral,washing_machine,neutral,washing_machine,0.9999974966049194,0.9998052716255188,True,True,limited,1,1,0,0,long,0,0,2026-08-16T19:00:32Z,2026-08-16T19:20:05.154404+00:00
17253,the cooling motor is what stood out after changing a few settings; it feels dependable in daily use.,positive,refrigerator,positive,refrigerator,0.9699762463569641,0.9991600513458252,True,True,informal,0,0,0,0,medium,0,0,2026-08-16T19:00:32Z,2026-08-16T19:20:05.154404+00:00
17254,the battery life is what stood out after coming back to it after a few days; it has not given me trouble. the behavior persisted across several attempts. pretty solid ngl. Honestly 🤔,positive,smartphone,positive,smartphone,0.9999289512634277,0.999234676361084,True,True,limited,0,1,0,1,medium,0,0,2026-08-16T19:00:32Z,2026-08-16T19:20:05.154404+00:00
17255,"i did not pay much to the inside lighting at first, but after changing a few settings it does the job. i can live with it. the ice system tells a different story because it continues to work without drama. the damn thing is just average.",neutral,refrigerator,neutral,refrigerator,0.9999985694885254,0.9996922016143799,True,True,limited,1,0,0,0,long,1,0,2026-08-16T19:00:32Z,2026-08-16T19:20:05.154404+00:00
17256,"Under ordinary operating conditions, not gonna lie, when someone else in the house used it, the fill valve has not given me trouble. this was different from my first impression. overall I am happy with it. Damn, I did not expect this part to be this solid.",positive,washing_machine,positive,washing_machine,0.9999725818634033,0.9996691942214966,True,True,technical,1,0,0,1,long,0,0,2026-08-16T19:00:32Z,2026-08-16T19:20:05.154404+00:00
17257,after coming back to it after a few the wireless connection is acceptable but unremarkable. i can live with it. idk.,neutral,television,neutral,television,0.9999741315841675,0.994533896446228,True,True,limited,0,0,0,1,medium,0,0,2026-08-16T19:00:32Z,2026-08-16T19:20:05.154404+00:00
17258,"I have been using this work phone after taking it on a trip, and the battery life feels ordinary after more use. the behavior persisted across several attempts.",neutral,smartphone,neutral,smartphone,0.9997584223747253,0.9992573857307434,True,True,standard,0,0,0,0,medium,0,0,2026-08-16T19:00:32Z,2026-08-16T19:20:05.154404+00:00
17259,"i did not pay much attention to the fill valve at first, but when someone else in the house used it it has become unreliable. noticed the change only in the new situation.",negative,washing_machine,negative,washing_machine,0.9999488592147827,0.9993588328361511,True,True,limited,0,0,0,0,medium,0,0,2026-08-16T19:00:32Z,2026-08-16T19:20:05.154404+00:00
17260,"From a practical reliability standpoint, the wireless connection is what stood out after coming back to it after a few days; it has been a disappointment. this was different from my first impression. this needs to improve. not great tbh.",negative,television,negative,television,0.9999383687973022,0.9995086193084717,True,True,technical,0,0,0,1,long,0,0,2026-08-16T19:00:32Z,2026-08-16T19:20:05.154404+00:00
17261,"After using it for work and at home, the inside lighting is neither impressive nor bad. someone else in the house noticed it too. I would neither recommend it nor warn people away. That said, the door warning has been a pleasant surprise, so the experience is not completely one-sided.",neutral,refrigerator,neutral,refrigerator,0.9999209642410278,0.9997207522392273,True,True,advanced,0,0,0,0,long,1,0,2026-08-16T19:00:32Z,2026-08-16T19:20:05.154404+00:00
17262,"I have been using this screen unit after coming back to it after a few days, and the video input has been a pleasant surprise. I tried the same thing again later and got a similar result. not great tbh. 🙃",positive,television,positive,television,0.9999377727508545,0.9995018243789673,True,True,standard,0,1,0,1,long,0,0,2026-08-16T19:00:32Z,2026-08-16T19:20:05.154404+00:00
17263,My main impression of this refrigeration unit comes from the gasket: it remains basically average after a few weeks of mixed use. this was different from my first impression.,neutral,refrigerator,neutral,refrigerator,0.9999879598617554,0.9995695948600769,True,True,standard,0,0,0,0,medium,0,0,2026-08-16T19:00:32Z,2026-08-16T19:20:05.154404+00:00
17264,"after a few weeks of mixed use, i noticed that the wireless connection on this screen unit holds up better than expected. that said, the picture quality has become increasingly so the experience is not completely one-sided. not great tbh.",positive,television,positive,television,0.9998956918716431,0.9995143413543701,True,True,limited,0,0,0,1,long,1,1,2026-08-16T19:00:32Z,2026-08-16T19:20:05.154404+00:00
17265,"Under a representative operating profile, i did not pay much attention to the gasket at first, but when someone else in the house used it it keeps acting up. the behavior persisted across several attempts. for real.",negative,refrigerator,negative,refrigerator,0.9998788833618164,0.9969422221183777,True,True,technical,0,0,0,1,long,0,0,2026-08-16T19:00:32Z,2026-08-16T19:20:05.154404+00:00
17266,My main impression of this bedroom TV comes from the controller: it works normally after a few weeks of mixed use. I tried the same thing again later and got a similar result. 😐,neutral,television,neutral,television,0.999981164932251,0.9994951486587524,True,True,standard,0,1,0,0,long,0,0,2026-08-16T19:00:32Z,2026-08-16T19:20:05.154404+00:00
17267,"i have been using this kitchen fridge after using it for work and at home, and the door warning feels ordinary after more use. this was different from my first impression. honestly, the damn thing is just average.",neutral,refrigerator,neutral,refrigerator,0.999996542930603,0.9997566342353821,True,True,informal,1,0,0,0,long,0,0,2026-08-16T19:00:32Z,2026-08-16T19:20:05.154404+00:00
17268,"honestly tho, i did not pay much attention to the door latch at first, but during a heavier-than-usual day it is acceptable but unremarkable.",neutral,washing_machine,neutral,washing_machine,0.998863935470581,0.9994221925735474,True,True,advanced,0,0,0,1,medium,0,0,2026-08-16T19:00:32Z,2026-08-16T19:20:05.154404+00:00
17269,the ice system is what stood out after a few weeks of mixed use; it breaks down when conditions someone else in the house noticed it too. this is damn annoying.,negative,refrigerator,negative,refrigerator,0.9999264478683472,0.9996466636657715,True,True,limited,1,0,0,0,medium,0,0,2026-08-16T19:00:32Z,2026-08-16T19:20:05.154404+00:00
17270,"Under ordinary operating conditions, fr, the USB port is what stood out after using it for work and at home; it still performs consistently. overall I am happy with it.",positive,smartphone,positive,smartphone,0.9999555349349976,0.9991785883903503,True,True,technical,0,0,0,1,medium,0,0,2026-08-16T19:00:32Z,2026-08-16T19:20:05.154404+00:00
17271,"after coming back to it after a few days, i noticed that the gasket on this food cooler continues to work without drama. a secodn check gave me the same result. on the other hand, the ice system is fine for what it is, which makes the overall picture more mixde.",positive,refrigerator,positive,refrigerator,0.9998941421508789,0.9996753931045532,True,True,limited,0,0,1,0,long,1,0,2026-08-16T19:00:32Z,2026-08-16T19:20:05.154404+00:00
17272,The panel lighting is what stood out after using it for work and at home; it has not given me trouble.,positive,television,positive,television,0.998684823513031,0.7995984554290771,True,True,advanced,0,0,0,0,medium,0,0,2026-08-16T19:00:32Z,2026-08-16T19:20:05.154404+00:00
17273,"real talk, the panel lighting is what stood out after using it for work and at home; it has stayed dependable. a second check gave me the same result. I expected some crap here, but it has actually held up.",positive,television,positive,television,0.9999457597732544,0.9994971752166748,True,True,advanced,1,0,0,1,long,0,0,2026-08-16T19:00:32Z,2026-08-16T19:20:05.154404+00:00
17274,i have been using this pocket device after using it for work and at and the battery life works well even outside my usual the behavior persisted across several attempts. overall i am happy with it.,positive,smartphone,positive,smartphone,0.9999573230743408,0.9992325305938721,True,True,limited,0,0,0,0,long,0,0,2026-08-16T19:00:32Z,2026-08-16T19:20:05.154404+00:00
17275,my main impression of this new phone comes from the earpiece: it continues to work without drama after taking it on a trip. the behavior persisted across several attempts.,positive,smartphone,positive,smartphone,0.9999340772628784,0.9992552399635315,True,True,limited,0,0,0,0,medium,0,0,2026-08-16T19:00:32Z,2026-08-16T19:20:05.154404+00:00
17276,"When someone else in the house used it, I noticed that the freezer compartment on this refrigeration unit does the job. someone else in the house noticed it too.",neutral,refrigerator,neutral,refrigerator,0.9996414184570312,0.9996943473815918,True,True,standard,0,0,0,0,medium,0,0,2026-08-16T19:00:32Z,2026-08-16T19:20:05.154404+00:00
17277,My main impression of this wash unit comes from the fill valve: it remains basically average after changing a few settings. I tried the same thing again later and got a similar result. my opinion is still basically in the middle.,neutral,washing_machine,neutral,washing_machine,0.999997615814209,0.9995624423027039,True,True,standard,0,0,0,0,long,0,0,2026-08-16T19:00:32Z,2026-08-16T19:20:05.154404+00:00
17278,"I did not pay much attention to the cooling motor at first, but after changing a few settings it works normally. a second check gave me the same result. Honestly, the damn thing is just average.",neutral,refrigerator,neutral,refrigerator,0.9999986886978149,0.9996607303619385,True,True,standard,1,0,0,0,long,0,0,2026-08-16T19:00:32Z,2026-08-16T19:20:05.154404+00:00
17279,"fr, i did not pay much attention to the ice system at first, but after taking it on a trip it is acceptable but i noticed change only in the new situation. Honestly 🙂",neutral,refrigerator,neutral,refrigerator,0.999937891960144,0.9996798038482666,True,True,limited,0,1,0,1,long,0,0,2026-08-16T19:00:32Z,2026-08-16T19:20:05.154404+00:00
17280,"during a heavier-than-usual day, the soap tray is acceptable but unremarkable. i don't feel strongly either way. 😂",neutral,washing_machine,neutral,washing_machine,0.9999922513961792,0.48657840490341187,True,True,informal,0,1,0,0,medium,0,0,2026-08-16T19:00:32Z,2026-08-16T19:20:05.154404+00:00
17281,"i have been using this kitchen fridge after using it for work at home, and the thermostat breaks down when conditions change. i tried the same thing again later and got a similar result.",negative,refrigerator,negative,refrigerator,0.9999362230300903,0.9996705055236816,True,True,limited,0,0,0,0,long,0,0,2026-08-16T19:00:32Z,2026-08-16T19:20:05.154404+00:00
17282,"After a few weeks of mixed use, I noticed that the streaming menu on this living room display continues to work without drama. the difference became clearer after a few more days.",positive,television,positive,television,0.999849796295166,0.9994215965270996,True,True,standard,0,0,0,0,medium,0,0,2026-08-16T19:00:32Z,2026-08-16T19:20:05.154404+00:00
17283,"After repeated use under comparable conditions, i have been using this refrigeration unit during a heavier-than-usual day, and the cooling motor has stayed dependable. someone else in the house noticed it too. On the other hand, the gasket does the job, which makes the overall picture more mixed.",positive,refrigerator,positive,refrigerator,0.9998347759246826,0.9996834993362427,True,True,technical,0,0,0,0,long,1,0,2026-08-16T19:00:32Z,2026-08-16T19:20:05.154404+00:00
17284,my main impression of this pocket device comes from the earpiece: it is neither impressive nor bad when someone else in the house used it. 🙂,neutral,smartphone,neutral,smartphone,0.9999672174453735,0.9992066025733948,True,True,informal,0,1,0,0,medium,0,0,2026-08-16T19:00:32Z,2026-08-16T19:20:05.154404+00:00
17285,"I have been using this mobile when someone else in the house used it, and the battery life is difficult to trust. I noticed the change only in the new situation.",negative,smartphone,negative,smartphone,0.9999091625213623,0.9991903901100159,True,True,standard,0,0,0,0,medium,0,0,2026-08-16T19:00:32Z,2026-08-16T19:20:05.154404+00:00
17286,"After repeated use under comparable conditions, fr, i have been using this living room display during a heavier-than-usual day, and the wireless connection still performs consistently. the behavior persisted across several attempts. it has earned my confidence. 🤷",positive,television,positive,television,0.9999418258666992,0.9996128678321838,True,True,technical,0,1,0,1,long,0,0,2026-08-16T19:00:32Z,2026-08-16T19:20:05.154404+00:00
17287,The vibration is what stood out after taking it on a trip; it has not given me trouble. someone else in the house noticed it too. 😂,positive,washing_machine,positive,washing_machine,0.9999141693115234,0.999419093132019,True,True,advanced,0,1,0,0,medium,0,1,2026-08-16T19:00:32Z,2026-08-16T19:20:05.154404+00:00
17288,"i have been useing this machine after a few weeks of mixed use, and the soap tray is difficult to trust.",negative,washing_machine,negative,washing_machine,0.9788128137588501,0.9980626702308655,True,True,informal,0,0,1,0,medium,0,0,2026-08-16T19:00:32Z,2026-08-16T19:20:05.154404+00:00
17289,"outside my normal routine, i noticed that the network reception on this work phone is neither impressive nor bad. a second check gave me the same result. my opinion is still basically in the on the other hand, the usb port keeps acting up, which makes the overall picture more mixed.",neutral,smartphone,neutral,smartphone,0.9999892711639404,0.9991833567619324,True,True,limited,0,0,0,0,long,1,1,2026-08-16T19:00:32Z,2026-08-16T19:20:05.154404+00:00
17290,"the fingerprint reader is what stood out outside my normal routine; it has been a disappointment. i tried the same thing again later and got a similar result. on the other hand, the call quality has stayed dependable, which makes the overall picture more mixed. this shit should not be happening in normal use.",negative,smartphone,negative,smartphone,0.9999861717224121,0.9992058873176575,True,True,informal,1,0,0,0,long,1,0,2026-08-16T19:00:32Z,2026-08-16T19:20:05.154404+00:00
17291,my main impression of this tv set comes from the panel lighting: it is difficult to trust after taking it on a trip. i tried the same thing again later and got a similar result. i would not rely on it.,negative,television,negative,television,0.9999862909317017,0.9995866417884827,True,True,informal,0,0,0,0,long,0,0,2026-08-16T19:00:32Z,2026-08-16T19:20:05.154404+00:00
17292,"Across repeated observations, lowkey, i did not pay much attention to the interface at first, but after taking it on a trip it remains basically average. this was different from my first impression. I can live with it.",neutral,television,neutral,washing_machine,0.999992847442627,0.863734245300293,True,False,technical,0,0,0,1,long,0,1,2026-08-16T19:00:32Z,2026-08-16T19:20:05.154404+00:00
17293,"I have been using this video panel after a few weeks of mixed use, and the interface has not given me trouble. I tried the same thing again later and got a similar result. 💀",positive,television,positive,television,0.9999223947525024,0.999327540397644,True,True,advanced,0,1,0,0,long,0,0,2026-08-16T19:00:32Z,2026-08-16T19:20:05.154404+00:00
17294,"After repeated use under comparable conditions, i have been useing this pocket device after a few weeks of mixed use, and the call quality has turned into a recurring problem. a second check gave me the same result. pretty solid ngl.",negative,smartphone,negative,smartphone,0.9998929500579834,0.9992144107818604,True,True,technical,0,0,1,1,long,0,0,2026-08-16T19:00:32Z,2026-08-16T19:20:05.154404+00:00
17295,My main impression of this machine comes from the vibration: it has turned into a recurring problem after changing a few settings. a second check gave me the same result.,negative,washing_machine,negative,washing_machine,0.9999343156814575,0.9995759129524231,True,True,advanced,0,0,0,0,medium,0,1,2026-08-16T19:00:32Z,2026-08-16T19:20:05.154404+00:00
17296,"after changing a few settings, the sports motion works normally. someone in the house noticed it too. it is adequate for now.",neutral,television,neutral,television,0.999991774559021,0.9992871880531311,True,True,limited,0,0,0,0,medium,0,0,2026-08-16T19:00:32Z,2026-08-16T19:20:05.154404+00:00
17297,"From a practical reliability standpoint, my main impression of this new phone comes from the rear camera: it is acceptable but unremarkable outside my normal routine. the behavior perissted across several attempts. Honestly, the damn thing is just average. 🔥",neutral,smartphone,neutral,smartphone,0.9999963045120239,0.9992534518241882,True,True,technical,1,1,1,0,long,0,0,2026-08-16T19:00:32Z,2026-08-16T19:20:05.154404+00:00
17298,"i have been using this new washer after changing a few settings, and the vibration feels dependable in daily use. a second check gave me the same result. not great tbh.",positive,washing_machine,positive,washing_machine,0.9993914365768433,0.9983590245246887,True,True,informal,0,0,0,1,medium,0,0,2026-08-16T19:00:32Z,2026-08-16T19:20:05.154404+00:00
17299,when someone else in the house used the ice system does the job. it is adequate for now.,neutral,refrigerator,neutral,refrigerator,0.9999816417694092,0.9585162401199341,True,True,limited,0,0,0,0,medium,0,1,2026-08-16T19:00:32Z,2026-08-16T19:20:05.154404+00:00
17300,"Across repeated observations, the rear camera is what stood out outside my normal routine; it does the job. the difference became claerer after a few more days.",neutral,smartphone,neutral,smartphone,0.9999121427536011,0.9990531802177429,True,True,technical,0,0,1,0,medium,0,0,2026-08-16T19:00:32Z,2026-08-16T19:20:05.154404+00:00
17301,"i have been using this laundry unit after changing a few settings, and the door latch has been a disappointment. this is the part that makes me regret the purchase.",negative,washing_machine,negative,washing_machine,0.9995604157447815,0.9996293783187866,True,True,informal,0,0,0,0,medium,0,0,2026-08-16T19:00:32Z,2026-08-16T19:20:05.154404+00:00
17302,"i did not pay much attention to the earpiece at first, but after a few weeks of mixed use it works normlaly.",neutral,smartphone,neutral,television,0.8175673484802246,0.30195295810699463,True,False,informal,0,0,1,0,medium,0,0,2026-08-16T19:00:32Z,2026-08-16T19:20:05.154404+00:00
17303,"I did not pay much attention to the thermostat at first, but after taking it on a trip it has not given me trouble. I noticed the change only in the new situation.",positive,refrigerator,positive,refrigerator,0.9998804330825806,0.9987334609031677,True,True,advanced,0,0,0,0,medium,0,0,2026-08-16T19:00:32Z,2026-08-16T19:20:05.154404+00:00
17304,"Across repeated observations, the thermostat is what stood out after a few weeks of mixed use; it has not given me trouble. No bullshit, this has been one of the better parts of the product. 🤷",positive,refrigerator,positive,refrigerator,0.9999490976333618,0.8200109601020813,True,True,technical,1,1,0,0,long,0,0,2026-08-16T19:00:32Z,2026-08-16T19:20:05.154404+00:00
17305,"I have been useing this laundry unit during a heavier-than-usual day, and the drainage motor remains basically average. I would neither recommend it nor warn people away. On the other hand, the rinse program has not given me trouble, which makes the overall picture more mixed.",neutral,washing_machine,neutral,washing_machine,0.9999855756759644,0.9996745586395264,True,True,standard,0,0,1,0,long,1,0,2026-08-16T19:00:32Z,2026-08-16T19:20:05.154404+00:00
17306,"not gonna lie, i have been using this video panel when someone else in the house used it, and the video input still performs consistently. I would buy it again.",positive,television,positive,television,0.9998999834060669,0.9976661205291748,True,True,advanced,0,0,0,1,medium,0,1,2026-08-16T19:00:32Z,2026-08-16T19:20:05.154404+00:00
17307,"after using it for work and at home, the cycle controls has stayed dependable. i noticed the change only in the new situation. it has earned my confidence. that said, the drainage motor feels ordinary after more use, so the experience is not completely one-sided. no bullshit, this has been one of the better parts of the product.",positive,washing_machine,positive,washing_machine,0.9999802112579346,0.9994482398033142,True,True,informal,1,0,0,0,long,1,0,2026-08-16T19:00:32Z,2026-08-16T19:20:05.154404+00:00
17308,My main impresison of this cell phone comes from the rear camera: it has been a disappointment after coming back to it after a few days. the behavior persisted across several attempts. this needs to improve.,negative,smartphone,negative,smartphone,0.9999788999557495,0.9991769194602966,True,True,advanced,0,0,1,0,long,0,0,2026-08-16T19:00:32Z,2026-08-16T19:20:05.154404+00:00
17309,"Under a representative operating profile, the wash drum is what stood out after a few weeks of mixed use; it works well even outside my usual routine. I have stopped worrying about this part of the product.",positive,washing_machine,positive,washing_machine,0.9999768733978271,0.9994321465492249,True,True,technical,0,0,0,0,long,0,1,2026-08-16T19:00:32Z,2026-08-16T19:20:05.154404+00:00
17310,the built-in audio is what stood out coming to it after a few days; it keeps acting up. i tried the same thing again later and got a similar result.,negative,television,negative,television,0.999968409538269,0.9992551207542419,True,True,limited,0,0,0,0,medium,0,1,2026-08-16T19:00:32Z,2026-08-16T19:20:05.154404+00:00
17311,The video input is what stood out outside my normal routine; it keeps acting up. the behavior persisted across several attempts. This shit should not be happening in routine use.,negative,television,negative,television,0.9999752044677734,0.9995173215866089,True,True,advanced,1,0,0,0,medium,0,0,2026-08-16T19:00:32Z,2026-08-16T19:20:05.154404+00:00
17312,"After using it for work and at home, the ice system remains basically average. I noticed the change only in the new situation. there is not much else to say. On the other hand, the cooling motor has been a disappointment, which makes the overall picture more mixed. Honestly 😬",neutral,refrigerator,neutral,refrigerator,0.9999889135360718,0.9996182918548584,True,True,standard,0,1,0,0,long,1,0,2026-08-16T19:00:32Z,2026-08-16T19:20:05.154404+00:00
17313,"When someone else in the house used it, the cooling motor holds up better than expected. I tried the same thing again later and got a similar result. 😂",positive,refrigerator,positive,refrigerator,0.9999313354492188,0.9982840418815613,True,True,advanced,0,1,0,0,medium,0,1,2026-08-16T19:00:32Z,2026-08-16T19:20:05.154404+00:00
17314,"After using it for work and at home, I noticed that the panel lighting on this video panel works well even outside my usual routine. a second check gave me the same result. That said, the interface fails in routine use, so the experience is not completely one-sided.",positive,television,positive,television,0.9998576641082764,0.9993701577186584,True,True,advanced,0,0,0,0,long,1,0,2026-08-16T19:00:32Z,2026-08-16T19:20:05.154404+00:00
17315,"From a practical reliability standpoint, imo, my main impression of this work phone comes from the USB port: it is difficult to trust after coming back to it after a few days. the behavior persisted across several attempts. I would hesitate to buy it again. 🙂",negative,smartphone,negative,smartphone,0.9999803304672241,0.9993155002593994,True,True,technical,0,1,0,1,long,0,1,2026-08-16T19:00:32Z,2026-08-16T19:20:05.154404+00:00
17316,"Outside my normal routine, I noticed that the streaming menu on this TV set works well even outside my usual routine. I noticed the change only in the new situation.",positive,television,positive,television,0.9999033212661743,0.9992541670799255,True,True,standard,0,0,0,0,medium,0,0,2026-08-16T19:00:32Z,2026-08-16T19:20:05.154404+00:00
17317,The apps is what stood out outside my normal routine; it remains basically average. a second check gave me the same result. I do not feel strongly either way.,neutral,smartphone,neutral,washing_machine,0.9999964237213135,0.5901681780815125,True,False,standard,0,0,0,0,medium,0,0,2026-08-16T19:00:32Z,2026-08-16T19:20:05.154404+00:00
17318,The thermostat is what stood out after a few weeks of mixed use; it keeps acitng up. I am considering a replacement.,negative,refrigerator,negative,refrigerator,0.9998088479042053,0.8772394061088562,True,True,advanced,0,0,1,0,medium,0,0,2026-08-16T19:00:32Z,2026-08-16T19:20:05.154404+00:00
17319,"i have been using this kitchen fridge after coming back to it after a few days, and the thermostat has been a pleasant surprise. i plan to keep using it. that said, the inside lighting has not changed my opinion much, the experience is not completely one-sided. kinda wild. 💀",positive,refrigerator,positive,refrigerator,0.9999097585678101,0.9998142123222351,True,True,limited,0,1,0,1,long,1,0,2026-08-16T19:00:32Z,2026-08-16T19:20:05.154404+00:00
17320,"I did not pay much attention to the battery life at first, but after a few weeks of mixed use it holds up better than expected.",positive,smartphone,positive,smartphone,0.9952720999717712,0.9991414546966553,True,True,standard,0,0,0,0,medium,0,0,2026-08-16T19:00:32Z,2026-08-16T19:20:05.154404+00:00
17321,"I have been using this refrigeration unit after taking it on a trip, and the ice system has become increasingly unreliable. this was different from my first impression.",negative,refrigerator,negative,refrigerator,0.9996621608734131,0.9993301630020142,True,True,advanced,0,0,0,0,medium,0,0,2026-08-16T19:00:32Z,2026-08-16T19:20:05.154404+00:00
17322,The battery life is what stood out after taking it on a trip; it breaks down when conditions change. I noticed the change only in the new situation.,negative,smartphone,negative,smartphone,0.9999097585678101,0.9991925358772278,True,True,advanced,0,0,0,0,medium,0,1,2026-08-16T19:00:32Z,2026-08-16T19:20:05.154404+00:00
17323,"I did not pay much attention to the thermostat at first, but after changing a few settings it works normally. a second check gave me the same result.",neutral,refrigerator,neutral,refrigerator,0.9999356269836426,0.9212453961372375,True,True,standard,0,0,0,0,medium,0,0,2026-08-16T19:00:32Z,2026-08-16T19:20:05.154404+00:00
17324,"I have been using this video panel after coming back to it after a few days, and the streaming menu works normally. someone else in the house noticed it too.",neutral,television,neutral,television,0.9997032284736633,0.9994788765907288,True,True,standard,0,0,0,0,medium,0,1,2026-08-16T19:00:32Z,2026-08-16T19:20:05.154404+00:00
17325,the freezer compartment is what stood out after taking it on a trip; it fails in normal use. i onticed the change only in the new situation. i am already looking at alternatives.,negative,refrigerator,negative,refrigerator,0.9999784231185913,0.9997851252555847,True,True,informal,0,0,1,0,medium,0,0,2026-08-16T19:00:32Z,2026-08-16T19:20:05.154404+00:00
17326,"I did not pay much attention to the door warning at first, but after using it for work and at home it has stayed dependable. the difference became clearer after a few more days.",positive,refrigerator,positive,refrigerator,0.9998792409896851,0.9995439648628235,True,True,advanced,0,0,0,0,long,0,0,2026-08-16T19:00:32Z,2026-08-16T19:20:05.154404+00:00
17327,"Across repeated observations, the rinse program is what stood out after using it for work and at home; it has not changed my opinion much. someone else in the house noticed it too.",neutral,washing_machine,neutral,washing_machine,0.9989359974861145,0.9997346997261047,True,True,technical,0,0,0,0,medium,0,1,2026-08-16T19:00:32Z,2026-08-16T19:20:05.154404+00:00
17328,"After useing it for work and at home, I noticed that the streaming menu on this screen unit continues to work without drama. this was different from my first impression.",positive,television,positive,television,0.9999063014984131,0.9993481040000916,True,True,standard,0,0,1,0,medium,0,1,2026-08-16T19:00:32Z,2026-08-16T19:20:05.154404+00:00
17329,"Under a representative operating profile, my main impression of this refrigeration unit comes from the shelf layout: it has turned into a recurring problem after a few weeks of mixed use. I tried the same thing again later and got a similar result.",negative,refrigerator,negative,refrigerator,0.9999814033508301,0.9996577501296997,True,True,technical,0,0,0,0,long,0,1,2026-08-16T19:00:32Z,2026-08-16T19:20:05.154404+00:00
17330,"i have been using this refrigeration unit after using it for work and at home, and the inside lighting has been a disappointment. the compressor fan tells a different story because it continues to work without drama.",negative,refrigerator,negative,refrigerator,0.9986172914505005,0.9997250437736511,True,True,informal,0,0,0,0,long,1,0,2026-08-16T19:00:32Z,2026-08-16T19:20:05.154404+00:00
17331,"Under ordinary operating conditions, i have been using this clothes washer after taking it on a trip, and the door latch has been a disappointment. this was different from my first impression. this is the part that makes me regret the purchase.",negative,washing_machine,negative,washing_machine,0.9999663829803467,0.9997541308403015,True,True,technical,0,0,0,0,long,0,0,2026-08-16T19:00:32Z,2026-08-16T19:20:05.154404+00:00
17332,my main impression of this living room display comes from the built-in audio: it works well even outside my usual routine after coming back to it after a few days. i plan to keep using it. 👎,positive,television,positive,television,0.9999583959579468,0.9993796348571777,True,True,informal,0,1,0,0,long,0,0,2026-08-16T19:00:32Z,2026-08-16T19:20:05.154404+00:00
17333,"lowkey, my main impression of this video panel comes from the sports motion: it is neither impressive nor bad after using it for work and at home. the difference became clearer after a few more days.",neutral,television,neutral,television,0.9999876022338867,0.9994485974311829,True,True,limited,0,0,0,1,long,0,0,2026-08-16T19:00:32Z,2026-08-16T19:20:05.154404+00:00
17334,"I did not pay much attention to the controller at first, but when someone else in the house used it it works well even outside my usual routine.",positive,television,positive,television,0.9994561076164246,0.540749192237854,True,True,standard,0,0,0,0,medium,0,0,2026-08-16T19:00:32Z,2026-08-16T19:20:05.154404+00:00
17335,The controller is what stood out during a heavier-than-usual day; it still performs consistently. I noticed the change only in the new situation. The interface tells a different story because it has not changed my opinion much.,positive,television,positive,television,0.9998568296432495,0.999441921710968,True,True,standard,0,0,0,0,long,1,0,2026-08-16T19:00:32Z,2026-08-16T19:20:05.154404+00:00
17336,"Across repeated observations, i did not pay much attention to the rear camera at first, but after taking it on a trip it continues to work without drama. this was different from my first impression. 😐",positive,smartphone,positive,smartphone,0.9999207258224487,0.9991986155509949,True,True,technical,0,1,0,0,long,0,0,2026-08-16T19:00:32Z,2026-08-16T19:20:05.154404+00:00
17337,"i did not pay much attention to the fill valve at first, but after changing a few settings it keeps acting up. i noticed the change only in the new situation. i am already looking at alternatives. Honestly 🤔",negative,washing_machine,negative,washing_machine,0.9999803304672241,0.999569833278656,True,True,informal,0,1,1,0,long,0,0,2026-08-16T19:00:32Z,2026-08-16T19:20:05.154404+00:00
17338,"Across repeated observations, my main impression of this television set comes from the panel lighting: it has turned into a recurring problem after taking it on a trip. I am considering a replacement.",negative,television,negative,television,0.9999750852584839,0.9993879795074463,True,True,technical,0,0,0,0,medium,0,0,2026-08-16T19:00:32Z,2026-08-16T19:20:05.154404+00:00
17339,"ngl, i have been using this mobile when someone else in the house used it, and the usb port breaks down when conditions change. someone else in the house noticed it too.",negative,smartphone,negative,smartphone,0.9998121857643127,0.9991878867149353,True,True,informal,0,0,0,1,medium,0,1,2026-08-16T19:00:32Z,2026-08-16T19:20:05.154404+00:00
17340,"i have been using this wash unit after using it for work and at home, and the drainage motor has become increasingly unreliable. someone else in the house noticed it too. i would hesitate to buy it again.",negative,washing_machine,negative,washing_machine,0.9999725818634033,0.9982889294624329,True,True,informal,0,0,0,0,long,0,0,2026-08-16T19:00:32Z,2026-08-16T19:20:05.154404+00:00
17341,the wireless connection is what stood out after taking it on a trip; it remains basically average. the difference became clearer after a few more days. i would neither recommend it nor warn people away.,neutral,television,neutral,television,0.9999979734420776,0.9995693564414978,True,True,informal,0,0,0,0,long,0,0,2026-08-16T19:00:32Z,2026-08-16T19:20:05.154404+00:00
17342,"after a few weeks of mixed use, i noticed that the shelf layout on this unit has been a pleasant surprise. i would it again.",positive,refrigerator,positive,refrigerator,0.9995177984237671,0.9847646355628967,True,True,limited,0,0,0,0,medium,0,0,2026-08-16T19:00:32Z,2026-08-16T19:20:05.154404+00:00
17343,My main impression of this wash unit comes from the door latch: it feels dependable in daily use during a heavier-than-usual day. the difference became clearer after a few more days.,positive,washing_machine,positive,washing_machine,0.9999035596847534,0.9995468258857727,True,True,advanced,0,0,0,0,medium,0,1,2026-08-16T19:00:32Z,2026-08-16T19:20:05.154404+00:00
17344,"tbh, i have been using this cold-storage after a few weeks of mixed use, and freezer compartment has stayed dependable. it has earned my confidence.",positive,refrigerator,positive,refrigerator,0.999932050704956,0.9992352724075317,True,True,limited,0,0,0,1,medium,0,1,2026-08-16T19:00:32Z,2026-08-16T19:20:05.154404+00:00
17345,"I did not pay much attention to the fill valve at first, but after a few weeks of mixed use it feels ordinary after more use. I noticed the change only in the new situation. it is adequate for now. Honestly, the damn thing is just average.",neutral,washing_machine,neutral,washing_machine,0.9999992847442627,0.9997038245201111,True,True,advanced,1,0,0,0,long,0,0,2026-08-16T19:00:32Z,2026-08-16T19:20:05.154404+00:00
17346,"when someone else in the house used it, i noticed that the earpiece on this new phone feels ordinary after more use. a second check gave me the same result.",neutral,smartphone,neutral,smartphone,0.9999822378158569,0.9974397420883179,True,True,informal,0,0,0,0,medium,0,0,2026-08-16T19:00:32Z,2026-08-16T19:20:05.154404+00:00
17347,"From a practical reliability standpoint, i did not pay much attention to the apps at first, but after coming back to it after a few days it is acceptable but unremarkable. The damn thing is basically fine.",neutral,smartphone,neutral,television,0.9999940395355225,0.5405035018920898,True,False,technical,1,0,0,0,long,0,0,2026-08-16T19:00:32Z,2026-08-16T19:20:05.154404+00:00
17348,"I have been using this cold-storage unit after taking it on a trip, and the compressor fan has not changed my opinion much. this was different from my first impression.",neutral,refrigerator,neutral,refrigerator,0.9998419284820557,0.9997112154960632,True,True,standard,0,0,0,0,medium,0,0,2026-08-16T19:00:32Z,2026-08-16T19:20:05.154404+00:00
17349,"After coming back to it after a few days, I noticed that the controller on this TV set is acceptable but unremarkable. this was different from my first impression.",neutral,television,neutral,television,0.999757707118988,0.9992007613182068,True,True,advanced,0,0,0,0,medium,0,1,2026-08-16T19:00:32Z,2026-08-16T19:20:05.154404+00:00
17350,"I did not pay much attention to the network reception at first, but after changing a few settings it works well even outside my usual routine. I repeated the check before writing this.",positive,smartphone,positive,smartphone,0.9999018907546997,0.9990311861038208,True,True,advanced,0,0,0,0,medium,0,0,2026-08-16T19:00:32Z,2026-08-16T19:20:05.154404+00:00
17351,"during a heavier-than-usual day, i noticed that the door warning this food cooler breaks down when conditions change. i noticed the change only in the new situation. 😐",negative,refrigerator,negative,refrigerator,0.9998121857643127,0.9997949004173279,True,True,limited,0,1,0,0,medium,0,0,2026-08-16T19:00:32Z,2026-08-16T19:20:05.154404+00:00
17352,"I have been using this clothes washer during a heavier-than-usual day, and the rinse program continues to work without drama. the difference became clearer after a few more days. on balance I am happy with it.",positive,washing_machine,positive,washing_machine,0.9999576807022095,0.999625563621521,True,True,advanced,0,0,0,0,long,0,0,2026-08-16T19:00:32Z,2026-08-16T19:20:05.154404+00:00
17353,The door warning is what stood out after changing a few settings; it works normally. someone else in the house noticed it too. I would neither recommend it nor warn people away.,neutral,refrigerator,neutral,refrigerator,0.9999970197677612,0.9997650980949402,True,True,advanced,0,0,0,0,medium,0,0,2026-08-16T19:00:32Z,2026-08-16T19:20:05.154404+00:00
17354,"I have been using this front-loading washer outside my normal routine, and the wash drum has stayed dependable. I noticed the change only in the new situation.",positive,washing_machine,positive,washing_machine,0.9997742772102356,0.9994351267814636,True,True,standard,0,0,0,0,medium,0,1,2026-08-16T19:00:32Z,2026-08-16T19:20:05.154404+00:00
17355,"I have been using this main fridge after changing a few settings, and the compressor fan has become increasingly unreliable. this was different from my first impression.",negative,refrigerator,negative,refrigerator,0.9996496438980103,0.9996829032897949,True,True,standard,0,0,0,0,medium,0,0,2026-08-16T19:00:32Z,2026-08-16T19:20:05.154404+00:00
17356,"I have been using this mobile when someone else in the house used it, and the battery life holds up better than expected. the behavior persisted across several attempts.",positive,smartphone,positive,smartphone,0.9999089241027832,0.9992668032646179,True,True,standard,0,0,0,0,medium,0,1,2026-08-16T19:00:32Z,2026-08-16T19:20:05.154404+00:00
17357,My main impression of this mobile comes from the network reception: it does the job after changing a few settings. I tried the same thing again later and got a similar result.,neutral,smartphone,neutral,smartphone,0.9999611377716064,0.9991536140441895,True,True,standard,0,0,0,0,medium,0,0,2026-08-16T19:00:32Z,2026-08-16T19:20:05.154404+00:00
17358,"otuside my normal routine, the built-in audio still performs consistently. 😬",positive,television,positive,television,0.9991890788078308,0.711207926273346,True,True,informal,0,1,1,0,short,0,1,2026-08-16T19:00:32Z,2026-08-16T19:20:05.154404+00:00
17359,"I have been using this pocket device after a few weeks of mixed use, and the rear camera has become increasingly unreliable. I repeated the check before writing this.",negative,smartphone,negative,smartphone,0.9991841912269592,0.9991233944892883,True,True,standard,0,0,0,0,medium,0,0,2026-08-16T19:00:32Z,2026-08-16T19:20:05.154404+00:00
17360,"i have been using this food cooler after coming back to it after a few days, and the shelf layout is acceptable but unremarkable.",neutral,refrigerator,neutral,refrigerator,0.9942535758018494,0.9974430799484253,True,True,informal,0,0,0,0,medium,0,0,2026-08-16T19:00:32Z,2026-08-16T19:20:05.154404+00:00
17361,"Under ordinary operating conditions, tbh, outside my normal routine, I noticed that the vibration on this wash unit works well even outside my usual routine. a second check gave me the same result. I plan to keep using it.",positive,washing_machine,positive,washing_machine,0.9999538660049438,0.9996696710586548,True,True,technical,0,0,0,1,long,0,0,2026-08-16T19:00:32Z,2026-08-16T19:20:05.154404+00:00
17362,"the interface is what tsood out after back to it after a few days; it is acceptable but unremarkable. i noticed the chaneg only in the new situation. i can live with it. honestly, the damn thing is just average. 😬",neutral,television,neutral,television,0.999997615814209,0.9994076490402222,True,True,limited,1,1,1,0,long,0,0,2026-08-16T19:00:32Z,2026-08-16T19:20:05.154404+00:00
17363,my main impression of this work phone comes from the network reception: it has turned into a recurring problem after changing a few settings. Honestly 😅,negative,smartphone,negative,smartphone,0.9995352029800415,0.9990517497062683,True,True,limited,0,1,0,0,medium,0,0,2026-08-16T19:00:32Z,2026-08-16T19:20:05.154404+00:00
17364,"outside my normal routine, the earpiece does the job. a second check gave me the same result.",neutral,smartphone,neutral,washing_machine,0.9997058510780334,0.3006218671798706,True,False,informal,0,0,0,0,medium,0,0,2026-08-16T19:00:32Z,2026-08-16T19:20:05.154404+00:00
17365,"lowkey, after taking it on a trip, i noticed that the earpiece on this work phone has not changed my opinion much. a second check gave the same result. i can live with it. 🔥",neutral,smartphone,neutral,smartphone,0.9999873638153076,0.9990445971488953,True,True,limited,0,1,0,1,long,0,0,2026-08-16T19:00:32Z,2026-08-16T19:20:05.154404+00:00
17366,"not gonna lie, the panel lighting is what stood out after changing a few settings; it feels dependable in daily use. the difference became clearer after a few more days. 😅",positive,television,positive,television,0.9996880292892456,0.8285613656044006,True,True,limited,0,1,0,1,medium,0,0,2026-08-16T19:00:32Z,2026-08-16T19:20:05.154404+00:00
17367,"I did not pay much attention to the thermostat at first, but after taking it on a trip it has turned into a recurring probelm.",negative,refrigerator,negative,refrigerator,0.9741248488426208,0.9837161302566528,True,True,standard,0,0,1,0,medium,0,0,2026-08-16T19:00:32Z,2026-08-16T19:20:05.154404+00:00
17368,"Outside my normal routine, the interface does the job. I tried the same thing again later and got a similar result. my opinion is still basically in the middle.",neutral,television,neutral,television,0.9999896287918091,0.9957192540168762,True,True,standard,0,0,0,0,medium,0,0,2026-08-16T19:00:32Z,2026-08-16T19:20:05.154404+00:00
17369,"tbh, during a heavier-than-usual day, i noticed the streaming menu on this tv set kepes getting in the way. the behavior persisted several attempts.",negative,television,negative,television,0.5319088101387024,0.9993960857391357,True,True,limited,0,0,1,1,medium,0,0,2026-08-16T19:00:32Z,2026-08-16T19:20:05.154404+00:00
17370,"Under a representative operating profile, i have been using this TV set during a heavier-than-usual day, and the interface breaks down when conditions change. I tried the same thing again later and got a similar result. I am already looking at alternatives. Honestly 😂",negative,television,negative,television,0.9999796152114868,0.9994532465934753,True,True,technical,0,1,0,0,long,0,0,2026-08-16T19:00:32Z,2026-08-16T19:20:05.154404+00:00
17371,"After changing a few settings, I noticed that the built-in audio on this TV set is acceptable but unremarkable.",neutral,television,neutral,television,0.997943103313446,0.993498682975769,True,True,advanced,0,0,0,0,medium,0,0,2026-08-16T19:00:32Z,2026-08-16T19:20:05.154404+00:00
17372,"i have been using this laundry unit after using it for work and at home, and the cycle controls works normally. someone else in the house noticed it i can live with it.",neutral,washing_machine,neutral,washing_machine,0.9998185038566589,0.9995806813240051,True,True,limited,0,0,0,0,medium,0,1,2026-08-16T19:00:32Z,2026-08-16T19:20:05.154404+00:00
17373,"after coming back to it after a few days, the picture quality has turned into a recurring problem. the difference became clearer after a few more days. i would not rely on it.",negative,television,negative,television,0.999982476234436,0.9995695948600769,True,True,limited,0,0,0,0,medium,0,0,2026-08-16T19:00:32Z,2026-08-16T19:20:05.154404+00:00
17374,The cycle controls is what stood out when someone else in the house used it; it is acceptable but unremarkable. my opinion is still basically in the middle. 😬,neutral,washing_machine,neutral,washing_machine,0.9999948740005493,0.9995771050453186,True,True,advanced,0,1,0,0,medium,0,0,2026-08-16T19:00:32Z,2026-08-16T19:20:05.154404+00:00
17375,"i did not pay much attention to the streaming menu at first, but outside my normal routine it holds up better than expected. for my use case, this is a keeper. i expected some crap here, but it has actually held up.",positive,television,positive,television,0.9999459981918335,0.9996249675750732,True,True,limited,1,0,0,0,long,0,0,2026-08-16T19:00:32Z,2026-08-16T19:20:05.154404+00:00
17376,"i have been using this cell phone when someone else in the house used it, and the fingerprint reader works well even outside my usual routine. the difference became clearer after a few more days.",positive,smartphone,positive,smartphone,0.9998891353607178,0.9991347193717957,True,True,informal,0,0,0,0,long,0,1,2026-08-16T19:00:32Z,2026-08-16T19:20:05.154404+00:00
17377,"My main impression of this screen unit comes from the built-in audio: it keeps acting up when someone else in the house used it. That said, the interface does the job, so the experience is not completely one-sided.",negative,television,negative,television,0.9999551773071289,0.9994933605194092,True,True,standard,0,0,0,0,long,1,0,2026-08-16T19:00:32Z,2026-08-16T19:20:05.154404+00:00
17378,"Under ordinary operating conditions, my main impression of this new washer comes from the drainage motor: it keeps getting in the way after a few weeks of mixed use. On the other hand, the spin program has been a pleasant surprise, which makes the overall picture more mixed. This shit should not be happening in normal use.",negative,washing_machine,negative,washing_machine,0.9999864101409912,0.9996856451034546,True,True,technical,1,0,0,0,long,1,0,2026-08-16T19:00:32Z,2026-08-16T19:20:05.154404+00:00
17379,"I did not pay much attention to the touch panel at first, but after changing a few settings it fails in normal use. I repeated the check before writing this. This is damn annoying.",negative,smartphone,negative,washing_machine,0.9999092817306519,0.7512761950492859,True,False,standard,1,0,0,0,long,0,1,2026-08-16T19:00:32Z,2026-08-16T19:20:05.154404+00:00
17380,"After a few weeks of mixed use, the touch panel still performs consistently. someone else in the house noticed it too.",positive,smartphone,positive,television,0.9998944997787476,0.7129297256469727,True,False,standard,0,0,0,0,medium,0,0,2026-08-16T19:00:32Z,2026-08-16T19:20:05.154404+00:00
17381,"my main impression of this clothes washer comes from the vibration: it is fine for what it is after changing a few settings. i tried the same thing again later and got a similar result. on the other the soap tray has turned into a recurring problem, which makes the overall picture more mixed.",neutral,washing_machine,neutral,washing_machine,0.9999867677688599,0.9996547698974609,True,True,limited,0,0,0,0,long,1,0,2026-08-16T19:00:32Z,2026-08-16T19:20:05.154404+00:00
17382,"Across repeated observations, i did not pay much attention to the panel lighting at first, but after using it for work and at home it has been a pleasant surprise. the difference became clearer after a few more days. for my use case, this is a keeper.",positive,television,positive,television,0.99996018409729,0.9574297666549683,True,True,technical,0,0,0,0,long,0,0,2026-08-16T19:00:32Z,2026-08-16T19:20:05.154404+00:00
17383,"i have been using this new phone after a few weeks of mixed use, and the rear camera is acceptable but unremarkable. the behavior persisted across several attempts.",neutral,smartphone,neutral,smartphone,0.9999628067016602,0.9992571473121643,True,True,informal,0,0,0,0,medium,0,0,2026-08-16T19:00:32Z,2026-08-16T19:20:05.154404+00:00
17384,"Under ordinary operating conditions, the picture quality is what stood out after a few weeks of mixed use; it is difficult to trust.",negative,television,negative,television,0.9949381351470947,0.8657661080360413,True,True,technical,0,0,0,0,medium,0,0,2026-08-16T19:00:32Z,2026-08-16T19:20:05.154404+00:00
17385,"I have been useing this kitchen fridge after a few weeks of mixed use, and the freezer compartment does the job. I tried the same thing again later and got a similar result. The damn tihng is basically fine. 🤔",neutral,refrigerator,neutral,refrigerator,0.9999966621398926,0.9997721314430237,True,True,advanced,1,1,1,0,long,0,1,2026-08-16T19:00:32Z,2026-08-16T19:20:05.154404+00:00
17386,"After coming back to it after a few days, the inside lighting has become increasingly unreliable. I noticed the change only in the new situation. This is damn annoying.",negative,refrigerator,negative,smartphone,0.9999839067459106,0.5353446006774902,True,False,standard,1,0,0,0,medium,0,0,2026-08-16T19:00:32Z,2026-08-16T19:20:05.154404+00:00
17387,"Across repeated observations, real talk, after a few weeks of mixed use, the soap tray is difficult to trust.",negative,washing_machine,negative,washing_machine,0.9831045269966125,0.9092815518379211,True,True,technical,0,0,0,1,medium,0,0,2026-08-16T19:00:32Z,2026-08-16T19:20:05.154404+00:00
17388,"after taking it on a trip, the rear camera feels ordinary after more use. the difference became clearer after a few more days. my poinion is still basically in the middle. that said, the touch panel works well even outside my usual routine, so the experience is not completely one-sided.",neutral,smartphone,neutral,smartphone,0.9999371767044067,0.9991371035575867,True,True,informal,0,0,1,0,long,1,1,2026-08-16T19:00:32Z,2026-08-16T19:20:05.154404+00:00
17389,"ngl, my main impression of this clothes washer comes from the drainage motor: it is acceptable but unremarkable during a heavier-than-usual day. I tried the same thing again later and got a similar result.",neutral,washing_machine,neutral,washing_machine,0.9999904632568359,0.9994297623634338,True,True,standard,0,0,0,1,long,0,1,2026-08-16T19:00:32Z,2026-08-16T19:20:05.154404+00:00
17390,"Outside my normal routine, the battery life has stayed dependable. I plan to keep using it.",positive,smartphone,positive,smartphone,0.999930739402771,0.998839795589447,True,True,standard,0,0,0,0,medium,0,0,2026-08-16T19:00:32Z,2026-08-16T19:20:05.154404+00:00
17391,"I did not pay much attention to the compressor fan at first, but after coming back to it after a few days it keeps acting up. a second check gave me the same result. 🔥",negative,refrigerator,negative,refrigerator,0.9999299049377441,0.9997827410697937,True,True,standard,0,1,0,0,long,0,0,2026-08-16T19:00:32Z,2026-08-16T19:20:05.154404+00:00
17392,"My main impression of this front-loading washer comes from the rinse program: it does the job after coming back to it after a few days. this was different from my first impression. The spin program tells a different story because it has stayed dependable. Honestly, the damn thing is just average.",neutral,washing_machine,neutral,washing_machine,0.9999978542327881,0.9997491240501404,True,True,standard,1,0,0,0,long,1,0,2026-08-16T19:00:32Z,2026-08-16T19:20:05.154404+00:00
17393,"Under a representative operating profile, real talk, my main impression of this cold-storage unit comes from the compressor fan: it has turned into a recurring problem after taking it on a trip. I repeated the check before writing this. This shit should not be happening in normal use.",negative,refrigerator,negative,refrigerator,0.9999841451644897,0.9997302889823914,True,True,technical,1,0,0,1,long,0,0,2026-08-16T19:00:32Z,2026-08-16T19:20:05.154404+00:00
17394,"After coming back to it after a few days, I noticed that the interface on this bedroom TV has become increasingly unreliable. I repeated the check before writing this.",negative,television,negative,television,0.9997720122337341,0.9990140199661255,True,True,standard,0,0,0,0,medium,0,0,2026-08-16T19:00:32Z,2026-08-16T19:20:05.154404+00:00
17395,"After repeated use under comparable conditions, after a few weeks of mixed use, I notiecd that the shelf layout on this cold-storage unit has not changed my opinion much. the difference became clearer after a few more days.",neutral,refrigerator,neutral,refrigerator,0.9999232292175293,0.9989151954650879,True,True,technical,0,0,1,0,long,0,0,2026-08-16T19:00:32Z,2026-08-16T19:20:05.154404+00:00
17396,"outside my normal routine, i noticed that the ice system on this kitchen fridge is acceptable but unremarkable. a second check gave me the same result. there is not much else to say. the other hand, thermostat has stayed dependable, which makes the overall picture more mixed. Honestly 😐",neutral,refrigerator,neutral,refrigerator,0.9999884366989136,0.9997954964637756,True,True,limited,0,1,0,0,long,1,0,2026-08-16T19:00:32Z,2026-08-16T19:20:05.154404+00:00
17397,"Under ordinary operating conditions, when someone else in the house used it, I noticed that the built-in audio on this bedroom TV is fine for what it is. the behavior persisted across several attempts. Honestly, the damn thing is just average. not great tbh.",neutral,television,neutral,television,0.999995231628418,0.9994503855705261,True,True,technical,1,0,0,1,long,0,0,2026-08-16T19:00:32Z,2026-08-16T19:20:05.154404+00:00
17398,the thermostat is what stood out when someone else in the house used it; it still performs consistently. i repeated the check before wriitng this. Honestly 🤔,positive,refrigerator,positive,refrigerator,0.999923825263977,0.9989176988601685,True,True,informal,0,1,1,0,medium,0,0,2026-08-16T19:00:32Z,2026-08-16T19:20:05.154404+00:00
17399,"I have been using this new refrigerator after a few weeks of mixed use, and the door warning breaks down when conditions change. someone else in the house noticed it too. 🔥",negative,refrigerator,negative,refrigerator,0.9998420476913452,0.9996312856674194,True,True,advanced,0,1,0,0,medium,0,0,2026-08-16T19:00:32Z,2026-08-16T19:20:05.154404+00:00
17400,My main impression of this television set comes from the wireless connection: it still performs consistently after taking it on a trip. this was different from my first impression.,positive,television,positive,television,0.9999257326126099,0.9994595646858215,True,True,standard,0,0,0,0,medium,0,1,2026-08-16T19:00:32Z,2026-08-16T19:20:05.154404+00:00
17401,after changing a few the spin program keeps acting up. this was different from my frist impression.,negative,washing_machine,negative,washing_machine,0.9990901947021484,0.995140552520752,True,True,limited,0,0,1,0,medium,0,0,2026-08-16T19:00:32Z,2026-08-16T19:20:05.154404+00:00
17402,the usb port is what stood out after coming back to it after a few days; it feels dependable in daily use.,positive,smartphone,positive,smartphone,0.9945106506347656,0.9991905093193054,True,True,informal,0,0,0,0,medium,0,0,2026-08-16T19:00:32Z,2026-08-16T19:20:05.154404+00:00
17403,my main impression of this pocket device comes from the network reception: it has been a disappointment after taking it on a trip. i repeated the check before writing this. i would not rely on it. this shit hsould not be happening in normal use.,negative,smartphone,negative,smartphone,0.999982476234436,0.9991933703422546,True,True,limited,1,0,1,0,long,0,0,2026-08-16T19:00:32Z,2026-08-16T19:20:05.154404+00:00
17404,"Under a representative operating profile, after using it for work and at home, I noticed that the ice system on this main fridge feels dependable in daily use. I tried the same thing again later and got a similar result.",positive,refrigerator,positive,refrigerator,0.999922513961792,0.9994757771492004,True,True,technical,0,0,0,0,long,0,1,2026-08-16T19:00:32Z,2026-08-16T19:20:05.154404+00:00
17405,"Under ordinary operating conditions, during a heavier-than-usual day, the call quality works normally. a second check gave me the same result.",neutral,smartphone,neutral,smartphone,0.9995629191398621,0.9930620789527893,True,True,technical,0,0,0,0,medium,0,0,2026-08-16T19:00:32Z,2026-08-16T19:20:05.154404+00:00
17406,The video input is what stood out when someone else in the house used it; it fails in normal use. the behavior persisted across several attempts. I am tired of this crap.,negative,television,negative,television,0.9999696016311646,0.999497652053833,True,True,standard,1,0,0,0,medium,0,0,2026-08-16T19:00:32Z,2026-08-16T19:20:05.154404+00:00
17407,my main impression of this kitchen fridge comes from the inside lighting: it is acceptable but unremarkable after using it for work and at home. i tried the same thing again later and got a similar result. there is no major crap to complain about here.,neutral,refrigerator,neutral,refrigerator,0.9999985694885254,0.999747097492218,True,True,informal,1,0,0,0,long,0,0,2026-08-16T19:00:32Z,2026-08-16T19:20:05.154404+00:00
17408,"I did not pay much attention to the shelf layout at first, but after using it for work and at home it is neither impressive nor bad. this was diferent from my first impression. I would neither recommend it nor warn people away. On the other hand, the gasket keeps getting in the way, which makes the on balance picture more mixed. The damn thing is basically fine.",neutral,refrigerator,neutral,refrigerator,0.9999984502792358,0.9998049139976501,True,True,advanced,1,0,1,0,long,1,0,2026-08-16T19:00:32Z,2026-08-16T19:20:05.154404+00:00
17409,"The fill valve is what stood out during a heavier-than-usual day; it keeps getting in the way. this was different from my first impression. That said, the soap tray has been a pleasant surprise, so the experience is not completely one-sided. The damn thing keeps getting in the way.",negative,washing_machine,negative,washing_machine,0.9999767541885376,0.9996862411499023,True,True,advanced,1,0,0,0,long,1,0,2026-08-16T19:00:32Z,2026-08-16T19:20:05.154404+00:00
17410,"not gonna lie, the door latch is what stood out after using it for work and at home; it keeps getting in the way. a second check gave me the same result. 😅",negative,washing_machine,negative,washing_machine,0.999936580657959,0.9997598528862,True,True,advanced,0,1,0,1,medium,0,0,2026-08-16T19:00:32Z,2026-08-16T19:20:05.154404+00:00
17411,"Under a representative operating profile, the cycle controls is what stood out after using it for work and at home; it still performs consistently. I repeated the check before writing this. overall I am happy with it.",positive,washing_machine,positive,washing_machine,0.9999592304229736,0.9997062087059021,True,True,technical,0,0,0,0,long,0,1,2026-08-16T19:00:32Z,2026-08-16T19:20:05.154404+00:00
17412,the touch panel is what stood out during a heavier-than-usual day; it has a pleasant surprise. i noticed the change only in the new situation.,positive,smartphone,positive,refrigerator,0.9998185038566589,0.318719744682312,True,False,limited,0,0,0,0,medium,0,0,2026-08-16T19:00:32Z,2026-08-16T19:20:05.154404+00:00
17413,"imo, after using it for work and at home, I noticed that the cooling motor on this new refrigerator still performs consistently. it has earned my confidence.",positive,refrigerator,positive,refrigerator,0.9999679327011108,0.9994902610778809,True,True,advanced,0,0,0,1,medium,0,0,2026-08-16T19:00:32Z,2026-08-16T19:20:05.154404+00:00
17414,"I did not pay much atetntion to the spin program at first, but during a heavier-than-usual day it works normally. the behavior persisted across several attempts.",neutral,washing_machine,neutral,washing_machine,0.9998406171798706,0.9995887875556946,True,True,standard,0,0,1,0,medium,0,0,2026-08-16T19:00:32Z,2026-08-16T19:20:05.154404+00:00
17415,"After taking it on a trip, the cycle controls feels ordinary after more use. I tried the same thing again later and got a similar result. I would neither recommend it nor warn people away.",neutral,washing_machine,neutral,washing_machine,0.9999967813491821,0.9995771050453186,True,True,standard,0,0,0,0,long,0,0,2026-08-16T19:00:32Z,2026-08-16T19:20:05.154404+00:00
17416,"outside my normal routine, i noticed that the network reception on this work phone continues to work without drama. the difference became clearer after a few more days.",positive,smartphone,positive,smartphone,0.9999048709869385,0.9990845918655396,True,True,informal,0,0,0,0,medium,0,0,2026-08-16T19:00:32Z,2026-08-16T19:20:05.154404+00:00
17417,"during a heavier-than-usual day, the controller remains basically average.",neutral,television,neutral,television,0.999895453453064,0.46115806698799133,True,True,informal,0,0,0,0,short,0,1,2026-08-16T19:00:32Z,2026-08-16T19:20:05.154404+00:00
17418,"real talk, my main impression of this bedroom TV comes from the sports motion: it has become increasingly unreliable during a heavier-than-usual day. Honestly 🤷",negative,television,negative,television,0.9998171925544739,0.9994478821754456,True,True,standard,0,1,0,1,medium,0,0,2026-08-16T19:00:32Z,2026-08-16T19:20:05.154404+00:00
17419,"honestly tho, i did not pay much attention to the inside lighting at first, but after using it for work and at home it has not given me trouble. someone else in the house noticed it too. No bullshit, this has been one of the better parts of the product.",positive,refrigerator,positive,refrigerator,0.9999804496765137,0.9995232820510864,True,True,standard,1,0,0,1,long,0,0,2026-08-16T19:00:32Z,2026-08-16T19:20:05.154404+00:00
17420,"I did not pay much attention to the drainage motor at first, but after a few weeks of mixed use it feels ordinary after more use. I noticed the change only in the new situation. It is not amazing, but it is not bullshit either.",neutral,washing_machine,neutral,washing_machine,0.9999984502792358,0.9979124665260315,True,True,standard,1,0,0,0,long,0,0,2026-08-16T19:00:32Z,2026-08-16T19:20:05.154404+00:00
17421,"Under a representative operating profile, honestly tho, my main impression of this pocket device comes from the USB port: it has stayed dependable after taking it on a trip. the difference became clearer after a few more days.",positive,smartphone,positive,smartphone,0.999915361404419,0.9991186261177063,True,True,technical,0,0,0,1,long,0,0,2026-08-16T19:00:32Z,2026-08-16T19:20:05.154404+00:00
17422,"Under a representative operating profile, the controller is what stood out after useing it for work and at home; it works well even outside my usual routine. I noticed the change only in the new situation. overall I am happy with it. On the other hand, the built-in audio does the job, which makes the overall picture more mixed. for real.",positive,television,positive,television,0.9999133348464966,0.9995453953742981,True,True,technical,0,0,1,1,long,1,0,2026-08-16T19:00:32Z,2026-08-16T19:20:05.154404+00:00
17423,"ngl, after a of mixed use, the thermostat breaks down when conditions change. a second check gave me the same result. this needs to improve.",negative,refrigerator,negative,refrigerator,0.9999747276306152,0.9753594398498535,True,True,limited,0,0,0,1,medium,0,0,2026-08-16T19:00:32Z,2026-08-16T19:20:05.154404+00:00
17424,"Under ordinary operating conditions, my main impression of this wash unit comes from the wash drum: it is acceptable but unremarkable after a few weeks of mixed use. I tried the same thing again later and got a similar result.",neutral,washing_machine,neutral,washing_machine,0.9999895095825195,0.9995177984237671,True,True,technical,0,0,0,0,long,0,0,2026-08-16T19:00:32Z,2026-08-16T19:20:05.154404+00:00
17425,"Across repeated observations, after coming back to it after a few days, the cycle controls does the job. I tried the same thing again later and got a similar result. I can live with it. Honestly 🤷",neutral,washing_machine,neutral,washing_machine,0.9999840259552002,0.9963729381561279,True,True,technical,0,1,0,0,long,0,0,2026-08-16T19:00:32Z,2026-08-16T19:20:05.154404+00:00
17426,"honestly tho, i did not pay much attention to the wireless connection at first, but after taking it on a trip it keeps getting in the way. i repeated the check before writing this.",negative,television,negative,washing_machine,0.9997928738594055,0.42505890130996704,True,False,informal,0,0,0,1,long,0,1,2026-08-16T19:00:32Z,2026-08-16T19:20:05.154404+00:00
17427,"During a heavier-than-usual day, I noticed that the USB port on this mobile has been a pleasant surprise. someone else in the house noticed it too. I expected some crap here, but it has actually held up.",positive,smartphone,positive,smartphone,0.9999452829360962,0.9992596507072449,True,True,standard,1,0,0,0,long,0,0,2026-08-16T19:00:32Z,2026-08-16T19:20:05.154404+00:00
17428,the thermostat is what stood out after coming back to it after a few days; it keeps getting in way. a second check gave me the same result. the damn thing keeps getting in the way. kinda wild.,negative,refrigerator,negative,refrigerator,0.999981164932251,0.9981353282928467,True,True,limited,1,0,1,1,long,0,0,2026-08-16T19:00:32Z,2026-08-16T19:20:05.154404+00:00
17429,"ngl, outside my normal routine, I noticed that the rinse program on this laundry unit keeps getting in the way. someone else in the house noticed it too. The fill valve tells a different story because it feels dependable in daily use.",negative,washing_machine,negative,washing_machine,0.9999643564224243,0.9997124075889587,True,True,standard,0,0,0,1,long,1,0,2026-08-16T19:00:32Z,2026-08-16T19:20:05.154404+00:00
17430,"after coming back to it after a few days, i noticed that the gasket on this refrigeration unit holds up better than expected. i tried the same thing again later and got a similar result.",positive,refrigerator,positive,refrigerator,0.9999276399612427,0.9969832301139832,True,True,informal,0,0,0,0,long,0,0,2026-08-16T19:00:32Z,2026-08-16T19:20:05.154404+00:00
17431,"I did not pay much attention to the rinse program at first, but after coming back to it after a few days it breaks down when conditions change. I repeated the check before writing this.",negative,washing_machine,negative,washing_machine,0.9998952150344849,0.9996517896652222,True,True,advanced,0,0,0,0,long,0,1,2026-08-16T19:00:32Z,2026-08-16T19:20:05.154404+00:00
17432,The compressor fan is what stood out after a few weeks of mixed use; it has stayed dependable. I noticed the change only in the new situation.,positive,refrigerator,positive,refrigerator,0.9996850490570068,0.9997101426124573,True,True,standard,0,0,0,0,medium,0,0,2026-08-16T19:00:32Z,2026-08-16T19:20:05.154404+00:00
17433,"when someone else in the house used it, i noticed that the spin program on this wash unit has turned into a recurring problem. someone else in the house noticed it too. this shit should not be happening in normal use.",negative,washing_machine,negative,washing_machine,0.9999845027923584,0.9996761083602905,True,True,informal,1,0,0,0,long,0,0,2026-08-16T19:00:32Z,2026-08-16T19:20:05.154404+00:00
17434,"imo, i have been using this new phone after a few weeks of mixed use, the touch panel keeps acting up.",negative,smartphone,negative,smartphone,0.9842008948326111,0.9987741112709045,True,True,limited,0,0,0,1,medium,0,0,2026-08-16T19:00:32Z,2026-08-16T19:20:05.154404+00:00
17435,"Across repeated observations, after taking it on a trip, I noticed that the USB port on this cell phone still performs consistently. I tried the same thing again later and got a similar result.",positive,smartphone,positive,smartphone,0.9999326467514038,0.9991433620452881,True,True,technical,0,0,0,0,long,0,1,2026-08-16T19:00:32Z,2026-08-16T19:20:05.154404+00:00
17436,"Under a representative operating profile, i have been using this cell phone when someone else in the house used it, and the earpiece feels dependable in daily use. a second check gave me the same result. overall I am happy with it. I expected some crap here, but it has actually held up.",positive,smartphone,positive,smartphone,0.999946117401123,0.9992691874504089,True,True,technical,1,0,0,0,long,0,0,2026-08-16T19:00:32Z,2026-08-16T19:20:05.154404+00:00
17437,the interface is what stood out when someone else in the house used it; it remains basically average. a second check gave me the same result. it is adequate for now. 🙂,neutral,television,neutral,television,0.999996542930603,0.9988370537757874,True,True,informal,0,1,0,0,medium,0,0,2026-08-16T19:00:32Z,2026-08-16T19:20:05.154404+00:00
17438,My main impression of this video panel comes from the picture quality: it feels ordinary after more use after coming back to it after a few days. a second check gave me the same result.,neutral,television,neutral,television,0.9999638795852661,0.9994008541107178,True,True,standard,0,0,0,0,long,0,0,2026-08-16T19:00:32Z,2026-08-16T19:20:05.154404+00:00
17439,"i have been using this television set after coming back to it after few days, and the wireless connection has not changed my opinion much. i repeated the check before writing this.",neutral,television,neutral,television,0.9997115731239319,0.9994736313819885,True,True,limited,0,0,0,0,medium,0,0,2026-08-16T19:00:32Z,2026-08-16T19:20:05.154404+00:00
17440,"I did not pay much attention to the sports motion at first, but after a few weeks of mixed use it has not changed my opinion much. I tried the same thing again later and got a similar result. there is not much else to say. Honestly 🤔",neutral,television,neutral,television,0.9999951124191284,0.99954754114151,True,True,standard,0,1,0,0,long,0,1,2026-08-16T19:00:32Z,2026-08-16T19:20:05.154404+00:00
17441,"After a few weeks of mixed use, the sports motion keeps acting up. I tried the same thing again later and got a similar result. That said, the video inptu wokrs normally, so the experience is not completely one-sided.",negative,television,negative,television,0.9999579191207886,0.9994608759880066,True,True,standard,0,0,1,0,long,1,0,2026-08-16T19:00:32Z,2026-08-16T19:20:05.154404+00:00
17442,"My main impression of this mobile comes from the rear camera: it worsk well even outside my usual routine outside my normla routine. it has earned my confidence. Damn, I did not expect this part to be this solid. 🔥",positive,smartphone,positive,smartphone,0.9999598264694214,0.9992561936378479,True,True,standard,1,1,1,0,long,0,0,2026-08-16T19:00:32Z,2026-08-16T19:20:05.154404+00:00
17443,"I did not pay much attention to the rear camera at first, but after taking it on a trip it has not changed my opinion much. I tried the same thing again later and got a similar result. it is adequate for now. idk.",neutral,smartphone,neutral,smartphone,0.9999972581863403,0.9991933703422546,True,True,standard,0,0,0,1,long,0,0,2026-08-16T19:00:32Z,2026-08-16T19:20:05.154404+00:00
17444,"my main impression of this living room display comes from the controller: it works well even outside my usual routine after using it for work and at home. someone else in the house noticed it too. no bullshit, this has been one of the better parts of the product.",positive,television,positive,television,0.9999804496765137,0.9991884827613831,True,True,informal,1,0,0,0,long,0,0,2026-08-16T19:00:32Z,2026-08-16T19:20:05.154404+00:00
17445,"I did not pay much attention to the spin program at first, but after taking it on a trip it keeps cating up. this needs to improve. This is damn annoying. Honestly 🤔",negative,washing_machine,negative,washing_machine,0.9999688863754272,0.9997166991233826,True,True,standard,1,1,1,0,medium,0,0,2026-08-16T19:00:32Z,2026-08-16T19:20:05.154404+00:00
17446,the cycle controls is what stood out after changing a few settings; it has turned into a recurring probelm. this was different from my first impression.,negative,washing_machine,negative,washing_machine,0.998730480670929,0.9996076226234436,True,True,informal,0,0,1,0,medium,0,0,2026-08-16T19:00:32Z,2026-08-16T19:20:05.154404+00:00
17447,"i have been using this kitchen fridge after changing a few settings, and the inside lighting has become increasingly unreliable. the difference became clearer after a few more days.",negative,refrigerator,negative,refrigerator,0.9999161958694458,0.999470055103302,True,True,informal,0,0,0,0,medium,0,0,2026-08-16T19:00:32Z,2026-08-16T19:20:05.154404+00:00
17448,My main impression of this living room display comes from the wireless conection: it has been a disappointment after changing a few settings. I noticed the change only in the new situation. 💀,negative,television,negative,television,0.9997101426124573,0.9993612170219421,True,True,advanced,0,1,1,0,medium,0,1,2026-08-16T19:00:32Z,2026-08-16T19:20:05.154404+00:00
17449,"tbh, i have been using this cell phone after a few weeks of mixed use, and the USB port breaks down when conditions change. I noticed the change only in the new situation. I would hesitate to buy it again. I am tired of this crap.",negative,smartphone,negative,smartphone,0.9999853372573853,0.9991724491119385,True,True,standard,1,0,0,1,long,0,0,2026-08-16T19:00:32Z,2026-08-16T19:20:05.154404+00:00
17450,"fr, i did not pay much attention to the gasket at first, but after a few weeks of mixed use it has not given me trouble. a second check gave me the same result. That said, the door warning has not changed my opinion much, so the experience is not completely one-sided.",positive,refrigerator,positive,refrigerator,0.9998359680175781,0.9997003078460693,True,True,standard,0,0,0,1,long,1,0,2026-08-16T19:00:32Z,2026-08-16T19:20:05.154404+00:00
17451,"imo, when someone else in the house used it, I noticed that the rear camera on this mobile fails in normal use. I noticed the change only in the new situation.",negative,smartphone,negative,smartphone,0.9999284744262695,0.9990915060043335,True,True,standard,0,0,0,1,medium,0,1,2026-08-16T19:00:32Z,2026-08-16T19:20:05.154404+00:00
17452,The ice system is what stood out after coming back to it after a few days; it worsk well even outside my usual routine. I noticed the change only in the new situation. I plan to keep useing it.,positive,refrigerator,positive,refrigerator,0.9999550580978394,0.9997479319572449,True,True,advanced,0,0,1,0,long,0,0,2026-08-16T19:00:32Z,2026-08-16T19:20:05.154404+00:00
17453,"Across repeated observations, my main impression of this new refrigerator comes from the freezer compartment: it keeps getting in the way after taking it on a trip.",negative,refrigerator,negative,refrigerator,0.9997550845146179,0.9995777010917664,True,True,technical,0,0,0,0,medium,0,0,2026-08-16T19:00:32Z,2026-08-16T19:20:05.154404+00:00
17454,my main impression of this work phone comes from the usb port: it works normally during a heavier-than-usual day. i tried the same thing again later and got a similar result.,neutral,smartphone,neutral,smartphone,0.999948263168335,0.9991601705551147,True,True,informal,0,0,0,0,medium,0,0,2026-08-16T19:00:32Z,2026-08-16T19:20:05.154404+00:00
17455,"From a practical reliability standpoint, my main impression of this video panel comes from the wireless connection: it works well even outside my usual routine after taking it on a trip.",positive,television,positive,television,0.9999020099639893,0.9987039566040039,True,True,technical,0,0,0,0,medium,0,0,2026-08-16T19:00:32Z,2026-08-16T19:20:05.154404+00:00
17456,"i did not pay much attention to the sports motion at first, but during a heavier-than-usual day it has become increasingly unreliable. someone else in the house noticed it too. this shit should not be happening in normal use.",negative,television,negative,television,0.9999830722808838,0.9994896650314331,True,True,informal,1,0,0,0,long,0,0,2026-08-16T19:00:32Z,2026-08-16T19:20:05.154404+00:00
17457,the spin program is what stood out after coming back to it after a few days; it fails in normal use. the difference became clearer after a few more days.,negative,washing_machine,negative,washing_machine,0.9999375343322754,0.9995470643043518,True,True,informal,0,0,0,0,medium,0,0,2026-08-16T19:00:32Z,2026-08-16T19:20:05.154404+00:00
17458,"after using it for work and at home, the cooling motor works normally. the behavior persisted across several i can live with it.",neutral,refrigerator,neutral,refrigerator,0.9996676445007324,0.9760923385620117,True,True,limited,0,0,0,0,medium,0,0,2026-08-16T19:00:32Z,2026-08-16T19:20:05.154404+00:00
17459,"when someone else in the house used it, the call quality is neither impressive nor bad. there is not much else to say.",neutral,smartphone,neutral,smartphone,0.9999916553497314,0.7808064818382263,True,True,informal,0,0,0,0,medium,0,0,2026-08-16T19:00:32Z,2026-08-16T19:20:05.154404+00:00
17460,"during a heavier-than-usual day, i noticed that the sports motion on this screen unit feles dependable in daily use. i noticed the change only in the new situation. for my use case, this is a keeper.",positive,television,positive,television,0.9999470710754395,0.9995108842849731,True,True,informal,0,0,1,0,long,0,0,2026-08-16T19:00:32Z,2026-08-16T19:20:05.154404+00:00
17461,"Across repeated observations, i did not pay much attention to the rinse program at first, but after a few weeks of mixed use it has turned into a recurring problem. I tried the same thing again later and got a similar result. This is damn annoying.",negative,washing_machine,negative,washing_machine,0.9999873638153076,0.9996738433837891,True,True,technical,1,0,0,0,long,0,0,2026-08-16T19:00:32Z,2026-08-16T19:20:05.154404+00:00
17462,"After repeated use under comparable conditions, i have been using this work phone when someone else in the house used it, and the USB port has not given me trouble. I tried the same thing again later and got a similar result. for my use case, this is a keeper.",positive,smartphone,positive,smartphone,0.999961256980896,0.9992861151695251,True,True,technical,0,0,0,0,long,0,0,2026-08-16T19:00:32Z,2026-08-16T19:20:05.154404+00:00
17463,"Across repeated observations, after using it for work and at home, I noticed that the shelf layout on this kitchen fridge breaks down when conditions change.",negative,refrigerator,negative,refrigerator,0.9955477714538574,0.9991674423217773,True,True,technical,0,0,0,0,medium,0,0,2026-08-16T19:00:32Z,2026-08-16T19:20:05.154404+00:00
17464,the usb port is what stood out after changing a few settings; it has become increasingly unreliable. i tried the same thing again later and got a similar result. this needs to improve.,negative,smartphone,negative,smartphone,0.9999868869781494,0.9991706609725952,True,True,informal,0,0,0,0,medium,0,0,2026-08-16T19:00:32Z,2026-08-16T19:20:05.154404+00:00
17465,"lowkey, my main impression of this kitchen fridge comes from the compressor fan: it keeps acting up when someone else in the house used it. this was different from my first impression. That said, the door warning is fine for what it is, so the experience is not completely one-sided.",negative,refrigerator,negative,refrigerator,0.9999618530273438,0.9997368454933167,True,True,advanced,0,0,0,1,long,1,0,2026-08-16T19:00:32Z,2026-08-16T19:20:05.154404+00:00
17466,"honestly tho, during a heavier-than-usual day, I noticed that the inside lighting on this kitchen fridge has been a disappointment. I noticed the change only in the new situation. I am tired of this crap.",negative,refrigerator,negative,refrigerator,0.9999713897705078,0.9996707439422607,True,True,advanced,1,0,0,1,long,0,1,2026-08-16T19:00:32Z,2026-08-16T19:20:05.154404+00:00
17467,"Under a representative operating profile, i did not pay much attention to the intefrace at first, but after a few weeks of mixed use it fails in normal use. the behavior persisted across several attempts. This is damn annoying.",negative,television,negative,television,0.9999289512634277,0.5134101510047913,True,True,technical,1,0,1,0,long,0,0,2026-08-16T19:00:32Z,2026-08-16T19:20:05.154404+00:00
17468,My main impression of this daily driver comes from the earpiece: it is fine for what it is fater changing a few settings. my opinion is still basically in the middle.,neutral,smartphone,neutral,smartphone,0.9999963045120239,0.9990423321723938,True,True,standard,0,0,1,0,medium,0,0,2026-08-16T19:00:32Z,2026-08-16T19:20:05.154404+00:00
17469,"From a practical reliability standpoint, my main impression of this video panel comes from the controller: it works normally after a few weeks of mixed use. The video input tells a different story because it has turned into a recurring problem.",neutral,television,neutral,television,0.9999582767486572,0.9994997978210449,True,True,technical,0,0,0,0,long,1,1,2026-08-16T19:00:32Z,2026-08-16T19:20:05.154404+00:00
17470,"After repeated use under comparable conditions, outside my noraml routine, the door warning does the job.",neutral,refrigerator,neutral,refrigerator,0.9404096007347107,0.7467699646949768,True,True,technical,0,0,1,0,medium,0,0,2026-08-16T19:00:32Z,2026-08-16T19:20:05.154404+00:00
17471,"Across repeated observations, after taking it on a trip, I noticed that the freezer compartment on this food cooler breaks down when conditions change. the difference became clearer after a few more days. I am tired of this crap. Honestly 🙃",negative,refrigerator,negative,refrigerator,0.999980092048645,0.9996724128723145,True,True,technical,1,1,0,0,long,0,0,2026-08-16T19:00:32Z,2026-08-16T19:20:05.154404+00:00
17472,"honestly tho, the usb port is what stood out after using it for and at home; it remains basically average. someone else in the house noticed it too. there is not much else say. there is no major crap to complain about here.",neutral,smartphone,neutral,smartphone,0.9999988079071045,0.9992027878761292,True,True,limited,1,0,0,1,long,0,1,2026-08-16T19:00:32Z,2026-08-16T19:20:05.154404+00:00
17473,"i have been using this machine during a heavier-than-usual day, and the drainage motor feels dependable in daily use. else in the house noticed it too. the damn thing surprised me in a good way.",positive,washing_machine,positive,washing_machine,0.9999423027038574,0.9995848536491394,True,True,limited,1,0,0,0,long,0,0,2026-08-16T19:00:32Z,2026-08-16T19:20:05.154404+00:00
17474,"after a few weeks of mixed use, i noticed that the built-in audio on this tv set still performs consistently. i tried the same thing again later and got a similar result. i plan to keep using it.",positive,television,positive,television,0.9999539852142334,0.9994726777076721,True,True,limited,0,0,0,0,long,0,0,2026-08-16T19:00:32Z,2026-08-16T19:20:05.154404+00:00
17475,"From a practical reliability standpoint, i did not pay much attention to the cooling motor at first, but during a heavier-than-usual day it remains basically average. someone else in the house noticed it too. my opinion is still basically in the middle. 😬",neutral,refrigerator,neutral,refrigerator,0.9999963045120239,0.9996684789657593,True,True,technical,0,1,0,0,long,0,0,2026-08-16T19:00:32Z,2026-08-16T19:20:05.154404+00:00
17476,the battery life is what stood out after taking it on a trip; it is difficult to trust. the behavior persisted across several attempts.,negative,smartphone,negative,smartphone,0.998909592628479,0.9992659687995911,True,True,limited,0,0,0,0,medium,0,0,2026-08-16T19:00:32Z,2026-08-16T19:20:05.154404+00:00
17477,"the freezer compartment is what stood out after a few weeks of mixed use; it has been a pleasant surprise. i noticed the change only in the new situation. no bullshit, this has been one of the better parts of the product. idk.",positive,refrigerator,positive,refrigerator,0.9999622106552124,0.999728262424469,True,True,informal,1,0,0,1,long,0,0,2026-08-16T19:00:32Z,2026-08-16T19:20:05.154404+00:00
17478,"i did not pay much attention to the gasket at first, but after using it for work and at home it is fine for what it is. the damn thing is basically fine.",neutral,refrigerator,neutral,refrigerator,0.9999831914901733,0.9985772371292114,True,True,informal,1,0,0,0,medium,0,1,2026-08-16T19:00:32Z,2026-08-16T19:20:05.154404+00:00
17479,"after coming back it after a few days, the door warning has been a pleasant surprise.",positive,refrigerator,positive,refrigerator,0.9936211705207825,0.9295428395271301,True,True,limited,0,0,0,0,medium,0,0,2026-08-16T19:00:32Z,2026-08-16T19:20:05.154404+00:00
17480,"Under ordinary operating conditions, during a heavier-than-usual day, the wash drum is neither impressive nor bad. I would neither recommend it nor warn people away.",neutral,washing_machine,neutral,washing_machine,0.9999969005584717,0.9995868802070618,True,True,technical,0,0,0,0,medium,0,0,2026-08-16T19:00:32Z,2026-08-16T19:20:05.154404+00:00
17481,"Under a representative operating profile, the battery life is what stood out after using it for work and at home; it does the job. a second check gave me the same result.",neutral,smartphone,neutral,smartphone,0.9992413520812988,0.9991390705108643,True,True,technical,0,0,0,0,medium,0,0,2026-08-16T19:00:32Z,2026-08-16T19:20:05.154404+00:00
17482,"After coming back to it after a few days, the door latch is neither impressive nor bad. the difference became clearer after a few more days. It is not amazing, but it is not bullshit either. Honestly 😬",neutral,washing_machine,neutral,washing_machine,0.9999959468841553,0.9995566010475159,True,True,advanced,1,1,0,0,long,0,0,2026-08-16T19:00:32Z,2026-08-16T19:20:05.154404+00:00
17483,The network reception is what stood out after taking it on a trip; it has been a disappointment. This is damn annoying.,negative,smartphone,negative,smartphone,0.9977837204933167,0.9990743398666382,True,True,advanced,1,0,0,0,medium,0,0,2026-08-16T19:00:32Z,2026-08-16T19:20:05.154404+00:00
17484,"I did not pay much attention to the wireless connection at first, but after taking it on a trip it continues to work without drama. I tried the same thing again later and got a similar result. it has earned my confidence.",positive,television,positive,television,0.999972939491272,0.9992927312850952,True,True,standard,0,0,0,0,long,0,0,2026-08-16T19:00:32Z,2026-08-16T19:20:05.154404+00:00
17485,my main impression of this erfrigeration unit from the inside lighting: is acceptable but unremarkable after coming back to it after a few days.,neutral,refrigerator,neutral,refrigerator,0.999518632888794,0.9735341668128967,True,True,limited,0,0,1,0,medium,0,0,2026-08-16T19:00:32Z,2026-08-16T19:20:05.154404+00:00
17486,"After repeated use under comparable conditions, after taking it on a trip, I noticed that the cycle controls on this new washer keeps acting up. I tried the same thing again later and got a similar result. I would not rely on it. kinda wild.",negative,washing_machine,negative,washing_machine,0.9999842643737793,0.999674916267395,True,True,technical,0,0,0,1,long,0,0,2026-08-16T19:00:32Z,2026-08-16T19:20:05.154404+00:00
17487,"I have been using this new washer during a heavier-than-usual day, and the spin program feels dependable in daily use. the difference became clearer after a few more days. I expected some crap here, but it has actually held up.",positive,washing_machine,positive,washing_machine,0.9999363422393799,0.9997346997261047,True,True,advanced,1,0,0,0,long,0,0,2026-08-16T19:00:32Z,2026-08-16T19:20:05.154404+00:00
17488,"i have been using this tv set after using it for work and at home, and the panel lighting continues to work without drama. i noticed the change only in the new situation. the damn thing surprised me in a good way.",positive,television,positive,television,0.9999533891677856,0.9993894100189209,True,True,informal,1,0,0,0,long,0,1,2026-08-16T19:00:32Z,2026-08-16T19:20:05.154404+00:00
17489,"From a practical reliability standpoint, after coming back to it after a few days, I noticed that the streaming menu on this TV set keeps acting up. the difference became clearer after a few more days. Honestly 🙂",negative,television,negative,television,0.999910831451416,0.9996386766433716,True,True,technical,0,1,0,0,long,0,1,2026-08-16T19:00:32Z,2026-08-16T19:20:05.154404+00:00
17490,my main impression of this main fridge comes from the ice system: it is difficult trust during a heavier-than-usual day. someone else in the house noticed it too. this shit should not be happening in normal use. kinda wild. 👎,negative,refrigerator,negative,refrigerator,0.9999861717224121,0.9996280670166016,True,True,limited,1,1,0,1,long,0,0,2026-08-16T19:00:32Z,2026-08-16T19:20:05.154404+00:00
17491,"Across repeated observations, after changing a few settings, the controller has been a pleasant surprise. I tried the same thing again later and got a similar result. I have stopped worrying about this part of the product. I expected some crap here, but it has actually held up.",positive,television,positive,television,0.999947190284729,0.9996055960655212,True,True,technical,1,0,0,0,long,0,0,2026-08-16T19:00:32Z,2026-08-16T19:20:05.154404+00:00
17492,The apps is what stood out after changing a few settings; it has not given me trouble. a second check gave me the same result.,positive,smartphone,positive,washing_machine,0.9999008178710938,0.6382688283920288,True,False,advanced,0,0,0,0,medium,0,0,2026-08-16T19:00:32Z,2026-08-16T19:20:05.154404+00:00
17493,"honestly tho, i been using this tv set after taking it on a trip, and the interface works well even outside my usual routine. i tried the same thing again later and got a similar result. for my use case, this is a keeper. the damn thing surprised me in a good way.",positive,television,positive,television,0.999954342842102,0.9994217157363892,True,True,limited,1,0,0,1,long,0,0,2026-08-16T19:00:32Z,2026-08-16T19:20:05.154404+00:00
17494,"After taking it on a trip, I notcied that the apps on this new phone has been a disappointment. I tried the same thing again later and got a similar result. This shit should not be happening in normal use.",negative,smartphone,negative,smartphone,0.9999847412109375,0.9991719722747803,True,True,standard,1,0,1,0,long,0,0,2026-08-16T19:00:32Z,2026-08-16T19:20:05.154404+00:00
17495,the controller is what stood out during a heavier-than-usual day; it has not changed my opinion much.,neutral,television,neutral,television,0.9948425889015198,0.9955992698669434,True,True,informal,0,0,0,0,medium,0,0,2026-08-16T19:00:32Z,2026-08-16T19:20:05.154404+00:00
17496,"After changing a few settings, I noticed that the vibration on this wash unit has not given me trouble. a second check gave me the same result. I plan to keep using it. The damn thing surprised me in a good way. Honestly 🤷",positive,washing_machine,positive,washing_machine,0.9999326467514038,0.9997238516807556,True,True,advanced,1,1,0,0,long,0,0,2026-08-16T19:00:32Z,2026-08-16T19:20:05.154404+00:00
17497,"I did not pay much attention to the door latch at first, but after coming back to it after a few days it has been a pleasant surprise. the difference became clearer after a few more days. for my use case, this is a keeper.",positive,washing_machine,positive,washing_machine,0.9999591112136841,0.999663233757019,True,True,standard,0,0,0,0,long,0,1,2026-08-16T19:00:32Z,2026-08-16T19:20:05.154404+00:00
17498,"After repeated use under comparable conditions, the panel lighting is what stood out during a heavier-than-usual day; it has not given me trouble. I plan to keep using it. 😅",positive,television,positive,washing_machine,0.9999262094497681,0.9532544016838074,True,False,technical,0,1,0,0,medium,0,0,2026-08-16T19:00:32Z,2026-08-16T19:20:05.154404+00:00
17499,"after a few weeks of mixed use, the apps feels ordinary after more use. this was different from my first impression. the call quality tells a different story because it works well even outside my usual routine. there is no major crap to complain about here.",neutral,smartphone,neutral,smartphone,0.9999984502792358,0.9983854293823242,True,True,informal,1,0,0,0,long,1,0,2026-08-16T19:00:32Z,2026-08-16T19:20:05.154404+00:00
17500,"From a practical reliability standpoint, i have been using this clothes washer after a few weeks of mixed use, and the soap tray feels dependable in daily use. I tried the same thing again later and got a similar result.",positive,washing_machine,positive,washing_machine,0.9999061822891235,0.9991012811660767,True,True,technical,0,0,0,0,long,0,0,2026-08-16T19:00:32Z,2026-08-16T19:20:05.154404+00:00
17501,"Under a representative operating profile, the freezer compartemnt is what stood out during a heavier-than-usual day; it feels dependable in daily use.",positive,refrigerator,positive,refrigerator,0.9656240940093994,0.9995712637901306,True,True,technical,0,0,1,0,medium,0,1,2026-08-16T19:00:32Z,2026-08-16T19:20:05.154404+00:00
17502,"Under a representative operating profile, outside my normal routine, the touch panel wokrs normally. the difference became clearer after a few more days. The damn thing is basically fine.",neutral,smartphone,neutral,television,0.9999951124191284,0.9335075616836548,True,False,technical,1,0,1,0,medium,0,0,2026-08-16T19:00:32Z,2026-08-16T19:20:05.154404+00:00
17503,The inside lighting is what stood out outside my normal routine; it is difficult to trust. This shit should not be happening in routine use.,negative,refrigerator,negative,refrigerator,0.999963641166687,0.9982525706291199,True,True,advanced,1,0,0,0,medium,0,0,2026-08-16T19:00:32Z,2026-08-16T19:20:05.154404+00:00
17504,The door warning is what stood out after taking it on a trip; it still performs consistently. I noticed the change only in the new situation. The damn thing surprised me in a good way.,positive,refrigerator,positive,refrigerator,0.9999536275863647,0.9996658563613892,True,True,advanced,1,0,0,0,long,0,0,2026-08-16T19:00:32Z,2026-08-16T19:20:05.154404+00:00
17505,"Under ordinary operating conditions, imo, i have been using this television set after using it for work and at home, and the built-in audio does the job. the difference became clearer after a few more days. The damn thing is basically fine.",neutral,television,neutral,television,0.9999979734420776,0.9995303153991699,True,True,technical,1,0,0,1,long,0,0,2026-08-16T19:00:32Z,2026-08-16T19:20:05.154404+00:00
17506,"i did not pay much attention to the wash drum at first, but after a few weeks of mixed use it is fine for what it is. a second check gave me the same result. the fill valve tells a different story it keeps acting up.",neutral,washing_machine,neutral,washing_machine,0.9999856948852539,0.9997840523719788,True,True,limited,0,0,1,0,long,1,0,2026-08-16T19:00:32Z,2026-08-16T19:20:05.154404+00:00
17507,"I did not pay much attention to the spin program at first, but after using it for work and at home it works well even outside my usual routine. a second check gave me the same result. I plan to keep using it. That said, the cycle controls is fine for what it is, so the experience is not completely one-sided.",positive,washing_machine,positive,washing_machine,0.9998537302017212,0.9997238516807556,True,True,standard,0,0,0,0,long,1,0,2026-08-16T19:00:32Z,2026-08-16T19:20:05.154404+00:00
17508,"The door latch is what stood out after using it for work and at home; it still performs cosnistently. for my use case, this is a keeper. Honestly 😬",positive,washing_machine,positive,washing_machine,0.9999343156814575,0.9995786547660828,True,True,standard,0,1,1,0,medium,0,0,2026-08-16T19:00:32Z,2026-08-16T19:20:05.154404+00:00
17509,my main impression of this daily comes from the touch panel: it remains basically average when someone else in the house used it. the behavior persisted across several there is not much else to say. 👍,neutral,smartphone,neutral,smartphone,0.9999954700469971,0.9989380240440369,True,True,limited,0,1,0,0,long,0,0,2026-08-16T19:00:32Z,2026-08-16T19:20:05.154404+00:00
17510,"Under a representative operating profile, the compressor fan is what stood out after coming back to it after a few days; it has not changed my opinion much. a second check gave me the same result. It is not amazing, but it is not bullshit either.",neutral,refrigerator,neutral,refrigerator,0.9999984502792358,0.999686598777771,True,True,technical,1,0,0,0,long,0,1,2026-08-16T19:00:32Z,2026-08-16T19:20:05.154404+00:00
17511,"I did not pay much attention to the soap tray at first, but after using it for work and at home it has not given me trouble. I noticed the change only in the new situation. Damn, I did not expect this part to be this solid. 🤷",positive,washing_machine,positive,washing_machine,0.9999412298202515,0.9997022747993469,True,True,advanced,1,1,0,0,long,0,1,2026-08-16T19:00:32Z,2026-08-16T19:20:05.154404+00:00
17512,"From a practical reliability standpoint, the fill valve is what stood out when someone else in the house used it; it is neither impressive nor bad.",neutral,washing_machine,neutral,washing_machine,0.9973883032798767,0.9992313385009766,True,True,technical,0,0,0,0,medium,0,1,2026-08-16T19:00:32Z,2026-08-16T19:20:05.154404+00:00
17513,"After coming back to it after a few days, the panel lighting keeps acting up. I noticed the change only in the new situation. idk.",negative,television,negative,television,0.9999499320983887,0.930441677570343,True,True,standard,0,0,0,1,medium,0,1,2026-08-16T19:00:32Z,2026-08-16T19:20:05.154404+00:00
17514,"i did not pay much attention to the usb port at first, but after taking it on a trip it works normally. i repeated the check before writing this. 😂",neutral,smartphone,neutral,smartphone,0.9975922703742981,0.999107301235199,True,True,informal,0,1,0,0,medium,0,0,2026-08-16T19:00:32Z,2026-08-16T19:20:05.154404+00:00
17515,"I did not pay much attention to the streaming menu at first, but when someone else in the house used it it does the job. I would neither recommend it nor warn people away. for real.",neutral,television,neutral,television,0.999992847442627,0.9995554089546204,True,True,advanced,0,0,0,1,long,0,0,2026-08-16T19:00:32Z,2026-08-16T19:20:05.154404+00:00
17516,"ngl, i have been using this refrigeration unit after using it for work and at home, and the gasket holds up better than expected. I noticed the change only in the new situation.",positive,refrigerator,positive,refrigerator,0.9998965263366699,0.9987837672233582,True,True,standard,0,0,0,1,medium,0,0,2026-08-16T19:00:32Z,2026-08-16T19:20:05.154404+00:00
17517,"Across repeated observations, my main impression of this cold-storage unit comes from the inside lightnig: it fails in normal use after changing a few settings. someone else in the house noticed it too.",negative,refrigerator,negative,refrigerator,0.9999580383300781,0.9996781349182129,True,True,technical,0,0,1,0,medium,0,0,2026-08-16T19:00:32Z,2026-08-16T19:20:05.154404+00:00
17518,My main impression of this new washer comes from the fill valve: it has become increasingyl unreliable when someone else in the house used it. a second check gave me the same result. This shit should not be happeinng in routine use.,negative,washing_machine,negative,washing_machine,0.9999855756759644,0.9996819496154785,True,True,advanced,1,0,1,0,long,0,0,2026-08-16T19:00:32Z,2026-08-16T19:20:05.154404+00:00
17519,"After repeated use under comparable conditions, duirgn a heavier-than-usual day, I noticed that the drainage motor on this front-loading washer works well even outside my usual routine. a second check gave me the same result. No bullshit, this has been one of the better parts of the product.",positive,washing_machine,positive,washing_machine,0.9999804496765137,0.9994137287139893,True,True,technical,1,0,1,0,long,0,0,2026-08-16T19:00:32Z,2026-08-16T19:20:05.154404+00:00
17520,"tbh, the wash drum is what stood out after changing a few settings; has been a disappointment. the difefrence became clearer after a few more days. this is damn annoying. 👍",negative,washing_machine,negative,washing_machine,0.9991379976272583,0.9996854066848755,True,True,limited,1,1,1,1,medium,0,1,2026-08-16T19:00:32Z,2026-08-16T19:20:05.154404+00:00
17521,"Across repeated observations, my main impression of this clothes washer comes from the soap tray: it has turned into a recurring problem after useing it for work and at home. someone else in the house noticed it too. I would not rely on it.",negative,washing_machine,negative,washing_machine,0.9999867677688599,0.9997491240501404,True,True,technical,0,0,1,0,long,0,0,2026-08-16T19:00:32Z,2026-08-16T19:20:05.154404+00:00
17522,"after a few weeks of mixed use, i noticed that the panel lighting on this tv set has not changed my opinion much. the difference became clearer after a few more days. 😬",neutral,television,neutral,television,0.9999756813049316,0.9918041229248047,True,True,informal,0,1,0,0,medium,0,0,2026-08-16T19:00:32Z,2026-08-16T19:20:05.154404+00:00
17523,"after taking it on a trip, the picture quality holds up better than expected. i tried the same thing again later and got a similar result. for my use case, this is a keeper. 🙃",positive,television,positive,smartphone,0.9999566078186035,0.9991121888160706,True,False,informal,0,1,0,0,long,0,0,2026-08-16T19:00:32Z,2026-08-16T19:20:05.154404+00:00
17524,"after useing it for work and at home, the rinse program continues to work without drama. this was different from my first impression. i would buy it again. 🙂",positive,washing_machine,positive,washing_machine,0.9999035596847534,0.9985861778259277,True,True,informal,0,1,1,0,medium,0,1,2026-08-16T19:00:32Z,2026-08-16T19:20:05.154404+00:00
17525,the interface is what stood out after changing a few settings; it getting in the way. the behavior persisted across several attempts. the damn thing keeps getting in the way.,negative,television,negative,television,0.9999233484268188,0.9992757439613342,True,True,limited,1,0,0,0,medium,0,0,2026-08-16T19:00:32Z,2026-08-16T19:20:05.154404+00:00
17526,my main impression of this video panel comes from the streaming menu: it is acceptable unremarkable outside my normal routine. the behavior persisted across several attempts. my opinion is still basically in the middle. the damn thing is basically fine.,neutral,television,neutral,television,0.9999986886978149,0.9995759129524231,True,True,limited,1,0,0,0,long,0,0,2026-08-16T19:00:32Z,2026-08-16T19:20:05.154404+00:00
17527,"During a heavier-than-usual day, I noticed that the spin program on this clothes washer is difficult to trust. someone else in the house noticed it too.",negative,washing_machine,negative,washing_machine,0.9998515844345093,0.9996212720870972,True,True,advanced,0,0,0,0,medium,0,0,2026-08-16T19:00:32Z,2026-08-16T19:20:05.154404+00:00
17528,"i have been using this new refrigerator after using it for work and at home, and the inside lighting does the job. a second check gave me the same result. pretty solid ngl.",neutral,refrigerator,neutral,refrigerator,0.9998179078102112,0.9993801116943359,True,True,informal,0,0,0,1,medium,0,0,2026-08-16T19:00:32Z,2026-08-16T19:20:05.154404+00:00
17529,"I have been using this daily driver outside my normal routine, and the call quailty is acceptable but unremarkable. the difference became clearer after a few more days. my opinion is still basically in the middle.",neutral,smartphone,neutral,smartphone,0.9999969005584717,0.9990628361701965,True,True,standard,0,0,1,0,long,0,0,2026-08-16T19:00:32Z,2026-08-16T19:20:05.154404+00:00
17530,My main impression of this living room display comes from the picture quailty: it keeps acting up after coming back to it after a few days. I tried the same thing again later and got a similar result. I am already looking at alternatives.,negative,television,negative,television,0.9999855756759644,0.9994366765022278,True,True,advanced,0,0,1,0,long,0,0,2026-08-16T19:00:32Z,2026-08-16T19:20:05.154404+00:00
17531,"After changing a few settings, the compressor fan does the job. I would neither recommend it nor warn people away. Honestly, the damn thing is just average.",neutral,refrigerator,neutral,refrigerator,0.9999991655349731,0.999725878238678,True,True,advanced,1,0,0,0,medium,0,0,2026-08-16T19:00:32Z,2026-08-16T19:20:05.154404+00:00
17532,"After a few weeks of mixed use, the picture quality breaks down when conditions change.",negative,television,negative,television,0.9874466061592102,0.7072120308876038,True,True,standard,0,0,0,0,medium,0,0,2026-08-16T19:00:32Z,2026-08-16T19:20:05.154404+00:00
17533,"after changing a few settings, i noticed that the shelf layout on this refrigeration unit works well even outside my usual routine. i repeated the check before writing this. Honestly 😂",positive,refrigerator,positive,refrigerator,0.9999269247055054,0.9996358156204224,True,True,informal,0,1,0,0,medium,0,1,2026-08-16T19:00:32Z,2026-08-16T19:20:05.154404+00:00
17534,"Under ordinary operating conditions, during a heavier-than-usual day, I noticed that the wash drum on this machine breaks down when conditions change. I tried the same thing again later and got a similar result.",negative,washing_machine,negative,washing_machine,0.9998281002044678,0.9994009733200073,True,True,technical,0,0,0,0,long,0,0,2026-08-16T19:00:32Z,2026-08-16T19:20:05.154404+00:00
17535,"Under ordinary operating conditions, after taking it on a trip, the controller has not changed my opinion much. I can live with it. Honestly, the damn thing is just average. Honestly 😐",neutral,television,neutral,washing_machine,0.999996542930603,0.7743509411811829,True,False,technical,1,1,0,0,medium,0,0,2026-08-16T19:00:32Z,2026-08-16T19:20:05.154404+00:00
17536,"after changing a few settings, i noticed that the drainage motor on this laundry unit is fine for what it is. i don't feel strongly either way. there is no major crap to complain about here.",neutral,washing_machine,neutral,washing_machine,0.9999986886978149,0.9995641112327576,True,True,informal,1,0,0,0,long,0,0,2026-08-16T19:00:32Z,2026-08-16T19:20:05.154404+00:00
17537,"Under a representative operating profile, after a few weeks of mixed use, I noticed that the compressor fan on this main fridge is acceptable but unremarkable. 👎",neutral,refrigerator,neutral,refrigerator,0.9957969188690186,0.999174177646637,True,True,technical,0,1,0,0,medium,0,0,2026-08-16T19:00:32Z,2026-08-16T19:20:05.154404+00:00
17538,"After repeated use under comparable conditions, the inside lighting is what stood out after a few weeks of mixed use; it is neither impressive nor bad. I noticed the change only in the new situation. it is adequate for now. On the other hand, the cooling motor has been a pleasant surprise, which makes the overall picture more mixed. 👍",neutral,refrigerator,neutral,refrigerator,0.9999871253967285,0.9997636675834656,True,True,technical,0,1,0,0,long,1,0,2026-08-16T19:00:32Z,2026-08-16T19:20:05.154404+00:00
17539,"I did not pay much attention to the USB port at first, but after taking it on a trip it keeps getting in the way. I tried the same thing again later and got a similar result.",negative,smartphone,negative,smartphone,0.999962329864502,0.9991422891616821,True,True,advanced,0,0,0,0,long,0,0,2026-08-16T19:00:32Z,2026-08-16T19:20:05.154404+00:00
17540,"i did not pay much attention to the shelf layout at first, but after a few weeks of mixed use it fails in normla use. the difference became clearer after a few more days. this needs to improve. 😂",negative,refrigerator,negative,refrigerator,0.9999699592590332,0.99958735704422,True,True,informal,0,1,1,0,long,0,0,2026-08-16T19:00:32Z,2026-08-16T19:20:05.154404+00:00
17541,"After using it for work and at home, I noticed that the fingerprint reader on this cell phone has become increasingly unreliable. I tried the same thing again later and got a similar result.",negative,smartphone,negative,smartphone,0.9999674558639526,0.9991500377655029,True,True,advanced,0,0,0,0,long,0,0,2026-08-16T19:00:32Z,2026-08-16T19:20:05.154404+00:00
17542,"real talk, after taking it on a trip, the compressor fan breaks down when conditions change. someone else in the house noticed it too. I am considering a replacement.",negative,refrigerator,negative,refrigerator,0.999972939491272,0.9997459053993225,True,True,standard,0,0,0,1,medium,0,0,2026-08-16T19:00:32Z,2026-08-16T19:20:05.154404+00:00
17543,"I did not pay much attentino to the ice system at first, but when someone else in the house used it it has become increasingly unreliable. I tried the same thing again later and got a similar result.",negative,refrigerator,negative,refrigerator,0.9999734163284302,0.9995957016944885,True,True,standard,0,0,1,0,long,0,0,2026-08-16T19:00:32Z,2026-08-16T19:20:05.154404+00:00
17544,my main impression of this food cooler comes the ice system: it works well even outside my usual routine when someone else in the house used it. someone else in the house noticed it too. overall i am happy with it.,positive,refrigerator,positive,refrigerator,0.9999587535858154,0.9997681975364685,True,True,limited,0,0,0,0,long,0,0,2026-08-16T19:00:32Z,2026-08-16T19:20:05.154404+00:00
17545,"Under ordinary operating conditions, the call quality is what stood out when someone else in the house used it; it holds up better than expected. I repeated the check before writing this. for my use case, this is a keeper. The earpiece tells a different story because it has become increasingly unreliable. Damn, I did not expect this part to be this solid. 🤔",positive,smartphone,positive,smartphone,0.9999550580978394,0.9992343187332153,True,True,technical,1,1,0,0,long,1,0,2026-08-16T19:00:32Z,2026-08-16T19:20:05.154404+00:00
17546,"After repeated use under comparable conditions, during a heavier-than-usual day, I noticed that the cycle controls on this laundry unit keeps getting in the way. I am already looking at alternatives. I am tired of this crap.",negative,washing_machine,negative,washing_machine,0.9999775886535645,0.9995965361595154,True,True,technical,1,0,0,0,long,0,0,2026-08-16T19:00:32Z,2026-08-16T19:20:05.154404+00:00
17547,"during a heavier-than-usual day, the usb port is acceptable but unremarkable. that said, the rear camera keeps acting up, so the experience is not completely one-sided.",neutral,smartphone,neutral,smartphone,0.9996911287307739,0.9991169571876526,True,True,informal,0,0,0,0,medium,1,0,2026-08-16T19:00:32Z,2026-08-16T19:20:05.154404+00:00
17548,"during a heavier-than-usual day, the battery life holds up better than expected. for my use case, this is a keeper. that said, the earpiece does the job, so the experience is not completely one-sided.",positive,smartphone,positive,smartphone,0.9998544454574585,0.9991390705108643,True,True,informal,0,0,0,0,long,1,0,2026-08-16T19:00:32Z,2026-08-16T19:20:05.154404+00:00
17549,"my main impression of this kitchen fridge comes from the inside lighting: it works well even outside my usual routine after taking it on a trip. this was different from my first impression. for my use case, this is a keeper.",positive,refrigerator,positive,refrigerator,0.9999611377716064,0.9997945427894592,True,True,informal,0,0,0,0,long,0,1,2026-08-16T19:00:32Z,2026-08-16T19:20:05.154404+00:00
17550,"ngl, my main impression of this machine comes from the soap tray: it has not given me trouble outside my normal routine. difference became clearer after a few more days. i plan to keep using it.",positive,washing_machine,positive,washing_machine,0.9999525547027588,0.9996832609176636,True,True,limited,0,0,0,1,long,0,0,2026-08-16T19:00:32Z,2026-08-16T19:20:05.154404+00:00
17551,"After using it for work and at home, the wireless connection is difficult to trust. I am tired of this crap.",negative,television,negative,television,0.9998451471328735,0.9954898953437805,True,True,standard,1,0,0,0,medium,0,0,2026-08-16T19:00:32Z,2026-08-16T19:20:05.154404+00:00
17552,"Under a representative operating profile, i have been useing this food cooler after coming back to it after a few days, and the shelf layout has stayed dependable. the behavior persisted across several attempts.",positive,refrigerator,positive,refrigerator,0.9997647404670715,0.9992985725402832,True,True,technical,0,0,1,0,long,0,0,2026-08-16T19:00:32Z,2026-08-16T19:20:05.154404+00:00
17553,My main impression of this new washer comes from the spin program: it is difficult to trust after taking it on a trip. I noticed the change only in the new situation.,negative,washing_machine,negative,washing_machine,0.9999738931655884,0.9994800686836243,True,True,advanced,0,0,0,0,medium,0,0,2026-08-16T19:00:32Z,2026-08-16T19:20:05.154404+00:00
17554,"I have been using this clothes washer after taking it on a trip, and the soap tray works well even outside my usual routine. the behavior persisted across several attempts. I have stopped worrying about this part of the product. Damn, I did not expect this part to be this solid.",positive,washing_machine,positive,washing_machine,0.9999728202819824,0.999658465385437,True,True,standard,1,0,0,0,long,0,0,2026-08-16T19:00:32Z,2026-08-16T19:20:05.154404+00:00
17555,"Under ordinary operating conditions, the cycle controls is what stood out after coming back to it after a few days; it has not changed my opinion much. I tried the same thing again later and got a similar result.",neutral,washing_machine,neutral,washing_machine,0.999984622001648,0.9995667338371277,True,True,technical,0,0,0,0,long,0,0,2026-08-16T19:00:32Z,2026-08-16T19:20:05.154404+00:00
17556,"I did not pay much attention to the cycle controls at first, but after changing a few settings it kepes acting up. someone else in the house noticed it too. this needs to improve.",negative,washing_machine,negative,washing_machine,0.999782145023346,0.9996849298477173,True,True,advanced,0,0,1,0,long,0,0,2026-08-16T19:00:32Z,2026-08-16T19:20:05.154404+00:00
17557,My main impression of this television set comes from the controller: it has not given me trouble after taking it on a trip. the difference became clearer after a few more days. I have stopped worrying about this part of the product. The picture quality tells a different story because it is acceptable but unremarkable.,positive,television,positive,television,0.9999186992645264,0.9995265007019043,True,True,advanced,0,0,0,0,long,1,0,2026-08-16T19:00:32Z,2026-08-16T19:20:05.154404+00:00
17558,My main impression of this screen unit comes from the built-in audio: it is neither impressive nor bad after coming back to it after a few days. I repeated the check before writing this. my opinion is still basically in the middle. The damn thing is basically fine.,neutral,television,neutral,television,0.9999988079071045,0.9995802044868469,True,True,standard,1,0,0,0,long,0,0,2026-08-16T19:00:32Z,2026-08-16T19:20:05.154404+00:00
17559,"after taking it on a trip, the cycle controls remains basically average. i noticed the change only in the new situation. i would neither recommend it nor warn people away. the damn thing is basically fine.",neutral,washing_machine,neutral,washing_machine,0.999998927116394,0.9996733665466309,True,True,informal,1,0,0,0,long,0,0,2026-08-16T19:00:32Z,2026-08-16T19:20:05.154404+00:00
17560,"after useing it for work and at home, noticed that the door latch on this new washer works normally. this was different my first impression. Honestly 🙂",neutral,washing_machine,neutral,washing_machine,0.9820050001144409,0.9996011853218079,True,True,limited,0,1,1,0,medium,0,0,2026-08-16T19:00:32Z,2026-08-16T19:20:05.154404+00:00
17561,"after changing a few settings, i noticed that the cooling motor on this cold-storage unit has turned into a recurring problem. i noticed the change only in the new situation. i would hesitate to buy it again. i am tired of this crap.",negative,refrigerator,negative,refrigerator,0.9999865293502808,0.9996880292892456,True,True,informal,1,0,0,0,long,0,0,2026-08-16T19:00:32Z,2026-08-16T19:20:05.154404+00:00
17562,"I did not pay much attention to the thermosatt at first, but after coming back to it after a few days it keeps acting up. the behavior persisted across several attempts. Honestly 🤷",negative,refrigerator,negative,television,0.9998828172683716,0.7227943539619446,True,False,advanced,0,1,1,0,medium,0,0,2026-08-16T19:00:32Z,2026-08-16T19:20:05.154404+00:00
17563,"i have been using this new washer after a few weeks of mixed use, and the vibration works well even outside my usual routine. i repeated the check before writing this.",positive,washing_machine,positive,washing_machine,0.9998905658721924,0.9990406632423401,True,True,informal,0,0,0,0,medium,0,1,2026-08-16T19:00:32Z,2026-08-16T19:20:05.154404+00:00
17564,"After a few weeks of mixed use, the battery life has been a disappointment. a second check gave me the same result. I am already looking at alternatives.",negative,smartphone,negative,smartphone,0.9999388456344604,0.9992163181304932,True,True,advanced,0,0,0,0,medium,0,0,2026-08-16T19:00:32Z,2026-08-16T19:20:05.154404+00:00
17565,"i did not pay much attention to the inside lighting at first, but oustide my normal routine it does the job. the behavior persisted across several attempts.",neutral,refrigerator,neutral,refrigerator,0.9988436698913574,0.9973178505897522,True,True,limited,0,0,1,0,medium,0,0,2026-08-16T19:00:32Z,2026-08-16T19:20:05.154404+00:00
17566,"during a heavier-than-usual day, i noticed that the fingerprint reader on this new phone has become increasingly unreliable. the behavior persisted across several attempts. i would not rely on it. the damn thing keeps getting in the way.",negative,smartphone,negative,smartphone,0.9999779462814331,0.9991094470024109,True,True,informal,1,0,0,0,long,0,0,2026-08-16T19:00:32Z,2026-08-16T19:20:05.154404+00:00
17567,"I did not pay much attention to the compressor fan at first, but outside my normal routine it is difficult to trust. a second check gave me the same result.",negative,refrigerator,negative,refrigerator,0.9998328685760498,0.9997016787528992,True,True,advanced,0,0,0,0,medium,0,0,2026-08-16T19:00:32Z,2026-08-16T19:20:05.154404+00:00
17568,"ngl, the video input is what stood out after a few weeks of mixed use; it has turned into a recurring problem. a second check me the same result. 🔥",negative,television,negative,television,0.999790370464325,0.9995632767677307,True,True,limited,0,1,0,1,medium,0,0,2026-08-16T19:00:32Z,2026-08-16T19:20:05.154404+00:00
17569,"After repeated use under comparable conditions, when someone else in the house used it, the call quality keeps acting up. this was different from my first impresison.",negative,smartphone,negative,smartphone,0.9997641444206238,0.9852492213249207,True,True,technical,0,0,1,0,medium,0,0,2026-08-16T19:00:32Z,2026-08-16T19:20:05.154404+00:00
17570,The thermostat is what stood out after taking it on a trip; it feels dependable in daily use. the difference became clearer after a few more days. Honestly 🤔,positive,refrigerator,positive,refrigerator,0.9999014139175415,0.9879770874977112,True,True,advanced,0,1,0,0,medium,0,1,2026-08-16T19:00:32Z,2026-08-16T19:20:05.154404+00:00
17571,"outside my normal routine, i noticed that the rear camera on this daily driver has not changed my opinion much. i tried the same thing again later and got similar result.",neutral,smartphone,neutral,smartphone,0.9999549388885498,0.999125063419342,True,True,limited,0,0,0,0,medium,0,0,2026-08-16T19:00:32Z,2026-08-16T19:20:05.154404+00:00
17572,"Under a representative operating profile, i have been using this mobile outside my normal routine, and the fingerprint reader is neither impressive nor bad. someone else in the house noticed it too. Honestly, the damn thing is just average. kinda wild.",neutral,smartphone,neutral,smartphone,0.9999973773956299,0.9992400407791138,True,True,technical,1,0,0,1,long,0,1,2026-08-16T19:00:32Z,2026-08-16T19:20:05.154404+00:00
17573,"tbh, i have been using this cell phone after taking it on a trip, and the earpiece has been a pleasant surprise. i noticed the change only in the new situation. no bullshit, this has been one of the better parts of the product. 🔥",positive,smartphone,positive,smartphone,0.9999639987945557,0.9992284774780273,True,True,informal,1,1,0,1,long,0,0,2026-08-16T19:00:32Z,2026-08-16T19:20:05.154404+00:00
17574,"after coming back to it after a few days, i noticed that the picture quality on this video panel holds up better than expected.",positive,television,positive,television,0.9941873550415039,0.9953612685203552,True,True,limited,0,0,0,0,medium,0,0,2026-08-16T19:00:32Z,2026-08-16T19:20:05.154404+00:00
17575,My main impression of this refrigeration unit comes from the shelf layout: it holds up better than expected after changing a few settings. 👍,positive,refrigerator,positive,refrigerator,0.999868631362915,0.9996354579925537,True,True,advanced,0,1,0,0,medium,0,0,2026-08-16T19:00:32Z,2026-08-16T19:20:05.154404+00:00
17576,"I have been using this main fridge after coming back to it after a few days, and the ice system is fine for what it is. this was different from my first impression. Honestly, the damn thing is just average.",neutral,refrigerator,neutral,refrigerator,0.9999983310699463,0.9996495246887207,True,True,advanced,1,0,0,0,long,0,0,2026-08-16T19:00:32Z,2026-08-16T19:20:05.154404+00:00
17577,"After changing a few settings, the gasket has been a disappointment. I repeated the check befroe writing this. I would not rely on it. 👍",negative,refrigerator,negative,refrigerator,0.9998594522476196,0.669052243232727,True,True,advanced,0,1,1,0,medium,0,1,2026-08-16T19:00:32Z,2026-08-16T19:20:05.154404+00:00
17578,"when someone else in the house used it, i noticed that the vibration on this new washer is fine for what it is. the behavior persisted across several attempts. it is not amazing, but it is not bullshit either.",neutral,washing_machine,neutral,washing_machine,0.9999983310699463,0.9996234178543091,True,True,limited,1,0,0,0,long,0,1,2026-08-16T19:00:32Z,2026-08-16T19:20:05.154404+00:00
17579,"After coming back to it after a few days, I noticed that the rinse program on this machine has turned into a recurring problem. I tried the same thing again later and got a similar result.",negative,washing_machine,negative,washing_machine,0.9999758005142212,0.9994246959686279,True,True,standard,0,0,0,0,long,0,0,2026-08-16T19:00:32Z,2026-08-16T19:20:05.154404+00:00
17580,"After taking it on a trip, I noticed that the freezer compartment on this kitchen fridge still performs consistently. I noticed the change only in the new situation. I plan to keep useing it.",positive,refrigerator,positive,refrigerator,0.9999550580978394,0.9997685551643372,True,True,standard,0,0,1,0,long,0,1,2026-08-16T19:00:32Z,2026-08-16T19:20:05.154404+00:00
17581,"i have been using this new washer after changing a few settings, and the rinse program continues to work without drama. i would buy it again. that said, the cycle controls does the job, so the experience is not completely one-sided. for real.",positive,washing_machine,positive,washing_machine,0.9999173879623413,0.9997075200080872,True,True,informal,0,0,0,1,long,1,0,2026-08-16T19:00:32Z,2026-08-16T19:20:05.154404+00:00
17582,"Under a representative operating profile, after using it for work and at home, I noticed that the fill valve on this laundry unit fails in normal use. the behavior persisted across several attempts. this is the part that makes me regret the purchase. for real.",negative,washing_machine,negative,washing_machine,0.9999157190322876,0.9996949434280396,True,True,technical,0,0,0,1,long,0,0,2026-08-16T19:00:32Z,2026-08-16T19:20:05.154404+00:00
17583,"Across repeated observations, my main impression of this food cooler comes from the shelf layout: it is acceptable but unremarkable outside my normal routine. a second check gave me the same result. it is adequate for now.",neutral,refrigerator,neutral,refrigerator,0.9999972581863403,0.9997419714927673,True,True,technical,0,0,0,0,long,0,0,2026-08-16T19:00:32Z,2026-08-16T19:20:05.154404+00:00
17584,"i have been using this front-loading washer after changing a few settings, and the door latch is neither impressive nor bad. was different from my first impression.",neutral,washing_machine,neutral,washing_machine,0.9999384880065918,0.9996285438537598,True,True,limited,0,0,0,0,medium,0,0,2026-08-16T19:00:32Z,2026-08-16T19:20:05.154404+00:00
17585,"real talk, i have been using this daily driver after few weeks of mixed use, and the usb port has been a disappointment. i would hesitate to buy it again.",negative,smartphone,negative,smartphone,0.9982430934906006,0.9991729855537415,True,True,limited,0,0,0,1,medium,0,0,2026-08-16T19:00:32Z,2026-08-16T19:20:05.154404+00:00
17586,"Across repeated observations, after changing a few settings, I noticed that the thermostat on this kitchen fridge has not given me trouble. the behavior persisted across several attempts.",positive,refrigerator,positive,refrigerator,0.9998705387115479,0.9996086955070496,True,True,technical,0,0,0,0,medium,0,0,2026-08-16T19:00:32Z,2026-08-16T19:20:05.154404+00:00
17587,"Under ordinary operating conditions, i did not pay much attention to the touch panel at first, but when someone else in the house used it it still performs consistently. this was diferent from my first impression. overall I am happy with it.",positive,smartphone,positive,washing_machine,0.9999570846557617,0.9857164025306702,True,False,technical,0,0,1,0,long,0,0,2026-08-16T19:00:32Z,2026-08-16T19:20:05.154404+00:00
17588,"The apps is what stood out after useing it for work and at home; it has not given me trouble. I repeated the check before writing this. Damn, I did not expect this part to be this solid.",positive,smartphone,positive,washing_machine,0.9999722242355347,0.9605401158332825,True,False,advanced,1,0,1,0,long,0,1,2026-08-16T19:00:32Z,2026-08-16T19:20:05.154404+00:00
17589,"Under ordinary operating conditions, my main impression of this television set comes from the sports motion: it feels dependable in daily use after taking it on a trip. I tried the same thing again later and got a similar result. I expected some crap here, but it has actually held up.",positive,television,positive,television,0.9999456405639648,0.9996148347854614,True,True,technical,1,0,0,0,long,0,1,2026-08-16T19:00:32Z,2026-08-16T19:20:05.154404+00:00
17590,the drainage motor is what stood out after changing a few settings; it is fine for what it is. the behavior persisted across several attempts. idk.,neutral,washing_machine,neutral,washing_machine,0.9999771118164062,0.9620972871780396,True,True,informal,0,0,0,1,medium,0,0,2026-08-16T19:00:32Z,2026-08-16T19:20:05.154404+00:00
17591,"imo, i did not pay much attention to the fill valve at first, but outside my normal routine it has been a disappointment. someone else in the house noticed it too.",negative,washing_machine,negative,washing_machine,0.9911971092224121,0.9995833039283752,True,True,standard,0,0,0,1,medium,0,0,2026-08-16T19:00:32Z,2026-08-16T19:20:05.154404+00:00
17592,"Under ordinary operating conditions, i did not pay much attention to the network reception at first, but after taking it on a trip it keeps getting in the way. I repeated the check before writing this. I am already looking at alternatives.",negative,smartphone,negative,smartphone,0.9999737739562988,0.9992051720619202,True,True,technical,0,0,0,0,long,0,1,2026-08-16T19:00:32Z,2026-08-16T19:20:05.154404+00:00
17593,"From a practical reliability standpoint, i have been using this new refrigerator after a few weeks of mixed use, and the thermostat has been a disappointment. the difference became clearer after a few more days.",negative,refrigerator,negative,refrigerator,0.9967505931854248,0.8001145124435425,True,True,technical,0,0,0,0,long,0,0,2026-08-16T19:00:32Z,2026-08-16T19:20:05.154404+00:00
17594,"not gonna lie, after coming back to it after a few days, I noticed that the apps on this new phone has not changed my opinion much. I noticed the change only in the new situation. I do not feel strongly either way. The damn thing is basically fine.",neutral,smartphone,neutral,smartphone,0.999998927116394,0.9992675185203552,True,True,advanced,1,0,0,1,long,0,0,2026-08-16T19:00:32Z,2026-08-16T19:20:05.154404+00:00
17595,"the panel lighting is what stood out during a heavier-than-usual day; it continues to work without drama. someone else in the house noticed it too. i would buy it again. that said, the interface has not changed my opinion much, so the experience is not completely one-sided. no bullshit, this has been one of the better parts of the product.",positive,television,positive,television,0.9999802112579346,0.9991809725761414,True,True,informal,1,0,0,0,long,1,0,2026-08-16T19:00:32Z,2026-08-16T19:20:05.154404+00:00
17596,"I did not pay much attention to the USB port at first, but after chanigng a few settings it keeps acting up. a second check gave me the same result. I am tired of this crap.",negative,smartphone,negative,smartphone,0.9999698400497437,0.9991402626037598,True,True,standard,1,0,1,0,long,0,0,2026-08-16T19:00:32Z,2026-08-16T19:20:05.154404+00:00
17597,"My main impression of this cell phone comes from the call quality: it still performs consistently after a few weeks of mixed use. this was different from my first impression. for my use case, this is a keeper. That said, the rear camera has become increasingly unreliable, so the experience is not completely one-sided.",positive,smartphone,positive,smartphone,0.9998495578765869,0.9991682767868042,True,True,standard,0,0,0,0,long,1,0,2026-08-16T19:00:32Z,2026-08-16T19:20:05.154404+00:00
17598,"When someone else in the house used it, I noticed that the cycle controls on this front-loading washer keeps getting in the way. this needs to improve. The damn thing keeps getting in the way.",negative,washing_machine,negative,washing_machine,0.999972939491272,0.9996461868286133,True,True,standard,1,0,0,0,long,0,0,2026-08-16T19:00:32Z,2026-08-16T19:20:05.154404+00:00
17599,My main impression of this living room display comes from the built-in uadio: it has become increasingly unreliable when someone else in the house used it. the difference became clearer after a few more days. This shit should not be happening in normal use.,negative,television,negative,television,0.9999862909317017,0.999527096748352,True,True,standard,1,0,1,0,long,0,0,2026-08-16T19:00:32Z,2026-08-16T19:20:05.154404+00:00
17600,"i have been using this television set when someone else in the house used it, and the streaming menu has become increasingly unreliable. the difference became clearer after a few more days. i am considering a replacement.",negative,television,negative,television,0.9999862909317017,0.9995204210281372,True,True,informal,0,0,0,0,long,0,0,2026-08-16T19:00:32Z,2026-08-16T19:20:05.154404+00:00
17601,"Under ordinary operating conditions, the drainage motor is what stood out after taking it on a trip; it has not given me trouble. someone else in the house noticed it too.",positive,washing_machine,positive,washing_machine,0.9998810291290283,0.9996508359909058,True,True,technical,0,0,0,0,medium,0,0,2026-08-16T19:00:32Z,2026-08-16T19:20:05.154404+00:00
17602,"From a practical reliability standpoint, after a few weeks of mixed use, the battery life has turned into a recurring problem.",negative,smartphone,negative,smartphone,0.9907715320587158,0.9981902241706848,True,True,technical,0,0,0,0,medium,0,0,2026-08-16T19:00:32Z,2026-08-16T19:20:05.154404+00:00
17603,"after useing it for work and at home, i noticed that the compressor fan on this refrigeration unit works normally. i noticed the change only in the new situation. 😐",neutral,refrigerator,neutral,refrigerator,0.9998201727867126,0.9997856020927429,True,True,limited,0,1,1,0,medium,0,0,2026-08-16T19:00:32Z,2026-08-16T19:20:05.154404+00:00
17604,"i have been usign this bedroom tv outside my normal routine, and the interface feels dependable in daily use. 😬",positive,television,positive,television,0.9983745813369751,0.9424375295639038,True,True,informal,0,1,1,0,medium,0,0,2026-08-16T19:00:32Z,2026-08-16T19:20:05.154404+00:00
17605,"Outside my normal routine, the video input feels dependable in dialy use. I repeated the check before writing this. No bullshit, this has been one of the better parts of the product.",positive,television,positive,television,0.999980092048645,0.9990646243095398,True,True,advanced,1,0,1,0,medium,0,0,2026-08-16T19:00:32Z,2026-08-16T19:20:05.154404+00:00
17606,"Under ordinary operating conditions, outside my normal routine, the gasket is difficult to trust. the difference became clearer after a few more days. This shit should not be happening in normal use.",negative,refrigerator,negative,television,0.9999810457229614,0.37205174565315247,True,False,technical,1,0,0,0,medium,0,0,2026-08-16T19:00:32Z,2026-08-16T19:20:05.154404+00:00
17607,"i did not pay much attention to the panel lighting at first, but after back to it after a few days it fails in normal use.",negative,television,negative,television,0.9979850053787231,0.6062160730361938,True,True,limited,0,0,0,0,medium,0,0,2026-08-16T19:00:32Z,2026-08-16T19:20:05.154404+00:00
17608,"during a heavier-than-usual day, i noticed that the rinse program on this machine feels dependable in daily use. the behavior persisted across several attempts. the vibration tells a different story because it keeps acting up. damn, i did not expect this part to be this solid.",positive,washing_machine,positive,washing_machine,0.9999721050262451,0.9996898174285889,True,True,limited,1,0,0,0,long,1,0,2026-08-16T19:00:32Z,2026-08-16T19:20:05.154404+00:00
17609,"When someone else in the house used it, I noticed that the earpiece on this work phone is fine for what it is. this was different from my first impression.",neutral,smartphone,neutral,smartphone,0.9998792409896851,0.9988577365875244,True,True,standard,0,0,0,0,medium,0,0,2026-08-16T19:00:32Z,2026-08-16T19:20:05.154404+00:00
17610,the ice system is what stood out after a few weeks of mixed use; it has turned into a problem. the damn thing keeps getting in the way.,negative,refrigerator,negative,refrigerator,0.9998699426651001,0.9992365837097168,True,True,limited,1,0,0,0,medium,0,1,2026-08-16T19:00:32Z,2026-08-16T19:20:05.154404+00:00
17611,"during a heavier-than-usual day, the picture quality works normally. the behavior persisted across several attempts. i don't feel strongly either way. lol. Honestly 👎",neutral,television,neutral,television,0.9999856948852539,0.9990702271461487,True,True,informal,0,1,0,1,medium,0,0,2026-08-16T19:00:32Z,2026-08-16T19:20:05.154404+00:00
17612,"Under a representative operating profile, outside my normal routine, the network reception is acceptable but unremarkable. I noticed the change only in the new situation. there is not much else to say. 🤷",neutral,smartphone,neutral,smartphone,0.9999946355819702,0.9991437196731567,True,True,technical,0,1,0,0,medium,0,1,2026-08-16T19:00:32Z,2026-08-16T19:20:05.154404+00:00
17613,"after a few weeks of mixed use, the usb port continues to work without drama. a second check gave me the same result. for my use case, this is a keeper.",positive,smartphone,positive,smartphone,0.9999606609344482,0.9992647767066956,True,True,informal,0,0,0,0,medium,0,0,2026-08-16T19:00:32Z,2026-08-16T19:20:05.154404+00:00
17614,"The thermostat is what stood out after changing a few settings; it continues to work without drama. I tried the same thing again later and got a similar result. That said, the freezer compartment is difficult to trust, so the experience is not completely one-sided.",positive,refrigerator,positive,smartphone,0.9998548030853271,0.9990127086639404,True,False,standard,0,0,0,0,long,1,1,2026-08-16T19:00:32Z,2026-08-16T19:20:05.154404+00:00
17615,"From a practical reliability standpoint, i did not pay much attention to the door warning at first, but after a few weeks of mixed use it fails in normal use. the difference became clearer after a few more days. The ice system tells a diferent story becuase it works normally. I am tired of this crap.",negative,refrigerator,negative,refrigerator,0.9999880790710449,0.9997132420539856,True,True,technical,1,0,1,0,long,1,1,2026-08-16T19:00:32Z,2026-08-16T19:20:05.154404+00:00
17616,The soap tray is what stood out after using it for work and at home; it fails in normal use. the difference became clearer after a few more days.,negative,washing_machine,negative,washing_machine,0.9991017580032349,0.9993820190429688,True,True,standard,0,0,0,0,medium,0,0,2026-08-16T19:00:32Z,2026-08-16T19:20:05.154404+00:00
17617,The shelf layout is what stood out after changing a few settings; it remains basically average. this was different from my first impression. there is not much else to say.,neutral,refrigerator,neutral,refrigerator,0.9999963045120239,0.9996899366378784,True,True,standard,0,0,0,0,medium,0,0,2026-08-16T19:00:32Z,2026-08-16T19:20:05.154404+00:00
17618,the interface is what out after coming back to it after a few days; it keeps getting in the way. someone else in the house noticed it too. i am already looking at alternatives. kinda wild.,negative,television,negative,television,0.9999814033508301,0.9994503855705261,True,True,limited,0,0,0,1,long,0,0,2026-08-16T19:00:32Z,2026-08-16T19:20:05.154404+00:00
17619,"after changing a few settings, i noticed that the touch panel on this mobile feels dependable in daily use. i repeated the check before writing this. i have stopped worrying about this of the product.",positive,smartphone,positive,smartphone,0.9999750852584839,0.9989846348762512,True,True,limited,0,0,0,0,long,0,0,2026-08-16T19:00:32Z,2026-08-16T19:20:05.154404+00:00
17620,"After using it for work and at home, I noticed that the controller on this living room display still performs consistently. this was different from my first impression. Honestly 😐",positive,television,positive,television,0.9999321699142456,0.9995125532150269,True,True,advanced,0,1,0,0,medium,0,1,2026-08-16T19:00:32Z,2026-08-16T19:20:05.154404+00:00
17621,"I have been using this cell phone after taking it on a trip, and the network reception feels ordinary after more use. the difference became clearer after a few more days. There is no major crap to complain about here.",neutral,smartphone,neutral,smartphone,0.9999985694885254,0.999196469783783,True,True,advanced,1,0,0,0,long,0,0,2026-08-16T19:00:32Z,2026-08-16T19:20:05.154404+00:00
17622,"From a practical reliability standpoint, my main impression of this living room display comes from the panel lighting: it does the job outside my normal routine. I wolud neither recommend it nor warn people away. 🤷",neutral,television,neutral,television,0.9999858140945435,0.9995612502098083,True,True,technical,0,1,1,0,long,0,0,2026-08-16T19:00:32Z,2026-08-16T19:20:05.154404+00:00
17623,"After taking it on a trip, the built-in uadio fails in normal use. this was diferent from my first impression. this is the part that makes me regret the purchase. I am tired of this crap. pretty solid ngl.",negative,television,negative,washing_machine,0.9999771118164062,0.692015528678894,True,False,standard,1,0,1,1,long,0,1,2026-08-16T19:00:32Z,2026-08-16T19:20:05.154404+00:00
17624,My main impression of this TV set comes from the interface: it has not given me trouble during a heavier-than-usual day.,positive,television,positive,television,0.9998466968536377,0.9989597797393799,True,True,advanced,0,0,0,0,medium,0,0,2026-08-16T19:00:32Z,2026-08-16T19:20:05.154404+00:00
17625,"Across repeated observations, i did not pay much attention to the USB port at first, but during a heavier-than-usual day it breaks down when conditions change. I noticed the change only in the new situation. 😂",negative,smartphone,negative,smartphone,0.9999549388885498,0.999187171459198,True,True,technical,0,1,0,0,long,0,0,2026-08-16T19:00:32Z,2026-08-16T19:20:05.154404+00:00
17626,the network reception is what stood out after using it for work and at home; it has turned into a recurring problem. the behavior persisted across several attempts. i am tired of this crap.,negative,smartphone,negative,smartphone,0.9999548196792603,0.9991647005081177,True,True,limited,1,0,0,0,long,0,1,2026-08-16T19:00:32Z,2026-08-16T19:20:05.154404+00:00
17627,My main impression of this cell phone comes from the fingerprint reader: it has not given me trouble after a few weeks of mixed use. I repeated the check before writing this. The USB port tells a different story because it keeps getting in the way.,positive,smartphone,positive,smartphone,0.999925971031189,0.9991330504417419,True,True,standard,0,0,0,0,long,1,0,2026-08-16T19:00:32Z,2026-08-16T19:20:05.154404+00:00
17628,"Across repeated observations, real talk, the controller is what stood out when someone else in the house used it; it feels dependable in daily use. I tried the same thing again later and got a similar result. I plan to keep useing it. I expected some crap here, but it has actually held up.",positive,television,positive,television,0.9999467134475708,0.9996185302734375,True,True,technical,1,0,1,1,long,0,0,2026-08-16T19:00:32Z,2026-08-16T19:20:05.154404+00:00
17629,"my main impression of this machine comes from the drainage motor: it has turned into a recurring problem when someone else in the house used it. this was different from my first impression. that said, the soap tray is neither impressive nor bad, so the experience is not completely one-sided. this shit should not be happening in normal use.",negative,washing_machine,negative,washing_machine,0.9999853372573853,0.9997010827064514,True,True,informal,1,0,0,0,long,1,0,2026-08-16T19:00:32Z,2026-08-16T19:20:05.154404+00:00
17630,"Under ordinary operating conditions, i have been using this new phone outside my normal routine, and the fingerprint reader fails in normal use.",negative,smartphone,negative,smartphone,0.978385865688324,0.9988364577293396,True,True,technical,0,0,0,0,medium,0,0,2026-08-16T19:00:32Z,2026-08-16T19:20:05.154404+00:00
17631,"When someone else in the house used it, I noticed that the rinse program on this new washer continues to work without drama. I noticed the change only in the new situation. I plan to keep using it. kinda wild.",positive,washing_machine,positive,washing_machine,0.9999393224716187,0.9996219873428345,True,True,standard,0,0,0,1,long,0,0,2026-08-16T19:00:32Z,2026-08-16T19:20:05.154404+00:00
17632,"i have been using this new after coming back to it after a few days, and the inside lighting holds up better than expected. the damn thing surprised me in a good way. Honestly 🙃",positive,refrigerator,positive,refrigerator,0.9999587535858154,0.34371042251586914,True,True,limited,1,1,0,0,long,0,1,2026-08-16T19:00:32Z,2026-08-16T19:20:05.154404+00:00
17633,my main impression of this tv set comes from the quailty: it has become increasingly unreliable after taking it on a trip. i noticed the change only in the new situation.,negative,television,negative,television,0.9999703168869019,0.9989702701568604,True,True,limited,0,0,1,0,medium,0,0,2026-08-16T19:00:32Z,2026-08-16T19:20:05.154404+00:00
17634,"i have been using this work phone coming back to it after a few days, and the touch panel neither impressive nor bad. 😐",neutral,smartphone,neutral,smartphone,0.9874080419540405,0.9990389347076416,True,True,limited,0,1,0,0,medium,0,0,2026-08-16T19:00:32Z,2026-08-16T19:20:05.154404+00:00
17635,"Under a representative operating profile, i did not pay much attetnion to the wash drum at first, but after a few weeks of mixed use it continues to work without drama. the behavior persisted across several attempts. overall I am happy with it.",positive,washing_machine,positive,washing_machine,0.9999552965164185,0.9996434450149536,True,True,technical,0,0,1,0,long,0,0,2026-08-16T19:00:32Z,2026-08-16T19:20:05.154404+00:00
17636,"after taking it on a trip, the built-in audio has become increasingly unreliable. the difference became clearer after a few more days. the controller tells a different story because it has stayed the damn thing keeps getting in the way.",negative,television,negative,television,0.9999792575836182,0.999424934387207,True,True,limited,1,0,0,0,long,1,0,2026-08-16T19:00:32Z,2026-08-16T19:20:05.154404+00:00
17637,"Under a representative operating profile, imo, after taking it on a trip, the fill valve remains basically average. I repeated the check before writing this. I do not feel strongly either way. The damn thing is basically fine.",neutral,washing_machine,neutral,washing_machine,0.9999988079071045,0.999588668346405,True,True,technical,1,0,0,1,long,0,0,2026-08-16T19:00:32Z,2026-08-16T19:20:05.154404+00:00
17638,"From a practical reliability standpoint, the fill valve is what stood out after changing a few settings; it is difficult to trust. I am already looking at alternatives. for real.",negative,washing_machine,negative,washing_machine,0.9998051524162292,0.9989523887634277,True,True,technical,0,0,0,1,medium,0,1,2026-08-16T19:00:32Z,2026-08-16T19:20:05.154404+00:00
17639,"real talk, i have been using this cold-storage unit after using it for work and at home, and the door warning well even outside my usual routine. a second check gave me the same result.",positive,refrigerator,positive,refrigerator,0.9999375343322754,0.9996210336685181,True,True,limited,0,0,0,1,long,0,1,2026-08-16T19:00:32Z,2026-08-16T19:20:05.154404+00:00
17640,"After using it for work and at home, I noticed that the cooling motor on this cold-storage unit keeps acting up. I tried the same thing again later and got a similar result.",negative,refrigerator,negative,refrigerator,0.999956488609314,0.9995737671852112,True,True,standard,0,0,0,0,medium,0,0,2026-08-16T19:00:32Z,2026-08-16T19:20:05.154404+00:00
17641,"Outside my normal routine, I noticed that the vibration on this new washer works well even outside my usual routine. a second check gave me the same result.",positive,washing_machine,positive,washing_machine,0.9999344348907471,0.9994402527809143,True,True,advanced,0,0,0,0,medium,0,0,2026-08-16T19:00:32Z,2026-08-16T19:20:05.154404+00:00
17642,"i have been using this laundry unit after taking it on a trip, and the program feels dependable in daily use. the difference became clearer after a few more days.",positive,washing_machine,positive,washing_machine,0.9994211196899414,0.9986222982406616,True,True,limited,0,0,0,0,medium,0,0,2026-08-16T19:00:32Z,2026-08-16T19:20:05.154404+00:00
17643,"uotside my normal routine, the streaming menu does the job.",neutral,television,neutral,television,0.9548178911209106,0.9048730731010437,True,True,limited,0,0,1,0,short,0,0,2026-08-16T19:00:32Z,2026-08-16T19:20:05.154404+00:00
17644,"honestly tho, after coming back to it after a few days, the USB port does the job. someone else in the house notcied it too. 👍",neutral,smartphone,neutral,smartphone,0.9877986311912537,0.9989941716194153,True,True,standard,0,1,1,1,medium,0,0,2026-08-16T19:00:32Z,2026-08-16T19:20:05.154404+00:00
17645,the wireless conection is what stood out during a heavier-than-usual day; it keeps getting in the way. the behavior persisted across several attempts. i would hesitate to buy it again.,negative,television,negative,television,0.9999672174453735,0.8974999189376831,True,True,informal,0,0,1,0,medium,0,0,2026-08-16T19:00:32Z,2026-08-16T19:20:05.154404+00:00
17646,"I have been using this wash unit after using it for work and at home, and the fill valve is difficult to trust. a second check gave me the same result. this is the part that makes me regret the purchase. On the other hand, the cycle controls still performs consistently, which makes the overall picture more mixed. pretty solid ngl.",negative,washing_machine,negative,washing_machine,0.9999746084213257,0.9997033476829529,True,True,standard,0,0,0,1,long,1,1,2026-08-16T19:00:32Z,2026-08-16T19:20:05.154404+00:00
17647,"After coming back to it after a few days, the touch panel works normally. someone else in the house noticed it too.",neutral,smartphone,neutral,television,0.9984109401702881,0.9522468447685242,True,False,standard,0,0,0,0,medium,0,0,2026-08-16T19:00:32Z,2026-08-16T19:20:05.154404+00:00
17648,"I have been useing this clothes washer when someone else in the house used it, and the rinse program keeps acting up. this is the part that makes me regret the purchase.",negative,washing_machine,negative,washing_machine,0.9999749660491943,0.9997212290763855,True,True,standard,0,0,1,0,medium,0,0,2026-08-16T19:00:32Z,2026-08-16T19:20:05.154404+00:00
17649,"honestly tho, i did not pay much attention to the cooling motor at first, but after uisng for work and at home it has been a disappointment. the difference became clearer after a few more days. the thermostat tells a different story because it works normally.",negative,refrigerator,negative,refrigerator,0.9999740123748779,0.9997158646583557,True,True,limited,0,0,1,1,long,1,0,2026-08-16T19:00:32Z,2026-08-16T19:20:05.154404+00:00
17650,The apps is what stood out after changing a few settings; it feels ordinary after more use. I tried the same thing again later and got a similar result.,neutral,smartphone,neutral,smartphone,0.9999828338623047,0.6453222036361694,True,True,standard,0,0,0,0,medium,0,1,2026-08-16T19:00:32Z,2026-08-16T19:20:05.154404+00:00
17651,"i did not pay much attention to the picture quality at first, but after a few weeks of mixed use it has stayed dependable. the difference became clearer after a few more days. i have stopped worrying about this part of the product. on the other hand, the panel lighting is difficult to trust, which makes the overall picture more mixed.",positive,television,positive,television,0.9998469352722168,0.9995031356811523,True,True,informal,0,0,0,0,long,1,0,2026-08-16T19:00:32Z,2026-08-16T19:20:05.154404+00:00
17652,"I did not pay much attention to the built-in audio at first, but after a few weeks of mixed use it has turned into a recurring problem. this was different from my first impression.",negative,television,negative,television,0.9998072981834412,0.999264657497406,True,True,standard,0,0,0,0,long,0,0,2026-08-16T19:00:32Z,2026-08-16T19:20:05.154404+00:00
17653,"After repeated use under comparable conditions, outside my normal routine, I noticed that the interface on this bedroom TV feels ordinary after more use. I tried the same thing again later and got a similar result.",neutral,television,neutral,television,0.9999066591262817,0.9196175932884216,True,True,technical,0,0,0,0,long,0,0,2026-08-16T19:00:32Z,2026-08-16T19:20:05.154404+00:00
17654,"Under a representative operating profile, i did not pay much attention to the soap tray at first, but after taking it on a trip it does the job. I repeated the check before writing this.",neutral,washing_machine,neutral,washing_machine,0.9971302151679993,0.9994515776634216,True,True,technical,0,0,0,0,long,0,0,2026-08-16T19:00:32Z,2026-08-16T19:20:05.154404+00:00
17655,"the interface is what stood out outside my normal routine; it fails in normal use. this was different from my first impression. on the other hand, the panel lighting still performs consistently, which makes the overall picture more mixed.",negative,television,negative,television,0.9999443292617798,0.9994805455207825,True,True,informal,0,0,0,0,long,1,1,2026-08-16T19:00:32Z,2026-08-16T19:20:05.154404+00:00
17656,"Under a representative operating profile, my main impression of this cell phone comes from the call quality: it feels ordinary after more use when someone else in the house used it. the behavior persisted across several attempts. I do not feel strongly either way.",neutral,smartphone,neutral,smartphone,0.9999942779541016,0.9991317391395569,True,True,technical,0,0,0,0,long,0,1,2026-08-16T19:00:32Z,2026-08-16T19:20:05.154404+00:00
17657,"during a heavier-than-usual day, touch panel breaks down when conditions change. i noticed the change only in the new situation.",negative,smartphone,negative,smartphone,0.9996551275253296,0.6714560985565186,True,True,limited,0,0,0,0,medium,0,1,2026-08-16T19:00:32Z,2026-08-16T19:20:05.154404+00:00
17658,"after coming back to it after a few days, i noticed that the door latch on this wash unit turned into a recurring problem. i tried the same thing again later and got a similar result.",negative,washing_machine,negative,washing_machine,0.999969482421875,0.9992334842681885,True,True,limited,0,0,0,0,long,0,0,2026-08-16T19:00:32Z,2026-08-16T19:20:05.154404+00:00
17659,"i have been using this video panel after a few weeks of mixed use, and the built-in audio fails in normal use. a second check gave me the same result. i am considering a replacement. that said, the sports motion is neither impressive nor bad, so the experience is not completely one-sided. the damn thing keeps getting in the way.",negative,television,negative,television,0.9999786615371704,0.9994359612464905,True,True,limited,1,0,0,0,long,1,0,2026-08-16T19:00:32Z,2026-08-16T19:20:05.154404+00:00
17660,"imo, my main impression of this new refrigerator comes from the ice system: it feels dependable in daily use after coming back to it after a few days. I tried the same thing again later and got a similar result.",positive,refrigerator,positive,refrigerator,0.9999328851699829,0.9996538162231445,True,True,advanced,0,0,0,1,long,0,0,2026-08-16T19:00:32Z,2026-08-16T19:20:05.154404+00:00
17661,"After repeated use under comparable conditions, i did not pay much attention to the thermostat at first, but after using it for work and at home it still performs consistently. I noticed the change only in the new situation. Damn, I did not expect this part to be this solid.",positive,refrigerator,positive,refrigerator,0.9999721050262451,0.9845235347747803,True,True,technical,1,0,0,0,long,0,0,2026-08-16T19:00:32Z,2026-08-16T19:20:05.154404+00:00
17662,"I have been uisng this work phone after using it for work and at home, and the apps is difficult to trust. I am considering a replacement. I am tired of this crap. 👎",negative,smartphone,negative,smartphone,0.9999805688858032,0.9990335702896118,True,True,standard,1,1,1,0,long,0,0,2026-08-16T19:00:32Z,2026-08-16T19:20:05.154404+00:00
17663,the gasket is what stood out after taking it on a trip; it works nromally.,neutral,refrigerator,negative,refrigerator,0.7001588940620422,0.971282422542572,False,True,informal,0,0,1,0,medium,0,0,2026-08-16T19:00:32Z,2026-08-16T19:20:05.154404+00:00
17664,"I have been using this kitchen fridge after taking it on a trip, and the ice system has been a disappointment. I noticed the change only in the new situation.",negative,refrigerator,negative,refrigerator,0.9958183169364929,0.999679446220398,True,True,advanced,0,0,0,0,medium,0,0,2026-08-16T19:00:32Z,2026-08-16T19:20:05.154404+00:00
17665,"i have been using this kitchen fridge after changing a few settings, and the inside has been a disappointment. the behavior persisted across several attempts.",negative,refrigerator,negative,refrigerator,0.9659359455108643,0.9996926784515381,True,True,limited,0,0,0,0,medium,0,0,2026-08-16T19:00:32Z,2026-08-16T19:20:05.154404+00:00
17666,"Across repeated observations, i have been using this cold-storage unit after changing a few settings, and the inside lighting feels ordinary after more use. I noticed the change only in the new situation. it is adequate for now. Honestly, the damn thing is just average.",neutral,refrigerator,neutral,refrigerator,0.9999992847442627,0.9995567202568054,True,True,technical,1,0,0,0,long,0,0,2026-08-16T19:00:32Z,2026-08-16T19:20:05.154404+00:00
17667,"after changing a few settings, the network reception still performs consistently. 👍",positive,smartphone,positive,smartphone,0.9992490410804749,0.979393720626831,True,True,informal,0,1,0,0,short,0,0,2026-08-16T19:00:32Z,2026-08-16T19:20:05.154404+00:00
17668,"fr, my main impression of this daily driver comes from the call quality: it continues to work without drama after taking it on a trip.",positive,smartphone,positive,smartphone,0.9999004602432251,0.9990639090538025,True,True,standard,0,0,0,1,medium,0,0,2026-08-16T19:00:32Z,2026-08-16T19:20:05.154404+00:00
17669,The streaming menu is what stood out after using it for work and at home; it is difficult to trust. the difference became clearer after a few more days. this is the part that makes me regret the purchase. pretty solid ngl.,negative,television,negative,television,0.9999703168869019,0.9995324611663818,True,True,standard,0,0,0,1,long,0,0,2026-08-16T19:00:32Z,2026-08-16T19:20:05.154404+00:00
17670,"fr, i have been using this living room display after coming back to it after a few days, and the picture quality has stayed dependable. this was different from my first impression. it has earned my confidence.",positive,television,positive,television,0.9999667406082153,0.9996172189712524,True,True,informal,0,0,0,1,long,0,0,2026-08-16T19:00:32Z,2026-08-16T19:20:05.154404+00:00
17671,"i did not pay much attention to the spin program at first, but when someone else in the house used it it fails in normal use. this was different my first impression. this needs to improve. the cycle controls tells a different story because it holds up better than expected.",negative,washing_machine,negative,washing_machine,0.9999091625213623,0.9997596144676208,True,True,limited,0,0,0,0,long,1,0,2026-08-16T19:00:32Z,2026-08-16T19:20:05.154404+00:00
17672,"After taking it on a trip, the fill valve works normally.",neutral,washing_machine,neutral,washing_machine,0.9346036314964294,0.7975588440895081,True,True,advanced,0,0,0,0,short,0,0,2026-08-16T19:00:32Z,2026-08-16T19:20:05.154404+00:00
17673,"My main impression of this refrigeration unit comes from the shelf layout: it works well even outside my usual routine after changing a few settings. this was different from my first impression. That said, the compressor fan has been a disappointment, so the experience is not completely one-sided. 🙂",positive,refrigerator,positive,refrigerator,0.9998419284820557,0.99983811378479,True,True,advanced,0,1,0,0,long,1,0,2026-08-16T19:00:32Z,2026-08-16T19:20:05.154404+00:00
17674,"the thermostat is what stood out fater a few weeks of mixed use; it has become increasingly unreliable. someoen else in the house noticed it too. this needs to improve. that said, the compressor fan feels dependable in daily use, so the experience is not completely one-sided. i am tired of this crap.",negative,refrigerator,negative,refrigerator,0.9999853372573853,0.9997109770774841,True,True,informal,1,0,1,0,long,1,1,2026-08-16T19:00:32Z,2026-08-16T19:20:05.154404+00:00
17675,The apps is what stood out when someone else in the house used it; it fails in normal use. This is damn annoying.,negative,smartphone,negative,washing_machine,0.9998520612716675,0.716141402721405,True,False,standard,1,0,0,0,medium,0,0,2026-08-16T19:00:32Z,2026-08-16T19:20:05.154404+00:00
17676,"when someone else in the house used it, the ice system is acceptable but unremarkable. on the other hand, the cooling motor works well even outside my usual routine, which makes overall picture more mixed.",neutral,refrigerator,neutral,refrigerator,0.9999734163284302,0.9996176958084106,True,True,limited,0,0,0,0,long,1,1,2026-08-16T19:00:32Z,2026-08-16T19:20:05.154404+00:00
17677,"I did not pay much attention to the rinse program at first, but after a few weeks of mixed use it still performs consistently. the difference became clearer after a few more days. That said, the fill valve is acceptable but unremarkable, so the experience is not completely one-sided. 🤔",positive,washing_machine,positive,washing_machine,0.9998961687088013,0.9997491240501404,True,True,advanced,0,1,0,0,long,1,0,2026-08-16T19:00:32Z,2026-08-16T19:20:05.154404+00:00
17678,"After coming back to it after a few days, I noticed that the rinse program on this new washer has turned into a recurring problem. the behavior persisted across several attempts.",negative,washing_machine,negative,washing_machine,0.9999063014984131,0.9995631575584412,True,True,standard,0,0,0,0,medium,0,0,2026-08-16T19:00:32Z,2026-08-16T19:20:05.154404+00:00
17679,"Across repeated observations, after a few weeks of mixed use, I noticed that the shelf layout on this refrigeration unit is acceptable but unremarkable. the difference became clearer after a few more days.",neutral,refrigerator,neutral,refrigerator,0.9999773502349854,0.9982603192329407,True,True,technical,0,0,0,0,medium,0,1,2026-08-16T19:00:32Z,2026-08-16T19:20:05.154404+00:00
17680,"ngl, the interface is what stood out when somenoe else in the house used it; it is neither impressive nor bad. it is adequate for now.",neutral,television,neutral,television,0.9999953508377075,0.9947308301925659,True,True,informal,0,0,1,1,medium,0,0,2026-08-16T19:00:32Z,2026-08-16T19:20:05.154404+00:00
17681,"i have been using this main fridge after changing a few settings, and the door warning continues to work drama. that said, the cooling motor remains basically average, so the experience is not completely one-sided. no bullshit, this has been one of the better parts of the product. Honestly 💀",positive,refrigerator,positive,refrigerator,0.9999264478683472,0.9997809529304504,True,True,limited,1,1,0,0,long,1,0,2026-08-16T19:00:32Z,2026-08-16T19:20:05.154404+00:00
17682,"Across repeated observations, i did not pay much attention to the rinse program at first, but after taking it on a trip it has become increasingly unreliable.",negative,washing_machine,negative,washing_machine,0.9996155500411987,0.9996144771575928,True,True,technical,0,0,0,0,medium,0,0,2026-08-16T19:00:32Z,2026-08-16T19:20:05.154404+00:00
17683,"I have been using this video panel outside my normal routine, and the interface breaks down when conditions change. this was diferent from my first impression. On the other hand, the controller continues to work without drama, which makes the on balance picture more mixed.",negative,television,negative,television,0.9999696016311646,0.9995015859603882,True,True,advanced,0,0,1,0,long,1,0,2026-08-16T19:00:32Z,2026-08-16T19:20:05.154404+00:00
17684,"From a practical reliability standpoint, i have been using this machine after changing a few settings, and the drainage motor works normally. this was different from my first impression. there is not much else to say. The damn thing is basically fine.",neutral,washing_machine,neutral,washing_machine,0.9999985694885254,0.9996182918548584,True,True,technical,1,0,0,0,long,0,1,2026-08-16T19:00:32Z,2026-08-16T19:20:05.154404+00:00
17685,"I did not pay much attention to the freezer compartment at first, but after a few weeks of mixed use it keeps acting up. this was different from my first impression. I am tired of this crap.",negative,refrigerator,negative,refrigerator,0.9999685287475586,0.9997052550315857,True,True,standard,1,0,0,0,long,0,0,2026-08-16T19:00:32Z,2026-08-16T19:20:05.154404+00:00
17686,"after a few weeks of imxed use, i noticed that the apps on this work phone has stayed dependable.",positive,smartphone,positive,smartphone,0.9853675365447998,0.9478146433830261,True,True,informal,0,0,1,0,medium,0,1,2026-08-16T19:00:32Z,2026-08-16T19:20:05.154404+00:00
17687,"after a few wekes of mixed use, i noticed that the ice system on this main fridge is difficult to trust. this needs to improve. that said, the door warning does the job, so the experience is not completely one-sided. i am tired of this crap.",negative,refrigerator,negative,refrigerator,0.9999845027923584,0.9997279047966003,True,True,informal,1,0,1,0,long,1,0,2026-08-16T19:00:32Z,2026-08-16T19:20:05.154404+00:00
17688,"The apps is what stood out outside my normal routine; it fails in normal use. this was different from my first impression. That said, the network reception feels dependable in daily use, so the experience is not completely one-sided.",negative,smartphone,negative,smartphone,0.9999411106109619,0.9977642297744751,True,True,standard,0,0,0,0,long,1,0,2026-08-16T19:00:32Z,2026-08-16T19:20:05.154404+00:00
17689,"The wash drum is what stood out outside my normal routine; it has stayed dependable. I expected some crap here, but it has actually held up. 🙃",positive,washing_machine,positive,washing_machine,0.999956488609314,0.9997058510780334,True,True,advanced,1,1,0,0,medium,0,1,2026-08-16T19:00:32Z,2026-08-16T19:20:05.154404+00:00
17690,"After using it for work and at home, I noticed that the door warning on this kitchen fridge feels ordinary after more use. I tried the same thing again later and got a similar result. I can live with it.",neutral,refrigerator,neutral,refrigerator,0.9999858140945435,0.9997498393058777,True,True,advanced,0,0,0,0,long,0,0,2026-08-16T19:00:32Z,2026-08-16T19:20:05.154404+00:00
17691,The door warning is what stood out during a heavier-than-usual day; it has turned into a recurring probelm. a second check gave me the same result. this is the part that makes me regret the purchase.,negative,refrigerator,negative,refrigerator,0.9999825954437256,0.999745786190033,True,True,standard,0,0,1,0,long,0,0,2026-08-16T19:00:32Z,2026-08-16T19:20:05.154404+00:00
17692,"i did not pay much attention to the inside lighting at first, but during a heavier-than-usual day it works normally.",neutral,refrigerator,neutral,refrigerator,0.985626757144928,0.9844240546226501,True,True,informal,0,0,0,0,medium,0,0,2026-08-16T19:00:32Z,2026-08-16T19:20:05.154404+00:00
17693,"I did not pay much attention to the gasket at first, but after changing a few settings it has turned into a recurring probelm. this was different from my first impression.",negative,refrigerator,negative,refrigerator,0.9995775818824768,0.9931008815765381,True,True,standard,0,0,1,0,medium,0,1,2026-08-16T19:00:32Z,2026-08-16T19:20:05.154404+00:00
17694,"Across repeated observations, during a heavier-than-usual day, the vibration feels dependable in daily use. I noticed the change only in the new situtaion. it has earned my confidence.",positive,washing_machine,positive,smartphone,0.9999587535858154,0.4586201310157776,True,False,technical,0,0,1,0,medium,0,0,2026-08-16T19:00:32Z,2026-08-16T19:20:05.154404+00:00
17695,The freezer compartment is what stood out after taking it on a trip; it feels dependable in daily use. this was different from my first impression.,positive,refrigerator,positive,refrigerator,0.9998700618743896,0.9997273087501526,True,True,advanced,0,0,0,0,medium,0,0,2026-08-16T19:00:32Z,2026-08-16T19:20:05.154404+00:00
17696,my main impression of this living room display comes from the sports motion: it breaks down when conditions change when someone else in the house used it. the difference became clearer after a few more days.,negative,television,negative,television,0.9999572038650513,0.9994713664054871,True,True,informal,0,0,0,0,long,0,0,2026-08-16T19:00:32Z,2026-08-16T19:20:05.154404+00:00
17697,"My main impression of this cold-storage unit comes from the gasket: it holds up better than expected after taking it on a trip. I tried the same thing again later and got a similar result. it has earned my confidence. No bullshit, this has been one of the better parts of the product. Honestly 🔥",positive,refrigerator,positive,refrigerator,0.9999586343765259,0.9997645020484924,True,True,advanced,1,1,0,0,long,0,1,2026-08-16T19:00:32Z,2026-08-16T19:20:05.154404+00:00
17698,"lowkey, during a heavier-than-usual day, I noticed that the earpiece on this mobile is fine for what it is. I tried the same thing again later and got a similar result.",neutral,smartphone,neutral,smartphone,0.9999861717224121,0.9990543723106384,True,True,standard,0,0,0,1,medium,0,0,2026-08-16T19:00:32Z,2026-08-16T19:20:05.154404+00:00
17699,"Under a representative operating profile, outside my normal routine, I noticed that the video input on this TV set has not given me trouble. I have stopped worriyng about this part of the product. 😂",positive,television,positive,television,0.9999562501907349,0.999293327331543,True,True,technical,0,1,1,0,long,0,0,2026-08-16T19:00:32Z,2026-08-16T19:20:05.154404+00:00
17700,the touch panel is what stood out when someone else in the house used it; it is difficult to trust. i repeated the check writing this. this shit should not be happening in normal use.,negative,smartphone,negative,washing_machine,0.9999794960021973,0.8861390948295593,True,False,limited,1,0,0,0,long,0,0,2026-08-16T19:00:32Z,2026-08-16T19:20:05.154404+00:00
17701,"When someone else in the house used it, I noticed that the apps on this daily driver still performs consistently. I tried the same thing again later and got a similar result.",positive,smartphone,positive,smartphone,0.999933123588562,0.9986832737922668,True,True,advanced,0,0,0,0,medium,0,0,2026-08-16T19:00:32Z,2026-08-16T19:20:05.154404+00:00
17702,"not gonna lie, my main impression of this wash unit comes from the door latch: it has not changed my opinion much after a few weeks of mixed use. the difference became clearer after a few more days. on the other hand, the wash drum feels dependable in daily use, which makes the overall picture more mixed.",neutral,washing_machine,neutral,washing_machine,0.9999889135360718,0.9996587038040161,True,True,informal,0,0,0,1,long,1,0,2026-08-16T19:00:32Z,2026-08-16T19:20:05.154404+00:00
17703,My main impression of this video panel comes from the built-in audio: it does the job when someone else in the house used it. the difference became clearer after a few more days. I can live with it.,neutral,television,neutral,television,0.9999920129776001,0.9995837807655334,True,True,standard,0,0,0,0,long,0,1,2026-08-16T19:00:32Z,2026-08-16T19:20:05.154404+00:00
17704,"From a practical reliability standpoint, after changing a few stetings, the sports motion has become increasingly unreliable. a second check gave me the same result.",negative,television,negative,television,0.9995110034942627,0.9950397610664368,True,True,technical,0,0,1,0,medium,0,0,2026-08-16T19:00:32Z,2026-08-16T19:20:05.154404+00:00
17705,"honestly tho, during a heavier-than-usual day, i noticed that the wash drum on this machine continues to work without drama. i repeated the check before writing this.",positive,washing_machine,positive,washing_machine,0.9998249411582947,0.9993422627449036,True,True,informal,0,0,0,1,medium,0,0,2026-08-16T19:00:32Z,2026-08-16T19:20:05.154404+00:00
17706,My main impression of this screen unit comes from the streaming menu: it fails in normal use after a few weeks of mixed use. the difference became clearer after a few more days.,negative,television,negative,television,0.9999406337738037,0.9994698166847229,True,True,standard,0,0,0,0,medium,0,0,2026-08-16T19:00:32Z,2026-08-16T19:20:05.154404+00:00
17707,"i did not pay much attention to the shelf layout at first, but after useing it for and at home it keeps acting up. i am considering a replacement. on the other hand, the compressor fan still performs consistently, which makes the overall picture more mixed.",negative,refrigerator,negative,refrigerator,0.9999724626541138,0.99970942735672,True,True,limited,0,0,1,0,long,1,0,2026-08-16T19:00:32Z,2026-08-16T19:20:05.154404+00:00
17708,"after using it for work and at home, the rinse program holds up better than expected. someone else in the house noticed it too. damn, i did not expect this part to be this solid.",positive,washing_machine,positive,washing_machine,0.9999722242355347,0.9996212720870972,True,True,informal,1,0,0,0,long,0,0,2026-08-16T19:00:32Z,2026-08-16T19:20:05.154404+00:00
17709,"Under a representative operating profile, outside my normal routine, I noticed that the soap tray on this machine has not given me trouble. I repeated the check before writing this.",positive,washing_machine,positive,washing_machine,0.999889612197876,0.999576985836029,True,True,technical,0,0,0,0,medium,0,0,2026-08-16T19:00:32Z,2026-08-16T19:20:05.154404+00:00
17710,"I have been using this television set after using it for work and at home, and the video input continues to work without drama. the behavior persisted across several attempts. it has earned my confidence.",positive,television,positive,television,0.9999719858169556,0.9995993971824646,True,True,advanced,0,0,0,0,long,0,0,2026-08-16T19:00:32Z,2026-08-16T19:20:05.154404+00:00
17711,"Across repeated observations, after coming back to it after a few days, I noticed that the battery life on this mobile does the job. the behavior persisted across several attempts.",neutral,smartphone,neutral,smartphone,0.9991519451141357,0.9991933703422546,True,True,technical,0,0,0,0,medium,0,0,2026-08-16T19:00:32Z,2026-08-16T19:20:05.154404+00:00
17712,"After repeated use under comparable conditions, after coming back to it after a few days, I noticed that the soap tray on this clothes washer is acceptable but unremarkable. this was different from my first impression. Honestly, the damn thign is just average. 🙂",neutral,washing_machine,neutral,washing_machine,0.9999954700469971,0.9997668862342834,True,True,technical,1,1,1,0,long,0,0,2026-08-16T19:00:32Z,2026-08-16T19:20:05.154404+00:00
17713,The video input is what stood out after changing a few settings; it works normally. someone else in the house noticed it too.,neutral,television,neutral,television,0.9998155236244202,0.9995057582855225,True,True,advanced,0,0,0,0,medium,0,0,2026-08-16T19:00:32Z,2026-08-16T19:20:05.154404+00:00
17714,My main impression of this laundry unit comes from the drainage motor: it still performs consistently after using it for work and at home. I repeated the check before writing this. The wash drum tells a different story because it has become increasingly unreliable.,positive,washing_machine,positive,washing_machine,0.9997908473014832,0.9997738003730774,True,True,advanced,0,0,0,0,long,1,0,2026-08-16T19:00:32Z,2026-08-16T19:20:05.154404+00:00
17715,The door latch is what stood out after taking it on a trip; it is fine for what it is. I repeated the check before writing this.,neutral,washing_machine,neutral,washing_machine,0.9998296499252319,0.9996647834777832,True,True,advanced,0,0,0,0,medium,0,1,2026-08-16T19:00:32Z,2026-08-16T19:20:05.154404+00:00
17716,"not gonna lie, i did not pay much attention to the controller at first, but after changing a few settings it works normally. this was different from my first impression. That said, the wireless connection holds up better than expected, so the experience is not completely one-sided.",neutral,television,neutral,television,0.9997081160545349,0.9994500279426575,True,True,advanced,0,0,0,1,long,1,0,2026-08-16T19:00:32Z,2026-08-16T19:20:05.154404+00:00
17717,the fill valve is what stood out after changing a few settings; it is difficult to i noticed the change only in the new situation. i am tired of this crap.,negative,washing_machine,negative,washing_machine,0.9999563694000244,0.9994964599609375,True,True,limited,1,0,0,0,medium,0,0,2026-08-16T19:00:32Z,2026-08-16T19:20:05.154404+00:00
17718,"during a heavier-than-usual day, the gasket keeps getting in the way. the damn thing keeps getting in the way.",negative,refrigerator,negative,refrigerator,0.9999200105667114,0.9788511991500854,True,True,limited,1,0,0,0,medium,0,0,2026-08-16T19:00:32Z,2026-08-16T19:20:05.154404+00:00
17719,the interface is what stood out after a few weeks of mixed use; it fails in normal use. this was different from my first impression.,negative,television,negative,television,0.9986513257026672,0.9990369081497192,True,True,informal,0,0,0,0,medium,0,0,2026-08-16T19:00:32Z,2026-08-16T19:20:05.154404+00:00
17720,"after coming back to it after a few days, i noticed that the door latch on this new washer has not given me trouble. a second check gave me the same result. i plan to keep using it. no bullshit, this has been one of the better parts of the product.",positive,washing_machine,positive,washing_machine,0.9999805688858032,0.9994288086891174,True,True,informal,1,0,0,0,long,0,0,2026-08-16T19:00:32Z,2026-08-16T19:20:05.154404+00:00
17721,"After taking it on a trip, I noticed that the door latch on this new washer holds up better than expected. the difference became clearer after a few more days. not great tbh. Honestly 👍",positive,washing_machine,positive,washing_machine,0.9999270439147949,0.9997085928916931,True,True,standard,0,1,0,1,long,0,0,2026-08-16T19:00:32Z,2026-08-16T19:20:05.154404+00:00
17722,My main impression of this food cooler comes from the ice system: it has become increasingly unreliable after a few weeks of mixed use. the behavior persisted across several attempts. I would not rely on it. 😬,negative,refrigerator,negative,refrigerator,0.9999791383743286,0.9996527433395386,True,True,advanced,0,1,0,0,long,0,0,2026-08-16T19:00:32Z,2026-08-16T19:20:05.154404+00:00
17723,The fill valve is what stood out outside my normal routine; it breaks down when conditions change. the difference became clearer after a few more days. this needs to improve. This shit should not be happening in routine use.,negative,washing_machine,negative,washing_machine,0.9999854564666748,0.9996744394302368,True,True,advanced,1,0,0,0,long,0,0,2026-08-16T19:00:32Z,2026-08-16T19:20:05.154404+00:00
17724,"Outside my normal routine, I noticed that the picture quality on this bedroom TV is difficult to trust. someone else in the house noticed it too. kinda wild.",negative,television,negative,television,0.9999085664749146,0.9993020296096802,True,True,advanced,0,0,0,1,medium,0,1,2026-08-16T19:00:32Z,2026-08-16T19:20:05.154404+00:00
17725,the thermostat is what stood out during a heavier-than-usual day; it continues to work without drama. i repeated the check before writing this. i have stopped owrrying about this part of the product. not great tbh. 😅,positive,refrigerator,positive,refrigerator,0.999937891960144,0.9994677901268005,True,True,informal,0,1,1,1,long,0,0,2026-08-16T19:00:32Z,2026-08-16T19:20:05.154404+00:00
17726,"I have been using this pocket device after taking it on a trip, and the apps fails in routine use. I repeated the check before writing this. this is the part that makes me regret the purchase.",negative,smartphone,negative,smartphone,0.9999524354934692,0.9991055130958557,True,True,advanced,0,0,0,0,long,0,0,2026-08-16T19:00:32Z,2026-08-16T19:20:05.154404+00:00
17727,"After a few weeks of mixed use, the panel lighting is difficult to trust.",negative,television,negative,television,0.9850751161575317,0.6440547108650208,True,True,advanced,0,0,0,0,medium,0,0,2026-08-16T19:00:32Z,2026-08-16T19:20:05.154404+00:00
17728,"From a practical reliability standpoint, during a heavier-than-usual day, I noticed that the interface on this bedroom TV feels ordinary after more use. I repeated the check before writing this. 🙃",neutral,television,neutral,television,0.9996447563171387,0.45386892557144165,True,True,technical,0,1,0,0,medium,0,0,2026-08-16T19:00:32Z,2026-08-16T19:20:05.154404+00:00
17729,"Under ordinary operating conditions, i have been using this new phone after a few weeks of mixed use, and the touch panel keeps getting in the way. the difference became clearer after a few more days. The call quality tells a different story because it continues to work without drama.",negative,smartphone,negative,smartphone,0.9998949766159058,0.999272882938385,True,True,technical,0,0,0,0,long,1,0,2026-08-16T19:00:32Z,2026-08-16T19:20:05.154404+00:00
17730,"Under ordinary operating conditions, i have been using this daily driver when someone else in the house used it, and the network reception is acceptable but unremarkable. Honestly, the damn thing is just average.",neutral,smartphone,neutral,smartphone,0.9999959468841553,0.9990949630737305,True,True,technical,1,0,0,0,long,0,0,2026-08-16T19:00:32Z,2026-08-16T19:20:05.154404+00:00
17731,"I did not pay much attention to the battery life at first, but after changing a few settings it still performs consistently.",positive,smartphone,positive,smartphone,0.9984560012817383,0.9990888833999634,True,True,advanced,0,0,0,0,medium,0,0,2026-08-16T19:00:32Z,2026-08-16T19:20:05.154404+00:00
17732,"fr, i did not pay much attention to the streaming menu at first, but after a few weeks of mixed use it is fine for what it is. a second check gave me the same result. I do not feel strongly either way.",neutral,television,neutral,television,0.9999959468841553,0.999434769153595,True,True,standard,0,0,0,1,long,0,0,2026-08-16T19:00:32Z,2026-08-16T19:20:05.154404+00:00
17733,"Under ordinary operating conditions, my main impression of this screen unit comes from the picture quality: it fails in normal use after coming back to it after a few days. this was different from my first impression. I would hesitate to buy it again.",negative,television,negative,television,0.9999778270721436,0.9995025396347046,True,True,technical,0,0,0,0,long,0,1,2026-08-16T19:00:32Z,2026-08-16T19:20:05.154404+00:00
17734,"i did not pay much attention to the shelf layout at first, but after it on a trip it keeps getting in the way. i would not rely on it.",negative,refrigerator,negative,refrigerator,0.999930739402771,0.999674916267395,True,True,limited,0,0,0,0,medium,0,1,2026-08-16T19:00:32Z,2026-08-16T19:20:05.154404+00:00
17735,my main impression of this screen unit comes from the interface: it does the job after taking it a trip. it is for now.,neutral,television,neutral,television,0.999750554561615,0.999460756778717,True,True,limited,0,0,0,0,medium,0,0,2026-08-16T19:00:32Z,2026-08-16T19:20:05.154404+00:00
17736,"atfer a few weeks of mixed use, i noticed that the drainage motor on this clothes washer has turned into a recurring problem. i tried the same thing again later and got a similar result. the cycle controls tells a different story because it has not changed my opinion much.",negative,washing_machine,negative,washing_machine,0.99997878074646,0.9996885061264038,True,True,informal,0,0,1,0,long,1,0,2026-08-16T19:00:32Z,2026-08-16T19:20:05.154404+00:00
17737,"Under ordinary operating conditions, i did not pay much attention to the wash drum at first, but after coming back to it after a few days it has stayed dependable. The damn thing surprised me in a good way.",positive,washing_machine,positive,washing_machine,0.9999468326568604,0.999626636505127,True,True,technical,1,0,0,0,long,0,0,2026-08-16T19:00:32Z,2026-08-16T19:20:05.154404+00:00
17738,"When someone else in the house used it, the touch panel fails in routine use. the behavior persisted across several attempts. I am tired of this crap. for real.",negative,smartphone,negative,television,0.9999608993530273,0.46251603960990906,True,False,advanced,1,0,0,1,medium,0,1,2026-08-16T19:00:32Z,2026-08-16T19:20:05.154404+00:00
17739,"real talk, i have been using this mobile after using it for work and at home, and the rear camera fails in normal use. i tried the same thing again later and got a similar result. 🔥",negative,smartphone,negative,smartphone,0.9999001026153564,0.9992486834526062,True,True,informal,0,1,0,1,long,0,0,2026-08-16T19:00:32Z,2026-08-16T19:20:05.154404+00:00
17740,"i have been using this cold-storage unit after changing a few settings, and the shelf layout has been a pleasant surprise. i noticed the change only in the new situation. for my use case, this is a keeper.",positive,refrigerator,positive,refrigerator,0.999958872795105,0.9997466206550598,True,True,informal,0,0,0,0,long,0,0,2026-08-16T19:00:32Z,2026-08-16T19:20:05.154404+00:00
17741,"Across repeated observations, not gonna lie, outside my normal routine, I noticed that the thermostat on this new refrigerator holds up better than expected.",positive,refrigerator,positive,refrigerator,0.9970394968986511,0.9678947329521179,True,True,technical,0,0,0,1,medium,0,0,2026-08-16T19:00:32Z,2026-08-16T19:20:05.154404+00:00
17742,"after a few weeks of mixed use, the earpiece has not my opinion much. the difference became clearer after a few more days.",neutral,smartphone,neutral,washing_machine,0.9999338388442993,0.4248754382133484,True,False,limited,0,0,0,0,medium,0,0,2026-08-16T19:00:32Z,2026-08-16T19:20:05.154404+00:00
17743,"After repeated use under comparable conditions, after coming back to it after a few days, I noticed that the call quailty on this pocket device is difficult to trust. this was different from my first impression.",negative,smartphone,negative,smartphone,0.999565064907074,0.9988396763801575,True,True,technical,0,0,1,0,long,0,1,2026-08-16T19:00:32Z,2026-08-16T19:20:05.154404+00:00
17744,My main impression of this wash unit comes from the fill valve: it remains basically average after coimng back to it after a few days. I repeated the check before writing this. it is adequate for now.,neutral,washing_machine,neutral,washing_machine,0.9999974966049194,0.9997115731239319,True,True,advanced,0,0,1,0,long,0,0,2026-08-16T19:00:32Z,2026-08-16T19:20:05.154404+00:00
17745,"After repeated use under comparable conditions, after taking it on a trip, the gasket is difficult to trust. I repeated the check before writing this. lol. Honestly 😅",negative,refrigerator,negative,refrigerator,0.999693751335144,0.9332238435745239,True,True,technical,0,1,0,1,medium,0,1,2026-08-16T19:00:32Z,2026-08-16T19:20:05.154404+00:00
17746,"After repeated use under comparable conditions, after a few weeks of mixed use, I noticed that the controller on this bedroom TV is neither impressive nor bad. I repeated the check before writing this. it is adequate for now.",neutral,television,neutral,television,0.9999957084655762,0.9989074468612671,True,True,technical,0,0,0,0,long,0,1,2026-08-16T19:00:32Z,2026-08-16T19:20:05.154404+00:00
17747,i did not pay much attention to the door latch at but after changing a few settings it works normalyl. a second gave me the same result. i do not feel strongly either way.,neutral,washing_machine,neutral,washing_machine,0.9999879598617554,0.99954754114151,True,True,limited,0,0,1,0,long,0,1,2026-08-16T19:00:32Z,2026-08-16T19:20:05.154404+00:00
17748,"Under a representative operating profile, my main impression of this living room display comes from the streaming menu: it has become increasingly unreliable after changing a few settings. someone else in the house noticed it too. Honestly 💀",negative,television,negative,television,0.9999730587005615,0.999602735042572,True,True,technical,0,1,0,0,long,0,0,2026-08-16T19:00:32Z,2026-08-16T19:20:05.154404+00:00
17749,"i did not pay much attention to the spin program at first, but after taking it on a trip it keeps getting in the way. i am tired of this crap.",negative,washing_machine,negative,washing_machine,0.9999481439590454,0.9996131062507629,True,True,informal,1,0,0,0,medium,0,1,2026-08-16T19:00:32Z,2026-08-16T19:20:05.154404+00:00
17750,"i have been using this front-loading washer after changing a few settings, and the spin porgram continues to work without drama.",positive,washing_machine,positive,washing_machine,0.9901604652404785,0.9955167174339294,True,True,informal,0,0,1,0,medium,0,0,2026-08-16T19:00:32Z,2026-08-16T19:20:05.154404+00:00
17751,the door warning is what stood out after changing a few settings; fails in normal use.,negative,refrigerator,negative,refrigerator,0.985158383846283,0.9993594288825989,True,True,limited,0,0,0,0,medium,0,0,2026-08-16T19:00:32Z,2026-08-16T19:20:05.154404+00:00
17752,"outside my normal routine, i noticed that the sports motion on this video panel fails in normal use. this was different from my first impression. i am considering a replacement. that said, the video input does the job, so the experience is not completely one-sided. this shit should not be happening in normal use.",negative,television,negative,television,0.9999849796295166,0.9995278120040894,True,True,limited,1,0,0,0,long,1,0,2026-08-16T19:00:32Z,2026-08-16T19:20:05.154404+00:00
17753,"I have been using this food cooler after a few weeks of mixed use, and the gasket is fine for what it is. I repeated the check before writing this. I would neither recommend it nor warn people away. On the other hand, the compressor fan still performs consistently, which makes the on balance picture more mixed.",neutral,refrigerator,neutral,refrigerator,0.999980092048645,0.9997074007987976,True,True,advanced,0,0,0,0,long,1,0,2026-08-16T19:00:32Z,2026-08-16T19:20:05.154404+00:00
17754,"Under ordinary operating conditions, my main impression of this video panel comes from the streaming menu: it has been a disappointment after using it for work and at home. 👎",negative,television,negative,television,0.9830323457717896,0.9991658926010132,True,True,technical,0,1,0,0,medium,0,0,2026-08-16T19:00:32Z,2026-08-16T19:20:05.154404+00:00
17755,"i have been using this machine after changing a few settings, and the fill valve has been a disappointment. i noticed the change only in the new situation.",negative,washing_machine,negative,washing_machine,0.9896570444107056,0.9988991022109985,True,True,informal,0,0,0,0,medium,0,0,2026-08-16T19:00:32Z,2026-08-16T19:20:05.154404+00:00
17756,"When someone else in the house used it, I noticed that the interface on this video panel remains basically average. I noticed the change only in the new situation. it is adequate for now.",neutral,television,neutral,television,0.9999982118606567,0.8065374493598938,True,True,standard,0,0,0,0,long,0,0,2026-08-16T19:00:32Z,2026-08-16T19:20:05.154404+00:00
17757,The apps is what stood out after taking it on a trip; it fails in normal use. the behavior persisted across several attempts.,negative,smartphone,negative,washing_machine,0.9973253011703491,0.5036782026290894,True,False,standard,0,0,0,0,medium,0,1,2026-08-16T19:00:32Z,2026-08-16T19:20:05.154404+00:00
17758,"Across repeated observations, my main impression of this new phone comes from the rear camera: it is difficult to trust after changing a few settings. I noticed the change only in the new situation. This is damn annoying. 👎",negative,smartphone,negative,smartphone,0.999984860420227,0.99906986951828,True,True,technical,1,1,0,0,long,0,0,2026-08-16T19:00:32Z,2026-08-16T19:20:05.154404+00:00
17759,"I have been using this new phone after using it for work and at home, and the battery life has been a disappointment. I repeated the check before writing this.",negative,smartphone,negative,smartphone,0.97199946641922,0.999123752117157,True,True,standard,0,0,0,0,medium,0,0,2026-08-16T19:00:32Z,2026-08-16T19:20:05.154404+00:00
17760,"i did not pay much attention to the sports motion at first, but outside my normal routine it has not changed my opinion much. it is adequate for now.",neutral,television,neutral,television,0.9999886751174927,0.9989497065544128,True,True,informal,0,0,0,0,medium,0,0,2026-08-16T19:00:32Z,2026-08-16T19:20:05.154404+00:00
17761,"I have been using this front-loading washer after changing a few settings, and the spin program still performs consistently. it has earned my confidence.",positive,washing_machine,positive,washing_machine,0.9999634027481079,0.9996452331542969,True,True,advanced,0,0,0,0,medium,0,0,2026-08-16T19:00:32Z,2026-08-16T19:20:05.154404+00:00
17762,"I did not pay much attention to the cycle controls at first, but after a few weeks of mixed use it holds up better than expected. someone else in the house noticed it too. I expected some crap here, but it has actually held up.",positive,washing_machine,positive,washing_machine,0.9999455213546753,0.9997643828392029,True,True,standard,1,0,0,0,long,0,0,2026-08-16T19:00:32Z,2026-08-16T19:20:05.154404+00:00
17763,"after taking it on a trip, i noticed that the cycle controls on this machine works normally. i noticed the change only in the new situation. it is not amazing, but it is not bullshit either.",neutral,washing_machine,neutral,washing_machine,0.9999980926513672,0.9996165037155151,True,True,informal,1,0,0,0,long,0,0,2026-08-16T19:00:32Z,2026-08-16T19:20:05.154404+00:00
17764,"Under ordinary operating conditions, after coming back to it after a few days, I noticed that the picture quality on this video panel is fine for what it is. someone else in the house noticed it too.",neutral,television,neutral,television,0.9998149275779724,0.9993650317192078,True,True,technical,0,0,0,0,long,0,0,2026-08-16T19:00:32Z,2026-08-16T19:20:05.154404+00:00
17765,"I did not pay much attention to the cycle controls at first, but after taking it on a trip it is fine for what it is. someone else in the house noticed it too. there is not much else to say. 🤷",neutral,washing_machine,neutral,washing_machine,0.9999948740005493,0.9997294545173645,True,True,advanced,0,1,0,0,long,0,0,2026-08-16T19:00:32Z,2026-08-16T19:20:05.154404+00:00
17766,"From a practical reliability standpoint, after coming back to it after a few days, the shelf layout has not changed my opinion much. I can live with it. 🤷",neutral,refrigerator,neutral,refrigerator,0.9999483823776245,0.9975283741950989,True,True,technical,0,1,0,0,medium,0,0,2026-08-16T19:00:32Z,2026-08-16T19:20:05.154404+00:00
17767,"After repeated use under comparable conditions, my main impression of this new phone comes from the USB port: it is difficult to trust after taking it on a trip. a second check gave me the same result. I would hesitate to buy it again. The battery life tells a different story because it is acceptable but unremarkable. This shit should not be happening in normal use.",negative,smartphone,negative,smartphone,0.9999879598617554,0.999213457107544,True,True,technical,1,0,0,0,long,1,0,2026-08-16T19:00:32Z,2026-08-16T19:20:05.154404+00:00
17768,the cooling motor is what stood out when someone else in the house used it; it feels ordinary after more use. the behavior persisted across several attempts.,neutral,refrigerator,neutral,refrigerator,0.9999476671218872,0.9997387528419495,True,True,informal,0,0,0,0,medium,0,0,2026-08-16T19:00:32Z,2026-08-16T19:20:05.154404+00:00
17769,my main impression of this new washer comes the wash drum: it has stayed dependable after taking it on a trip. i noticed the change only in the new situation.,positive,washing_machine,positive,washing_machine,0.9998997449874878,0.9994753003120422,True,True,limited,0,0,0,0,medium,0,0,2026-08-16T19:00:32Z,2026-08-16T19:20:05.154404+00:00
17770,my main impression of this work phone comes from the apps: it is neither impressive nor bad after coming back to it after a few days. there is not much else to say. 👍,neutral,smartphone,neutral,smartphone,0.999993085861206,0.999241828918457,True,True,informal,0,1,0,0,long,0,0,2026-08-16T19:00:32Z,2026-08-16T19:20:05.154404+00:00
17771,"i have been using this laundry unit after taking it on a trip, and the fill valve has not changed my opinion much. a second check gave me the same result. my opinion is still basically in the middle. there is no major crap to complain about here. Honestly 😐",neutral,washing_machine,neutral,washing_machine,0.9999977350234985,0.9998137354850769,True,True,informal,1,1,0,0,long,0,0,2026-08-16T19:00:32Z,2026-08-16T19:20:05.154404+00:00
17772,The fill valve is what stood out outside my normal routine; it continues to work without drama. I would buy it again.,positive,washing_machine,positive,washing_machine,0.9999254941940308,0.9980385899543762,True,True,advanced,0,0,1,0,medium,0,0,2026-08-16T19:00:32Z,2026-08-16T19:20:05.154404+00:00
17773,"During a heavier-than-usual day, I noticed that the cooling motor on this food cooler has been a disappointment. the difference became clearer after a few more days. That said, the thermotsat is acceptable but unremarkable, so the exeprience is not completely one-sided. This is damn annoying. 🙂",negative,refrigerator,negative,refrigerator,0.9999772310256958,0.9998304843902588,True,True,standard,1,1,1,0,long,1,0,2026-08-16T19:00:32Z,2026-08-16T19:20:05.154404+00:00
17774,The apps is what stood out when someone else in the house used it; it works normally. the behavior persisted across several attempts.,neutral,smartphone,neutral,television,0.9993886947631836,0.4125540256500244,True,False,advanced,0,0,0,0,medium,0,0,2026-08-16T19:00:32Z,2026-08-16T19:20:05.154404+00:00
17775,"I have been using this work phone during a heavier-than-usual day, and the battery life keeps acting up. I would hesitate to buy it again.",negative,smartphone,negative,smartphone,0.9997889399528503,0.9991970658302307,True,True,standard,0,0,0,0,medium,0,0,2026-08-16T19:00:32Z,2026-08-16T19:20:05.154404+00:00
17776,"Under a representative operating profile, the fingerprint reader is what stood out after changing a few settings; it works well even outside my usual routine. this was different from my first impression. I have stopped worrying about this part of the product. That said, the network reception has turned into a recurring problem, so the experience is not completely one-sided. The damn thing surprised me in a good way.",positive,smartphone,positive,smartphone,0.9999529123306274,0.9991123080253601,True,True,technical,1,0,0,0,long,1,0,2026-08-16T19:00:32Z,2026-08-16T19:20:05.154404+00:00
17777,"I have been using this daily driver outside my normal routine, and the battery life feels ordinary after more use. I noticed the change only in the new situation.",neutral,smartphone,neutral,smartphone,0.9998196959495544,0.9991679191589355,True,True,advanced,0,0,0,0,medium,0,0,2026-08-16T19:00:32Z,2026-08-16T19:20:05.154404+00:00
17778,"i have been using this new refrigerator after a few weeks of mixed use, and the compressor remains basically average.",neutral,refrigerator,neutral,refrigerator,0.9998704195022583,0.954586923122406,True,True,limited,0,0,0,0,medium,0,0,2026-08-16T19:00:32Z,2026-08-16T19:20:05.154404+00:00
17779,my main impression of this laundry unit comes from the fill valve: it is acceptable but unremarkable when someone else in the house used it. the difference bceame clearer after a few more days. i don't feel strongly either way. the damn thing is basically fine.,neutral,washing_machine,neutral,washing_machine,0.9999988079071045,0.9996628761291504,True,True,informal,1,0,1,0,long,0,1,2026-08-16T19:00:32Z,2026-08-16T19:20:05.154404+00:00
17780,"After repeated use under comparable conditions, after using it for work and at home, I noticed that the door warning on this refrigeration unit breaks down when conditions change. this was different from my first impression. This shit should not be happening in normal use.",negative,refrigerator,negative,refrigerator,0.9999810457229614,0.9997164607048035,True,True,technical,1,0,0,0,long,0,0,2026-08-16T19:00:32Z,2026-08-16T19:20:05.154404+00:00
17781,"outside my normal routine, i noticed that the cycle controls on this front-loading washer has become increasingly unreliable. the behavior persisted across several attempts. 👍",negative,washing_machine,negative,washing_machine,0.9993719458580017,0.9996324777603149,True,True,limited,0,1,0,0,medium,0,1,2026-08-16T19:00:32Z,2026-08-16T19:20:05.154404+00:00
17782,"I have been using this kitchen fridge after a few weeks of mixed use, and the inside lighting still performs consistently. Damn, I did not expect this part to be this solid.",positive,refrigerator,positive,refrigerator,0.9999711513519287,0.9996933937072754,True,True,advanced,1,0,0,0,medium,0,0,2026-08-16T19:00:32Z,2026-08-16T19:20:05.154404+00:00
17783,"i have been using this new refrigerator after coming back to it after a few days, and the cooling motor has not changed my opinion much. i noticed the change only in the new situation. my opinion is still basically in the middle. it is not amazing, but it is not bullshit either.",neutral,refrigerator,neutral,refrigerator,0.9999986886978149,0.9996742010116577,True,True,limited,1,0,0,0,long,0,0,2026-08-16T19:00:32Z,2026-08-16T19:20:05.154404+00:00
17784,My main impression of this kitchen fridge comes from the inside lighting: it has stayed dependable during a heavier-than-usual day. pretty solid ngl.,positive,refrigerator,positive,refrigerator,0.9998785257339478,0.999734103679657,True,True,advanced,0,0,0,1,medium,0,1,2026-08-16T19:00:32Z,2026-08-16T19:20:05.154404+00:00
17785,The touch panel is what stood out after using it for work and at home; it feels ordinary after more use. this was different from my first impression. Honestly 👍,neutral,smartphone,neutral,washing_machine,0.9985639452934265,0.5461311340332031,True,False,advanced,0,1,0,0,medium,0,0,2026-08-16T19:00:32Z,2026-08-16T19:20:05.154404+00:00
17786,"after coming back to it after a few days, the shelf layout holds up better than expected. a second check gave me the same result. damn, i did not expect this part to be this solid.",positive,refrigerator,positive,refrigerator,0.9999723434448242,0.999401330947876,True,True,informal,1,0,0,0,long,0,1,2026-08-16T19:00:32Z,2026-08-16T19:20:05.154404+00:00
17787,"I have been using this food cooler after using it for work and at home, and the gasket fails in normal use. On the other hand, the inside lighting works well even outside my usual routine, which makes the overall picture more mixed.",negative,refrigerator,negative,refrigerator,0.9999586343765259,0.999667763710022,True,True,standard,0,0,0,0,long,1,0,2026-08-16T19:00:32Z,2026-08-16T19:20:05.154404+00:00
17788,"ngl, i did not pay much attention to the door latch at first, but after changing a few settings it has not given me trouble. the difference became clearer after a few more days.",positive,washing_machine,positive,washing_machine,0.9998036026954651,0.9995346069335938,True,True,advanced,0,0,0,1,long,0,1,2026-08-16T19:00:32Z,2026-08-16T19:20:05.154404+00:00
17789,"after coming back to it after a few days, the video input has become increasingly unreliable. i am tired of this crap.",negative,television,negative,television,0.9999326467514038,0.997907280921936,True,True,informal,1,0,0,0,medium,0,0,2026-08-16T19:00:32Z,2026-08-16T19:20:05.154404+00:00
17790,"i did not pay much attention to the compressor fan at first, but during a heavier-than-usual day it holds up better than expected. someone in the noticed it too.",positive,refrigerator,positive,refrigerator,0.9998435974121094,0.9997578263282776,True,True,limited,0,0,0,0,medium,0,0,2026-08-16T19:00:32Z,2026-08-16T19:20:05.154404+00:00
17791,"my main impression of this cell phone comes from the rear camera: it is acceptable but unremarkable when someone else in the house used it. i noticed the change only in the new situation. i would neither recommend it nor warn people away. honestly, the damn thing is just average. Honestly 🙃",neutral,smartphone,neutral,smartphone,0.9999983310699463,0.9991926550865173,True,True,limited,1,1,0,0,long,0,0,2026-08-16T19:00:32Z,2026-08-16T19:20:05.154404+00:00
17792,"i did not pay much to the wash drum at first, but after changing a few settings it has stayed dependable. someone else in the house noticed it too. i expected some crap here, but it has actually held up.",positive,washing_machine,positive,washing_machine,0.9999440908432007,0.9997634291648865,True,True,limited,1,0,0,0,long,0,0,2026-08-16T19:00:32Z,2026-08-16T19:20:05.154404+00:00
17793,"Under ordinary operating conditions, after taking it on a trip, the fill valve feels dependable in daily use. the difference became clearer after a few more days.",positive,washing_machine,positive,washing_machine,0.9998798370361328,0.996620774269104,True,True,technical,0,0,0,0,medium,0,1,2026-08-16T19:00:32Z,2026-08-16T19:20:05.154404+00:00
17794,"From a practical reliability standpoint, my main impression of this mobile comes from the apps: it breaks down when conditions change after using it for work and at home. I tried the same thing again later and got a similar result.",negative,smartphone,negative,smartphone,0.999972939491272,0.9991521835327148,True,True,technical,0,0,0,0,long,0,0,2026-08-16T19:00:32Z,2026-08-16T19:20:05.154404+00:00
17795,"i did not pay attention to the controller at first, but after using it for work and at home it keeps getting in the way. Honestly 😬",negative,television,negative,television,0.9990278482437134,0.9170149564743042,True,True,limited,0,1,0,0,medium,0,1,2026-08-16T19:00:32Z,2026-08-16T19:20:05.154404+00:00
17796,"outside my normal routine, the earpiece fails in normal use. the behavior persisted across several attempts. this needs to improve. on the other hand, the apps has not given me trouble, which the overall picture more mixed. Honestly 🔥",negative,smartphone,negative,washing_machine,0.9999758005142212,0.8802136778831482,True,False,limited,0,1,0,0,long,1,0,2026-08-16T19:00:32Z,2026-08-16T19:20:05.154404+00:00
17797,The rinse program is what stood out after taking it on a trip; it has not given me trouble.,positive,washing_machine,positive,washing_machine,0.9944057464599609,0.999627947807312,True,True,standard,0,0,0,0,medium,0,0,2026-08-16T19:00:32Z,2026-08-16T19:20:05.154404+00:00
17798,"Under ordinary operating conditions, after taking it on a trip, the sporst motion has not changed my opinion much. I repeated the check before writing this. On the other hand, the built-in audio is difficult to trust, which makes the overall picture more mixed.",neutral,television,neutral,television,0.9999843835830688,0.9006104469299316,True,True,technical,0,0,1,0,long,1,0,2026-08-16T19:00:32Z,2026-08-16T19:20:05.154404+00:00
17799,My main impression of this new refrigerator comes from the thermostat: it holds up better than expected outside my normal routine. the behavior persisted across several attempts. I would buy it again.,positive,refrigerator,positive,refrigerator,0.9999443292617798,0.9995903372764587,True,True,standard,0,0,0,0,medium,0,0,2026-08-16T19:00:32Z,2026-08-16T19:20:05.154404+00:00
17800,My main impression of this bedroom TV comes from the sports motion: it keeps getting in the way after using it for work and at home. someone else in the house noticed it too. this is the part that makes me regret the purchase.,negative,television,negative,television,0.9999849796295166,0.9995443224906921,True,True,advanced,0,0,0,0,long,0,0,2026-08-16T19:00:32Z,2026-08-16T19:20:05.154404+00:00
17801,"Under a representative operating profile, after useing it for work and at home, the door latch is fine for what it is. it is adequate for now. That said, the wash drum feels dependable in daily use, so the experience is not completely one-siedd.",neutral,washing_machine,neutral,washing_machine,0.9999730587005615,0.9996863603591919,True,True,technical,0,0,1,0,long,1,0,2026-08-16T19:00:32Z,2026-08-16T19:20:05.154404+00:00
17802,the call quality is what stood out outside my normal routine; it has not changed my opinion much. this was different from my first impression. it is adequate for now.,neutral,smartphone,neutral,smartphone,0.9999958276748657,0.9991346001625061,True,True,informal,0,0,0,0,medium,0,0,2026-08-16T19:00:32Z,2026-08-16T19:20:05.154404+00:00
17803,"After coming back to it after a few days, I noticed that the wash drum on this new washer keeps acting up. the behavior persisted across several attempts. The damn thing keeps getitng in the way.",negative,washing_machine,negative,washing_machine,0.9999582767486572,0.9995552897453308,True,True,advanced,1,0,1,0,long,0,1,2026-08-16T19:00:32Z,2026-08-16T19:20:05.154404+00:00
17804,"imo, i did not pay much attention to the battery life at first, but after a few weeks of mixed use it keeps acting up.",negative,smartphone,negative,smartphone,0.996831476688385,0.9991451501846313,True,True,standard,0,0,0,1,medium,0,0,2026-08-16T19:00:32Z,2026-08-16T19:20:05.154404+00:00
17805,"I have been using this mobile after changing a few settings, and the earpiece keeps acting up. this was different from my first impression. 👎",negative,smartphone,negative,smartphone,0.9945841431617737,0.9989370703697205,True,True,standard,0,1,0,0,medium,0,0,2026-08-16T19:00:32Z,2026-08-16T19:20:05.154404+00:00
17806,"Under a representative operating profile, i have been using this daily driver during a heavier-than-usual day, and the call quality remains basically average. I would neither recommend it nor warn people away.",neutral,smartphone,neutral,smartphone,0.9999973773956299,0.9991482496261597,True,True,technical,0,0,0,0,medium,0,1,2026-08-16T19:00:32Z,2026-08-16T19:20:05.154404+00:00
17807,"i have been using this food cooler after changing a few settings, and the coolnig motor turned into a recurring problem. someone else the house noticed it too. this is the part that makes me regret the purchase. Honestly 🔥",negative,refrigerator,negative,refrigerator,0.9998914003372192,0.9997479319572449,True,True,limited,0,1,1,0,long,0,0,2026-08-16T19:00:32Z,2026-08-16T19:20:05.154404+00:00
17808,The controller is what stood out after changing a few settings; it continues to work without drama. someone else in the house noticed it too. Honestly 😐,positive,television,positive,television,0.9999233484268188,0.9995908141136169,True,True,advanced,0,1,0,0,medium,0,0,2026-08-16T19:00:32Z,2026-08-16T19:20:05.154404+00:00
17809,"During a heavier-than-usual day, the drainage motor breaks down when conditions change. This shit should not be happening in routine use.",negative,washing_machine,negative,refrigerator,0.9999370574951172,0.855785071849823,True,False,advanced,1,0,0,0,medium,0,0,2026-08-16T19:00:32Z,2026-08-16T19:20:05.154404+00:00
17810,"Outside my normal routine, the apps is neither impressive nor bad. the difference became clearer after a few more days.",neutral,smartphone,neutral,television,0.9999779462814331,0.5103621482849121,True,False,advanced,0,0,0,0,medium,0,0,2026-08-16T19:00:32Z,2026-08-16T19:20:05.154404+00:00
17811,the sports motion is what stood out after taking it on a trip; it works well even outside my usual routine. the difference became clearer after a few more days. 🤷,positive,television,positive,television,0.9998921155929565,0.9995593428611755,True,True,informal,0,1,0,0,medium,0,0,2026-08-16T19:00:32Z,2026-08-16T19:20:05.154404+00:00
17812,my main impression of this daily driver comes from the touch panel: it keeps getting in the way when someone else in the house used it. the damn thing keeps getting in the way.,negative,smartphone,negative,smartphone,0.9999674558639526,0.9990267753601074,True,True,informal,1,0,0,0,long,0,0,2026-08-16T19:00:32Z,2026-08-16T19:20:05.154404+00:00
17813,"fr, my main impression of this cold-storage unit comes from the freezer compartment: it has not changed my opinion much during a heavier-than-usual day. the difference became clearer after a few more days. i can live with it. Honestly 😐",neutral,refrigerator,neutral,refrigerator,0.9999934434890747,0.9997918009757996,True,True,informal,0,1,1,1,long,0,0,2026-08-16T19:00:32Z,2026-08-16T19:20:05.154404+00:00
17814,My main impression of this food cooler comes from the cooling motor: it is fine for what it is after using it for work and at home. this was different from my first impression. The damn thing is basically fine. 😂,neutral,refrigerator,neutral,refrigerator,0.9999967813491821,0.9997522234916687,True,True,standard,1,1,0,0,long,0,0,2026-08-16T19:00:32Z,2026-08-16T19:20:05.154404+00:00
17815,"after changing a few settings, the inside lighting has not changed my opinion much. a second check gave the same result. i do not feel strongly either way. Honestly 😅",neutral,refrigerator,neutral,refrigerator,0.9999947547912598,0.9974784255027771,True,True,limited,0,1,0,0,medium,0,0,2026-08-16T19:00:32Z,2026-08-16T19:20:05.154404+00:00
17816,"i have been useing this cold-storage unit after taking it on a trip, and the shelf layout works normally. the behavior persisted across several attempts. my opinion is still basically in the middle. on the other hand, the cooling motor is difficult to trust, which makes the overall picutre more mixed.",neutral,refrigerator,neutral,refrigerator,0.9999898672103882,0.9997082352638245,True,True,informal,0,0,1,0,long,1,0,2026-08-16T19:00:32Z,2026-08-16T19:20:05.154404+00:00
17817,"i did not pay much attention the controller at first, but during a heavier-than-usual day it continues to work without drama. the behavior persisted across several attempts.",positive,television,positive,smartphone,0.9998642206192017,0.8375963568687439,True,False,limited,0,0,0,0,medium,0,0,2026-08-16T19:00:32Z,2026-08-16T19:20:05.154404+00:00
17818,"imo, i did not pay much attention to the vibration at first, but after using it for work and at home it holds up better than expected. I noticed the change only in the new situation. for my use case, this is a keeper.",positive,washing_machine,positive,washing_machine,0.9999608993530273,0.9993316531181335,True,True,advanced,0,0,0,1,long,0,0,2026-08-16T19:00:32Z,2026-08-16T19:20:05.154404+00:00
17819,"After coming back to it after a few days, I noticed that the drainage motor on this clothes washer has been a pleasant surprise. this was different from my first impression.",positive,washing_machine,positive,washing_machine,0.9998705387115479,0.9990070462226868,True,True,advanced,0,0,0,0,medium,0,0,2026-08-16T19:00:32Z,2026-08-16T19:20:05.154404+00:00
17820,"I did not pay much attention to the interface at first, but after taking it on a trip it works normally. someone else in the house noticed it too. I can live with it. kinda wild.",neutral,television,neutral,washing_machine,0.9999866485595703,0.4985114634037018,True,False,advanced,0,0,0,1,long,0,0,2026-08-16T19:00:32Z,2026-08-16T19:20:05.154404+00:00
17821,"After taking it on a trip, I noticed that the fill valve on this wash unit fails in normal use. I am tired of this crap.",negative,washing_machine,negative,washing_machine,0.9996713399887085,0.9990829229354858,True,True,standard,1,0,0,0,medium,0,0,2026-08-16T19:00:32Z,2026-08-16T19:20:05.154404+00:00
17822,"Outside my normal routine, I noticed that the spin program on this front-loading washer remains basically average. for real.",neutral,washing_machine,neutral,washing_machine,0.9998307228088379,0.9993333220481873,True,True,advanced,0,0,0,1,medium,0,1,2026-08-16T19:00:32Z,2026-08-16T19:20:05.154404+00:00
17823,My main impression of this cell phone comes from the call quality: it keeps acting up after a few weeks of mixed use. I noticed the change only in the new situation.,negative,smartphone,negative,smartphone,0.9999667406082153,0.999196469783783,True,True,standard,0,0,0,0,medium,0,0,2026-08-16T19:00:32Z,2026-08-16T19:20:05.154404+00:00
17824,"I did not pay much attention to the picture quality at first, but when someone else in the house used it it is fine for what it is. this was different from my first impression. It is not amazing, but it is not bullshit either. 😐",neutral,television,neutral,television,0.999997615814209,0.9995631575584412,True,True,advanced,1,1,0,0,long,0,1,2026-08-16T19:00:32Z,2026-08-16T19:20:05.154404+00:00
17825,"after coming back to it after a few days, i noticed that the sports motion on this television set is neither impressive nor bad. difference became clearer after a few more days. there is not much else to say.",neutral,television,neutral,television,0.9999960660934448,0.9994511008262634,True,True,limited,0,0,0,0,long,0,0,2026-08-16T19:00:32Z,2026-08-16T19:20:05.154404+00:00
17826,"I did not pay much attention to the thermostat at first, but after taking it on a trip it is neither impressive nor bad.",neutral,refrigerator,neutral,refrigerator,0.9975842237472534,0.9760631918907166,True,True,advanced,0,0,0,0,medium,0,0,2026-08-16T19:00:32Z,2026-08-16T19:20:05.154404+00:00
17827,"I have been using this new washer outside my normal routine, and the fill valve has not given me trouble. the difference became clearer after a few more days. overall I am happy with it. I expected some crap here, but it has actually held up.",positive,washing_machine,positive,washing_machine,0.9999465942382812,0.9997596144676208,True,True,standard,1,0,0,0,long,0,0,2026-08-16T19:00:32Z,2026-08-16T19:20:05.154404+00:00
17828,"From a practical reliability standpoint, i have been using this TV set after changing a few settings, and the wireless connection holds up better than expected. this was different from my first impression.",positive,television,positive,television,0.9998726844787598,0.9993759989738464,True,True,technical,0,0,0,0,medium,0,1,2026-08-16T19:00:32Z,2026-08-16T19:20:05.154404+00:00
17829,my main impression of this kitchen fridge comes from the freezer compartment: it works normally after coming back to it after a few days. my opinion is still basically in the middle.,neutral,refrigerator,neutral,refrigerator,0.9999908208847046,0.9996511936187744,True,True,informal,0,0,0,0,medium,0,0,2026-08-16T19:00:32Z,2026-08-16T19:20:05.154404+00:00
17830,"after useing it for work and at home, i noticed that the interface on this bedroom tv breaks down when conditions change. i noticed the change only in the new situation.",negative,television,negative,television,0.9996275901794434,0.9963376522064209,True,True,informal,0,0,1,0,medium,0,0,2026-08-16T19:00:32Z,2026-08-16T19:20:05.154404+00:00
17831,"After repeated use under comparable conditions, after using it for work and at home, the shelf layout has not given me trouble. I repeated the check before writing this.",positive,refrigerator,positive,refrigerator,0.9998949766159058,0.9978348612785339,True,True,technical,0,0,0,0,medium,0,0,2026-08-16T19:00:32Z,2026-08-16T19:20:05.154404+00:00
17832,The drainage motor is what stood out after changing a few settings; it has not given me trouble. a second check gave me the same result. The damn thing surprised me in a good way.,positive,washing_machine,positive,washing_machine,0.9999535083770752,0.9989539384841919,True,True,advanced,1,0,0,0,long,0,0,2026-08-16T19:00:32Z,2026-08-16T19:20:05.154404+00:00
17833,"Under ordinary operating conditions, i have been using this TV set after using it for work and at home, and the video input has become increasingly unreliable. I would not rely on it. The panel lighting tells a different story because it is fine for what it is.",negative,television,negative,television,0.9999866485595703,0.9996635913848877,True,True,technical,0,0,0,0,long,1,0,2026-08-16T19:00:32Z,2026-08-16T19:20:05.154404+00:00
17834,"Under ordinary operating conditions, the ice system is what stood out after using it for work and at home; it continues to work without drama. a second check gave me the same result.",positive,refrigerator,positive,refrigerator,0.9999372959136963,0.9996180534362793,True,True,technical,0,0,0,0,medium,0,0,2026-08-16T19:00:32Z,2026-08-16T19:20:05.154404+00:00
17835,my main impression of this unit comes from the wash drum: it is difficult to trust after using it for work and at home. someone else in the house noticed it too. i am already looking at alternatives. the fill valve tells a different story because it remains basically average.,negative,washing_machine,negative,washing_machine,0.999932050704956,0.9997792840003967,True,True,limited,0,0,0,0,long,1,0,2026-08-16T19:00:32Z,2026-08-16T19:20:05.154404+00:00
17836,"I have been useing this TV set after changing a few settings, and the controller feels dependable in daily use. the behavior persisted across several attempts. 👍",positive,television,positive,television,0.9993776679039001,0.9994631409645081,True,True,advanced,0,1,1,0,medium,0,0,2026-08-16T19:00:32Z,2026-08-16T19:20:05.154404+00:00
17837,"after a few of mixed use, the call quality feels dependable in use. the behavior persisted across several attempts.",positive,smartphone,positive,smartphone,0.9960220456123352,0.994958221912384,True,True,limited,0,0,0,0,medium,0,0,2026-08-16T19:00:32Z,2026-08-16T19:20:05.154404+00:00
17838,"I did not pay much attention to the cooling motor at first, but after taking it on a trip it still performs consistently. the difference became clearer after a few more days.",positive,refrigerator,positive,refrigerator,0.9999129772186279,0.9993224143981934,True,True,advanced,0,0,0,0,medium,0,0,2026-08-16T19:00:32Z,2026-08-16T19:20:05.154404+00:00
17839,"i have been using this cell phone after a few weeks of mixed use, and the batery life keeps getting in the way. the behavior persisted across several attempts. i would hesitate to buy it again.",negative,smartphone,negative,smartphone,0.9999653100967407,0.9992197751998901,True,True,informal,0,0,1,0,long,0,0,2026-08-16T19:00:32Z,2026-08-16T19:20:05.154404+00:00
17840,"my main impression of this video panel comes from the streaming menu: it has stayed dependable after using it for work and at home. i noticed the change only in the new situation. for my use case, this is a keeper. the damn thing surprised me in a good way.",positive,television,positive,television,0.9999542236328125,0.9994310736656189,True,True,limited,1,0,0,0,long,0,0,2026-08-16T19:00:32Z,2026-08-16T19:20:05.154404+00:00
17841,"when someone else in the house used it, i noticed that the vibration on this laundry unit has been a pleasant surprise. i repeated the check before writing this.",positive,washing_machine,positive,washing_machine,0.9998249411582947,0.9993360638618469,True,True,informal,0,0,0,0,medium,0,0,2026-08-16T19:00:32Z,2026-08-16T19:20:05.154404+00:00
17842,"Across repeated observations, after using it for work and at home, the door latch keeps getting in the way. 😐",negative,washing_machine,negative,washing_machine,0.9976539015769958,0.9852698445320129,True,True,technical,0,1,0,0,medium,0,1,2026-08-16T19:00:32Z,2026-08-16T19:20:05.154404+00:00
17843,"ngl, the door latch is what stood out when someone else in the house used it; it keeps acting up. a second check gave me the same result.",negative,washing_machine,negative,washing_machine,0.9999490976333618,0.9996620416641235,True,True,informal,0,0,0,1,medium,0,0,2026-08-16T19:00:32Z,2026-08-16T19:20:05.154404+00:00
17844,"after a few weeks of mixed use, i noticed that the touch panel on this cell phone holds up better than expected. i noticed the change only in the new situation. i plan to keep useing it. idk. Honestly 👎",positive,smartphone,positive,smartphone,0.9999557733535767,0.9990181922912598,True,True,informal,0,1,1,1,long,0,0,2026-08-16T19:00:32Z,2026-08-16T19:20:05.154404+00:00
17845,"From a practical reliability standpoint, i have been using this front-loading washer after taking it on a trip, and the wash drum is acceptable but unremarkable. Honestly, the damn thing is just average. 👎",neutral,washing_machine,neutral,washing_machine,0.9999957084655762,0.9995922446250916,True,True,technical,1,1,0,0,long,0,0,2026-08-16T19:00:32Z,2026-08-16T19:20:05.154404+00:00
17846,the battery life is what stood outside my normal routine; it fails in normal use. this was diferent from my first impression. the damn thing keeps getting in the way. 🤔,negative,smartphone,negative,smartphone,0.9999725818634033,0.9991911053657532,True,True,limited,1,1,1,0,medium,0,0,2026-08-16T19:00:32Z,2026-08-16T19:20:05.154404+00:00
17847,"From a practical reliability standpoint, during a heavier-than-usual day, I noticed that the gasket on this cold-storage unit works normally. I do not feel strongly either way. The inside lighting tells a diferent story because it is difficult to trust.",neutral,refrigerator,neutral,refrigerator,0.999982476234436,0.9997331500053406,True,True,technical,0,0,1,0,long,1,0,2026-08-16T19:00:32Z,2026-08-16T19:20:05.154404+00:00
17848,"after coming back it after a few days, i noticed that the apps on this mobile is difficult to trust. was different from my first impression. i am considering a replacement.",negative,smartphone,negative,smartphone,0.9999091625213623,0.9988943934440613,True,True,limited,0,0,0,0,medium,0,1,2026-08-16T19:00:32Z,2026-08-16T19:20:05.154404+00:00
17849,"i did not pay much attention to the fingerprint reader at first, but when someoen else in the house used it it contineus to work without drama. second check gave me the same result. i expected some crap here, but it has actually held up.",positive,smartphone,positive,smartphone,0.9999436140060425,0.9992640614509583,True,True,limited,1,0,1,0,long,0,1,2026-08-16T19:00:32Z,2026-08-16T19:20:05.154404+00:00
17850,"fr, my main impression of this kitchen fridge comes from the shelf layout: it has been a pleasant surprise during a heavier-than-usual day. the difference became clearer after a few more days.",positive,refrigerator,positive,refrigerator,0.9999133348464966,0.9996128678321838,True,True,informal,0,0,0,1,medium,0,0,2026-08-16T19:00:32Z,2026-08-16T19:20:05.154404+00:00
17851,"i did not pay attention to the wireless connection at first, but after using it for work and at home it is difficult to trust.",negative,television,negative,television,0.9967525005340576,0.9948425889015198,True,True,limited,0,0,0,0,medium,0,0,2026-08-16T19:00:32Z,2026-08-16T19:20:05.154404+00:00
17852,"Under ordinary operating conditions, my main impression of this work phone comes from the call quality: it is acceptable but unremarkable outside my normal routine. this was different from my first impressoin.",neutral,smartphone,neutral,smartphone,0.9996625185012817,0.9991198182106018,True,True,technical,0,0,1,0,medium,0,1,2026-08-16T19:00:32Z,2026-08-16T19:20:05.154404+00:00
17853,"i have been using this wash unit after changing a few settings, and the soap feels dependable in daily use. the damn thing surprised me in a good way.",positive,washing_machine,positive,washing_machine,0.9999316930770874,0.864957869052887,True,True,limited,1,0,0,0,medium,0,1,2026-08-16T19:00:32Z,2026-08-16T19:20:05.154404+00:00
17854,"fater coming back to it after a few days, i noticed that the rear camera on this daily driver still performs consistently. on the other hand, the apps is neither ipmressive nor bad, which makes the overall picture more mixed.",positive,smartphone,positive,smartphone,0.9998196959495544,0.9991376399993896,True,True,informal,0,0,1,0,long,1,0,2026-08-16T19:00:32Z,2026-08-16T19:20:05.154404+00:00
17855,"After repeated use under comparable conditions, ngl, the network reception is what stood out after coming back to it after a few days; it continues to work without drama. the difference became clearer after a few more days. That said, the apps is neither impressive nor bad, so the experience is not completely one-sided. I expected some crap here, but it has actually held up.",positive,smartphone,positive,smartphone,0.9999442100524902,0.9992685914039612,True,True,technical,1,0,0,1,long,1,0,2026-08-16T19:00:32Z,2026-08-16T19:20:05.154404+00:00
17856,"The apps is what stood out outside my normal routine; it feels ordinary after more use. I noticed the change only in the new situation. I would neither recommend it nor warn people away. It is not amazing, but it is not bullhsit either.",neutral,smartphone,neutral,washing_machine,0.9999985694885254,0.9777318835258484,True,False,standard,1,0,1,0,long,0,0,2026-08-16T19:00:32Z,2026-08-16T19:20:05.154404+00:00
17857,"i have been using this laundry unit after a few weeks of mixed use, and the vibration fails in normal use. this needs to improve. Honestly 🔥",negative,washing_machine,negative,washing_machine,0.9995287656784058,0.9989136457443237,True,True,informal,0,1,0,0,medium,0,0,2026-08-16T19:00:32Z,2026-08-16T19:20:05.154404+00:00
17858,"Aftre a few weeks of mixed use, I noticed that the vibration on this laundry unit is difficult to trust. I would not rely on it.",negative,washing_machine,negative,washing_machine,0.9994140863418579,0.9986466765403748,True,True,standard,0,0,1,0,medium,0,0,2026-08-16T19:00:32Z,2026-08-16T19:20:05.154404+00:00
17859,"Outside my normal routine, I noticed that the USB port on this work phone works well even outside my usual routine. this was different from my first impression. On the other hand, the apps keeps acting up, which makes the on balance picture more mixed.",positive,smartphone,positive,smartphone,0.9998693466186523,0.999159574508667,True,True,advanced,0,0,0,0,long,1,1,2026-08-16T19:00:32Z,2026-08-16T19:20:05.154404+00:00
17860,the rear camera is what stood out after using it for work and at home; it has turned into a recurring problem. this is the part that makes me regret the purchase.,negative,smartphone,negative,smartphone,0.9999297857284546,0.9991276860237122,True,True,informal,0,0,0,0,medium,0,0,2026-08-16T19:00:32Z,2026-08-16T19:20:05.154404+00:00
17861,"not gonna lie, after coming back to it after a few days, i noticed that the drainage motor this front-loading washer is fine for what it is. the behavior persisted across several attempts. i would neither recommend it nor warn people away.",neutral,washing_machine,neutral,washing_machine,0.9999971389770508,0.9997195601463318,True,True,limited,0,0,0,1,long,0,0,2026-08-16T19:00:32Z,2026-08-16T19:20:05.154404+00:00
17862,"ngl, after taking it on a trip, the cooling motor has not given me trouble. a second check gave me the same result.",positive,refrigerator,positive,refrigerator,0.9999052286148071,0.998907208442688,True,True,limited,0,0,0,1,medium,0,1,2026-08-16T19:00:32Z,2026-08-16T19:20:05.154404+00:00
17863,"Under a representative operating profile, the ice system is what stood out after taking it on a trip; it does the job. this was different from my first impression. it is adequate for now.",neutral,refrigerator,neutral,refrigerator,0.9999898672103882,0.9996287822723389,True,True,technical,0,0,0,0,long,0,0,2026-08-16T19:00:32Z,2026-08-16T19:20:05.154404+00:00
17864,"After a few weeks of mixed use, I noticed that the freezer compartment on this kitchen fridge has turned into a recurring problem. this was different from my first impression. The damn thing keeps getting in the way.",negative,refrigerator,negative,refrigerator,0.9999656677246094,0.9996898174285889,True,True,advanced,1,0,0,0,long,0,1,2026-08-16T19:00:32Z,2026-08-16T19:20:05.154404+00:00
17865,"honestly tho, i been using this mobile after a few weeks of mixed use, and the call quality works well even outside my usual routine. this was different from my first impression. for my use case, this is a keeper. 😬",positive,smartphone,positive,smartphone,0.999942421913147,0.9991770386695862,True,True,limited,0,1,0,1,long,0,0,2026-08-16T19:00:32Z,2026-08-16T19:20:05.154404+00:00
17866,"I did not pay much attention to the door latch at first, but after coming back to it after a few days it feels ordinary after more use. this was different from my first impression.",neutral,washing_machine,neutral,washing_machine,0.9999313354492188,0.9996640682220459,True,True,advanced,0,0,0,0,long,0,0,2026-08-16T19:00:32Z,2026-08-16T19:20:05.154404+00:00
17867,"After repeated use under comparable conditions, imo, i did not pay much attention to the network reception at first, but during a heavier-than-usual day it does the job. it is adequate for now.",neutral,smartphone,neutral,smartphone,0.999994158744812,0.9989622831344604,True,True,technical,0,0,0,1,medium,0,0,2026-08-16T19:00:32Z,2026-08-16T19:20:05.154404+00:00
17868,"Under a representative operating profile, fr, my main impression of this pocket device comes from the touch panel: it keeps getting in the way after coming back to it after a few days. I tried the same thing again alter and got a similar result. This is damn annoying.",negative,smartphone,negative,smartphone,0.9999879598617554,0.9992154836654663,True,True,technical,1,0,1,1,long,0,0,2026-08-16T19:00:32Z,2026-08-16T19:20:05.154404+00:00
17869,"When someone else in the house used it, the built-in audio has not changed my opinion much. a second check gave me the same result. 😅",neutral,television,neutral,washing_machine,0.9999804496765137,0.5170868039131165,True,False,standard,0,1,0,0,medium,0,0,2026-08-16T19:00:32Z,2026-08-16T19:20:05.154404+00:00
17870,"I have been using this food cooler after using it for work and at home, and the cooling motor is acceptable but unremarkable. someone else in the house noticed it too.",neutral,refrigerator,neutral,refrigerator,0.9998233914375305,0.9996832609176636,True,True,advanced,0,0,0,0,medium,0,0,2026-08-16T19:00:32Z,2026-08-16T19:20:05.154404+00:00
17871,"Under a representative operating profile, my main impression of this bedroom TV comes from the controller: it is fine for what it is after a few weeks of mixed use. this was different from my first impression. 💀",neutral,television,neutral,television,0.9999823570251465,0.9995445609092712,True,True,technical,0,1,0,0,long,0,0,2026-08-16T19:00:32Z,2026-08-16T19:20:05.154404+00:00
17872,The inside lighting is what stood out during a heavier-than-usual day; it is neither impressive nor bad. the differecne became clearer after a few more days. I do not feel strongly either way. There is no major crap to complain about here.,neutral,refrigerator,neutral,refrigerator,0.9999988079071045,0.9997232556343079,True,True,standard,1,0,1,0,long,0,0,2026-08-16T19:00:32Z,2026-08-16T19:20:05.154404+00:00
17873,"lowkey, after coming back to it after a few days, i noticed that the rear camera on pocket device works normally. there is no major crap to complain about here.",neutral,smartphone,neutral,smartphone,0.9999984502792358,0.9990941286087036,True,True,limited,1,0,0,1,medium,0,0,2026-08-16T19:00:32Z,2026-08-16T19:20:05.154404+00:00
17874,The picture quailty is what stood out during a heavier-than-usual day; it is acceptable but unremarkable. I repeated the check before writing this.,neutral,television,neutral,washing_machine,0.9998990297317505,0.5125790238380432,True,False,standard,0,0,1,0,medium,0,0,2026-08-16T19:00:32Z,2026-08-16T19:20:05.154404+00:00
17875,"the streaming menu is what stood out during a heavier-than-usual day; it is acceptable but unremarkable. someone else in the house noticed it too. that said, the panel lighting has stayed dependable, so the experience is not completely one-sided. it is not amazing, but it is not bullshit either.",neutral,television,neutral,television,0.9999979734420776,0.9994277358055115,True,True,informal,1,0,0,0,long,1,0,2026-08-16T19:00:32Z,2026-08-16T19:20:05.154404+00:00
17876,"i have been useing this kitchen fridge after chanigng a few settings, and the door warning is neither impressive nor bad. i noticed the change only in the new situation. is not much else to say. there is no major crap to about here.",neutral,refrigerator,neutral,refrigerator,0.9999985694885254,0.9997404217720032,True,True,limited,1,0,1,0,long,0,0,2026-08-16T19:00:32Z,2026-08-16T19:20:05.154404+00:00
17877,"After changing a few settings, I noticed that the door warning on this kitchen fridge continues to work without drama. 🙂",positive,refrigerator,positive,refrigerator,0.9955623149871826,0.9995779395103455,True,True,standard,0,1,0,0,medium,0,0,2026-08-16T19:00:32Z,2026-08-16T19:20:05.154404+00:00
17878,"Under ordinary operating conditions, the vibration is what stood out after taking it on a trip; it has turned into a recurring problem. a second check gave me the same result. The rinse program tells a different story because it holds up better than expected. Honestly 🤷",negative,washing_machine,negative,washing_machine,0.9999556541442871,0.9997773766517639,True,True,technical,0,1,0,0,long,1,0,2026-08-16T19:00:32Z,2026-08-16T19:20:05.154404+00:00
17879,"I have been useing this new washer during a heavier-than-usual day, and the door latch is acceptable but unremarkable.",neutral,washing_machine,neutral,washing_machine,0.9950047135353088,0.996371865272522,True,True,standard,0,0,1,0,medium,0,0,2026-08-16T19:00:32Z,2026-08-16T19:20:05.154404+00:00
17880,"After changing a few settings, I noticed that the soap tray on this laundry unit holds up better than expected.",positive,washing_machine,positive,washing_machine,0.9965594410896301,0.9976054430007935,True,True,advanced,0,0,0,0,medium,0,0,2026-08-16T19:00:32Z,2026-08-16T19:20:05.154404+00:00
17881,"imo, outside my normal routine, the wash drum remains basically average. this was different from my first impression. There is no major crap to complain about here.",neutral,washing_machine,neutral,washing_machine,0.9999985694885254,0.9996768236160278,True,True,standard,1,0,0,1,medium,0,0,2026-08-16T19:00:32Z,2026-08-16T19:20:05.154404+00:00
17882,"I did not pay much attention to the panel lighting at first, but after a few weeks of mixed use it breaks down when conditions change. I am already looking at alternatives. This shit should not be happening in routine use. 🙂",negative,television,negative,smartphone,0.9999852180480957,0.9979658126831055,True,False,advanced,1,1,0,0,long,0,0,2026-08-16T19:00:32Z,2026-08-16T19:20:05.154404+00:00
17883,"I have been using this front-loading washer after using it for work and at home, and the fill valve is difficult to trust. someone else in the house noticed it too. I would hesitate to buy it again. The damn thing keeps getting in the way.",negative,washing_machine,negative,washing_machine,0.9999783039093018,0.9996693134307861,True,True,standard,1,0,0,0,long,0,0,2026-08-16T19:00:32Z,2026-08-16T19:20:05.154404+00:00
17884,"imo, i have been using this daily driver after changing a few settings, and the rear camera does the job. i noticed the change only in the new situation. 🙂",neutral,smartphone,neutral,smartphone,0.9999616146087646,0.9992685914039612,True,True,informal,0,1,0,1,medium,0,0,2026-08-16T19:00:32Z,2026-08-16T19:20:05.154404+00:00
17885,"I have been using this TV set after taking it on a trip, and the sports motion fails in routine use. I repeated the check before writing this. this is the part that makes me regret the purchase. for real.",negative,television,negative,television,0.9999338388442993,0.9995524287223816,True,True,advanced,0,0,0,1,long,0,0,2026-08-16T19:00:32Z,2026-08-16T19:20:05.154404+00:00
17886,"I did not pay much attention to the streaming menu at first, but when someone else in the house used it it has turned into a recurring problem. this was different from my first impression.",negative,television,negative,television,0.999840259552002,0.9995101690292358,True,True,advanced,0,0,0,0,long,0,0,2026-08-16T19:00:32Z,2026-08-16T19:20:05.154404+00:00
17887,"I have been suing this living room display after coming back to it after a few days, and the interface does the job. a second check gave me the same result. there is not much else to say.",neutral,television,neutral,television,0.9999942779541016,0.9994601607322693,True,True,advanced,0,0,1,0,long,0,0,2026-08-16T19:00:32Z,2026-08-16T19:20:05.154404+00:00
17888,"I have been useing this screen unit after taking it on a trip, and the sports motion still performs consistently.",positive,television,positive,television,0.9994412064552307,0.9981327652931213,True,True,standard,0,0,1,0,medium,0,0,2026-08-16T19:00:32Z,2026-08-16T19:20:05.154404+00:00
17889,the cooling motor is what stood out after coming back to it a few days; it does the job. i can live with it.,neutral,refrigerator,neutral,refrigerator,0.9997829794883728,0.9995883107185364,True,True,limited,0,0,0,0,medium,0,0,2026-08-16T19:00:32Z,2026-08-16T19:20:05.154404+00:00
17890,"I have been using this mobile after a few weeks of mixed use, and the USB port does the job.",neutral,smartphone,neutral,smartphone,0.9705855846405029,0.9990884065628052,True,True,standard,0,0,0,0,medium,0,1,2026-08-16T19:00:32Z,2026-08-16T19:20:05.154404+00:00
17891,"Under a representative operating profile, not gonna lie, after using it for work and at home, the earpiece keeps acting up. a second check gave me the same result. On the other hand, the network reception is fine for what it is, which makes the overall picture more mixed. I am tired of this crap.",negative,smartphone,negative,smartphone,0.9999879598617554,0.9989765882492065,True,True,technical,1,0,0,1,long,1,1,2026-08-16T19:00:32Z,2026-08-16T19:20:05.154404+00:00
17892,"Under ordinary operating conditions, i did not pay much attention to the thermostat at first, but when someone else in the house used it it remains basiclaly average. the difference became clearer after a few more days.",neutral,refrigerator,neutral,refrigerator,0.9999909400939941,0.6126854419708252,True,True,technical,0,0,1,0,long,0,0,2026-08-16T19:00:32Z,2026-08-16T19:20:05.154404+00:00
17893,"I did not pay much attention to the ice system at first, but outside my normal routine it has become increasingly unreliable.",negative,refrigerator,negative,refrigerator,0.9934657216072083,0.9971445202827454,True,True,standard,0,0,0,0,medium,0,0,2026-08-16T19:00:32Z,2026-08-16T19:20:05.154404+00:00
17894,"Under ordinary operating conditions, during a heavier-than-usual day, I noticed that the cooling motor on this kitchen fridge feels ordinary after more use. it is adequate for now. The shelf layout tells a different story because it holds up better than expected.",neutral,refrigerator,neutral,refrigerator,0.9999475479125977,0.9997832179069519,True,True,technical,0,0,0,0,long,1,0,2026-08-16T19:00:32Z,2026-08-16T19:20:05.154404+00:00
17895,"From a practical reliability standpoint, tbh, i did not pay much attention to the USB port at first, but outside my normal routine it does the job. On the other hand, the network reception fails in normal use, which makes the overall picture more mixed.",neutral,smartphone,neutral,smartphone,0.9879812598228455,0.9991582632064819,True,True,technical,0,0,0,1,long,1,0,2026-08-16T19:00:32Z,2026-08-16T19:20:05.154404+00:00
17896,"I did not pay much attention to the earpiece at first, but when someone else in the house used it it has not changed my opinion much. I repeated the check before writing this. It is not amazing, but it is not bullshit either.",neutral,smartphone,neutral,washing_machine,0.9999982118606567,0.8261594176292419,True,False,standard,1,0,0,0,long,0,0,2026-08-16T19:00:32Z,2026-08-16T19:20:05.154404+00:00
17897,"Across repeated observations, i have been using this main fridge after a few weeks of mixed use, and the inside lighting continues to work without drama. someone else in the house noticed it too. I expected some crap here, but it has actually held up.",positive,refrigerator,positive,refrigerator,0.9999451637268066,0.9731806516647339,True,True,technical,1,0,0,0,long,0,0,2026-08-16T19:00:32Z,2026-08-16T19:20:05.154404+00:00
17898,"after taking it on a trip, the controller holds up better than expected. this was different from my first impression. damn, i did not expect this part to be this solid.",positive,television,positive,television,0.999971866607666,0.7929032444953918,True,True,informal,1,0,0,0,medium,0,0,2026-08-16T19:00:32Z,2026-08-16T19:20:05.154404+00:00
17899,"fr, after changign few settings, the fill valve does the job.",neutral,washing_machine,neutral,washing_machine,0.9837232828140259,0.8888360261917114,True,True,limited,0,0,1,1,short,0,0,2026-08-16T19:00:32Z,2026-08-16T19:20:05.154404+00:00
17900,"honestly tho, after taking it on a trip, the thermostat works well even outside my usual routine. a second check gave me the same result. I have stopped worryign about this part of the product. No bullshit, this has been one of the better parts of the product.",positive,refrigerator,positive,refrigerator,0.9999805688858032,0.999225378036499,True,True,advanced,1,0,1,1,long,0,0,2026-08-16T19:00:32Z,2026-08-16T19:20:05.154404+00:00
17901,"imo, the picture quality is what stood out when someone else in the house used it; it feels ordinary after more use. a second check gave me the same result. It is not amazing, but it is not bullshit either.",neutral,television,neutral,television,0.9999984502792358,0.9991298317909241,True,True,standard,1,0,0,1,long,0,0,2026-08-16T19:00:32Z,2026-08-16T19:20:05.154404+00:00
17902,the freezer compartment is what stood outside my normal routine; works well even outside my usual routine. i repeated the chekc before writing this. i would buy it again.,positive,refrigerator,positive,refrigerator,0.9999420642852783,0.9997064471244812,True,True,limited,0,0,1,0,medium,0,0,2026-08-16T19:00:32Z,2026-08-16T19:20:05.154404+00:00
17903,"I have been using this pocket device when someone else in the house used it, and the rear camera is neither impressive nor bad. someone else in the house noticed it too. I can live with it.",neutral,smartphone,neutral,smartphone,0.9999914169311523,0.9992175102233887,True,True,advanced,0,0,0,0,long,0,0,2026-08-16T19:00:32Z,2026-08-16T19:20:05.154404+00:00
17904,"Under ordinary operating conditions, the ice system is what stood out outside my normal routine; it has been a disappointment. a second check gave me the same result. I am considering a replacement.",negative,refrigerator,negative,refrigerator,0.9989746809005737,0.9997319579124451,True,True,technical,0,0,0,0,medium,0,0,2026-08-16T19:00:32Z,2026-08-16T19:20:05.154404+00:00
17905,"Across repeated observations, after a few weeks of mixed use, I noticed that the rinse program on this wash unit feels dependable in daily use. the behavior persisted across several attempts. 👍",positive,washing_machine,positive,washing_machine,0.9995933175086975,0.9996044039726257,True,True,technical,0,1,0,0,medium,0,0,2026-08-16T19:00:32Z,2026-08-16T19:20:05.154404+00:00
17906,"After repeated use under comparable conditions, my main impression of this TV set comes from the picture quality: it has become increasingly unreliable after taking it on a trip.",negative,television,negative,television,0.999657392501831,0.9986476302146912,True,True,technical,0,0,0,0,medium,0,0,2026-08-16T19:00:32Z,2026-08-16T19:20:05.154404+00:00
17907,"honestly tho, after changing a few settings, I noticed that the wireless connection on this TV set holds up better than expected. a second check gave me the same result.",positive,television,positive,television,0.9999295473098755,0.9990423321723938,True,True,standard,0,0,0,1,medium,0,0,2026-08-16T19:00:32Z,2026-08-16T19:20:05.154404+00:00
17908,"the earpiece is what stood out after a few weeks of mixed use; it continues to work without drama. i repeated the check before writing this. overall i am happy with it. i expected some crap here, but it has actually held up.",positive,smartphone,positive,smartphone,0.9999465942382812,0.9988681077957153,True,True,informal,1,0,0,0,long,0,0,2026-08-16T19:00:32Z,2026-08-16T19:20:05.154404+00:00
17909,the fill valve is what stood out during a heavier-than-usual day; it has not given me trouble. a second check gave me the same result.,positive,washing_machine,positive,washing_machine,0.9999024868011475,0.9996005892753601,True,True,informal,0,0,0,0,medium,0,0,2026-08-16T19:00:32Z,2026-08-16T19:20:05.154404+00:00
17910,"honestly tho, after changing a few settings, I noticed that the compressor fan on this main fridge has not changde my opinion much. I tried the same thing again later and got a similar result. 🤔",neutral,refrigerator,neutral,refrigerator,0.9989872574806213,0.9997407793998718,True,True,advanced,0,1,1,1,long,0,0,2026-08-16T19:00:32Z,2026-08-16T19:20:05.154404+00:00
17911,"I did not pay much attention to the door latch at first, but after a few weeks of mixed use it has been a disappointment. someone else in the houes noticed it too.",negative,washing_machine,negative,washing_machine,0.9995737671852112,0.9996606111526489,True,True,standard,0,0,1,0,medium,0,0,2026-08-16T19:00:32Z,2026-08-16T19:20:05.154404+00:00
17912,"From a practical reliability standpoint, outside my normal routine, I noticed that the USB port on this daily driver has turned into a recurring problem. someone else in the house noticed it too. I would not rely on it. The damn thing keeps getting in the way.",negative,smartphone,positive,smartphone,0.9999173879623413,0.9991092085838318,False,True,technical,1,0,0,0,long,0,0,2026-08-16T19:00:32Z,2026-08-16T19:20:05.154404+00:00
17913,"Across repeated observations, ngl, during a heavier-than-usual day, the cooling motor has become increasingly unreliable. a second check gave me the same result. I would not rely on it.",negative,refrigerator,negative,refrigerator,0.9999828338623047,0.999637246131897,True,True,technical,0,0,0,1,medium,0,0,2026-08-16T19:00:32Z,2026-08-16T19:20:05.154404+00:00
17914,"i did not pay much attention to the inside lighting at first, but uotside my normal routine it has been a pleasant surprise. i tried the same thing again later and got a similar result.",positive,refrigerator,positive,refrigerator,0.9999294281005859,0.9993152618408203,True,True,informal,0,0,1,0,long,0,0,2026-08-16T19:00:32Z,2026-08-16T19:20:05.154404+00:00
17915,"imo, after a few weeks of mixed use, the door latch breaks down when conditions change.",negative,washing_machine,negative,washing_machine,0.99313884973526,0.9631372690200806,True,True,advanced,0,0,0,1,medium,0,0,2026-08-16T19:00:32Z,2026-08-16T19:20:05.154404+00:00
17916,"after changing a few settings, the vibration has not given me trouble. the behavior persisted across several attempts. i plan to keep using it.",positive,washing_machine,positive,washing_machine,0.9999496936798096,0.9781760573387146,True,True,informal,0,0,0,0,medium,0,1,2026-08-16T19:00:32Z,2026-08-16T19:20:05.154404+00:00
17917,"not gonna lie, i have been using this laundry unit after coming back to it after a few days, and the door latch has become increasingly unreliable. this was different from my first impression.",negative,washing_machine,negative,washing_machine,0.9998086094856262,0.9995288848876953,True,True,standard,0,0,0,1,long,0,0,2026-08-16T19:00:32Z,2026-08-16T19:20:05.154404+00:00
17918,"i did not pay much to compressor fan at first, but after taking it on a trip it has become increasingly unreliable. the freezer compartment tells a different story because it feels dependable in daily use.",negative,refrigerator,negative,refrigerator,0.9999321699142456,0.9997765421867371,True,True,limited,0,0,0,0,long,1,0,2026-08-16T19:00:32Z,2026-08-16T19:20:05.154404+00:00
17919,"not gonna lie, i did not pay much attention to the sports motion at first, but after a few of mixed use it holds up better than expected. this was different from my first impression. i have stopped worrying about this part of the product. no bullshit, this has been one of the better parts of the product.",positive,television,positive,television,0.9999805688858032,0.9991675615310669,True,True,limited,1,0,0,1,long,0,0,2026-08-16T19:00:32Z,2026-08-16T19:20:05.154404+00:00
17920,"fr, after using it for work and at home, the door latch holds up better than expected. i noticed the only in the new situation.",positive,washing_machine,positive,washing_machine,0.9999021291732788,0.9916158318519592,True,True,limited,0,0,0,1,medium,0,1,2026-08-16T19:00:32Z,2026-08-16T19:20:05.154404+00:00
17921,"From a practical reliability standpoint, after taking it on a trip, the freezer compartment continues to work without drama. 🙂",positive,refrigerator,positive,refrigerator,0.9987912774085999,0.9967252612113953,True,True,technical,0,1,0,0,medium,0,0,2026-08-16T19:00:32Z,2026-08-16T19:20:05.154404+00:00
17922,"real talk, i have been using this food cooler after a few weeks of mixed use, and the warning remains basically average. the behavior persisted across several attempts. honestly, the damn thing is just average.",neutral,refrigerator,neutral,refrigerator,0.9999990463256836,0.9991742968559265,True,True,limited,1,0,0,1,long,0,0,2026-08-16T19:00:32Z,2026-08-16T19:20:05.154404+00:00
17923,"I have been using this pocket device when someone else in the house used it, and the touch panel works normally. the difference became clearer after a few more days. Honestly 🙂",neutral,smartphone,neutral,smartphone,0.999963641166687,0.9992451667785645,True,True,standard,0,1,0,0,medium,0,0,2026-08-16T19:00:32Z,2026-08-16T19:20:05.154404+00:00
17924,"The wash drum is what stood out outside my normal routine; it feels ordinary after more use. this was different from my first impression. It is not amazing, but it is not bullshit either.",neutral,washing_machine,neutral,washing_machine,0.999997615814209,0.9996672868728638,True,True,advanced,1,0,0,0,long,0,1,2026-08-16T19:00:32Z,2026-08-16T19:20:05.154404+00:00
17925,"after taking it on a trip, i noticed that the compressor fan on this kitchen fridge continues to work without drama. someone else in the house noticed it too. i have stopped worrynig about this part of the product. the damn thing surprised me in a good way. 😐",positive,refrigerator,positive,refrigerator,0.9999583959579468,0.9997902512550354,True,True,informal,1,1,1,0,long,0,0,2026-08-16T19:00:32Z,2026-08-16T19:20:05.154404+00:00
17926,"i have been using this video panel after a few weeks of mixed use, and the streaming menu has been a pleasant surprise. the difference became clearer after a few more days.",positive,television,positive,television,0.9998165965080261,0.9994126558303833,True,True,informal,0,0,0,0,medium,0,0,2026-08-16T19:00:32Z,2026-08-16T19:20:05.154404+00:00
17927,"After a few weeks of mixed use, I noticed that the cycle controls on this wash unit fails in normal use. I repeated the check before writing this.",negative,washing_machine,negative,washing_machine,0.9974725842475891,0.9994447827339172,True,True,standard,0,0,0,0,medium,0,0,2026-08-16T19:00:32Z,2026-08-16T19:20:05.154404+00:00
17928,My main impression of this mobile comes from the fingerprint reader: it feels ordinary after more use after changing a few settings. I tried the same thing again later and got a similar result. I can live with it.,neutral,smartphone,neutral,smartphone,0.9999916553497314,0.9992321729660034,True,True,standard,0,0,0,0,long,0,0,2026-08-16T19:00:32Z,2026-08-16T19:20:05.154404+00:00
17929,"I did not pay much attention to the network reception at first, but after coming back to it after a few days it has turned into a recurring problem.",negative,smartphone,negative,smartphone,0.9981887936592102,0.9990537762641907,True,True,advanced,0,0,0,0,medium,0,0,2026-08-16T19:00:32Z,2026-08-16T19:20:05.154404+00:00
17930,the usb port is what stood out when someone else in the house used it; it remains basically average. i tried the same thing again later and got a similar result. i can live with it. the damn thing is basically fine.,neutral,smartphone,neutral,smartphone,0.9999986886978149,0.9992972612380981,True,True,informal,1,0,0,0,long,0,0,2026-08-16T19:00:32Z,2026-08-16T19:20:05.154404+00:00
17931,"after a few weeks of mixed use, the cooling motor has stayed dependable. the behavior persisted across several attempts.",positive,refrigerator,positive,refrigerator,0.999539852142334,0.8683614730834961,True,True,informal,0,0,0,0,medium,0,0,2026-08-16T19:00:32Z,2026-08-16T19:20:05.154404+00:00
17932,"After repeated use under comparable conditions, during a heavier-than-usual day, I noticed that the compressor fan on this food cooler feels ordinary after more use. I repeated the check before writing this. 🤔",neutral,refrigerator,neutral,refrigerator,0.9999575614929199,0.9997385144233704,True,True,technical,0,1,0,0,medium,0,0,2026-08-16T19:00:32Z,2026-08-16T19:20:05.154404+00:00
17933,"My main impression of this clothes washer comes from the door latch: it feels ordinary after more use when someone else in the house used it. there is not much else to say. It is not amazing, but it is not bullshit either.",neutral,washing_machine,neutral,washing_machine,0.9999985694885254,0.9996671676635742,True,True,standard,1,0,0,0,long,0,0,2026-08-16T19:00:32Z,2026-08-16T19:20:05.154404+00:00
17934,"not gonna lie, i did not pay much attention to the spin program at first, but outside my onrmal routine it feels ordinary after more use. someone else in the house noticed it too. there is not much else to say. The damn thnig is basically fine.",neutral,washing_machine,neutral,washing_machine,0.9999986886978149,0.999715268611908,True,True,advanced,1,0,1,1,long,0,0,2026-08-16T19:00:32Z,2026-08-16T19:20:05.154404+00:00
17935,"tbh, i did not pay much attention to the usb port at first, but when someone else in the house used it it works normally. the behavior persisted across several attempts. my opinion is still basically in the middle. the damn thing is basically fine.",neutral,smartphone,neutral,smartphone,0.9999988079071045,0.999294638633728,True,True,informal,1,0,0,1,long,0,0,2026-08-16T19:00:32Z,2026-08-16T19:20:05.154404+00:00
17936,"after useing it for work and at home, the vibration keeps acting up. the damn thing keeps getting in the way.",negative,washing_machine,negative,washing_machine,0.9998739957809448,0.6665443181991577,True,True,informal,1,0,1,0,medium,0,0,2026-08-16T19:00:32Z,2026-08-16T19:20:05.154404+00:00
17937,"tbh, after coming back to it after a few days, the call quality holds up bettre than expected.",positive,smartphone,negative,smartphone,0.7698214650154114,0.9627110958099365,False,True,standard,0,0,1,1,medium,0,0,2026-08-16T19:00:32Z,2026-08-16T19:20:05.154404+00:00
17938,"I have been using this food coloer after coming back to it after a few days, and the compressor fan does the job. kinda wild.",neutral,refrigerator,neutral,refrigerator,0.9965403079986572,0.997812032699585,True,True,advanced,0,0,1,1,medium,0,0,2026-08-16T19:00:32Z,2026-08-16T19:20:05.154404+00:00
17939,"I did not pay much attention to the built-in audio at first, but after a few weeks of mixed use it does the job. the difference became clearer after a few more days. I do not feel strongly either way. It is not amazing, but it is not bullshit either.",neutral,television,neutral,television,0.9999986886978149,0.999421238899231,True,True,advanced,1,0,0,0,long,0,0,2026-08-16T19:00:32Z,2026-08-16T19:20:05.154404+00:00
17940,"From a practical reliability standpoint, my main impression of this work phone comes from the rear camera: it works well even outside my usual routine afetr a few weeks of mixed use. I repeated the check before writing this. I plan to keep useing it. No bullshit, this has been one of the better parts of the product.",positive,smartphone,positive,smartphone,0.9999805688858032,0.9991015195846558,True,True,technical,1,0,1,0,long,0,1,2026-08-16T19:00:32Z,2026-08-16T19:20:05.154404+00:00
17941,"Across repeated observations, i have been using this daily driver after using it for work and at home, and the USB port has been a pleasant surprise. I tried the same thing again later and got a similar result. I plan to keep using it. 😬",positive,smartphone,positive,smartphone,0.9999468326568604,0.9991635084152222,True,True,technical,0,1,0,0,long,0,0,2026-08-16T19:00:32Z,2026-08-16T19:20:05.154404+00:00
17942,"i have been using this wash unit when someone else in the house used it, and the wash drum continues to work without drama. someone else in the house noticed it too.",positive,washing_machine,positive,washing_machine,0.9998303651809692,0.9991453886032104,True,True,informal,0,0,0,0,medium,0,0,2026-08-16T19:00:32Z,2026-08-16T19:20:05.154404+00:00
17943,"i have been using this front-loading washer after using it for work and home, and the soap tray is acceptable but unremarkable. the behavior persisted across several attempts.",neutral,washing_machine,neutral,washing_machine,0.9997182488441467,0.9996060729026794,True,True,limited,0,0,0,0,medium,0,0,2026-08-16T19:00:32Z,2026-08-16T19:20:05.154404+00:00
17944,"after taking it on a trip, the apps has dependable. someone else in the house noticed it too. overall i am happy with it.",positive,smartphone,positive,washing_machine,0.9999527931213379,0.5652409791946411,True,False,limited,0,0,0,0,medium,0,0,2026-08-16T19:00:32Z,2026-08-16T19:20:05.154404+00:00
17945,"i have been using this kitchen fridge when someone else in the house used it, and the inside lighting has become increasingly unreliable. i repeated the check before writing this. 👍",negative,refrigerator,negative,refrigerator,0.999915599822998,0.9997715353965759,True,True,informal,0,1,0,0,medium,0,0,2026-08-16T19:00:32Z,2026-08-16T19:20:05.154404+00:00
17946,"From a practical reliability standpoint, my main impression of this daily driver comes from the fingerprint reader: it has not given me trouble after changing a few settings. the difference became clearer after a few more days.",positive,smartphone,positive,smartphone,0.9999061822891235,0.9991052746772766,True,True,technical,0,0,0,0,long,0,0,2026-08-16T19:00:32Z,2026-08-16T19:20:05.154404+00:00
17947,"after using it for work and at home, i noticed that the freezer compartment on this refrigeration unit still performs consistently. i plan to keep using it. the cooling motor tells a different story because it keeps getting in the way. the damn thing surprised me in a good way.",positive,refrigerator,positive,refrigerator,0.999954342842102,0.9996880292892456,True,True,informal,1,0,0,0,long,1,0,2026-08-16T19:00:32Z,2026-08-16T19:20:05.154404+00:00
17948,The rear camera is what stood out after taking it on a trip; it keeps getting in the way. I noticed the change only in the new situation. I am already looking at alternatives. This shit should not be happening in noraml use.,negative,smartphone,negative,smartphone,0.9999871253967285,0.9992156028747559,True,True,advanced,1,0,1,0,long,0,0,2026-08-16T19:00:32Z,2026-08-16T19:20:05.154404+00:00
17949,"Under a representative operating profile, my main impression of this daily driver comes from the touch panel: it has become increasingly unreliable after a few weeks of mixed use. the difference becaem clearer after a few more days. idk.",negative,smartphone,negative,smartphone,0.9999728202819824,0.9991269707679749,True,True,technical,0,0,1,1,long,0,0,2026-08-16T19:00:32Z,2026-08-16T19:20:05.154404+00:00
17950,My main impression of this bedroom TV comes from the built-in audio: it has not changed my opinion much after taking it on a trip. I repeated the check before writing this. I can live with it.,neutral,television,neutral,television,0.9999862909317017,0.9995627999305725,True,True,standard,0,0,0,0,long,0,0,2026-08-16T19:00:32Z,2026-08-16T19:20:05.154404+00:00
17951,"not gonna lie, the fill valve is what stood out after coming back to it after a few days; it does the job. i repeated the chcek before writing this.",neutral,washing_machine,neutral,washing_machine,0.9979475140571594,0.9995056390762329,True,True,informal,0,0,1,1,medium,0,1,2026-08-16T19:00:32Z,2026-08-16T19:20:05.154404+00:00
17952,"Under ordinary operating conditions, after a few weeks of mixed use, I noticed that the earpiece on this cell phone has turned into a recurring problem. I would hesitate to buy it again.",negative,smartphone,negative,smartphone,0.9998364448547363,0.99898761510849,True,True,technical,0,0,0,0,medium,0,0,2026-08-16T19:00:32Z,2026-08-16T19:20:05.154404+00:00
17953,"Under ordinary operating conditions, my main impression of this television set comes from the built-in audio: it keeps acting up outside my normal routine. someone else in the house noticed it too. for real.",negative,television,negative,television,0.9999279975891113,0.9994736313819885,True,True,technical,0,0,0,1,long,0,0,2026-08-16T19:00:32Z,2026-08-16T19:20:05.154404+00:00
17954,"After repeated use under comparable conditions, after a few weeks of mixed use, I noticed that the USB port on this mobile remains basically average. someone else in the house noticed it too. there is not much else to say. 🤷",neutral,smartphone,neutral,smartphone,0.9999953508377075,0.9991843104362488,True,True,technical,0,1,0,0,long,0,0,2026-08-16T19:00:32Z,2026-08-16T19:20:05.154404+00:00
17955,"After repeated use under comparable conditions, not gonna lie, my main impression of this machine comes from the cycle controls: it is neither impressive nor bad after coming back to it after a few days. this was different from my first impression.",neutral,washing_machine,neutral,washing_machine,0.9999736547470093,0.999677300453186,True,True,technical,0,0,0,1,long,0,0,2026-08-16T19:00:32Z,2026-08-16T19:20:05.154404+00:00
17956,"not gonna lie, my main impression of this refrigeration unit comes from the shelf layout: it fails in routine use atfer changing a few settings. the difference became clearer after a few more days. I am tired of this crap.",negative,refrigerator,negative,refrigerator,0.9999843835830688,0.9996352195739746,True,True,advanced,1,0,1,1,long,0,1,2026-08-16T19:00:32Z,2026-08-16T19:20:05.154404+00:00
17957,"after changing a few settings, i noticed that the yccle controls on this unit remains basically average. i would neither recommend it nor warn people away. the damn thing is basically fine. for real.",neutral,washing_machine,neutral,washing_machine,0.9999967813491821,0.9988860487937927,True,True,limited,1,0,1,1,long,0,1,2026-08-16T19:00:32Z,2026-08-16T19:20:05.154404+00:00
17958,"Across repeated observations, tbh, i have been using this food cooler after a few weeks of mixed use, and the shelf layout has stayed dependable. overall I am happy with it.",positive,refrigerator,positive,refrigerator,0.9998561143875122,0.9991661310195923,True,True,technical,0,0,0,1,medium,0,0,2026-08-16T19:00:32Z,2026-08-16T19:20:05.154404+00:00
17959,"When someone else in the house used it, I noticed that the sports motion on this TV set still performs consistently. I repeated the check before writing this. I have stopped worrying about this part of the product. 🙂",positive,television,positive,television,0.9999370574951172,0.9995138645172119,True,True,advanced,0,1,0,0,long,0,0,2026-08-16T19:00:32Z,2026-08-16T19:20:05.154404+00:00
17960,"i have been using this main fridge after a few weeks of mixed use, and cooling motor has not given me trouble.",positive,refrigerator,positive,refrigerator,0.9837123155593872,0.9930011034011841,True,True,limited,0,0,0,0,medium,0,0,2026-08-16T19:00:32Z,2026-08-16T19:20:05.154404+00:00
17961,"honestly tho, after using it for work and at home, the compressor fan keeps getting in the way. I repeated the check before writing this. I would not rely on it. Honestly 👎",negative,refrigerator,negative,refrigerator,0.9999748468399048,0.9995991587638855,True,True,advanced,0,1,0,1,medium,0,0,2026-08-16T19:00:32Z,2026-08-16T19:20:05.154404+00:00
17962,"my main impression of this cell phone comes from the earpiece: it has stayed dependable after changing a few settings. i have stopped worrying about this part of the product. i expected some crap here, but it has actually held up.",positive,smartphone,positive,smartphone,0.9999468326568604,0.9992659687995911,True,True,informal,1,0,0,0,long,0,0,2026-08-16T19:00:32Z,2026-08-16T19:20:05.154404+00:00
17963,"Under a representative operating profile, my main impression of this wash unit comes from the door latch: it still performs consistently after coming back to it after a few days. I tried the same thing again later and got a similar result. That said, the wash drum has been a disappointment, so the experience is not completely one-sided. No bullshit, this has been one of the better parts of the product. 😅",positive,washing_machine,positive,washing_machine,0.9999603033065796,0.9997212290763855,True,True,technical,1,1,0,0,long,1,0,2026-08-16T19:00:32Z,2026-08-16T19:20:05.154404+00:00
17964,"Under ordinary operating conditions, my main impression of this bedroom TV comes from the panel lighting: it works normally after coming back to it after a few days. the difference became clearer afetr a few more days.",neutral,television,neutral,television,0.9999130964279175,0.9985628724098206,True,True,technical,0,0,1,0,long,0,0,2026-08-16T19:00:32Z,2026-08-16T19:20:05.154404+00:00
17965,my main impression of this new refrigerator comes from the ice system: it has been a pleasant surprise outside my normal routine. a second check gave me the same result.,positive,refrigerator,positive,refrigerator,0.9999393224716187,0.9996495246887207,True,True,informal,0,0,0,0,medium,0,0,2026-08-16T19:00:32Z,2026-08-16T19:20:05.154404+00:00
17966,"after coming back to it after a few days, i noticed that the picture quality on this screen works normally. a second check gave me the same result.",neutral,television,neutral,television,0.9993225336074829,0.9990887641906738,True,True,limited,0,0,0,0,medium,0,0,2026-08-16T19:00:32Z,2026-08-16T19:20:05.154404+00:00
17967,"outside my normal routine, the earpiece feels ordinary after more use. i repeated the check before writing this.",neutral,smartphone,neutral,washing_machine,0.9989952445030212,0.5990076065063477,True,False,informal,0,0,0,0,medium,0,1,2026-08-16T19:00:32Z,2026-08-16T19:20:05.154404+00:00
17968,"Under a representative operating profile, when someone else in the house used it, the cooling motor is acceptable but unremarkable. The damn thing is basically fine.",neutral,refrigerator,neutral,refrigerator,0.999992847442627,0.9898091554641724,True,True,technical,1,0,0,0,medium,0,0,2026-08-16T19:00:32Z,2026-08-16T19:20:05.154404+00:00
17969,"i did not pay much attention to the spin program at first, but after coming back to it after a few days it has not given me trouble. i tried the same thing again later and got a similar result. Honestly 🔥",positive,washing_machine,positive,washing_machine,0.9999356269836426,0.9996697902679443,True,True,informal,0,1,0,0,long,0,0,2026-08-16T19:00:32Z,2026-08-16T19:20:05.154404+00:00
17970,"after coming back to it after a few days, i noticed that the rear camera on this cell phone in normal use. this was different from my first impression. i would not rely on it. for real. 😂",negative,smartphone,negative,smartphone,0.9998965263366699,0.9991870522499084,True,True,limited,0,1,0,1,long,0,0,2026-08-16T19:00:32Z,2026-08-16T19:20:05.154404+00:00
17971,"the rinse program is what stood out after using it for work and at home; it holds up better than expected. the cycle controls tells a different story because it is acceptable but unremarkable. damn, i did not expect this part to be this solid.",positive,washing_machine,positive,washing_machine,0.9999719858169556,0.9996926784515381,True,True,limited,1,0,0,0,long,1,0,2026-08-16T19:00:32Z,2026-08-16T19:20:05.154404+00:00
17972,"real talk, i have been using this machine outside my normal routine, and the fill valve works well even outside my usual routine. I noticed the change only in the new situation.",positive,washing_machine,positive,washing_machine,0.9999004602432251,0.9994199275970459,True,True,advanced,0,0,0,1,medium,0,0,2026-08-16T19:00:32Z,2026-08-16T19:20:05.154404+00:00
17973,"aftre coming back it after a few days, the vibration has been a pleasant surprise. i noticed the change only in the new situation. i would buy it again. for real.",positive,washing_machine,positive,smartphone,0.999936580657959,0.36465194821357727,True,False,limited,0,0,1,1,medium,0,0,2026-08-16T19:00:32Z,2026-08-16T19:20:05.154404+00:00
17974,"during a heavier-than-usual day, noticed the battery life on this cell phone has stayed dependable. someone else in the house noticed it too. Honestly 😅",positive,smartphone,positive,smartphone,0.9998776912689209,0.9990610480308533,True,True,limited,0,1,0,0,medium,0,0,2026-08-16T19:00:32Z,2026-08-16T19:20:05.154404+00:00
17975,"not gonna lie, my main impression of this machine comes from the drainage motor: it works well even outside my usual routine after changing a few settings. i noticed the change only in the new situation. for my use case, this is a keeper.",positive,washing_machine,positive,washing_machine,0.9999605417251587,0.9996505975723267,True,True,limited,0,0,0,1,long,0,0,2026-08-16T19:00:32Z,2026-08-16T19:20:05.154404+00:00
17976,"I have been using this mobile during a heavier-than-usual day, and the fingerprint reader feels ordinary after more use. I tried the same thing aagin later and got a similar result.",neutral,smartphone,neutral,smartphone,0.999985933303833,0.9991501569747925,True,True,advanced,0,0,1,0,medium,0,0,2026-08-16T19:00:32Z,2026-08-16T19:20:05.154404+00:00
17977,"i have been using this bedroom tv after a few weeks of mixed use, and the interface has been a disappointment. i tried the same thing again later and got a similar result. 😐",negative,television,negative,television,0.9997149109840393,0.9994497895240784,True,True,informal,0,1,0,0,long,0,0,2026-08-16T19:00:32Z,2026-08-16T19:20:05.154404+00:00
17978,"i did not pay much attention to the drainage motor at first, but after using for work and at home it has stayed dependable.",positive,washing_machine,positive,washing_machine,0.993710994720459,0.7065150141716003,True,True,limited,0,0,0,0,medium,0,0,2026-08-16T19:00:32Z,2026-08-16T19:20:05.154404+00:00
17979,"After a few weeks of mixed use, I noticed that the spin program on this machine keeps getting in the way. a second check gave me the same result.",negative,washing_machine,negative,washing_machine,0.9998804330825806,0.9995519518852234,True,True,advanced,0,0,0,0,medium,0,0,2026-08-16T19:00:32Z,2026-08-16T19:20:05.154404+00:00
17980,"I did not pay much attention to the panel lighting at first, but during a heavier-than-usual day it has been a pleasant surprise. 👎",positive,television,positive,television,0.9956596493721008,0.3049096167087555,True,True,advanced,0,1,0,0,medium,0,1,2026-08-16T19:00:32Z,2026-08-16T19:20:05.154404+00:00
17981,"I have been using this living room display after taking it on a trip, and the video input has not changed my opinion much. this was different from my first impression. It is not amazing, but it is not bullshit either.",neutral,television,neutral,television,0.9999980926513672,0.9994220733642578,True,True,advanced,1,0,0,0,long,0,1,2026-08-16T19:00:32Z,2026-08-16T19:20:05.154404+00:00
17982,"From a practical reliability standpoint, my main impression of this cell phone comes from the earpiece: it works well even outside my usual routine after taking it on a trip. the difference became clearer after a few more days. 👍",positive,smartphone,positive,smartphone,0.9999288320541382,0.999224066734314,True,True,technical,0,1,0,0,long,0,0,2026-08-16T19:00:32Z,2026-08-16T19:20:05.154404+00:00
17983,"My main impression of this front-loading washer comes from the wash drum: it still performs consistently after using it for work and at home. I expected some crap here, but it has actually held up.",positive,washing_machine,positive,washing_machine,0.9999456405639648,0.9997594952583313,True,True,standard,1,0,0,0,long,0,0,2026-08-16T19:00:32Z,2026-08-16T19:20:05.154404+00:00
17984,"I have been using this TV set after coming back to it after a few days, and the picture quality has not changed my opinion much. the behavior persisted across several attempts.",neutral,television,neutral,television,0.999686598777771,0.9995393753051758,True,True,standard,0,0,0,0,medium,0,0,2026-08-16T19:00:32Z,2026-08-16T19:20:05.154404+00:00
17985,"When someone else in the house used it, I noticed that the streaming menu on this screen unit does the job. it is adequate for now. not great tbh. 🤔",neutral,television,neutral,television,0.9999915361404419,0.9995163679122925,True,True,standard,0,1,0,1,medium,0,1,2026-08-16T19:00:32Z,2026-08-16T19:20:05.154404+00:00
17986,"my main impression of this new refrigerator comes from the inside lighting: it feels ordinary after more use after coming back to it after a few days. this was different from my frist impression. it is not amazing, but it is not bullshit either.",neutral,refrigerator,neutral,refrigerator,0.9999982118606567,0.9996634721755981,True,True,informal,1,0,1,0,long,0,1,2026-08-16T19:00:32Z,2026-08-16T19:20:05.154404+00:00
17987,"Across repeated observations, real talk, my main impression of this front-loading washer comes from the cycle controls: it is acceptable but unremarkable after a few weeks of mixed use. I repeated the check before writing this. I do not feel strongly either way. It is not amazing, but it is not bullshit either.",neutral,washing_machine,neutral,washing_machine,0.9999986886978149,0.9996649026870728,True,True,technical,1,0,0,1,long,0,0,2026-08-16T19:00:32Z,2026-08-16T19:20:05.154404+00:00
17988,"I have been using this pocket device during a heavier-than-usual day, and the apps remains basically average. kinda wild.",neutral,smartphone,neutral,smartphone,0.9999878406524658,0.9990096092224121,True,True,advanced,0,0,0,1,medium,0,0,2026-08-16T19:00:32Z,2026-08-16T19:20:05.154404+00:00
17989,"From a practical reliability standpoint, i have been using this laundry unit outside my normal routine, and the wash drum keeps acting up. a second check gave me the same result. I am already looking at alternatives. This is damn annoying. for real.",negative,washing_machine,negative,washing_machine,0.9999687671661377,0.9996730089187622,True,True,technical,1,0,0,1,long,0,0,2026-08-16T19:00:32Z,2026-08-16T19:20:05.154404+00:00
17990,"After changing a few settings, I noticed that the network reception on this mobile has turned into a recurring problem. 👍",negative,smartphone,negative,smartphone,0.9851625561714172,0.9989206790924072,True,True,standard,0,1,0,0,medium,0,0,2026-08-16T19:00:32Z,2026-08-16T19:20:05.154404+00:00
17991,My main impression of this bedroom TV comes from the panel lighting: it has been a disappointment outside my normal routine. someone else in the house noticed it too. I am already looking at alternatives. The damn thing keeps getting in the way. 🤔,negative,television,negative,television,0.999983549118042,0.9995266199111938,True,True,advanced,1,1,0,0,long,0,0,2026-08-16T19:00:32Z,2026-08-16T19:20:05.154404+00:00
17992,"real talk, i did not pay much attention to the call quality at first, after taking it on a trip it holds up better than expected. the difference became clearer after a few more days.",positive,smartphone,positive,smartphone,0.9999071359634399,0.9988777041435242,True,True,limited,0,0,0,1,long,0,0,2026-08-16T19:00:32Z,2026-08-16T19:20:05.154404+00:00
17993,"i have been using this clothes washer after using it for work and at home, and the vibration is fine for what it is. i repeated the check before writing this.",neutral,washing_machine,neutral,washing_machine,0.9994288086891174,0.9990785121917725,True,True,informal,0,0,0,0,medium,0,0,2026-08-16T19:00:32Z,2026-08-16T19:20:05.154404+00:00
17994,my main impression of this bedroom tv coems from the wireless connection: it is difficult to trust after changing a few settings. this was different from my first impression. i would hesitate to buy it again.,negative,television,negative,television,0.9999721050262451,0.9994809031486511,True,True,informal,0,0,1,0,long,0,0,2026-08-16T19:00:32Z,2026-08-16T19:20:05.154404+00:00
17995,the cycle controls is what stood out outside my normal routine; it breaks down when conditions change. was different from my first impression. Honestly 🙂,negative,washing_machine,negative,washing_machine,0.999035120010376,0.9997392296791077,True,True,limited,0,1,0,0,medium,0,0,2026-08-16T19:00:32Z,2026-08-16T19:20:05.154404+00:00
17996,"My main impression of this food cooler comes from the thermostat: it continues to work without drama after using it for work and at home. I repeated the check before writing this. it has earned my confidence. Damn, I did not expect this part to be this solid. 🤔",positive,refrigerator,positive,refrigerator,0.9999561309814453,0.9997627139091492,True,True,standard,1,1,0,0,long,0,0,2026-08-16T19:00:32Z,2026-08-16T19:20:05.154404+00:00
17997,"I did not pay much attention to the panel lighting at first, but after using it for work and at home it feels ordinary after more use. the behavior persisted across several attempts.",neutral,television,neutral,television,0.9996035695075989,0.5855200886726379,True,True,advanced,0,0,0,0,medium,0,0,2026-08-16T19:00:32Z,2026-08-16T19:20:05.154404+00:00
17998,the gasket is what stood out during a heavier-than-usual day; it fails in normal use. the behavior persisted across several attempts.,negative,refrigerator,negative,refrigerator,0.9991158843040466,0.998996913433075,True,True,informal,0,0,0,0,medium,0,0,2026-08-16T19:00:32Z,2026-08-16T19:20:05.154404+00:00
17999,"tbh, i did not pay much attention to the program at first, but after using it for work and at home it has been a pleasant surprise. the difference became clearer after a few more days.",positive,washing_machine,positive,washing_machine,0.9999058246612549,0.991312563419342,True,True,limited,0,0,0,1,long,0,0,2026-08-16T19:00:32Z,2026-08-16T19:20:05.154404+00:00
18000,"After changing a few settings, the apps is acceptable but unremarkable. my opinion is still basically in the middle. There is no major crap to complain about here.",neutral,smartphone,neutral,washing_machine,0.9999988079071045,0.31733545660972595,True,False,advanced,1,0,0,0,medium,0,0,2026-08-16T19:00:32Z,2026-08-16T19:20:05.154404+00:00
18001,"After taking it on a trip, the inside lighting has been a pleasant surprise. someone else in the house noticed it too. The damn thing surprised me in a good way. lol.",positive,refrigerator,positive,refrigerator,0.999930739402771,0.99949049949646,True,True,standard,1,0,0,1,medium,0,0,2026-08-16T19:00:32Z,2026-08-16T19:20:05.154404+00:00
18002,the earpiece is stood out after a few weeks of mixed use; it has not given me trouble. i tried the same again later and got a similar result.,positive,smartphone,positive,smartphone,0.9999160766601562,0.6862428784370422,True,True,limited,0,0,0,0,medium,0,1,2026-08-16T19:00:32Z,2026-08-16T19:20:05.154404+00:00
18003,"When someone else in the house used it, I noticed that the door latch on this front-loading washer keeps getting in the way. someone else in the house noticed it too. I would hesitate to buy it again. That said, the cycle controls has not given me trouble, so the experience is not completely one-sided. I am tired of this crap. 🤔",negative,washing_machine,negative,washing_machine,0.9999874830245972,0.999733030796051,True,True,advanced,1,1,0,0,long,1,0,2026-08-16T19:00:32Z,2026-08-16T19:20:05.154404+00:00
18004,"After a few weeks of mixed use, I noticed that the wash drum on this clothes washer continues to work without drama. this was different from my first impression.",positive,washing_machine,positive,washing_machine,0.9998794794082642,0.99936443567276,True,True,standard,0,0,0,0,medium,0,0,2026-08-16T19:00:32Z,2026-08-16T19:20:05.154404+00:00
18005,"During a heavier-than-usual day, the rear camera breaks down when conditions change. I noticed the change only in the new situation. I am considering a replacement.",negative,smartphone,negative,smartphone,0.9999786615371704,0.9991914629936218,True,True,standard,0,0,0,0,medium,0,0,2026-08-16T19:00:32Z,2026-08-16T19:20:05.154404+00:00
18006,"not gonna lie, i have been using this video panel outside my normal routine, and the streaming menu is difficult to trust. the difference became clearer after a few more days. i am already looking at alternatives.",negative,television,negative,television,0.9999744892120361,0.9994385838508606,True,True,informal,0,0,0,1,long,0,0,2026-08-16T19:00:32Z,2026-08-16T19:20:05.154404+00:00
18007,my main impression of this living room display comes from the controller: it has stayed dependable after changing a few settings. someone else in the house noticed it too. Honestly 🙂,positive,television,positive,television,0.9998595714569092,0.9996674060821533,True,True,informal,0,1,0,0,medium,0,0,2026-08-16T19:00:32Z,2026-08-16T19:20:05.154404+00:00
18008,"i have been useing this cold-storage unit when someone else in the house used it, and the door warning breaks down when conditions change. the difference became clearer after a few more days. i would not rely on it. Honestly 🤷",negative,refrigerator,negative,refrigerator,0.9999865293502808,0.9997327923774719,True,True,informal,0,1,1,0,long,0,0,2026-08-16T19:00:32Z,2026-08-16T19:20:05.154404+00:00
18009,"The call quality is what stood out after using it for work and at home; it is neither impressive nor bad. the difference became clearer after a few more days. Honestly, the damn thing is just average.",neutral,smartphone,neutral,smartphone,0.999998927116394,0.9991742968559265,True,True,advanced,1,0,0,0,long,0,0,2026-08-16T19:00:32Z,2026-08-16T19:20:05.154404+00:00
18010,"I have been using this television set when someone else in the house used it, and the streaming menu remains basically average. this was different from my first impression. there is not much else to say.",neutral,television,neutral,television,0.9999964237213135,0.9994533658027649,True,True,standard,0,0,0,0,long,0,0,2026-08-16T19:00:32Z,2026-08-16T19:20:05.154404+00:00
18011,my main impression of this screen unit comes from the panel lighting: it works normally after taikng it on a trip.,neutral,television,neutral,television,0.9866341352462769,0.9989569187164307,True,True,informal,0,0,1,0,medium,0,0,2026-08-16T19:00:32Z,2026-08-16T19:20:05.154404+00:00
18012,"Under ordinary operating conditions, during a heavier-than-usual day, I noticed that the streaming menu on this living room display has turned into a recurring problem. I tried the same thing again later and got a similar result. I am already looking at alternatives. The damn thing keeps getting in the way.",negative,television,negative,television,0.9999796152114868,0.9994226694107056,True,True,technical,1,0,0,0,long,0,1,2026-08-16T19:00:32Z,2026-08-16T19:20:05.154404+00:00
18013,my main impression of this new phone comes from the network reception: it acceptable but unremarkable after coming to it after a few days. i repeated the check before writing this.,neutral,smartphone,neutral,smartphone,0.9981598258018494,0.9991084933280945,True,True,limited,0,0,0,0,medium,0,0,2026-08-16T19:00:32Z,2026-08-16T19:20:05.154404+00:00
18014,My main impression of this TV set comes from the built-in audio: it is neither impressive nor bad outside my normal routine. I noticed the change only in the new situation.,neutral,television,neutral,television,0.9999865293502808,0.9992426633834839,True,True,advanced,0,0,0,0,medium,0,0,2026-08-16T19:00:32Z,2026-08-16T19:20:05.154404+00:00
18015,"i did not pay much attention to the battery life at first, but after a few weeks of mixed use it fails in normal use. a second check gave me the same result. i would not rely on it. the earpiece tells a different story because it remains basically average.",negative,smartphone,negative,smartphone,0.9998956918716431,0.9991963505744934,True,True,informal,0,0,0,0,long,1,0,2026-08-16T19:00:32Z,2026-08-16T19:20:05.154404+00:00
18016,"Under ordinary operating conditions, after taking it on a trip, I noticed that the door warning on this kithcen fridge has been a disappointment. the difference became clearer after a few more days.",negative,refrigerator,negative,refrigerator,0.9969424605369568,0.9992771744728088,True,True,technical,0,0,1,0,medium,0,0,2026-08-16T19:00:32Z,2026-08-16T19:20:05.154404+00:00
18017,My main impression of this living room display comes from the controller: it has turned into a recurring problem after taking it on a trip. The video input tells a different story because it feels ordinary after more use.,negative,television,negative,television,0.9999817609786987,0.9995620846748352,True,True,advanced,0,0,0,0,long,1,1,2026-08-16T19:00:32Z,2026-08-16T19:20:05.154404+00:00
18018,"after using it for work and at home, the inside lighting works well even outside my usual routine. i repeated the check before writing this. i plan to keep using it. the damn thing surprised me in a good way.",positive,refrigerator,positive,refrigerator,0.9999549388885498,0.9987319111824036,True,True,informal,1,0,0,0,long,0,0,2026-08-16T19:00:32Z,2026-08-16T19:20:05.154404+00:00
18019,"After using it for work and at home, I noticed that the shelf layout on this main fridge has been a disappointment. I noticed the change only in the new situation.",negative,refrigerator,negative,refrigerator,0.9961930513381958,0.9995660185813904,True,True,advanced,0,0,0,0,medium,0,1,2026-08-16T19:00:32Z,2026-08-16T19:20:05.154404+00:00
18020,"From a practical reliability standpoint, i did not pay much attention to the inside lighting at first, but after changing a few settings it fails in normal use. the behavior persisted across several attempts. Honestly 😐",negative,refrigerator,negative,refrigerator,0.9991459846496582,0.9992764592170715,True,True,technical,0,1,0,0,long,0,0,2026-08-16T19:00:32Z,2026-08-16T19:20:05.154404+00:00
18021,"I did not pay much attention to the network reception at first, but after using it for work and at home it is difficult to turst. I would hesitate to buy it again.",negative,smartphone,negative,smartphone,0.9997907280921936,0.9991554021835327,True,True,standard,0,0,1,0,medium,0,0,2026-08-16T19:00:32Z,2026-08-16T19:20:05.154404+00:00
18022,"i have been useing this new washer after a few weeks of mixed use, and the soap tray has not given me trouble. for my use case, is a keeper.",positive,washing_machine,positive,washing_machine,0.9999322891235352,0.9993863105773926,True,True,limited,0,0,1,0,medium,0,1,2026-08-16T19:00:32Z,2026-08-16T19:20:05.154404+00:00
18023,"From a practical reliability standpoint, outside my normal routine, I noticed that the spin program on this laundry unit has turned into a recurring problem. I repeated the check before writing this. this needs to improve.",negative,washing_machine,negative,washing_machine,0.9999579191207886,0.9997017979621887,True,True,technical,0,0,0,0,long,0,0,2026-08-16T19:00:32Z,2026-08-16T19:20:05.154404+00:00
18024,"After repeated use under comparable conditions, after taking it on a trip, I noticed that the network reception on this mobile feels ordinary after more use. I repeated the check before writing this. The earpiece tells a different story because it breaks down when conditions change. There is no major crap to complain about here.",neutral,smartphone,neutral,smartphone,0.9999984502792358,0.9992032647132874,True,True,technical,1,0,0,0,long,1,0,2026-08-16T19:00:32Z,2026-08-16T19:20:05.154404+00:00
18025,"My main impression of this work phone comes from the USB port: it still performs consistently outisde my normal routine. for my use case, this is a keeper.",positive,smartphone,positive,smartphone,0.9999603033065796,0.9992710947990417,True,True,advanced,0,0,1,0,medium,0,1,2026-08-16T19:00:32Z,2026-08-16T19:20:05.154404+00:00
18026,"honestly tho, outside my normal routine, the soap tray feels dependable in daily use. I expected some crap here, but it has actually held up.",positive,washing_machine,positive,washing_machine,0.9999420642852783,0.9990909099578857,True,True,advanced,1,0,0,1,medium,0,0,2026-08-16T19:00:32Z,2026-08-16T19:20:05.154404+00:00
18027,"Under ordinary operating conditions, outside my normal routine, the spin program has been a disappointment. I repeated the check before writing this.",negative,washing_machine,negative,washing_machine,0.9707321524620056,0.999030351638794,True,True,technical,0,0,0,0,medium,0,0,2026-08-16T19:00:32Z,2026-08-16T19:20:05.154404+00:00
18028,"Under a representative operating profile, the vibration is what stood out after coming back to it after a few days; it has turned into a recurring problem. I am considering a replacement.",negative,washing_machine,negative,washing_machine,0.9999359846115112,0.9973686933517456,True,True,technical,0,0,0,0,medium,0,0,2026-08-16T19:00:32Z,2026-08-16T19:20:05.154404+00:00
18029,"lowkey, i have been using this screen unit outside my normal routine, and the video input feels dependable in daily use. The damn thing surprised me in a good way.",positive,television,positive,television,0.9999399185180664,0.9993578791618347,True,True,standard,1,0,0,1,medium,0,0,2026-08-16T19:00:32Z,2026-08-16T19:20:05.154404+00:00
18030,"i did not pay much attention to the drainage motor at first, but after a few weeks mixed use it works normally. this was different from my first impression. 🙂",neutral,washing_machine,neutral,washing_machine,0.9997753500938416,0.9543684124946594,True,True,limited,0,1,0,0,medium,0,0,2026-08-16T19:00:32Z,2026-08-16T19:20:05.154404+00:00
18031,"after a few weeks of mixed use, i noticed that the latch on this front-loading washer works well even outside my usual routine. a second check gave me the result. overall i am happy with it.",positive,washing_machine,positive,washing_machine,0.9999582767486572,0.9996817111968994,True,True,limited,0,0,0,0,long,0,0,2026-08-16T19:00:32Z,2026-08-16T19:20:05.154404+00:00
18032,the cooling motor is what stood out outside my normal routine; it is neither impressive nor bad. a second check gave me the same result.,neutral,refrigerator,neutral,refrigerator,0.9999642372131348,0.9996194839477539,True,True,informal,0,0,0,0,medium,0,0,2026-08-16T19:00:32Z,2026-08-16T19:20:05.154404+00:00
18033,"when someone else in the house used it, the interface continues to work without drama. i noticed the change only in the new situation. for my use case, this is a keeper.",positive,television,positive,smartphone,0.9999599456787109,0.9991645812988281,True,False,informal,0,0,0,0,medium,0,0,2026-08-16T19:00:32Z,2026-08-16T19:20:05.154404+00:00
18034,"i did not pay attention to the shelf layuot at first, but after a few weeks of mixed use it holds up better than expected. a second check gave me the same result.",positive,refrigerator,positive,refrigerator,0.9999223947525024,0.9966815114021301,True,True,limited,0,0,1,0,medium,0,0,2026-08-16T19:00:32Z,2026-08-16T19:20:05.154404+00:00
18035,The network reception is what stood out after changing a few settings; it has been a pleasant surprise. someone else in the house noticed it too. The damn thing surprised me in a good way.,positive,smartphone,positive,smartphone,0.9999532699584961,0.9990851879119873,True,True,advanced,1,0,0,0,long,0,0,2026-08-16T19:00:32Z,2026-08-16T19:20:05.154404+00:00
18036,"Under ordinary operating conditions, the drainage motor is what stood out after coming back to it after a few days; it has been a pleasant surprise. I repeated the chekc before writing this.",positive,washing_machine,positive,washing_machine,0.9998778104782104,0.9995183944702148,True,True,technical,0,0,1,0,medium,0,0,2026-08-16T19:00:32Z,2026-08-16T19:20:05.154404+00:00
18037,"From a practical reliability standpoint, after taking it on a trip, the vibration does the job. the behavior persisted across several attempts.",neutral,washing_machine,neutral,washing_machine,0.9975399971008301,0.6897767782211304,True,True,technical,0,0,0,0,medium,0,1,2026-08-16T19:00:32Z,2026-08-16T19:20:05.154404+00:00
18038,"i did not pay much attention to the gasket at first, but after taking it on a trip it feels dependable daily use. i noticed the change only in the new situation.",positive,refrigerator,positive,refrigerator,0.9998043179512024,0.9985087513923645,True,True,limited,0,0,0,0,medium,0,0,2026-08-16T19:00:32Z,2026-08-16T19:20:05.154404+00:00
18039,"From a practical reliability standpoint, i did not pay much attention to the cooling motor at first, but when someone else in the house used it it holds up better than expected.",positive,refrigerator,positive,refrigerator,0.9970491528511047,0.9996442794799805,True,True,technical,0,0,0,0,medium,0,0,2026-08-16T19:00:32Z,2026-08-16T19:20:05.154404+00:00
18040,"After repeated use under comparable conditions, i have been using this daily driver after coming back to it after a few days, and the battery life remains basically average.",neutral,smartphone,neutral,smartphone,0.9996782541275024,0.9990009665489197,True,True,technical,0,0,0,0,medium,0,0,2026-08-16T19:00:32Z,2026-08-16T19:20:05.154404+00:00
18041,"i did not pay much attention to the ice system at first, but during a heavier-than-usual day it has not changed my opinion much. someone else in the house noticde it too. i would enither recommend it nor warn people away.",neutral,refrigerator,neutral,refrigerator,0.9999970197677612,0.9997671246528625,True,True,informal,0,0,1,0,long,0,0,2026-08-16T19:00:32Z,2026-08-16T19:20:05.154404+00:00
18042,My main impression of this television set comes from the video input: it has not changed my opinion much after taking it on a trip. I tried the same thing again later and got a similar result. There is no major crap to complain about here.,neutral,television,neutral,television,0.9999985694885254,0.9995383024215698,True,True,standard,1,0,0,0,long,0,0,2026-08-16T19:00:32Z,2026-08-16T19:20:05.154404+00:00
18043,"i have been using this clothes washer after a few weeks of mixed use, the door latch fails in normal use. the behavior persisted across several attempts. i am considering a replacement. the damn thing keeps getting in the way.",negative,washing_machine,negative,washing_machine,0.9999780654907227,0.9996391534805298,True,True,limited,1,0,0,0,long,0,0,2026-08-16T19:00:32Z,2026-08-16T19:20:05.154404+00:00
18044,"after changing a few settings, i noticed that the spin program on this clothes washer has been a pleasant surprise. someone else in the house noticed it too.",positive,washing_machine,positive,washing_machine,0.9998705387115479,0.9996358156204224,True,True,informal,0,0,0,0,medium,0,1,2026-08-16T19:00:32Z,2026-08-16T19:20:05.154404+00:00
18045,My main impression of this mobile comes from the apps: it has been a disappointment after changing a few settings. this was different from my first impression. This is damn annoying.,negative,smartphone,negative,smartphone,0.9995614886283875,0.9991745352745056,True,True,advanced,1,0,0,0,medium,0,1,2026-08-16T19:00:32Z,2026-08-16T19:20:05.154404+00:00
18046,"i did not pay much attention to the battery life at first, but after taking on a trip it has become increasingly unreliable. i tried same thing again later and got a similar result. 🙂",negative,smartphone,negative,smartphone,0.9999716281890869,0.9992982149124146,True,True,limited,0,1,0,0,long,0,0,2026-08-16T19:00:32Z,2026-08-16T19:20:05.154404+00:00
18047,"after taking it on a trip, the wireless connection is neither impressive nor bad. 👍",neutral,television,neutral,television,0.9983579516410828,0.795946478843689,True,True,limited,0,1,0,0,medium,0,0,2026-08-16T19:00:32Z,2026-08-16T19:20:05.154404+00:00
18048,"I did not pay much attention to the battery life at first, but after a few weeks of mixed use it keeps getting in the way. I am already looking at alternatives.",negative,smartphone,negative,smartphone,0.9999459981918335,0.9992320537567139,True,True,standard,0,0,0,0,medium,0,0,2026-08-16T19:00:32Z,2026-08-16T19:20:05.154404+00:00
18049,"After coming back to it after a few days, I noticed that the touch panel on this cell phone is difficult to trust. I repeated the check before writing this. not great tbh.",negative,smartphone,negative,smartphone,0.9998124241828918,0.9989466071128845,True,True,standard,0,0,0,1,medium,0,0,2026-08-16T19:00:32Z,2026-08-16T19:20:05.154404+00:00
18050,"I did not pay much attention to the inside lighting at first, but after changing a few settings it feels dependable in daily use. someone else in the house noticed it too. it has earned my confidence.",positive,refrigerator,positive,refrigerator,0.9999679327011108,0.9994978904724121,True,True,standard,0,0,0,0,long,0,0,2026-08-16T19:00:32Z,2026-08-16T19:20:05.154404+00:00
18051,"After repeated use under comparable conditions, outside my normal routine, the fill valve keeps acting up. I tried the same thing again later and got a similar result. I am tired of this crap.",negative,washing_machine,negative,washing_machine,0.9999803304672241,0.9926404356956482,True,True,technical,1,0,0,0,long,0,0,2026-08-16T19:00:32Z,2026-08-16T19:20:05.154404+00:00
18052,my main impression of this bedroom tv comes from the controller: it works well even outside my usual routine during a heavier-than-usual day. the behavior persisted across several attempts.,positive,television,positive,television,0.9999369382858276,0.9995028972625732,True,True,informal,0,0,0,0,medium,0,1,2026-08-16T19:00:32Z,2026-08-16T19:20:05.154404+00:00
18053,My main impression of this refrigeration unit comes from the thermostat: it is difficult to trust during a heavier-than-usual day.,negative,refrigerator,negative,refrigerator,0.9992474317550659,0.998683750629425,True,True,standard,0,0,0,0,medium,0,0,2026-08-16T19:00:32Z,2026-08-16T19:20:05.154404+00:00
18054,"Under ordinary operating conditions, lowkey, my main impression of this TV set comes from the picture quality: it is fine for what it is during a heavier-than-usual day. the behavior persisted across several attempts.",neutral,television,neutral,television,0.9999641180038452,0.9995135068893433,True,True,technical,0,0,0,1,long,0,1,2026-08-16T19:00:32Z,2026-08-16T19:20:05.154404+00:00
18055,"not gonna lie, i did not pay much attention to the panel lighting at first, but when someone else in the house used it it does the job. i tried the same thing again later and got a similar result.",neutral,television,neutral,smartphone,0.9999818801879883,0.8451722860336304,True,False,informal,0,0,0,1,long,0,0,2026-08-16T19:00:32Z,2026-08-16T19:20:05.154404+00:00
18056,"I have been using this main fridge outside my normal routine, and the gasket works normally. I can live with it.",neutral,refrigerator,neutral,refrigerator,0.9985432624816895,0.986962080001831,True,True,standard,0,0,0,0,medium,0,0,2026-08-16T19:00:32Z,2026-08-16T19:20:05.154404+00:00
18057,"lowkey, i have been useing this wash unit after useing it for work and at home, and the door latch works normally. the difference became clearer after a few more days. on the other hand, the fill valve has not given me trouble, which makes the overall picture more mixed. the damn thing is basically fine. Honestly 👎",neutral,washing_machine,neutral,washing_machine,0.9999958276748657,0.9996663331985474,True,True,informal,1,1,1,1,long,1,0,2026-08-16T19:00:32Z,2026-08-16T19:20:05.154404+00:00
18058,"Under a representative operating profile, after coming back to it after a few days, the touch panel has become increasingly unreliable.",negative,smartphone,negative,smartphone,0.9969682097434998,0.481126606464386,True,True,technical,0,0,0,0,medium,0,0,2026-08-16T19:00:32Z,2026-08-16T19:20:05.154404+00:00
18059,My main impression of this food cooler comes from the shelf layout: it is fine for what it is after taking it on a trip. the behavior persisted across several attempts.,neutral,refrigerator,neutral,refrigerator,0.9999654293060303,0.999772846698761,True,True,standard,0,0,0,0,medium,0,0,2026-08-16T19:00:32Z,2026-08-16T19:20:05.154404+00:00
18060,"Outside my normal routine, I noticed that the fingerprint reader on this pocket device feels dependable in daily use. the difference became clearer after a few more days.",positive,smartphone,positive,smartphone,0.9992026686668396,0.999079704284668,True,True,advanced,0,0,0,0,medium,0,0,2026-08-16T19:00:32Z,2026-08-16T19:20:05.154404+00:00
18061,"When someone else in the house used it, the streaming menu is neither impressive nor bad. the difference became clearer after a few more days. my opinion is still basically in the middle. pretty solid ngl.",neutral,television,neutral,television,0.9999945163726807,0.9994612336158752,True,True,advanced,0,0,0,1,long,0,0,2026-08-16T19:00:32Z,2026-08-16T19:20:05.154404+00:00
18062,"after using it for work and at home, i noticed that the compressor fan on this refrigeration unit still performs consistently. this was from first impression.",positive,refrigerator,positive,refrigerator,0.9998855590820312,0.9996691942214966,True,True,limited,0,0,0,0,medium,0,0,2026-08-16T19:00:32Z,2026-08-16T19:20:05.154404+00:00
18063,"Under ordinary operating conditions, my main impression of this daily driver comes from the rear camera: it works well even outside my usual routine after using it for work and at home. someone else in the house noticed it too.",positive,smartphone,positive,smartphone,0.9999147653579712,0.9991983771324158,True,True,technical,0,0,0,0,long,0,0,2026-08-16T19:00:32Z,2026-08-16T19:20:05.154404+00:00
18064,"after a few weeks of mixed use, the rinse program works normally. the difference became clearer after a few more days. i don't feel strongly either way.",neutral,washing_machine,neutral,washing_machine,0.9999935626983643,0.9979544878005981,True,True,informal,0,0,0,0,medium,0,0,2026-08-16T19:00:32Z,2026-08-16T19:20:05.154404+00:00
18065,The drainage motor is what stood out during a heavier-than-usual day; it continues to work without drama. this was different from my first impression. 👎,positive,washing_machine,positive,smartphone,0.9999154806137085,0.8076252341270447,True,False,standard,0,1,0,0,medium,0,0,2026-08-16T19:00:32Z,2026-08-16T19:20:05.154404+00:00
18066,"after a few weeks of mixed use, the sports motion keeps acting up. this is the part that makes me regret the purchase.",negative,television,negative,television,0.9998941421508789,0.9988025426864624,True,True,informal,0,0,0,0,medium,0,1,2026-08-16T19:00:32Z,2026-08-16T19:20:05.154404+00:00
18067,"From a practical reliability standpoint, my main impression of this food cooler comes from the ice system: it keeps getting in the way after using it for work and at home. I repeated the check before writing this.",negative,refrigerator,negative,refrigerator,0.9998712539672852,0.9996647834777832,True,True,technical,0,0,0,0,long,0,0,2026-08-16T19:00:32Z,2026-08-16T19:20:05.154404+00:00
18068,"after taking it on a trip, the wireless connection getting in the way. this was different from my first impression. this is the part that makes me regret the purchase. this shit should not be happening in normal use. 😐",negative,television,negative,washing_machine,0.9999862909317017,0.8114949464797974,True,False,limited,1,1,0,0,long,0,0,2026-08-16T19:00:32Z,2026-08-16T19:20:05.154404+00:00
18069,"the video input is what stood after changing a few settings; it has stayed dependable. this was different from my first impression. the panel lighting tells a different story because it is difficult to trust. damn, i did not expect this part to be this solid.",positive,television,positive,television,0.9999722242355347,0.9995311498641968,True,True,limited,1,0,0,0,long,1,1,2026-08-16T19:00:32Z,2026-08-16T19:20:05.154404+00:00
18070,"ngl, i have been using this cold-storage unit after changing a few settings, and the gasket works normally.",neutral,refrigerator,neutral,refrigerator,0.9739478826522827,0.8327406644821167,True,True,informal,0,0,0,1,medium,0,0,2026-08-16T19:00:32Z,2026-08-16T19:20:05.154404+00:00
18071,"Across repeated observations, ngl, my main impression of this machine comes from the cycle controls: it feels ordinary after more use outside my normal routine. this was different from my first impression. It is not amazing, but it is not bullshit either. 🔥",neutral,washing_machine,neutral,washing_machine,0.9999958276748657,0.9997408986091614,True,True,technical,1,1,0,1,long,0,0,2026-08-16T19:00:32Z,2026-08-16T19:20:05.154404+00:00
18072,"After repeated use under comparable conditions, my main impression of this cold-storage unit comes from the door warning: it does the job after coming back to it after a few days. I tried the same thing again later and got a similar result.",neutral,refrigerator,neutral,refrigerator,0.9999607801437378,0.9996726512908936,True,True,technical,0,0,0,0,long,0,0,2026-08-16T19:00:32Z,2026-08-16T19:20:05.154404+00:00
18073,"From a practical reliability standpoint, when someone else in the house used it, the cycle controls has turned into a recurring probelm. I am considering a replacement. 🔥",negative,washing_machine,negative,washing_machine,0.9998190999031067,0.9962399005889893,True,True,technical,0,1,1,0,medium,0,0,2026-08-16T19:00:32Z,2026-08-16T19:20:05.154404+00:00
18074,The rinse program is what stood out after coming back to it after a few days; it is neither impressive nor bad. I noticed the change only in the new situation. it is adequate for now.,neutral,washing_machine,neutral,washing_machine,0.9999980926513672,0.9997021555900574,True,True,standard,0,0,0,0,long,0,0,2026-08-16T19:00:32Z,2026-08-16T19:20:05.154404+00:00
18075,"when someone else in the house used it, the ice system acceptable but unremarkable. i repeated the before writing this. i can live with it.",neutral,refrigerator,neutral,refrigerator,0.9999161958694458,0.9974074959754944,True,True,limited,0,0,0,0,medium,0,1,2026-08-16T19:00:32Z,2026-08-16T19:20:05.154404+00:00
18076,"outside my normal routine, the wash drum feels ordinary after more use. my opinion still basically in the middle.",neutral,washing_machine,neutral,washing_machine,0.9999890327453613,0.9986051917076111,True,True,limited,0,0,0,0,medium,0,0,2026-08-16T19:00:32Z,2026-08-16T19:20:05.154404+00:00
18077,"Across repeated observations, after takign it on a trip, I noticed that the soap tray on this wash unit is difficult to trust.",negative,washing_machine,negative,washing_machine,0.9907606840133667,0.9951280355453491,True,True,technical,0,0,1,0,medium,0,0,2026-08-16T19:00:32Z,2026-08-16T19:20:05.154404+00:00
18078,"i have been useing this video panel when someone else in the house used it, and the sports motion works normally. i the check before writing this. there is not much else to say.",neutral,television,neutral,television,0.9999899864196777,0.999264657497406,True,True,limited,0,0,1,0,long,0,0,2026-08-16T19:00:32Z,2026-08-16T19:20:05.154404+00:00
18079,"After repeated use under comparable conditions, after coming back to it after a few days, I noticed that the sports motion on this screen unit keeps acting up. the behavior persisted across several attempts. The picture quality tells a different story because it does the job.",negative,television,negative,television,0.9999793767929077,0.9995842576026917,True,True,technical,0,0,0,0,long,1,0,2026-08-16T19:00:32Z,2026-08-16T19:20:05.154404+00:00
18080,"after a few weeks of mixed use, the cycle controls keeps acting up. the difference became clearer after few more days. on the other hand, the fill valve still performs consistently, which makes the overall picture more mixed.",negative,washing_machine,negative,washing_machine,0.9999628067016602,0.9995923638343811,True,True,limited,0,0,0,0,long,1,0,2026-08-16T19:00:32Z,2026-08-16T19:20:05.154404+00:00
18081,my main impression of this work phone comes from the fingerprint reader: it has turned into a recurring problem when someone else in the house used it. this is the part that makes me regret the purchase.,negative,smartphone,negative,smartphone,0.9999815225601196,0.9991318583488464,True,True,informal,0,0,0,0,long,0,1,2026-08-16T19:00:32Z,2026-08-16T19:20:05.154404+00:00
18082,"i did not pay much attention to the cycle controls at first, but during a heavier-than-usual day it works well even outside my usual routine. i tried the same thing again later and a similar result. pretty solid ngl.",positive,washing_machine,positive,washing_machine,0.9999332427978516,0.9996078610420227,True,True,limited,0,0,0,1,long,0,0,2026-08-16T19:00:32Z,2026-08-16T19:20:05.154404+00:00
18083,"From a practical reliability standpoint, the USB port is what stood out after taking it on a trip; it has become increasingly unreliable. the behavior persisted across several attempts.",negative,smartphone,negative,smartphone,0.9990712404251099,0.9992621541023254,True,True,technical,0,0,0,0,medium,0,0,2026-08-16T19:00:32Z,2026-08-16T19:20:05.154404+00:00
18084,"i have been using this kitchen fridge during a heavier-than-usual day, and the gasket continues to work without drama. i noticed the change only in the new situation. 😐",positive,refrigerator,positive,refrigerator,0.9998972415924072,0.9997813105583191,True,True,limited,0,1,0,0,medium,0,0,2026-08-16T19:00:32Z,2026-08-16T19:20:05.154404+00:00
18085,"Under ordinary operating conditions, after coming back to it after a few days, I noticed that the USB port on this cell phone works normally. someone else in the house noticed it too. it is adequate for now. 🙂",neutral,smartphone,neutral,smartphone,0.9999853372573853,0.9992882609367371,True,True,technical,0,1,0,0,long,0,1,2026-08-16T19:00:32Z,2026-08-16T19:20:05.154404+00:00
18086,the cooling motor is what stood out after coming back to it after a few days; it keeps getting in the way.,negative,refrigerator,negative,refrigerator,0.9982740879058838,0.9993177652359009,True,True,informal,0,0,0,0,medium,0,0,2026-08-16T19:00:32Z,2026-08-16T19:20:05.154404+00:00
18087,"lowkey, my main impression of this television set comes from the wireless connection: it feels dependable in daily use during a heavier-than-usual day. i expected some crap here, but it has actually held up.",positive,television,positive,television,0.9999421834945679,0.9996076226234436,True,True,informal,1,0,0,1,long,0,1,2026-08-16T19:00:32Z,2026-08-16T19:20:05.154404+00:00
18088,"After taking it on a trip, the battery life feels ordinary after more use. the behavior persisted across several attempts. The rear camera tells a different story because it is difficult to trust.",neutral,smartphone,neutral,smartphone,0.9999712705612183,0.9992145299911499,True,True,standard,0,0,0,0,medium,1,0,2026-08-16T19:00:32Z,2026-08-16T19:20:05.154404+00:00
18089,"honestly tho, i have been using this refrigeration unit when someone else in the house used it, and the gasket fails in normal use. I noticed the change only in the new situation. This is damn annoying. 🙃",negative,refrigerator,negative,refrigerator,0.9999822378158569,0.9995286464691162,True,True,standard,1,1,0,1,long,0,0,2026-08-16T19:00:32Z,2026-08-16T19:20:05.154404+00:00
18090,"After a few weeks of mixed use, I noticed that the vibration on this wash unit has not given me trouble. the difference became clearer after a few more days.",positive,washing_machine,positive,washing_machine,0.9997822642326355,0.9990121126174927,True,True,standard,0,0,0,0,medium,0,0,2026-08-16T19:00:32Z,2026-08-16T19:20:05.154404+00:00
18091,"i have been using this kitchen fridge after taking it on a trip, and the gasket has stayed dependable. this was different from my first impression. i have stopped worrying about this part of the product.",positive,refrigerator,positive,refrigerator,0.999977707862854,0.9995564818382263,True,True,informal,0,0,0,0,long,0,0,2026-08-16T19:00:32Z,2026-08-16T19:20:05.154404+00:00
18092,"During a heavier-than-usual day, I noticed that the rear camera on this new phone works well even outside my usual routine. a second check gave me the same result. I expected some crap here, but it has actually held up.",positive,smartphone,positive,smartphone,0.9999451637268066,0.9992602467536926,True,True,advanced,1,0,0,0,long,0,0,2026-08-16T19:00:32Z,2026-08-16T19:20:05.154404+00:00
18093,"i did not pay much attention to the fingerprint reader at first, but using it for work and at home it keeps getting in the way. this was different from my first impressoin. 🤷",negative,smartphone,negative,smartphone,0.9998948574066162,0.9991620779037476,True,True,limited,0,1,1,0,long,0,0,2026-08-16T19:00:32Z,2026-08-16T19:20:05.154404+00:00
18094,"after using it for work and at home, i noticed that the fingerprint reader on this cell phone has been pleasant surprise. 👎",positive,smartphone,positive,smartphone,0.9986978769302368,0.998670220375061,True,True,limited,0,1,0,0,medium,0,1,2026-08-16T19:00:32Z,2026-08-16T19:20:05.154404+00:00
18095,"i have been using this refrigeration unit when someone else in the house used it, and the ice system is neither impressive nor bad. a second check gave me the same result. for real.",neutral,refrigerator,neutral,refrigerator,0.9999829530715942,0.9996024966239929,True,True,informal,0,0,0,1,long,0,0,2026-08-16T19:00:32Z,2026-08-16T19:20:05.154404+00:00
18096,"After changing a few settings, the panel lighting has been a pleasant surprise. the difference became clearer after a few more days. I have stopped worrying about this part of the product.",positive,television,positive,television,0.9999778270721436,0.9867501854896545,True,True,advanced,0,0,0,0,medium,0,1,2026-08-16T19:00:32Z,2026-08-16T19:20:05.154404+00:00
18097,"ngl, the vibration is what stood out after using it for work and at home; it still performs consistently. I tried the same thing again later and got a similar result. No bullshit, this has been one of the better parts of the product.",positive,washing_machine,positive,washing_machine,0.9999804496765137,0.9974652528762817,True,True,advanced,1,0,0,1,long,0,0,2026-08-16T19:00:32Z,2026-08-16T19:20:05.154404+00:00
18098,The batery life is what stood out after changing a few settings; it is neither impressive nor bad. the difference became clearer after a few more days.,neutral,smartphone,neutral,smartphone,0.9999899864196777,0.9990957975387573,True,True,standard,0,0,1,0,medium,0,0,2026-08-16T19:00:32Z,2026-08-16T19:20:05.154404+00:00
18099,"fr, my main impression this television set comes from the picture quality: it fails in normal use a few weeks of mixed use. the behavior persisted across several attempts.",negative,television,negative,television,0.9998825788497925,0.9995014667510986,True,True,limited,0,0,1,1,medium,0,0,2026-08-16T19:00:32Z,2026-08-16T19:20:05.154404+00:00
18100,"after taking it on a trip, the vibration has become increasingly unreliable.",negative,washing_machine,negative,washing_machine,0.993253767490387,0.738788366317749,True,True,informal,0,0,0,0,short,0,1,2026-08-16T19:00:32Z,2026-08-16T19:20:05.154404+00:00
18101,"After coming back to it after a few days, I noticed that the wireless conection on this living room display remains basically average. someone else in the house noticed it too. The damn thing is basically fine. not great tbh.",neutral,television,neutral,television,0.9999957084655762,0.9994716048240662,True,True,standard,1,0,1,1,long,0,0,2026-08-16T19:00:32Z,2026-08-16T19:20:05.154404+00:00
18102,"fr, my main impression of this video panel comes from the picture quality: it works well even outside my usual routine after changing a few settings. No bullshit, this has been one of the better parts of the product.",positive,television,positive,television,0.9999802112579346,0.999133288860321,True,True,advanced,1,0,0,1,long,0,0,2026-08-16T19:00:32Z,2026-08-16T19:20:05.154404+00:00
18103,the cycle controls is what stood out aftre changing a few settings; it has not given me trouble. i tried the same thing again later and got a similar result. it earned my confidence. 🤷,positive,washing_machine,positive,washing_machine,0.9999393224716187,0.9997314810752869,True,True,limited,0,1,1,0,long,0,0,2026-08-16T19:00:32Z,2026-08-16T19:20:05.154404+00:00
18104,"After a few weeks of mixed use, the call quality has stayed dependable.",positive,smartphone,positive,smartphone,0.9610034823417664,0.8518254160881042,True,True,standard,0,0,0,0,short,0,0,2026-08-16T19:00:32Z,2026-08-16T19:20:05.154404+00:00
18105,"I did not pay much attention to the fill valve at first, but when someone else in the house used it it has not given me trouble. the difference became clearer after a few more days. 😂",positive,washing_machine,positive,washing_machine,0.9998835325241089,0.9995744824409485,True,True,advanced,0,1,0,0,long,0,0,2026-08-16T19:00:32Z,2026-08-16T19:20:05.154404+00:00
18106,"Across repeated observations, i have been using this TV set when someone else in the house used it, and the panel lighting holds up better than expected.",positive,television,positive,television,0.9968288540840149,0.9955484867095947,True,True,technical,0,0,0,0,medium,0,0,2026-08-16T19:00:32Z,2026-08-16T19:20:05.154404+00:00
18107,"After taking it on a trip, the door latch is difficult to trust. I would hesitate to buy it again. That said, the spin program still performs consistently, so the experience is not completely one-sided. The damn thing keeps getting in the way. pretty solid ngl.",negative,washing_machine,negative,washing_machine,0.9999724626541138,0.9997038245201111,True,True,advanced,1,0,0,1,long,1,0,2026-08-16T19:00:32Z,2026-08-16T19:20:05.154404+00:00
18108,my main impression of this living room display comes from the picture quality: it keeps getting in the way after changing a few settings. someone else in the house noticed it too. this is damn annoying. 👍,negative,television,negative,television,0.9999837875366211,0.9996252059936523,True,True,informal,1,1,0,0,long,0,0,2026-08-16T19:00:32Z,2026-08-16T19:20:05.154404+00:00
18109,"After coming back to it after a few days, the thermostat holds up better than expected. someone else in the house noticed it too. for my use case, this is a keeper.",positive,refrigerator,positive,refrigerator,0.999961256980896,0.3678232729434967,True,True,advanced,0,0,0,0,medium,0,0,2026-08-16T19:00:32Z,2026-08-16T19:20:05.154404+00:00
18110,"After repeated use under comparable conditions, my main impression of this mobile comes from the fingerprint reader: it works normally when someone else in the house used it. It is not amazing, but it is not bullshit either.",neutral,smartphone,neutral,smartphone,0.999997615814209,0.9990942478179932,True,True,technical,1,0,0,0,long,0,0,2026-08-16T19:00:32Z,2026-08-16T19:20:05.154404+00:00
18111,"The rinse program is what stood out after comign back to it after a few days; it feels ordinary after more use. I noticed the change only in the new situation. my opinion is still basically in the middle. It is not amazing, but it is not bullshit either.",neutral,washing_machine,neutral,washing_machine,0.9999986886978149,0.9996694326400757,True,True,advanced,1,0,1,0,long,0,0,2026-08-16T19:00:32Z,2026-08-16T19:20:05.154404+00:00
18112,My main impression of this cold-storage unit comse from the thermostat: it continues to work without drama after changing a few settings. overall I am happy with it.,positive,refrigerator,positive,refrigerator,0.999953031539917,0.997883141040802,True,True,standard,0,0,1,0,medium,0,0,2026-08-16T19:00:32Z,2026-08-16T19:20:05.154404+00:00
18113,"Under ordinary operating conditions, i did not pay much attention to the apps at first, but outside my normla routine it remains basically average. I noticed the change only in the new situation.",neutral,smartphone,neutral,washing_machine,0.9999927282333374,0.7733609676361084,True,False,technical,0,0,1,0,medium,0,0,2026-08-16T19:00:32Z,2026-08-16T19:20:05.154404+00:00
18114,"real talk, my main impression of this daily driver comes from the call quailty: it is fine for what it is after using it for work and at home. a second check gave me the same result. i wolud neither recommend it nor warn people away.",neutral,smartphone,neutral,smartphone,0.9999966621398926,0.9992101192474365,True,True,limited,0,0,1,1,long,0,0,2026-08-16T19:00:32Z,2026-08-16T19:20:05.154404+00:00
18115,The apps is what stood out outside my normal routine; it is fine for what it is. my opinion is still basically in the middle. 👎,neutral,smartphone,neutral,television,0.9999938011169434,0.9222660064697266,True,False,advanced,0,1,0,0,medium,0,0,2026-08-16T19:00:32Z,2026-08-16T19:20:05.154404+00:00
18116,My main impression of this food cooler comes from the inside lighting: it works normally after coming back to it after a few days. lol.,neutral,refrigerator,neutral,refrigerator,0.9918813109397888,0.9995148181915283,True,True,advanced,0,0,0,1,medium,0,0,2026-08-16T19:00:32Z,2026-08-16T19:20:05.154404+00:00
18117,"After useing it for work and at home, the sports motion has not given me trouble. The controller tells a different story because it remains basically average.",positive,television,positive,television,0.9996979236602783,0.998749852180481,True,True,standard,0,0,1,0,medium,1,0,2026-08-16T19:00:32Z,2026-08-16T19:20:05.154404+00:00
18118,"not gonna lie, i have been using this daily driver when someone else in the house used it, and the USB port has turned into a recurring problem. I would hesitate to buy it again. 😬",negative,smartphone,negative,smartphone,0.9998924732208252,0.9991135001182556,True,True,standard,0,1,0,1,long,0,0,2026-08-16T19:00:32Z,2026-08-16T19:20:05.154404+00:00
18119,"My main impression of this kitchen fridge comes from the freezer compartment: it breaks down when conditions change during a heavier-than-usual day. I tried the same thing again later and got a similar result. On the other hand, the cooling motor does the job, which makes the on balance picture more mixed.",negative,refrigerator,negative,refrigerator,0.9999810457229614,0.9996968507766724,True,True,advanced,0,0,0,0,long,1,0,2026-08-16T19:00:32Z,2026-08-16T19:20:05.154404+00:00
18120,My main impression of this front-loading washer comes from the fill valve: it has been a disappointment after coming back to it after a few days. this needs to improve. 👍,negative,washing_machine,negative,washing_machine,0.9998801946640015,0.9997038245201111,True,True,advanced,0,1,0,0,medium,0,0,2026-08-16T19:00:32Z,2026-08-16T19:20:05.154404+00:00
18121,"I did not pay much attention to the sports motion at first, but during a heavier-than-usual day it keeps acting up. this was different from my first impression. this is the part that makes me regret the purchase. I am tired of this crap. 🤷",negative,television,negative,television,0.9999879598617554,0.9995881915092468,True,True,standard,1,1,0,0,long,0,0,2026-08-16T19:00:32Z,2026-08-16T19:20:05.154404+00:00
18122,my main impression of this television set comes from the sports motion: it continues to work without drama after coming back to it after a few days. it has earned my confidence.,positive,television,positive,television,0.9999725818634033,0.9995937943458557,True,True,informal,0,0,0,0,medium,0,0,2026-08-16T19:00:32Z,2026-08-16T19:20:05.154404+00:00
18123,"After coming back to it fater a few days, the vibration continues to work without drama. I tried the same thing again later and got a similar result.",positive,washing_machine,positive,smartphone,0.9999264478683472,0.9970232844352722,True,False,advanced,0,0,1,0,medium,0,0,2026-08-16T19:00:32Z,2026-08-16T19:20:05.154404+00:00
18124,"I have been using this new washer after using it for work and at home, and the vibration has not given me trouble. this was different from my first impression. I plan to keep using it.",positive,washing_machine,positive,washing_machine,0.9999508857727051,0.999492883682251,True,True,advanced,0,0,0,0,long,0,0,2026-08-16T19:00:32Z,2026-08-16T19:20:05.154404+00:00
18125,My main impression of this new phone comes from the USB port: it is fine for what it is during a heavier-than-usual day. the behavior persisted across several attempts.,neutral,smartphone,neutral,smartphone,0.9999682903289795,0.9992784857749939,True,True,standard,0,0,0,0,medium,0,0,2026-08-16T19:00:32Z,2026-08-16T19:20:05.154404+00:00
18126,"After a few weeks of mixed use, I noticed that the apps on this mobile holds up better than expected. someone else in the house noticed it too. I would buy it again. No bullshit, this has been one of the better parts of the product.",positive,smartphone,positive,smartphone,0.9999805688858032,0.9990749359130859,True,True,advanced,1,0,0,0,long,0,0,2026-08-16T19:00:32Z,2026-08-16T19:20:05.154404+00:00
18127,"after taking it on a trip, the wireless connection is fine for what it is. someone else in the house onticed it too. there is not much else to say. Honestly 🤔",neutral,television,neutral,television,0.999994158744812,0.9994882345199585,True,True,informal,0,1,1,0,medium,0,0,2026-08-16T19:00:32Z,2026-08-16T19:20:05.154404+00:00
18128,my main impression of this food cooler comes from the thermostat: it is neither impressive nor bad after coming back to it after a few days. my opinion is still basically in the middle.,neutral,refrigerator,neutral,refrigerator,0.9999964237213135,0.9996126294136047,True,True,informal,0,0,0,0,long,0,0,2026-08-16T19:00:32Z,2026-08-16T19:20:05.154404+00:00
18129,"after coming back to it after a few days, the rinse program has turned into a recurring problem. the behavior persisted across several attempts. i am tired of this crap.",negative,washing_machine,negative,washing_machine,0.9999775886535645,0.9992715716362,True,True,limited,1,0,0,0,medium,0,0,2026-08-16T19:00:32Z,2026-08-16T19:20:05.154404+00:00
18130,"I have been using this new washer after changing a few settings, and the spin program keeps getting in the way. I tried the same thing again later and got a similar result. I am already looking at alternatives. pretty solid ngl. Honestly 🙂",negative,washing_machine,negative,washing_machine,0.9999804496765137,0.999717652797699,True,True,advanced,0,1,0,1,long,0,1,2026-08-16T19:00:32Z,2026-08-16T19:20:05.154404+00:00
18131,My main impression of this television set comes from the controller: it feels dependable in daily use after coming back to it after a few days. I noticed the change only in the new situation. I plan to keep using it.,positive,television,positive,television,0.9999529123306274,0.9994962215423584,True,True,standard,0,0,0,0,long,0,0,2026-08-16T19:00:32Z,2026-08-16T19:20:05.154404+00:00
18132,"the panel lighting is what stood out outside my normal routine; it is fine what it is. i noticed the change only in the new that said, the built-in audio fails in normal use, so the experience is not completely one-sided.",neutral,television,neutral,television,0.9999372959136963,0.9994339346885681,True,True,limited,0,0,0,0,long,1,0,2026-08-16T19:00:32Z,2026-08-16T19:20:05.154404+00:00
18133,"i have been using this cell phone after taking it on a trip, and the apps still performs consistently. i noticed the change only in the new situation.",positive,smartphone,positive,smartphone,0.9998970031738281,0.999171257019043,True,True,informal,0,0,0,0,medium,0,0,2026-08-16T19:00:32Z,2026-08-16T19:20:05.154404+00:00
18134,my main of this video panel comes from the video input: it remains basically average after coming back to it after few days. a second check gave me the same result. 👍,neutral,television,neutral,television,0.9999914169311523,0.9995535016059875,True,True,limited,0,1,0,0,medium,0,0,2026-08-16T19:00:32Z,2026-08-16T19:20:05.154404+00:00
18135,"i did not pay attention to the built-in audio at first, but when someone else in the house used it it is difficult to trust. the behavior persisted across attempts. the damn thing keeps getting in the way.",negative,television,negative,television,0.999972939491272,0.9990178346633911,True,True,limited,1,0,0,0,long,0,0,2026-08-16T19:00:32Z,2026-08-16T19:20:05.154404+00:00
18136,"I did not pay much attention to the fill valve at first, but after coming back to it after a few days it fails in routine use. 🤔",negative,washing_machine,negative,washing_machine,0.9964210987091064,0.9989306330680847,True,True,advanced,0,1,0,0,medium,0,0,2026-08-16T19:00:32Z,2026-08-16T19:20:05.154404+00:00
18137,my main impression of this television set comes from the panel lighting: it has become increasingly unreliable when someone else in the house used it. i tried the same thing again later and got a similar result. this is damn annoying.,negative,television,negative,television,0.9999880790710449,0.9995274543762207,True,True,informal,1,0,0,0,long,0,0,2026-08-16T19:00:32Z,2026-08-16T19:20:05.154404+00:00
18138,"i did not pay much attention to the battery life at first, but after coming back to it after a few days it works normally. i tried the same thing again later and got a similar result.",neutral,smartphone,neutral,smartphone,0.9999324083328247,0.9991588592529297,True,True,informal,0,0,1,0,long,0,0,2026-08-16T19:00:32Z,2026-08-16T19:20:05.154404+00:00
18139,"tbh, outside my normal routine, i noticed that the panel lighting on this set has become unreliable. someone else in the house noticed it too. i would not rely on it. Honestly 🔥",negative,television,negative,television,0.9999713897705078,0.8685184717178345,True,True,limited,0,1,0,1,medium,0,0,2026-08-16T19:00:32Z,2026-08-16T19:20:05.154404+00:00
18140,"i did pay much attention to the door warning at first, but after using it for work and at home it has turned into a recurring problem. i repeated the check before writing this. 👍",negative,refrigerator,negative,refrigerator,0.9979769587516785,0.999769389629364,True,True,limited,0,1,0,0,long,0,0,2026-08-16T19:00:32Z,2026-08-16T19:20:05.154404+00:00
18141,my main impression of this pocket device comes from the it works well even outside my usula routine after changing a few settings. a second check gave me the same result.,positive,smartphone,positive,smartphone,0.9999393224716187,0.9991011619567871,True,True,limited,0,0,1,0,medium,0,0,2026-08-16T19:00:32Z,2026-08-16T19:20:05.154404+00:00
18142,"After repeated use under comparable conditions, my main impression of this video panel comes from the built-in audio: it has stayed dependable when someone else in the house used it. the difference became clearer after a few more days. I expected some crap here, but it has actually held up.",positive,television,positive,television,0.9999446868896484,0.9996180534362793,True,True,technical,1,0,0,0,long,0,0,2026-08-16T19:00:32Z,2026-08-16T19:20:05.154404+00:00
18143,"after changing a few settings, the fill valve has not changed my opinion much. a second check gave me the same result. i don't feel strongly either way.",neutral,washing_machine,neutral,washing_machine,0.9999945163726807,0.9984904527664185,True,True,informal,0,0,0,0,medium,0,1,2026-08-16T19:00:32Z,2026-08-16T19:20:05.154404+00:00
18144,"i have been using this living room display after using it for work and at home, and the video input continues to work without drama. a second check gave me the same result. that the interface breaks down when conditions change, so the experience is not completely one-sided.",positive,television,positive,television,0.999854326248169,0.9994899034500122,True,True,limited,0,0,0,0,long,1,0,2026-08-16T19:00:32Z,2026-08-16T19:20:05.154404+00:00
18145,"i have been using this pocket device after coming back to it after a few days, the fingerprint reader is fine for what it is. the difference became clearer after a few more days. honestly, the damn thing is just average. Honestly 💀",neutral,smartphone,neutral,smartphone,0.9999973773956299,0.9992932081222534,True,True,limited,1,1,0,0,long,0,0,2026-08-16T19:00:32Z,2026-08-16T19:20:05.154404+00:00
18146,"Under a representative operating profile, tbh, i have been using this pocket device after changing a few settings, and the USB port has been a pleasant surprise. someone else in the house noticed it too. The network reception tells a different story because it keeps acting up. 🤔",positive,smartphone,positive,smartphone,0.9999226331710815,0.999265730381012,True,True,technical,0,1,0,1,long,1,1,2026-08-16T19:00:32Z,2026-08-16T19:20:05.154404+00:00
18147,"i have been useing this cold-storage unit after changing a few settings, and the freezer compartment is fine for what it is. the difference became clearer after a few more days. i can live with it. 🤔",neutral,refrigerator,neutral,refrigerator,0.9999934434890747,0.9996886253356934,True,True,limited,0,1,1,0,long,0,0,2026-08-16T19:00:32Z,2026-08-16T19:20:05.154404+00:00
18148,"i did not pay much attention to the controller at first, but after using it for work and home it keeps acting up. a second check gave me the same result. i would not rely on it.",negative,television,negative,television,0.9999743700027466,0.9993646740913391,True,True,limited,0,0,0,0,long,0,0,2026-08-16T19:00:32Z,2026-08-16T19:20:05.154404+00:00
18149,"After repeated use under comparable conditions, my main impression of this machine comes from the soap tray: it works normally after taking it on a trip. I noticed the change only in the new situation. I can live with it. 🤔",neutral,washing_machine,neutral,washing_machine,0.9999855756759644,0.9997135996818542,True,True,technical,0,1,0,0,long,0,0,2026-08-16T19:00:32Z,2026-08-16T19:20:05.154404+00:00
18150,the compressor fan is what stood out after coming back to it after a few days; it works normally. the difference became clearer after a few more days. Honestly 🔥,neutral,refrigerator,neutral,refrigerator,0.9999607801437378,0.9997180104255676,True,True,informal,0,1,0,0,medium,0,0,2026-08-16T19:00:32Z,2026-08-16T19:20:05.154404+00:00
18151,The fill valve is what stood out after a few weeks of mixed use; it is fine for what it is. someone else in the house noticed it too. I do not feel strongly either way.,neutral,washing_machine,neutral,washing_machine,0.9999954700469971,0.9996122717857361,True,True,advanced,0,0,0,0,long,0,1,2026-08-16T19:00:32Z,2026-08-16T19:20:05.154404+00:00
18152,"i did not pay much attention to the video input at first, but after using it for work and at home it continues to work without drama. the difference became clearer after a few more i have stopped worrying about this part of the product. 🤔",positive,television,positive,television,0.9999574422836304,0.999459445476532,True,True,limited,0,1,0,0,long,0,0,2026-08-16T19:00:32Z,2026-08-16T19:20:05.154404+00:00
18153,"Under a representative operating profile, ngl, after coming back to it after a few days, I noticed that the touch panel on this mobile is acceptable but unremarkable. a second check gave me the same result. Honestly, the damn thing is just average.",neutral,smartphone,neutral,smartphone,0.9999988079071045,0.999055802822113,True,True,technical,1,0,0,1,long,0,0,2026-08-16T19:00:32Z,2026-08-16T19:20:05.154404+00:00
18154,My main impression of this living room display comes from the built-in audio: it has become increasingly unreliable after changing a few settings. someone else in the house noticed it too. I am tired of this crap.,negative,television,negative,television,0.9999853372573853,0.9995049238204956,True,True,advanced,1,0,0,0,long,0,0,2026-08-16T19:00:32Z,2026-08-16T19:20:05.154404+00:00
18155,"honestly tho, i did not pay much attention to the battery life at first, but after changing a few settings it feels ordinary after more use. the difference became clearer after a few more days. The damn thing is basically fine. 👍",neutral,smartphone,neutral,smartphone,0.9999971389770508,0.9992844462394714,True,True,standard,1,1,0,1,long,0,0,2026-08-16T19:00:32Z,2026-08-16T19:20:05.154404+00:00
18156,The rinse program is what stood out outside my normal routine; it keeps getting in the way. someone else in the house noticed it too.,negative,washing_machine,negative,washing_machine,0.999940037727356,0.9997110962867737,True,True,advanced,0,0,0,0,medium,0,0,2026-08-16T19:00:32Z,2026-08-16T19:20:05.154404+00:00
18157,"From a practical reliability standpoint, i did not pay much attention to the door warning at first, but when someone else in the house used it it breaks down when conditions change. a second check gave me the same result. I am already looking at alternatives. 😬",negative,refrigerator,negative,refrigerator,0.9999784231185913,0.9997126460075378,True,True,technical,0,1,0,0,long,0,0,2026-08-16T19:00:32Z,2026-08-16T19:20:05.154404+00:00
18158,"after a few weeks of mixed use, the sports motion is fine for what it is.",neutral,television,neutral,television,0.9960319399833679,0.9807078242301941,True,True,informal,0,0,0,0,medium,0,0,2026-08-16T19:00:32Z,2026-08-16T19:20:05.154404+00:00
18159,"Under ordinary operating conditions, the built-in audio is what stood out after a few weeks of mixed use; it remains basically average. I repeated the check before writing this.",neutral,television,neutral,television,0.9999778270721436,0.5052412152290344,True,True,technical,0,0,0,0,medium,0,0,2026-08-16T19:00:32Z,2026-08-16T19:20:05.154404+00:00
18160,"During a heavier-than-usual day, the freezer compartment remains basically average. I noticed the change only in the new situation.",neutral,refrigerator,neutral,refrigerator,0.9999924898147583,0.9994739890098572,True,True,advanced,0,0,0,0,medium,0,0,2026-08-16T19:00:32Z,2026-08-16T19:20:05.154404+00:00
18161,"I have been using this work phone after using it for work and at home, and the fingerprint reader is neither impressive nor bad. I can live with it.",neutral,smartphone,neutral,smartphone,0.9999585151672363,0.9992021918296814,True,True,standard,0,0,0,0,medium,0,0,2026-08-16T19:00:32Z,2026-08-16T19:20:05.154404+00:00
18162,The controller is what stood out after changing a few settings; it is neither impressive nor bad. I do not feel strongly either way. idk.,neutral,television,neutral,television,0.9999955892562866,0.9993953704833984,True,True,advanced,0,0,0,1,medium,0,1,2026-08-16T19:00:32Z,2026-08-16T19:20:05.154404+00:00
18163,"when someone else in the house used it, i noticed that the touch panel on this new phone is neither impressive nor bad. this was different from my first impression.",neutral,smartphone,neutral,smartphone,0.9999501705169678,0.9975778460502625,True,True,limited,0,0,0,0,medium,0,0,2026-08-16T19:00:32Z,2026-08-16T19:20:05.154404+00:00
18164,"I have been using this cell phone after coming back to it after a few days, and the USB port is difficult to trust. I noticed the change only in the new situation. On the other hand, the call quality is neither impressive nor bad, which makes the on balance picture more mixed. not great tbh.",negative,smartphone,negative,smartphone,0.9999790191650391,0.9991703033447266,True,True,advanced,0,0,0,1,long,1,0,2026-08-16T19:00:32Z,2026-08-16T19:20:05.154404+00:00
18165,"tbh, my main imprsesion of this clothes washer ocmes from the drainage motor: it holds up better than expected when someone else in the house used it. this was different from my first impression. I have stopped worrying about this part of the product. Damn, I did not expect this part to be this solid.",positive,washing_machine,positive,washing_machine,0.9999728202819824,0.9996637105941772,True,True,standard,1,0,1,1,long,0,1,2026-08-16T19:00:32Z,2026-08-16T19:20:05.154404+00:00
18166,"After using it for work and at home, I noticed that the video input on this TV set breaks down when conditions change. this was different from my first impression. That said, the wireless connection works normally, so the experience is not completely one-sided.",negative,television,negative,television,0.9999452829360962,0.9994930028915405,True,True,standard,0,0,0,0,long,1,0,2026-08-16T19:00:32Z,2026-08-16T19:20:05.154404+00:00
18167,"Under ordinary operating conditions, i have been useing this machine after changing a few settings, and the spin program remains basically average. I repeated the check before writing this.",neutral,washing_machine,neutral,washing_machine,0.9999721050262451,0.9995856881141663,True,True,technical,0,0,1,0,medium,0,1,2026-08-16T19:00:32Z,2026-08-16T19:20:05.154404+00:00
18168,the door warning is what stood out during a heavier-than-usual day; it is difficult to trust. the behaviro persisted across several attempts. i am considering a replacement.,negative,refrigerator,negative,refrigerator,0.9999731779098511,0.9997625946998596,True,True,informal,0,0,1,0,medium,0,1,2026-08-16T19:00:32Z,2026-08-16T19:20:05.154404+00:00
18169,"Across repeated observations, the sports motion is what stood out after coming back to it after a few days; it has not given me trouble.",positive,television,positive,television,0.9920029640197754,0.9993508458137512,True,True,technical,0,0,0,0,medium,0,0,2026-08-16T19:00:32Z,2026-08-16T19:20:05.154404+00:00
18170,"After repeated use under comparable conditions, after taking it on a trip, the wash drum has been a pleasant surprise. a second check gave me the same result. I would buy it again.",positive,washing_machine,positive,washing_machine,0.9999393224716187,0.9995377063751221,True,True,technical,0,0,0,0,medium,0,0,2026-08-16T19:00:32Z,2026-08-16T19:20:05.154404+00:00
18171,"outside my normal routine, i noticed that the drainage motor on this clothes washer has not changed my opinion much. this was different from my first impression. there is not much else to say.",neutral,washing_machine,neutral,washing_machine,0.9999936819076538,0.9995777010917664,True,True,informal,0,0,0,0,long,0,1,2026-08-16T19:00:32Z,2026-08-16T19:20:05.154404+00:00
18172,"i have been using this bedroom tv after changing a few settings, and the controller keeps acting up. i repeated the check before writing this.",negative,television,negative,television,0.9964141845703125,0.9991430044174194,True,True,informal,0,0,0,0,medium,0,0,2026-08-16T19:00:32Z,2026-08-16T19:20:05.154404+00:00
18173,"Across repeated observations, outside my normal routine, I noticed that the ice system on this main fridge works normally. I repeated the check before writing this. Honestly, the damn thing is just average. for real. 💀",neutral,refrigerator,neutral,refrigerator,0.9999867677688599,0.9996817111968994,True,True,technical,1,1,0,1,long,0,0,2026-08-16T19:00:32Z,2026-08-16T19:20:05.154404+00:00
18174,"I did not pay much attention to the sports motion at first, but when someone else in the house used it it has become increasingly unreliable. I would not rely on it.",negative,television,negative,television,0.9999445676803589,0.9991845488548279,True,True,advanced,0,0,0,0,medium,0,0,2026-08-16T19:00:32Z,2026-08-16T19:20:05.154404+00:00
18175,"Across repeated observations, not gonna lie, i have been using this TV set after using it for work and at home, and the interface breaks down when conditions change. this was different from my first impression. I am already looking at alternatives.",negative,television,negative,television,0.9999634027481079,0.9994258880615234,True,True,technical,0,0,0,1,long,0,0,2026-08-16T19:00:32Z,2026-08-16T19:20:05.154404+00:00
18176,"Across repeated observations, fr, after using it for work and at home, the cooling motor has not given me rtouble.",positive,refrigerator,positive,refrigerator,0.8669601082801819,0.9244659543037415,True,True,technical,0,0,1,1,medium,0,0,2026-08-16T19:00:32Z,2026-08-16T19:20:05.154404+00:00
18177,"ngl, i did not pay much attention to the usb port at first, but after using it for work and at home it remains basically average. the behavior persisted across several attempts.",neutral,smartphone,neutral,smartphone,0.9999862909317017,0.9992491602897644,True,True,informal,0,0,0,1,medium,0,1,2026-08-16T19:00:32Z,2026-08-16T19:20:05.154404+00:00
18178,my main impression of this daily comes from the touch panel: it keeps getting in the way outside my normal routine. this needs to improve. the call quality tells a idfferent story because it is acceptable but unremarkable.,negative,smartphone,negative,smartphone,0.9999783039093018,0.9990718364715576,True,True,limited,0,0,1,0,long,1,0,2026-08-16T19:00:32Z,2026-08-16T19:20:05.154404+00:00
18179,"The batery life is what stood out during a heavier-than-usual day; it works well even outside my usual routine. on balance I am happy with it. On the other hand, the network reception does the job, which makes the on balance picture more mixed.",positive,smartphone,positive,smartphone,0.9998725652694702,0.999169111251831,True,True,advanced,0,0,1,0,long,1,0,2026-08-16T19:00:32Z,2026-08-16T19:20:05.154404+00:00
18180,"Across repeated observations, i have been using this mobile after changing a few settings, and the rear camera does the job. someone else in the house noticed it too.",neutral,smartphone,neutral,smartphone,0.9999043941497803,0.9991515874862671,True,True,technical,0,0,0,0,medium,0,0,2026-08-16T19:00:32Z,2026-08-16T19:20:05.154404+00:00
