ID,text,expected_sentiment,expected_topic,predicted_sentiment,predicted_topic,sentiment_confidence,topic_confidence,sentiment_correct,topic_correct,linguistic_level,flagprofanity,goldtest,input_timestamp,model_timestamp
7201,A later check showed that the touch panel in the cell phone behaves like a normal unit; the change appeared in a new situation. the damn thing is basically average.,neutral,smartphone,neutral,smartphone,0.9999997019767761,0.9999883770942688,True,True,standard,1,0,2026-08-15T18:47:12Z,2026-08-15T20:09:20.502998+00:00
7202,A later check showed that the gasket in the cold storage unit behaves like a normal unit; I checked it again before writing this.,neutral,refrigerator,neutral,refrigerator,0.9998905062675476,0.9999300837516785,True,True,standard,0,0,2026-08-15T18:47:12Z,2026-08-15T20:09:20.502998+00:00
7203,used television set today built in audio is surprisingly dependable damn this is good,positive,television,positive,television,0.9999886155128479,0.9999410510063171,True,True,limited,1,0,2026-08-15T18:47:12Z,2026-08-15T20:09:20.502998+00:00
7204,"After changing settings, I noticed that the food cooler gasket is surprisingly dependable; the behavior persisted across repeated attempts. good as hell.",positive,refrigerator,positive,refrigerator,0.9999837279319763,0.9999436736106873,True,True,standard,1,0,2026-08-15T18:47:12Z,2026-08-15T20:09:20.502998+00:00
7205,"Across a shifted usage regime, the observed behavior of the mobile rear lens is neither impressive nor bad; this was not part of my first impression.",neutral,smartphone,neutral,smartphone,0.9998897910118103,0.9999427199363708,True,True,technical,0,1,2026-08-15T18:47:12Z,2026-08-15T20:09:20.502998+00:00
7206,My subsequent experience changed the initial impression because the pocket device touch panel is increasingly unreliable; the behavior persisted across repeated attempts. the damn thing keeps causing trouble.,negative,smartphone,negative,smartphone,0.9999807476997375,0.9999833703041077,True,True,advanced,1,0,2026-08-15T18:47:12Z,2026-08-15T20:09:20.502998+00:00
7207,A later check showed that the touch panel in the cell phone still performs well under different use; the change appeared in a new situation.,positive,smartphone,positive,smartphone,0.9999071955680847,0.9999515414237976,True,True,standard,0,0,2026-08-15T18:47:12Z,2026-08-15T20:09:20.502998+00:00
7208,"Viewed across several different situations, the drainage motor of the front loader is surprisingly dependable; the change appeared in a new situation. damn this is good.",positive,washing_machine,positive,washing_machine,0.9999975562095642,0.9999502301216125,True,True,advanced,1,0,2026-08-15T18:47:12Z,2026-08-15T20:09:20.502998+00:00
7209,"Viewed across several different situations, the picture panel of the television set behaves like a normal unit; the behavior persisted across repeated attempts. nothing fucking special.",neutral,television,neutral,television,0.9999964833259583,0.9999127984046936,True,True,advanced,1,0,2026-08-15T18:47:12Z,2026-08-15T20:09:20.502998+00:00
7210,quick update the spin program on my front loader remains basically average plain as shit,neutral,washing_machine,neutral,washing_machine,0.9999993443489075,0.9998359680175781,True,True,informal,1,1,2026-08-15T18:47:12Z,2026-08-15T20:09:20.502998+00:00
7211,not gonna overthink it the screen unit controller is neither impressive nor bad,neutral,television,neutral,television,0.9979959726333618,0.9964052438735962,True,True,informal,0,1,2026-08-15T18:47:12Z,2026-08-15T20:09:20.502998+00:00
7212,got this cold storage unit compressor now has not let me down this thing is fucking impressive,positive,refrigerator,positive,refrigerator,0.9999787211418152,0.999930202960968,True,True,limited,1,0,2026-08-15T18:47:12Z,2026-08-15T20:09:20.502998+00:00
7213,"Viewed across several different situations, the soap tray of the clothes washer has turned into a recurring problem; the behavior persisted across repeated attempts.",negative,washing_machine,negative,washing_machine,0.9999552369117737,0.9998607635498047,True,True,advanced,0,1,2026-08-15T18:47:12Z,2026-08-15T20:09:20.502998+00:00
7214,"Under conditions outside the original usage profile, the gasket subsystem of the cold storage unit remains better than I expected; this was not part of my first impression. good as hell.",positive,refrigerator,positive,refrigerator,0.9999960064888,0.9999529719352722,True,True,technical,1,0,2026-08-15T18:47:12Z,2026-08-15T20:09:20.502998+00:00
7215,quick update the controller on my screen unit fails under ordinary use the damn thing keeps causing trouble,negative,television,negative,television,0.9999836087226868,0.9997408390045166,True,True,informal,1,1,2026-08-15T18:47:12Z,2026-08-15T20:09:20.502998+00:00
7216,"Viewed across several different situations, the drainage motor of the wash unit remains better than I expected; I checked it again before writing this.",positive,washing_machine,positive,washing_machine,0.9998643398284912,0.9997560977935791,True,True,advanced,0,1,2026-08-15T18:47:12Z,2026-08-15T20:09:20.502998+00:00
7217,used kitchen fridge today compressor fan has into a recurring problem,negative,refrigerator,negative,refrigerator,0.9990147352218628,0.9998502731323242,True,True,limited,0,0,2026-08-15T18:47:12Z,2026-08-15T20:09:20.502998+00:00
7218,My subsequent experience changed the initial impression because the video panel built in audio is increasingly unreliable; this was not part of my first impression.,negative,television,negative,television,0.9877292513847351,0.999565839767456,True,True,advanced,0,1,2026-08-15T18:47:12Z,2026-08-15T20:09:20.502998+00:00
7219,got this mobile usb port now has not let me down good as hell,positive,smartphone,positive,smartphone,0.9999961256980896,0.99991375207901,True,True,limited,1,0,2026-08-15T18:47:12Z,2026-08-15T20:09:20.502998+00:00
7220,"After a trip, I noticed that the kitchen fridge compressor fan behaves like a normal unit; I checked it again before writing this.",neutral,refrigerator,neutral,refrigerator,0.9999019503593445,0.9999322295188904,True,True,standard,0,0,2026-08-15T18:47:12Z,2026-08-15T20:09:20.502998+00:00
7221,My subsequent experience changed the initial impression because the kitchen fridge gasket has not let me down; the change appeared in a new situation.,positive,refrigerator,positive,refrigerator,0.999821662902832,0.9999135136604309,True,True,advanced,0,0,2026-08-15T18:47:12Z,2026-08-15T20:09:20.502998+00:00
7222,"After a trip, I noticed that the mobile power cell shows no meaningful change; the behavior persisted across repeated attempts. plain as shit.",neutral,smartphone,neutral,smartphone,0.9999998211860657,0.9999720454216003,True,True,standard,1,0,2026-08-15T18:47:12Z,2026-08-15T20:09:20.502998+00:00
7223,"Viewed across several different situations, the power cell of the pocket device behaves like a normal unit; I checked it again before writing this. nothing fucking special.",neutral,smartphone,neutral,smartphone,0.9999976754188538,0.9999869465827942,True,True,advanced,1,0,2026-08-15T18:47:12Z,2026-08-15T20:09:20.502998+00:00
7224,"Across a shifted usage regime, the observed behavior of the kitchen fridge gasket is surprisingly dependable; I checked it again before writing this.",positive,refrigerator,positive,refrigerator,0.9984028339385986,0.9999014735221863,True,True,technical,0,0,2026-08-15T18:47:12Z,2026-08-15T20:09:20.502998+00:00
7225,used television set today picture panel is increasingly unreliable,negative,television,negative,television,0.9983971118927002,0.9996311068534851,True,True,limited,0,0,2026-08-15T18:47:12Z,2026-08-15T20:09:20.502998+00:00
7226,quick update the picture panel on my screen unit remains better than i expected damn this is good,positive,television,positive,television,0.9999987483024597,0.9999220967292786,True,True,informal,1,0,2026-08-15T18:47:12Z,2026-08-15T20:09:20.502998+00:00
7227,"Across a shifted usage regime, the observed behavior of the television set picture panel has turned into a recurring problem; the change appeared in a new situation.",negative,television,negative,television,0.9999385476112366,0.9998188018798828,True,True,technical,0,0,2026-08-15T18:47:12Z,2026-08-15T20:09:20.502998+00:00
7228,quick update the soap tray on my wash unit still performs well under different use,positive,washing_machine,positive,washing_machine,0.9995848536491394,0.9983770251274109,True,True,informal,0,0,2026-08-15T18:47:12Z,2026-08-15T20:09:20.502998+00:00
7229,not gonna overthink it the video panel picture panel is increasingly unreliable,negative,television,negative,television,0.9996492266654968,0.6086326241493225,True,True,informal,0,0,2026-08-15T18:47:12Z,2026-08-15T20:09:20.502998+00:00
7230,got this kitchen fridge ice tray system now is increasingly unreliable,negative,refrigerator,negative,refrigerator,0.9990480542182922,0.9998424053192139,True,True,limited,0,0,2026-08-15T18:47:12Z,2026-08-15T20:09:20.502998+00:00
7231,My subsequent experience changed the initial impression because the front loader soap tray remains basically average; this was not part of my first impression.,neutral,washing_machine,neutral,washing_machine,0.9999977946281433,0.9998512268066406,True,True,advanced,0,0,2026-08-15T18:47:12Z,2026-08-15T20:09:20.502998+00:00
7232,"Viewed across several different situations, the built in audio of the screen unit breaks down when conditions change; I checked it again before writing this.",negative,television,negative,television,0.9995192289352417,0.9999298453330994,True,True,advanced,0,0,2026-08-15T18:47:12Z,2026-08-15T20:09:20.502998+00:00
7233,"Under conditions outside the original usage profile, the controller subsystem of the screen unit fails under ordinary use; the change appeared in a new situation. this is fucking annoying.",negative,television,negative,television,0.9999372363090515,0.9999399781227112,True,True,technical,1,1,2026-08-15T18:47:12Z,2026-08-15T20:09:20.502998+00:00
7234,"During a heavy day of use, I noticed that the video panel picture panel has not let me down; this was not part of my first impression.",positive,television,positive,television,0.9999375939369202,0.9995927214622498,True,True,standard,0,0,2026-08-15T18:47:12Z,2026-08-15T20:09:20.502998+00:00
7235,quick update the picture panel on my video panel still performs well under different use,positive,television,positive,television,0.9987782835960388,0.9769734144210815,True,True,informal,0,0,2026-08-15T18:47:12Z,2026-08-15T20:09:20.502998+00:00
7236,My subsequent experience changed the initial impression because the kitchen fridge compressor fan behaves like a normal unit; I checked it again before writing this.,neutral,refrigerator,neutral,refrigerator,0.9999968409538269,0.9999319911003113,True,True,advanced,0,0,2026-08-15T18:47:12Z,2026-08-15T20:09:20.502998+00:00
7237,A later check showed that the spin program in the front loader is increasingly unreliable; this was not part of my first impression.,negative,washing_machine,negative,washing_machine,0.9991059899330139,0.9998804926872253,True,True,standard,0,1,2026-08-15T18:47:12Z,2026-08-15T20:09:20.502998+00:00
7238,A later check showed that the built in audio in the screen unit is increasingly unreliable; I checked it again before writing this.,negative,television,negative,television,0.9996909499168396,0.9999260306358337,True,True,standard,0,0,2026-08-15T18:47:12Z,2026-08-15T20:09:20.502998+00:00
7239,not gonna overthink it the front loader drainage motor remains basically average,neutral,washing_machine,neutral,washing_machine,0.9974658489227295,0.9963712692260742,True,True,informal,0,0,2026-08-15T18:47:12Z,2026-08-15T20:09:20.502998+00:00
7240,"Viewed across several different situations, the usb port of the pocket device still performs well under different use; this was not part of my first impression. this thing is fucking impressive.",positive,smartphone,positive,smartphone,0.9999863505363464,0.9999851584434509,True,True,advanced,1,0,2026-08-15T18:47:12Z,2026-08-15T20:09:20.502998+00:00
7241,"Across a shifted usage regime, the observed behavior of the front loader soap tray remains better than I expected; the behavior persisted across repeated attempts.",positive,washing_machine,positive,washing_machine,0.9998857378959656,0.9998769760131836,True,True,technical,0,0,2026-08-15T18:47:12Z,2026-08-15T20:09:20.502998+00:00
7242,"Across a shifted usage regime, the observed behavior of the cell phone usb port remains better than I expected; the change appeared in a new situation.",positive,smartphone,positive,smartphone,0.9999495148658752,0.999967634677887,True,True,technical,0,0,2026-08-15T18:47:12Z,2026-08-15T20:09:20.502998+00:00
7243,not gonna overthink it the clothes washer drainage motor remains better than i expected this thing is fucking impressive,positive,washing_machine,positive,washing_machine,0.9999831318855286,0.9998834729194641,True,True,informal,1,0,2026-08-15T18:47:12Z,2026-08-15T20:09:20.502998+00:00
7244,used cell phone today rear lens has turned into a recurring problem,negative,smartphone,negative,smartphone,0.9996928572654724,0.9998154640197754,True,True,limited,0,0,2026-08-15T18:47:12Z,2026-08-15T20:09:20.502998+00:00
7245,A later check showed that the soap tray in the clothes washer is surprisingly dependable; this was not part of my first impression.,positive,washing_machine,positive,washing_machine,0.9997183084487915,0.9998800158500671,True,True,standard,0,0,2026-08-15T18:47:12Z,2026-08-15T20:09:20.502998+00:00
7246,used kitchen fridge today thermostat is surprisingly dependable,positive,refrigerator,positive,refrigerator,0.9152436256408691,0.9978278279304504,True,True,limited,0,0,2026-08-15T18:47:12Z,2026-08-15T20:09:20.502998+00:00
7247,quick update the usb port on my mobile is increasingly unreliable,negative,smartphone,negative,smartphone,0.9987801909446716,0.9995131492614746,True,True,informal,0,1,2026-08-15T18:47:12Z,2026-08-15T20:09:20.502998+00:00
7248,"Under conditions outside the original usage profile, the video input subsystem of the television set fails under ordinary use; the behavior persisted across repeated attempts.",negative,television,negative,television,0.9997148513793945,0.9999164938926697,True,True,technical,0,0,2026-08-15T18:47:12Z,2026-08-15T20:09:20.502998+00:00
7249,used mobile today lens has not let me down good as hell,positive,smartphone,positive,smartphone,0.999992311000824,0.9977491497993469,True,True,limited,1,0,2026-08-15T18:47:12Z,2026-08-15T20:09:20.502998+00:00
7250,"Under conditions outside the original usage profile, the controller subsystem of the video panel shows no meaningful change; I checked it again before writing this.",neutral,television,neutral,television,0.9998512268066406,0.9997706413269043,True,True,technical,0,1,2026-08-15T18:47:12Z,2026-08-15T20:09:20.502998+00:00
7251,"Outside my usual routine, I noticed that the television set picture panel fails under ordinary use; the change appeared in a new situation.",negative,television,negative,television,0.999114990234375,0.9998457431793213,True,True,standard,0,1,2026-08-15T18:47:12Z,2026-08-15T20:09:20.502998+00:00
7252,used clothes washer today spin program behaves like normal unit,neutral,washing_machine,neutral,washing_machine,0.9989161491394043,0.9995245933532715,True,True,limited,0,0,2026-08-15T18:47:12Z,2026-08-15T20:09:20.502998+00:00
7253,got this clothes washer spin program now is surprisingly dependable,positive,washing_machine,positive,washing_machine,0.9963459968566895,0.9996992349624634,True,True,limited,0,0,2026-08-15T18:47:12Z,2026-08-15T20:09:20.502998+00:00
7254,"Across a shifted usage regime, the observed behavior of the screen unit built in audio has not let me down; this was not part of my first impression.",positive,television,positive,television,0.9999582171440125,0.9998440742492676,True,True,technical,0,1,2026-08-15T18:47:12Z,2026-08-15T20:09:20.502998+00:00
7255,"Viewed across several different situations, the compressor fan of the cold storage unit is increasingly unreliable; I checked it again before writing this.",negative,refrigerator,negative,refrigerator,0.999937117099762,0.9999317526817322,True,True,advanced,0,0,2026-08-15T18:47:12Z,2026-08-15T20:09:20.502998+00:00
7256,"Viewed across several different situations, the built in audio of the screen unit is increasingly unreliable; I checked it again before writing this.",negative,television,negative,television,0.9998495578765869,0.9999237656593323,True,True,advanced,0,0,2026-08-15T18:47:12Z,2026-08-15T20:09:20.502998+00:00
7257,A later check showed that the spin program in the wash unit has turned into a recurring problem; I checked it again before writing this.,negative,washing_machine,negative,washing_machine,0.9999738335609436,0.999866247177124,True,True,standard,0,0,2026-08-15T18:47:12Z,2026-08-15T20:09:20.502998+00:00
7258,"After changing settings, I noticed that the screen unit video input fails under ordinary use; the behavior persisted across repeated attempts.",negative,television,negative,television,0.9999462962150574,0.9999027848243713,True,True,standard,0,0,2026-08-15T18:47:12Z,2026-08-15T20:09:20.502998+00:00
7259,"During a heavy day of use, I noticed that the television set controller is neither impressive nor bad; the behavior persisted across repeated attempts.",neutral,television,neutral,television,0.999916136264801,0.999902069568634,True,True,standard,0,0,2026-08-15T18:47:12Z,2026-08-15T20:09:20.502998+00:00
7260,"Viewed across several different situations, the video input of the video panel still performs well under different use; I checked it again before writing this.",positive,television,positive,television,0.9997875690460205,0.9999415278434753,True,True,advanced,0,0,2026-08-15T18:47:12Z,2026-08-15T20:09:20.502998+00:00
7261,"Across a shifted usage regime, the observed behavior of the pocket device rear lens shows no meaningful change; the change appeared in a new situation.",neutral,smartphone,neutral,smartphone,0.999992311000824,0.9970514178276062,True,True,technical,0,0,2026-08-15T18:47:12Z,2026-08-15T20:09:20.502998+00:00
7262,quick update the soap tray on my wash unit has not let me down,positive,washing_machine,positive,washing_machine,0.9992405772209167,0.9976725578308105,True,True,informal,0,0,2026-08-15T18:47:12Z,2026-08-15T20:09:20.502998+00:00
7263,quick update the rear lens on my pocket device remains basically average the damn thing is basically average,neutral,smartphone,neutral,smartphone,0.9999995827674866,0.9999873042106628,True,True,informal,1,0,2026-08-15T18:47:12Z,2026-08-15T20:09:20.502998+00:00
7264,quick update the fill valve on my front loader is surprisingly dependable good as hell,positive,washing_machine,positive,washing_machine,0.9999834895133972,0.9997584819793701,True,True,informal,1,0,2026-08-15T18:47:12Z,2026-08-15T20:09:20.502998+00:00
7265,not gonna overthink it the cold storage unit ice tray system remains basically average,neutral,refrigerator,neutral,refrigerator,0.9992477297782898,0.9997937679290771,True,True,informal,0,0,2026-08-15T18:47:12Z,2026-08-15T20:09:20.502998+00:00
7266,My subsequent experience changed the initial impression because the cold storage unit gasket still performs well under different use; the behavior persisted across repeated attempts.,positive,refrigerator,positive,refrigerator,0.9998109340667725,0.9998977780342102,True,True,advanced,0,0,2026-08-15T18:47:12Z,2026-08-15T20:09:20.502998+00:00
7267,"Viewed across several different situations, the video input of the video panel has not let me down; the behavior persisted across repeated attempts.",positive,television,positive,television,0.9986768960952759,0.999891459941864,True,True,advanced,0,0,2026-08-15T18:47:12Z,2026-08-15T20:09:20.502998+00:00
7268,A later check showed that the rear lens in the cell phone has turned into a recurring problem; the behavior persisted across repeated attempts.,negative,smartphone,negative,smartphone,0.999944269657135,0.9999746680259705,True,True,standard,0,0,2026-08-15T18:47:12Z,2026-08-15T20:09:20.502998+00:00
7269,got this pocket device usb port now is neither impressive nor bad,neutral,smartphone,neutral,smartphone,0.9973104000091553,0.9996854662895203,True,True,limited,0,0,2026-08-15T18:47:12Z,2026-08-15T20:09:20.502998+00:00
7270,used clothes washer today soap tray still performs well under different use damn this is good,positive,washing_machine,positive,washing_machine,0.9999976754188538,0.9999119639396667,True,True,limited,1,0,2026-08-15T18:47:12Z,2026-08-15T20:09:20.502998+00:00
7271,"Across a shifted usage regime, the observed behavior of the wash unit soap tray remains basically average; this was not part of my first impression.",neutral,washing_machine,neutral,washing_machine,0.9999850392341614,0.9998738765716553,True,True,technical,0,0,2026-08-15T18:47:12Z,2026-08-15T20:09:20.502998+00:00
7272,used television set today video input remains better than i expected,positive,television,positive,television,0.9996089339256287,0.9999303221702576,True,True,limited,0,1,2026-08-15T18:47:12Z,2026-08-15T20:09:20.502998+00:00
7273,A later check showed that the fill valve in the wash unit behaves like a normal unit; the change appeared in a new situation.,neutral,washing_machine,neutral,washing_machine,0.9999935030937195,0.9998481273651123,True,True,standard,0,0,2026-08-15T18:47:12Z,2026-08-15T20:09:20.502998+00:00
7274,not gonna overthink it the television set video input is neither impressive nor bad,neutral,television,neutral,television,0.9997437000274658,0.9999194741249084,True,True,informal,0,0,2026-08-15T18:47:12Z,2026-08-15T20:09:20.502998+00:00
7275,A later check showed that the rear lens in the mobile remains better than I expected; the change appeared in a new situation. damn this is good.,positive,smartphone,positive,smartphone,0.9999974370002747,0.9999929070472717,True,True,standard,1,1,2026-08-15T18:47:12Z,2026-08-15T20:09:20.502998+00:00
7276,not gonna overthink it the television set picture panel shows no meaningful change,neutral,television,neutral,television,0.9989989995956421,0.9996194243431091,True,True,informal,0,0,2026-08-15T18:47:12Z,2026-08-15T20:09:20.502998+00:00
7277,used television set today controller shows no meaningful change,neutral,television,neutral,television,0.9994612336158752,0.9994569420814514,True,True,limited,0,0,2026-08-15T18:47:12Z,2026-08-15T20:09:20.502998+00:00
7278,A later check showed that the soap tray in the front loader fails under ordinary use; this was not part of my first impression. the damn thing keeps causing trouble.,negative,washing_machine,negative,washing_machine,0.9999725222587585,0.9999355673789978,True,True,standard,1,0,2026-08-15T18:47:12Z,2026-08-15T20:09:20.502998+00:00
7279,got screen unit video input now is neither impressive nor bad,neutral,television,neutral,television,0.998409628868103,0.9998161792755127,True,True,limited,0,0,2026-08-15T18:47:12Z,2026-08-15T20:09:20.502998+00:00
7280,"Under conditions outside the original usage profile, the video input subsystem of the video panel remains basically average; the behavior persisted across repeated attempts.",neutral,television,neutral,television,0.9999410510063171,0.9998840689659119,True,True,technical,0,1,2026-08-15T18:47:12Z,2026-08-15T20:09:20.502998+00:00
7281,"Viewed across several different situations, the rear lens of the mobile behaves like a normal unit; the behavior persisted across repeated attempts.",neutral,smartphone,neutral,smartphone,0.9971627593040466,0.999947726726532,True,True,advanced,0,0,2026-08-15T18:47:12Z,2026-08-15T20:09:20.502998+00:00
7282,"Across a shifted usage regime, the observed behavior of the video panel controller is increasingly unreliable; this was not part of my first impression.",negative,television,negative,smartphone,0.9997259378433228,0.8287755846977234,True,False,technical,0,0,2026-08-15T18:47:12Z,2026-08-15T20:09:20.502998+00:00
7283,got this cold storage unit compressor fan now breaks down when conditions change,negative,refrigerator,negative,refrigerator,0.9974282383918762,0.99985671043396,True,True,limited,0,0,2026-08-15T18:47:12Z,2026-08-15T20:09:20.502998+00:00
7284,A later check showed that the gasket in the cold storage unit behaves like a normal unit; the behavior persisted across repeated attempts.,neutral,refrigerator,neutral,refrigerator,0.9998667240142822,0.9999036192893982,True,True,standard,0,0,2026-08-15T18:47:12Z,2026-08-15T20:09:20.502998+00:00
7285,"During a heavy day of use, I noticed that the cell phone power cell still performs well under different use; the change appeared in a new situation.",positive,smartphone,positive,smartphone,0.9999545216560364,0.9999832510948181,True,True,standard,0,0,2026-08-15T18:47:12Z,2026-08-15T20:09:20.502998+00:00
7286,"Under conditions outside the original usage profile, the power cell subsystem of the pocket device remains basically average; the behavior persisted across repeated attempts.",neutral,smartphone,neutral,smartphone,0.9999693036079407,0.9999578595161438,True,True,technical,0,0,2026-08-15T18:47:12Z,2026-08-15T20:09:20.502998+00:00
7287,used video panel today picture panel under ordinary use,negative,television,negative,television,0.987906277179718,0.9930455684661865,True,True,limited,0,0,2026-08-15T18:47:12Z,2026-08-15T20:09:20.502998+00:00
7288,got this cold storage unit gasket now fails under ordinary use,negative,refrigerator,negative,refrigerator,0.9979526400566101,0.9977961182594299,True,True,limited,0,0,2026-08-15T18:47:12Z,2026-08-15T20:09:20.502998+00:00
7289,got this cell phone usb now behaves like a normal unit,neutral,smartphone,neutral,smartphone,0.9814010858535767,0.9995054602622986,True,True,limited,0,0,2026-08-15T18:47:12Z,2026-08-15T20:09:20.502998+00:00
7290,quick update the rear lens on my cell phone is neither impressive nor bad,neutral,smartphone,neutral,smartphone,0.9958412051200867,0.999961793422699,True,True,informal,0,0,2026-08-15T18:47:12Z,2026-08-15T20:09:20.502998+00:00
7291,got this unit drainage motor now breaks down when conditions change the damn thing keeps causing trouble,negative,washing_machine,negative,washing_machine,0.9999884963035583,0.9995891451835632,True,True,limited,1,0,2026-08-15T18:47:12Z,2026-08-15T20:09:20.502998+00:00
7292,got this front loader spin program now neither impressive nor bad,neutral,washing_machine,neutral,washing_machine,0.9946197271347046,0.9992850422859192,True,True,limited,0,0,2026-08-15T18:47:12Z,2026-08-15T20:09:20.502998+00:00
7293,A later check showed that the usb port in the cell phone has turned into a recurring problem; the behavior persisted across repeated attempts.,negative,smartphone,negative,smartphone,0.9999626278877258,0.9999752640724182,True,True,standard,0,1,2026-08-15T18:47:12Z,2026-08-15T20:09:20.502998+00:00
7294,My subsequent experience changed the initial impression because the television set picture panel shows no meaningful change; the change appeared in a new situation. the damn thing is basically average.,neutral,television,neutral,television,0.9999998211860657,0.9999514222145081,True,True,advanced,1,0,2026-08-15T18:47:12Z,2026-08-15T20:09:20.502998+00:00
7295,"During a heavy day of use, I noticed that the cold storage unit thermostat has turned into a recurring problem; this was not part of my first impression.",negative,refrigerator,negative,refrigerator,0.9999471306800842,0.9999122023582458,True,True,standard,0,1,2026-08-15T18:47:12Z,2026-08-15T20:09:20.502998+00:00
7296,quick update the power cell on my cell phone shows no meaningful change nothing fucking special,neutral,smartphone,neutral,smartphone,0.9999918341636658,0.9999772906303406,True,True,informal,1,0,2026-08-15T18:47:12Z,2026-08-15T20:09:20.502998+00:00
7297,used cell phone today power cell remains better than i expected,positive,smartphone,positive,smartphone,0.9996866583824158,0.9998698234558105,True,True,limited,0,1,2026-08-15T18:47:12Z,2026-08-15T20:09:20.502998+00:00
7298,My subsequent experience changed the initial impression because the wash unit spin program is increasingly unreliable; I checked it again before writing this.,negative,washing_machine,negative,washing_machine,0.9993600845336914,0.999830961227417,True,True,advanced,0,0,2026-08-15T18:47:12Z,2026-08-15T20:09:20.502998+00:00
7299,"Under conditions outside the original usage profile, the picture panel subsystem of the television set shows no meaningful change; I checked it again before writing this.",neutral,television,neutral,television,0.9999634623527527,0.9999163746833801,True,True,technical,0,0,2026-08-15T18:47:12Z,2026-08-15T20:09:20.502998+00:00
7300,A later check showed that the soap tray in the wash unit has not let me down; I checked it again before writing this.,positive,washing_machine,positive,washing_machine,0.9996377825737,0.9997434616088867,True,True,standard,0,1,2026-08-15T18:47:12Z,2026-08-15T20:09:20.502998+00:00
7301,not gonna overthink it the screen unit built in audio remains basically average,neutral,television,neutral,television,0.9976699352264404,0.9991008639335632,True,True,informal,0,0,2026-08-15T18:47:12Z,2026-08-15T20:09:20.502998+00:00
7302,"Viewed across several different situations, the ice tray system of the kitchen fridge is increasingly unreliable; the change appeared in a new situation. the damn thing keeps causing trouble.",negative,refrigerator,negative,refrigerator,0.9999915957450867,0.9999430775642395,True,True,advanced,1,0,2026-08-15T18:47:12Z,2026-08-15T20:09:20.502998+00:00
7303,My subsequent experience changed the initial impression because the screen unit video input remains basically average; the change appeared in a new situation.,neutral,television,neutral,television,0.9999988675117493,0.9998988509178162,True,True,advanced,0,0,2026-08-15T18:47:12Z,2026-08-15T20:09:20.502998+00:00
7304,My subsequent experience changed the initial impression because the wash unit spin program behaves like a normal unit; I checked it again before writing this.,neutral,washing_machine,neutral,washing_machine,0.9999976754188538,0.9998669624328613,True,True,advanced,0,0,2026-08-15T18:47:12Z,2026-08-15T20:09:20.502998+00:00
7305,A later check showed that the compressor fan in the cold storage unit still performs well under different use; the behavior persisted across repeated attempts.,positive,refrigerator,positive,refrigerator,0.9997477531433105,0.9999110102653503,True,True,standard,0,0,2026-08-15T18:47:12Z,2026-08-15T20:09:20.502998+00:00
7306,quick update the power cell on my mobile fails under ordinary use,negative,smartphone,negative,smartphone,0.9954079389572144,0.999419093132019,True,True,informal,0,0,2026-08-15T18:47:12Z,2026-08-15T20:09:20.502998+00:00
7307,got this pocket device usb port now remains better than i expected,positive,smartphone,positive,smartphone,0.9998976588249207,0.9995805621147156,True,True,limited,0,0,2026-08-15T18:47:12Z,2026-08-15T20:09:20.502998+00:00
7308,"Viewed across several different situations, the spin program of the wash unit fails under ordinary use; this was not part of my first impression. the damn thing keeps causing trouble.",negative,washing_machine,negative,washing_machine,0.9999857544898987,0.9999373555183411,True,True,advanced,1,0,2026-08-15T18:47:12Z,2026-08-15T20:09:20.502998+00:00
7309,A later check showed that the video input in the screen unit is neither impressive nor bad; the change appeared in a new situation. nothing fucking special.,neutral,television,neutral,television,0.999999463558197,0.9999565482139587,True,True,standard,1,0,2026-08-15T18:47:12Z,2026-08-15T20:09:20.502998+00:00
7310,not gonna overthink it the kitchen fridge thermostat has turned into a recurring problem,negative,refrigerator,negative,refrigerator,0.9998147487640381,0.9998319149017334,True,True,informal,0,0,2026-08-15T18:47:12Z,2026-08-15T20:09:20.502998+00:00
7311,not gonna overthink it the clothes washer fill valve has turned into a recurring problem,negative,washing_machine,negative,washing_machine,0.9992507696151733,0.9995962977409363,True,True,informal,0,0,2026-08-15T18:47:12Z,2026-08-15T20:09:20.502998+00:00
7312,quick update the built in audio on my television set still performs well under different use good as hell,positive,television,positive,television,0.9999964833259583,0.9999470114707947,True,True,informal,1,0,2026-08-15T18:47:12Z,2026-08-15T20:09:20.502998+00:00
7313,"Viewed across several different situations, the power cell of the mobile still performs well under different use; this was not part of my first impression.",positive,smartphone,positive,smartphone,0.9999387860298157,0.9999616742134094,True,True,advanced,0,0,2026-08-15T18:47:12Z,2026-08-15T20:09:20.502998+00:00
7314,A later check showed that the picture panel in the video panel has turned into a recurring problem; I checked it again before writing this. the damn thing keeps causing trouble.,negative,television,negative,television,0.9999969601631165,0.9999479651451111,True,True,standard,1,0,2026-08-15T18:47:12Z,2026-08-15T20:09:20.502998+00:00
7315,quick update the ice tray system on my cold storage unit has turned into a recurring problem,negative,refrigerator,negative,refrigerator,0.9998816847801208,0.9999027848243713,True,True,informal,0,1,2026-08-15T18:47:12Z,2026-08-15T20:09:20.502998+00:00
7316,"After a trip, I noticed that the pocket device power cell breaks down when conditions change; I checked it again before writing this. this shit is frustrating.",negative,smartphone,negative,smartphone,0.9999752640724182,0.9999863505363464,True,True,standard,1,0,2026-08-15T18:47:12Z,2026-08-15T20:09:20.502998+00:00
7317,used wash unit today fill valve remains better than i expected,positive,washing_machine,positive,washing_machine,0.9997295141220093,0.9967394471168518,True,True,limited,0,0,2026-08-15T18:47:12Z,2026-08-15T20:09:20.502998+00:00
7318,"Under conditions outside the original usage profile, the picture panel subsystem of the video panel remains basically average; the behavior persisted across repeated attempts.",neutral,television,neutral,television,0.9998466968536377,0.9983912110328674,True,True,technical,0,0,2026-08-15T18:47:12Z,2026-08-15T20:09:20.502998+00:00
7319,"When another person used it, I noticed that the pocket device power cell still performs well under different use; this was not part of my first impression.",positive,smartphone,positive,smartphone,0.9999706149101257,0.9999707341194153,True,True,standard,0,0,2026-08-15T18:47:12Z,2026-08-15T20:09:20.502998+00:00
7320,quick update the touch panel on my cell phone is increasingly unreliable,negative,smartphone,negative,smartphone,0.997643768787384,0.9998748302459717,True,True,informal,0,0,2026-08-15T18:47:12Z,2026-08-15T20:09:20.502998+00:00
7321,quick update the gasket on my cold storage unit still performs well under different use,positive,refrigerator,positive,refrigerator,0.9997520446777344,0.9997601509094238,True,True,informal,0,0,2026-08-15T18:47:12Z,2026-08-15T20:09:20.502998+00:00
7322,"Viewed across several different situations, the soap tray of the wash unit breaks down when conditions change; this was not part of my first impression.",negative,washing_machine,negative,washing_machine,0.999157190322876,0.9998118877410889,True,True,advanced,0,0,2026-08-15T18:47:12Z,2026-08-15T20:09:20.502998+00:00
7323,A later check showed that the power cell in the mobile behaves like a normal unit; the behavior persisted across repeated attempts.,neutral,smartphone,neutral,smartphone,0.9999553561210632,0.9999447464942932,True,True,standard,0,0,2026-08-15T18:47:12Z,2026-08-15T20:09:20.502998+00:00
7324,"Across a shifted usage regime, the observed behavior of the front loader drainage motor remains basically average; the change appeared in a new situation.",neutral,washing_machine,neutral,washing_machine,0.9999906420707703,0.9998822808265686,True,True,technical,0,0,2026-08-15T18:47:12Z,2026-08-15T20:09:20.502998+00:00
7325,used mobile today usb port fails ordinary use,negative,smartphone,negative,smartphone,0.9958006143569946,0.9671054482460022,True,True,limited,0,0,2026-08-15T18:47:12Z,2026-08-15T20:09:20.502998+00:00
7326,"Under conditions outside the original usage profile, the thermostat subsystem of the kitchen fridge breaks down when conditions change; the change appeared in a new situation.",negative,refrigerator,negative,refrigerator,0.998539388179779,0.9999158978462219,True,True,technical,0,1,2026-08-15T18:47:12Z,2026-08-15T20:09:20.502998+00:00
7327,My subsequent experience changed the initial impression because the wash unit drainage motor remains better than I expected; the change appeared in a new situation.,positive,washing_machine,positive,washing_machine,0.9998571872711182,0.9998538494110107,True,True,advanced,0,0,2026-08-15T18:47:12Z,2026-08-15T20:09:20.502998+00:00
7328,"After a trip, I noticed that the video panel video input behaves like a normal unit; this was not part of my first impression.",neutral,television,neutral,television,0.9997495412826538,0.9998624324798584,True,True,standard,0,0,2026-08-15T18:47:12Z,2026-08-15T20:09:20.502998+00:00
7329,got this pocket device usb now breaks down when conditions change,negative,smartphone,negative,smartphone,0.9976442456245422,0.9891288876533508,True,True,limited,0,0,2026-08-15T18:47:12Z,2026-08-15T20:09:20.502998+00:00
7330,got this front loader spin program now is surprisingly dependable,positive,washing_machine,positive,washing_machine,0.9945528507232666,0.9994420409202576,True,True,limited,0,0,2026-08-15T18:47:12Z,2026-08-15T20:09:20.502998+00:00
7331,My subsequent experience changed the initial impression because the television set picture panel breaks down when conditions change; this was not part of my first impression.,negative,television,negative,television,0.8547012805938721,0.999871015548706,True,True,advanced,0,0,2026-08-15T18:47:12Z,2026-08-15T20:09:20.502998+00:00
7332,My subsequent experience changed the initial impression because the wash unit spin program remains better than I expected; the change appeared in a new situation.,positive,washing_machine,positive,washing_machine,0.9998636245727539,0.9998753070831299,True,True,advanced,0,1,2026-08-15T18:47:12Z,2026-08-15T20:09:20.502998+00:00
7333,"Across a shifted usage regime, the observed behavior of the wash unit spin program has turned into a recurring problem; I checked it again before writing this.",negative,washing_machine,negative,washing_machine,0.9999809861183167,0.9998913407325745,True,True,technical,0,0,2026-08-15T18:47:12Z,2026-08-15T20:09:20.502998+00:00
7334,"Viewed across several different situations, the rear lens of the cell phone fails under ordinary use; this was not part of my first impression.",negative,smartphone,negative,smartphone,0.9987146258354187,0.9999659657478333,True,True,advanced,0,0,2026-08-15T18:47:12Z,2026-08-15T20:09:20.502998+00:00
7335,got this television set built in audio now remains better than i expected,positive,television,positive,television,0.999968945980072,0.9998956322669983,True,True,limited,0,0,2026-08-15T18:47:12Z,2026-08-15T20:09:20.502998+00:00
7336,"Viewed across several different situations, the built in audio of the television set has not let me down; I checked it again before writing this.",positive,television,positive,television,0.9997247457504272,0.9999379515647888,True,True,advanced,0,0,2026-08-15T18:47:12Z,2026-08-15T20:09:20.502998+00:00
7337,used kitchen fridge today gasket breaks down when conditions change,negative,refrigerator,negative,refrigerator,0.9921101331710815,0.9995512962341309,True,True,limited,0,0,2026-08-15T18:47:12Z,2026-08-15T20:09:20.502998+00:00
7338,not gonna overthink it the front loader fill valve is neither impressive nor bad,neutral,washing_machine,neutral,washing_machine,0.9986265301704407,0.9957934617996216,True,True,informal,0,0,2026-08-15T18:47:12Z,2026-08-15T20:09:20.502998+00:00
7339,"Viewed across several different situations, the ice tray system of the food cooler breaks down when conditions change; the change appeared in a new situation.",negative,refrigerator,negative,refrigerator,0.9966956973075867,0.9999209046363831,True,True,advanced,0,0,2026-08-15T18:47:12Z,2026-08-15T20:09:20.502998+00:00
7340,My subsequent experience changed the initial impression because the mobile rear lens remains basically average; the change appeared in a new situation.,neutral,smartphone,neutral,smartphone,0.9999983906745911,0.9999110102653503,True,True,advanced,0,1,2026-08-15T18:47:12Z,2026-08-15T20:09:20.502998+00:00
7341,"Under conditions outside the original usage profile, the picture panel subsystem of the television set remains basically average; the behavior persisted across repeated attempts.",neutral,television,neutral,television,0.9999591708183289,0.9998073577880859,True,True,technical,0,1,2026-08-15T18:47:12Z,2026-08-15T20:09:20.502998+00:00
7342,"When another person used it, I noticed that the mobile usb port fails under ordinary use; I checked it again before writing this.",negative,smartphone,negative,smartphone,0.9999563097953796,0.9999706149101257,True,True,standard,0,0,2026-08-15T18:47:12Z,2026-08-15T20:09:20.502998+00:00
7343,used television today video input is increasingly unreliable what a piece of crap,negative,television,negative,television,0.9999668002128601,0.9999237656593323,True,True,limited,1,0,2026-08-15T18:47:12Z,2026-08-15T20:09:20.502998+00:00
7344,not gonna overthink it the pocket device rear lens breaks down when conditions change,negative,smartphone,negative,smartphone,0.9959322214126587,0.999793291091919,True,True,informal,0,0,2026-08-15T18:47:12Z,2026-08-15T20:09:20.502998+00:00
7345,"After changing settings, I noticed that the screen unit picture panel still performs well under different use; I checked it again before writing this.",positive,television,positive,television,0.9997469186782837,0.9999365210533142,True,True,standard,0,0,2026-08-15T18:47:12Z,2026-08-15T20:09:20.502998+00:00
7346,not gonna overthink it the screen unit picture panel still performs well under different use,positive,television,positive,television,0.998920202255249,0.9993329644203186,True,True,informal,0,0,2026-08-15T18:47:12Z,2026-08-15T20:09:20.502998+00:00
7347,My subsequent experience changed the initial impression because the television set video input behaves like a normal unit; the change appeared in a new situation.,neutral,television,neutral,television,0.9999986290931702,0.9999073147773743,True,True,advanced,0,0,2026-08-15T18:47:12Z,2026-08-15T20:09:20.502998+00:00
7348,not gonna overthink it the kitchen fridge gasket remains better than i expected good as hell,positive,refrigerator,positive,refrigerator,0.9999968409538269,0.999939501285553,True,True,informal,1,0,2026-08-15T18:47:12Z,2026-08-15T20:09:20.502998+00:00
7349,not gonna overthink it the front loader fill valve is increasingly unreliable,negative,washing_machine,negative,washing_machine,0.9969192147254944,0.9972589612007141,True,True,informal,0,0,2026-08-15T18:47:12Z,2026-08-15T20:09:20.502998+00:00
7350,A later check showed that the built in audio in the television set is increasingly unreliable; the behavior persisted across repeated attempts. this shit is frustrating.,negative,television,negative,television,0.999967634677887,0.9999505877494812,True,True,standard,1,0,2026-08-15T18:47:12Z,2026-08-15T20:09:20.502998+00:00
7351,My subsequent experience changed the initial impression because the wash unit drainage motor shows no meaningful change; the change appeared in a new situation.,neutral,washing_machine,neutral,washing_machine,0.9999991059303284,0.9998006820678711,True,True,advanced,0,0,2026-08-15T18:47:12Z,2026-08-15T20:09:20.502998+00:00
7352,"Outside my usual routine, I noticed that the television set controller has not let me down; I checked it again before writing this. damn this is good.",positive,television,positive,television,0.9999962449073792,0.9999627470970154,True,True,standard,1,0,2026-08-15T18:47:12Z,2026-08-15T20:09:20.502998+00:00
7353,"Across a shifted usage regime, the observed behavior of the kitchen fridge ice tray system still performs well under different use; the change appeared in a new situation.",positive,refrigerator,positive,refrigerator,0.999936044216156,0.9999210238456726,True,True,technical,0,0,2026-08-15T18:47:12Z,2026-08-15T20:09:20.502998+00:00
7354,not gonna overthink it the mobile usb port is surprisingly dependable,positive,smartphone,positive,smartphone,0.9594535231590271,0.9970429539680481,True,True,informal,0,0,2026-08-15T18:47:12Z,2026-08-15T20:09:20.502998+00:00
7355,"Viewed across several different situations, the drainage motor of the wash unit is neither impressive nor bad; I checked it again before writing this.",neutral,washing_machine,neutral,washing_machine,0.9999896883964539,0.9995490312576294,True,True,advanced,0,1,2026-08-15T18:47:12Z,2026-08-15T20:09:20.502998+00:00
7356,"Across a shifted usage regime, the observed behavior of the clothes washer spin program still performs well under different use; the behavior persisted across repeated attempts.",positive,washing_machine,positive,washing_machine,0.9998514652252197,0.9998943209648132,True,True,technical,0,0,2026-08-15T18:47:12Z,2026-08-15T20:09:20.502998+00:00
7357,My subsequent experience changed the initial impression because the screen unit picture panel is increasingly unreliable; I checked it again before writing this.,negative,television,negative,television,0.999866247177124,0.9992472529411316,True,True,advanced,0,1,2026-08-15T18:47:12Z,2026-08-15T20:09:20.502998+00:00
7358,"Viewed across several different situations, the gasket of the food cooler fails under ordinary use; I checked it again before writing this.",negative,refrigerator,negative,refrigerator,0.999600350856781,0.9999096989631653,True,True,advanced,0,0,2026-08-15T18:47:12Z,2026-08-15T20:09:20.502998+00:00
7359,"Across a shifted usage regime, the observed behavior of the cold storage unit thermostat is surprisingly dependable; the change appeared in a new situation.",positive,refrigerator,positive,refrigerator,0.9995390176773071,0.9998407363891602,True,True,technical,0,0,2026-08-15T18:47:12Z,2026-08-15T20:09:20.502998+00:00
7360,"Outside my usual routine, I noticed that the food cooler thermostat fails under ordinary use; the change appeared in a new situation. the damn thing keeps causing trouble.",negative,refrigerator,negative,refrigerator,0.9999716877937317,0.9999334216117859,True,True,standard,1,0,2026-08-15T18:47:12Z,2026-08-15T20:09:20.502998+00:00
7361,"Under conditions outside the original usage profile, the fill valve subsystem of the front loader remains better than I expected; this was not part of my first impression.",positive,washing_machine,positive,washing_machine,0.9999250769615173,0.9998335838317871,True,True,technical,0,0,2026-08-15T18:47:12Z,2026-08-15T20:09:20.502998+00:00
7362,"Across a shifted usage regime, the observed behavior of the video panel video input behaves like a normal unit; this was not part of my first impression. nothing fucking special.",neutral,television,neutral,television,0.9999935030937195,0.9998664855957031,True,True,technical,1,0,2026-08-15T18:47:12Z,2026-08-15T20:09:20.502998+00:00
7363,"Viewed across several different situations, the power cell of the pocket device breaks down when conditions change; this was not part of my first impression.",negative,smartphone,negative,smartphone,0.9987869262695312,0.9999623894691467,True,True,advanced,0,0,2026-08-15T18:47:12Z,2026-08-15T20:09:20.502998+00:00
7364,A later check showed that the spin program in the front loader is neither impressive nor bad; the behavior persisted across repeated attempts.,neutral,washing_machine,neutral,washing_machine,0.9999780058860779,0.9998455047607422,True,True,standard,0,1,2026-08-15T18:47:12Z,2026-08-15T20:09:20.502998+00:00
7365,used television set today picture panel has turned into a recurring problem,negative,television,negative,television,0.9998209476470947,0.9998235702514648,True,True,limited,0,0,2026-08-15T18:47:12Z,2026-08-15T20:09:20.502998+00:00
7366,"Viewed across several different situations, the compressor fan of the cold storage unit has not let me down; the change appeared in a new situation.",positive,refrigerator,positive,refrigerator,0.9999212622642517,0.999921977519989,True,True,advanced,0,0,2026-08-15T18:47:12Z,2026-08-15T20:09:20.502998+00:00
7367,"Under conditions outside the original usage profile, the rear lens subsystem of the pocket device remains basically average; the behavior persisted across repeated attempts.",neutral,smartphone,neutral,smartphone,0.9998851418495178,0.9999491572380066,True,True,technical,0,0,2026-08-15T18:47:12Z,2026-08-15T20:09:20.502998+00:00
7368,"Across a shifted usage regime, the observed behavior of the kitchen fridge gasket has turned into a recurring problem; I checked it again before writing this.",negative,refrigerator,negative,refrigerator,0.9999708533287048,0.9999291300773621,True,True,technical,0,0,2026-08-15T18:47:12Z,2026-08-15T20:09:20.502998+00:00
7369,quick update the compressor fan on my cold storage unit fails under ordinary use,negative,refrigerator,negative,refrigerator,0.9961751699447632,0.9998722076416016,True,True,informal,0,0,2026-08-15T18:47:12Z,2026-08-15T20:09:20.502998+00:00
7370,"Viewed across several different situations, the built in audio of the television set has not let me down; the behavior persisted across repeated attempts. good as hell.",positive,television,positive,television,0.9999924302101135,0.9999569058418274,True,True,advanced,1,0,2026-08-15T18:47:12Z,2026-08-15T20:09:20.502998+00:00
7371,My subsequent experience changed the initial impression because the video panel video input is surprisingly dependable; this was not part of my first impression.,positive,television,positive,television,0.9992207884788513,0.9997444152832031,True,True,advanced,0,0,2026-08-15T18:47:12Z,2026-08-15T20:09:20.502998+00:00
7372,"Under conditions outside the original usage profile, the ice tray system subsystem of the food cooler shows no meaningful change; this was not part of my first impression. plain as shit.",neutral,refrigerator,neutral,refrigerator,0.9999998211860657,0.9999379515647888,True,True,technical,1,0,2026-08-15T18:47:12Z,2026-08-15T20:09:20.502998+00:00
7373,not gonna overthink it the television set built in audio has not let me down,positive,television,positive,television,0.999805212020874,0.9998774528503418,True,True,informal,0,0,2026-08-15T18:47:12Z,2026-08-15T20:09:20.502998+00:00
7374,"Viewed across several different situations, the picture panel of the screen unit is increasingly unreliable; I checked it again before writing this.",negative,television,negative,television,0.9999645352363586,0.9998440742492676,True,True,advanced,0,1,2026-08-15T18:47:12Z,2026-08-15T20:09:20.502998+00:00
7375,got this television set now behaves like a normal unit nothing fucking special,neutral,television,neutral,television,0.9999093413352966,0.9977969527244568,True,True,limited,1,0,2026-08-15T18:47:12Z,2026-08-15T20:09:20.502998+00:00
7376,"Under conditions outside the original usage profile, the built in audio subsystem of the screen unit is neither impressive nor bad; the behavior persisted across repeated attempts. the damn thing is basically average.",neutral,television,neutral,television,0.999999463558197,0.9999606013298035,True,True,technical,1,0,2026-08-15T18:47:12Z,2026-08-15T20:09:20.502998+00:00
7377,A later check showed that the spin program in the front loader shows no meaningful change; the change appeared in a new situation.,neutral,washing_machine,neutral,washing_machine,0.9999939799308777,0.9998571872711182,True,True,standard,0,0,2026-08-15T18:47:12Z,2026-08-15T20:09:20.502998+00:00
7378,used kitchen fridge today thermostat breaks down when conditions change,negative,refrigerator,negative,refrigerator,0.9948932528495789,0.9996029734611511,True,True,limited,0,1,2026-08-15T18:47:12Z,2026-08-15T20:09:20.502998+00:00
7379,"Across a shifted usage regime, the observed behavior of the food cooler compressor fan is increasingly unreliable; I checked it again before writing this. this shit is frustrating.",negative,refrigerator,negative,refrigerator,0.9999815821647644,0.9999482035636902,True,True,technical,1,1,2026-08-15T18:47:12Z,2026-08-15T20:09:20.502998+00:00
7380,"When another person used it, I noticed that the clothes washer soap tray fails under ordinary use; the behavior persisted across repeated attempts.",negative,washing_machine,negative,washing_machine,0.999809980392456,0.9997999668121338,True,True,standard,0,0,2026-08-15T18:47:12Z,2026-08-15T20:09:20.502998+00:00
7381,not gonna overthink it the food cooler gasket fails under ordinary use,negative,refrigerator,negative,refrigerator,0.9878758788108826,0.9951087236404419,True,True,informal,0,0,2026-08-15T18:47:12Z,2026-08-15T20:09:20.502998+00:00
7382,My subsequent experience changed the initial impression because the video panel video input remains basically average; this was not part of my first impression.,neutral,television,neutral,television,0.9999991059303284,0.9998245239257812,True,True,advanced,0,0,2026-08-15T18:47:12Z,2026-08-15T20:09:20.502998+00:00
7383,A later check showed that the fill valve in the front loader remains basically average; the change appeared in a new situation.,neutral,washing_machine,neutral,washing_machine,0.9999942183494568,0.999819278717041,True,True,standard,0,0,2026-08-15T18:47:12Z,2026-08-15T20:09:20.502998+00:00
7384,"Under conditions outside the original usage profile, the compressor fan subsystem of the kitchen fridge is increasingly unreliable; the behavior persisted across repeated attempts.",negative,refrigerator,negative,refrigerator,0.9997951984405518,0.9999069571495056,True,True,technical,0,0,2026-08-15T18:47:12Z,2026-08-15T20:09:20.502998+00:00
7385,got this cold storage unit ice tray system now is increasingly unreliable what a piece of crap,negative,refrigerator,negative,refrigerator,0.9999800324440002,0.9999330639839172,True,True,limited,1,0,2026-08-15T18:47:12Z,2026-08-15T20:09:20.502998+00:00
7386,A later check showed that the ice tray system in the cold storage unit remains better than I expected; the behavior persisted across repeated attempts.,positive,refrigerator,positive,refrigerator,0.9998147487640381,0.9999117255210876,True,True,standard,0,0,2026-08-15T18:47:12Z,2026-08-15T20:09:20.502998+00:00
7387,got this kitchen fridge thermostat now remains basically average,neutral,refrigerator,neutral,refrigerator,0.9963894486427307,0.9985476732254028,True,True,limited,0,0,2026-08-15T18:47:12Z,2026-08-15T20:09:20.502998+00:00
7388,"Across a shifted usage regime, the observed behavior of the mobile usb port is neither impressive nor bad; the behavior persisted across repeated attempts.",neutral,smartphone,neutral,smartphone,0.9999673962593079,0.9997742176055908,True,True,technical,0,0,2026-08-15T18:47:12Z,2026-08-15T20:09:20.502998+00:00
7389,used pocket device today port has turned into a recurring problem,negative,smartphone,negative,smartphone,0.9998414516448975,0.9973117113113403,True,True,limited,0,0,2026-08-15T18:47:12Z,2026-08-15T20:09:20.502998+00:00
7390,"Under conditions outside the original usage profile, the soap tray subsystem of the clothes washer is surprisingly dependable; I checked it again before writing this. this thing is fucking impressive.",positive,washing_machine,positive,washing_machine,0.9998440742492676,0.999908983707428,True,True,technical,1,0,2026-08-15T18:47:12Z,2026-08-15T20:09:20.502998+00:00
7391,used food cooler today compressor fan is surprisingly dependable,positive,refrigerator,positive,refrigerator,0.9849720597267151,0.9986254572868347,True,True,limited,0,0,2026-08-15T18:47:12Z,2026-08-15T20:09:20.502998+00:00
7392,My subsequent experience changed the initial impression because the cell phone rear lens is surprisingly dependable; the change appeared in a new situation. this thing is fucking impressive.,positive,smartphone,positive,smartphone,0.999916136264801,0.9999826550483704,True,True,advanced,1,0,2026-08-15T18:47:12Z,2026-08-15T20:09:20.502998+00:00
7393,"After changing settings, I noticed that the pocket device power cell still performs well under different use; the change appeared in a new situation.",positive,smartphone,positive,smartphone,0.9998895525932312,0.9999549984931946,True,True,standard,0,0,2026-08-15T18:47:12Z,2026-08-15T20:09:20.502998+00:00
7394,quick update the power cell on my cell phone fails under ordinary use,negative,smartphone,negative,smartphone,0.9927836656570435,0.9999253153800964,True,True,informal,0,0,2026-08-15T18:47:12Z,2026-08-15T20:09:20.502998+00:00
7395,quick update the gasket on my kitchen fridge shows no meaningful change,neutral,refrigerator,neutral,refrigerator,0.9985809326171875,0.9992462992668152,True,True,informal,0,0,2026-08-15T18:47:12Z,2026-08-15T20:09:20.502998+00:00
7396,not gonna overthink it the front loader spin program has turned into a recurring problem,negative,washing_machine,negative,washing_machine,0.9998033046722412,0.9994117021560669,True,True,informal,0,0,2026-08-15T18:47:12Z,2026-08-15T20:09:20.502998+00:00
7397,got this cold storage unit now breaks down when conditions change,negative,refrigerator,negative,refrigerator,0.9971546530723572,0.9961146116256714,True,True,limited,0,1,2026-08-15T18:47:12Z,2026-08-15T20:09:20.502998+00:00
7398,quick update the video input on my television set fails under ordinary use,negative,television,negative,television,0.9955569505691528,0.9998517036437988,True,True,informal,0,0,2026-08-15T18:47:12Z,2026-08-15T20:09:20.502998+00:00
7399,got this kitchen fridge ice tray system behaves like a normal unit,neutral,refrigerator,neutral,refrigerator,0.9947814345359802,0.9998514652252197,True,True,limited,0,0,2026-08-15T18:47:12Z,2026-08-15T20:09:20.502998+00:00
7400,A later check showed that the controller in the video panel shows no meaningful change; the behavior persisted across repeated attempts.,neutral,television,neutral,television,0.9999790787696838,0.9984747171401978,True,True,standard,0,1,2026-08-15T18:47:12Z,2026-08-15T20:09:20.502998+00:00
7401,"Across a shifted usage regime, the observed behavior of the wash unit fill valve fails under ordinary use; the behavior persisted across repeated attempts.",negative,washing_machine,negative,washing_machine,0.9997968673706055,0.9998652935028076,True,True,technical,0,0,2026-08-15T18:47:12Z,2026-08-15T20:09:20.502998+00:00
7402,"Across a shifted usage regime, the observed behavior of the cell phone power cell has turned into a recurring problem; the change appeared in a new situation. the damn thing keeps causing trouble.",negative,smartphone,negative,smartphone,0.9999944567680359,0.9999874234199524,True,True,technical,1,0,2026-08-15T18:47:12Z,2026-08-15T20:09:20.502998+00:00
7403,A later check showed that the controller in the television set is surprisingly dependable; this was not part of my first impression.,positive,television,positive,television,0.9995657205581665,0.9997580051422119,True,True,standard,0,1,2026-08-15T18:47:12Z,2026-08-15T20:09:20.502998+00:00
7404,not gonna overthink it the cold storage unit ice tray system is increasingly unreliable the damn thing keeps causing trouble,negative,refrigerator,negative,refrigerator,0.9999915957450867,0.9999385476112366,True,True,informal,1,0,2026-08-15T18:47:12Z,2026-08-15T20:09:20.502998+00:00
7405,"Across a shifted usage regime, the observed behavior of the video panel built in audio is neither impressive nor bad; the change appeared in a new situation.",neutral,television,neutral,television,0.9999838471412659,0.9997384548187256,True,True,technical,0,0,2026-08-15T18:47:12Z,2026-08-15T20:09:20.502998+00:00
7406,My subsequent experience changed the initial impression because the video panel built in audio fails under ordinary use; the behavior persisted across repeated attempts. what a piece of crap.,negative,television,negative,television,0.9998849034309387,0.999854564666748,True,True,advanced,1,0,2026-08-15T18:47:12Z,2026-08-15T20:09:20.502998+00:00
7407,quick update the touch panel on my cell phone has not let me down this thing is fucking impressive,positive,smartphone,positive,smartphone,0.9999772906303406,0.999980628490448,True,True,informal,1,0,2026-08-15T18:47:12Z,2026-08-15T20:09:20.502998+00:00
7408,My subsequent experience changed the initial impression because the kitchen fridge compressor fan still performs well under different use; the change appeared in a new situation.,positive,refrigerator,positive,refrigerator,0.9999298453330994,0.9999211430549622,True,True,advanced,0,0,2026-08-15T18:47:12Z,2026-08-15T20:09:20.502998+00:00
7409,used clothes washer today fill valve has not let me down,positive,washing_machine,positive,washing_machine,0.9992074370384216,0.9993166327476501,True,True,limited,0,0,2026-08-15T18:47:12Z,2026-08-15T20:09:20.502998+00:00
7410,quick update the controller on my video panel behaves like a normal unit plain as shit,neutral,television,neutral,smartphone,0.9999987483024597,0.915934681892395,True,False,informal,1,0,2026-08-15T18:47:12Z,2026-08-15T20:09:20.502998+00:00
7411,"Viewed across several different situations, the spin program of the wash unit is surprisingly dependable; this was not part of my first impression. damn this is good.",positive,washing_machine,positive,washing_machine,0.9999985098838806,0.999958336353302,True,True,advanced,1,0,2026-08-15T18:47:12Z,2026-08-15T20:09:20.502998+00:00
7412,"Across a shifted usage regime, the observed behavior of the food cooler ice tray system is increasingly unreliable; the change appeared in a new situation.",negative,refrigerator,negative,refrigerator,0.9993642568588257,0.9999037384986877,True,True,technical,0,0,2026-08-15T18:47:12Z,2026-08-15T20:09:20.502998+00:00
7413,A later check showed that the thermostat in the kitchen fridge has not let me down; the behavior persisted across repeated attempts. this thing is fucking impressive.,positive,refrigerator,positive,refrigerator,0.9999366402626038,0.9999417662620544,True,True,standard,1,0,2026-08-15T18:47:12Z,2026-08-15T20:09:20.502998+00:00
7414,"Across a shifted usage regime, the observed behavior of the clothes washer fill valve remains better than I expected; the behavior persisted across repeated attempts. this thing is fucking impressive.",positive,washing_machine,positive,washing_machine,0.9999657273292542,0.9999365210533142,True,True,technical,1,1,2026-08-15T18:47:12Z,2026-08-15T20:09:20.502998+00:00
7415,used pocket device today touch panel is increasingly unreliable,negative,smartphone,negative,smartphone,0.9986253380775452,0.9902263283729553,True,True,limited,0,0,2026-08-15T18:47:12Z,2026-08-15T20:09:20.502998+00:00
7416,A later check showed that the built in audio in the television set breaks down when conditions change; I checked it again before writing this.,negative,television,negative,television,0.9940993785858154,0.9999377131462097,True,True,standard,0,0,2026-08-15T18:47:12Z,2026-08-15T20:09:20.502998+00:00
7417,quick update the spin program on my front loader is surprisingly dependable,positive,washing_machine,positive,washing_machine,0.9958128333091736,0.9993726015090942,True,True,informal,0,1,2026-08-15T18:47:12Z,2026-08-15T20:09:20.502998+00:00
7418,"Across a shifted usage regime, the observed behavior of the clothes washer fill valve still performs well under different use; the change appeared in a new situation.",positive,washing_machine,positive,washing_machine,0.9999337792396545,0.9999015927314758,True,True,technical,0,0,2026-08-15T18:47:12Z,2026-08-15T20:09:20.502998+00:00
7419,used wash unit today soap tray breaks down when conditions change,negative,washing_machine,negative,washing_machine,0.9971055388450623,0.9938609004020691,True,True,limited,0,0,2026-08-15T18:47:12Z,2026-08-15T20:09:20.502998+00:00
7420,used wash unit today soap tray is surprisingly dependable,positive,washing_machine,positive,washing_machine,0.9317662119865417,0.9913932681083679,True,True,limited,0,0,2026-08-15T18:47:12Z,2026-08-15T20:09:20.502998+00:00
7421,got this cell usb port now is increasingly unreliable,negative,smartphone,negative,smartphone,0.9986538887023926,0.9983470439910889,True,True,limited,0,0,2026-08-15T18:47:12Z,2026-08-15T20:09:20.502998+00:00
7422,"Across a shifted usage regime, the observed behavior of the food cooler ice tray system is surprisingly dependable; I checked it again before writing this.",positive,refrigerator,positive,refrigerator,0.9978957772254944,0.999917209148407,True,True,technical,0,0,2026-08-15T18:47:12Z,2026-08-15T20:09:20.502998+00:00
7423,My subsequent experience changed the initial impression because the clothes washer soap tray shows no meaningful change; I checked it again before writing this.,neutral,washing_machine,neutral,washing_machine,0.9999979138374329,0.9998395442962646,True,True,advanced,0,0,2026-08-15T18:47:12Z,2026-08-15T20:09:20.502998+00:00
7424,"Under conditions outside the original usage profile, the fill valve subsystem of the clothes washer is neither impressive nor bad; this was not part of my first impression.",neutral,washing_machine,neutral,washing_machine,0.9999391436576843,0.9998462200164795,True,True,technical,0,1,2026-08-15T18:47:12Z,2026-08-15T20:09:20.502998+00:00
7425,not gonna overthink it the front loader spin program remains basically average,neutral,washing_machine,neutral,washing_machine,0.9983004927635193,0.9982698559761047,True,True,informal,0,0,2026-08-15T18:47:12Z,2026-08-15T20:09:20.502998+00:00
7426,"Across a shifted usage regime, the observed behavior of the mobile power cell is increasingly unreliable; I checked it again before writing this.",negative,smartphone,negative,smartphone,0.9999176859855652,0.9998106956481934,True,True,technical,0,0,2026-08-15T18:47:12Z,2026-08-15T20:09:20.502998+00:00
7427,"Across a shifted usage regime, the observed behavior of the video panel built in audio is increasingly unreliable; the behavior persisted across repeated attempts.",negative,television,negative,television,0.999840497970581,0.9878506660461426,True,True,technical,0,0,2026-08-15T18:47:12Z,2026-08-15T20:09:20.502998+00:00
7428,"Under conditions outside the original usage profile, the drainage motor subsystem of the wash unit has turned into a recurring problem; the change appeared in a new situation.",negative,washing_machine,negative,washing_machine,0.9999552369117737,0.9998090267181396,True,True,technical,0,1,2026-08-15T18:47:12Z,2026-08-15T20:09:20.502998+00:00
7429,"Across a shifted usage regime, the observed behavior of the front loader fill valve is increasingly unreliable; this was not part of my first impression.",negative,washing_machine,negative,washing_machine,0.9989961385726929,0.999889075756073,True,True,technical,0,0,2026-08-15T18:47:12Z,2026-08-15T20:09:20.502998+00:00
7430,used kitchen fridge today gasket under ordinary use what a piece of crap,negative,refrigerator,negative,refrigerator,0.9993681907653809,0.9999054074287415,True,True,limited,1,0,2026-08-15T18:47:12Z,2026-08-15T20:09:20.502998+00:00
7431,"Viewed across several different situations, the touch panel of the mobile has not let me down; I checked it again before writing this.",positive,smartphone,positive,smartphone,0.9997410774230957,0.9998140335083008,True,True,advanced,0,1,2026-08-15T18:47:12Z,2026-08-15T20:09:20.502998+00:00
7432,"Viewed across several different situations, the touch panel of the mobile remains better than I expected; the change appeared in a new situation.",positive,smartphone,positive,smartphone,0.9999262690544128,0.9999176859855652,True,True,advanced,0,0,2026-08-15T18:47:12Z,2026-08-15T20:09:20.502998+00:00
7433,got this pocket device usb port now under ordinary use the damn thing keeps causing trouble,negative,smartphone,negative,smartphone,0.9999602437019348,0.9999590516090393,True,True,limited,1,0,2026-08-15T18:47:12Z,2026-08-15T20:09:20.502998+00:00
7434,A later check showed that the fill valve in the front loader shows no meaningful change; the behavior persisted across repeated attempts.,neutral,washing_machine,neutral,washing_machine,0.9999793171882629,0.9997735023498535,True,True,standard,0,0,2026-08-15T18:47:12Z,2026-08-15T20:09:20.502998+00:00
7435,My subsequent experience changed the initial impression because the cold storage unit thermostat shows no meaningful change; this was not part of my first impression.,neutral,refrigerator,neutral,refrigerator,0.9999986290931702,0.9999027848243713,True,True,advanced,0,0,2026-08-15T18:47:12Z,2026-08-15T20:09:20.502998+00:00
7436,got this television set built in audio now has not let me down,positive,television,positive,television,0.9998753070831299,0.9998266696929932,True,True,limited,0,0,2026-08-15T18:47:12Z,2026-08-15T20:09:20.502998+00:00
7437,"Across a shifted usage regime, the observed behavior of the television set video input fails under ordinary use; the behavior persisted across repeated attempts.",negative,television,negative,television,0.9997982978820801,0.9998154640197754,True,True,technical,0,0,2026-08-15T18:47:12Z,2026-08-15T20:09:20.502998+00:00
7438,quick update the controller on my television set remains basically average,neutral,television,neutral,television,0.9987322092056274,0.9951345920562744,True,True,informal,0,1,2026-08-15T18:47:12Z,2026-08-15T20:09:20.502998+00:00
7439,"During a heavy day of use, I noticed that the cell phone power cell has turned into a recurring problem; the change appeared in a new situation.",negative,smartphone,negative,smartphone,0.9999620318412781,0.9999846816062927,True,True,standard,0,0,2026-08-15T18:47:12Z,2026-08-15T20:09:20.502998+00:00
7440,got this front loader fill valve now has turned into a recurring problem,negative,washing_machine,negative,washing_machine,0.9996146559715271,0.9995614290237427,True,True,limited,0,0,2026-08-15T18:47:12Z,2026-08-15T20:09:20.502998+00:00
7441,"Viewed across several different situations, the thermostat of the cold storage unit still performs well under different use; this was not part of my first impression.",positive,refrigerator,positive,refrigerator,0.9999575018882751,0.9999105334281921,True,True,advanced,0,0,2026-08-15T18:47:12Z,2026-08-15T20:09:20.502998+00:00
7442,"When another person used it, I noticed that the mobile touch panel remains basically average; the change appeared in a new situation.",neutral,smartphone,neutral,smartphone,0.9999938607215881,0.999960720539093,True,True,standard,0,0,2026-08-15T18:47:12Z,2026-08-15T20:09:20.502998+00:00
7443,"Under conditions outside the original usage profile, the soap tray subsystem of the clothes washer is surprisingly dependable; I checked it again before writing this. damn this is good.",positive,washing_machine,positive,washing_machine,0.9999917149543762,0.999943196773529,True,True,technical,1,0,2026-08-15T18:47:12Z,2026-08-15T20:09:20.502998+00:00
7444,used pocket device today power cell still performs well under different use,positive,smartphone,positive,smartphone,0.9982848167419434,0.9991031289100647,True,True,limited,0,1,2026-08-15T18:47:12Z,2026-08-15T20:09:20.502998+00:00
7445,not gonna overthink it the cell phone power cell is surprisingly dependable,positive,smartphone,positive,smartphone,0.9796793460845947,0.9998738765716553,True,True,informal,0,0,2026-08-15T18:47:12Z,2026-08-15T20:09:20.502998+00:00
7446,not gonna overthink it the pocket device rear lens still performs well under different use,positive,smartphone,positive,smartphone,0.9996246695518494,0.9999049305915833,True,True,informal,0,0,2026-08-15T18:47:12Z,2026-08-15T20:09:20.502998+00:00
7447,used clothes washer today spin program has turned into recurring problem,negative,washing_machine,negative,washing_machine,0.9994545578956604,0.9995731711387634,True,True,limited,0,1,2026-08-15T18:47:12Z,2026-08-15T20:09:20.502998+00:00
7448,"Viewed across several different situations, the picture panel of the screen unit remains better than I expected; the change appeared in a new situation.",positive,television,positive,television,0.9999482035636902,0.9998888373374939,True,True,advanced,0,0,2026-08-15T18:47:12Z,2026-08-15T20:09:20.502998+00:00
7449,"Viewed across several different situations, the controller of the screen unit is surprisingly dependable; the change appeared in a new situation.",positive,television,positive,television,0.9990676045417786,0.9793378710746765,True,True,advanced,0,0,2026-08-15T18:47:12Z,2026-08-15T20:09:20.502998+00:00
7450,got this television set built in audio now is surprisingly dependable,positive,television,positive,television,0.9985414147377014,0.9995282888412476,True,True,limited,0,0,2026-08-15T18:47:12Z,2026-08-15T20:09:20.502998+00:00
7451,"Under conditions outside the original usage profile, the gasket subsystem of the cold storage unit has not let me down; this was not part of my first impression.",positive,refrigerator,positive,refrigerator,0.9999098181724548,0.9999081492424011,True,True,technical,0,0,2026-08-15T18:47:12Z,2026-08-15T20:09:20.502998+00:00
7452,"Across a shifted usage regime, the observed behavior of the food cooler thermostat still performs well under different use; the behavior persisted across repeated attempts. good as hell.",positive,refrigerator,positive,refrigerator,0.999995768070221,0.999950110912323,True,True,technical,1,1,2026-08-15T18:47:12Z,2026-08-15T20:09:20.502998+00:00
7453,"Across a shifted usage regime, the observed behavior of the cell phone touch panel is neither impressive nor bad; I checked it again before writing this.",neutral,smartphone,neutral,smartphone,0.9999927878379822,0.9999422430992126,True,True,technical,0,0,2026-08-15T18:47:12Z,2026-08-15T20:09:20.502998+00:00
7454,"Viewed across several different situations, the drainage motor of the clothes washer remains basically average; the change appeared in a new situation. nothing fucking special.",neutral,washing_machine,neutral,washing_machine,0.999999463558197,0.9999181628227234,True,True,advanced,1,0,2026-08-15T18:47:12Z,2026-08-15T20:09:20.502998+00:00
7455,"Viewed across several different situations, the touch panel of the cell phone is surprisingly dependable; this was not part of my first impression.",positive,smartphone,positive,smartphone,0.9998245239257812,0.9999415278434753,True,True,advanced,0,0,2026-08-15T18:47:12Z,2026-08-15T20:09:20.502998+00:00
7456,A later check showed that the touch panel in the mobile shows no meaningful change; I checked it again before writing this.,neutral,smartphone,neutral,smartphone,0.9999929070472717,0.9823813438415527,True,True,standard,0,1,2026-08-15T18:47:12Z,2026-08-15T20:09:20.502998+00:00
7457,"Under conditions outside the original usage profile, the drainage motor subsystem of the clothes washer is surprisingly dependable; the change appeared in a new situation.",positive,washing_machine,positive,washing_machine,0.9990440011024475,0.9998505115509033,True,True,technical,0,0,2026-08-15T18:47:12Z,2026-08-15T20:09:20.502998+00:00
7458,not gonna overthink it the cold storage unit thermostat has not let me down,positive,refrigerator,positive,refrigerator,0.998813271522522,0.9997148513793945,True,True,informal,0,0,2026-08-15T18:47:12Z,2026-08-15T20:09:20.502998+00:00
7459,used loader today spin program shows no meaningful change,neutral,washing_machine,neutral,washing_machine,0.9987963438034058,0.9842702746391296,True,True,limited,0,0,2026-08-15T18:47:12Z,2026-08-15T20:09:20.502998+00:00
7460,"After changing settings, I noticed that the front loader drainage motor is neither impressive nor bad; the behavior persisted across repeated attempts. plain as shit.",neutral,washing_machine,neutral,washing_machine,0.9999998211860657,0.9998753070831299,True,True,standard,1,0,2026-08-15T18:47:12Z,2026-08-15T20:09:20.502998+00:00
7461,quick update the built in audio on my video panel breaks down when conditions change,negative,television,negative,television,0.9861330986022949,0.9988957643508911,True,True,informal,0,0,2026-08-15T18:47:12Z,2026-08-15T20:09:20.502998+00:00
7462,"When another person used it, I noticed that the kitchen fridge gasket is surprisingly dependable; this was not part of my first impression.",positive,refrigerator,positive,refrigerator,0.9998959898948669,0.9998974204063416,True,True,standard,0,1,2026-08-15T18:47:12Z,2026-08-15T20:09:20.502998+00:00
7463,A later check showed that the touch panel in the cell phone has not let me down; the change appeared in a new situation.,positive,smartphone,positive,smartphone,0.9998672008514404,0.9999385476112366,True,True,standard,0,0,2026-08-15T18:47:12Z,2026-08-15T20:09:20.502998+00:00
7464,not gonna overthink it the food cooler compressor fan still performs well under different use damn this is good,positive,refrigerator,positive,refrigerator,0.9999982714653015,0.9999549984931946,True,True,informal,1,0,2026-08-15T18:47:12Z,2026-08-15T20:09:20.502998+00:00
7465,"Under conditions outside the original usage profile, the touch panel subsystem of the pocket device remains basically average; this was not part of my first impression.",neutral,smartphone,neutral,smartphone,0.9999900460243225,0.9998977780342102,True,True,technical,0,0,2026-08-15T18:47:12Z,2026-08-15T20:09:20.502998+00:00
7466,used kitchen fridge today ice tray system fails under ordinary use what a piece of crap,negative,refrigerator,negative,refrigerator,0.9999578595161438,0.9999352097511292,True,True,limited,1,0,2026-08-15T18:47:12Z,2026-08-15T20:09:20.502998+00:00
7467,quick update the spin program on my wash unit remains basically average,neutral,washing_machine,neutral,washing_machine,0.9989319443702698,0.9990829825401306,True,True,informal,0,0,2026-08-15T18:47:12Z,2026-08-15T20:09:20.502998+00:00
7468,A later check showed that the built in audio in the television set remains basically average; the change appeared in a new situation.,neutral,television,neutral,television,0.999994695186615,0.9999008774757385,True,True,standard,0,0,2026-08-15T18:47:12Z,2026-08-15T20:09:20.502998+00:00
7469,quick update the picture panel on my television set still performs well under different use,positive,television,positive,television,0.9997823238372803,0.9996175169944763,True,True,informal,0,0,2026-08-15T18:47:12Z,2026-08-15T20:09:20.502998+00:00
7470,"Across a shifted usage regime, the observed behavior of the pocket device power cell is surprisingly dependable; I checked it again before writing this.",positive,smartphone,positive,smartphone,0.9974904656410217,0.9991313219070435,True,True,technical,0,0,2026-08-15T18:47:12Z,2026-08-15T20:09:20.502998+00:00
7471,used food cooler today thermostat no meaningful change plain as shit,neutral,refrigerator,neutral,refrigerator,0.9999987483024597,0.9993236660957336,True,True,limited,1,0,2026-08-15T18:47:12Z,2026-08-15T20:09:20.502998+00:00
7472,"Outside my usual routine, I noticed that the mobile rear lens is surprisingly dependable; the behavior persisted across repeated attempts.",positive,smartphone,positive,smartphone,0.994655966758728,0.9997780323028564,True,True,standard,0,0,2026-08-15T18:47:12Z,2026-08-15T20:09:20.502998+00:00
7473,"After changing settings, I noticed that the television set built in audio remains basically average; the change appeared in a new situation.",neutral,television,neutral,television,0.999989926815033,0.9999187588691711,True,True,standard,0,0,2026-08-15T18:47:12Z,2026-08-15T20:09:20.502998+00:00
7474,"Viewed across several different situations, the spin program of the front loader remains basically average; the behavior persisted across repeated attempts. the damn thing is basically average.",neutral,washing_machine,neutral,washing_machine,0.9999998211860657,0.9999391436576843,True,True,advanced,1,1,2026-08-15T18:47:12Z,2026-08-15T20:09:20.502998+00:00
7475,My subsequent experience changed the initial impression because the television set built in audio fails under ordinary use; the change appeared in a new situation. this is fucking annoying.,negative,television,negative,television,0.947055459022522,0.9999530911445618,True,True,advanced,1,1,2026-08-15T18:47:12Z,2026-08-15T20:09:20.502998+00:00
7476,"Across a shifted usage regime, the observed behavior of the kitchen fridge gasket remains better than I expected; this was not part of my first impression.",positive,refrigerator,positive,refrigerator,0.9999547600746155,0.9999074339866638,True,True,technical,0,1,2026-08-15T18:47:12Z,2026-08-15T20:09:20.502998+00:00
7477,"Viewed across several different situations, the thermostat of the food cooler has turned into a recurring problem; the behavior persisted across repeated attempts.",negative,refrigerator,negative,refrigerator,0.9999648928642273,0.9999043345451355,True,True,advanced,0,0,2026-08-15T18:47:12Z,2026-08-15T20:09:20.502998+00:00
7478,not gonna overthink it the food cooler compressor fan still performs well under different use,positive,refrigerator,positive,refrigerator,0.999824047088623,0.9998509883880615,True,True,informal,0,0,2026-08-15T18:47:12Z,2026-08-15T20:09:20.502998+00:00
7479,quick update the usb port on my pocket device still performs well under different use,positive,smartphone,positive,smartphone,0.9996139407157898,0.9999158978462219,True,True,informal,0,0,2026-08-15T18:47:12Z,2026-08-15T20:09:20.502998+00:00
7480,not gonna overthink it the clothes washer drainage motor behaves like a normal unit,neutral,washing_machine,neutral,washing_machine,0.998541533946991,0.9995765089988708,True,True,informal,0,0,2026-08-15T18:47:12Z,2026-08-15T20:09:20.502998+00:00
7481,A later check showed that the video input in the television set has turned into a recurring problem; I checked it again before writing this.,negative,television,negative,television,0.9999621510505676,0.9999498724937439,True,True,standard,0,1,2026-08-15T18:47:12Z,2026-08-15T20:09:20.502998+00:00
7482,"Across a shifted usage regime, the observed behavior of the food cooler compressor fan remains basically average; this was not part of my first impression. nothing fucking special.",neutral,refrigerator,neutral,refrigerator,0.9999989867210388,0.9999391436576843,True,True,technical,1,0,2026-08-15T18:47:12Z,2026-08-15T20:09:20.502998+00:00
7483,"Across a shifted usage regime, the observed behavior of the mobile rear lens still performs well under different use; the behavior persisted across repeated attempts.",positive,smartphone,positive,smartphone,0.9998095035552979,0.9995150566101074,True,True,technical,0,0,2026-08-15T18:47:12Z,2026-08-15T20:09:20.502998+00:00
7484,My subsequent experience changed the initial impression because the food cooler gasket is increasingly unreliable; this was not part of my first impression. what a piece of crap.,negative,refrigerator,negative,refrigerator,0.9981467127799988,0.9999390244483948,True,True,advanced,1,1,2026-08-15T18:47:12Z,2026-08-15T20:09:20.502998+00:00
7485,quick update the rear lens on my pocket device remains basically average,neutral,smartphone,neutral,smartphone,0.9972960352897644,0.9993633031845093,True,True,informal,0,0,2026-08-15T18:47:12Z,2026-08-15T20:09:20.502998+00:00
7486,A later check showed that the compressor fan in the cold storage unit has turned into a recurring problem; the change appeared in a new situation.,negative,refrigerator,negative,refrigerator,0.9999144673347473,0.999923050403595,True,True,standard,0,0,2026-08-15T18:47:12Z,2026-08-15T20:09:20.502998+00:00
7487,My subsequent experience changed the initial impression because the kitchen fridge ice tray system remains basically average; the behavior persisted across repeated attempts. the damn thing is basically average.,neutral,refrigerator,neutral,refrigerator,0.9999999403953552,0.9999460577964783,True,True,advanced,1,0,2026-08-15T18:47:12Z,2026-08-15T20:09:20.502998+00:00
7488,"Viewed across several different situations, the soap tray of the front loader shows no meaningful change; this was not part of my first impression.",neutral,washing_machine,neutral,washing_machine,0.9998555183410645,0.9998016357421875,True,True,advanced,0,0,2026-08-15T18:47:12Z,2026-08-15T20:09:20.502998+00:00
7489,A later check showed that the spin program in the wash unit is neither impressive nor bad; the behavior persisted across repeated attempts.,neutral,washing_machine,neutral,washing_machine,0.999993622303009,0.9998283386230469,True,True,standard,0,1,2026-08-15T18:47:12Z,2026-08-15T20:09:20.502998+00:00
7490,"Viewed across several different situations, the picture panel of the video panel still performs well under different use; the change appeared in a new situation.",positive,television,positive,television,0.999912440776825,0.9995495080947876,True,True,advanced,0,0,2026-08-15T18:47:12Z,2026-08-15T20:09:20.502998+00:00
7491,"During a heavy day of use, I noticed that the video panel controller has not let me down; the behavior persisted across repeated attempts.",positive,television,positive,smartphone,0.9991263151168823,0.6137896776199341,True,False,standard,0,0,2026-08-15T18:47:12Z,2026-08-15T20:09:20.502998+00:00
7492,"Under conditions outside the original usage profile, the ice tray system subsystem of the food cooler has not let me down; I checked it again before writing this.",positive,refrigerator,positive,refrigerator,0.9997169971466064,0.9999330639839172,True,True,technical,0,1,2026-08-15T18:47:12Z,2026-08-15T20:09:20.502998+00:00
7493,My subsequent experience changed the initial impression because the front loader drainage motor behaves like a normal unit; the behavior persisted across repeated attempts. the damn thing is basically average.,neutral,washing_machine,neutral,washing_machine,0.9999998211860657,0.99994295835495,True,True,advanced,1,0,2026-08-15T18:47:12Z,2026-08-15T20:09:20.502998+00:00
7494,"Across a shifted usage regime, the observed behavior of the pocket device power cell is increasingly unreliable; this was not part of my first impression.",negative,smartphone,negative,smartphone,0.9995718002319336,0.999900758266449,True,True,technical,0,0,2026-08-15T18:47:12Z,2026-08-15T20:09:20.502998+00:00
7495,A later check showed that the soap tray in the wash unit breaks down when conditions change; I checked it again before writing this.,negative,washing_machine,negative,washing_machine,0.9996163249015808,0.9997392892837524,True,True,standard,0,1,2026-08-15T18:47:12Z,2026-08-15T20:09:20.502998+00:00
7496,"Under conditions outside the original usage profile, the thermostat subsystem of the cold storage unit has turned into a recurring problem; the behavior persisted across repeated attempts.",negative,refrigerator,negative,refrigerator,0.9999729990959167,0.9999069571495056,True,True,technical,0,0,2026-08-15T18:47:12Z,2026-08-15T20:09:20.502998+00:00
7497,A later check showed that the compressor fan in the kitchen fridge breaks down when conditions change; I checked it again before writing this.,negative,refrigerator,negative,refrigerator,0.9992319941520691,0.9999333024024963,True,True,standard,0,1,2026-08-15T18:47:12Z,2026-08-15T20:09:20.502998+00:00
7498,A later check showed that the picture panel in the television set breaks down when conditions change; I checked it again before writing this.,negative,television,negative,television,0.9993184208869934,0.9999182820320129,True,True,standard,0,0,2026-08-15T18:47:12Z,2026-08-15T20:09:20.502998+00:00
7499,A later check showed that the spin program in the front loader remains better than I expected; the behavior persisted across repeated attempts.,positive,washing_machine,positive,washing_machine,0.9998009204864502,0.999868631362915,True,True,standard,0,0,2026-08-15T18:47:12Z,2026-08-15T20:09:20.502998+00:00
7500,quick update the fill valve on my front loader behaves like a normal unit,neutral,washing_machine,neutral,washing_machine,0.9943432807922363,0.9991202354431152,True,True,informal,0,0,2026-08-15T18:47:12Z,2026-08-15T20:09:20.502998+00:00
7501,"Viewed across several different situations, the gasket of the kitchen fridge is neither impressive nor bad; this was not part of my first impression.",neutral,refrigerator,neutral,refrigerator,0.9999822974205017,0.9999098181724548,True,True,advanced,0,0,2026-08-15T18:47:12Z,2026-08-15T20:09:20.502998+00:00
7502,not gonna overthink it the screen unit video input breaks down when conditions change,negative,television,negative,television,0.9986986517906189,0.9998354911804199,True,True,informal,0,0,2026-08-15T18:47:12Z,2026-08-15T20:09:20.502998+00:00
7503,not gonna overthink it the television set controller remains basically average,neutral,television,neutral,television,0.9993262887001038,0.9975578784942627,True,True,informal,0,0,2026-08-15T18:47:12Z,2026-08-15T20:09:20.502998+00:00
7504,"Viewed across several different situations, the soap tray of the clothes washer is surprisingly dependable; I checked it again before writing this.",positive,washing_machine,positive,washing_machine,0.9990384578704834,0.9998319149017334,True,True,advanced,0,0,2026-08-15T18:47:12Z,2026-08-15T20:09:20.502998+00:00
7505,A later check showed that the gasket in the food cooler still performs well under different use; the behavior persisted across repeated attempts.,positive,refrigerator,positive,refrigerator,0.9996353983879089,0.9999002814292908,True,True,standard,0,0,2026-08-15T18:47:12Z,2026-08-15T20:09:20.502998+00:00
7506,"During a heavy day of use, I noticed that the wash unit spin program is increasingly unreliable; I checked it again before writing this.",negative,washing_machine,negative,washing_machine,0.9999768137931824,0.9998514652252197,True,True,standard,0,0,2026-08-15T18:47:12Z,2026-08-15T20:09:20.502998+00:00
7507,"Under conditions outside the original usage profile, the ice tray system subsystem of the cold storage unit is increasingly unreliable; the change appeared in a new situation. the damn thing keeps causing trouble.",negative,refrigerator,negative,refrigerator,0.9999930262565613,0.999943196773529,True,True,technical,1,0,2026-08-15T18:47:12Z,2026-08-15T20:09:20.502998+00:00
7508,not gonna overthink it the screen unit picture panel shows no meaningful change nothing fucking special,neutral,television,neutral,television,0.999958336353302,0.9998133182525635,True,True,informal,1,0,2026-08-15T18:47:12Z,2026-08-15T20:09:20.502998+00:00
7509,quick update the fill valve on my clothes washer remains basically average,neutral,washing_machine,neutral,washing_machine,0.9990646243095398,0.9991661310195923,True,True,informal,0,1,2026-08-15T18:47:12Z,2026-08-15T20:09:20.502998+00:00
7510,got this pocket device power cell now has not me down,positive,smartphone,positive,smartphone,0.9749222993850708,0.998875617980957,True,True,limited,0,1,2026-08-15T18:47:12Z,2026-08-15T20:09:20.502998+00:00
7511,My subsequent experience changed the initial impression because the kitchen fridge thermostat is surprisingly dependable; the behavior persisted across repeated attempts. damn this is good.,positive,refrigerator,positive,refrigerator,0.9999701380729675,0.9999573826789856,True,True,advanced,1,0,2026-08-15T18:47:12Z,2026-08-15T20:09:20.502998+00:00
7512,A later check showed that the video input in the screen unit remains better than I expected; I checked it again before writing this. damn this is good.,positive,television,positive,television,0.9999977946281433,0.999972403049469,True,True,standard,1,0,2026-08-15T18:47:12Z,2026-08-15T20:09:20.502998+00:00
7513,My subsequent experience changed the initial impression because the food cooler thermostat still performs well under different use; the change appeared in a new situation. this thing is fucking impressive.,positive,refrigerator,positive,refrigerator,0.9999791979789734,0.9999406933784485,True,True,advanced,1,1,2026-08-15T18:47:12Z,2026-08-15T20:09:20.502998+00:00
7514,A later check showed that the compressor fan in the food cooler behaves like a normal unit; the change appeared in a new situation.,neutral,refrigerator,neutral,refrigerator,0.9999906420707703,0.9999209046363831,True,True,standard,0,0,2026-08-15T18:47:12Z,2026-08-15T20:09:20.502998+00:00
7515,quick update the spin program on my clothes washer breaks down when conditions change,negative,washing_machine,negative,washing_machine,0.9848172664642334,0.9997283220291138,True,True,informal,0,0,2026-08-15T18:47:12Z,2026-08-15T20:09:20.502998+00:00
7516,"Under conditions outside the original usage profile, the usb port subsystem of the pocket device is neither impressive nor bad; the behavior persisted across repeated attempts.",neutral,smartphone,neutral,smartphone,0.9999606013298035,0.9999677538871765,True,True,technical,0,1,2026-08-15T18:47:12Z,2026-08-15T20:09:20.502998+00:00
7517,got this mobile rear lens now fails under ordinary use what a piece of crap,negative,smartphone,negative,smartphone,0.9999566674232483,0.9997372627258301,True,True,limited,1,0,2026-08-15T18:47:12Z,2026-08-15T20:09:20.502998+00:00
7518,A later check showed that the spin program in the wash unit breaks down when conditions change; this was not part of my first impression.,negative,washing_machine,negative,washing_machine,0.9972689151763916,0.9998772144317627,True,True,standard,0,0,2026-08-15T18:47:12Z,2026-08-15T20:09:20.502998+00:00
7519,got this phone rear lens now still performs well under different use,positive,smartphone,positive,smartphone,0.999814510345459,0.9998326301574707,True,True,limited,0,0,2026-08-15T18:47:12Z,2026-08-15T20:09:20.502998+00:00
7520,got this cold storage unit gasket now behaves like a normal unit,neutral,refrigerator,neutral,refrigerator,0.9626847505569458,0.9995731711387634,True,True,limited,0,0,2026-08-15T18:47:12Z,2026-08-15T20:09:20.502998+00:00
7521,My subsequent experience changed the initial impression because the clothes washer fill valve remains basically average; I checked it again before writing this.,neutral,washing_machine,neutral,washing_machine,0.9999987483024597,0.9998533725738525,True,True,advanced,0,0,2026-08-15T18:47:12Z,2026-08-15T20:09:20.502998+00:00
7522,quick update the ice tray system on my cold storage unit fails under ordinary use what a piece of crap,negative,refrigerator,negative,refrigerator,0.9999681115150452,0.9999374747276306,True,True,informal,1,1,2026-08-15T18:47:12Z,2026-08-15T20:09:20.502998+00:00
7523,My subsequent experience changed the initial impression because the cold storage unit thermostat has not let me down; the change appeared in a new situation.,positive,refrigerator,positive,refrigerator,0.9999247193336487,0.9999123215675354,True,True,advanced,0,0,2026-08-15T18:47:12Z,2026-08-15T20:09:20.502998+00:00
7524,"Across a shifted usage regime, the observed behavior of the kitchen fridge thermostat breaks down when conditions change; I checked it again before writing this.",negative,refrigerator,negative,refrigerator,0.9997668266296387,0.99992436170578,True,True,technical,0,0,2026-08-15T18:47:12Z,2026-08-15T20:09:20.502998+00:00
7525,"Outside my usual routine, I noticed that the video panel picture panel shows no meaningful change; this was not part of my first impression.",neutral,television,neutral,television,0.999973475933075,0.9994756579399109,True,True,standard,0,0,2026-08-15T18:47:12Z,2026-08-15T20:09:20.502998+00:00
7526,got this front loader spin program now breaks down when conditions change,negative,washing_machine,negative,washing_machine,0.9964451789855957,0.9996213316917419,True,True,limited,0,0,2026-08-15T18:47:12Z,2026-08-15T20:09:20.502998+00:00
7527,"Under conditions outside the original usage profile, the rear lens subsystem of the cell phone is neither impressive nor bad; the behavior persisted across repeated attempts. plain as shit.",neutral,smartphone,neutral,smartphone,0.9999997019767761,0.9999867081642151,True,True,technical,1,0,2026-08-15T18:47:12Z,2026-08-15T20:09:20.502998+00:00
7528,quick update the drainage motor on my front loader has turned into a recurring problem,negative,washing_machine,negative,washing_machine,0.9998090267181396,0.9993728399276733,True,True,informal,0,0,2026-08-15T18:47:12Z,2026-08-15T20:09:20.502998+00:00
7529,used front loader today fill valve breaks down when conditions change what a piece of crap,negative,washing_machine,negative,washing_machine,0.9999001622200012,0.9996806979179382,True,True,limited,1,0,2026-08-15T18:47:12Z,2026-08-15T20:09:20.502998+00:00
7530,got this wash unit drainage motor now is increasingly unreliable this shit is frustrating,negative,washing_machine,negative,washing_machine,0.9999789595603943,0.9998490810394287,True,True,limited,1,1,2026-08-15T18:47:12Z,2026-08-15T20:09:20.502998+00:00
7531,My subsequent experience changed the initial impression because the cell phone rear lens remains better than I expected; I checked it again before writing this.,positive,smartphone,positive,smartphone,0.9998278617858887,0.9999763369560242,True,True,advanced,0,0,2026-08-15T18:47:12Z,2026-08-15T20:09:20.502998+00:00
7532,"Across a shifted usage regime, the observed behavior of the screen unit built in audio behaves like a normal unit; this was not part of my first impression. nothing fucking special.",neutral,television,neutral,refrigerator,0.9999718070030212,0.9998950362205505,True,False,technical,1,0,2026-08-15T18:47:12Z,2026-08-15T20:09:20.502998+00:00
7533,used video today picture panel behaves like a normal unit,neutral,television,neutral,television,0.979013204574585,0.960899829864502,True,True,limited,0,1,2026-08-15T18:47:12Z,2026-08-15T20:09:20.502998+00:00
7534,used cold storage unit today thermostat fails under ordinary use what a piece of crap,negative,refrigerator,negative,refrigerator,0.9999672770500183,0.9999132752418518,True,True,limited,1,0,2026-08-15T18:47:12Z,2026-08-15T20:09:20.502998+00:00
7535,My subsequent experience changed the initial impression because the television set picture panel is neither impressive nor bad; the change appeared in a new situation.,neutral,television,neutral,television,0.9999986290931702,0.9999048113822937,True,True,advanced,0,0,2026-08-15T18:47:12Z,2026-08-15T20:09:20.502998+00:00
7536,"Viewed across several different situations, the usb port of the cell phone fails under ordinary use; this was not part of my first impression. what a piece of crap.",negative,smartphone,negative,smartphone,0.9999412894248962,0.9999811053276062,True,True,advanced,1,0,2026-08-15T18:47:12Z,2026-08-15T20:09:20.502998+00:00
7537,A later check showed that the power cell in the cell phone behaves like a normal unit; the behavior persisted across repeated attempts.,neutral,smartphone,neutral,smartphone,0.9999790787696838,0.9999765753746033,True,True,standard,0,0,2026-08-15T18:47:12Z,2026-08-15T20:09:20.502998+00:00
7538,My subsequent experience changed the initial impression because the wash unit fill valve has not let me down; this was not part of my first impression.,positive,washing_machine,positive,washing_machine,0.9999486804008484,0.9998595714569092,True,True,advanced,0,0,2026-08-15T18:47:12Z,2026-08-15T20:09:20.502998+00:00
7539,not gonna overthink it the food cooler gasket has turned into a recurring problem this shit is frustrating,negative,refrigerator,negative,refrigerator,0.9999757409095764,0.9999316334724426,True,True,informal,1,0,2026-08-15T18:47:12Z,2026-08-15T20:09:20.502998+00:00
7540,"Under conditions outside the original usage profile, the video input subsystem of the video panel is surprisingly dependable; this was not part of my first impression. damn this is good.",positive,television,positive,television,0.9999979138374329,0.9999635815620422,True,True,technical,1,0,2026-08-15T18:47:12Z,2026-08-15T20:09:20.502998+00:00
7541,quick update the video input on my screen unit is increasingly unreliable,negative,television,negative,television,0.9993230700492859,0.9997466802597046,True,True,informal,0,0,2026-08-15T18:47:12Z,2026-08-15T20:09:20.502998+00:00
7542,used cell phone today power cell like a normal unit,neutral,smartphone,neutral,smartphone,0.9829361438751221,0.9996063113212585,True,True,limited,0,0,2026-08-15T18:47:12Z,2026-08-15T20:09:20.502998+00:00
7543,quick update the fill valve on my wash unit fails under ordinary use this shit is frustrating,negative,washing_machine,negative,washing_machine,0.9999088644981384,0.9997773170471191,True,True,informal,1,0,2026-08-15T18:47:12Z,2026-08-15T20:09:20.502998+00:00
7544,My subsequent experience changed the initial impression because the cold storage unit ice tray system behaves like a normal unit; the change appeared in a new situation.,neutral,refrigerator,neutral,refrigerator,0.9999980330467224,0.9999198317527771,True,True,advanced,0,0,2026-08-15T18:47:12Z,2026-08-15T20:09:20.502998+00:00
7545,"Across a shifted usage regime, the observed behavior of the television set video input remains better than I expected; I checked it again before writing this.",positive,television,positive,television,0.9998874068260193,0.9999355673789978,True,True,technical,0,1,2026-08-15T18:47:12Z,2026-08-15T20:09:20.502998+00:00
7546,got this front loader fill valve now has not let me down this thing is fucking impressive,positive,washing_machine,positive,washing_machine,0.9999802708625793,0.9998652935028076,True,True,limited,1,0,2026-08-15T18:47:12Z,2026-08-15T20:09:20.502998+00:00
7547,quick update the picture panel on my television set has turned into a recurring problem,negative,television,negative,television,0.99971604347229,0.9996635317802429,True,True,informal,0,0,2026-08-15T18:47:12Z,2026-08-15T20:09:20.502998+00:00
7548,quick update the thermostat on my kitchen fridge behaves like a normal unit,neutral,refrigerator,neutral,refrigerator,0.9972135424613953,0.9997661113739014,True,True,informal,0,0,2026-08-15T18:47:12Z,2026-08-15T20:09:20.502998+00:00
7549,"Under conditions outside the original usage profile, the soap tray subsystem of the front loader is increasingly unreliable; this was not part of my first impression. this is fucking annoying.",negative,washing_machine,negative,washing_machine,0.9999346137046814,0.9999319911003113,True,True,technical,1,0,2026-08-15T18:47:12Z,2026-08-15T20:09:20.502998+00:00
7550,"Under conditions outside the original usage profile, the touch panel subsystem of the mobile still performs well under different use; this was not part of my first impression.",positive,smartphone,positive,smartphone,0.9999279379844666,0.9998664855957031,True,True,technical,0,0,2026-08-15T18:47:12Z,2026-08-15T20:09:20.502998+00:00
7551,"Under conditions outside the original usage profile, the gasket subsystem of the food cooler remains basically average; the behavior persisted across repeated attempts.",neutral,refrigerator,neutral,refrigerator,0.9999430775642395,0.9998643398284912,True,True,technical,0,0,2026-08-15T18:47:12Z,2026-08-15T20:09:20.502998+00:00
7552,"Viewed across several different situations, the thermostat of the kitchen fridge remains better than I expected; the change appeared in a new situation.",positive,refrigerator,positive,refrigerator,0.9999169707298279,0.9999187588691711,True,True,advanced,0,0,2026-08-15T18:47:12Z,2026-08-15T20:09:20.502998+00:00
7553,My subsequent experience changed the initial impression because the wash unit spin program is neither impressive nor bad; I checked it again before writing this.,neutral,washing_machine,neutral,washing_machine,0.9999986290931702,0.9998085498809814,True,True,advanced,0,1,2026-08-15T18:47:12Z,2026-08-15T20:09:20.502998+00:00
7554,got this video panel built in now is surprisingly dependable,positive,television,positive,television,0.9921510815620422,0.939395546913147,True,True,limited,0,0,2026-08-15T18:47:12Z,2026-08-15T20:09:20.502998+00:00
7555,"Viewed across several different situations, the compressor fan of the cold storage unit is surprisingly dependable; the behavior persisted across repeated attempts. damn this is good.",positive,refrigerator,positive,refrigerator,0.9999952912330627,0.9999592900276184,True,True,advanced,1,1,2026-08-15T18:47:12Z,2026-08-15T20:09:20.502998+00:00
7556,used cold storage unit today ice tray system is surprisingly dependable,positive,refrigerator,positive,refrigerator,0.8347534537315369,0.9995922446250916,True,True,limited,0,0,2026-08-15T18:47:12Z,2026-08-15T20:09:20.502998+00:00
7557,got mobile power cell now has not let me down,positive,smartphone,positive,smartphone,0.9987845420837402,0.9930376410484314,True,True,limited,0,0,2026-08-15T18:47:12Z,2026-08-15T20:09:20.502998+00:00
7558,not gonna overthink it the clothes washer soap tray remains basically average,neutral,washing_machine,neutral,washing_machine,0.9988160133361816,0.9988422989845276,True,True,informal,0,0,2026-08-15T18:47:12Z,2026-08-15T20:09:20.502998+00:00
7559,used wash unit today spin program breaks down when conditions change,negative,washing_machine,negative,washing_machine,0.9977532029151917,0.9981922507286072,True,True,limited,0,0,2026-08-15T18:47:12Z,2026-08-15T20:09:20.502998+00:00
7560,"Viewed across several different situations, the gasket of the cold storage unit still performs well under different use; the behavior persisted across repeated attempts. damn this is good.",positive,refrigerator,positive,refrigerator,0.9999973177909851,0.9999591708183289,True,True,advanced,1,0,2026-08-15T18:47:12Z,2026-08-15T20:09:20.502998+00:00
7561,My subsequent experience changed the initial impression because the front loader soap tray breaks down when conditions change; I checked it again before writing this. this is fucking annoying.,negative,washing_machine,negative,washing_machine,0.9981718063354492,0.9999266266822815,True,True,advanced,1,0,2026-08-15T18:47:12Z,2026-08-15T20:09:20.502998+00:00
7562,"Across a shifted usage regime, the observed behavior of the wash unit spin program has not let me down; I checked it again before writing this.",positive,washing_machine,positive,washing_machine,0.9998804926872253,0.9998847842216492,True,True,technical,0,0,2026-08-15T18:47:12Z,2026-08-15T20:09:20.502998+00:00
7563,"Across a shifted usage regime, the observed behavior of the cold storage unit gasket is increasingly unreliable; the behavior persisted across repeated attempts.",negative,refrigerator,negative,refrigerator,0.9999085068702698,0.9997737407684326,True,True,technical,0,0,2026-08-15T18:47:12Z,2026-08-15T20:09:20.502998+00:00
7564,quick update the rear lens on my cell phone is increasingly unreliable the damn thing keeps causing trouble,negative,smartphone,negative,smartphone,0.9999827742576599,0.9999896883964539,True,True,informal,1,0,2026-08-15T18:47:12Z,2026-08-15T20:09:20.502998+00:00
7565,My subsequent experience changed the initial impression because the cell phone power cell breaks down when conditions change; this was not part of my first impression.,negative,smartphone,negative,smartphone,0.7625476121902466,0.9999634623527527,True,True,advanced,0,1,2026-08-15T18:47:12Z,2026-08-15T20:09:20.502998+00:00
7566,got this pocket usb port now behaves like a normal unit nothin fucking special,neutral,smartphone,neutral,smartphone,0.9997596740722656,0.999198853969574,True,True,limited,1,0,2026-08-15T18:47:12Z,2026-08-15T20:09:20.502998+00:00
7567,got this clothes washer soap tray now is surprisingly dependable this thing is fucking impressive,positive,washing_machine,positive,washing_machine,0.9999441504478455,0.9998969435691833,True,True,limited,1,1,2026-08-15T18:47:12Z,2026-08-15T20:09:20.502998+00:00
7568,not gonna overthink it the food cooler thermostat remains basically average,neutral,refrigerator,neutral,refrigerator,0.9994509816169739,0.9960084557533264,True,True,informal,0,0,2026-08-15T18:47:12Z,2026-08-15T20:09:20.502998+00:00
7569,"Across a shifted usage regime, the observed behavior of the front loader spin program has turned into a recurring problem; the change appeared in a new situation.",negative,washing_machine,negative,washing_machine,0.9999350905418396,0.999902069568634,True,True,technical,0,0,2026-08-15T18:47:12Z,2026-08-15T20:09:20.502998+00:00
7570,"Across a shifted usage regime, the observed behavior of the clothes washer soap tray remains better than I expected; the behavior persisted across repeated attempts.",positive,washing_machine,positive,washing_machine,0.9998772144317627,0.9998903870582581,True,True,technical,0,1,2026-08-15T18:47:12Z,2026-08-15T20:09:20.502998+00:00
7571,"Viewed across several different situations, the soap tray of the front loader has turned into a recurring problem; this was not part of my first impression. this is fucking annoying.",negative,washing_machine,negative,washing_machine,0.9999833703041077,0.9999427199363708,True,True,advanced,1,0,2026-08-15T18:47:12Z,2026-08-15T20:09:20.502998+00:00
7572,A later check showed that the spin program in the wash unit remains better than I expected; this was not part of my first impression.,positive,washing_machine,positive,washing_machine,0.9999464154243469,0.9998813271522522,True,True,standard,0,0,2026-08-15T18:47:12Z,2026-08-15T20:09:20.502998+00:00
7573,"Under conditions outside the original usage profile, the video input subsystem of the video panel still performs well under different use; the change appeared in a new situation. this thing is fucking impressive.",positive,television,positive,television,0.9999788403511047,0.9999585747718811,True,True,technical,1,0,2026-08-15T18:47:12Z,2026-08-15T20:09:20.502998+00:00
7574,"Viewed across several different situations, the rear lens of the cell phone behaves like a normal unit; the behavior persisted across repeated attempts.",neutral,smartphone,neutral,smartphone,0.9994856715202332,0.9999729990959167,True,True,advanced,0,0,2026-08-15T18:47:12Z,2026-08-15T20:09:20.502998+00:00
7575,"Viewed across several different situations, the drainage motor of the clothes washer remains basically average; the change appeared in a new situation.",neutral,washing_machine,neutral,washing_machine,0.9999956488609314,0.9998519420623779,True,True,advanced,0,0,2026-08-15T18:47:12Z,2026-08-15T20:09:20.502998+00:00
7576,used cold storage unit today gasket remains better than i expected,positive,refrigerator,positive,refrigerator,0.9998130798339844,0.9996993541717529,True,True,limited,0,1,2026-08-15T18:47:12Z,2026-08-15T20:09:20.502998+00:00
7577,quick update the built in audio on my television set has turned into a recurring problem,negative,television,negative,television,0.9970034956932068,0.9998431205749512,True,True,informal,0,0,2026-08-15T18:47:12Z,2026-08-15T20:09:20.502998+00:00
7578,not gonna overthink it the cold storage unit thermostat shows no meaningful change,neutral,refrigerator,neutral,refrigerator,0.9979538321495056,0.9993443489074707,True,True,informal,0,0,2026-08-15T18:47:12Z,2026-08-15T20:09:20.502998+00:00
7579,quick update the fill valve on my front loader remains basically average,neutral,washing_machine,neutral,washing_machine,0.9971042275428772,0.9979519248008728,True,True,informal,0,0,2026-08-15T18:47:12Z,2026-08-15T20:09:20.502998+00:00
7580,not gonna overthink it the front loader spin program shows no meaningful change plain as shit,neutral,washing_machine,neutral,washing_machine,0.999999463558197,0.9997143745422363,True,True,informal,1,0,2026-08-15T18:47:12Z,2026-08-15T20:09:20.502998+00:00
7581,"After a trip, I noticed that the mobile power cell remains basically average; the behavior persisted across repeated attempts.",neutral,smartphone,neutral,smartphone,0.9999784827232361,0.9999123215675354,True,True,standard,0,1,2026-08-15T18:47:12Z,2026-08-15T20:09:20.502998+00:00
7582,got this wash unit soap tray now has turned into a recurring problem,negative,washing_machine,negative,washing_machine,0.9998838305473328,0.999294102191925,True,True,limited,0,0,2026-08-15T18:47:12Z,2026-08-15T20:09:20.502998+00:00
7583,not gonna overthink it the wash unit spin program is surprisingly dependable,positive,washing_machine,positive,washing_machine,0.9161038398742676,0.9976039528846741,True,True,informal,0,0,2026-08-15T18:47:12Z,2026-08-15T20:09:20.502998+00:00
7584,"Outside my usual routine, I noticed that the pocket device power cell is neither impressive nor bad; I checked it again before writing this.",neutral,smartphone,neutral,smartphone,0.9999944567680359,0.9999616742134094,True,True,standard,0,1,2026-08-15T18:47:12Z,2026-08-15T20:09:20.502998+00:00
7585,not gonna overthink it the screen unit picture panel shows no meaningful change,neutral,television,neutral,television,0.9945399165153503,0.9984054565429688,True,True,informal,0,1,2026-08-15T18:47:12Z,2026-08-15T20:09:20.502998+00:00
7586,My subsequent experience changed the initial impression because the cold storage unit thermostat is increasingly unreliable; I checked it again before writing this.,negative,refrigerator,negative,refrigerator,0.9997384548187256,0.9999088644981384,True,True,advanced,0,0,2026-08-15T18:47:12Z,2026-08-15T20:09:20.502998+00:00
7587,got this video panel picture panel now shows no meaningful change,neutral,television,neutral,television,0.9699209928512573,0.9871945977210999,True,True,limited,0,0,2026-08-15T18:47:12Z,2026-08-15T20:09:20.502998+00:00
7588,A later check showed that the soap tray in the clothes washer breaks down when conditions change; the behavior persisted across repeated attempts.,negative,washing_machine,negative,washing_machine,0.9978321194648743,0.9998557567596436,True,True,standard,0,0,2026-08-15T18:47:12Z,2026-08-15T20:09:20.502998+00:00
7589,"Outside my usual routine, I noticed that the food cooler ice tray system behaves like a normal unit; I checked it again before writing this.",neutral,refrigerator,neutral,refrigerator,0.9999902844429016,0.9999292492866516,True,True,standard,0,0,2026-08-15T18:47:12Z,2026-08-15T20:09:20.502998+00:00
7590,not gonna overthink it the pocket device power cell still performs well under different use,positive,smartphone,positive,smartphone,0.9992167353630066,0.9999247193336487,True,True,informal,0,0,2026-08-15T18:47:12Z,2026-08-15T20:09:20.502998+00:00
7591,"Across a shifted usage regime, the observed behavior of the mobile usb port is neither impressive nor bad; this was not part of my first impression.",neutral,smartphone,neutral,smartphone,0.9999688267707825,0.999925434589386,True,True,technical,0,0,2026-08-15T18:47:12Z,2026-08-15T20:09:20.502998+00:00
7592,"Viewed across several different situations, the usb port of the mobile has not let me down; I checked it again before writing this.",positive,smartphone,positive,smartphone,0.9997866153717041,0.999960720539093,True,True,advanced,0,0,2026-08-15T18:47:12Z,2026-08-15T20:09:20.502998+00:00
7593,My subsequent experience changed the initial impression because the front loader soap tray still performs well under different use; this was not part of my first impression. good as hell.,positive,washing_machine,positive,washing_machine,0.9999975562095642,0.9999489188194275,True,True,advanced,1,0,2026-08-15T18:47:12Z,2026-08-15T20:09:20.502998+00:00
7594,got this screen unit built in audio now is neither impressive nor bad,neutral,television,neutral,television,0.9650629162788391,0.9997987747192383,True,True,limited,0,0,2026-08-15T18:47:12Z,2026-08-15T20:09:20.502998+00:00
7595,My subsequent experience changed the initial impression because the pocket device power cell shows no meaningful change; this was not part of my first impression.,neutral,smartphone,neutral,smartphone,0.9999993443489075,0.9999193549156189,True,True,advanced,0,0,2026-08-15T18:47:12Z,2026-08-15T20:09:20.502998+00:00
7596,"Viewed across several different situations, the video input of the video panel is surprisingly dependable; the behavior persisted across repeated attempts. damn this is good.",positive,television,positive,television,0.9999911189079285,0.9999547600746155,True,True,advanced,1,0,2026-08-15T18:47:12Z,2026-08-15T20:09:20.502998+00:00
7597,not gonna overthink it the television set picture panel is surprisingly dependable,positive,television,positive,television,0.9779987931251526,0.9987046122550964,True,True,informal,0,0,2026-08-15T18:47:12Z,2026-08-15T20:09:20.502998+00:00
7598,"Under conditions outside the original usage profile, the controller subsystem of the television set is neither impressive nor bad; the change appeared in a new situation.",neutral,television,neutral,television,0.9999775290489197,0.9999192357063293,True,True,technical,0,0,2026-08-15T18:47:12Z,2026-08-15T20:09:20.502998+00:00
7599,My subsequent experience changed the initial impression because the kitchen fridge gasket has turned into a recurring problem; the behavior persisted across repeated attempts.,negative,refrigerator,negative,refrigerator,0.999911367893219,0.999904215335846,True,True,advanced,0,0,2026-08-15T18:47:12Z,2026-08-15T20:09:20.502998+00:00
7600,My subsequent experience changed the initial impression because the cell phone touch panel shows no meaningful change; this was not part of my first impression.,neutral,smartphone,neutral,smartphone,0.9999993443489075,0.9999150633811951,True,True,advanced,0,1,2026-08-15T18:47:12Z,2026-08-15T20:09:20.502998+00:00
7601,"Viewed across several different situations, the built in audio of the video panel breaks down when conditions change; the change appeared in a new situation.",negative,television,negative,television,0.9987914562225342,0.9998607635498047,True,True,advanced,0,0,2026-08-15T18:47:12Z,2026-08-15T20:09:20.502998+00:00
7602,A later check showed that the touch panel in the mobile is surprisingly dependable; this was not part of my first impression.,positive,smartphone,positive,smartphone,0.9996384978294373,0.9997668266296387,True,True,standard,0,0,2026-08-15T18:47:12Z,2026-08-15T20:09:20.502998+00:00
7603,used pocket device today rear lens is surprisingly damn this is good,positive,smartphone,positive,smartphone,0.9999080300331116,0.9998667240142822,True,True,limited,1,0,2026-08-15T18:47:12Z,2026-08-15T20:09:20.502998+00:00
7604,quick update the controller on my video panel is increasingly unreliable what a piece of crap,negative,television,negative,smartphone,0.9999666810035706,0.9603957533836365,True,False,informal,1,0,2026-08-15T18:47:12Z,2026-08-15T20:09:20.502998+00:00
7605,got this wash unit drainage motor now is neither impressive nor bad,neutral,washing_machine,neutral,washing_machine,0.9980023503303528,0.9987967014312744,True,True,limited,0,1,2026-08-15T18:47:12Z,2026-08-15T20:09:20.502998+00:00
7606,"Viewed across several different situations, the rear lens of the cell phone fails under ordinary use; the change appeared in a new situation.",negative,smartphone,negative,smartphone,0.9992093443870544,0.9999659657478333,True,True,advanced,0,1,2026-08-15T18:47:12Z,2026-08-15T20:09:20.502998+00:00
7607,"Under conditions outside the original usage profile, the soap tray subsystem of the wash unit behaves like a normal unit; I checked it again before writing this.",neutral,washing_machine,neutral,washing_machine,0.9987462759017944,0.9995879530906677,True,True,technical,0,0,2026-08-15T18:47:12Z,2026-08-15T20:09:20.502998+00:00
7608,not gonna overthink it the mobile power cell has not let me down,positive,smartphone,positive,smartphone,0.9985880851745605,0.9995936751365662,True,True,informal,0,0,2026-08-15T18:47:12Z,2026-08-15T20:09:20.502998+00:00
7609,"After changing settings, I noticed that the cell phone touch panel breaks down when conditions change; the behavior persisted across repeated attempts.",negative,smartphone,negative,smartphone,0.9997994899749756,0.9999468922615051,True,True,standard,0,0,2026-08-15T18:47:12Z,2026-08-15T20:09:20.502998+00:00
7610,got this cell phone panel now still performs well under different use,positive,smartphone,positive,smartphone,0.9995653629302979,0.9996666312217712,True,True,limited,0,0,2026-08-15T18:47:12Z,2026-08-15T20:09:20.502998+00:00
7611,not gonna overthink it the wash unit spin program still performs well under different use,positive,washing_machine,positive,washing_machine,0.9992543458938599,0.9990505576133728,True,True,informal,0,0,2026-08-15T18:47:12Z,2026-08-15T20:09:20.502998+00:00
7612,got this front loader soap tray now behaves like a normal unit,neutral,washing_machine,neutral,washing_machine,0.9393346309661865,0.9994661211967468,True,True,limited,0,1,2026-08-15T18:47:12Z,2026-08-15T20:09:20.502998+00:00
7613,A later check showed that the power cell in the pocket device remains better than I expected; this was not part of my first impression. good as hell.,positive,smartphone,positive,smartphone,0.9999961256980896,0.999992311000824,True,True,standard,1,0,2026-08-15T18:47:12Z,2026-08-15T20:09:20.502998+00:00
7614,"Under conditions outside the original usage profile, the power cell subsystem of the pocket device is surprisingly dependable; the change appeared in a new situation.",positive,smartphone,positive,smartphone,0.9980795979499817,0.9999461770057678,True,True,technical,0,0,2026-08-15T18:47:12Z,2026-08-15T20:09:20.502998+00:00
7615,My subsequent experience changed the initial impression because the television set picture panel has not let me down; I checked it again before writing this.,positive,television,positive,television,0.9998056888580322,0.9999105334281921,True,True,advanced,0,0,2026-08-15T18:47:12Z,2026-08-15T20:09:20.502998+00:00
7616,got this kitchen fridge tray system now still performs well under different use damn this is good,positive,refrigerator,positive,refrigerator,0.9999979138374329,0.9999532103538513,True,True,limited,1,0,2026-08-15T18:47:12Z,2026-08-15T20:09:20.502998+00:00
7617,used cell phone today rear lens shows no meaningful change the damn thing is basically average,neutral,smartphone,neutral,smartphone,0.9999995827674866,0.9999646544456482,True,True,limited,1,0,2026-08-15T18:47:12Z,2026-08-15T20:09:20.502998+00:00
7618,used television set today panel shows no meaningful change,neutral,television,neutral,television,0.9995798468589783,0.9995306730270386,True,True,limited,0,0,2026-08-15T18:47:12Z,2026-08-15T20:09:20.502998+00:00
7619,quick update the picture panel on my screen unit is surprisingly dependable this thing is fucking impressive,positive,television,positive,television,0.9998672008514404,0.9994964003562927,True,True,informal,1,0,2026-08-15T18:47:12Z,2026-08-15T20:09:20.502998+00:00
7620,"Outside my usual routine, I noticed that the mobile touch panel fails under ordinary use; I checked it again before writing this.",negative,smartphone,negative,smartphone,0.9998252391815186,0.999440610408783,True,True,standard,0,1,2026-08-15T18:47:12Z,2026-08-15T20:09:20.502998+00:00
7621,used screen unit today controller remains better than i expected this thing is fucking impressive,positive,television,positive,television,0.9999770522117615,0.999912440776825,True,True,limited,1,0,2026-08-15T18:47:12Z,2026-08-15T20:09:20.502998+00:00
7622,"Under conditions outside the original usage profile, the fill valve subsystem of the wash unit has turned into a recurring problem; this was not part of my first impression. the damn thing keeps causing trouble.",negative,washing_machine,negative,washing_machine,0.9999939799308777,0.9999293684959412,True,True,technical,1,1,2026-08-15T18:47:12Z,2026-08-15T20:09:20.502998+00:00
7623,"Under conditions outside the original usage profile, the usb port subsystem of the mobile is surprisingly dependable; the change appeared in a new situation. good as hell.",positive,smartphone,positive,smartphone,0.9999933838844299,0.9999825358390808,True,True,technical,1,1,2026-08-15T18:47:12Z,2026-08-15T20:09:20.502998+00:00
7624,"During a heavy day of use, I noticed that the video panel video input still performs well under different use; the change appeared in a new situation.",positive,television,positive,television,0.9999096989631653,0.9999235272407532,True,True,standard,0,1,2026-08-15T18:47:12Z,2026-08-15T20:09:20.502998+00:00
7625,used food cooler today thermostat breaks down when conditions change,negative,refrigerator,negative,refrigerator,0.9877597689628601,0.9972803592681885,True,True,limited,0,0,2026-08-15T18:47:12Z,2026-08-15T20:09:20.502998+00:00
7626,got this clothes washer valve now is surprisingly dependable this thing is fucking impressive,positive,washing_machine,positive,washing_machine,0.9999192357063293,0.9998598098754883,True,True,limited,1,1,2026-08-15T18:47:12Z,2026-08-15T20:09:20.502998+00:00
7627,"Outside my usual routine, I noticed that the mobile touch panel is surprisingly dependable; I checked it again before writing this.",positive,smartphone,positive,smartphone,0.9930799007415771,0.9995970129966736,True,True,standard,0,0,2026-08-15T18:47:12Z,2026-08-15T20:09:20.502998+00:00
7628,quick update the ice tray system on my cold storage unit is increasingly unreliable,negative,refrigerator,negative,refrigerator,0.9990314245223999,0.999873161315918,True,True,informal,0,0,2026-08-15T18:47:12Z,2026-08-15T20:09:20.502998+00:00
7629,got this mobile power now shows no meaningful change,neutral,smartphone,neutral,smartphone,0.9928683042526245,0.9386608600616455,True,True,limited,0,1,2026-08-15T18:47:12Z,2026-08-15T20:09:20.502998+00:00
7630,A later check showed that the video input in the screen unit remains better than I expected; the change appeared in a new situation.,positive,television,positive,television,0.9999290108680725,0.9999341368675232,True,True,standard,0,0,2026-08-15T18:47:12Z,2026-08-15T20:09:20.502998+00:00
7631,"Viewed across several different situations, the compressor fan of the food cooler remains better than I expected; the behavior persisted across repeated attempts. damn this is good.",positive,refrigerator,positive,refrigerator,0.9999973177909851,0.9999598860740662,True,True,advanced,1,1,2026-08-15T18:47:12Z,2026-08-15T20:09:20.502998+00:00
7632,got this screen video input now is surprisingly dependable,positive,television,positive,television,0.973524808883667,0.9991093277931213,True,True,limited,0,0,2026-08-15T18:47:12Z,2026-08-15T20:09:20.502998+00:00
7633,not gonna overthink it the mobile rear lens shows no meaningful change nothing fucking special,neutral,smartphone,neutral,smartphone,0.9999656081199646,0.9998626708984375,True,True,informal,1,1,2026-08-15T18:47:12Z,2026-08-15T20:09:20.502998+00:00
7634,"Across a shifted usage regime, the observed behavior of the mobile usb port remains basically average; this was not part of my first impression. plain as shit.",neutral,smartphone,neutral,smartphone,0.9999998211860657,0.9271705150604248,True,True,technical,1,0,2026-08-15T18:47:12Z,2026-08-15T20:09:20.502998+00:00
7635,not gonna overthink it the pocket device rear lens is increasingly unreliable this is fucking annoying,negative,smartphone,negative,smartphone,0.9999458193778992,0.9999856352806091,True,True,informal,1,0,2026-08-15T18:47:12Z,2026-08-15T20:09:20.502998+00:00
7636,My subsequent experience changed the initial impression because the cell phone rear lens is surprisingly dependable; I checked it again before writing this.,positive,smartphone,positive,smartphone,0.9902641177177429,0.999961793422699,True,True,advanced,0,0,2026-08-15T18:47:12Z,2026-08-15T20:09:20.502998+00:00
7637,quick update the soap tray on my front loader still performs well under different use,positive,washing_machine,positive,washing_machine,0.9998419284820557,0.9990183115005493,True,True,informal,0,0,2026-08-15T18:47:12Z,2026-08-15T20:09:20.502998+00:00
7638,got this food cooler thermostat now behaves like a unit,neutral,refrigerator,neutral,refrigerator,0.9801695346832275,0.9978845715522766,True,True,limited,0,0,2026-08-15T18:47:12Z,2026-08-15T20:09:20.502998+00:00
7639,quick update the usb port on my mobile has turned into a recurring problem,negative,smartphone,negative,smartphone,0.9998428821563721,0.9998366832733154,True,True,informal,0,0,2026-08-15T18:47:12Z,2026-08-15T20:09:20.502998+00:00
7640,not gonna overthink it the front loader soap tray shows no meaningful change,neutral,washing_machine,neutral,washing_machine,0.9963697195053101,0.994478166103363,True,True,informal,0,0,2026-08-15T18:47:12Z,2026-08-15T20:09:20.502998+00:00
7641,My subsequent experience changed the initial impression because the wash unit drainage motor is increasingly unreliable; the change appeared in a new situation.,negative,washing_machine,negative,washing_machine,0.9965136051177979,0.9998278617858887,True,True,advanced,0,1,2026-08-15T18:47:12Z,2026-08-15T20:09:20.502998+00:00
7642,My subsequent experience changed the initial impression because the cold storage unit ice tray system still performs well under different use; I checked it again before writing this.,positive,refrigerator,positive,refrigerator,0.9999073147773743,0.9999328255653381,True,True,advanced,0,0,2026-08-15T18:47:12Z,2026-08-15T20:09:20.502998+00:00
7643,quick update the controller on my video panel remains basically average,neutral,television,neutral,television,0.9969543218612671,0.6852838397026062,True,True,informal,0,0,2026-08-15T18:47:12Z,2026-08-15T20:09:20.502998+00:00
7644,got this video panel picture panel now is increasingly unreliable,negative,television,negative,television,0.9997481107711792,0.8299112319946289,True,True,limited,0,1,2026-08-15T18:47:12Z,2026-08-15T20:09:20.502998+00:00
7645,"During a heavy day of use, I noticed that the cold storage unit thermostat remains better than I expected; the change appeared in a new situation. good as hell.",positive,refrigerator,positive,refrigerator,0.9999982714653015,0.9999538064002991,True,True,standard,1,0,2026-08-15T18:47:12Z,2026-08-15T20:09:20.502998+00:00
7646,not gonna overthink it the pocket device touch panel still performs well under different use this thing is fucking impressive,positive,smartphone,positive,smartphone,0.9999753832817078,0.9999811053276062,True,True,informal,1,0,2026-08-15T18:47:12Z,2026-08-15T20:09:20.502998+00:00
7647,used clothes washer today soap tray is neither impressive nor bad,neutral,washing_machine,neutral,washing_machine,0.9990784525871277,0.9989355206489563,True,True,limited,0,0,2026-08-15T18:47:12Z,2026-08-15T20:09:20.502998+00:00
7648,"Viewed across several different situations, the rear lens of the pocket device is neither impressive nor bad; the change appeared in a new situation.",neutral,smartphone,neutral,smartphone,0.9999892115592957,0.9999720454216003,True,True,advanced,0,0,2026-08-15T18:47:12Z,2026-08-15T20:09:20.502998+00:00
7649,quick update the controller on my screen unit breaks down when conditions change what a piece of crap,negative,television,negative,television,0.9999269843101501,0.9995893836021423,True,True,informal,1,0,2026-08-15T18:47:12Z,2026-08-15T20:09:20.502998+00:00
7650,"Under conditions outside the original usage profile, the power cell subsystem of the cell phone is surprisingly dependable; I checked it again before writing this. good as hell.",positive,smartphone,positive,smartphone,0.9999842047691345,0.9999901652336121,True,True,technical,1,0,2026-08-15T18:47:12Z,2026-08-15T20:09:20.502998+00:00
7651,"Under conditions outside the original usage profile, the soap tray subsystem of the front loader remains better than I expected; the behavior persisted across repeated attempts. damn this is good.",positive,washing_machine,positive,washing_machine,0.9999962449073792,0.99994295835495,True,True,technical,1,0,2026-08-15T18:47:12Z,2026-08-15T20:09:20.502998+00:00
7652,got this clothes washer spin program now like a normal unit,neutral,washing_machine,neutral,washing_machine,0.9020442366600037,0.9997680187225342,True,True,limited,0,0,2026-08-15T18:47:12Z,2026-08-15T20:09:20.502998+00:00
7653,"Under conditions outside the original usage profile, the rear lens subsystem of the pocket device fails under ordinary use; I checked it again before writing this.",negative,smartphone,negative,smartphone,0.9997477531433105,0.9999459385871887,True,True,technical,0,0,2026-08-15T18:47:12Z,2026-08-15T20:09:20.502998+00:00
7654,"Viewed across several different situations, the picture panel of the video panel still performs well under different use; the change appeared in a new situation. good as hell.",positive,television,positive,television,0.9999977946281433,0.9998969435691833,True,True,advanced,1,0,2026-08-15T18:47:12Z,2026-08-15T20:09:20.502998+00:00
7655,My subsequent experience changed the initial impression because the front loader soap tray is neither impressive nor bad; the behavior persisted across repeated attempts. nothing fucking special.,neutral,washing_machine,neutral,washing_machine,0.9999993443489075,0.999910295009613,True,True,advanced,1,0,2026-08-15T18:47:12Z,2026-08-15T20:09:20.502998+00:00
7656,My subsequent experience changed the initial impression because the mobile rear lens fails under ordinary use; I checked it again before writing this.,negative,smartphone,negative,smartphone,0.9989923238754272,0.9998574256896973,True,True,advanced,0,0,2026-08-15T18:47:12Z,2026-08-15T20:09:20.502998+00:00
7657,quick update the thermostat on my kitchen fridge still performs well under different use,positive,refrigerator,positive,refrigerator,0.9996306300163269,0.9998042583465576,True,True,informal,0,0,2026-08-15T18:47:12Z,2026-08-15T20:09:20.502998+00:00
7658,"Viewed across several different situations, the picture panel of the television set remains better than I expected; this was not part of my first impression. damn this is good.",positive,television,positive,television,0.9999985098838806,0.9999657273292542,True,True,advanced,1,1,2026-08-15T18:47:12Z,2026-08-15T20:09:20.502998+00:00
7659,"After changing settings, I noticed that the front loader fill valve shows no meaningful change; this was not part of my first impression.",neutral,washing_machine,neutral,washing_machine,0.9999625086784363,0.9997141361236572,True,True,standard,0,0,2026-08-15T18:47:12Z,2026-08-15T20:09:20.502998+00:00
7660,"Under conditions outside the original usage profile, the compressor fan subsystem of the cold storage unit remains basically average; I checked it again before writing this.",neutral,refrigerator,neutral,refrigerator,0.999824047088623,0.9999319911003113,True,True,technical,0,1,2026-08-15T18:47:12Z,2026-08-15T20:09:20.502998+00:00
7661,"Outside my usual routine, I noticed that the clothes washer drainage motor is surprisingly dependable; the change appeared in a new situation.",positive,washing_machine,positive,washing_machine,0.997923731803894,0.9998574256896973,True,True,standard,0,0,2026-08-15T18:47:12Z,2026-08-15T20:09:20.502998+00:00
7662,not gonna overthink it the screen unit picture panel has turned into a recurring problem,negative,television,negative,television,0.999927818775177,0.9993807077407837,True,True,informal,0,0,2026-08-15T18:47:12Z,2026-08-15T20:09:20.502998+00:00
7663,My subsequent experience changed the initial impression because the cold storage unit thermostat fails under ordinary use; this was not part of my first impression.,negative,refrigerator,negative,refrigerator,0.984441339969635,0.9998994469642639,True,True,advanced,0,0,2026-08-15T18:47:12Z,2026-08-15T20:09:20.502998+00:00
7664,quick update the soap tray on my front loader remains better than i expected,positive,washing_machine,positive,washing_machine,0.9999534487724304,0.9991853833198547,True,True,informal,0,0,2026-08-15T18:47:12Z,2026-08-15T20:09:20.502998+00:00
7665,used panel today built in audio shows no meaningful change,neutral,television,neutral,television,0.9987469911575317,0.9955500960350037,True,True,limited,0,1,2026-08-15T18:47:12Z,2026-08-15T20:09:20.502998+00:00
7666,"Under conditions outside the original usage profile, the compressor fan subsystem of the cold storage unit still performs well under different use; this was not part of my first impression.",positive,refrigerator,positive,refrigerator,0.9999317526817322,0.9999131560325623,True,True,technical,0,0,2026-08-15T18:47:12Z,2026-08-15T20:09:20.502998+00:00
7667,A later check showed that the power cell in the mobile is neither impressive nor bad; I checked it again before writing this. the damn thing is basically average.,neutral,smartphone,neutral,smartphone,0.9999998211860657,0.9999913573265076,True,True,standard,1,0,2026-08-15T18:47:12Z,2026-08-15T20:09:20.502998+00:00
7668,"Viewed across several different situations, the thermostat of the cold storage unit is surprisingly dependable; the change appeared in a new situation.",positive,refrigerator,positive,refrigerator,0.9993487596511841,0.9999077916145325,True,True,advanced,0,0,2026-08-15T18:47:12Z,2026-08-15T20:09:20.502998+00:00
7669,used mobile today touch panel remains basically average,neutral,smartphone,neutral,smartphone,0.9991955161094666,0.8585095405578613,True,True,limited,0,0,2026-08-15T18:47:12Z,2026-08-15T20:09:20.502998+00:00
7670,got this screen unit video input now breaks down when conditions change this is frustrating,negative,television,negative,television,0.9999299645423889,0.9999240040779114,True,True,limited,1,0,2026-08-15T18:47:12Z,2026-08-15T20:09:20.502998+00:00
7671,not gonna overthink it the video panel controller remains basically average,neutral,television,neutral,television,0.9980567097663879,0.7531261444091797,True,True,informal,0,0,2026-08-15T18:47:12Z,2026-08-15T20:09:20.502998+00:00
7672,"When another person used it, I noticed that the video panel controller has not let me down; this was not part of my first impression. good as hell.",positive,television,positive,television,0.999998152256012,0.9659165740013123,True,True,standard,1,0,2026-08-15T18:47:12Z,2026-08-15T20:09:20.502998+00:00
7673,"Across a shifted usage regime, the observed behavior of the mobile power cell behaves like a normal unit; this was not part of my first impression.",neutral,smartphone,neutral,refrigerator,0.9999237656593323,0.9992422461509705,True,False,technical,0,0,2026-08-15T18:47:12Z,2026-08-15T20:09:20.502998+00:00
7674,"When another person used it, I noticed that the cold storage unit compressor fan is surprisingly dependable; the behavior persisted across repeated attempts.",positive,refrigerator,positive,refrigerator,0.998906135559082,0.9998968243598938,True,True,standard,0,0,2026-08-15T18:47:12Z,2026-08-15T20:09:20.502998+00:00
7675,got this wash unit drainage motor now shows no meaningful change,neutral,washing_machine,neutral,washing_machine,0.9944146275520325,0.9983255863189697,True,True,limited,0,0,2026-08-15T18:47:12Z,2026-08-15T20:09:20.502998+00:00
7676,"Viewed across several different situations, the soap tray of the clothes washer remains better than I expected; the behavior persisted across repeated attempts.",positive,washing_machine,positive,washing_machine,0.9998319149017334,0.9998524188995361,True,True,advanced,0,1,2026-08-15T18:47:12Z,2026-08-15T20:09:20.502998+00:00
7677,"Viewed across several different situations, the gasket of the cold storage unit has not let me down; I checked it again before writing this.",positive,refrigerator,positive,refrigerator,0.9997971057891846,0.9999284148216248,True,True,advanced,0,0,2026-08-15T18:47:12Z,2026-08-15T20:09:20.502998+00:00
7678,"When another person used it, I noticed that the cell phone touch panel behaves like a normal unit; this was not part of my first impression.",neutral,smartphone,neutral,smartphone,0.9999313950538635,0.9999741911888123,True,True,standard,0,0,2026-08-15T18:47:12Z,2026-08-15T20:09:20.502998+00:00
7679,not gonna overthink it the screen unit controller still performs well under different use,positive,television,positive,television,0.9995408058166504,0.9961373805999756,True,True,informal,0,0,2026-08-15T18:47:12Z,2026-08-15T20:09:20.502998+00:00
7680,"During a heavy day of use, I noticed that the video panel video input fails under ordinary use; the behavior persisted across repeated attempts.",negative,television,negative,television,0.9999738335609436,0.9998538494110107,True,True,standard,0,0,2026-08-15T18:47:12Z,2026-08-15T20:09:20.502998+00:00
7681,quick update the built in audio on my television set still performs well under different use,positive,television,positive,television,0.9998514652252197,0.9998407363891602,True,True,informal,0,0,2026-08-15T18:47:12Z,2026-08-15T20:09:20.502998+00:00
7682,"When another person used it, I noticed that the mobile rear lens fails under ordinary use; I checked it again before writing this.",negative,smartphone,negative,smartphone,0.9999374747276306,0.9999695420265198,True,True,standard,0,0,2026-08-15T18:47:12Z,2026-08-15T20:09:20.502998+00:00
7683,My subsequent experience changed the initial impression because the clothes washer soap tray is increasingly unreliable; this was not part of my first impression.,negative,washing_machine,negative,washing_machine,0.9833394885063171,0.9998837113380432,True,True,advanced,0,0,2026-08-15T18:47:12Z,2026-08-15T20:09:20.502998+00:00
7684,"Across a shifted usage regime, the observed behavior of the kitchen fridge thermostat shows no meaningful change; the behavior persisted across repeated attempts.",neutral,refrigerator,neutral,refrigerator,0.9999850392341614,0.9998814463615417,True,True,technical,0,0,2026-08-15T18:47:12Z,2026-08-15T20:09:20.502998+00:00
7685,"Viewed across several different situations, the drainage motor of the clothes washer remains better than I expected; I checked it again before writing this.",positive,washing_machine,positive,washing_machine,0.9998869299888611,0.9998588562011719,True,True,advanced,0,0,2026-08-15T18:47:12Z,2026-08-15T20:09:20.502998+00:00
7686,"Across a shifted usage regime, the observed behavior of the cold storage unit ice tray system fails under ordinary use; this was not part of my first impression.",negative,refrigerator,negative,refrigerator,0.9992624521255493,0.9999049305915833,True,True,technical,0,0,2026-08-15T18:47:12Z,2026-08-15T20:09:20.502998+00:00
7687,"Across a shifted usage regime, the observed behavior of the cell phone rear lens has turned into a recurring problem; I checked it again before writing this.",negative,smartphone,negative,smartphone,0.9999681115150452,0.9999728798866272,True,True,technical,0,0,2026-08-15T18:47:12Z,2026-08-15T20:09:20.502998+00:00
7688,used kitchen fridge today gasket behaves like a unit,neutral,refrigerator,neutral,refrigerator,0.9935075044631958,0.9993234276771545,True,True,limited,0,1,2026-08-15T18:47:12Z,2026-08-15T20:09:20.502998+00:00
7689,"After changing settings, I noticed that the wash unit spin program still performs well under different use; this was not part of my first impression. good as hell.",positive,washing_machine,positive,washing_machine,0.9999979138374329,0.9999424815177917,True,True,standard,1,0,2026-08-15T18:47:12Z,2026-08-15T20:09:20.502998+00:00
7690,My subsequent experience changed the initial impression because the wash unit soap tray remains better than I expected; this was not part of my first impression.,positive,washing_machine,positive,washing_machine,0.9999604821205139,0.9998571872711182,True,True,advanced,0,0,2026-08-15T18:47:12Z,2026-08-15T20:09:20.502998+00:00
7691,"Across a shifted usage regime, the observed behavior of the front loader spin program has not let me down; the behavior persisted across repeated attempts.",positive,washing_machine,positive,washing_machine,0.9998044967651367,0.9998846650123596,True,True,technical,0,0,2026-08-15T18:47:12Z,2026-08-15T20:09:20.502998+00:00
7692,"Under conditions outside the original usage profile, the drainage motor subsystem of the wash unit fails under ordinary use; the change appeared in a new situation.",negative,washing_machine,negative,washing_machine,0.9996740221977234,0.9997575283050537,True,True,technical,0,0,2026-08-15T18:47:12Z,2026-08-15T20:09:20.502998+00:00
7693,"Viewed across several different situations, the gasket of the food cooler remains basically average; the change appeared in a new situation.",neutral,refrigerator,neutral,refrigerator,0.999994695186615,0.999893844127655,True,True,advanced,0,1,2026-08-15T18:47:12Z,2026-08-15T20:09:20.502998+00:00
7694,"During a heavy day of use, I noticed that the pocket device usb port is increasingly unreliable; the behavior persisted across repeated attempts.",negative,smartphone,negative,smartphone,0.9999753832817078,0.9999646544456482,True,True,standard,0,0,2026-08-15T18:47:12Z,2026-08-15T20:09:20.502998+00:00
7695,"Across a shifted usage regime, the observed behavior of the kitchen fridge thermostat is surprisingly dependable; the behavior persisted across repeated attempts. this thing is fucking impressive.",positive,refrigerator,positive,refrigerator,0.9998989701271057,0.9999393820762634,True,True,technical,1,0,2026-08-15T18:47:12Z,2026-08-15T20:09:20.502998+00:00
7696,quick update the spin program on my front loader still performs well under different use,positive,washing_machine,positive,washing_machine,0.9998188018798828,0.9996468424797058,True,True,informal,0,0,2026-08-15T18:47:12Z,2026-08-15T20:09:20.502998+00:00
7697,used pocket device today touch panel has into a recurring problem,negative,smartphone,negative,smartphone,0.999494731426239,0.972299337387085,True,True,limited,0,0,2026-08-15T18:47:12Z,2026-08-15T20:09:20.502998+00:00
7698,"When another person used it, I noticed that the food cooler compressor fan behaves like a normal unit; this was not part of my first impression.",neutral,refrigerator,neutral,refrigerator,0.9997493028640747,0.9999094605445862,True,True,standard,0,0,2026-08-15T18:47:12Z,2026-08-15T20:09:20.502998+00:00
7699,"Viewed across several different situations, the compressor fan of the food cooler is neither impressive nor bad; the behavior persisted across repeated attempts.",neutral,refrigerator,neutral,refrigerator,0.9999710917472839,0.9999101758003235,True,True,advanced,0,0,2026-08-15T18:47:12Z,2026-08-15T20:09:20.502998+00:00
7700,"Across a shifted usage regime, the observed behavior of the video panel picture panel fails under ordinary use; the change appeared in a new situation.",negative,television,negative,television,0.9998433589935303,0.9338865876197815,True,True,technical,0,0,2026-08-15T18:47:12Z,2026-08-15T20:09:20.502998+00:00
7701,"Outside my usual routine, I noticed that the television set controller is neither impressive nor bad; I checked it again before writing this.",neutral,television,neutral,television,0.9999895691871643,0.9999207854270935,True,True,standard,0,0,2026-08-15T18:47:12Z,2026-08-15T20:09:20.502998+00:00
7702,A later check showed that the drainage motor in the front loader is neither impressive nor bad; I checked it again before writing this.,neutral,washing_machine,neutral,washing_machine,0.9999831318855286,0.9997704029083252,True,True,standard,0,0,2026-08-15T18:47:12Z,2026-08-15T20:09:20.502998+00:00
7703,A later check showed that the soap tray in the wash unit remains basically average; I checked it again before writing this.,neutral,washing_machine,neutral,washing_machine,0.9999881386756897,0.9996210932731628,True,True,standard,0,0,2026-08-15T18:47:12Z,2026-08-15T20:09:20.502998+00:00
7704,"Under conditions outside the original usage profile, the compressor fan subsystem of the kitchen fridge breaks down when conditions change; this was not part of my first impression.",negative,refrigerator,negative,refrigerator,0.9958759546279907,0.9999125599861145,True,True,technical,0,0,2026-08-15T18:47:12Z,2026-08-15T20:09:20.502998+00:00
7705,"Viewed across several different situations, the usb port of the pocket device fails under ordinary use; the behavior persisted across repeated attempts.",negative,smartphone,negative,smartphone,0.9999106526374817,0.9999390244483948,True,True,advanced,0,0,2026-08-15T18:47:12Z,2026-08-15T20:09:20.502998+00:00
7706,"During a heavy day of use, I noticed that the front loader soap tray has not let me down; the change appeared in a new situation.",positive,washing_machine,positive,washing_machine,0.9999560713768005,0.9998700618743896,True,True,standard,0,1,2026-08-15T18:47:12Z,2026-08-15T20:09:20.502998+00:00
7707,My subsequent experience changed the initial impression because the mobile usb port still performs well under different use; the change appeared in a new situation. damn this is good.,positive,smartphone,positive,smartphone,0.9999987483024597,0.9999856352806091,True,True,advanced,1,1,2026-08-15T18:47:12Z,2026-08-15T20:09:20.502998+00:00
7708,"Outside my usual routine, I noticed that the mobile touch panel has turned into a recurring problem; the behavior persisted across repeated attempts.",negative,smartphone,negative,smartphone,0.9999726414680481,0.9998264312744141,True,True,standard,0,0,2026-08-15T18:47:12Z,2026-08-15T20:09:20.502998+00:00
7709,"Under conditions outside the original usage profile, the compressor fan subsystem of the food cooler is neither impressive nor bad; the behavior persisted across repeated attempts.",neutral,refrigerator,neutral,refrigerator,0.9998877644538879,0.9999106526374817,True,True,technical,0,0,2026-08-15T18:47:12Z,2026-08-15T20:09:20.502998+00:00
7710,A later check showed that the fill valve in the wash unit shows no meaningful change; I checked it again before writing this.,neutral,washing_machine,neutral,washing_machine,0.9999938607215881,0.9996456503868103,True,True,standard,0,1,2026-08-15T18:47:12Z,2026-08-15T20:09:20.502998+00:00
7711,quick update the picture panel on my video panel behaves like a normal unit the damn thing is basically average,neutral,television,neutral,television,0.9999988675117493,0.9984794855117798,True,True,informal,1,0,2026-08-15T18:47:12Z,2026-08-15T20:09:20.502998+00:00
7712,My subsequent experience changed the initial impression because the screen unit video input remains basically average; I checked it again before writing this.,neutral,television,neutral,television,0.9999982714653015,0.9999282956123352,True,True,advanced,0,0,2026-08-15T18:47:12Z,2026-08-15T20:09:20.502998+00:00
7713,not gonna overthink it the food cooler ice tray system has turned into a recurring problem what a piece of crap,negative,refrigerator,negative,refrigerator,0.9999857544898987,0.9999385476112366,True,True,informal,1,1,2026-08-15T18:47:12Z,2026-08-15T20:09:20.502998+00:00
7714,"Viewed across several different situations, the drainage motor of the clothes washer is increasingly unreliable; this was not part of my first impression.",negative,washing_machine,negative,washing_machine,0.9995535612106323,0.9998729228973389,True,True,advanced,0,0,2026-08-15T18:47:12Z,2026-08-15T20:09:20.502998+00:00
7715,quick update the thermostat on my kitchen fridge breaks down when conditions change,negative,refrigerator,negative,refrigerator,0.9932711720466614,0.999718189239502,True,True,informal,0,1,2026-08-15T18:47:12Z,2026-08-15T20:09:20.502998+00:00
7716,"Under conditions outside the original usage profile, the ice tray system subsystem of the kitchen fridge shows no meaningful change; I checked it again before writing this. the damn thing is basically average.",neutral,refrigerator,neutral,refrigerator,0.9999998211860657,0.9999471306800842,True,True,technical,1,1,2026-08-15T18:47:12Z,2026-08-15T20:09:20.502998+00:00
7717,"Under conditions outside the original usage profile, the power cell subsystem of the pocket device is increasingly unreliable; the change appeared in a new situation.",negative,smartphone,negative,smartphone,0.9996551871299744,0.9999675154685974,True,True,technical,0,0,2026-08-15T18:47:12Z,2026-08-15T20:09:20.502998+00:00
7718,got this video panel picture panel now is neither impressive nor bad,neutral,television,neutral,television,0.9930718541145325,0.9919746518135071,True,True,limited,0,1,2026-08-15T18:47:12Z,2026-08-15T20:09:20.502998+00:00
7719,used television set today video input shows no meaningful change plain as shit,neutral,television,neutral,television,0.9999997019767761,0.9999166131019592,True,True,limited,1,0,2026-08-15T18:47:12Z,2026-08-15T20:09:20.502998+00:00
7720,"Across a shifted usage regime, the observed behavior of the clothes washer fill valve behaves like a normal unit; the behavior persisted across repeated attempts.",neutral,washing_machine,neutral,washing_machine,0.9999671578407288,0.9998945593833923,True,True,technical,0,0,2026-08-15T18:47:12Z,2026-08-15T20:09:20.502998+00:00
7721,quick update the compressor fan on my kitchen fridge is surprisingly dependable,positive,refrigerator,positive,refrigerator,0.9944718480110168,0.9997318983078003,True,True,informal,0,0,2026-08-15T18:47:12Z,2026-08-15T20:09:20.502998+00:00
7722,"Across a shifted usage regime, the observed behavior of the front loader drainage motor still performs well under different use; the change appeared in a new situation.",positive,washing_machine,positive,washing_machine,0.999930202960968,0.9998937249183655,True,True,technical,0,0,2026-08-15T18:47:12Z,2026-08-15T20:09:20.502998+00:00
7723,"Under conditions outside the original usage profile, the compressor fan subsystem of the food cooler has turned into a recurring problem; this was not part of my first impression. what a piece of crap.",negative,refrigerator,negative,refrigerator,0.999979555606842,0.9999428391456604,True,True,technical,1,1,2026-08-15T18:47:12Z,2026-08-15T20:09:20.502998+00:00
7724,"Under conditions outside the original usage profile, the touch panel subsystem of the pocket device has turned into a recurring problem; the behavior persisted across repeated attempts.",negative,smartphone,negative,smartphone,0.9999729990959167,0.9999048113822937,True,True,technical,0,0,2026-08-15T18:47:12Z,2026-08-15T20:09:20.502998+00:00
7725,"During a heavy day of use, I noticed that the mobile usb port has not let me down; I checked it again before writing this. good as hell.",positive,smartphone,positive,smartphone,0.9999976754188538,0.9999945759773254,True,True,standard,1,0,2026-08-15T18:47:12Z,2026-08-15T20:09:20.502998+00:00
7726,used front loader today fill valve has not let me down,positive,washing_machine,positive,washing_machine,0.9990633130073547,0.9971405267715454,True,True,limited,0,0,2026-08-15T18:47:12Z,2026-08-15T20:09:20.502998+00:00
7727,used television set today built in audio is increasingly unreliable,negative,television,negative,television,0.9897888898849487,0.9998419284820557,True,True,limited,0,0,2026-08-15T18:47:12Z,2026-08-15T20:09:20.502998+00:00
7728,"Viewed across several different situations, the picture panel of the screen unit behaves like a normal unit; the change appeared in a new situation.",neutral,television,neutral,television,0.999793291091919,0.9996318221092224,True,True,advanced,0,0,2026-08-15T18:47:12Z,2026-08-15T20:09:20.502998+00:00
7729,"After a trip, I noticed that the video panel built in audio remains better than I expected; the change appeared in a new situation.",positive,television,positive,television,0.999930202960968,0.9998793005943298,True,True,standard,0,0,2026-08-15T18:47:12Z,2026-08-15T20:09:20.502998+00:00
7730,got this television set picture panel now shows no meaningful change,neutral,television,neutral,television,0.9954813718795776,0.9994361400604248,True,True,limited,0,1,2026-08-15T18:47:12Z,2026-08-15T20:09:20.502998+00:00
7731,"Across a shifted usage regime, the observed behavior of the video panel built in audio has turned into a recurring problem; I checked it again before writing this.",negative,television,negative,television,0.9999646544456482,0.9997398853302002,True,True,technical,0,0,2026-08-15T18:47:12Z,2026-08-15T20:09:20.502998+00:00
7732,A later check showed that the video input in the television set still performs well under different use; the behavior persisted across repeated attempts.,positive,television,positive,television,0.9997434616088867,0.9999217391014099,True,True,standard,0,0,2026-08-15T18:47:12Z,2026-08-15T20:09:20.502998+00:00
7733,"During a heavy day of use, I noticed that the clothes washer fill valve fails under ordinary use; the behavior persisted across repeated attempts.",negative,washing_machine,negative,washing_machine,0.9998440742492676,0.9998806118965149,True,True,standard,0,0,2026-08-15T18:47:12Z,2026-08-15T20:09:20.502998+00:00
7734,not gonna overthink it the screen unit video input still performs well under different use,positive,television,positive,television,0.9984891414642334,0.9998846650123596,True,True,informal,0,0,2026-08-15T18:47:12Z,2026-08-15T20:09:20.502998+00:00
7735,not gonna overthink it the cell phone rear lens breaks down when conditions change,negative,smartphone,negative,smartphone,0.992358386516571,0.9999439120292664,True,True,informal,0,0,2026-08-15T18:47:12Z,2026-08-15T20:09:20.502998+00:00
7736,A later check showed that the controller in the screen unit fails under ordinary use; this was not part of my first impression.,negative,television,negative,television,0.9982874393463135,0.9995595216751099,True,True,standard,0,0,2026-08-15T18:47:12Z,2026-08-15T20:09:20.502998+00:00
7737,"Under conditions outside the original usage profile, the fill valve subsystem of the clothes washer remains basically average; the change appeared in a new situation.",neutral,washing_machine,neutral,washing_machine,0.9999876618385315,0.9998252391815186,True,True,technical,0,1,2026-08-15T18:47:12Z,2026-08-15T20:09:20.502998+00:00
7738,"Under conditions outside the original usage profile, the power cell subsystem of the mobile fails under ordinary use; the behavior persisted across repeated attempts.",negative,smartphone,negative,smartphone,0.9997479915618896,0.9999346137046814,True,True,technical,0,0,2026-08-15T18:47:12Z,2026-08-15T20:09:20.502998+00:00
7739,"Viewed across several different situations, the built in audio of the screen unit is neither impressive nor bad; the change appeared in a new situation.",neutral,television,neutral,television,0.9999584555625916,0.9999285340309143,True,True,advanced,0,0,2026-08-15T18:47:12Z,2026-08-15T20:09:20.502998+00:00
7740,"Viewed across several different situations, the usb port of the mobile remains better than I expected; this was not part of my first impression. this thing is fucking impressive.",positive,smartphone,positive,smartphone,0.9999827742576599,0.9999880194664001,True,True,advanced,1,0,2026-08-15T18:47:12Z,2026-08-15T20:09:20.502998+00:00
7741,got this cell phone usb now shows no meaningful change,neutral,smartphone,neutral,smartphone,0.9947047233581543,0.9981386065483093,True,True,limited,0,1,2026-08-15T18:47:12Z,2026-08-15T20:09:20.502998+00:00
7742,got food cooler thermostat now shows no meaningful change,neutral,refrigerator,neutral,refrigerator,0.9991405010223389,0.9908989667892456,True,True,limited,0,0,2026-08-15T18:47:12Z,2026-08-15T20:09:20.502998+00:00
7743,"Under conditions outside the original usage profile, the power cell subsystem of the mobile remains basically average; I checked it again before writing this. plain as shit.",neutral,smartphone,neutral,smartphone,0.9999998211860657,0.9999822974205017,True,True,technical,1,0,2026-08-15T18:47:12Z,2026-08-15T20:09:20.502998+00:00
7744,got this wash unit spin program now behaves a normal unit,neutral,washing_machine,neutral,washing_machine,0.6801807880401611,0.9994656443595886,True,True,limited,0,0,2026-08-15T18:47:12Z,2026-08-15T20:09:20.502998+00:00
7745,not gonna overthink it the kitchen fridge thermostat shows no meaningful change,neutral,refrigerator,neutral,refrigerator,0.9991877675056458,0.9994004964828491,True,True,informal,0,0,2026-08-15T18:47:12Z,2026-08-15T20:09:20.502998+00:00
7746,not gonna overthink it the kitchen fridge compressor fan is surprisingly dependable,positive,refrigerator,positive,refrigerator,0.987998902797699,0.999644935131073,True,True,informal,0,1,2026-08-15T18:47:12Z,2026-08-15T20:09:20.502998+00:00
7747,"Under conditions outside the original usage profile, the spin program subsystem of the wash unit shows no meaningful change; this was not part of my first impression. nothing fucking special.",neutral,washing_machine,neutral,washing_machine,0.9999987483024597,0.9999191164970398,True,True,technical,1,0,2026-08-15T18:47:12Z,2026-08-15T20:09:20.502998+00:00
7748,used pocket device today usb port is neither impressive nor bad,neutral,smartphone,neutral,smartphone,0.9995490312576294,0.9986177086830139,True,True,limited,0,0,2026-08-15T18:47:12Z,2026-08-15T20:09:20.502998+00:00
7749,A later check showed that the controller in the screen unit behaves like a normal unit; I checked it again before writing this.,neutral,television,neutral,refrigerator,0.9998724460601807,0.9928015470504761,True,False,standard,0,1,2026-08-15T18:47:12Z,2026-08-15T20:09:20.502998+00:00
7750,A later check showed that the rear lens in the mobile breaks down when conditions change; I checked it again before writing this.,negative,smartphone,negative,smartphone,0.999468982219696,0.9999598860740662,True,True,standard,0,0,2026-08-15T18:47:12Z,2026-08-15T20:09:20.502998+00:00
7751,A later check showed that the gasket in the kitchen fridge fails under ordinary use; the behavior persisted across repeated attempts.,negative,refrigerator,negative,refrigerator,0.9994142055511475,0.9998942017555237,True,True,standard,0,0,2026-08-15T18:47:12Z,2026-08-15T20:09:20.502998+00:00
7752,"Viewed across several different situations, the usb port of the pocket device is surprisingly dependable; the change appeared in a new situation.",positive,smartphone,positive,smartphone,0.9991971850395203,0.9999423623085022,True,True,advanced,0,0,2026-08-15T18:47:12Z,2026-08-15T20:09:20.502998+00:00
7753,"Under conditions outside the original usage profile, the power cell subsystem of the mobile still performs well under different use; the behavior persisted across repeated attempts.",positive,smartphone,positive,smartphone,0.9995280504226685,0.9999551177024841,True,True,technical,0,0,2026-08-15T18:47:12Z,2026-08-15T20:09:20.502998+00:00
7754,got this video panel built in audio now remains basically average,neutral,television,neutral,television,0.9944444894790649,0.9957315325737,True,True,limited,0,0,2026-08-15T18:47:12Z,2026-08-15T20:09:20.502998+00:00
7755,quick update the power cell on my mobile is surprisingly dependable,positive,smartphone,positive,smartphone,0.9880595207214355,0.998717725276947,True,True,informal,0,0,2026-08-15T18:47:12Z,2026-08-15T20:09:20.502998+00:00
7756,used mobile today power cell is increasingly unreliable,negative,smartphone,negative,smartphone,0.9981566667556763,0.9950103163719177,True,True,limited,0,0,2026-08-15T18:47:12Z,2026-08-15T20:09:20.502998+00:00
7757,A later check showed that the fill valve in the front loader breaks down when conditions change; the change appeared in a new situation.,negative,washing_machine,negative,washing_machine,0.9939109086990356,0.9998447895050049,True,True,standard,0,0,2026-08-15T18:47:12Z,2026-08-15T20:09:20.502998+00:00
7758,My subsequent experience changed the initial impression because the video panel built in audio is neither impressive nor bad; the change appeared in a new situation.,neutral,television,neutral,television,0.9999979138374329,0.9998383522033691,True,True,advanced,0,1,2026-08-15T18:47:12Z,2026-08-15T20:09:20.502998+00:00
7759,"Under conditions outside the original usage profile, the spin program subsystem of the wash unit is surprisingly dependable; I checked it again before writing this.",positive,washing_machine,positive,washing_machine,0.9961036443710327,0.9997997283935547,True,True,technical,0,1,2026-08-15T18:47:12Z,2026-08-15T20:09:20.502998+00:00
7760,"After a trip, I noticed that the screen unit controller is neither impressive nor bad; I checked it again before writing this. nothing fucking special.",neutral,television,neutral,television,0.9999980330467224,0.9999544024467468,True,True,standard,1,0,2026-08-15T18:47:12Z,2026-08-15T20:09:20.502998+00:00
7761,used clothes washer today spin program fails under ordinary use,negative,washing_machine,negative,washing_machine,0.9932856559753418,0.999471127986908,True,True,limited,0,0,2026-08-15T18:47:12Z,2026-08-15T20:09:20.502998+00:00
7762,"Across a shifted usage regime, the observed behavior of the cell phone touch panel has turned into a recurring problem; I checked it again before writing this.",negative,smartphone,negative,smartphone,0.999973475933075,0.999945342540741,True,True,technical,0,1,2026-08-15T18:47:12Z,2026-08-15T20:09:20.502998+00:00
7763,got this mobile touch panel now behaves like a normal unit,neutral,smartphone,neutral,smartphone,0.9850772023200989,0.993385910987854,True,True,limited,0,1,2026-08-15T18:47:12Z,2026-08-15T20:09:20.502998+00:00
7764,My subsequent experience changed the initial impression because the video panel picture panel shows no meaningful change; I checked it again before writing this. nothing fucking special.,neutral,television,neutral,television,0.9999997019767761,0.9998488426208496,True,True,advanced,1,0,2026-08-15T18:47:12Z,2026-08-15T20:09:20.502998+00:00
7765,A later check showed that the soap tray in the front loader remains basically average; the behavior persisted across repeated attempts.,neutral,washing_machine,neutral,washing_machine,0.9999513030052185,0.9997670650482178,True,True,standard,0,0,2026-08-15T18:47:12Z,2026-08-15T20:09:20.502998+00:00
7766,"Outside my usual routine, I noticed that the wash unit soap tray has turned into a recurring problem; I checked it again before writing this. what a piece of crap.",negative,washing_machine,negative,washing_machine,0.9999935030937195,0.9998977780342102,True,True,standard,1,0,2026-08-15T18:47:12Z,2026-08-15T20:09:20.502998+00:00
7767,"Under conditions outside the original usage profile, the power cell subsystem of the pocket device remains basically average; this was not part of my first impression.",neutral,smartphone,neutral,smartphone,0.99998539686203,0.9999627470970154,True,True,technical,0,0,2026-08-15T18:47:12Z,2026-08-15T20:09:20.502998+00:00
7768,"After changing settings, I noticed that the screen unit video input is increasingly unreliable; the change appeared in a new situation.",negative,television,negative,television,0.9999166131019592,0.9999300837516785,True,True,standard,0,0,2026-08-15T18:47:12Z,2026-08-15T20:09:20.502998+00:00
7769,quick update the power cell on my mobile behaves like a normal unit nothing fucking special,neutral,smartphone,neutral,smartphone,0.9999472498893738,0.9999679923057556,True,True,informal,1,0,2026-08-15T18:47:12Z,2026-08-15T20:09:20.502998+00:00
7770,used food cooler today compressor fan remains better than i expected,positive,refrigerator,positive,refrigerator,0.9998691082000732,0.9998440742492676,True,True,limited,0,0,2026-08-15T18:47:12Z,2026-08-15T20:09:20.502998+00:00
7771,A later check showed that the video input in the video panel remains basically average; the change appeared in a new situation.,neutral,television,neutral,television,0.9999969601631165,0.9998974204063416,True,True,standard,0,0,2026-08-15T18:47:12Z,2026-08-15T20:09:20.502998+00:00
7772,"Across a shifted usage regime, the observed behavior of the television set video input fails under ordinary use; this was not part of my first impression.",negative,television,negative,television,0.998833954334259,0.9998714923858643,True,True,technical,0,1,2026-08-15T18:47:12Z,2026-08-15T20:09:20.502998+00:00
7773,quick update the built in audio on my video panel shows no meaningful change,neutral,television,neutral,television,0.9965217709541321,0.998638391494751,True,True,informal,0,0,2026-08-15T18:47:12Z,2026-08-15T20:09:20.502998+00:00
7774,A later check showed that the ice tray system in the kitchen fridge remains basically average; the change appeared in a new situation.,neutral,refrigerator,neutral,refrigerator,0.999998152256012,0.9999186396598816,True,True,standard,0,0,2026-08-15T18:47:12Z,2026-08-15T20:09:20.502998+00:00
7775,"Under conditions outside the original usage profile, the controller subsystem of the video panel has not let me down; I checked it again before writing this.",positive,television,positive,television,0.9994763731956482,0.9997990131378174,True,True,technical,0,0,2026-08-15T18:47:12Z,2026-08-15T20:09:20.502998+00:00
7776,"Across a shifted usage regime, the observed behavior of the food cooler compressor fan fails under ordinary use; this was not part of my first impression.",negative,refrigerator,negative,refrigerator,0.986717164516449,0.999904215335846,True,True,technical,0,0,2026-08-15T18:47:12Z,2026-08-15T20:09:20.502998+00:00
7777,"Across a shifted usage regime, the observed behavior of the wash unit spin program behaves like a normal unit; I checked it again before writing this.",neutral,washing_machine,neutral,washing_machine,0.9999582171440125,0.9998931288719177,True,True,technical,0,0,2026-08-15T18:47:12Z,2026-08-15T20:09:20.502998+00:00
7778,"During a heavy day of use, I noticed that the mobile touch panel still performs well under different use; I checked it again before writing this.",positive,smartphone,positive,smartphone,0.999863862991333,0.9999814629554749,True,True,standard,0,1,2026-08-15T18:47:12Z,2026-08-15T20:09:20.502998+00:00
7779,not gonna overthink it the cell phone power cell is increasingly unreliable this is fucking annoying,negative,smartphone,negative,smartphone,0.9999225735664368,0.9999906420707703,True,True,informal,1,1,2026-08-15T18:47:12Z,2026-08-15T20:09:20.502998+00:00
7780,used front loader today fill valve remains better than expected,positive,washing_machine,positive,washing_machine,0.9997889995574951,0.9975601434707642,True,True,limited,0,1,2026-08-15T18:47:12Z,2026-08-15T20:09:20.502998+00:00
7781,My subsequent experience changed the initial impression because the pocket device rear lens has not let me down; the change appeared in a new situation.,positive,smartphone,positive,smartphone,0.9999082684516907,0.9999249577522278,True,True,advanced,0,0,2026-08-15T18:47:12Z,2026-08-15T20:09:20.502998+00:00
7782,"When another person used it, I noticed that the clothes washer soap tray fails under ordinary use; the change appeared in a new situation.",negative,washing_machine,negative,washing_machine,0.9989747405052185,0.9998214244842529,True,True,standard,0,0,2026-08-15T18:47:12Z,2026-08-15T20:09:20.502998+00:00
7783,"Under conditions outside the original usage profile, the built in audio subsystem of the screen unit remains better than I expected; the behavior persisted across repeated attempts.",positive,television,positive,television,0.9996678233146667,0.999900758266449,True,True,technical,0,0,2026-08-15T18:47:12Z,2026-08-15T20:09:20.502998+00:00
7784,"When another person used it, I noticed that the kitchen fridge thermostat still performs well under different use; the change appeared in a new situation.",positive,refrigerator,positive,refrigerator,0.9999508261680603,0.9999141097068787,True,True,standard,0,1,2026-08-15T18:47:12Z,2026-08-15T20:09:20.502998+00:00
7785,used video panel today picture panel has turned into a recurring problem,negative,television,negative,television,0.9999434351921082,0.999098002910614,True,True,limited,0,1,2026-08-15T18:47:12Z,2026-08-15T20:09:20.502998+00:00
7786,got this television set video input now is neither nor bad,neutral,television,neutral,television,0.997493326663971,0.9998581409454346,True,True,limited,0,0,2026-08-15T18:47:12Z,2026-08-15T20:09:20.502998+00:00
7787,used screen today built in audio still performs well under different use this thing is fucking impressive,positive,television,positive,television,0.9999733567237854,0.9999437928199768,True,True,limited,1,0,2026-08-15T18:47:12Z,2026-08-15T20:09:20.502998+00:00
7788,quick update the thermostat on my cold storage unit has turned into a recurring problem the damn thing keeps causing trouble,negative,refrigerator,negative,refrigerator,0.9999954104423523,0.9999398589134216,True,True,informal,1,0,2026-08-15T18:47:12Z,2026-08-15T20:09:20.502998+00:00
7789,not gonna overthink it the video panel video input remains better than i expected,positive,television,positive,television,0.9995477199554443,0.9998078346252441,True,True,informal,0,1,2026-08-15T18:47:12Z,2026-08-15T20:09:20.502998+00:00
7790,used clothes washer today spin program no meaningful change,neutral,washing_machine,neutral,washing_machine,0.9960815906524658,0.9987403154373169,True,True,limited,0,0,2026-08-15T18:47:12Z,2026-08-15T20:09:20.502998+00:00
7791,My subsequent experience changed the initial impression because the clothes washer soap tray remains better than I expected; the change appeared in a new situation. damn this is good.,positive,washing_machine,positive,washing_machine,0.9999976754188538,0.9999585747718811,True,True,advanced,1,0,2026-08-15T18:47:12Z,2026-08-15T20:09:20.502998+00:00
7792,"Under conditions outside the original usage profile, the video input subsystem of the video panel is increasingly unreliable; the change appeared in a new situation.",negative,television,negative,television,0.9998791813850403,0.9999199509620667,True,True,technical,0,0,2026-08-15T18:47:12Z,2026-08-15T20:09:20.502998+00:00
7793,got this television set video input now has turned into a recurring problem,negative,television,negative,television,0.9998428821563721,0.999871015548706,True,True,limited,0,1,2026-08-15T18:47:12Z,2026-08-15T20:09:20.502998+00:00
7794,"Viewed across several different situations, the rear lens of the mobile breaks down when conditions change; the change appeared in a new situation.",negative,smartphone,negative,smartphone,0.9993343949317932,0.9999467730522156,True,True,advanced,0,0,2026-08-15T18:47:12Z,2026-08-15T20:09:20.502998+00:00
7795,quick update the touch panel on my pocket device is surprisingly dependable damn this is good,positive,smartphone,positive,smartphone,0.9999880194664001,0.999965250492096,True,True,informal,1,0,2026-08-15T18:47:12Z,2026-08-15T20:09:20.502998+00:00
7796,used clothes washer today drainage motor breaks down when conditions change,negative,washing_machine,negative,washing_machine,0.9935377836227417,0.999297559261322,True,True,limited,0,0,2026-08-15T18:47:12Z,2026-08-15T20:09:20.502998+00:00
7797,"Across a shifted usage regime, the observed behavior of the kitchen fridge gasket behaves like a normal unit; the behavior persisted across repeated attempts.",neutral,refrigerator,neutral,refrigerator,0.9999334216117859,0.9998956322669983,True,True,technical,0,0,2026-08-15T18:47:12Z,2026-08-15T20:09:20.502998+00:00
7798,quick update the compressor fan on my cold storage unit has turned into a recurring problem,negative,refrigerator,negative,refrigerator,0.9997360706329346,0.9999043345451355,True,True,informal,0,0,2026-08-15T18:47:12Z,2026-08-15T20:09:20.502998+00:00
7799,My subsequent experience changed the initial impression because the pocket device usb port has turned into a recurring problem; the change appeared in a new situation.,negative,smartphone,negative,smartphone,0.9998114109039307,0.9999540448188782,True,True,advanced,0,0,2026-08-15T18:47:12Z,2026-08-15T20:09:20.502998+00:00
7800,used kitchen fridge today ice tray system is surprisingly dependable,positive,refrigerator,positive,refrigerator,0.8218606114387512,0.9996768832206726,True,True,limited,0,1,2026-08-15T18:47:12Z,2026-08-15T20:09:20.502998+00:00
7801,"Viewed across several different situations, the video input of the video panel is surprisingly dependable; the change appeared in a new situation.",positive,television,positive,television,0.9946421980857849,0.9998748302459717,True,True,advanced,0,0,2026-08-15T18:47:12Z,2026-08-15T20:09:20.502998+00:00
7802,"During a heavy day of use, I noticed that the wash unit spin program still performs well under different use; the change appeared in a new situation.",positive,washing_machine,positive,washing_machine,0.9999638199806213,0.999886691570282,True,True,standard,0,0,2026-08-15T18:47:12Z,2026-08-15T20:09:20.502998+00:00
7803,used front loader today fill valve has not let me down damn this is good,positive,washing_machine,positive,washing_machine,0.9999967217445374,0.9997364282608032,True,True,limited,1,0,2026-08-15T18:47:12Z,2026-08-15T20:09:20.502998+00:00
7804,used front loader today soap is neither impressive nor bad,neutral,washing_machine,neutral,washing_machine,0.9978624582290649,0.9699386358261108,True,True,limited,0,0,2026-08-15T18:47:12Z,2026-08-15T20:09:20.502998+00:00
7805,not gonna overthink it the cold storage unit gasket breaks down when conditions change,negative,refrigerator,negative,refrigerator,0.9962433576583862,0.9996160864830017,True,True,informal,0,0,2026-08-15T18:47:12Z,2026-08-15T20:09:20.502998+00:00
7806,My subsequent experience changed the initial impression because the kitchen fridge compressor fan is neither impressive nor bad; I checked it again before writing this.,neutral,refrigerator,neutral,refrigerator,0.9999980330467224,0.999932587146759,True,True,advanced,0,0,2026-08-15T18:47:12Z,2026-08-15T20:09:20.502998+00:00
7807,quick update the controller on my screen unit remains basically average,neutral,television,neutral,television,0.995684027671814,0.9390276074409485,True,True,informal,0,0,2026-08-15T18:47:12Z,2026-08-15T20:09:20.502998+00:00
7808,A later check showed that the soap tray in the clothes washer remains better than I expected; the change appeared in a new situation. good as hell.,positive,washing_machine,positive,washing_machine,0.9999949336051941,0.9999464154243469,True,True,standard,1,0,2026-08-15T18:47:12Z,2026-08-15T20:09:20.502998+00:00
7809,My subsequent experience changed the initial impression because the kitchen fridge gasket breaks down when conditions change; this was not part of my first impression.,negative,refrigerator,negative,refrigerator,0.8233179450035095,0.9999067187309265,True,True,advanced,0,0,2026-08-15T18:47:12Z,2026-08-15T20:09:20.502998+00:00
7810,not gonna overthink it the mobile rear lens fails under ordinary use,negative,smartphone,negative,smartphone,0.9967983365058899,0.9987220168113708,True,True,informal,0,0,2026-08-15T18:47:12Z,2026-08-15T20:09:20.502998+00:00
7811,"Under conditions outside the original usage profile, the gasket subsystem of the cold storage unit remains basically average; this was not part of my first impression.",neutral,refrigerator,neutral,refrigerator,0.9998698234558105,0.9999025464057922,True,True,technical,0,0,2026-08-15T18:47:12Z,2026-08-15T20:09:20.502998+00:00
7812,"Viewed across several different situations, the usb port of the mobile behaves like a normal unit; this was not part of my first impression. nothing fucking special.",neutral,smartphone,neutral,smartphone,0.9999765753746033,0.9999859929084778,True,True,advanced,1,0,2026-08-15T18:47:12Z,2026-08-15T20:09:20.502998+00:00
7813,"Under conditions outside the original usage profile, the usb port subsystem of the pocket device has not let me down; this was not part of my first impression.",positive,smartphone,positive,smartphone,0.9999291300773621,0.9999503493309021,True,True,technical,0,0,2026-08-15T18:47:12Z,2026-08-15T20:09:20.502998+00:00
7814,"When another person used it, I noticed that the kitchen fridge thermostat behaves like a normal unit; the behavior persisted across repeated attempts. the damn thing is basically average.",neutral,refrigerator,neutral,refrigerator,0.999999463558197,0.9999459385871887,True,True,standard,1,0,2026-08-15T18:47:12Z,2026-08-15T20:09:20.502998+00:00
7815,quick update the touch panel on my cell phone is surprisingly dependable this thing is fucking impressive,positive,smartphone,positive,smartphone,0.9998672008514404,0.9999783635139465,True,True,informal,1,1,2026-08-15T18:47:12Z,2026-08-15T20:09:20.502998+00:00
7816,"Across a shifted usage regime, the observed behavior of the television set built in audio breaks down when conditions change; this was not part of my first impression. what a piece of crap.",negative,television,negative,television,0.9921017289161682,0.9999350905418396,True,True,technical,1,0,2026-08-15T18:47:12Z,2026-08-15T20:09:20.502998+00:00
7817,"Across a shifted usage regime, the observed behavior of the video panel video input fails under ordinary use; the change appeared in a new situation.",negative,television,negative,television,0.9998204708099365,0.999583899974823,True,True,technical,0,0,2026-08-15T18:47:12Z,2026-08-15T20:09:20.502998+00:00
7818,not gonna overthink it the cell phone usb port still performs well under different use,positive,smartphone,positive,smartphone,0.9995698928833008,0.9999628663063049,True,True,informal,0,0,2026-08-15T18:47:12Z,2026-08-15T20:09:20.502998+00:00
7819,My subsequent experience changed the initial impression because the kitchen fridge thermostat fails under ordinary use; the change appeared in a new situation.,negative,refrigerator,negative,refrigerator,0.928751528263092,0.9999045729637146,True,True,advanced,0,0,2026-08-15T18:47:12Z,2026-08-15T20:09:20.502998+00:00
7820,"Across a shifted usage regime, the observed behavior of the kitchen fridge thermostat has not let me down; the change appeared in a new situation.",positive,refrigerator,positive,refrigerator,0.9998984932899475,0.9999118447303772,True,True,technical,0,0,2026-08-15T18:47:12Z,2026-08-15T20:09:20.502998+00:00
7821,"Viewed across several different situations, the thermostat of the food cooler is neither impressive nor bad; the change appeared in a new situation.",neutral,refrigerator,neutral,refrigerator,0.9999939799308777,0.9999130368232727,True,True,advanced,0,0,2026-08-15T18:47:12Z,2026-08-15T20:09:20.502998+00:00
7822,"Under conditions outside the original usage profile, the picture panel subsystem of the video panel is surprisingly dependable; I checked it again before writing this. good as hell.",positive,television,positive,television,0.9999894499778748,0.9998629093170166,True,True,technical,1,0,2026-08-15T18:47:12Z,2026-08-15T20:09:20.502998+00:00
7823,A later check showed that the drainage motor in the front loader remains basically average; this was not part of my first impression.,neutral,washing_machine,neutral,washing_machine,0.9999900460243225,0.9998531341552734,True,True,standard,0,0,2026-08-15T18:47:12Z,2026-08-15T20:09:20.502998+00:00
7824,not gonna overthink it the video panel video input still performs well under different use,positive,television,positive,television,0.9959858655929565,0.9997646808624268,True,True,informal,0,0,2026-08-15T18:47:12Z,2026-08-15T20:09:20.502998+00:00
7825,My subsequent experience changed the initial impression because the clothes washer spin program is surprisingly dependable; the behavior persisted across repeated attempts.,positive,washing_machine,neutral,washing_machine,0.7040079236030579,0.9998774528503418,False,True,advanced,0,0,2026-08-15T18:47:12Z,2026-08-15T20:09:20.502998+00:00
7826,My subsequent experience changed the initial impression because the wash unit soap tray breaks down when conditions change; this was not part of my first impression.,negative,washing_machine,negative,washing_machine,0.8305628299713135,0.9998526573181152,True,True,advanced,0,1,2026-08-15T18:47:12Z,2026-08-15T20:09:20.502998+00:00
7827,"Under conditions outside the original usage profile, the thermostat subsystem of the food cooler still performs well under different use; I checked it again before writing this.",positive,refrigerator,positive,refrigerator,0.9997892379760742,0.9999240040779114,True,True,technical,0,1,2026-08-15T18:47:12Z,2026-08-15T20:09:20.502998+00:00
7828,"After a trip, I noticed that the clothes washer drainage motor behaves like a normal unit; I checked it again before writing this. plain as shit.",neutral,washing_machine,neutral,washing_machine,0.9999997019767761,0.9999297261238098,True,True,standard,1,0,2026-08-15T18:47:12Z,2026-08-15T20:09:20.502998+00:00
7829,not gonna overthink it the cell phone touch panel behaves like a normal unit,neutral,smartphone,neutral,smartphone,0.9992191195487976,0.9999251961708069,True,True,informal,0,0,2026-08-15T18:47:12Z,2026-08-15T20:09:20.502998+00:00
7830,"Across a shifted usage regime, the observed behavior of the television set built in audio behaves like a normal unit; this was not part of my first impression. plain as shit.",neutral,television,neutral,television,0.9999995827674866,0.9998957514762878,True,True,technical,1,0,2026-08-15T18:47:12Z,2026-08-15T20:09:20.502998+00:00
7831,not gonna overthink it the wash unit fill valve remains better than i expected damn this is good,positive,washing_machine,positive,washing_machine,0.9999986290931702,0.9993938207626343,True,True,informal,1,0,2026-08-15T18:47:12Z,2026-08-15T20:09:20.502998+00:00
7832,got this screen unit built in audio now increasingly unreliable,negative,television,negative,television,0.9980695843696594,0.9975572824478149,True,True,limited,0,1,2026-08-15T18:47:12Z,2026-08-15T20:09:20.502998+00:00
7833,"Under conditions outside the original usage profile, the picture panel subsystem of the video panel shows no meaningful change; this was not part of my first impression.",neutral,television,neutral,television,0.999911367893219,0.9997587203979492,True,True,technical,0,0,2026-08-15T18:47:12Z,2026-08-15T20:09:20.502998+00:00
7834,"After a trip, I noticed that the front loader spin program behaves like a normal unit; the behavior persisted across repeated attempts. nothing fucking special.",neutral,washing_machine,neutral,washing_machine,0.999993622303009,0.9999290108680725,True,True,standard,1,0,2026-08-15T18:47:12Z,2026-08-15T20:09:20.502998+00:00
7835,got cold storage unit ice tray system now fails under ordinary use,negative,refrigerator,negative,refrigerator,0.9970245361328125,0.9997241497039795,True,True,limited,0,0,2026-08-15T18:47:12Z,2026-08-15T20:09:20.502998+00:00
7836,got this television set video input now is surprisingly dependable damn this is good,positive,television,positive,television,0.9999908804893494,0.9999365210533142,True,True,limited,1,0,2026-08-15T18:47:12Z,2026-08-15T20:09:20.502998+00:00
7837,"Across a shifted usage regime, the observed behavior of the clothes washer drainage motor fails under ordinary use; I checked it again before writing this.",negative,washing_machine,negative,washing_machine,0.9998025894165039,0.9998934864997864,True,True,technical,0,0,2026-08-15T18:47:12Z,2026-08-15T20:09:20.502998+00:00
7838,"When another person used it, I noticed that the clothes washer drainage motor breaks down when conditions change; the behavior persisted across repeated attempts. the damn thing keeps causing trouble.",negative,washing_machine,negative,washing_machine,0.9999940991401672,0.9999310374259949,True,True,standard,1,0,2026-08-15T18:47:12Z,2026-08-15T20:09:20.502998+00:00
7839,"Across a shifted usage regime, the observed behavior of the television set picture panel behaves like a normal unit; the behavior persisted across repeated attempts.",neutral,television,neutral,television,0.9998719692230225,0.9990178346633911,True,True,technical,0,0,2026-08-15T18:47:12Z,2026-08-15T20:09:20.502998+00:00
7840,quick update the drainage motor on my wash unit breaks down when conditions change,negative,washing_machine,negative,washing_machine,0.9979298114776611,0.9986289143562317,True,True,informal,0,0,2026-08-15T18:47:12Z,2026-08-15T20:09:20.502998+00:00
7841,"Under conditions outside the original usage profile, the soap tray subsystem of the wash unit breaks down when conditions change; I checked it again before writing this.",negative,washing_machine,negative,washing_machine,0.9997098445892334,0.9994623064994812,True,True,technical,0,0,2026-08-15T18:47:12Z,2026-08-15T20:09:20.502998+00:00
7842,not gonna overthink it the kitchen fridge compressor fan is neither impressive nor bad,neutral,refrigerator,neutral,refrigerator,0.9992241263389587,0.9998859763145447,True,True,informal,0,1,2026-08-15T18:47:12Z,2026-08-15T20:09:20.502998+00:00
7843,"Viewed across several different situations, the controller of the screen unit breaks down when conditions change; the change appeared in a new situation.",negative,television,negative,television,0.9994114637374878,0.9997118711471558,True,True,advanced,0,0,2026-08-15T18:47:12Z,2026-08-15T20:09:20.502998+00:00
7844,quick update the power cell on my cell phone has turned into a recurring problem,negative,smartphone,negative,smartphone,0.9995898604393005,0.9999669194221497,True,True,informal,0,0,2026-08-15T18:47:12Z,2026-08-15T20:09:20.502998+00:00
7845,"During a heavy day of use, I noticed that the video panel picture panel has not let me down; the change appeared in a new situation. damn this is good.",positive,television,positive,television,0.9999991059303284,0.9999193549156189,True,True,standard,1,0,2026-08-15T18:47:12Z,2026-08-15T20:09:20.502998+00:00
7846,"When another person used it, I noticed that the mobile touch panel behaves like a normal unit; the behavior persisted across repeated attempts.",neutral,smartphone,neutral,smartphone,0.9995786547660828,0.99996417760849,True,True,standard,0,0,2026-08-15T18:47:12Z,2026-08-15T20:09:20.502998+00:00
7847,used video panel today controller is neither impressive nor bad plain as shit,neutral,television,neutral,television,0.9999995827674866,0.9996160864830017,True,True,limited,1,0,2026-08-15T18:47:12Z,2026-08-15T20:09:20.502998+00:00
7848,"Across a shifted usage regime, the observed behavior of the front loader soap tray has not let me down; the behavior persisted across repeated attempts.",positive,washing_machine,positive,washing_machine,0.9998188018798828,0.9998736381530762,True,True,technical,0,0,2026-08-15T18:47:12Z,2026-08-15T20:09:20.502998+00:00
7849,got this unit spin program now remains basically average,neutral,washing_machine,neutral,washing_machine,0.9956550598144531,0.9960877299308777,True,True,limited,0,0,2026-08-15T18:47:12Z,2026-08-15T20:09:20.502998+00:00
7850,got this video panel controller now remains better than i expected,positive,television,positive,television,0.9998655319213867,0.9671654105186462,True,True,limited,0,0,2026-08-15T18:47:12Z,2026-08-15T20:09:20.502998+00:00
7851,used wash unit today drainage motor turned into a recurring problem,negative,washing_machine,negative,washing_machine,0.9996975660324097,0.9970844984054565,True,True,limited,0,0,2026-08-15T18:47:12Z,2026-08-15T20:09:20.502998+00:00
7852,"Under conditions outside the original usage profile, the soap tray subsystem of the clothes washer has not let me down; I checked it again before writing this.",positive,washing_machine,positive,washing_machine,0.999728798866272,0.9998176097869873,True,True,technical,0,0,2026-08-15T18:47:12Z,2026-08-15T20:09:20.502998+00:00
7853,got this clothes washer fill valve now breaks down when conditions change,negative,washing_machine,negative,washing_machine,0.9824103713035583,0.9997010231018066,True,True,limited,0,1,2026-08-15T18:47:12Z,2026-08-15T20:09:20.502998+00:00
7854,quick update the power cell on my pocket device is surprisingly dependable,positive,smartphone,positive,smartphone,0.9813039302825928,0.9995385408401489,True,True,informal,0,0,2026-08-15T18:47:12Z,2026-08-15T20:09:20.502998+00:00
7855,used television set today video input has turned into a recurring problem,negative,television,negative,television,0.9998266696929932,0.9998934864997864,True,True,limited,0,0,2026-08-15T18:47:12Z,2026-08-15T20:09:20.502998+00:00
7856,A later check showed that the rear lens in the pocket device remains better than I expected; the behavior persisted across repeated attempts. good as hell.,positive,smartphone,positive,smartphone,0.9999939799308777,0.9999921917915344,True,True,standard,1,0,2026-08-15T18:47:12Z,2026-08-15T20:09:20.502998+00:00
7857,A later check showed that the video input in the screen unit is neither impressive nor bad; this was not part of my first impression.,neutral,television,neutral,television,0.9999920725822449,0.999932587146759,True,True,standard,0,0,2026-08-15T18:47:12Z,2026-08-15T20:09:20.502998+00:00
7858,"Under conditions outside the original usage profile, the drainage motor subsystem of the clothes washer behaves like a normal unit; I checked it again before writing this. plain as shit.",neutral,washing_machine,neutral,washing_machine,0.9999997019767761,0.9999246001243591,True,True,technical,1,1,2026-08-15T18:47:12Z,2026-08-15T20:09:20.502998+00:00
7859,My subsequent experience changed the initial impression because the video panel built in audio shows no meaningful change; the change appeared in a new situation.,neutral,television,neutral,television,0.9999983906745911,0.9997208118438721,True,True,advanced,0,0,2026-08-15T18:47:12Z,2026-08-15T20:09:20.502998+00:00
7860,got this cell phone usb port now still performs well under different use this thing is fucking impressive,positive,smartphone,positive,smartphone,0.9999839663505554,0.9999808669090271,True,True,limited,1,0,2026-08-15T18:47:12Z,2026-08-15T20:09:20.502998+00:00
7861,A later check showed that the compressor fan in the cold storage unit behaves like a normal unit; the behavior persisted across repeated attempts. the damn thing is basically average.,neutral,refrigerator,neutral,refrigerator,0.9999995827674866,0.999946653842926,True,True,standard,1,0,2026-08-15T18:47:12Z,2026-08-15T20:09:20.502998+00:00
7862,used pocket device today rear lens shows no meaningful change,neutral,smartphone,neutral,smartphone,0.9988104104995728,0.8972439765930176,True,True,limited,0,0,2026-08-15T18:47:12Z,2026-08-15T20:09:20.502998+00:00
7863,A later check showed that the thermostat in the food cooler remains better than I expected; I checked it again before writing this.,positive,refrigerator,positive,refrigerator,0.9997966289520264,0.9999284148216248,True,True,standard,0,0,2026-08-15T18:47:12Z,2026-08-15T20:09:20.502998+00:00
7864,My subsequent experience changed the initial impression because the screen unit built in audio is surprisingly dependable; the change appeared in a new situation.,positive,television,positive,television,0.9966654181480408,0.9998018741607666,True,True,advanced,0,0,2026-08-15T18:47:12Z,2026-08-15T20:09:20.502998+00:00
7865,"Outside my usual routine, I noticed that the pocket device usb port is neither impressive nor bad; the behavior persisted across repeated attempts. plain as shit.",neutral,smartphone,neutral,smartphone,0.9999998211860657,0.9999791979789734,True,True,standard,1,0,2026-08-15T18:47:12Z,2026-08-15T20:09:20.502998+00:00
7866,used mobile today rear lens has not let me down,positive,smartphone,positive,smartphone,0.9985024929046631,0.9403043389320374,True,True,limited,0,0,2026-08-15T18:47:12Z,2026-08-15T20:09:20.502998+00:00
7867,"Viewed across several different situations, the picture panel of the video panel is neither impressive nor bad; the behavior persisted across repeated attempts.",neutral,television,neutral,television,0.9999616742134094,0.9995777010917664,True,True,advanced,0,1,2026-08-15T18:47:12Z,2026-08-15T20:09:20.502998+00:00
7868,used cold storage unit today gasket still performs well under different use this thing is fucking impressive,positive,refrigerator,positive,refrigerator,0.9999715685844421,0.9999306797981262,True,True,limited,1,0,2026-08-15T18:47:12Z,2026-08-15T20:09:20.502998+00:00
7869,A later check showed that the ice tray system in the kitchen fridge still performs well under different use; this was not part of my first impression.,positive,refrigerator,positive,refrigerator,0.9999400973320007,0.9999129176139832,True,True,standard,0,0,2026-08-15T18:47:12Z,2026-08-15T20:09:20.502998+00:00
7870,"After changing settings, I noticed that the food cooler ice tray system shows no meaningful change; the behavior persisted across repeated attempts.",neutral,refrigerator,neutral,refrigerator,0.9999901652336121,0.9999018311500549,True,True,standard,0,0,2026-08-15T18:47:12Z,2026-08-15T20:09:20.502998+00:00
7871,got this cold storage unit thermostat now remains basically average,neutral,refrigerator,neutral,refrigerator,0.9910399317741394,0.9977303743362427,True,True,limited,0,0,2026-08-15T18:47:12Z,2026-08-15T20:09:20.502998+00:00
7872,quick update the compressor fan on my kitchen fridge has not let me down,positive,refrigerator,positive,refrigerator,0.9996148943901062,0.9998899102210999,True,True,informal,0,0,2026-08-15T18:47:12Z,2026-08-15T20:09:20.502998+00:00
7873,not gonna overthink it the video panel video input remains basically average,neutral,television,neutral,television,0.9980552196502686,0.9985423684120178,True,True,informal,0,0,2026-08-15T18:47:12Z,2026-08-15T20:09:20.502998+00:00
7874,quick update the compressor fan on my cold storage unit shows no meaningful change,neutral,refrigerator,neutral,refrigerator,0.9959797263145447,0.9998717308044434,True,True,informal,0,0,2026-08-15T18:47:12Z,2026-08-15T20:09:20.502998+00:00
7875,not gonna overthink it the pocket device rear lens has not let me down,positive,smartphone,positive,smartphone,0.9992676973342896,0.9997594356536865,True,True,informal,0,0,2026-08-15T18:47:12Z,2026-08-15T20:09:20.502998+00:00
7876,used television set today built audio fails under ordinary use,negative,television,negative,television,0.9795885682106018,0.9997514486312866,True,True,limited,0,0,2026-08-15T18:47:12Z,2026-08-15T20:09:20.502998+00:00
7877,not gonna overthink it the front loader fill valve has turned into a recurring problem,negative,washing_machine,negative,washing_machine,0.9996015429496765,0.9986289143562317,True,True,informal,0,1,2026-08-15T18:47:12Z,2026-08-15T20:09:20.502998+00:00
7878,"Under conditions outside the original usage profile, the usb port subsystem of the pocket device is surprisingly dependable; the change appeared in a new situation.",positive,smartphone,positive,smartphone,0.9991157054901123,0.9999355673789978,True,True,technical,0,0,2026-08-15T18:47:12Z,2026-08-15T20:09:20.502998+00:00
7879,used television set today video input remains basically average as shit,neutral,television,neutral,television,0.9999986290931702,0.9998952746391296,True,True,limited,1,0,2026-08-15T18:47:12Z,2026-08-15T20:09:20.502998+00:00
7880,A later check showed that the compressor fan in the cold storage unit has turned into a recurring problem; this was not part of my first impression.,negative,refrigerator,negative,refrigerator,0.9998517036437988,0.9999131560325623,True,True,standard,0,0,2026-08-15T18:47:12Z,2026-08-15T20:09:20.502998+00:00
7881,"Under conditions outside the original usage profile, the thermostat subsystem of the cold storage unit remains better than I expected; the change appeared in a new situation.",positive,refrigerator,positive,refrigerator,0.9999158978462219,0.9999186396598816,True,True,technical,0,0,2026-08-15T18:47:12Z,2026-08-15T20:09:20.502998+00:00
7882,"Viewed across several different situations, the ice tray system of the cold storage unit behaves like a normal unit; the behavior persisted across repeated attempts.",neutral,refrigerator,neutral,refrigerator,0.9998183250427246,0.999908983707428,True,True,advanced,0,0,2026-08-15T18:47:12Z,2026-08-15T20:09:20.502998+00:00
7883,"Viewed across several different situations, the spin program of the clothes washer shows no meaningful change; this was not part of my first impression.",neutral,washing_machine,neutral,washing_machine,0.999991238117218,0.9998785853385925,True,True,advanced,0,0,2026-08-15T18:47:12Z,2026-08-15T20:09:20.502998+00:00
7884,"Outside my usual routine, I noticed that the kitchen fridge gasket is neither impressive nor bad; the behavior persisted across repeated attempts.",neutral,refrigerator,neutral,refrigerator,0.9999883770942688,0.9998918175697327,True,True,standard,0,0,2026-08-15T18:47:12Z,2026-08-15T20:09:20.502998+00:00
7885,got this pocket device usb port now fails under ordinary use,negative,smartphone,negative,smartphone,0.9989754557609558,0.9978107213973999,True,True,limited,0,1,2026-08-15T18:47:12Z,2026-08-15T20:09:20.502998+00:00
7886,A later check showed that the built in audio in the screen unit is surprisingly dependable; the change appeared in a new situation.,positive,television,positive,television,0.9984285831451416,0.9998338222503662,True,True,standard,0,0,2026-08-15T18:47:12Z,2026-08-15T20:09:20.502998+00:00
7887,My subsequent experience changed the initial impression because the screen unit built in audio has not let me down; I checked it again before writing this.,positive,television,positive,television,0.999866247177124,0.999932587146759,True,True,advanced,0,0,2026-08-15T18:47:12Z,2026-08-15T20:09:20.502998+00:00
7888,"During a heavy day of use, I noticed that the food cooler compressor fan still performs well under different use; the change appeared in a new situation.",positive,refrigerator,positive,refrigerator,0.9999657273292542,0.9999222159385681,True,True,standard,0,1,2026-08-15T18:47:12Z,2026-08-15T20:09:20.502998+00:00
7889,quick update the spin program on my front loader breaks down when conditions change,negative,washing_machine,negative,washing_machine,0.9930260181427002,0.9995611906051636,True,True,informal,0,0,2026-08-15T18:47:12Z,2026-08-15T20:09:20.502998+00:00
7890,My subsequent experience changed the initial impression because the television set picture panel has turned into a recurring problem; I checked it again before writing this. what a piece of crap.,negative,television,negative,television,0.9999852776527405,0.9999487996101379,True,True,advanced,1,0,2026-08-15T18:47:12Z,2026-08-15T20:09:20.502998+00:00
7891,got this pocket device rear lens now remains basically average,neutral,smartphone,neutral,smartphone,0.9937993884086609,0.9967920780181885,True,True,limited,0,1,2026-08-15T18:47:12Z,2026-08-15T20:09:20.502998+00:00
7892,not gonna overthink it the screen unit video input is increasingly unreliable,negative,television,negative,television,0.9994820952415466,0.9995685815811157,True,True,informal,0,0,2026-08-15T18:47:12Z,2026-08-15T20:09:20.502998+00:00
7893,A later check showed that the power cell in the mobile shows no meaningful change; the change appeared in a new situation. the damn thing is basically average.,neutral,smartphone,neutral,smartphone,0.9999998211860657,0.9999879002571106,True,True,standard,1,0,2026-08-15T18:47:12Z,2026-08-15T20:09:20.502998+00:00
7894,not gonna overthink it the mobile rear lens breaks down when conditions change,negative,smartphone,negative,smartphone,0.9953237175941467,0.9995291233062744,True,True,informal,0,0,2026-08-15T18:47:12Z,2026-08-15T20:09:20.502998+00:00
7895,My subsequent experience changed the initial impression because the wash unit spin program still performs well under different use; the change appeared in a new situation. damn this is good.,positive,washing_machine,positive,washing_machine,0.9999988675117493,0.9999566674232483,True,True,advanced,1,0,2026-08-15T18:47:12Z,2026-08-15T20:09:20.502998+00:00
7896,got this food cooler ice tray system now remains better than i expected,positive,refrigerator,positive,refrigerator,0.9999144673347473,0.9999000430107117,True,True,limited,0,0,2026-08-15T18:47:12Z,2026-08-15T20:09:20.502998+00:00
7897,"After a trip, I noticed that the cold storage unit ice tray system fails under ordinary use; the behavior persisted across repeated attempts.",negative,refrigerator,negative,refrigerator,0.9998895525932312,0.9999046921730042,True,True,standard,0,0,2026-08-15T18:47:12Z,2026-08-15T20:09:20.502998+00:00
7898,quick update the controller on my television set fails under ordinary use what a piece of crap,negative,television,negative,television,0.9998698234558105,0.9998469352722168,True,True,informal,1,0,2026-08-15T18:47:12Z,2026-08-15T20:09:20.502998+00:00
7899,"Under conditions outside the original usage profile, the soap tray subsystem of the front loader behaves like a normal unit; I checked it again before writing this. plain as shit.",neutral,washing_machine,neutral,washing_machine,0.9999987483024597,0.9998965859413147,True,True,technical,1,0,2026-08-15T18:47:12Z,2026-08-15T20:09:20.502998+00:00
7900,"Across a shifted usage regime, the observed behavior of the television set picture panel is surprisingly dependable; this was not part of my first impression.",positive,television,positive,television,0.9998574256896973,0.9993553161621094,True,True,technical,0,0,2026-08-15T18:47:12Z,2026-08-15T20:09:20.502998+00:00
7901,not gonna overthink it the mobile usb port remains basically average,neutral,smartphone,neutral,smartphone,0.9974617958068848,0.9970262050628662,True,True,informal,0,0,2026-08-15T18:47:12Z,2026-08-15T20:09:20.502998+00:00
7902,got this cold storage unit compressor fan now behaves like a unit the damn thing is basically average,neutral,refrigerator,neutral,refrigerator,0.9999883770942688,0.9999423623085022,True,True,limited,1,0,2026-08-15T18:47:12Z,2026-08-15T20:09:20.502998+00:00
7903,got this cell power cell now behaves like a normal unit nothin fucking special,neutral,smartphone,neutral,smartphone,0.9999180436134338,0.9998693466186523,True,True,limited,1,0,2026-08-15T18:47:12Z,2026-08-15T20:09:20.502998+00:00
7904,quick update the power cell on my pocket device remains basically average,neutral,smartphone,neutral,smartphone,0.9992024302482605,0.9996024966239929,True,True,informal,0,0,2026-08-15T18:47:12Z,2026-08-15T20:09:20.502998+00:00
7905,used cell phone today rear is neither impressive nor bad,neutral,smartphone,neutral,smartphone,0.9992000460624695,0.9995180368423462,True,True,limited,0,0,2026-08-15T18:47:12Z,2026-08-15T20:09:20.502998+00:00
7906,used food cooler today thermostat remains better than i expected good as hell,positive,refrigerator,positive,refrigerator,0.9999952912330627,0.9998990893363953,True,True,limited,1,1,2026-08-15T18:47:12Z,2026-08-15T20:09:20.502998+00:00
7907,My subsequent experience changed the initial impression because the kitchen fridge compressor fan is increasingly unreliable; I checked it again before writing this.,negative,refrigerator,negative,refrigerator,0.9992303252220154,0.9999280571937561,True,True,advanced,0,0,2026-08-15T18:47:12Z,2026-08-15T20:09:20.502998+00:00
7908,quick update the ice tray system on my food cooler remains better than i expected,positive,refrigerator,positive,refrigerator,0.9999139904975891,0.9999231696128845,True,True,informal,0,0,2026-08-15T18:47:12Z,2026-08-15T20:09:20.502998+00:00
7909,A later check showed that the usb port in the cell phone breaks down when conditions change; the change appeared in a new situation. this is fucking annoying.,negative,smartphone,negative,smartphone,0.9994275569915771,0.9999886155128479,True,True,standard,1,1,2026-08-15T18:47:12Z,2026-08-15T20:09:20.502998+00:00
7910,quick update the rear lens on my pocket device fails under ordinary use,negative,smartphone,negative,smartphone,0.9951368570327759,0.999638020992279,True,True,informal,0,1,2026-08-15T18:47:12Z,2026-08-15T20:09:20.502998+00:00
7911,My subsequent experience changed the initial impression because the mobile touch panel fails under ordinary use; the behavior persisted across repeated attempts.,negative,smartphone,negative,smartphone,0.9954574108123779,0.9994450211524963,True,True,advanced,0,0,2026-08-15T18:47:12Z,2026-08-15T20:09:20.502998+00:00
7912,not gonna overthink it the wash unit soap tray behaves like a normal unit the damn thing is basically average,neutral,washing_machine,neutral,washing_machine,0.9999992251396179,0.9981011152267456,True,True,informal,1,0,2026-08-15T18:47:12Z,2026-08-15T20:09:20.502998+00:00
7913,"After changing settings, I noticed that the screen unit controller behaves like a normal unit; this was not part of my first impression.",neutral,television,neutral,television,0.9973345398902893,0.9882319569587708,True,True,standard,0,0,2026-08-15T18:47:12Z,2026-08-15T20:09:20.502998+00:00
7914,A later check showed that the drainage motor in the front loader is surprisingly dependable; this was not part of my first impression.,positive,washing_machine,positive,washing_machine,0.9997191429138184,0.9998664855957031,True,True,standard,0,0,2026-08-15T18:47:12Z,2026-08-15T20:09:20.502998+00:00
7915,"Across a shifted usage regime, the observed behavior of the video panel controller breaks down when conditions change; this was not part of my first impression.",negative,television,negative,television,0.9990113973617554,0.8491953015327454,True,True,technical,0,1,2026-08-15T18:47:12Z,2026-08-15T20:09:20.502998+00:00
7916,"Across a shifted usage regime, the observed behavior of the clothes washer spin program remains better than I expected; the change appeared in a new situation.",positive,washing_machine,positive,washing_machine,0.9999462962150574,0.9999073147773743,True,True,technical,0,1,2026-08-15T18:47:12Z,2026-08-15T20:09:20.502998+00:00
7917,not gonna overthink it the front loader fill valve remains basically average,neutral,washing_machine,neutral,washing_machine,0.9986284375190735,0.9956702589988708,True,True,informal,0,0,2026-08-15T18:47:12Z,2026-08-15T20:09:20.502998+00:00
7918,"Across a shifted usage regime, the observed behavior of the clothes washer spin program is surprisingly dependable; I checked it again before writing this. good as hell.",positive,washing_machine,positive,washing_machine,0.9999939799308777,0.9999483227729797,True,True,technical,1,0,2026-08-15T18:47:12Z,2026-08-15T20:09:20.502998+00:00
7919,got this food cooler thermostat now still performs well under different use,positive,refrigerator,positive,refrigerator,0.9997801780700684,0.9991267919540405,True,True,limited,0,0,2026-08-15T18:47:12Z,2026-08-15T20:09:20.502998+00:00
7920,quick update the soap tray on my front loader has not let me down good as hell,positive,washing_machine,positive,washing_machine,0.9999964833259583,0.9997545480728149,True,True,informal,1,1,2026-08-15T18:47:12Z,2026-08-15T20:09:20.502998+00:00
7921,"After changing settings, I noticed that the food cooler thermostat has turned into a recurring problem; I checked it again before writing this.",negative,refrigerator,negative,refrigerator,0.9999728798866272,0.9999249577522278,True,True,standard,0,0,2026-08-15T18:47:12Z,2026-08-15T20:09:20.502998+00:00
7922,A later check showed that the rear lens in the mobile behaves like a normal unit; this was not part of my first impression.,neutral,smartphone,neutral,smartphone,0.9998135566711426,0.9999648928642273,True,True,standard,0,0,2026-08-15T18:47:12Z,2026-08-15T20:09:20.502998+00:00
7923,not gonna overthink it the kitchen fridge ice tray system behaves like a normal unit,neutral,refrigerator,neutral,refrigerator,0.9993900060653687,0.9998781085014343,True,True,informal,0,0,2026-08-15T18:47:12Z,2026-08-15T20:09:20.502998+00:00
7924,My subsequent experience changed the initial impression because the kitchen fridge compressor fan is surprisingly dependable; I checked it again before writing this.,positive,refrigerator,positive,refrigerator,0.9668609499931335,0.999926745891571,True,True,advanced,0,0,2026-08-15T18:47:12Z,2026-08-15T20:09:20.502998+00:00
7925,used video panel today picture panel has not let me down,positive,television,positive,television,0.9786769151687622,0.9987505674362183,True,True,limited,0,0,2026-08-15T18:47:12Z,2026-08-15T20:09:20.502998+00:00
7926,My subsequent experience changed the initial impression because the mobile usb port breaks down when conditions change; the behavior persisted across repeated attempts.,negative,smartphone,negative,smartphone,0.9977096915245056,0.9998885989189148,True,True,advanced,0,0,2026-08-15T18:47:12Z,2026-08-15T20:09:20.502998+00:00
7927,used food today gasket has not let me down good as hell,positive,refrigerator,positive,refrigerator,0.9999914765357971,0.9938863515853882,True,True,limited,1,0,2026-08-15T18:47:12Z,2026-08-15T20:09:20.502998+00:00
7928,My subsequent experience changed the initial impression because the cell phone power cell remains basically average; this was not part of my first impression. plain as shit.,neutral,smartphone,neutral,smartphone,0.9999999403953552,0.9999842047691345,True,True,advanced,1,0,2026-08-15T18:47:12Z,2026-08-15T20:09:20.502998+00:00
7929,"Across a shifted usage regime, the observed behavior of the screen unit picture panel is increasingly unreliable; this was not part of my first impression.",negative,television,negative,television,0.9998111724853516,0.36859139800071716,True,True,technical,0,0,2026-08-15T18:47:12Z,2026-08-15T20:09:20.502998+00:00
7930,used cell phone today rear lens remains average nothin fucking special,neutral,smartphone,neutral,smartphone,0.999607503414154,0.9998292922973633,True,True,limited,1,0,2026-08-15T18:47:12Z,2026-08-15T20:09:20.502998+00:00
7931,used cell phone today touch panel shows no meaningful change,neutral,smartphone,neutral,smartphone,0.9996508955955505,0.9876559376716614,True,True,limited,0,0,2026-08-15T18:47:12Z,2026-08-15T20:09:20.502998+00:00
7932,quick update the gasket on my kitchen fridge is increasingly unreliable,negative,refrigerator,negative,refrigerator,0.9963558316230774,0.998653769493103,True,True,informal,0,0,2026-08-15T18:47:12Z,2026-08-15T20:09:20.502998+00:00
7933,quick update the fill valve on my wash unit is surprisingly dependable,positive,washing_machine,positive,washing_machine,0.9829831719398499,0.9973805546760559,True,True,informal,0,0,2026-08-15T18:47:12Z,2026-08-15T20:09:20.502998+00:00
7934,"Viewed across several different situations, the compressor fan of the cold storage unit is surprisingly dependable; the behavior persisted across repeated attempts.",positive,refrigerator,positive,refrigerator,0.9966063499450684,0.9999048113822937,True,True,advanced,0,0,2026-08-15T18:47:12Z,2026-08-15T20:09:20.502998+00:00
7935,My subsequent experience changed the initial impression because the cold storage unit compressor fan fails under ordinary use; the change appeared in a new situation.,negative,refrigerator,negative,refrigerator,0.9851468205451965,0.9999155402183533,True,True,advanced,0,0,2026-08-15T18:47:12Z,2026-08-15T20:09:20.502998+00:00
7936,quick update the video input on my television set is increasingly unreliable,negative,television,negative,television,0.9979344606399536,0.9998462200164795,True,True,informal,0,0,2026-08-15T18:47:12Z,2026-08-15T20:09:20.502998+00:00
7937,got this cell phone cell now behaves like a normal unit,neutral,smartphone,neutral,smartphone,0.990293025970459,0.9996986389160156,True,True,limited,0,0,2026-08-15T18:47:12Z,2026-08-15T20:09:20.502998+00:00
7938,used television today video input still performs well under different use,positive,television,positive,television,0.9979336261749268,0.9998645782470703,True,True,limited,0,0,2026-08-15T18:47:12Z,2026-08-15T20:09:20.502998+00:00
7939,used screen unit today video input remains better than i expected,positive,television,positive,television,0.9995260238647461,0.999904215335846,True,True,limited,0,0,2026-08-15T18:47:12Z,2026-08-15T20:09:20.502998+00:00
7940,got this panel picture panel now breaks down when conditions change this shit is frustrating,negative,television,negative,smartphone,0.9999623894691467,0.9543783068656921,True,False,limited,1,0,2026-08-15T18:47:12Z,2026-08-15T20:09:20.502998+00:00
7941,not gonna overthink it the television set controller remains better than i expected,positive,television,positive,television,0.9999043345451355,0.9997169971466064,True,True,informal,0,0,2026-08-15T18:47:12Z,2026-08-15T20:09:20.502998+00:00
7942,"Under conditions outside the original usage profile, the drainage motor subsystem of the wash unit behaves like a normal unit; the behavior persisted across repeated attempts.",neutral,washing_machine,neutral,washing_machine,0.9996015429496765,0.9997701644897461,True,True,technical,0,0,2026-08-15T18:47:12Z,2026-08-15T20:09:20.502998+00:00
7943,"Across a shifted usage regime, the observed behavior of the cell phone usb port fails under ordinary use; the change appeared in a new situation. what a piece of crap.",negative,smartphone,negative,smartphone,0.999952495098114,0.9999662041664124,True,True,technical,1,1,2026-08-15T18:47:12Z,2026-08-15T20:09:20.502998+00:00
7944,My subsequent experience changed the initial impression because the cold storage unit gasket breaks down when conditions change; the change appeared in a new situation.,negative,refrigerator,negative,refrigerator,0.9507030844688416,0.9999082684516907,True,True,advanced,0,0,2026-08-15T18:47:12Z,2026-08-15T20:09:20.502998+00:00
7945,got this food cooler tray system now is increasingly unreliable,negative,refrigerator,negative,refrigerator,0.996698796749115,0.9881391525268555,True,True,limited,0,0,2026-08-15T18:47:12Z,2026-08-15T20:09:20.502998+00:00
7946,got this wash unit spin program now has not let me down,positive,washing_machine,positive,washing_machine,0.9988700747489929,0.9995639324188232,True,True,limited,0,0,2026-08-15T18:47:12Z,2026-08-15T20:09:20.502998+00:00
7947,"Under conditions outside the original usage profile, the usb port subsystem of the mobile is surprisingly dependable; the behavior persisted across repeated attempts.",positive,smartphone,positive,smartphone,0.994591474533081,0.9999075531959534,True,True,technical,0,0,2026-08-15T18:47:12Z,2026-08-15T20:09:20.502998+00:00
7948,"Under conditions outside the original usage profile, the rear lens subsystem of the cell phone is neither impressive nor bad; the behavior persisted across repeated attempts.",neutral,smartphone,neutral,smartphone,0.9997644424438477,0.9999749064445496,True,True,technical,0,0,2026-08-15T18:47:12Z,2026-08-15T20:09:20.502998+00:00
7949,not gonna overthink it the cell phone touch panel remains better than i expected,positive,smartphone,positive,smartphone,0.9998297691345215,0.9999606013298035,True,True,informal,0,1,2026-08-15T18:47:12Z,2026-08-15T20:09:20.502998+00:00
7950,"Viewed across several different situations, the compressor fan of the kitchen fridge breaks down when conditions change; I checked it again before writing this. this is fucking annoying.",negative,refrigerator,negative,refrigerator,0.9999704957008362,0.9999503493309021,True,True,advanced,1,1,2026-08-15T18:47:12Z,2026-08-15T20:09:20.502998+00:00
7951,My subsequent experience changed the initial impression because the video panel picture panel breaks down when conditions change; the behavior persisted across repeated attempts. what a piece of crap.,negative,television,negative,television,0.9999510645866394,0.9993966817855835,True,True,advanced,1,0,2026-08-15T18:47:12Z,2026-08-15T20:09:20.502998+00:00
7952,not gonna overthink it the clothes washer spin program is increasingly unreliable,negative,washing_machine,negative,washing_machine,0.9969224333763123,0.9996544718742371,True,True,informal,0,1,2026-08-15T18:47:12Z,2026-08-15T20:09:20.502998+00:00
7953,"Viewed across several different situations, the touch panel of the pocket device is neither impressive nor bad; the change appeared in a new situation. the damn thing is basically average.",neutral,smartphone,neutral,smartphone,0.9999998211860657,0.9999852776527405,True,True,advanced,1,1,2026-08-15T18:47:12Z,2026-08-15T20:09:20.502998+00:00
7954,My subsequent experience changed the initial impression because the cell phone usb port shows no meaningful change; the change appeared in a new situation. plain as shit.,neutral,smartphone,neutral,smartphone,0.9999999403953552,0.9999740719795227,True,True,advanced,1,0,2026-08-15T18:47:12Z,2026-08-15T20:09:20.502998+00:00
7955,"Under conditions outside the original usage profile, the thermostat subsystem of the cold storage unit is increasingly unreliable; I checked it again before writing this.",negative,refrigerator,negative,refrigerator,0.999919593334198,0.999920666217804,True,True,technical,0,0,2026-08-15T18:47:12Z,2026-08-15T20:09:20.502998+00:00
7956,"Viewed across several different situations, the fill valve of the front loader has turned into a recurring problem; I checked it again before writing this.",negative,washing_machine,negative,washing_machine,0.999970018863678,0.9998126029968262,True,True,advanced,0,0,2026-08-15T18:47:12Z,2026-08-15T20:09:20.502998+00:00
7957,quick update the thermostat on my food cooler behaves like a normal unit,neutral,refrigerator,neutral,refrigerator,0.998528778553009,0.9996263384819031,True,True,informal,0,0,2026-08-15T18:47:12Z,2026-08-15T20:09:20.502998+00:00
7958,My subsequent experience changed the initial impression because the front loader fill valve has turned into a recurring problem; the change appeared in a new situation.,negative,washing_machine,negative,washing_machine,0.9995834231376648,0.9998733997344971,True,True,advanced,0,0,2026-08-15T18:47:12Z,2026-08-15T20:09:20.502998+00:00
7959,"Across a shifted usage regime, the observed behavior of the mobile touch panel behaves like a normal unit; the change appeared in a new situation.",neutral,smartphone,neutral,smartphone,0.9999869465827942,0.8057228326797485,True,True,technical,0,0,2026-08-15T18:47:12Z,2026-08-15T20:09:20.502998+00:00
7960,got this clothes soap tray now remains better than i expected,positive,washing_machine,positive,washing_machine,0.9999545216560364,0.9967129230499268,True,True,limited,0,0,2026-08-15T18:47:12Z,2026-08-15T20:09:20.502998+00:00
7961,My subsequent experience changed the initial impression because the video panel video input fails under ordinary use; I checked it again before writing this. what a piece of crap.,negative,television,negative,television,0.9999445080757141,0.9999383091926575,True,True,advanced,1,0,2026-08-15T18:47:12Z,2026-08-15T20:09:20.502998+00:00
7962,quick update the spin program on my clothes washer has turned into a recurring problem,negative,washing_machine,negative,washing_machine,0.9993940591812134,0.999786376953125,True,True,informal,0,1,2026-08-15T18:47:12Z,2026-08-15T20:09:20.502998+00:00
7963,"Viewed across several different situations, the spin program of the clothes washer has turned into a recurring problem; the change appeared in a new situation.",negative,washing_machine,negative,washing_machine,0.9999131560325623,0.9998946785926819,True,True,advanced,0,0,2026-08-15T18:47:12Z,2026-08-15T20:09:20.502998+00:00
7964,A later check showed that the built in audio in the television set has not let me down; I checked it again before writing this.,positive,television,positive,television,0.9995654821395874,0.9999386668205261,True,True,standard,0,1,2026-08-15T18:47:12Z,2026-08-15T20:09:20.502998+00:00
7965,not gonna overthink it the pocket device usb port is neither impressive nor bad,neutral,smartphone,neutral,smartphone,0.9994391798973083,0.9999135136604309,True,True,informal,0,0,2026-08-15T18:47:12Z,2026-08-15T20:09:20.502998+00:00
7966,"After a trip, I noticed that the television set picture panel fails under ordinary use; the behavior persisted across repeated attempts. the damn thing keeps causing trouble.",negative,television,negative,television,0.9999944567680359,0.9999473690986633,True,True,standard,1,0,2026-08-15T18:47:12Z,2026-08-15T20:09:20.502998+00:00
7967,My subsequent experience changed the initial impression because the kitchen fridge ice tray system shows no meaningful change; I checked it again before writing this.,neutral,refrigerator,neutral,refrigerator,0.9999988675117493,0.9999307990074158,True,True,advanced,0,1,2026-08-15T18:47:12Z,2026-08-15T20:09:20.502998+00:00
7968,A later check showed that the picture panel in the television set remains basically average; I checked it again before writing this.,neutral,television,neutral,television,0.9999927878379822,0.9998978972434998,True,True,standard,0,1,2026-08-15T18:47:12Z,2026-08-15T20:09:20.502998+00:00
7969,"After changing settings, I noticed that the clothes washer soap tray still performs well under different use; this was not part of my first impression.",positive,washing_machine,positive,washing_machine,0.9999479651451111,0.9998676776885986,True,True,standard,0,0,2026-08-15T18:47:12Z,2026-08-15T20:09:20.502998+00:00
7970,used television set today input is increasingly unreliable,negative,television,negative,television,0.9966879487037659,0.9996668696403503,True,True,limited,0,0,2026-08-15T18:47:12Z,2026-08-15T20:09:20.502998+00:00
7971,"Viewed across several different situations, the rear lens of the pocket device shows no meaningful change; the behavior persisted across repeated attempts.",neutral,smartphone,neutral,smartphone,0.9999482035636902,0.999927818775177,True,True,advanced,0,0,2026-08-15T18:47:12Z,2026-08-15T20:09:20.502998+00:00
7972,got this clothes washer spin program now performs well under different use,positive,washing_machine,positive,washing_machine,0.9995774626731873,0.999760627746582,True,True,limited,0,1,2026-08-15T18:47:12Z,2026-08-15T20:09:20.502998+00:00
7973,used video today controller breaks down when conditions change,negative,television,negative,television,0.9939915537834167,0.9514121413230896,True,True,limited,0,0,2026-08-15T18:47:12Z,2026-08-15T20:09:20.502998+00:00
7974,"After changing settings, I noticed that the kitchen fridge thermostat is neither impressive nor bad; I checked it again before writing this.",neutral,refrigerator,neutral,refrigerator,0.9999796748161316,0.9999273419380188,True,True,standard,0,1,2026-08-15T18:47:12Z,2026-08-15T20:09:20.502998+00:00
7975,"Viewed across several different situations, the fill valve of the clothes washer remains better than I expected; this was not part of my first impression.",positive,washing_machine,positive,washing_machine,0.9999459385871887,0.9998803734779358,True,True,advanced,0,0,2026-08-15T18:47:12Z,2026-08-15T20:09:20.502998+00:00
7976,not gonna overthink it the cell phone rear lens fails under ordinary use,negative,smartphone,negative,smartphone,0.9949424266815186,0.9999073147773743,True,True,informal,0,0,2026-08-15T18:47:12Z,2026-08-15T20:09:20.502998+00:00
7977,got this kitchen fridge compressor fan now has not let me down,positive,refrigerator,positive,refrigerator,0.9996339678764343,0.9998753070831299,True,True,limited,0,0,2026-08-15T18:47:12Z,2026-08-15T20:09:20.502998+00:00
7978,"Across a shifted usage regime, the observed behavior of the pocket device usb port fails under ordinary use; the change appeared in a new situation.",negative,smartphone,negative,smartphone,0.9996282458305359,0.9945189356803894,True,True,technical,0,0,2026-08-15T18:47:12Z,2026-08-15T20:09:20.502998+00:00
7979,not gonna overthink it the pocket device rear lens breaks down when conditions change what a piece of crap,negative,smartphone,negative,smartphone,0.999945342540741,0.9999759793281555,True,True,informal,1,0,2026-08-15T18:47:12Z,2026-08-15T20:09:20.502998+00:00
7980,"Viewed across several different situations, the usb port of the mobile is neither impressive nor bad; this was not part of my first impression.",neutral,smartphone,neutral,smartphone,0.9999570250511169,0.9999709725379944,True,True,advanced,0,0,2026-08-15T18:47:12Z,2026-08-15T20:09:20.502998+00:00
7981,"Across a shifted usage regime, the observed behavior of the front loader drainage motor is neither impressive nor bad; the behavior persisted across repeated attempts.",neutral,washing_machine,neutral,washing_machine,0.9999604821205139,0.9998645782470703,True,True,technical,0,1,2026-08-15T18:47:12Z,2026-08-15T20:09:20.502998+00:00
7982,not gonna overthink it the wash unit soap tray remains better than i expected,positive,washing_machine,positive,washing_machine,0.9998853802680969,0.9956054091453552,True,True,informal,0,1,2026-08-15T18:47:12Z,2026-08-15T20:09:20.502998+00:00
7983,used clothes washer today soap tray remains basically average the damn is basically average,neutral,washing_machine,neutral,washing_machine,0.9999995827674866,0.9998335838317871,True,True,limited,1,0,2026-08-15T18:47:12Z,2026-08-15T20:09:20.502998+00:00
7984,got this pocket touch panel now still performs well under different use,positive,smartphone,positive,smartphone,0.9993919134140015,0.9955425262451172,True,True,limited,0,0,2026-08-15T18:47:12Z,2026-08-15T20:09:20.502998+00:00
7985,"Viewed across several different situations, the touch panel of the cell phone shows no meaningful change; I checked it again before writing this.",neutral,smartphone,neutral,smartphone,0.999989926815033,0.9999200701713562,True,True,advanced,0,0,2026-08-15T18:47:12Z,2026-08-15T20:09:20.502998+00:00
7986,got this touch panel now has turned into a recurring problem this shit is frustrating,negative,smartphone,negative,smartphone,0.9999858736991882,0.999471127986908,True,True,limited,1,0,2026-08-15T18:47:12Z,2026-08-15T20:09:20.502998+00:00
7987,"Outside my usual routine, I noticed that the video panel built in audio remains basically average; the change appeared in a new situation.",neutral,television,neutral,television,0.9999929070472717,0.999583899974823,True,True,standard,0,1,2026-08-15T18:47:12Z,2026-08-15T20:09:20.502998+00:00
7988,got this food cooler gasket now remains basically average nothing fucking special,neutral,refrigerator,neutral,refrigerator,0.9999749064445496,0.9995719194412231,True,True,limited,1,1,2026-08-15T18:47:12Z,2026-08-15T20:09:20.502998+00:00
7989,A later check showed that the video input in the video panel is increasingly unreliable; I checked it again before writing this. the damn thing keeps causing trouble.,negative,television,negative,television,0.999995768070221,0.9999598860740662,True,True,standard,1,0,2026-08-15T18:47:12Z,2026-08-15T20:09:20.502998+00:00
7990,"After a trip, I noticed that the cell phone touch panel remains better than I expected; the change appeared in a new situation.",positive,smartphone,positive,smartphone,0.9998926520347595,0.9999640583992004,True,True,standard,0,1,2026-08-15T18:47:12Z,2026-08-15T20:09:20.502998+00:00
7991,not gonna overthink it the clothes washer soap tray is increasingly unreliable what a piece of crap,negative,washing_machine,negative,washing_machine,0.999938428401947,0.9998557567596436,True,True,informal,1,0,2026-08-15T18:47:12Z,2026-08-15T20:09:20.502998+00:00
7992,"When another person used it, I noticed that the screen unit built in audio remains basically average; the change appeared in a new situation.",neutral,television,neutral,television,0.9999777674674988,0.9999200701713562,True,True,standard,0,0,2026-08-15T18:47:12Z,2026-08-15T20:09:20.502998+00:00
7993,got this food cooler ice tray system now has not let me down,positive,refrigerator,positive,refrigerator,0.9994885325431824,0.9998371601104736,True,True,limited,0,0,2026-08-15T18:47:12Z,2026-08-15T20:09:20.502998+00:00
7994,not gonna overthink it the food cooler thermostat remains better than i expected,positive,refrigerator,positive,refrigerator,0.9998927712440491,0.9995532035827637,True,True,informal,0,0,2026-08-15T18:47:12Z,2026-08-15T20:09:20.502998+00:00
7995,"Viewed across several different situations, the fill valve of the clothes washer behaves like a normal unit; the change appeared in a new situation.",neutral,washing_machine,neutral,washing_machine,0.9999848008155823,0.9998829960823059,True,True,advanced,0,0,2026-08-15T18:47:12Z,2026-08-15T20:09:20.502998+00:00
7996,"During a heavy day of use, I noticed that the mobile usb port fails under ordinary use; the change appeared in a new situation.",negative,smartphone,negative,smartphone,0.9999091029167175,0.9999728798866272,True,True,standard,0,0,2026-08-15T18:47:12Z,2026-08-15T20:09:20.502998+00:00
7997,"Across a shifted usage regime, the observed behavior of the television set controller is surprisingly dependable; I checked it again before writing this.",positive,television,positive,television,0.9987888336181641,0.9989623427391052,True,True,technical,0,0,2026-08-15T18:47:12Z,2026-08-15T20:09:20.502998+00:00
7998,got cell phone power cell now is neither impressive nor bad,neutral,smartphone,neutral,smartphone,0.9991809725761414,0.9998849034309387,True,True,limited,0,0,2026-08-15T18:47:12Z,2026-08-15T20:09:20.502998+00:00
7999,"Viewed across several different situations, the soap tray of the wash unit is surprisingly dependable; this was not part of my first impression.",positive,washing_machine,positive,washing_machine,0.9997224807739258,0.9998111724853516,True,True,advanced,0,0,2026-08-15T18:47:12Z,2026-08-15T20:09:20.502998+00:00
8000,"Under conditions outside the original usage profile, the picture panel subsystem of the video panel breaks down when conditions change; the change appeared in a new situation.",negative,television,negative,television,0.9996885657310486,0.9996652007102966,True,True,technical,0,0,2026-08-15T18:47:12Z,2026-08-15T20:09:20.502998+00:00
8001,"Outside my usual routine, I noticed that the front loader spin program is neither impressive nor bad; the behavior persisted across repeated attempts.",neutral,washing_machine,neutral,washing_machine,0.9999755024909973,0.9997897148132324,True,True,standard,0,0,2026-08-15T18:47:12Z,2026-08-15T20:09:20.502998+00:00
8002,got this unit controller now breaks down when conditions change this shit is frustrating,negative,television,negative,refrigerator,0.9999135136604309,0.577794075012207,True,False,limited,1,0,2026-08-15T18:47:12Z,2026-08-15T20:09:20.502998+00:00
8003,"Across a shifted usage regime, the observed behavior of the kitchen fridge thermostat has turned into a recurring problem; I checked it again before writing this.",negative,refrigerator,negative,refrigerator,0.9999762177467346,0.9999296069145203,True,True,technical,0,1,2026-08-15T18:47:12Z,2026-08-15T20:09:20.502998+00:00
8004,"Outside my usual routine, I noticed that the screen unit video input remains basically average; the behavior persisted across repeated attempts. plain as shit.",neutral,television,neutral,television,0.9999998211860657,0.9999235272407532,True,True,standard,1,0,2026-08-15T18:47:12Z,2026-08-15T20:09:20.502998+00:00
8005,quick update the controller on my video panel shows no meaningful change plain as shit,neutral,television,neutral,television,0.9999993443489075,0.9941326379776001,True,True,informal,1,1,2026-08-15T18:47:12Z,2026-08-15T20:09:20.502998+00:00
8006,My subsequent experience changed the initial impression because the clothes washer drainage motor is increasingly unreliable; the change appeared in a new situation.,negative,washing_machine,negative,washing_machine,0.983565092086792,0.9998788237571716,True,True,advanced,0,0,2026-08-15T18:47:12Z,2026-08-15T20:09:20.502998+00:00
8007,My subsequent experience changed the initial impression because the video panel controller fails under ordinary use; this was not part of my first impression.,negative,television,negative,television,0.9897174835205078,0.9682781100273132,True,True,advanced,0,0,2026-08-15T18:47:12Z,2026-08-15T20:09:20.502998+00:00
8008,"Across a shifted usage regime, the observed behavior of the mobile power cell is surprisingly dependable; the change appeared in a new situation. damn this is good.",positive,smartphone,positive,smartphone,0.9999969601631165,0.9999620318412781,True,True,technical,1,0,2026-08-15T18:47:12Z,2026-08-15T20:09:20.502998+00:00
8009,got this clothes washer drainage motor now behaves like a normal unit,neutral,washing_machine,neutral,washing_machine,0.9918614625930786,0.999772310256958,True,True,limited,0,0,2026-08-15T18:47:12Z,2026-08-15T20:09:20.502998+00:00
8010,"Across a shifted usage regime, the observed behavior of the cold storage unit gasket has not let me down; the change appeared in a new situation. this thing is fucking impressive.",positive,refrigerator,positive,refrigerator,0.9999824166297913,0.9999410510063171,True,True,technical,1,0,2026-08-15T18:47:12Z,2026-08-15T20:09:20.502998+00:00
8011,"Viewed across several different situations, the picture panel of the television set remains better than I expected; the behavior persisted across repeated attempts.",positive,television,positive,television,0.9998548030853271,0.9998783469200134,True,True,advanced,0,1,2026-08-15T18:47:12Z,2026-08-15T20:09:20.502998+00:00
8012,A later check showed that the built in audio in the screen unit still performs well under different use; I checked it again before writing this.,positive,television,positive,television,0.9997146129608154,0.999938428401947,True,True,standard,0,0,2026-08-15T18:47:12Z,2026-08-15T20:09:20.502998+00:00
8013,"When another person used it, I noticed that the television set picture panel fails under ordinary use; the change appeared in a new situation.",negative,television,negative,television,0.9997373819351196,0.9999025464057922,True,True,standard,0,0,2026-08-15T18:47:12Z,2026-08-15T20:09:20.502998+00:00
8014,My subsequent experience changed the initial impression because the cell phone power cell breaks down when conditions change; I checked it again before writing this.,negative,smartphone,negative,smartphone,0.9491257071495056,0.9999701380729675,True,True,advanced,0,1,2026-08-15T18:47:12Z,2026-08-15T20:09:20.502998+00:00
8015,quick update the built in audio on my screen unit still performs well under different use,positive,television,positive,television,0.9998183250427246,0.9997563362121582,True,True,informal,0,0,2026-08-15T18:47:12Z,2026-08-15T20:09:20.502998+00:00
8016,A later check showed that the ice tray system in the kitchen fridge is increasingly unreliable; I checked it again before writing this.,negative,refrigerator,negative,refrigerator,0.9998526573181152,0.999931275844574,True,True,standard,0,0,2026-08-15T18:47:12Z,2026-08-15T20:09:20.502998+00:00
8017,got this television set picture panel now remains better than i expected,positive,television,positive,television,0.9999234080314636,0.9997828006744385,True,True,limited,0,1,2026-08-15T18:47:12Z,2026-08-15T20:09:20.502998+00:00
8018,"Viewed across several different situations, the rear lens of the cell phone breaks down when conditions change; this was not part of my first impression.",negative,smartphone,negative,smartphone,0.9971880912780762,0.9999683499336243,True,True,advanced,0,0,2026-08-15T18:47:12Z,2026-08-15T20:09:20.502998+00:00
8019,"After a trip, I noticed that the mobile power cell remains better than I expected; the behavior persisted across repeated attempts.",positive,smartphone,positive,smartphone,0.9996556639671326,0.9999610781669617,True,True,standard,0,0,2026-08-15T18:47:12Z,2026-08-15T20:09:20.502998+00:00
8020,got this mobile touch panel now is surprisingly dependable,positive,smartphone,positive,smartphone,0.9690282344818115,0.9840188026428223,True,True,limited,0,1,2026-08-15T18:47:12Z,2026-08-15T20:09:20.502998+00:00
8021,My subsequent experience changed the initial impression because the wash unit spin program behaves like a normal unit; the change appeared in a new situation. plain as shit.,neutral,washing_machine,neutral,washing_machine,0.9999998211860657,0.9999355673789978,True,True,advanced,1,0,2026-08-15T18:47:12Z,2026-08-15T20:09:20.502998+00:00
8022,got this kitchen fridge gasket now breaks down when conditions change,negative,refrigerator,negative,refrigerator,0.9943345189094543,0.9995984435081482,True,True,limited,0,0,2026-08-15T18:47:12Z,2026-08-15T20:09:20.502998+00:00
8023,My subsequent experience changed the initial impression because the front loader drainage motor has turned into a recurring problem; the behavior persisted across repeated attempts.,negative,washing_machine,negative,washing_machine,0.999954879283905,0.9998586177825928,True,True,advanced,0,0,2026-08-15T18:47:12Z,2026-08-15T20:09:20.502998+00:00
8024,"After a trip, I noticed that the front loader fill valve remains better than I expected; the behavior persisted across repeated attempts.",positive,washing_machine,positive,washing_machine,0.9997823238372803,0.9998147487640381,True,True,standard,0,1,2026-08-15T18:47:12Z,2026-08-15T20:09:20.502998+00:00
8025,"Outside my usual routine, I noticed that the pocket device usb port still performs well under different use; I checked it again before writing this.",positive,smartphone,positive,smartphone,0.9998481273651123,0.9999318718910217,True,True,standard,0,0,2026-08-15T18:47:12Z,2026-08-15T20:09:20.502998+00:00
8026,"Viewed across several different situations, the soap tray of the front loader fails under ordinary use; this was not part of my first impression. this shit is frustrating.",negative,washing_machine,negative,washing_machine,0.9999353289604187,0.9999440312385559,True,True,advanced,1,0,2026-08-15T18:47:12Z,2026-08-15T20:09:20.502998+00:00
8027,not gonna overthink it the mobile power cell has turned into a recurring problem this is fucking annoying,negative,smartphone,negative,smartphone,0.9999865889549255,0.9999879002571106,True,True,informal,1,0,2026-08-15T18:47:12Z,2026-08-15T20:09:20.502998+00:00
8028,A later check showed that the touch panel in the mobile still performs well under different use; this was not part of my first impression.,positive,smartphone,positive,smartphone,0.9999375939369202,0.9998812079429626,True,True,standard,0,0,2026-08-15T18:47:12Z,2026-08-15T20:09:20.502998+00:00
8029,"Viewed across several different situations, the power cell of the mobile has turned into a recurring problem; I checked it again before writing this. what a piece of crap.",negative,smartphone,negative,smartphone,0.9999939799308777,0.9999837279319763,True,True,advanced,1,1,2026-08-15T18:47:12Z,2026-08-15T20:09:20.502998+00:00
8030,"Outside my usual routine, I noticed that the kitchen fridge thermostat remains better than I expected; this was not part of my first impression.",positive,refrigerator,positive,refrigerator,0.9999378323554993,0.9999071955680847,True,True,standard,0,0,2026-08-15T18:47:12Z,2026-08-15T20:09:20.502998+00:00
8031,used television set today controller remains basically average nothin fucking special,neutral,television,neutral,television,0.9999942183494568,0.9997899532318115,True,True,limited,1,0,2026-08-15T18:47:12Z,2026-08-15T20:09:20.502998+00:00
8032,used food cooler today thermostat remains better than i expected,positive,refrigerator,positive,refrigerator,0.9997563362121582,0.9988742470741272,True,True,limited,0,0,2026-08-15T18:47:12Z,2026-08-15T20:09:20.502998+00:00
8033,used screen unit today built in audio breaks down conditions change,negative,television,negative,television,0.9482512474060059,0.9996787905693054,True,True,limited,0,0,2026-08-15T18:47:12Z,2026-08-15T20:09:20.502998+00:00
8034,got this television set controller now breaks down when conditions change,negative,television,negative,television,0.988283097743988,0.9990608096122742,True,True,limited,0,0,2026-08-15T18:47:12Z,2026-08-15T20:09:20.502998+00:00
8035,"Across a shifted usage regime, the observed behavior of the clothes washer soap tray is surprisingly dependable; the behavior persisted across repeated attempts.",positive,washing_machine,positive,washing_machine,0.9987567663192749,0.9998859763145447,True,True,technical,0,0,2026-08-15T18:47:12Z,2026-08-15T20:09:20.502998+00:00
8036,"After a trip, I noticed that the clothes washer drainage motor remains better than I expected; this was not part of my first impression. damn this is good.",positive,washing_machine,positive,washing_machine,0.9999980330467224,0.9999610781669617,True,True,standard,1,0,2026-08-15T18:47:12Z,2026-08-15T20:09:20.502998+00:00
8037,A later check showed that the touch panel in the pocket device breaks down when conditions change; I checked it again before writing this. this is fucking annoying.,negative,smartphone,negative,smartphone,0.9999359250068665,0.9999756217002869,True,True,standard,1,1,2026-08-15T18:47:12Z,2026-08-15T20:09:20.502998+00:00
8038,My subsequent experience changed the initial impression because the food cooler compressor fan remains basically average; the change appeared in a new situation. nothing fucking special.,neutral,refrigerator,neutral,refrigerator,0.9999997019767761,0.9999386668205261,True,True,advanced,1,0,2026-08-15T18:47:12Z,2026-08-15T20:09:20.502998+00:00
8039,quick update the usb port on my cell phone behaves like a normal unit,neutral,smartphone,neutral,smartphone,0.996728241443634,0.9999366402626038,True,True,informal,0,1,2026-08-15T18:47:12Z,2026-08-15T20:09:20.502998+00:00
8040,"When another person used it, I noticed that the cell phone touch panel remains better than I expected; the behavior persisted across repeated attempts.",positive,smartphone,positive,smartphone,0.9998943209648132,0.9999775290489197,True,True,standard,0,1,2026-08-15T18:47:12Z,2026-08-15T20:09:20.502998+00:00
8041,"When another person used it, I noticed that the cell phone rear lens is neither impressive nor bad; this was not part of my first impression.",neutral,smartphone,neutral,smartphone,0.9997777938842773,0.999978244304657,True,True,standard,0,0,2026-08-15T18:47:12Z,2026-08-15T20:09:20.502998+00:00
8042,"When another person used it, I noticed that the front loader drainage motor fails under ordinary use; the change appeared in a new situation. this shit is frustrating.",negative,washing_machine,negative,washing_machine,0.9999772906303406,0.9999101758003235,True,True,standard,1,0,2026-08-15T18:47:12Z,2026-08-15T20:09:20.502998+00:00
8043,quick update the thermostat on my kitchen fridge has not let me down,positive,refrigerator,positive,refrigerator,0.9993218779563904,0.9997529983520508,True,True,informal,0,0,2026-08-15T18:47:12Z,2026-08-15T20:09:20.502998+00:00
8044,used front loader today fill valve still performs well different use,positive,washing_machine,positive,washing_machine,0.9990728497505188,0.9969956874847412,True,True,limited,0,0,2026-08-15T18:47:12Z,2026-08-15T20:09:20.502998+00:00
8045,"Viewed across several different situations, the soap tray of the clothes washer is neither impressive nor bad; the change appeared in a new situation.",neutral,washing_machine,neutral,washing_machine,0.9999834895133972,0.9998385906219482,True,True,advanced,0,0,2026-08-15T18:47:12Z,2026-08-15T20:09:20.502998+00:00
8046,got this cell phone power cell now is neither impressive nor bad the damn thing is basically average,neutral,smartphone,neutral,smartphone,0.9999993443489075,0.9999889731407166,True,True,limited,1,0,2026-08-15T18:47:12Z,2026-08-15T20:09:20.502998+00:00
8047,"Outside my usual routine, I noticed that the video panel video input is neither impressive nor bad; the change appeared in a new situation. the damn thing is basically average.",neutral,television,neutral,television,0.9999998211860657,0.9999586939811707,True,True,standard,1,0,2026-08-15T18:47:12Z,2026-08-15T20:09:20.502998+00:00
8048,"Across a shifted usage regime, the observed behavior of the television set picture panel remains better than I expected; the change appeared in a new situation. good as hell.",positive,television,positive,television,0.999997079372406,0.9999421238899231,True,True,technical,1,0,2026-08-15T18:47:12Z,2026-08-15T20:09:20.502998+00:00
8049,got this cell phone power cell now fails under ordinary use,negative,smartphone,negative,smartphone,0.9960034489631653,0.9998345375061035,True,True,limited,0,1,2026-08-15T18:47:12Z,2026-08-15T20:09:20.502998+00:00
8050,"Across a shifted usage regime, the observed behavior of the kitchen fridge thermostat is surprisingly dependable; I checked it again before writing this.",positive,refrigerator,positive,refrigerator,0.9978605508804321,0.9999064803123474,True,True,technical,0,0,2026-08-15T18:47:12Z,2026-08-15T20:09:20.502998+00:00
8051,quick update the built in audio on my video panel behaves like a normal unit,neutral,television,neutral,television,0.9921070337295532,0.9980432987213135,True,True,informal,0,0,2026-08-15T18:47:12Z,2026-08-15T20:09:20.502998+00:00
8052,My subsequent experience changed the initial impression because the pocket device power cell still performs well under different use; the change appeared in a new situation.,positive,smartphone,positive,smartphone,0.9999009966850281,0.9999485611915588,True,True,advanced,0,1,2026-08-15T18:47:12Z,2026-08-15T20:09:20.502998+00:00
8053,"Across a shifted usage regime, the observed behavior of the front loader spin program breaks down when conditions change; the behavior persisted across repeated attempts.",negative,washing_machine,negative,washing_machine,0.9997206926345825,0.999882161617279,True,True,technical,0,1,2026-08-15T18:47:12Z,2026-08-15T20:09:20.502998+00:00
8054,not gonna overthink it the wash unit soap tray remains basically average nothing fucking special,neutral,washing_machine,neutral,washing_machine,0.9999881386756897,0.997036337852478,True,True,informal,1,1,2026-08-15T18:47:12Z,2026-08-15T20:09:20.502998+00:00
8055,A later check showed that the drainage motor in the clothes washer has turned into a recurring problem; the behavior persisted across repeated attempts.,negative,washing_machine,negative,washing_machine,0.999952495098114,0.9998750686645508,True,True,standard,0,0,2026-08-15T18:47:12Z,2026-08-15T20:09:20.502998+00:00
8056,"Viewed across several different situations, the rear lens of the cell phone has turned into a recurring problem; the behavior persisted across repeated attempts. the damn thing keeps causing trouble.",negative,smartphone,negative,smartphone,0.9999968409538269,0.9999882578849792,True,True,advanced,1,0,2026-08-15T18:47:12Z,2026-08-15T20:09:20.502998+00:00
8057,"Across a shifted usage regime, the observed behavior of the front loader soap tray fails under ordinary use; the change appeared in a new situation.",negative,washing_machine,negative,washing_machine,0.9989461302757263,0.9998870491981506,True,True,technical,0,0,2026-08-15T18:47:12Z,2026-08-15T20:09:20.502998+00:00
8058,not gonna overthink it the kitchen fridge ice tray system is increasingly unreliable,negative,refrigerator,negative,refrigerator,0.9985228180885315,0.9998531341552734,True,True,informal,0,0,2026-08-15T18:47:12Z,2026-08-15T20:09:20.502998+00:00
8059,"Viewed across several different situations, the video input of the screen unit is increasingly unreliable; this was not part of my first impression.",negative,television,negative,television,0.99983811378479,0.9999173283576965,True,True,advanced,0,0,2026-08-15T18:47:12Z,2026-08-15T20:09:20.502998+00:00
8060,got this mobile touch panel now still performs well under different use,positive,smartphone,positive,smartphone,0.9993891716003418,0.9974644184112549,True,True,limited,0,0,2026-08-15T18:47:12Z,2026-08-15T20:09:20.502998+00:00
8061,not gonna overthink it the clothes washer drainage motor fails under ordinary use,negative,washing_machine,negative,washing_machine,0.9956055283546448,0.99933260679245,True,True,informal,0,0,2026-08-15T18:47:12Z,2026-08-15T20:09:20.502998+00:00
8062,used cold storage unit today gasket shows no meaningful change,neutral,refrigerator,neutral,refrigerator,0.9983478784561157,0.9984817504882812,True,True,limited,0,0,2026-08-15T18:47:12Z,2026-08-15T20:09:20.502998+00:00
8063,"After a trip, I noticed that the kitchen fridge ice tray system shows no meaningful change; I checked it again before writing this. nothing fucking special.",neutral,refrigerator,neutral,refrigerator,0.9999993443489075,0.9999421238899231,True,True,standard,1,0,2026-08-15T18:47:12Z,2026-08-15T20:09:20.502998+00:00
8064,"Across a shifted usage regime, the observed behavior of the video panel video input has not let me down; I checked it again before writing this.",positive,television,positive,television,0.9997299909591675,0.999852180480957,True,True,technical,0,1,2026-08-15T18:47:12Z,2026-08-15T20:09:20.502998+00:00
8065,A later check showed that the rear lens in the mobile remains basically average; I checked it again before writing this.,neutral,smartphone,neutral,smartphone,0.9999725222587585,0.9999596476554871,True,True,standard,0,0,2026-08-15T18:47:12Z,2026-08-15T20:09:20.502998+00:00
8066,not gonna overthink it the cell phone power cell is neither impressive nor bad,neutral,smartphone,neutral,smartphone,0.9995965361595154,0.9999684691429138,True,True,informal,0,0,2026-08-15T18:47:12Z,2026-08-15T20:09:20.502998+00:00
8067,"Under conditions outside the original usage profile, the built in audio subsystem of the screen unit still performs well under different use; the behavior persisted across repeated attempts.",positive,television,positive,television,0.9995310306549072,0.999896228313446,True,True,technical,0,1,2026-08-15T18:47:12Z,2026-08-15T20:09:20.502998+00:00
8068,"Under conditions outside the original usage profile, the ice tray system subsystem of the cold storage unit breaks down when conditions change; I checked it again before writing this.",negative,refrigerator,negative,refrigerator,0.9998321533203125,0.9999338984489441,True,True,technical,0,0,2026-08-15T18:47:12Z,2026-08-15T20:09:20.502998+00:00
8069,not gonna overthink it the screen unit built in audio remains better than i expected,positive,television,positive,television,0.9999560713768005,0.9998695850372314,True,True,informal,0,0,2026-08-15T18:47:12Z,2026-08-15T20:09:20.502998+00:00
8070,"Under conditions outside the original usage profile, the video input subsystem of the television set still performs well under different use; the behavior persisted across repeated attempts.",positive,television,positive,television,0.999728798866272,0.9999263882637024,True,True,technical,0,0,2026-08-15T18:47:12Z,2026-08-15T20:09:20.502998+00:00
8071,"Under conditions outside the original usage profile, the ice tray system subsystem of the food cooler shows no meaningful change; the change appeared in a new situation.",neutral,refrigerator,neutral,refrigerator,0.999995768070221,0.9999199509620667,True,True,technical,0,0,2026-08-15T18:47:12Z,2026-08-15T20:09:20.502998+00:00
8072,got front loader spin program now remains basically average,neutral,washing_machine,neutral,washing_machine,0.9973379969596863,0.9993821382522583,True,True,limited,0,0,2026-08-15T18:47:12Z,2026-08-15T20:09:20.502998+00:00
8073,"When another person used it, I noticed that the cold storage unit ice tray system shows no meaningful change; this was not part of my first impression.",neutral,refrigerator,neutral,refrigerator,0.9999797940254211,0.9999100565910339,True,True,standard,0,1,2026-08-15T18:47:12Z,2026-08-15T20:09:20.502998+00:00
8074,A later check showed that the usb port in the mobile breaks down when conditions change; the change appeared in a new situation.,negative,smartphone,negative,smartphone,0.9985872507095337,0.9999536871910095,True,True,standard,0,0,2026-08-15T18:47:12Z,2026-08-15T20:09:20.502998+00:00
8075,"Viewed across several different situations, the thermostat of the kitchen fridge fails under ordinary use; the change appeared in a new situation.",negative,refrigerator,negative,refrigerator,0.9995321035385132,0.9999114871025085,True,True,advanced,0,0,2026-08-15T18:47:12Z,2026-08-15T20:09:20.502998+00:00
8076,"Under conditions outside the original usage profile, the compressor fan subsystem of the kitchen fridge remains better than I expected; the change appeared in a new situation. damn this is good.",positive,refrigerator,positive,refrigerator,0.9999971985816956,0.9999603629112244,True,True,technical,1,0,2026-08-15T18:47:12Z,2026-08-15T20:09:20.502998+00:00
8077,not gonna overthink it the television set picture panel breaks down when conditions change,negative,television,negative,television,0.9956157207489014,0.9997212886810303,True,True,informal,0,1,2026-08-15T18:47:12Z,2026-08-15T20:09:20.502998+00:00
8078,not gonna overthink it the wash unit drainage motor still performs well under different use,positive,washing_machine,positive,washing_machine,0.9976558089256287,0.9977294206619263,True,True,informal,0,0,2026-08-15T18:47:12Z,2026-08-15T20:09:20.502998+00:00
8079,got this food cooler compressor fan is neither impressive nor bad,neutral,refrigerator,neutral,refrigerator,0.9965017437934875,0.9997552633285522,True,True,limited,0,0,2026-08-15T18:47:12Z,2026-08-15T20:09:20.502998+00:00
8080,My subsequent experience changed the initial impression because the food cooler gasket remains basically average; the change appeared in a new situation.,neutral,refrigerator,neutral,refrigerator,0.9999991059303284,0.9998645782470703,True,True,advanced,0,1,2026-08-15T18:47:12Z,2026-08-15T20:09:20.502998+00:00
8081,A later check showed that the usb port in the cell phone behaves like a normal unit; I checked it again before writing this.,neutral,smartphone,neutral,smartphone,0.9999697804450989,0.9999833703041077,True,True,standard,0,0,2026-08-15T18:47:12Z,2026-08-15T20:09:20.502998+00:00
8082,used screen unit today built in audio has not let me down,positive,television,positive,television,0.9995572566986084,0.9998080730438232,True,True,limited,0,0,2026-08-15T18:47:12Z,2026-08-15T20:09:20.502998+00:00
8083,A later check showed that the spin program in the wash unit is increasingly unreliable; this was not part of my first impression.,negative,washing_machine,negative,washing_machine,0.9995260238647461,0.9998736381530762,True,True,standard,0,0,2026-08-15T18:47:12Z,2026-08-15T20:09:20.502998+00:00
8084,My subsequent experience changed the initial impression because the cell phone rear lens shows no meaningful change; I checked it again before writing this.,neutral,smartphone,neutral,smartphone,0.9999977946281433,0.9999516606330872,True,True,advanced,0,1,2026-08-15T18:47:12Z,2026-08-15T20:09:20.502998+00:00
8085,"Under conditions outside the original usage profile, the thermostat subsystem of the food cooler has turned into a recurring problem; this was not part of my first impression.",negative,refrigerator,negative,refrigerator,0.9997735023498535,0.9999092221260071,True,True,technical,0,0,2026-08-15T18:47:12Z,2026-08-15T20:09:20.502998+00:00
8086,"Across a shifted usage regime, the observed behavior of the kitchen fridge ice tray system is neither impressive nor bad; the change appeared in a new situation.",neutral,refrigerator,neutral,refrigerator,0.999997079372406,0.9999211430549622,True,True,technical,0,0,2026-08-15T18:47:12Z,2026-08-15T20:09:20.502998+00:00
8087,not gonna overthink it the cold storage unit compressor fan is surprisingly dependable damn this is good,positive,refrigerator,positive,refrigerator,0.9999942183494568,0.9999484419822693,True,True,informal,1,0,2026-08-15T18:47:12Z,2026-08-15T20:09:20.502998+00:00
8088,"Viewed across several different situations, the picture panel of the screen unit remains basically average; the change appeared in a new situation. the damn thing is basically average.",neutral,television,neutral,television,0.9999997019767761,0.9999460577964783,True,True,advanced,1,0,2026-08-15T18:47:12Z,2026-08-15T20:09:20.502998+00:00
8089,"Across a shifted usage regime, the observed behavior of the food cooler ice tray system remains basically average; the change appeared in a new situation.",neutral,refrigerator,neutral,refrigerator,0.9999977946281433,0.9999045729637146,True,True,technical,0,0,2026-08-15T18:47:12Z,2026-08-15T20:09:20.502998+00:00
8090,"Outside my usual routine, I noticed that the video panel built in audio has turned into a recurring problem; the change appeared in a new situation.",negative,television,negative,television,0.9998909831047058,0.9998230934143066,True,True,standard,0,1,2026-08-15T18:47:12Z,2026-08-15T20:09:20.502998+00:00
8091,got this mobile touch panel now has turned into a recurring problem,negative,smartphone,negative,smartphone,0.9998745918273926,0.9971131682395935,True,True,limited,0,0,2026-08-15T18:47:12Z,2026-08-15T20:09:20.502998+00:00
8092,not gonna overthink it the pocket device rear lens remains basically average,neutral,smartphone,neutral,smartphone,0.9985437989234924,0.9989549517631531,True,True,informal,0,1,2026-08-15T18:47:12Z,2026-08-15T20:09:20.502998+00:00
8093,used front loader today fill valve remains better than i expected,positive,washing_machine,positive,washing_machine,0.9998490810394287,0.9983633160591125,True,True,limited,0,0,2026-08-15T18:47:12Z,2026-08-15T20:09:20.502998+00:00
8094,"Across a shifted usage regime, the observed behavior of the clothes washer spin program fails under ordinary use; the behavior persisted across repeated attempts.",negative,washing_machine,negative,washing_machine,0.9996125102043152,0.9998924136161804,True,True,technical,0,0,2026-08-15T18:47:12Z,2026-08-15T20:09:20.502998+00:00
8095,not gonna overthink it the cell phone rear lens shows no meaningful change,neutral,smartphone,neutral,smartphone,0.9983344078063965,0.9998443126678467,True,True,informal,0,1,2026-08-15T18:47:12Z,2026-08-15T20:09:20.502998+00:00
8096,"Under conditions outside the original usage profile, the compressor fan subsystem of the kitchen fridge is neither impressive nor bad; this was not part of my first impression. nothing fucking special.",neutral,refrigerator,neutral,refrigerator,0.9999966025352478,0.9999414086341858,True,True,technical,1,0,2026-08-15T18:47:12Z,2026-08-15T20:09:20.502998+00:00
8097,got this clothes washer drainage motor now breaks down conditions change,negative,washing_machine,negative,washing_machine,0.9790756702423096,0.9996182322502136,True,True,limited,0,1,2026-08-15T18:47:12Z,2026-08-15T20:09:20.502998+00:00
8098,"Viewed across several different situations, the touch panel of the mobile behaves like a normal unit; the change appeared in a new situation.",neutral,smartphone,neutral,smartphone,0.99997478723526,0.9999327063560486,True,True,advanced,0,0,2026-08-15T18:47:12Z,2026-08-15T20:09:20.502998+00:00
8099,used television set today built audio is surprisingly dependable,positive,television,positive,television,0.990020215511322,0.9995367527008057,True,True,limited,0,1,2026-08-15T18:47:12Z,2026-08-15T20:09:20.502998+00:00
8100,got this kitchen fridge compressor fan now shows no meaningful change,neutral,refrigerator,neutral,refrigerator,0.9961318373680115,0.9998102188110352,True,True,limited,0,0,2026-08-15T18:47:12Z,2026-08-15T20:09:20.502998+00:00
8101,quick update the ice tray system on my food cooler behaves like a normal unit,neutral,refrigerator,neutral,refrigerator,0.9996034502983093,0.9998645782470703,True,True,informal,0,0,2026-08-15T18:47:12Z,2026-08-15T20:09:20.502998+00:00
8102,"After changing settings, I noticed that the kitchen fridge thermostat has turned into a recurring problem; I checked it again before writing this.",negative,refrigerator,negative,refrigerator,0.9999803900718689,0.9999303221702576,True,True,standard,0,0,2026-08-15T18:47:12Z,2026-08-15T20:09:20.502998+00:00
8103,got this wash unit fill valve now is increasingly unreliable,negative,washing_machine,negative,washing_machine,0.9989280700683594,0.9990365505218506,True,True,limited,0,0,2026-08-15T18:47:12Z,2026-08-15T20:09:20.502998+00:00
8104,used kitchen fridge compressor fan shows no meaningful change,neutral,refrigerator,neutral,refrigerator,0.9983795285224915,0.9996840357780457,True,True,limited,0,0,2026-08-15T18:47:12Z,2026-08-15T20:09:20.502998+00:00
8105,"Viewed across several different situations, the drainage motor of the wash unit has turned into a recurring problem; I checked it again before writing this.",negative,washing_machine,negative,washing_machine,0.9999846816062927,0.9997920989990234,True,True,advanced,0,0,2026-08-15T18:47:12Z,2026-08-15T20:09:20.502998+00:00
8106,A later check showed that the ice tray system in the kitchen fridge has not let me down; the behavior persisted across repeated attempts.,positive,refrigerator,positive,refrigerator,0.9994254112243652,0.999908983707428,True,True,standard,0,1,2026-08-15T18:47:12Z,2026-08-15T20:09:20.502998+00:00
8107,quick update the spin program on my clothes washer still performs well under different use,positive,washing_machine,positive,washing_machine,0.9998636245727539,0.9997696876525879,True,True,informal,0,0,2026-08-15T18:47:12Z,2026-08-15T20:09:20.502998+00:00
8108,"Across a shifted usage regime, the observed behavior of the video panel controller is surprisingly dependable; this was not part of my first impression. damn this is good.",positive,television,positive,smartphone,0.9999982714653015,0.8655286431312561,True,False,technical,1,0,2026-08-15T18:47:12Z,2026-08-15T20:09:20.502998+00:00
8109,not gonna overthink it the wash unit soap tray has turned into a recurring problem,negative,washing_machine,negative,washing_machine,0.9998726844787598,0.9955716729164124,True,True,informal,0,0,2026-08-15T18:47:12Z,2026-08-15T20:09:20.502998+00:00
8110,used screen unit today controller remains basically average,neutral,television,neutral,television,0.9978160858154297,0.9936068654060364,True,True,limited,0,0,2026-08-15T18:47:12Z,2026-08-15T20:09:20.502998+00:00
8111,A later check showed that the ice tray system in the food cooler fails under ordinary use; the behavior persisted across repeated attempts.,negative,refrigerator,negative,refrigerator,0.9988765716552734,0.9999058842658997,True,True,standard,0,0,2026-08-15T18:47:12Z,2026-08-15T20:09:20.502998+00:00
8112,My subsequent experience changed the initial impression because the screen unit picture panel has turned into a recurring problem; the behavior persisted across repeated attempts.,negative,television,negative,television,0.9999679923057556,0.9996921420097351,True,True,advanced,0,0,2026-08-15T18:47:12Z,2026-08-15T20:09:20.502998+00:00
8113,"Across a shifted usage regime, the observed behavior of the mobile touch panel has not let me down; the change appeared in a new situation.",positive,smartphone,positive,smartphone,0.9998982548713684,0.9890074729919434,True,True,technical,0,1,2026-08-15T18:47:12Z,2026-08-15T20:09:20.502998+00:00
8114,used cell phone today touch panel remains basically average,neutral,smartphone,neutral,smartphone,0.9996160864830017,0.9975216388702393,True,True,limited,0,0,2026-08-15T18:47:12Z,2026-08-15T20:09:20.502998+00:00
8115,A later check showed that the video input in the television set breaks down when conditions change; I checked it again before writing this.,negative,television,negative,television,0.9992031455039978,0.9999472498893738,True,True,standard,0,1,2026-08-15T18:47:12Z,2026-08-15T20:09:20.502998+00:00
8116,used clothes washer today drainage motor is neither impressive nor bad nothing fucking special,neutral,washing_machine,neutral,washing_machine,0.9999948143959045,0.9997379779815674,True,True,limited,1,0,2026-08-15T18:47:12Z,2026-08-15T20:09:20.502998+00:00
8117,My subsequent experience changed the initial impression because the cell phone rear lens has turned into a recurring problem; this was not part of my first impression.,negative,smartphone,negative,smartphone,0.9992262721061707,0.9999663233757019,True,True,advanced,0,0,2026-08-15T18:47:12Z,2026-08-15T20:09:20.502998+00:00
8118,"Viewed across several different situations, the usb port of the mobile fails under ordinary use; this was not part of my first impression.",negative,smartphone,negative,smartphone,0.9995991587638855,0.9999358057975769,True,True,advanced,0,0,2026-08-15T18:47:12Z,2026-08-15T20:09:20.502998+00:00
8119,"Under conditions outside the original usage profile, the rear lens subsystem of the cell phone behaves like a normal unit; the change appeared in a new situation. the damn thing is basically average.",neutral,smartphone,neutral,smartphone,0.9999993443489075,0.999988853931427,True,True,technical,1,0,2026-08-15T18:47:12Z,2026-08-15T20:09:20.502998+00:00
8120,quick update the soap tray on my front loader is neither impressive nor bad,neutral,washing_machine,neutral,washing_machine,0.9864380359649658,0.9976057410240173,True,True,informal,0,1,2026-08-15T18:47:12Z,2026-08-15T20:09:20.502998+00:00
8121,quick update the gasket on my cold storage unit is increasingly unreliable,negative,refrigerator,negative,refrigerator,0.9978507161140442,0.9987822771072388,True,True,informal,0,0,2026-08-15T18:47:12Z,2026-08-15T20:09:20.502998+00:00
8122,quick update the rear lens on my mobile fails under ordinary use,negative,smartphone,negative,smartphone,0.994717538356781,0.999045193195343,True,True,informal,0,0,2026-08-15T18:47:12Z,2026-08-15T20:09:20.502998+00:00
8123,A later check showed that the picture panel in the television set has turned into a recurring problem; this was not part of my first impression. the damn thing keeps causing trouble.,negative,television,negative,television,0.9999921917915344,0.9999547600746155,True,True,standard,1,0,2026-08-15T18:47:12Z,2026-08-15T20:09:20.502998+00:00
8124,not gonna overthink it the cold storage unit ice tray system remains better than i expected,positive,refrigerator,positive,refrigerator,0.9998509883880615,0.9999297261238098,True,True,informal,0,0,2026-08-15T18:47:12Z,2026-08-15T20:09:20.502998+00:00
8125,got this pocket device usb port now is increasingly unreliable,negative,smartphone,negative,smartphone,0.9994491934776306,0.9992007613182068,True,True,limited,0,1,2026-08-15T18:47:12Z,2026-08-15T20:09:20.502998+00:00
8126,used clothes washer today drainage motor is surprisingly dependable,positive,washing_machine,positive,washing_machine,0.9430219531059265,0.9989197254180908,True,True,limited,0,0,2026-08-15T18:47:12Z,2026-08-15T20:09:20.502998+00:00
8127,"Outside my usual routine, I noticed that the cold storage unit ice tray system is increasingly unreliable; this was not part of my first impression.",negative,refrigerator,negative,refrigerator,0.9996404051780701,0.9999051690101624,True,True,standard,0,0,2026-08-15T18:47:12Z,2026-08-15T20:09:20.502998+00:00
8128,got this front loader fill valve has turned into a recurring problem,negative,washing_machine,negative,washing_machine,0.9997109174728394,0.9991005063056946,True,True,limited,0,0,2026-08-15T18:47:12Z,2026-08-15T20:09:20.502998+00:00
8129,quick update the controller on my video panel breaks down when conditions change this shit is frustrating,negative,television,negative,television,0.9999153017997742,0.984810471534729,True,True,informal,1,1,2026-08-15T18:47:12Z,2026-08-15T20:09:20.502998+00:00
8130,"Under conditions outside the original usage profile, the rear lens subsystem of the pocket device remains basically average; the change appeared in a new situation. plain as shit.",neutral,smartphone,neutral,smartphone,0.9999998211860657,0.9999768137931824,True,True,technical,1,1,2026-08-15T18:47:12Z,2026-08-15T20:09:20.502998+00:00
8131,"Viewed across several different situations, the picture panel of the television set breaks down when conditions change; the behavior persisted across repeated attempts.",negative,television,negative,television,0.9997711181640625,0.9998433589935303,True,True,advanced,0,0,2026-08-15T18:47:12Z,2026-08-15T20:09:20.502998+00:00
8132,"Under conditions outside the original usage profile, the soap tray subsystem of the clothes washer behaves like a normal unit; the behavior persisted across repeated attempts.",neutral,washing_machine,neutral,washing_machine,0.9989340901374817,0.9998478889465332,True,True,technical,0,0,2026-08-15T18:47:12Z,2026-08-15T20:09:20.502998+00:00
8133,"Outside my usual routine, I noticed that the cold storage unit ice tray system behaves like a normal unit; the behavior persisted across repeated attempts.",neutral,refrigerator,neutral,refrigerator,0.9999529719352722,0.999904453754425,True,True,standard,0,0,2026-08-15T18:47:12Z,2026-08-15T20:09:20.502998+00:00
8134,"Under conditions outside the original usage profile, the compressor fan subsystem of the food cooler remains better than I expected; this was not part of my first impression.",positive,refrigerator,positive,refrigerator,0.9999346137046814,0.9999130368232727,True,True,technical,0,0,2026-08-15T18:47:12Z,2026-08-15T20:09:20.502998+00:00
8135,"After changing settings, I noticed that the cold storage unit compressor fan fails under ordinary use; the behavior persisted across repeated attempts. this shit is frustrating.",negative,refrigerator,negative,refrigerator,0.9999889731407166,0.9999474883079529,True,True,standard,1,0,2026-08-15T18:47:12Z,2026-08-15T20:09:20.502998+00:00
8136,quick update the ice tray system on my kitchen fridge remains better than i expected,positive,refrigerator,positive,refrigerator,0.9998564720153809,0.9999292492866516,True,True,informal,0,0,2026-08-15T18:47:12Z,2026-08-15T20:09:20.502998+00:00
8137,"Across a shifted usage regime, the observed behavior of the television set built in audio shows no meaningful change; this was not part of my first impression.",neutral,television,neutral,television,0.9999843239784241,0.9998438358306885,True,True,technical,0,0,2026-08-15T18:47:12Z,2026-08-15T20:09:20.502998+00:00
8138,got this clothes washer program now fails under ordinary use this is fucking annoying,negative,washing_machine,negative,washing_machine,0.9998466968536377,0.9998495578765869,True,True,limited,1,0,2026-08-15T18:47:12Z,2026-08-15T20:09:20.502998+00:00
8139,"Under conditions outside the original usage profile, the built in audio subsystem of the video panel remains basically average; the change appeared in a new situation.",neutral,television,neutral,television,0.9999580979347229,0.9998483657836914,True,True,technical,0,1,2026-08-15T18:47:12Z,2026-08-15T20:09:20.502998+00:00
8140,"After changing settings, I noticed that the clothes washer fill valve behaves like a normal unit; I checked it again before writing this. the damn thing is basically average.",neutral,washing_machine,neutral,washing_machine,0.9999995827674866,0.9999346137046814,True,True,standard,1,0,2026-08-15T18:47:12Z,2026-08-15T20:09:20.502998+00:00
8141,"Across a shifted usage regime, the observed behavior of the kitchen fridge compressor fan has not let me down; this was not part of my first impression.",positive,refrigerator,positive,refrigerator,0.999957263469696,0.9999105334281921,True,True,technical,0,0,2026-08-15T18:47:12Z,2026-08-15T20:09:20.502998+00:00
8142,got this food cooler compressor fan now basically average,neutral,refrigerator,neutral,refrigerator,0.9908602237701416,0.9985161423683167,True,True,limited,0,1,2026-08-15T18:47:12Z,2026-08-15T20:09:20.502998+00:00
8143,A later check showed that the video input in the video panel remains basically average; the behavior persisted across repeated attempts.,neutral,television,neutral,television,0.9999904036521912,0.9998559951782227,True,True,standard,0,0,2026-08-15T18:47:12Z,2026-08-15T20:09:20.502998+00:00
8144,"Viewed across several different situations, the fill valve of the clothes washer remains better than I expected; the change appeared in a new situation.",positive,washing_machine,positive,washing_machine,0.99991375207901,0.9998733997344971,True,True,advanced,0,1,2026-08-15T18:47:12Z,2026-08-15T20:09:20.502998+00:00
8145,My subsequent experience changed the initial impression because the cell phone touch panel is surprisingly dependable; the behavior persisted across repeated attempts.,positive,smartphone,neutral,smartphone,0.9151301383972168,0.9999272227287292,False,True,advanced,0,0,2026-08-15T18:47:12Z,2026-08-15T20:09:20.502998+00:00
8146,quick update the thermostat on my kitchen fridge is surprisingly dependable damn this is good,positive,refrigerator,positive,refrigerator,0.9999893307685852,0.9999348521232605,True,True,informal,1,1,2026-08-15T18:47:12Z,2026-08-15T20:09:20.502998+00:00
8147,"After a trip, I noticed that the television set picture panel remains better than I expected; the behavior persisted across repeated attempts. this thing is fucking impressive.",positive,television,positive,television,0.9999639391899109,0.9999532103538513,True,True,standard,1,1,2026-08-15T18:47:12Z,2026-08-15T20:09:20.502998+00:00
8148,"During a heavy day of use, I noticed that the cold storage unit gasket behaves like a normal unit; the change appeared in a new situation.",neutral,refrigerator,neutral,refrigerator,0.9987980127334595,0.999919593334198,True,True,standard,0,0,2026-08-15T18:47:12Z,2026-08-15T20:09:20.502998+00:00
8149,used video panel today built in audio breaks down when conditions change,negative,television,negative,television,0.9923560619354248,0.9995238780975342,True,True,limited,0,0,2026-08-15T18:47:12Z,2026-08-15T20:09:20.502998+00:00
8150,My subsequent experience changed the initial impression because the mobile rear lens is surprisingly dependable; the change appeared in a new situation. good as hell.,positive,smartphone,positive,smartphone,0.9999879002571106,0.9999765753746033,True,True,advanced,1,0,2026-08-15T18:47:12Z,2026-08-15T20:09:20.502998+00:00
8151,"Under conditions outside the original usage profile, the power cell subsystem of the mobile remains better than I expected; I checked it again before writing this.",positive,smartphone,positive,smartphone,0.9997801780700684,0.9999735951423645,True,True,technical,0,0,2026-08-15T18:47:12Z,2026-08-15T20:09:20.502998+00:00
8152,"Across a shifted usage regime, the observed behavior of the front loader fill valve has turned into a recurring problem; I checked it again before writing this.",negative,washing_machine,negative,washing_machine,0.99996417760849,0.9998872876167297,True,True,technical,0,0,2026-08-15T18:47:12Z,2026-08-15T20:09:20.502998+00:00
8153,My subsequent experience changed the initial impression because the screen unit picture panel remains basically average; this was not part of my first impression.,neutral,television,neutral,television,0.999998152256012,0.9994433522224426,True,True,advanced,0,0,2026-08-15T18:47:12Z,2026-08-15T20:09:20.502998+00:00
8154,"Viewed across several different situations, the video input of the screen unit still performs well under different use; the change appeared in a new situation. this thing is fucking impressive.",positive,television,positive,television,0.9999870657920837,0.9999589323997498,True,True,advanced,1,0,2026-08-15T18:47:12Z,2026-08-15T20:09:20.502998+00:00
8155,My subsequent experience changed the initial impression because the video panel picture panel behaves like a normal unit; I checked it again before writing this.,neutral,television,neutral,television,0.999994695186615,0.9512709379196167,True,True,advanced,0,0,2026-08-15T18:47:12Z,2026-08-15T20:09:20.502998+00:00
8156,not gonna overthink it the cold storage unit thermostat is increasingly unreliable,negative,refrigerator,negative,refrigerator,0.9990958571434021,0.9988805055618286,True,True,informal,0,0,2026-08-15T18:47:12Z,2026-08-15T20:09:20.502998+00:00
8157,"Under conditions outside the original usage profile, the thermostat subsystem of the cold storage unit still performs well under different use; the change appeared in a new situation.",positive,refrigerator,positive,refrigerator,0.9999001622200012,0.9999181628227234,True,True,technical,0,0,2026-08-15T18:47:12Z,2026-08-15T20:09:20.502998+00:00
8158,not gonna overthink it the kitchen fridge thermostat is neither impressive nor bad nothing fucking special,neutral,refrigerator,neutral,refrigerator,0.9999939799308777,0.9999188780784607,True,True,informal,1,1,2026-08-15T18:47:12Z,2026-08-15T20:09:20.502998+00:00
8159,"Across a shifted usage regime, the observed behavior of the video panel built in audio has turned into a recurring problem; I checked it again before writing this. what a piece of crap.",negative,television,negative,television,0.9999924302101135,0.9999087452888489,True,True,technical,1,1,2026-08-15T18:47:12Z,2026-08-15T20:09:20.502998+00:00
8160,"Across a shifted usage regime, the observed behavior of the mobile power cell remains better than I expected; the change appeared in a new situation. damn this is good.",positive,smartphone,positive,smartphone,0.999998152256012,0.9999926686286926,True,True,technical,1,0,2026-08-15T18:47:12Z,2026-08-15T20:09:20.502998+00:00
8161,"Under conditions outside the original usage profile, the fill valve subsystem of the clothes washer remains basically average; the behavior persisted across repeated attempts.",neutral,washing_machine,neutral,washing_machine,0.9999514222145081,0.9997978210449219,True,True,technical,0,0,2026-08-15T18:47:12Z,2026-08-15T20:09:20.502998+00:00
8162,used cold storage today thermostat is increasingly unreliable,negative,refrigerator,negative,refrigerator,0.9981721639633179,0.952475368976593,True,True,limited,0,0,2026-08-15T18:47:12Z,2026-08-15T20:09:20.502998+00:00
8163,not gonna overthink it the mobile touch panel is neither impressive nor bad,neutral,smartphone,neutral,smartphone,0.9995052218437195,0.9995647668838501,True,True,informal,0,0,2026-08-15T18:47:12Z,2026-08-15T20:09:20.502998+00:00
8164,"When another person used it, I noticed that the food cooler compressor fan has turned into a recurring problem; I checked it again before writing this. this shit is frustrating.",negative,refrigerator,negative,refrigerator,0.9999930262565613,0.9999491572380066,True,True,standard,1,0,2026-08-15T18:47:12Z,2026-08-15T20:09:20.502998+00:00
8165,not gonna overthink it the front loader soap tray remains better than i expected,positive,washing_machine,positive,washing_machine,0.9999430775642395,0.9984258413314819,True,True,informal,0,0,2026-08-15T18:47:12Z,2026-08-15T20:09:20.502998+00:00
8166,"When another person used it, I noticed that the food cooler ice tray system breaks down when conditions change; the change appeared in a new situation. this shit is frustrating.",negative,refrigerator,negative,refrigerator,0.9998645782470703,0.9999479651451111,True,True,standard,1,0,2026-08-15T18:47:12Z,2026-08-15T20:09:20.502998+00:00
8167,"After changing settings, I noticed that the screen unit built in audio fails under ordinary use; this was not part of my first impression.",negative,television,negative,television,0.998098611831665,0.9999127984046936,True,True,standard,0,0,2026-08-15T18:47:12Z,2026-08-15T20:09:20.502998+00:00
8168,"After changing settings, I noticed that the clothes washer fill valve has not let me down; the behavior persisted across repeated attempts.",positive,washing_machine,positive,washing_machine,0.9996339678764343,0.9998254776000977,True,True,standard,0,0,2026-08-15T18:47:12Z,2026-08-15T20:09:20.502998+00:00
8169,My subsequent experience changed the initial impression because the pocket device touch panel has not let me down; I checked it again before writing this.,positive,smartphone,positive,smartphone,0.9996816515922546,0.9998147487640381,True,True,advanced,0,1,2026-08-15T18:47:12Z,2026-08-15T20:09:20.502998+00:00
8170,used video panel today picture panel is neither impressive nor bad,neutral,television,neutral,television,0.9986105561256409,0.999083936214447,True,True,limited,0,0,2026-08-15T18:47:12Z,2026-08-15T20:09:20.502998+00:00
8171,got this front loader fill valve now down when conditions change,negative,washing_machine,negative,washing_machine,0.9554653763771057,0.9990810751914978,True,True,limited,0,0,2026-08-15T18:47:12Z,2026-08-15T20:09:20.502998+00:00
8172,"When another person used it, I noticed that the wash unit fill valve still performs well under different use; the behavior persisted across repeated attempts.",positive,washing_machine,positive,washing_machine,0.9998688697814941,0.9991618394851685,True,True,standard,0,1,2026-08-15T18:47:12Z,2026-08-15T20:09:20.502998+00:00
8173,used food cooler today compressor fan fails under ordinary use the thing keeps causing trouble,negative,refrigerator,negative,refrigerator,0.999972403049469,0.9999272227287292,True,True,limited,1,1,2026-08-15T18:47:12Z,2026-08-15T20:09:20.502998+00:00
8174,My subsequent experience changed the initial impression because the video panel controller behaves like a normal unit; I checked it again before writing this.,neutral,television,neutral,smartphone,0.9999963641166687,0.8984143733978271,True,False,advanced,0,1,2026-08-15T18:47:12Z,2026-08-15T20:09:20.502998+00:00
8175,quick update the fill valve on my clothes washer breaks down when conditions change,negative,washing_machine,negative,washing_machine,0.9694454073905945,0.9994954466819763,True,True,informal,0,0,2026-08-15T18:47:12Z,2026-08-15T20:09:20.502998+00:00
8176,A later check showed that the usb port in the mobile remains basically average; this was not part of my first impression.,neutral,smartphone,neutral,smartphone,0.9999907612800598,0.9999553561210632,True,True,standard,0,0,2026-08-15T18:47:12Z,2026-08-15T20:09:20.502998+00:00
8177,"Viewed across several different situations, the soap tray of the front loader behaves like a normal unit; the behavior persisted across repeated attempts.",neutral,washing_machine,neutral,washing_machine,0.9968608617782593,0.9998037815093994,True,True,advanced,0,1,2026-08-15T18:47:12Z,2026-08-15T20:09:20.502998+00:00
8178,"Under conditions outside the original usage profile, the picture panel subsystem of the television set shows no meaningful change; the behavior persisted across repeated attempts.",neutral,television,neutral,television,0.9999508261680603,0.9998443126678467,True,True,technical,0,0,2026-08-15T18:47:12Z,2026-08-15T20:09:20.502998+00:00
8179,"Under conditions outside the original usage profile, the video input subsystem of the video panel is neither impressive nor bad; the behavior persisted across repeated attempts.",neutral,television,neutral,television,0.9999704957008362,0.9999231696128845,True,True,technical,0,0,2026-08-15T18:47:12Z,2026-08-15T20:09:20.502998+00:00
8180,quick update the power cell on my mobile is neither impressive nor bad,neutral,smartphone,neutral,smartphone,0.9985321164131165,0.999891459941864,True,True,informal,0,0,2026-08-15T18:47:12Z,2026-08-15T20:09:20.502998+00:00
8181,My subsequent experience changed the initial impression because the cell phone usb port has not let me down; I checked it again before writing this.,positive,smartphone,positive,smartphone,0.9998445510864258,0.9999673962593079,True,True,advanced,0,0,2026-08-15T18:47:12Z,2026-08-15T20:09:20.502998+00:00
8182,"Under conditions outside the original usage profile, the gasket subsystem of the food cooler is neither impressive nor bad; this was not part of my first impression. nothing fucking special.",neutral,refrigerator,neutral,refrigerator,0.9999969601631165,0.9999381899833679,True,True,technical,1,0,2026-08-15T18:47:12Z,2026-08-15T20:09:20.502998+00:00
8183,not gonna overthink it the wash unit fill valve remains basically average nothing fucking special,neutral,washing_machine,neutral,washing_machine,0.9999954104423523,0.9979884624481201,True,True,informal,1,0,2026-08-15T18:47:12Z,2026-08-15T20:09:20.502998+00:00
8184,used wash unit today fill valve remains basically average,neutral,washing_machine,neutral,washing_machine,0.9996029734611511,0.9902530312538147,True,True,limited,0,1,2026-08-15T18:47:12Z,2026-08-15T20:09:20.502998+00:00
8185,used front loader today fill valve has turned into a recurring problem the damn thing keeps causing trouble,negative,washing_machine,negative,washing_machine,0.9999937415122986,0.9998266696929932,True,True,limited,1,0,2026-08-15T18:47:12Z,2026-08-15T20:09:20.502998+00:00
8186,got this pocket device port now fails under ordinary use,negative,smartphone,negative,smartphone,0.998142421245575,0.9932631254196167,True,True,limited,0,0,2026-08-15T18:47:12Z,2026-08-15T20:09:20.502998+00:00
8187,A later check showed that the usb port in the cell phone has not let me down; I checked it again before writing this. damn this is good.,positive,smartphone,positive,smartphone,0.9999973177909851,0.9999930262565613,True,True,standard,1,0,2026-08-15T18:47:12Z,2026-08-15T20:09:20.502998+00:00
8188,My subsequent experience changed the initial impression because the kitchen fridge gasket behaves like a normal unit; I checked it again before writing this. the damn thing is basically average.,neutral,refrigerator,neutral,refrigerator,0.9999998211860657,0.9999467730522156,True,True,advanced,1,0,2026-08-15T18:47:12Z,2026-08-15T20:09:20.502998+00:00
8189,A later check showed that the drainage motor in the front loader breaks down when conditions change; the behavior persisted across repeated attempts. the damn thing keeps causing trouble.,negative,washing_machine,negative,washing_machine,0.999992311000824,0.9999333024024963,True,True,standard,1,0,2026-08-15T18:47:12Z,2026-08-15T20:09:20.502998+00:00
8190,quick update the spin program on my front loader fails under ordinary use,negative,washing_machine,negative,washing_machine,0.9953529238700867,0.9995124340057373,True,True,informal,0,0,2026-08-15T18:47:12Z,2026-08-15T20:09:20.502998+00:00
8191,"Across a shifted usage regime, the observed behavior of the wash unit spin program behaves like a normal unit; this was not part of my first impression.",neutral,washing_machine,neutral,washing_machine,0.9999622702598572,0.9998990893363953,True,True,technical,0,0,2026-08-15T18:47:12Z,2026-08-15T20:09:20.502998+00:00
8192,not gonna overthink it the television set controller behaves like a normal unit,neutral,television,neutral,television,0.9987872838973999,0.9990019798278809,True,True,informal,0,0,2026-08-15T18:47:12Z,2026-08-15T20:09:20.502998+00:00
8193,A later check showed that the ice tray system in the cold storage unit fails under ordinary use; this was not part of my first impression.,negative,refrigerator,negative,refrigerator,0.9986546039581299,0.9999117255210876,True,True,standard,0,0,2026-08-15T18:47:12Z,2026-08-15T20:09:20.502998+00:00
8194,"Across a shifted usage regime, the observed behavior of the screen unit video input behaves like a normal unit; this was not part of my first impression.",neutral,television,neutral,television,0.9997402429580688,0.9984557032585144,True,True,technical,0,0,2026-08-15T18:47:12Z,2026-08-15T20:09:20.502998+00:00
8195,"Across a shifted usage regime, the observed behavior of the kitchen fridge gasket breaks down when conditions change; the behavior persisted across repeated attempts. this is fucking annoying.",negative,refrigerator,negative,refrigerator,0.9999695420265198,0.9999473690986633,True,True,technical,1,0,2026-08-15T18:47:12Z,2026-08-15T20:09:20.502998+00:00
8196,"After a trip, I noticed that the front loader drainage motor has not let me down; the behavior persisted across repeated attempts.",positive,washing_machine,positive,washing_machine,0.9992300868034363,0.999814510345459,True,True,standard,0,0,2026-08-15T18:47:12Z,2026-08-15T20:09:20.502998+00:00
8197,"Across a shifted usage regime, the observed behavior of the wash unit drainage motor breaks down when conditions change; the behavior persisted across repeated attempts. what a piece of crap.",negative,washing_machine,negative,washing_machine,0.9999881386756897,0.9999367594718933,True,True,technical,1,0,2026-08-15T18:47:12Z,2026-08-15T20:09:20.502998+00:00
8198,"After a trip, I noticed that the clothes washer spin program shows no meaningful change; the change appeared in a new situation.",neutral,washing_machine,neutral,washing_machine,0.999995768070221,0.9998681545257568,True,True,standard,0,0,2026-08-15T18:47:12Z,2026-08-15T20:09:20.502998+00:00
8199,"Viewed across several different situations, the thermostat of the kitchen fridge remains basically average; the change appeared in a new situation. plain as shit.",neutral,refrigerator,neutral,refrigerator,0.9999998211860657,0.9999356865882874,True,True,advanced,1,0,2026-08-15T18:47:12Z,2026-08-15T20:09:20.502998+00:00
8200,"Across a shifted usage regime, the observed behavior of the pocket device power cell breaks down when conditions change; the change appeared in a new situation.",negative,smartphone,negative,smartphone,0.9985767602920532,0.9998133182525635,True,True,technical,0,0,2026-08-15T18:47:12Z,2026-08-15T20:09:20.502998+00:00
8201,quick update the gasket on my kitchen fridge remains basically average,neutral,refrigerator,neutral,refrigerator,0.9983851313591003,0.9985975623130798,True,True,informal,0,0,2026-08-15T18:47:12Z,2026-08-15T20:09:20.502998+00:00
8202,got this cold storage unit gasket now shows no meaningful change,neutral,refrigerator,neutral,refrigerator,0.9923269152641296,0.9986773729324341,True,True,limited,0,0,2026-08-15T18:47:12Z,2026-08-15T20:09:20.502998+00:00
8203,My subsequent experience changed the initial impression because the food cooler gasket remains better than I expected; the behavior persisted across repeated attempts.,positive,refrigerator,positive,refrigerator,0.9990741610527039,0.9998882412910461,True,True,advanced,0,0,2026-08-15T18:47:12Z,2026-08-15T20:09:20.502998+00:00
8204,used front loader today spin program behaves like a normal unit nothing fucking special,neutral,washing_machine,neutral,washing_machine,0.9999536871910095,0.9997930526733398,True,True,limited,1,1,2026-08-15T18:47:12Z,2026-08-15T20:09:20.502998+00:00
8205,"Under conditions outside the original usage profile, the gasket subsystem of the kitchen fridge breaks down when conditions change; the behavior persisted across repeated attempts.",negative,refrigerator,negative,refrigerator,0.9993511438369751,0.9999002814292908,True,True,technical,0,0,2026-08-15T18:47:12Z,2026-08-15T20:09:20.502998+00:00
8206,A later check showed that the rear lens in the mobile has turned into a recurring problem; the behavior persisted across repeated attempts.,negative,smartphone,negative,smartphone,0.9999579787254333,0.9999634623527527,True,True,standard,0,0,2026-08-15T18:47:12Z,2026-08-15T20:09:20.502998+00:00
8207,quick update the built in audio on my video panel is neither impressive nor bad nothing fucking special,neutral,television,neutral,television,0.9999681115150452,0.9998802542686462,True,True,informal,1,0,2026-08-15T18:47:12Z,2026-08-15T20:09:20.502998+00:00
8208,My subsequent experience changed the initial impression because the mobile touch panel has turned into a recurring problem; the behavior persisted across repeated attempts. this is fucking annoying.,negative,smartphone,negative,smartphone,0.9999881386756897,0.9999800324440002,True,True,advanced,1,0,2026-08-15T18:47:12Z,2026-08-15T20:09:20.502998+00:00
8209,not gonna overthink it the television set built in audio is surprisingly dependable,positive,television,positive,television,0.9965611100196838,0.9996504187583923,True,True,informal,0,0,2026-08-15T18:47:12Z,2026-08-15T20:09:20.502998+00:00
8210,A later check showed that the gasket in the food cooler remains basically average; I checked it again before writing this. the damn thing is basically average.,neutral,refrigerator,neutral,refrigerator,0.9999998211860657,0.9999459385871887,True,True,standard,1,1,2026-08-15T18:47:12Z,2026-08-15T20:09:20.502998+00:00
8211,My subsequent experience changed the initial impression because the cell phone power cell shows no meaningful change; the behavior persisted across repeated attempts.,neutral,smartphone,neutral,smartphone,0.9999986290931702,0.9999532103538513,True,True,advanced,0,0,2026-08-15T18:47:12Z,2026-08-15T20:09:20.502998+00:00
8212,"After changing settings, I noticed that the kitchen fridge ice tray system shows no meaningful change; this was not part of my first impression.",neutral,refrigerator,neutral,refrigerator,0.9999932646751404,0.9999104142189026,True,True,standard,0,0,2026-08-15T18:47:12Z,2026-08-15T20:09:20.502998+00:00
8213,"Under conditions outside the original usage profile, the controller subsystem of the screen unit has turned into a recurring problem; I checked it again before writing this.",negative,television,negative,television,0.9999687075614929,0.9999184012413025,True,True,technical,0,0,2026-08-15T18:47:12Z,2026-08-15T20:09:20.502998+00:00
8214,used television set today built in audio is neither impressive nor bad,neutral,television,neutral,television,0.9993668794631958,0.9999069571495056,True,True,limited,0,0,2026-08-15T18:47:12Z,2026-08-15T20:09:20.502998+00:00
8215,"Across a shifted usage regime, the observed behavior of the cell phone power cell is neither impressive nor bad; the change appeared in a new situation.",neutral,smartphone,neutral,smartphone,0.9999951720237732,0.9999725222587585,True,True,technical,0,0,2026-08-15T18:47:12Z,2026-08-15T20:09:20.502998+00:00
8216,quick update the controller on my screen unit fails under ordinary use,negative,television,negative,television,0.9957006573677063,0.9782535433769226,True,True,informal,0,0,2026-08-15T18:47:12Z,2026-08-15T20:09:20.502998+00:00
8217,got this cell phone touch panel now is surprisingly dependable,positive,smartphone,positive,smartphone,0.9847166538238525,0.9994720816612244,True,True,limited,0,0,2026-08-15T18:47:12Z,2026-08-15T20:09:20.502998+00:00
8218,My subsequent experience changed the initial impression because the front loader drainage motor has not let me down; the behavior persisted across repeated attempts.,positive,washing_machine,positive,washing_machine,0.9996165633201599,0.9998433589935303,True,True,advanced,0,0,2026-08-15T18:47:12Z,2026-08-15T20:09:20.502998+00:00
8219,got this food cooler ice tray system now has turned into a recurring problem,negative,refrigerator,negative,refrigerator,0.9997135400772095,0.9998714923858643,True,True,limited,0,1,2026-08-15T18:47:12Z,2026-08-15T20:09:20.502998+00:00
8220,used front loader today soap tray breaks down when conditions change,negative,washing_machine,negative,washing_machine,0.9933394193649292,0.9966839551925659,True,True,limited,0,0,2026-08-15T18:47:12Z,2026-08-15T20:09:20.502998+00:00
8221,quick update the soap tray on my clothes washer behaves like a normal unit,neutral,washing_machine,neutral,washing_machine,0.9956993460655212,0.9995620250701904,True,True,informal,0,0,2026-08-15T18:47:12Z,2026-08-15T20:09:20.502998+00:00
8222,A later check showed that the compressor fan in the kitchen fridge fails under ordinary use; this was not part of my first impression.,negative,refrigerator,negative,refrigerator,0.9963020086288452,0.9999112486839294,True,True,standard,0,0,2026-08-15T18:47:12Z,2026-08-15T20:09:20.502998+00:00
8223,quick update the ice tray system on my kitchen fridge breaks down when conditions change,negative,refrigerator,negative,refrigerator,0.9943729043006897,0.9998809695243835,True,True,informal,0,0,2026-08-15T18:47:12Z,2026-08-15T20:09:20.502998+00:00
8224,"Under conditions outside the original usage profile, the thermostat subsystem of the cold storage unit breaks down when conditions change; this was not part of my first impression. this shit is frustrating.",negative,refrigerator,negative,refrigerator,0.9999273419380188,0.9999480843544006,True,True,technical,1,0,2026-08-15T18:47:12Z,2026-08-15T20:09:20.502998+00:00
8225,"After a trip, I noticed that the kitchen fridge gasket breaks down when conditions change; the behavior persisted across repeated attempts. this shit is frustrating.",negative,refrigerator,negative,refrigerator,0.9999763369560242,0.9999471306800842,True,True,standard,1,1,2026-08-15T18:47:12Z,2026-08-15T20:09:20.502998+00:00
8226,"Across a shifted usage regime, the observed behavior of the mobile power cell breaks down when conditions change; the change appeared in a new situation.",negative,smartphone,negative,smartphone,0.998882532119751,0.9996432662010193,True,True,technical,0,1,2026-08-15T18:47:12Z,2026-08-15T20:09:20.502998+00:00
8227,"Across a shifted usage regime, the observed behavior of the clothes washer soap tray remains basically average; the behavior persisted across repeated attempts.",neutral,washing_machine,neutral,washing_machine,0.9999739527702332,0.999879777431488,True,True,technical,0,0,2026-08-15T18:47:12Z,2026-08-15T20:09:20.502998+00:00
8228,not gonna overthink it the video panel controller breaks down when conditions change,negative,television,negative,television,0.9973458647727966,0.9141335487365723,True,True,informal,0,1,2026-08-15T18:47:12Z,2026-08-15T20:09:20.502998+00:00
8229,"Under conditions outside the original usage profile, the picture panel subsystem of the screen unit breaks down when conditions change; the behavior persisted across repeated attempts.",negative,television,negative,television,0.9998598098754883,0.9997978210449219,True,True,technical,0,0,2026-08-15T18:47:12Z,2026-08-15T20:09:20.502998+00:00
8230,got this screen unit picture panel now shows no meaningful change,neutral,television,neutral,television,0.9706373810768127,0.9972256422042847,True,True,limited,0,0,2026-08-15T18:47:12Z,2026-08-15T20:09:20.502998+00:00
8231,"During a heavy day of use, I noticed that the kitchen fridge compressor fan remains better than I expected; I checked it again before writing this.",positive,refrigerator,positive,refrigerator,0.9999464154243469,0.9999344944953918,True,True,standard,0,0,2026-08-15T18:47:12Z,2026-08-15T20:09:20.502998+00:00
8232,not gonna overthink it the kitchen fridge ice tray system remains better than i expected,positive,refrigerator,positive,refrigerator,0.9997711181640625,0.9999322295188904,True,True,informal,0,1,2026-08-15T18:47:12Z,2026-08-15T20:09:20.502998+00:00
8233,My subsequent experience changed the initial impression because the front loader spin program remains better than I expected; I checked it again before writing this.,positive,washing_machine,positive,washing_machine,0.9998698234558105,0.9998681545257568,True,True,advanced,0,0,2026-08-15T18:47:12Z,2026-08-15T20:09:20.502998+00:00
8234,"Across a shifted usage regime, the observed behavior of the clothes washer drainage motor remains basically average; I checked it again before writing this.",neutral,washing_machine,neutral,washing_machine,0.9999898076057434,0.9998876452445984,True,True,technical,0,0,2026-08-15T18:47:12Z,2026-08-15T20:09:20.502998+00:00
8235,A later check showed that the rear lens in the cell phone has not let me down; this was not part of my first impression.,positive,smartphone,positive,smartphone,0.999918520450592,0.9999708533287048,True,True,standard,0,0,2026-08-15T18:47:12Z,2026-08-15T20:09:20.502998+00:00
8236,"Across a shifted usage regime, the observed behavior of the mobile touch panel breaks down when conditions change; the behavior persisted across repeated attempts.",negative,smartphone,negative,smartphone,0.9997813701629639,0.9871436357498169,True,True,technical,0,0,2026-08-15T18:47:12Z,2026-08-15T20:09:20.502998+00:00
8237,"Under conditions outside the original usage profile, the built in audio subsystem of the television set is surprisingly dependable; the behavior persisted across repeated attempts.",positive,television,positive,television,0.9962387084960938,0.9998519420623779,True,True,technical,0,0,2026-08-15T18:47:12Z,2026-08-15T20:09:20.502998+00:00
8238,"Across a shifted usage regime, the observed behavior of the kitchen fridge compressor fan shows no meaningful change; I checked it again before writing this.",neutral,refrigerator,neutral,refrigerator,0.9999843239784241,0.9999287724494934,True,True,technical,0,0,2026-08-15T18:47:12Z,2026-08-15T20:09:20.502998+00:00
8239,"Across a shifted usage regime, the observed behavior of the video panel controller still performs well under different use; I checked it again before writing this.",positive,television,positive,television,0.9998505115509033,0.9640054702758789,True,True,technical,0,0,2026-08-15T18:47:12Z,2026-08-15T20:09:20.502998+00:00
8240,"Viewed across several different situations, the soap tray of the clothes washer is neither impressive nor bad; the behavior persisted across repeated attempts.",neutral,washing_machine,neutral,washing_machine,0.9999443888664246,0.9998166561126709,True,True,advanced,0,0,2026-08-15T18:47:12Z,2026-08-15T20:09:20.502998+00:00
8241,A later check showed that the video input in the television set is increasingly unreliable; this was not part of my first impression.,negative,television,negative,television,0.9989887475967407,0.9999261498451233,True,True,standard,0,0,2026-08-15T18:47:12Z,2026-08-15T20:09:20.502998+00:00
8242,"Across a shifted usage regime, the observed behavior of the pocket device power cell still performs well under different use; this was not part of my first impression. damn this is good.",positive,smartphone,positive,smartphone,0.9999985098838806,0.9999900460243225,True,True,technical,1,1,2026-08-15T18:47:12Z,2026-08-15T20:09:20.502998+00:00
8243,not gonna overthink it the wash unit soap tray remains basically average,neutral,washing_machine,neutral,washing_machine,0.9987203478813171,0.986334502696991,True,True,informal,0,0,2026-08-15T18:47:12Z,2026-08-15T20:09:20.502998+00:00
8244,My subsequent experience changed the initial impression because the cell phone power cell is neither impressive nor bad; this was not part of my first impression.,neutral,smartphone,neutral,smartphone,0.9999988675117493,0.999973714351654,True,True,advanced,0,0,2026-08-15T18:47:12Z,2026-08-15T20:09:20.502998+00:00
8245,not gonna overthink it the cell phone touch panel still performs well under different use,positive,smartphone,positive,smartphone,0.9994034767150879,0.9999443888664246,True,True,informal,0,0,2026-08-15T18:47:12Z,2026-08-15T20:09:20.502998+00:00
8246,quick update the power cell on my mobile remains better than i expected,positive,smartphone,positive,smartphone,0.9998865723609924,0.999880850315094,True,True,informal,0,0,2026-08-15T18:47:12Z,2026-08-15T20:09:20.502998+00:00
8247,"After changing settings, I noticed that the clothes washer fill valve has not let me down; I checked it again before writing this.",positive,washing_machine,positive,washing_machine,0.9997739791870117,0.9998114109039307,True,True,standard,0,0,2026-08-15T18:47:12Z,2026-08-15T20:09:20.502998+00:00
8248,"Under conditions outside the original usage profile, the usb port subsystem of the mobile is surprisingly dependable; the change appeared in a new situation.",positive,smartphone,positive,smartphone,0.9992581605911255,0.999920666217804,True,True,technical,0,0,2026-08-15T18:47:12Z,2026-08-15T20:09:20.502998+00:00
8249,got food cooler gasket now remains better than i expected,positive,refrigerator,positive,refrigerator,0.9998955130577087,0.9979903697967529,True,True,limited,0,0,2026-08-15T18:47:12Z,2026-08-15T20:09:20.502998+00:00
8250,"Viewed across several different situations, the thermostat of the cold storage unit remains better than I expected; the change appeared in a new situation.",positive,refrigerator,positive,refrigerator,0.9999441504478455,0.9999191164970398,True,True,advanced,0,0,2026-08-15T18:47:12Z,2026-08-15T20:09:20.502998+00:00
8251,"Under conditions outside the original usage profile, the power cell subsystem of the mobile is increasingly unreliable; the change appeared in a new situation. what a piece of crap.",negative,smartphone,negative,smartphone,0.9999812245368958,0.9999788403511047,True,True,technical,1,0,2026-08-15T18:47:12Z,2026-08-15T20:09:20.502998+00:00
8252,quick update the touch panel on my pocket device remains better than i expected,positive,smartphone,positive,smartphone,0.9998624324798584,0.9996963739395142,True,True,informal,0,1,2026-08-15T18:47:12Z,2026-08-15T20:09:20.502998+00:00
8253,"After changing settings, I noticed that the kitchen fridge ice tray system still performs well under different use; this was not part of my first impression. good as hell.",positive,refrigerator,positive,refrigerator,0.9999975562095642,0.9999536871910095,True,True,standard,1,0,2026-08-15T18:47:12Z,2026-08-15T20:09:20.502998+00:00
8254,not gonna overthink it the front loader spin program has turned into a recurring problem what a piece of crap,negative,washing_machine,negative,washing_machine,0.9999882578849792,0.9998787045478821,True,True,informal,1,0,2026-08-15T18:47:12Z,2026-08-15T20:09:20.502998+00:00
8255,A later check showed that the video input in the video panel remains better than I expected; this was not part of my first impression.,positive,television,positive,television,0.9999538064002991,0.9999222159385681,True,True,standard,0,0,2026-08-15T18:47:12Z,2026-08-15T20:09:20.502998+00:00
8256,"Under conditions outside the original usage profile, the built in audio subsystem of the television set remains better than I expected; the behavior persisted across repeated attempts.",positive,television,positive,television,0.9996518492698669,0.9999153017997742,True,True,technical,0,0,2026-08-15T18:47:12Z,2026-08-15T20:09:20.502998+00:00
8257,"Under conditions outside the original usage profile, the fill valve subsystem of the wash unit has turned into a recurring problem; the behavior persisted across repeated attempts.",negative,washing_machine,negative,washing_machine,0.999965488910675,0.9997400045394897,True,True,technical,0,1,2026-08-15T18:47:12Z,2026-08-15T20:09:20.502998+00:00
8258,used clothes washer today drainage motor remains basically average nothin fucking special,neutral,washing_machine,neutral,washing_machine,0.9999939799308777,0.9997096061706543,True,True,limited,1,0,2026-08-15T18:47:12Z,2026-08-15T20:09:20.502998+00:00
8259,My subsequent experience changed the initial impression because the pocket device rear lens remains basically average; this was not part of my first impression.,neutral,smartphone,neutral,smartphone,0.9999987483024597,0.9999443888664246,True,True,advanced,0,0,2026-08-15T18:47:12Z,2026-08-15T20:09:20.502998+00:00
8260,"Under conditions outside the original usage profile, the touch panel subsystem of the cell phone is neither impressive nor bad; this was not part of my first impression.",neutral,smartphone,neutral,smartphone,0.9999790787696838,0.999961793422699,True,True,technical,0,1,2026-08-15T18:47:12Z,2026-08-15T20:09:20.502998+00:00
8261,quick update the thermostat on my food cooler is neither impressive nor bad the damn thing is basically average,neutral,refrigerator,neutral,refrigerator,0.9999995827674866,0.9999386668205261,True,True,informal,1,0,2026-08-15T18:47:12Z,2026-08-15T20:09:20.502998+00:00
8262,quick update the gasket on my kitchen fridge is neither impressive nor bad,neutral,refrigerator,neutral,refrigerator,0.998584508895874,0.9996938109397888,True,True,informal,0,0,2026-08-15T18:47:12Z,2026-08-15T20:09:20.502998+00:00
8263,My subsequent experience changed the initial impression because the television set video input behaves like a normal unit; the change appeared in a new situation. plain as shit.,neutral,television,neutral,television,0.9999998211860657,0.9999353289604187,True,True,advanced,1,1,2026-08-15T18:47:12Z,2026-08-15T20:09:20.502998+00:00
8264,got this front loader fill valve now still performs well under different use,positive,washing_machine,positive,washing_machine,0.9998362064361572,0.9994999766349792,True,True,limited,0,0,2026-08-15T18:47:12Z,2026-08-15T20:09:20.502998+00:00
8265,"During a heavy day of use, I noticed that the clothes washer soap tray still performs well under different use; the behavior persisted across repeated attempts. good as hell.",positive,washing_machine,positive,washing_machine,0.9999973177909851,0.999952495098114,True,True,standard,1,0,2026-08-15T18:47:12Z,2026-08-15T20:09:20.502998+00:00
8266,"Viewed across several different situations, the ice tray system of the food cooler remains basically average; the change appeared in a new situation.",neutral,refrigerator,neutral,refrigerator,0.9999976754188538,0.999917209148407,True,True,advanced,0,0,2026-08-15T18:47:12Z,2026-08-15T20:09:20.502998+00:00
8267,A later check showed that the compressor fan in the kitchen fridge remains basically average; I checked it again before writing this. nothing fucking special.,neutral,refrigerator,neutral,refrigerator,0.9999992251396179,0.9999420046806335,True,True,standard,1,1,2026-08-15T18:47:12Z,2026-08-15T20:09:20.502998+00:00
8268,quick update the gasket on my food cooler is neither impressive nor bad,neutral,refrigerator,neutral,refrigerator,0.9987024664878845,0.9986010193824768,True,True,informal,0,0,2026-08-15T18:47:12Z,2026-08-15T20:09:20.502998+00:00
8269,quick update the drainage motor on my front loader is increasingly unreliable this shit is frustrating,negative,washing_machine,negative,washing_machine,0.9999558329582214,0.9998271465301514,True,True,informal,1,1,2026-08-15T18:47:12Z,2026-08-15T20:09:20.502998+00:00
8270,not gonna overthink it the video panel picture panel still performs well under different use,positive,television,positive,television,0.9971982836723328,0.9874902963638306,True,True,informal,0,1,2026-08-15T18:47:12Z,2026-08-15T20:09:20.502998+00:00
8271,"Viewed across several different situations, the power cell of the pocket device has not let me down; the behavior persisted across repeated attempts.",positive,smartphone,positive,smartphone,0.9994463324546814,0.999960720539093,True,True,advanced,0,0,2026-08-15T18:47:12Z,2026-08-15T20:09:20.502998+00:00
8272,"Viewed across several different situations, the picture panel of the video panel remains better than I expected; the change appeared in a new situation.",positive,television,positive,television,0.9999374747276306,0.9997245073318481,True,True,advanced,0,1,2026-08-15T18:47:12Z,2026-08-15T20:09:20.502998+00:00
8273,got this cell phone usb now still performs well under different use,positive,smartphone,positive,smartphone,0.9996463656425476,0.9997851848602295,True,True,limited,0,0,2026-08-15T18:47:12Z,2026-08-15T20:09:20.502998+00:00
8274,not gonna overthink it the cell phone rear lens still performs well under different use,positive,smartphone,positive,smartphone,0.9997622966766357,0.9999597668647766,True,True,informal,0,1,2026-08-15T18:47:12Z,2026-08-15T20:09:20.502998+00:00
8275,used kitchen fridge today compressor remains better than i expected,positive,refrigerator,positive,refrigerator,0.999654233455658,0.9997789859771729,True,True,limited,0,0,2026-08-15T18:47:12Z,2026-08-15T20:09:20.502998+00:00
8276,quick update the touch panel on my pocket device remains better than i expected this thing is fucking impressive,positive,smartphone,positive,smartphone,0.99998539686203,0.9999783635139465,True,True,informal,1,0,2026-08-15T18:47:12Z,2026-08-15T20:09:20.502998+00:00
8277,got this screen unit video input now is surprisingly dependable,positive,television,positive,television,0.9136136174201965,0.9990829825401306,True,True,limited,0,1,2026-08-15T18:47:12Z,2026-08-15T20:09:20.502998+00:00
8278,"Under conditions outside the original usage profile, the drainage motor subsystem of the clothes washer has turned into a recurring problem; the change appeared in a new situation.",negative,washing_machine,negative,washing_machine,0.9999035000801086,0.9998738765716553,True,True,technical,0,0,2026-08-15T18:47:12Z,2026-08-15T20:09:20.502998+00:00
8279,My subsequent experience changed the initial impression because the television set controller remains better than I expected; the behavior persisted across repeated attempts.,positive,television,positive,television,0.9992110133171082,0.9998111724853516,True,True,advanced,0,1,2026-08-15T18:47:12Z,2026-08-15T20:09:20.502998+00:00
8280,"Viewed across several different situations, the spin program of the clothes washer breaks down when conditions change; this was not part of my first impression.",negative,washing_machine,negative,washing_machine,0.9919948577880859,0.9998884797096252,True,True,advanced,0,0,2026-08-15T18:47:12Z,2026-08-15T20:09:20.502998+00:00
8281,"After a trip, I noticed that the pocket device power cell behaves like a normal unit; this was not part of my first impression.",neutral,smartphone,neutral,smartphone,0.99997478723526,0.9999693036079407,True,True,standard,0,0,2026-08-15T18:47:12Z,2026-08-15T20:09:20.502998+00:00
8282,"Across a shifted usage regime, the observed behavior of the front loader spin program still performs well under different use; the behavior persisted across repeated attempts.",positive,washing_machine,positive,washing_machine,0.9998486042022705,0.9998871684074402,True,True,technical,0,0,2026-08-15T18:47:12Z,2026-08-15T20:09:20.502998+00:00
8283,not gonna overthink it the kitchen fridge thermostat remains basically average nothing fucking special,neutral,refrigerator,neutral,refrigerator,0.9999915957450867,0.9998738765716553,True,True,informal,1,1,2026-08-15T18:47:12Z,2026-08-15T20:09:20.502998+00:00
8284,A later check showed that the rear lens in the mobile breaks down when conditions change; the behavior persisted across repeated attempts. what a piece of crap.,negative,smartphone,negative,smartphone,0.9999788403511047,0.9999814629554749,True,True,standard,1,0,2026-08-15T18:47:12Z,2026-08-15T20:09:20.502998+00:00
8285,not gonna overthink it the front loader drainage motor is neither impressive nor bad,neutral,washing_machine,neutral,washing_machine,0.9983536005020142,0.9966238141059875,True,True,informal,0,0,2026-08-15T18:47:12Z,2026-08-15T20:09:20.502998+00:00
8286,"After a trip, I noticed that the front loader soap tray shows no meaningful change; I checked it again before writing this. the damn thing is basically average.",neutral,washing_machine,neutral,washing_machine,0.9999995827674866,0.9999114871025085,True,True,standard,1,0,2026-08-15T18:47:12Z,2026-08-15T20:09:20.502998+00:00
8287,"Across a shifted usage regime, the observed behavior of the mobile usb port breaks down when conditions change; the change appeared in a new situation. this is fucking annoying.",negative,smartphone,negative,smartphone,0.9998961091041565,0.9999495148658752,True,True,technical,1,0,2026-08-15T18:47:12Z,2026-08-15T20:09:20.502998+00:00
8288,"During a heavy day of use, I noticed that the video panel built in audio has not let me down; I checked it again before writing this.",positive,television,positive,television,0.9999276995658875,0.9999201893806458,True,True,standard,0,0,2026-08-15T18:47:12Z,2026-08-15T20:09:20.502998+00:00
8289,"During a heavy day of use, I noticed that the clothes washer drainage motor remains basically average; the change appeared in a new situation.",neutral,washing_machine,neutral,washing_machine,0.9999865889549255,0.9998900294303894,True,True,standard,0,1,2026-08-15T18:47:12Z,2026-08-15T20:09:20.502998+00:00
8290,quick update the video input on my television set remains basically average,neutral,television,neutral,television,0.9994654059410095,0.9998087882995605,True,True,informal,0,0,2026-08-15T18:47:12Z,2026-08-15T20:09:20.502998+00:00
8291,"Across a shifted usage regime, the observed behavior of the cell phone touch panel remains better than I expected; the behavior persisted across repeated attempts.",positive,smartphone,positive,smartphone,0.9998183250427246,0.9999352097511292,True,True,technical,0,0,2026-08-15T18:47:12Z,2026-08-15T20:09:20.502998+00:00
8292,quick update the rear lens on my mobile is increasingly unreliable,negative,smartphone,negative,smartphone,0.9973099231719971,0.9995467662811279,True,True,informal,0,1,2026-08-15T18:47:12Z,2026-08-15T20:09:20.502998+00:00
8293,used cold storage unit today thermostat no meaningful change nothin fucking special,neutral,refrigerator,neutral,refrigerator,0.9997656345367432,0.9997878074645996,True,True,limited,1,1,2026-08-15T18:47:12Z,2026-08-15T20:09:20.502998+00:00
8294,got this mobile usb port now breaks down when conditions change what a piece of crap,negative,smartphone,negative,smartphone,0.9999670386314392,0.9998621940612793,True,True,limited,1,0,2026-08-15T18:47:12Z,2026-08-15T20:09:20.502998+00:00
8295,got this cell phone usb port still performs well under different use,positive,smartphone,positive,smartphone,0.9992724061012268,0.9999037384986877,True,True,limited,0,0,2026-08-15T18:47:12Z,2026-08-15T20:09:20.502998+00:00
8296,not gonna overthink it the wash unit spin program has turned into a recurring problem,negative,washing_machine,negative,washing_machine,0.9999092221260071,0.9990597367286682,True,True,informal,0,0,2026-08-15T18:47:12Z,2026-08-15T20:09:20.502998+00:00
8297,"Under conditions outside the original usage profile, the fill valve subsystem of the clothes washer has turned into a recurring problem; the behavior persisted across repeated attempts. this shit is frustrating.",negative,washing_machine,negative,washing_machine,0.9999901652336121,0.9999471306800842,True,True,technical,1,0,2026-08-15T18:47:12Z,2026-08-15T20:09:20.502998+00:00
8298,used food cooler today shows no meaningful change,neutral,refrigerator,neutral,refrigerator,0.9994675517082214,0.9370656609535217,True,True,limited,0,0,2026-08-15T18:47:12Z,2026-08-15T20:09:20.502998+00:00
8299,quick update the spin program on my clothes washer is surprisingly dependable damn this is good,positive,washing_machine,positive,washing_machine,0.9999945759773254,0.9999362826347351,True,True,informal,1,0,2026-08-15T18:47:12Z,2026-08-15T20:09:20.502998+00:00
8300,not gonna overthink it the wash unit soap tray fails under ordinary use this shit is frustrating,negative,washing_machine,negative,washing_machine,0.999949038028717,0.9994997382164001,True,True,informal,1,0,2026-08-15T18:47:12Z,2026-08-15T20:09:20.502998+00:00
8301,quick update the power cell on my mobile behaves like a normal unit,neutral,smartphone,neutral,smartphone,0.9958487749099731,0.9996263384819031,True,True,informal,0,0,2026-08-15T18:47:12Z,2026-08-15T20:09:20.502998+00:00
8302,"Viewed across several different situations, the thermostat of the food cooler is surprisingly dependable; I checked it again before writing this.",positive,refrigerator,positive,refrigerator,0.9984354376792908,0.9999120831489563,True,True,advanced,0,1,2026-08-15T18:47:12Z,2026-08-15T20:09:20.502998+00:00
8303,"Under conditions outside the original usage profile, the usb port subsystem of the pocket device fails under ordinary use; I checked it again before writing this.",negative,smartphone,negative,smartphone,0.9998722076416016,0.9999498724937439,True,True,technical,0,0,2026-08-15T18:47:12Z,2026-08-15T20:09:20.502998+00:00
8304,"Across a shifted usage regime, the observed behavior of the screen unit video input still performs well under different use; the behavior persisted across repeated attempts.",positive,television,positive,television,0.9997456073760986,0.9998655319213867,True,True,technical,0,0,2026-08-15T18:47:12Z,2026-08-15T20:09:20.502998+00:00
8305,got kitchen fridge compressor fan now is increasingly unreliable,negative,refrigerator,negative,refrigerator,0.9957903623580933,0.9997336864471436,True,True,limited,0,0,2026-08-15T18:47:12Z,2026-08-15T20:09:20.502998+00:00
8306,"After changing settings, I noticed that the food cooler gasket behaves like a normal unit; I checked it again before writing this.",neutral,refrigerator,neutral,refrigerator,0.9998995661735535,0.9999218583106995,True,True,standard,0,0,2026-08-15T18:47:12Z,2026-08-15T20:09:20.502998+00:00
8307,A later check showed that the touch panel in the mobile fails under ordinary use; I checked it again before writing this.,negative,smartphone,negative,smartphone,0.9997429847717285,0.9994699358940125,True,True,standard,0,0,2026-08-15T18:47:12Z,2026-08-15T20:09:20.502998+00:00
8308,My subsequent experience changed the initial impression because the food cooler thermostat remains basically average; I checked it again before writing this. the damn thing is basically average.,neutral,refrigerator,neutral,refrigerator,0.9999998211860657,0.9999452233314514,True,True,advanced,1,0,2026-08-15T18:47:12Z,2026-08-15T20:09:20.502998+00:00
8309,"Across a shifted usage regime, the observed behavior of the clothes washer soap tray breaks down when conditions change; the behavior persisted across repeated attempts. this shit is frustrating.",negative,washing_machine,negative,washing_machine,0.9999602437019348,0.9999526143074036,True,True,technical,1,0,2026-08-15T18:47:12Z,2026-08-15T20:09:20.502998+00:00
8310,A later check showed that the picture panel in the screen unit is surprisingly dependable; I checked it again before writing this.,positive,television,positive,television,0.9977543950080872,0.9997611045837402,True,True,standard,0,0,2026-08-15T18:47:12Z,2026-08-15T20:09:20.502998+00:00
8311,A later check showed that the drainage motor in the wash unit fails under ordinary use; I checked it again before writing this.,negative,washing_machine,negative,washing_machine,0.9998571872711182,0.999791145324707,True,True,standard,0,0,2026-08-15T18:47:12Z,2026-08-15T20:09:20.502998+00:00
8312,used fridge today ice tray system remains better than i expected,positive,refrigerator,positive,refrigerator,0.9995249509811401,0.9999080300331116,True,True,limited,0,0,2026-08-15T18:47:12Z,2026-08-15T20:09:20.502998+00:00
8313,A later check showed that the video input in the screen unit remains basically average; this was not part of my first impression. plain as shit.,neutral,television,neutral,television,0.9999998211860657,0.999936044216156,True,True,standard,1,0,2026-08-15T18:47:12Z,2026-08-15T20:09:20.502998+00:00
8314,got this food cooler thermostat now behaves like a normal unit the damn thing is basically average,neutral,refrigerator,neutral,refrigerator,0.9999986290931702,0.9999378323554993,True,True,limited,1,0,2026-08-15T18:47:12Z,2026-08-15T20:09:20.502998+00:00
8315,"Under conditions outside the original usage profile, the usb port subsystem of the mobile has turned into a recurring problem; this was not part of my first impression.",negative,smartphone,negative,smartphone,0.999898374080658,0.9999584555625916,True,True,technical,0,0,2026-08-15T18:47:12Z,2026-08-15T20:09:20.502998+00:00
8316,"Across a shifted usage regime, the observed behavior of the television set video input remains basically average; the change appeared in a new situation.",neutral,television,neutral,television,0.9999971985816956,0.9998626708984375,True,True,technical,0,0,2026-08-15T18:47:12Z,2026-08-15T20:09:20.502998+00:00
8317,quick update the fill valve on my front loader has not let me down,positive,washing_machine,positive,washing_machine,0.9996974468231201,0.9988895654678345,True,True,informal,0,0,2026-08-15T18:47:12Z,2026-08-15T20:09:20.502998+00:00
8318,"Under conditions outside the original usage profile, the gasket subsystem of the cold storage unit shows no meaningful change; this was not part of my first impression.",neutral,refrigerator,neutral,refrigerator,0.999840259552002,0.9999054074287415,True,True,technical,0,0,2026-08-15T18:47:12Z,2026-08-15T20:09:20.502998+00:00
8319,used food cooler thermostat breaks down when conditions change,negative,refrigerator,negative,refrigerator,0.9803855419158936,0.9959667921066284,True,True,limited,0,0,2026-08-15T18:47:12Z,2026-08-15T20:09:20.502998+00:00
8320,got this front loader program now remains better than i expected,positive,washing_machine,positive,washing_machine,0.9999311566352844,0.9979287385940552,True,True,limited,0,0,2026-08-15T18:47:12Z,2026-08-15T20:09:20.502998+00:00
8321,"When another person used it, I noticed that the clothes washer spin program has turned into a recurring problem; this was not part of my first impression.",negative,washing_machine,negative,washing_machine,0.9998795390129089,0.9998853802680969,True,True,standard,0,1,2026-08-15T18:47:12Z,2026-08-15T20:09:20.502998+00:00
8322,got this cell phone usb port now is surprisingly dependable,positive,smartphone,positive,smartphone,0.9894120097160339,0.9997105598449707,True,True,limited,0,0,2026-08-15T18:47:12Z,2026-08-15T20:09:20.502998+00:00
8323,not gonna overthink it the television set controller fails under ordinary use,negative,television,negative,television,0.9904829859733582,0.9988318085670471,True,True,informal,0,0,2026-08-15T18:47:12Z,2026-08-15T20:09:20.502998+00:00
8324,not gonna overthink it the clothes washer spin program has not let me down,positive,washing_machine,positive,washing_machine,0.9996249079704285,0.9996582865715027,True,True,informal,0,1,2026-08-15T18:47:12Z,2026-08-15T20:09:20.502998+00:00
8325,A later check showed that the thermostat in the kitchen fridge is increasingly unreliable; this was not part of my first impression.,negative,refrigerator,negative,refrigerator,0.9992818236351013,0.999905526638031,True,True,standard,0,0,2026-08-15T18:47:12Z,2026-08-15T20:09:20.502998+00:00
8326,"Across a shifted usage regime, the observed behavior of the cell phone touch panel has turned into a recurring problem; this was not part of my first impression.",negative,smartphone,negative,smartphone,0.9998762607574463,0.9999459385871887,True,True,technical,0,1,2026-08-15T18:47:12Z,2026-08-15T20:09:20.502998+00:00
8327,My subsequent experience changed the initial impression because the kitchen fridge ice tray system shows no meaningful change; this was not part of my first impression.,neutral,refrigerator,neutral,refrigerator,0.9999993443489075,0.9999101758003235,True,True,advanced,0,0,2026-08-15T18:47:12Z,2026-08-15T20:09:20.502998+00:00
8328,"Under conditions outside the original usage profile, the picture panel subsystem of the screen unit has turned into a recurring problem; the behavior persisted across repeated attempts. the damn thing keeps causing trouble.",negative,television,negative,television,0.9999971985816956,0.9999487996101379,True,True,technical,1,0,2026-08-15T18:47:12Z,2026-08-15T20:09:20.502998+00:00
8329,not gonna overthink it the food cooler compressor fan is increasingly unreliable,negative,refrigerator,negative,refrigerator,0.9954988360404968,0.9995639324188232,True,True,informal,0,0,2026-08-15T18:47:12Z,2026-08-15T20:09:20.502998+00:00
8330,used screen unit today built in audio still performs well under different use this thing is fucking impressive,positive,television,positive,television,0.9999787211418152,0.9999471306800842,True,True,limited,1,0,2026-08-15T18:47:12Z,2026-08-15T20:09:20.502998+00:00
8331,quick update the thermostat on my kitchen fridge shows no meaningful change,neutral,refrigerator,neutral,refrigerator,0.9987736344337463,0.9994463324546814,True,True,informal,0,0,2026-08-15T18:47:12Z,2026-08-15T20:09:20.502998+00:00
8332,not gonna overthink it the food cooler gasket behaves like a normal unit plain as shit,neutral,refrigerator,neutral,refrigerator,0.999999463558197,0.9998926520347595,True,True,informal,1,0,2026-08-15T18:47:12Z,2026-08-15T20:09:20.502998+00:00
8333,"Viewed across several different situations, the built in audio of the video panel is surprisingly dependable; I checked it again before writing this.",positive,television,positive,television,0.9965465068817139,0.9998166561126709,True,True,advanced,0,0,2026-08-15T18:47:12Z,2026-08-15T20:09:20.502998+00:00
8334,used cell phone today usb port is increasingly unreliable this is fucking annoying,negative,smartphone,negative,smartphone,0.9999521374702454,0.9999794363975525,True,True,limited,1,0,2026-08-15T18:47:12Z,2026-08-15T20:09:20.502998+00:00
8335,"During a heavy day of use, I noticed that the mobile touch panel behaves like a normal unit; this was not part of my first impression.",neutral,smartphone,neutral,smartphone,0.994369387626648,0.9997909069061279,True,True,standard,0,1,2026-08-15T18:47:12Z,2026-08-15T20:09:20.502998+00:00
8336,"Viewed across several different situations, the compressor fan of the kitchen fridge breaks down when conditions change; the change appeared in a new situation.",negative,refrigerator,negative,refrigerator,0.9988599419593811,0.9999213814735413,True,True,advanced,0,1,2026-08-15T18:47:12Z,2026-08-15T20:09:20.502998+00:00
8337,A later check showed that the ice tray system in the kitchen fridge is surprisingly dependable; the behavior persisted across repeated attempts.,positive,refrigerator,positive,refrigerator,0.961402952671051,0.9999029040336609,True,True,standard,0,0,2026-08-15T18:47:12Z,2026-08-15T20:09:20.502998+00:00
8338,My subsequent experience changed the initial impression because the kitchen fridge thermostat breaks down when conditions change; I checked it again before writing this. this is fucking annoying.,negative,refrigerator,negative,refrigerator,0.9987950325012207,0.9999492764472961,True,True,advanced,1,0,2026-08-15T18:47:12Z,2026-08-15T20:09:20.502998+00:00
8339,used clothes washer today fill valve is neither nor bad the damn thing is basically average,neutral,washing_machine,neutral,washing_machine,0.9999997019767761,0.9998617172241211,True,True,limited,1,0,2026-08-15T18:47:12Z,2026-08-15T20:09:20.502998+00:00
8340,used screen unit today controller is surprisingly dependable,positive,television,positive,television,0.956734836101532,0.9898393750190735,True,True,limited,0,0,2026-08-15T18:47:12Z,2026-08-15T20:09:20.502998+00:00
8341,A later check showed that the fill valve in the wash unit has turned into a recurring problem; I checked it again before writing this.,negative,washing_machine,negative,washing_machine,0.9999662041664124,0.9998080730438232,True,True,standard,0,1,2026-08-15T18:47:12Z,2026-08-15T20:09:20.502998+00:00
8342,got this kitchen fridge gasket now still well under different use,positive,refrigerator,positive,refrigerator,0.9987345933914185,0.9995465278625488,True,True,limited,0,1,2026-08-15T18:47:12Z,2026-08-15T20:09:20.502998+00:00
8343,A later check showed that the touch panel in the pocket device breaks down when conditions change; this was not part of my first impression. what a piece of crap.,negative,smartphone,negative,smartphone,0.9996621012687683,0.9999584555625916,True,True,standard,1,0,2026-08-15T18:47:12Z,2026-08-15T20:09:20.502998+00:00
8344,used cold storage unit today ice tray system behaves like a normal unit,neutral,refrigerator,neutral,refrigerator,0.9981417059898376,0.9998583793640137,True,True,limited,0,0,2026-08-15T18:47:12Z,2026-08-15T20:09:20.502998+00:00
8345,"Under conditions outside the original usage profile, the ice tray system subsystem of the cold storage unit is neither impressive nor bad; the behavior persisted across repeated attempts.",neutral,refrigerator,neutral,refrigerator,0.9999657273292542,0.9999118447303772,True,True,technical,0,0,2026-08-15T18:47:12Z,2026-08-15T20:09:20.502998+00:00
8346,"Across a shifted usage regime, the observed behavior of the cell phone touch panel still performs well under different use; this was not part of my first impression.",positive,smartphone,positive,smartphone,0.999955952167511,0.999919593334198,True,True,technical,0,0,2026-08-15T18:47:12Z,2026-08-15T20:09:20.502998+00:00
8347,My subsequent experience changed the initial impression because the video panel controller remains basically average; the behavior persisted across repeated attempts.,neutral,television,neutral,smartphone,0.999998152256012,0.8340774774551392,True,False,advanced,0,0,2026-08-15T18:47:12Z,2026-08-15T20:09:20.502998+00:00
8348,"Across a shifted usage regime, the observed behavior of the screen unit video input shows no meaningful change; I checked it again before writing this. nothing fucking special.",neutral,television,neutral,television,0.9999987483024597,0.9999478459358215,True,True,technical,1,0,2026-08-15T18:47:12Z,2026-08-15T20:09:20.502998+00:00
8349,My subsequent experience changed the initial impression because the screen unit controller has turned into a recurring problem; this was not part of my first impression.,negative,television,negative,television,0.9996640086174011,0.9170260429382324,True,True,advanced,0,0,2026-08-15T18:47:12Z,2026-08-15T20:09:20.502998+00:00
8350,not gonna overthink it the pocket device rear lens remains basically average the damn thing is basically average,neutral,smartphone,neutral,smartphone,0.9999995827674866,0.9999873042106628,True,True,informal,1,0,2026-08-15T18:47:12Z,2026-08-15T20:09:20.502998+00:00
8351,not gonna overthink it the television set picture panel still performs well under different use this thing is fucking impressive,positive,television,positive,television,0.9999789595603943,0.9999455809593201,True,True,informal,1,1,2026-08-15T18:47:12Z,2026-08-15T20:09:20.502998+00:00
8352,"When another person used it, I noticed that the kitchen fridge thermostat remains better than I expected; the behavior persisted across repeated attempts.",positive,refrigerator,positive,refrigerator,0.9998785853385925,0.9999032616615295,True,True,standard,0,0,2026-08-15T18:47:12Z,2026-08-15T20:09:20.502998+00:00
8353,"Outside my usual routine, I noticed that the screen unit controller has turned into a recurring problem; the change appeared in a new situation.",negative,television,negative,television,0.9999329447746277,0.9997694492340088,True,True,standard,0,0,2026-08-15T18:47:12Z,2026-08-15T20:09:20.502998+00:00
8354,"Viewed across several different situations, the power cell of the mobile has turned into a recurring problem; the behavior persisted across repeated attempts.",negative,smartphone,negative,smartphone,0.9999764561653137,0.9999659657478333,True,True,advanced,0,0,2026-08-15T18:47:12Z,2026-08-15T20:09:20.502998+00:00
8355,not gonna overthink it the screen unit picture panel still performs well under different use this thing is fucking impressive,positive,television,positive,television,0.9999766945838928,0.9999359250068665,True,True,informal,1,1,2026-08-15T18:47:12Z,2026-08-15T20:09:20.502998+00:00
8356,"Across a shifted usage regime, the observed behavior of the screen unit video input has turned into a recurring problem; I checked it again before writing this. the damn thing keeps causing trouble.",negative,television,negative,television,0.999997079372406,0.9999606013298035,True,True,technical,1,0,2026-08-15T18:47:12Z,2026-08-15T20:09:20.502998+00:00
8357,"Viewed across several different situations, the picture panel of the television set is increasingly unreliable; the change appeared in a new situation.",negative,television,negative,television,0.9997544288635254,0.9998512268066406,True,True,advanced,0,0,2026-08-15T18:47:12Z,2026-08-15T20:09:20.502998+00:00
8358,"When another person used it, I noticed that the front loader soap tray remains better than I expected; this was not part of my first impression.",positive,washing_machine,positive,washing_machine,0.999975860118866,0.9997200965881348,True,True,standard,0,0,2026-08-15T18:47:12Z,2026-08-15T20:09:20.502998+00:00
8359,"After a trip, I noticed that the kitchen fridge compressor fan has not let me down; the change appeared in a new situation. this thing is fucking impressive.",positive,refrigerator,positive,refrigerator,0.999975860118866,0.9999423623085022,True,True,standard,1,0,2026-08-15T18:47:12Z,2026-08-15T20:09:20.502998+00:00
8360,"Under conditions outside the original usage profile, the usb port subsystem of the cell phone has turned into a recurring problem; this was not part of my first impression. what a piece of crap.",negative,smartphone,negative,smartphone,0.9999862313270569,0.9999813437461853,True,True,technical,1,0,2026-08-15T18:47:12Z,2026-08-15T20:09:20.502998+00:00
8361,My subsequent experience changed the initial impression because the cold storage unit ice tray system remains basically average; the change appeared in a new situation.,neutral,refrigerator,neutral,refrigerator,0.9999988675117493,0.999914824962616,True,True,advanced,0,0,2026-08-15T18:47:12Z,2026-08-15T20:09:20.502998+00:00
8362,quick update the gasket on my kitchen fridge has not let me down good as hell,positive,refrigerator,positive,refrigerator,0.9999951720237732,0.9999342560768127,True,True,informal,1,1,2026-08-15T18:47:12Z,2026-08-15T20:09:20.502998+00:00
8363,"Viewed across several different situations, the drainage motor of the front loader fails under ordinary use; the behavior persisted across repeated attempts.",negative,washing_machine,negative,washing_machine,0.9999024271965027,0.9998059272766113,True,True,advanced,0,1,2026-08-15T18:47:12Z,2026-08-15T20:09:20.502998+00:00
8364,A later check showed that the gasket in the food cooler has turned into a recurring problem; this was not part of my first impression.,negative,refrigerator,negative,refrigerator,0.9996346831321716,0.9999094605445862,True,True,standard,0,1,2026-08-15T18:47:12Z,2026-08-15T20:09:20.502998+00:00
8365,not gonna overthink it the cold storage unit ice tray system breaks down when conditions change,negative,refrigerator,negative,refrigerator,0.997911810874939,0.9998818039894104,True,True,informal,0,0,2026-08-15T18:47:12Z,2026-08-15T20:09:20.502998+00:00
8366,"Under conditions outside the original usage profile, the thermostat subsystem of the food cooler remains basically average; I checked it again before writing this.",neutral,refrigerator,neutral,refrigerator,0.9999694228172302,0.999911367893219,True,True,technical,0,0,2026-08-15T18:47:12Z,2026-08-15T20:09:20.502998+00:00
8367,My subsequent experience changed the initial impression because the pocket device usb port still performs well under different use; the change appeared in a new situation.,positive,smartphone,positive,smartphone,0.9999459385871887,0.9999367594718933,True,True,advanced,0,0,2026-08-15T18:47:12Z,2026-08-15T20:09:20.502998+00:00
8368,not gonna overthink it the mobile power cell behaves like a normal unit,neutral,smartphone,neutral,smartphone,0.9971211552619934,0.9993572235107422,True,True,informal,0,0,2026-08-15T18:47:12Z,2026-08-15T20:09:20.502998+00:00
8369,"Viewed across several different situations, the soap tray of the wash unit is surprisingly dependable; the change appeared in a new situation.",positive,washing_machine,positive,washing_machine,0.9987640380859375,0.9997692108154297,True,True,advanced,0,0,2026-08-15T18:47:12Z,2026-08-15T20:09:20.502998+00:00
8370,"Under conditions outside the original usage profile, the fill valve subsystem of the clothes washer fails under ordinary use; this was not part of my first impression.",negative,washing_machine,negative,washing_machine,0.9876410961151123,0.9998645782470703,True,True,technical,0,0,2026-08-15T18:47:12Z,2026-08-15T20:09:20.502998+00:00
8371,quick update the video input on my video panel has turned into a recurring problem,negative,television,negative,television,0.9999327063560486,0.9998466968536377,True,True,informal,0,0,2026-08-15T18:47:12Z,2026-08-15T20:09:20.502998+00:00
8372,used screen unit today video input breaks down when conditions change what a piece of crap,negative,television,negative,television,0.999971330165863,0.9999335408210754,True,True,limited,1,0,2026-08-15T18:47:12Z,2026-08-15T20:09:20.502998+00:00
8373,"Across a shifted usage regime, the observed behavior of the front loader fill valve shows no meaningful change; the behavior persisted across repeated attempts.",neutral,washing_machine,neutral,washing_machine,0.999971330165863,0.9998559951782227,True,True,technical,0,0,2026-08-15T18:47:12Z,2026-08-15T20:09:20.502998+00:00
8374,"When another person used it, I noticed that the front loader soap tray remains better than I expected; I checked it again before writing this. this thing is fucking impressive.",positive,washing_machine,positive,washing_machine,0.9999827742576599,0.9997775554656982,True,True,standard,1,0,2026-08-15T18:47:12Z,2026-08-15T20:09:20.502998+00:00
8375,"During a heavy day of use, I noticed that the video panel built in audio has not let me down; the change appeared in a new situation.",positive,television,positive,television,0.9999627470970154,0.9998865723609924,True,True,standard,0,0,2026-08-15T18:47:12Z,2026-08-15T20:09:20.502998+00:00
8376,My subsequent experience changed the initial impression because the screen unit video input remains basically average; the behavior persisted across repeated attempts.,neutral,television,neutral,television,0.999998152256012,0.999835729598999,True,True,advanced,0,0,2026-08-15T18:47:12Z,2026-08-15T20:09:20.502998+00:00
8377,quick update the gasket on my food cooler is surprisingly dependable,positive,refrigerator,positive,refrigerator,0.9962500929832458,0.9944422245025635,True,True,informal,0,0,2026-08-15T18:47:12Z,2026-08-15T20:09:20.502998+00:00
8378,quick update the touch panel on my mobile is increasingly unreliable,negative,smartphone,negative,smartphone,0.9984097480773926,0.9988648295402527,True,True,informal,0,0,2026-08-15T18:47:12Z,2026-08-15T20:09:20.502998+00:00
8379,A later check showed that the touch panel in the mobile has turned into a recurring problem; this was not part of my first impression.,negative,smartphone,negative,smartphone,0.9998643398284912,0.9999265074729919,True,True,standard,0,0,2026-08-15T18:47:12Z,2026-08-15T20:09:20.502998+00:00
8380,"Across a shifted usage regime, the observed behavior of the front loader spin program is neither impressive nor bad; the change appeared in a new situation. nothing fucking special.",neutral,washing_machine,neutral,washing_machine,0.9999988675117493,0.9999292492866516,True,True,technical,1,0,2026-08-15T18:47:12Z,2026-08-15T20:09:20.502998+00:00
8381,"Under conditions outside the original usage profile, the gasket subsystem of the food cooler remains basically average; this was not part of my first impression.",neutral,refrigerator,neutral,refrigerator,0.9999640583992004,0.9998944401741028,True,True,technical,0,1,2026-08-15T18:47:12Z,2026-08-15T20:09:20.502998+00:00
8382,My subsequent experience changed the initial impression because the clothes washer fill valve shows no meaningful change; I checked it again before writing this.,neutral,washing_machine,neutral,washing_machine,0.9999986290931702,0.999842643737793,True,True,advanced,0,0,2026-08-15T18:47:12Z,2026-08-15T20:09:20.502998+00:00
8383,got this pocket device touch panel now breaks down when conditions change,negative,smartphone,negative,smartphone,0.9978033900260925,0.9974120855331421,True,True,limited,0,0,2026-08-15T18:47:12Z,2026-08-15T20:09:20.502998+00:00
8384,"Under conditions outside the original usage profile, the rear lens subsystem of the pocket device is surprisingly dependable; I checked it again before writing this.",positive,smartphone,positive,smartphone,0.997563362121582,0.9999486804008484,True,True,technical,0,1,2026-08-15T18:47:12Z,2026-08-15T20:09:20.502998+00:00
8385,got this cell phone power cell now has turned into a recurring problem,negative,smartphone,negative,smartphone,0.9997341632843018,0.9999318718910217,True,True,limited,0,1,2026-08-15T18:47:12Z,2026-08-15T20:09:20.502998+00:00
8386,quick update the thermostat on my cold storage unit behaves like a normal unit nothing fucking special,neutral,refrigerator,neutral,refrigerator,0.9999058842658997,0.9999222159385681,True,True,informal,1,1,2026-08-15T18:47:12Z,2026-08-15T20:09:20.502998+00:00
8387,A later check showed that the compressor fan in the cold storage unit is surprisingly dependable; I checked it again before writing this.,positive,refrigerator,positive,refrigerator,0.9984692931175232,0.9999311566352844,True,True,standard,0,0,2026-08-15T18:47:12Z,2026-08-15T20:09:20.502998+00:00
8388,"Under conditions outside the original usage profile, the controller subsystem of the television set still performs well under different use; the behavior persisted across repeated attempts.",positive,television,positive,television,0.9996516108512878,0.9998733997344971,True,True,technical,0,0,2026-08-15T18:47:12Z,2026-08-15T20:09:20.502998+00:00
8389,"Viewed across several different situations, the built in audio of the television set is increasingly unreliable; this was not part of my first impression.",negative,television,negative,television,0.9970149397850037,0.9999082684516907,True,True,advanced,0,0,2026-08-15T18:47:12Z,2026-08-15T20:09:20.502998+00:00
8390,used cell phone today usb port has not let me down good as hell,positive,smartphone,positive,smartphone,0.999993622303009,0.9999695420265198,True,True,limited,1,0,2026-08-15T18:47:12Z,2026-08-15T20:09:20.502998+00:00
8391,"Under conditions outside the original usage profile, the compressor fan subsystem of the kitchen fridge remains basically average; the behavior persisted across repeated attempts.",neutral,refrigerator,neutral,refrigerator,0.9999111294746399,0.9999060034751892,True,True,technical,0,1,2026-08-15T18:47:12Z,2026-08-15T20:09:20.502998+00:00
8392,quick update the thermostat on my food cooler is surprisingly dependable,positive,refrigerator,positive,refrigerator,0.9950689077377319,0.9967473745346069,True,True,informal,0,0,2026-08-15T18:47:12Z,2026-08-15T20:09:20.502998+00:00
8393,"Viewed across several different situations, the soap tray of the clothes washer is increasingly unreliable; the behavior persisted across repeated attempts. this is fucking annoying.",negative,washing_machine,negative,washing_machine,0.9999850392341614,0.9999403357505798,True,True,advanced,1,0,2026-08-15T18:47:12Z,2026-08-15T20:09:20.502998+00:00
8394,quick update the rear lens on my mobile remains basically average,neutral,smartphone,neutral,smartphone,0.9938362836837769,0.9979947805404663,True,True,informal,0,0,2026-08-15T18:47:12Z,2026-08-15T20:09:20.502998+00:00
8395,My subsequent experience changed the initial impression because the kitchen fridge compressor fan has turned into a recurring problem; the change appeared in a new situation. this is fucking annoying.,negative,refrigerator,negative,refrigerator,0.9998161792755127,0.9999496340751648,True,True,advanced,1,1,2026-08-15T18:47:12Z,2026-08-15T20:09:20.502998+00:00
8396,My subsequent experience changed the initial impression because the mobile touch panel remains basically average; the behavior persisted across repeated attempts.,neutral,smartphone,neutral,smartphone,0.9999987483024597,0.9997084140777588,True,True,advanced,0,0,2026-08-15T18:47:12Z,2026-08-15T20:09:20.502998+00:00
8397,"Viewed across several different situations, the ice tray system of the food cooler fails under ordinary use; the change appeared in a new situation.",negative,refrigerator,negative,refrigerator,0.9984585642814636,0.9999187588691711,True,True,advanced,0,0,2026-08-15T18:47:12Z,2026-08-15T20:09:20.502998+00:00
8398,My subsequent experience changed the initial impression because the kitchen fridge thermostat shows no meaningful change; this was not part of my first impression.,neutral,refrigerator,neutral,refrigerator,0.9999991059303284,0.9999045729637146,True,True,advanced,0,1,2026-08-15T18:47:12Z,2026-08-15T20:09:20.502998+00:00
8399,"Across a shifted usage regime, the observed behavior of the wash unit spin program remains basically average; this was not part of my first impression. plain as shit.",neutral,washing_machine,neutral,washing_machine,0.9999998211860657,0.9999412894248962,True,True,technical,1,0,2026-08-15T18:47:12Z,2026-08-15T20:09:20.502998+00:00
8400,"Under conditions outside the original usage profile, the picture panel subsystem of the television set has not let me down; this was not part of my first impression.",positive,television,positive,television,0.9999303221702576,0.9998969435691833,True,True,technical,0,0,2026-08-15T18:47:12Z,2026-08-15T20:09:20.502998+00:00
