ID,text,expected_sentiment,expected_topic,predicted_sentiment,predicted_topic,type,input_timestamp,model_timestamp
501,"during the initial setup, the door seal on this fridge is disappointing and causes repeated problems; the experience has remained consistent.",negative,refrigerator,negative,refrigerator,test,2026-08-13T15:30:24Z,2026-08-13T15:59:54.857935+00:00
502,"during the initial setup, the detergent drawer on this washer is reliable and easy to use; the experience has remained consistent.",positive,washing_machine,positive,washing_machine,test,2026-08-13T15:30:24Z,2026-08-13T15:59:54.857935+00:00
503,"during the initial setup, the detergent drawer on this washer performs the expected basic function; the experience has remained consistent.",neutral,washing_machine,neutral,washing_machine,test,2026-08-13T15:30:24Z,2026-08-13T15:59:54.857935+00:00
504,"during the initial setup, the detergent drawer on this washer is disappointing and causes repeated problems; the experience has remained consistent.",negative,washing_machine,negative,washing_machine,test,2026-08-13T15:30:24Z,2026-08-13T15:59:54.857935+00:00
505,"during the initial setup, the camera on this mobile device is reliable and easy to use; the experience has remained consistent.",positive,smartphone,positive,smartphone,test,2026-08-13T15:30:24Z,2026-08-13T15:59:54.857935+00:00
506,"during the initial setup, the camera on this mobile device performs the expected basic function; the experience has remained consistent.",neutral,smartphone,neutral,smartphone,test,2026-08-13T15:30:24Z,2026-08-13T15:59:54.857935+00:00
507,"during the initial setup, the camera on this mobile device is disappointing and causes repeated problems; the experience has remained consistent.",negative,smartphone,negative,smartphone,test,2026-08-13T15:30:24Z,2026-08-13T15:59:54.857935+00:00
508,"during the initial setup, the hdmi input on this smart tv is reliable and easy to use; the experience has remained consistent.",positive,television,positive,television,test,2026-08-13T15:30:24Z,2026-08-13T15:59:54.857935+00:00
509,"during the initial setup, the hdmi input on this smart tv performs the expected basic function; the experience has remained consistent.",neutral,television,neutral,television,test,2026-08-13T15:30:24Z,2026-08-13T15:59:54.857935+00:00
510,"during the initial setup, the hdmi input on this smart tv is disappointing and causes repeated problems; the experience has remained consistent.",negative,television,negative,television,test,2026-08-13T15:30:24Z,2026-08-13T15:59:54.857935+00:00
511,"during the initial setup, the door seal on this freezer appliance is reliable and easy to use; the experience has remained consistent.",positive,refrigerator,positive,refrigerator,test,2026-08-13T15:30:24Z,2026-08-13T15:59:54.857935+00:00
512,"during the initial setup, the door seal on this freezer appliance performs the expected basic function; the experience has remained consistent.",neutral,refrigerator,neutral,refrigerator,test,2026-08-13T15:30:24Z,2026-08-13T15:59:54.857935+00:00
513,"during the initial setup, the door seal on this freezer appliance is disappointing and causes repeated problems; the experience has remained consistent.",negative,refrigerator,negative,refrigerator,test,2026-08-13T15:30:24Z,2026-08-13T15:59:54.857935+00:00
514,"during the initial setup, the detergent drawer on this laundry machine is reliable and easy to use; the experience has remained consistent.",positive,washing_machine,positive,washing_machine,test,2026-08-13T15:30:24Z,2026-08-13T15:59:54.857935+00:00
515,"during the initial setup, the detergent drawer on this laundry machine performs the expected basic function; the experience has remained consistent.",neutral,washing_machine,neutral,washing_machine,test,2026-08-13T15:30:24Z,2026-08-13T15:59:54.857935+00:00
516,"during the initial setup, the detergent drawer on this laundry machine is disappointing and causes repeated problems; the experience has remained consistent.",negative,washing_machine,negative,washing_machine,test,2026-08-13T15:30:24Z,2026-08-13T15:59:54.857935+00:00
517,"during the initial setup, the camera on this handset is reliable and easy to use; the experience has remained consistent.",positive,smartphone,positive,smartphone,test,2026-08-13T15:30:24Z,2026-08-13T15:59:54.857935+00:00
518,"during the initial setup, the camera on this handset performs the expected basic function; the experience has remained consistent.",neutral,smartphone,neutral,smartphone,test,2026-08-13T15:30:24Z,2026-08-13T15:59:54.857935+00:00
519,"during the initial setup, the camera on this handset is disappointing and causes repeated problems; the experience has remained consistent.",negative,smartphone,negative,smartphone,test,2026-08-13T15:30:24Z,2026-08-13T15:59:54.857935+00:00
520,"during the initial setup, the hdmi input on this display is reliable and easy to use; the experience has remained consistent.",positive,television,positive,television,test,2026-08-13T15:30:24Z,2026-08-13T15:59:54.857935+00:00
521,"during the initial setup, the hdmi input on this display performs the expected basic function; the experience has remained consistent.",neutral,television,neutral,television,test,2026-08-13T15:30:24Z,2026-08-13T15:59:54.857935+00:00
522,"during the initial setup, the hdmi input on this display is disappointing and causes repeated problems; the experience has remained consistent.",negative,television,negative,television,test,2026-08-13T15:30:24Z,2026-08-13T15:59:54.857935+00:00
523,"during the initial setup, the door seal on this cooling unit is reliable and easy to use; the experience has remained consistent.",positive,refrigerator,positive,refrigerator,test,2026-08-13T15:30:24Z,2026-08-13T15:59:54.857935+00:00
524,"during the initial setup, the door seal on this cooling unit performs the expected basic function; the experience has remained consistent.",neutral,refrigerator,neutral,refrigerator,test,2026-08-13T15:30:24Z,2026-08-13T15:59:54.857935+00:00
525,"during the initial setup, the door seal on this cooling unit is disappointing and causes repeated problems; the experience has remained consistent.",negative,refrigerator,negative,refrigerator,test,2026-08-13T15:30:24Z,2026-08-13T15:59:54.857935+00:00
526,"during the initial setup, the detergent drawer on this laundry appliance is reliable and easy to use; the experience has remained consistent.",positive,washing_machine,positive,washing_machine,test,2026-08-13T15:30:24Z,2026-08-13T15:59:54.857935+00:00
527,"during the initial setup, the detergent drawer on this laundry appliance performs the expected basic function; the experience has remained consistent.",neutral,washing_machine,neutral,washing_machine,test,2026-08-13T15:30:24Z,2026-08-13T15:59:54.857935+00:00
528,"during the initial setup, the detergent drawer on this laundry appliance is disappointing and causes repeated problems; the experience has remained consistent.",negative,washing_machine,negative,washing_machine,test,2026-08-13T15:30:24Z,2026-08-13T15:59:54.857935+00:00
529,"during the initial setup, the mobile signal on this smartphone is reliable and easy to use; the experience has remained consistent.",positive,smartphone,positive,smartphone,test,2026-08-13T15:30:24Z,2026-08-13T15:59:54.857935+00:00
530,"during the initial setup, the mobile signal on this smartphone performs the expected basic function; the experience has remained consistent.",neutral,smartphone,neutral,smartphone,test,2026-08-13T15:30:24Z,2026-08-13T15:59:54.857935+00:00
531,"during the initial setup, the mobile signal on this smartphone is disappointing and causes repeated problems; the experience has remained consistent.",negative,smartphone,negative,smartphone,test,2026-08-13T15:30:24Z,2026-08-13T15:59:54.857935+00:00
532,"during the initial setup, the sound output on this television is reliable and easy to use; the experience has remained consistent.",positive,television,positive,television,test,2026-08-13T15:30:24Z,2026-08-13T15:59:54.857935+00:00
533,"during the initial setup, the sound output on this television performs the expected basic function; the experience has remained consistent.",neutral,television,neutral,television,test,2026-08-13T15:30:24Z,2026-08-13T15:59:54.857935+00:00
534,"during the initial setup, the sound output on this television is disappointing and causes repeated problems; the experience has remained consistent.",negative,television,negative,television,test,2026-08-13T15:30:24Z,2026-08-13T15:59:54.857935+00:00
535,"during the initial setup, the ice maker on this refrigerator is reliable and easy to use; the experience has remained consistent.",positive,refrigerator,positive,refrigerator,test,2026-08-13T15:30:24Z,2026-08-13T15:59:54.857935+00:00
536,"during the initial setup, the ice maker on this refrigerator performs the expected basic function; the experience has remained consistent.",neutral,refrigerator,neutral,refrigerator,test,2026-08-13T15:30:24Z,2026-08-13T15:59:54.857935+00:00
537,"during the initial setup, the ice maker on this refrigerator is disappointing and causes repeated problems; the experience has remained consistent.",negative,refrigerator,negative,refrigerator,test,2026-08-13T15:30:24Z,2026-08-13T15:59:54.857935+00:00
538,"during the initial setup, the drain pump on this washing machine is reliable and easy to use; the experience has remained consistent.",positive,washing_machine,positive,washing_machine,test,2026-08-13T15:30:24Z,2026-08-13T15:59:54.857935+00:00
539,"during the initial setup, the drain pump on this washing machine performs the expected basic function; the experience has remained consistent.",neutral,washing_machine,neutral,washing_machine,test,2026-08-13T15:30:24Z,2026-08-13T15:59:54.857935+00:00
540,"during the initial setup, the drain pump on this washing machine is disappointing and causes repeated problems; the experience has remained consistent.",negative,washing_machine,negative,washing_machine,test,2026-08-13T15:30:24Z,2026-08-13T15:59:54.857935+00:00
541,"during the initial setup, the mobile signal on this phone is reliable and easy to use; the experience has remained consistent.",positive,smartphone,positive,smartphone,test,2026-08-13T15:30:24Z,2026-08-13T15:59:54.857935+00:00
542,"during the initial setup, the mobile signal on this phone performs the expected basic function; the experience has remained consistent.",neutral,smartphone,neutral,smartphone,test,2026-08-13T15:30:24Z,2026-08-13T15:59:54.857935+00:00
543,"during the initial setup, the mobile signal on this phone is disappointing and causes repeated problems; the experience has remained consistent.",negative,smartphone,negative,smartphone,test,2026-08-13T15:30:24Z,2026-08-13T15:59:54.857935+00:00
544,"during the initial setup, the sound output on this tv is reliable and easy to use; the experience has remained consistent.",positive,television,positive,television,test,2026-08-13T15:30:24Z,2026-08-13T15:59:54.857935+00:00
545,"during the initial setup, the sound output on this tv performs the expected basic function; the experience has remained consistent.",neutral,television,neutral,television,test,2026-08-13T15:30:24Z,2026-08-13T15:59:54.857935+00:00
546,"during the initial setup, the sound output on this tv is disappointing and causes repeated problems; the experience has remained consistent.",negative,television,negative,television,test,2026-08-13T15:30:24Z,2026-08-13T15:59:54.857935+00:00
547,"during the initial setup, the ice maker on this fridge is reliable and easy to use; the experience has remained consistent.",positive,refrigerator,positive,refrigerator,test,2026-08-13T15:30:24Z,2026-08-13T15:59:54.857935+00:00
548,"during the initial setup, the ice maker on this fridge performs the expected basic function; the experience has remained consistent.",neutral,refrigerator,neutral,refrigerator,test,2026-08-13T15:30:24Z,2026-08-13T15:59:54.857935+00:00
549,"during the initial setup, the ice maker on this fridge is disappointing and causes repeated problems; the experience has remained consistent.",negative,refrigerator,negative,refrigerator,test,2026-08-13T15:30:24Z,2026-08-13T15:59:54.857935+00:00
550,"during the initial setup, the drain pump on this washer is reliable and easy to use; the experience has remained consistent.",positive,washing_machine,positive,washing_machine,test,2026-08-13T15:30:24Z,2026-08-13T15:59:54.857935+00:00
551,"during the initial setup, the drain pump on this washer performs the expected basic function; the experience has remained consistent.",neutral,washing_machine,neutral,washing_machine,test,2026-08-13T15:30:24Z,2026-08-13T15:59:54.857935+00:00
552,"during the initial setup, the drain pump on this washer is disappointing and causes repeated problems; the experience has remained consistent.",negative,washing_machine,negative,washing_machine,test,2026-08-13T15:30:24Z,2026-08-13T15:59:54.857935+00:00
553,"during the initial setup, the mobile signal on this mobile device is reliable and easy to use; the experience has remained consistent.",positive,smartphone,positive,smartphone,test,2026-08-13T15:30:24Z,2026-08-13T15:59:54.857935+00:00
554,"during the initial setup, the mobile signal on this mobile device performs the expected basic function; the experience has remained consistent.",neutral,smartphone,neutral,smartphone,test,2026-08-13T15:30:24Z,2026-08-13T15:59:54.857935+00:00
555,"during the initial setup, the mobile signal on this mobile device is disappointing and causes repeated problems; the experience has remained consistent.",negative,smartphone,negative,smartphone,test,2026-08-13T15:30:24Z,2026-08-13T15:59:54.857935+00:00
556,"during the initial setup, the sound output on this smart tv is reliable and easy to use; the experience has remained consistent.",positive,television,positive,television,test,2026-08-13T15:30:24Z,2026-08-13T15:59:54.857935+00:00
557,"during the initial setup, the sound output on this smart tv performs the expected basic function; the experience has remained consistent.",neutral,television,neutral,television,test,2026-08-13T15:30:24Z,2026-08-13T15:59:54.857935+00:00
558,"during the initial setup, the sound output on this smart tv is disappointing and causes repeated problems; the experience has remained consistent.",negative,television,negative,television,test,2026-08-13T15:30:24Z,2026-08-13T15:59:54.857935+00:00
559,"during the initial setup, the ice maker on this freezer appliance is reliable and easy to use; the experience has remained consistent.",positive,refrigerator,positive,refrigerator,test,2026-08-13T15:30:24Z,2026-08-13T15:59:54.857935+00:00
560,"during the initial setup, the ice maker on this freezer appliance performs the expected basic function; the experience has remained consistent.",neutral,refrigerator,neutral,refrigerator,test,2026-08-13T15:30:24Z,2026-08-13T15:59:54.857935+00:00
561,"during the initial setup, the ice maker on this freezer appliance is disappointing and causes repeated problems; the experience has remained consistent.",negative,refrigerator,negative,refrigerator,test,2026-08-13T15:30:24Z,2026-08-13T15:59:54.857935+00:00
562,"during the initial setup, the drain pump on this laundry machine is reliable and easy to use; the experience has remained consistent.",positive,washing_machine,positive,washing_machine,test,2026-08-13T15:30:24Z,2026-08-13T15:59:54.857935+00:00
563,"during the initial setup, the drain pump on this laundry machine performs the expected basic function; the experience has remained consistent.",neutral,washing_machine,neutral,washing_machine,test,2026-08-13T15:30:24Z,2026-08-13T15:59:54.857935+00:00
564,"during the initial setup, the drain pump on this laundry machine is disappointing and causes repeated problems; the experience has remained consistent.",negative,washing_machine,negative,washing_machine,test,2026-08-13T15:30:24Z,2026-08-13T15:59:54.857935+00:00
565,"during the initial setup, the mobile signal on this handset is reliable and easy to use; the experience has remained consistent.",positive,smartphone,positive,smartphone,test,2026-08-13T15:30:24Z,2026-08-13T15:59:54.857935+00:00
566,"during the initial setup, the mobile signal on this handset performs the expected basic function; the experience has remained consistent.",neutral,smartphone,neutral,smartphone,test,2026-08-13T15:30:24Z,2026-08-13T15:59:54.857935+00:00
567,"during the initial setup, the mobile signal on this handset is disappointing and causes repeated problems; the experience has remained consistent.",negative,smartphone,negative,smartphone,test,2026-08-13T15:30:24Z,2026-08-13T15:59:54.857935+00:00
568,"during the initial setup, the sound output on this display is reliable and easy to use; the experience has remained consistent.",positive,television,positive,television,test,2026-08-13T15:30:24Z,2026-08-13T15:59:54.857935+00:00
569,"during the initial setup, the sound output on this display performs the expected basic function; the experience has remained consistent.",neutral,television,neutral,television,test,2026-08-13T15:30:24Z,2026-08-13T15:59:54.857935+00:00
570,"during the initial setup, the sound output on this display is disappointing and causes repeated problems; the experience has remained consistent.",negative,television,negative,television,test,2026-08-13T15:30:24Z,2026-08-13T15:59:54.857935+00:00
571,"during the initial setup, the ice maker on this cooling unit is reliable and easy to use; the experience has remained consistent.",positive,refrigerator,positive,refrigerator,test,2026-08-13T15:30:24Z,2026-08-13T15:59:54.857935+00:00
572,"during the initial setup, the ice maker on this cooling unit performs the expected basic function; the experience has remained consistent.",neutral,refrigerator,neutral,refrigerator,test,2026-08-13T15:30:24Z,2026-08-13T15:59:54.857935+00:00
573,"during the initial setup, the ice maker on this cooling unit is disappointing and causes repeated problems; the experience has remained consistent.",negative,refrigerator,negative,refrigerator,test,2026-08-13T15:30:24Z,2026-08-13T15:59:54.857935+00:00
574,"during the initial setup, the drain pump on this laundry appliance is reliable and easy to use; the experience has remained consistent.",positive,washing_machine,positive,washing_machine,test,2026-08-13T15:30:24Z,2026-08-13T15:59:54.857935+00:00
575,"during the initial setup, the drain pump on this laundry appliance performs the expected basic function; the experience has remained consistent.",neutral,washing_machine,neutral,washing_machine,test,2026-08-13T15:30:24Z,2026-08-13T15:59:54.857935+00:00
576,"during the initial setup, the drain pump on this laundry appliance is disappointing and causes repeated problems; the experience has remained consistent.",negative,washing_machine,negative,washing_machine,test,2026-08-13T15:30:24Z,2026-08-13T15:59:54.857935+00:00
577,"during the initial setup, the charging port on this smartphone is reliable and easy to use; the experience has remained consistent.",positive,smartphone,positive,smartphone,test,2026-08-13T15:30:24Z,2026-08-13T15:59:54.857935+00:00
578,"during the initial setup, the charging port on this smartphone performs the expected basic function; the experience has remained consistent.",neutral,smartphone,neutral,smartphone,test,2026-08-13T15:30:24Z,2026-08-13T15:59:54.857935+00:00
579,"during the initial setup, the charging port on this smartphone is disappointing and causes repeated problems; the experience has remained consistent.",negative,smartphone,negative,smartphone,test,2026-08-13T15:30:24Z,2026-08-13T15:59:54.857935+00:00
580,"during the initial setup, the streaming menu on this television is reliable and easy to use; the experience has remained consistent.",positive,television,positive,television,test,2026-08-13T15:30:24Z,2026-08-13T15:59:54.857935+00:00
581,"during the initial setup, the streaming menu on this television performs the expected basic function; the experience has remained consistent.",neutral,television,neutral,television,test,2026-08-13T15:30:24Z,2026-08-13T15:59:54.857935+00:00
582,"during the initial setup, the streaming menu on this television is disappointing and causes repeated problems; the experience has remained consistent.",negative,television,negative,television,test,2026-08-13T15:30:24Z,2026-08-13T15:59:54.857935+00:00
583,"during the initial setup, the cooling fan on this refrigerator is reliable and easy to use; the experience has remained consistent.",positive,refrigerator,positive,refrigerator,test,2026-08-13T15:30:24Z,2026-08-13T15:59:54.857935+00:00
584,"during the initial setup, the cooling fan on this refrigerator performs the expected basic function; the experience has remained consistent.",neutral,refrigerator,neutral,refrigerator,test,2026-08-13T15:30:24Z,2026-08-13T15:59:54.857935+00:00
585,"during the initial setup, the cooling fan on this refrigerator is disappointing and causes repeated problems; the experience has remained consistent.",negative,refrigerator,negative,refrigerator,test,2026-08-13T15:30:24Z,2026-08-13T15:59:54.857935+00:00
586,"during the initial setup, the control panel on this washing machine is reliable and easy to use; the experience has remained consistent.",positive,washing_machine,positive,washing_machine,test,2026-08-13T15:30:24Z,2026-08-13T15:59:54.857935+00:00
587,"during the initial setup, the control panel on this washing machine performs the expected basic function; the experience has remained consistent.",neutral,washing_machine,neutral,washing_machine,test,2026-08-13T15:30:24Z,2026-08-13T15:59:54.857935+00:00
588,"during the initial setup, the control panel on this washing machine is disappointing and causes repeated problems; the experience has remained consistent.",negative,washing_machine,negative,washing_machine,test,2026-08-13T15:30:24Z,2026-08-13T15:59:54.857935+00:00
589,"during the initial setup, the charging port on this phone is reliable and easy to use; the experience has remained consistent.",positive,smartphone,positive,smartphone,test,2026-08-13T15:30:24Z,2026-08-13T15:59:54.857935+00:00
590,"during the initial setup, the charging port on this phone performs the expected basic function; the experience has remained consistent.",neutral,smartphone,neutral,smartphone,test,2026-08-13T15:30:24Z,2026-08-13T15:59:54.857935+00:00
591,"during the initial setup, the charging port on this phone is disappointing and causes repeated problems; the experience has remained consistent.",negative,smartphone,negative,smartphone,test,2026-08-13T15:30:24Z,2026-08-13T15:59:54.857935+00:00
592,"during the initial setup, the streaming menu on this tv is reliable and easy to use; the experience has remained consistent.",positive,television,positive,television,test,2026-08-13T15:30:24Z,2026-08-13T15:59:54.857935+00:00
593,"during the initial setup, the streaming menu on this tv performs the expected basic function; the experience has remained consistent.",neutral,television,neutral,television,test,2026-08-13T15:30:24Z,2026-08-13T15:59:54.857935+00:00
594,"during the initial setup, the streaming menu on this tv is disappointing and causes repeated problems; the experience has remained consistent.",negative,television,negative,television,test,2026-08-13T15:30:24Z,2026-08-13T15:59:54.857935+00:00
595,"during the initial setup, the cooling fan on this fridge is reliable and easy to use; the experience has remained consistent.",positive,refrigerator,positive,refrigerator,test,2026-08-13T15:30:24Z,2026-08-13T15:59:54.857935+00:00
596,"during the initial setup, the cooling fan on this fridge performs the expected basic function; the experience has remained consistent.",neutral,refrigerator,neutral,refrigerator,test,2026-08-13T15:30:24Z,2026-08-13T15:59:54.857935+00:00
597,"during the initial setup, the cooling fan on this fridge is disappointing and causes repeated problems; the experience has remained consistent.",negative,refrigerator,negative,refrigerator,test,2026-08-13T15:30:24Z,2026-08-13T15:59:54.857935+00:00
598,"during the initial setup, the control panel on this washer is reliable and easy to use; the experience has remained consistent.",positive,washing_machine,positive,washing_machine,test,2026-08-13T15:30:24Z,2026-08-13T15:59:54.857935+00:00
599,"during the initial setup, the control panel on this washer performs the expected basic function; the experience has remained consistent.",neutral,washing_machine,neutral,washing_machine,test,2026-08-13T15:30:24Z,2026-08-13T15:59:54.857935+00:00
600,"during the initial setup, the control panel on this washer is disappointing and causes repeated problems; the experience has remained consistent.",negative,washing_machine,negative,washing_machine,test,2026-08-13T15:30:24Z,2026-08-13T15:59:54.857935+00:00
601,"during the initial setup, the charging port on this mobile device is reliable and easy to use; the experience has remained consistent.",positive,smartphone,positive,smartphone,test,2026-08-13T15:30:24Z,2026-08-13T15:59:54.857935+00:00
602,"during the initial setup, the charging port on this mobile device performs the expected basic function; the experience has remained consistent.",neutral,smartphone,neutral,smartphone,test,2026-08-13T15:30:24Z,2026-08-13T15:59:54.857935+00:00
603,"during the initial setup, the charging port on this mobile device is disappointing and causes repeated problems; the experience has remained consistent.",negative,smartphone,negative,smartphone,test,2026-08-13T15:30:24Z,2026-08-13T15:59:54.857935+00:00
604,"during the initial setup, the streaming menu on this smart tv is reliable and easy to use; the experience has remained consistent.",positive,television,positive,television,test,2026-08-13T15:30:24Z,2026-08-13T15:59:54.857935+00:00
605,"during the initial setup, the streaming menu on this smart tv performs the expected basic function; the experience has remained consistent.",neutral,television,neutral,television,test,2026-08-13T15:30:24Z,2026-08-13T15:59:54.857935+00:00
606,"during the initial setup, the streaming menu on this smart tv is disappointing and causes repeated problems; the experience has remained consistent.",negative,television,negative,television,test,2026-08-13T15:30:24Z,2026-08-13T15:59:54.857935+00:00
607,"during the initial setup, the cooling fan on this freezer appliance is reliable and easy to use; the experience has remained consistent.",positive,refrigerator,positive,refrigerator,test,2026-08-13T15:30:24Z,2026-08-13T15:59:54.857935+00:00
608,"during the initial setup, the cooling fan on this freezer appliance performs the expected basic function; the experience has remained consistent.",neutral,refrigerator,neutral,refrigerator,test,2026-08-13T15:30:24Z,2026-08-13T15:59:54.857935+00:00
609,"during the initial setup, the cooling fan on this freezer appliance is disappointing and causes repeated problems; the experience has remained consistent.",negative,refrigerator,negative,refrigerator,test,2026-08-13T15:30:24Z,2026-08-13T15:59:54.857935+00:00
610,"during the initial setup, the control panel on this laundry machine is reliable and easy to use; the experience has remained consistent.",positive,washing_machine,positive,washing_machine,test,2026-08-13T15:30:24Z,2026-08-13T15:59:54.857935+00:00
611,"during the initial setup, the control panel on this laundry machine performs the expected basic function; the experience has remained consistent.",neutral,washing_machine,neutral,washing_machine,test,2026-08-13T15:30:24Z,2026-08-13T15:59:54.857935+00:00
612,"during the initial setup, the control panel on this laundry machine is disappointing and causes repeated problems; the experience has remained consistent.",negative,washing_machine,negative,washing_machine,test,2026-08-13T15:30:24Z,2026-08-13T15:59:54.857935+00:00
613,"during the initial setup, the charging port on this handset is reliable and easy to use; the experience has remained consistent.",positive,smartphone,positive,smartphone,test,2026-08-13T15:30:24Z,2026-08-13T15:59:54.857935+00:00
614,"during the initial setup, the charging port on this handset performs the expected basic function; the experience has remained consistent.",neutral,smartphone,neutral,smartphone,test,2026-08-13T15:30:24Z,2026-08-13T15:59:54.857935+00:00
615,"during the initial setup, the charging port on this handset is disappointing and causes repeated problems; the experience has remained consistent.",negative,smartphone,negative,smartphone,test,2026-08-13T15:30:24Z,2026-08-13T15:59:54.857935+00:00
616,"during the initial setup, the streaming menu on this display is reliable and easy to use; the experience has remained consistent.",positive,television,positive,television,test,2026-08-13T15:30:24Z,2026-08-13T15:59:54.857935+00:00
617,"during the initial setup, the streaming menu on this display performs the expected basic function; the experience has remained consistent.",neutral,television,neutral,television,test,2026-08-13T15:30:24Z,2026-08-13T15:59:54.857935+00:00
618,"during the initial setup, the streaming menu on this display is disappointing and causes repeated problems; the experience has remained consistent.",negative,television,negative,television,test,2026-08-13T15:30:24Z,2026-08-13T15:59:54.857935+00:00
619,"during the initial setup, the cooling fan on this cooling unit is reliable and easy to use; the experience has remained consistent.",positive,refrigerator,positive,refrigerator,test,2026-08-13T15:30:24Z,2026-08-13T15:59:54.857935+00:00
620,"during the initial setup, the cooling fan on this cooling unit performs the expected basic function; the experience has remained consistent.",neutral,refrigerator,neutral,refrigerator,test,2026-08-13T15:30:24Z,2026-08-13T15:59:54.857935+00:00
621,"during the initial setup, the cooling fan on this cooling unit is disappointing and causes repeated problems; the experience has remained consistent.",negative,refrigerator,negative,refrigerator,test,2026-08-13T15:30:24Z,2026-08-13T15:59:54.857935+00:00
622,"during the initial setup, the control panel on this laundry appliance is reliable and easy to use; the experience has remained consistent.",positive,washing_machine,positive,washing_machine,test,2026-08-13T15:30:24Z,2026-08-13T15:59:54.857935+00:00
623,"during the initial setup, the control panel on this laundry appliance performs the expected basic function; the experience has remained consistent.",neutral,washing_machine,neutral,washing_machine,test,2026-08-13T15:30:24Z,2026-08-13T15:59:54.857935+00:00
624,"during the initial setup, the control panel on this laundry appliance is disappointing and causes repeated problems; the experience has remained consistent.",negative,washing_machine,negative,washing_machine,test,2026-08-13T15:30:24Z,2026-08-13T15:59:54.857935+00:00
625,"during the initial setup, the speaker on this smartphone is reliable and easy to use; the experience has remained consistent.",positive,smartphone,positive,smartphone,test,2026-08-13T15:30:24Z,2026-08-13T15:59:54.857935+00:00
626,"during the initial setup, the speaker on this smartphone performs the expected basic function; the experience has remained consistent.",neutral,smartphone,neutral,smartphone,test,2026-08-13T15:30:24Z,2026-08-13T15:59:54.857935+00:00
627,"during the initial setup, the speaker on this smartphone is disappointing and causes repeated problems; the experience has remained consistent.",negative,smartphone,negative,smartphone,test,2026-08-13T15:30:24Z,2026-08-13T15:59:54.857935+00:00
628,"during the initial setup, the wifi connection on this television is reliable and easy to use; the experience has remained consistent.",positive,television,positive,television,test,2026-08-13T15:30:24Z,2026-08-13T15:59:54.857935+00:00
629,"during the initial setup, the wifi connection on this television performs the expected basic function; the experience has remained consistent.",neutral,television,neutral,television,test,2026-08-13T15:30:24Z,2026-08-13T15:59:54.857935+00:00
630,"during the initial setup, the wifi connection on this television is disappointing and causes repeated problems; the experience has remained consistent.",negative,television,negative,television,test,2026-08-13T15:30:24Z,2026-08-13T15:59:54.857935+00:00
631,"during the initial setup, the interior light on this refrigerator is reliable and easy to use; the experience has remained consistent.",positive,refrigerator,positive,refrigerator,test,2026-08-13T15:30:24Z,2026-08-13T15:59:54.857935+00:00
632,"during the initial setup, the interior light on this refrigerator performs the expected basic function; the experience has remained consistent.",neutral,refrigerator,neutral,refrigerator,test,2026-08-13T15:30:24Z,2026-08-13T15:59:54.857935+00:00
633,"during the initial setup, the interior light on this refrigerator is disappointing and causes repeated problems; the experience has remained consistent.",negative,refrigerator,negative,refrigerator,test,2026-08-13T15:30:24Z,2026-08-13T15:59:54.857935+00:00
634,"during the initial setup, the drum on this washing machine is reliable and easy to use; the experience has remained consistent.",positive,washing_machine,positive,washing_machine,test,2026-08-13T15:30:24Z,2026-08-13T15:59:54.857935+00:00
635,"during the initial setup, the drum on this washing machine performs the expected basic function; the experience has remained consistent.",neutral,washing_machine,neutral,washing_machine,test,2026-08-13T15:30:24Z,2026-08-13T15:59:54.857935+00:00
636,"during the initial setup, the drum on this washing machine is disappointing and causes repeated problems; the experience has remained consistent.",negative,washing_machine,negative,washing_machine,test,2026-08-13T15:30:24Z,2026-08-13T15:59:54.857935+00:00
637,"during the initial setup, the speaker on this phone is reliable and easy to use; the experience has remained consistent.",positive,smartphone,positive,smartphone,test,2026-08-13T15:30:24Z,2026-08-13T15:59:54.857935+00:00
638,"during the initial setup, the speaker on this phone performs the expected basic function; the experience has remained consistent.",neutral,smartphone,neutral,smartphone,test,2026-08-13T15:30:24Z,2026-08-13T15:59:54.857935+00:00
639,"during the initial setup, the speaker on this phone is disappointing and causes repeated problems; the experience has remained consistent.",negative,smartphone,negative,smartphone,test,2026-08-13T15:30:24Z,2026-08-13T15:59:54.857935+00:00
640,"during the initial setup, the wifi connection on this tv is reliable and easy to use; the experience has remained consistent.",positive,television,positive,television,test,2026-08-13T15:30:24Z,2026-08-13T15:59:54.857935+00:00
641,"during the initial setup, the wifi connection on this tv performs the expected basic function; the experience has remained consistent.",neutral,television,neutral,television,test,2026-08-13T15:30:24Z,2026-08-13T15:59:54.857935+00:00
642,"during the initial setup, the wifi connection on this tv is disappointing and causes repeated problems; the experience has remained consistent.",negative,television,negative,television,test,2026-08-13T15:30:24Z,2026-08-13T15:59:54.857935+00:00
643,"during the initial setup, the interior light on this fridge is reliable and easy to use; the experience has remained consistent.",positive,refrigerator,positive,refrigerator,test,2026-08-13T15:30:24Z,2026-08-13T15:59:54.857935+00:00
644,"during the initial setup, the interior light on this fridge performs the expected basic function; the experience has remained consistent.",neutral,refrigerator,neutral,refrigerator,test,2026-08-13T15:30:24Z,2026-08-13T15:59:54.857935+00:00
645,"during the initial setup, the interior light on this fridge is disappointing and causes repeated problems; the experience has remained consistent.",negative,refrigerator,negative,refrigerator,test,2026-08-13T15:30:24Z,2026-08-13T15:59:54.857935+00:00
646,"during the initial setup, the drum on this washer is reliable and easy to use; the experience has remained consistent.",positive,washing_machine,positive,washing_machine,test,2026-08-13T15:30:24Z,2026-08-13T15:59:54.857935+00:00
647,"during the initial setup, the drum on this washer performs the expected basic function; the experience has remained consistent.",neutral,washing_machine,neutral,washing_machine,test,2026-08-13T15:30:24Z,2026-08-13T15:59:54.857935+00:00
648,"during the initial setup, the drum on this washer is disappointing and causes repeated problems; the experience has remained consistent.",negative,washing_machine,negative,washing_machine,test,2026-08-13T15:30:24Z,2026-08-13T15:59:54.857935+00:00
649,"during the initial setup, the speaker on this mobile device is reliable and easy to use; the experience has remained consistent.",positive,smartphone,positive,smartphone,test,2026-08-13T15:30:24Z,2026-08-13T15:59:54.857935+00:00
650,"during the initial setup, the speaker on this mobile device performs the expected basic function; the experience has remained consistent.",neutral,smartphone,neutral,smartphone,test,2026-08-13T15:30:24Z,2026-08-13T15:59:54.857935+00:00
651,"during the initial setup, the speaker on this mobile device is disappointing and causes repeated problems; the experience has remained consistent.",negative,smartphone,negative,smartphone,test,2026-08-13T15:30:24Z,2026-08-13T15:59:54.857935+00:00
652,"during the initial setup, the wifi connection on this smart tv is reliable and easy to use; the experience has remained consistent.",positive,television,positive,television,test,2026-08-13T15:30:24Z,2026-08-13T15:59:54.857935+00:00
653,"during the initial setup, the wifi connection on this smart tv performs the expected basic function; the experience has remained consistent.",neutral,television,neutral,television,test,2026-08-13T15:30:24Z,2026-08-13T15:59:54.857935+00:00
654,"during the initial setup, the wifi connection on this smart tv is disappointing and causes repeated problems; the experience has remained consistent.",negative,television,negative,television,test,2026-08-13T15:30:24Z,2026-08-13T15:59:54.857935+00:00
655,"during the initial setup, the interior light on this freezer appliance is reliable and easy to use; the experience has remained consistent.",positive,refrigerator,positive,refrigerator,test,2026-08-13T15:30:24Z,2026-08-13T15:59:54.857935+00:00
656,"during the initial setup, the interior light on this freezer appliance performs the expected basic function; the experience has remained consistent.",neutral,refrigerator,neutral,refrigerator,test,2026-08-13T15:30:24Z,2026-08-13T15:59:54.857935+00:00
657,"during the initial setup, the interior light on this freezer appliance is disappointing and causes repeated problems; the experience has remained consistent.",negative,refrigerator,negative,refrigerator,test,2026-08-13T15:30:24Z,2026-08-13T15:59:54.857935+00:00
658,"during the initial setup, the drum on this laundry machine is reliable and easy to use; the experience has remained consistent.",positive,washing_machine,positive,washing_machine,test,2026-08-13T15:30:24Z,2026-08-13T15:59:54.857935+00:00
659,"during the initial setup, the drum on this laundry machine performs the expected basic function; the experience has remained consistent.",neutral,washing_machine,neutral,washing_machine,test,2026-08-13T15:30:24Z,2026-08-13T15:59:54.857935+00:00
660,"during the initial setup, the drum on this laundry machine is disappointing and causes repeated problems; the experience has remained consistent.",negative,washing_machine,negative,washing_machine,test,2026-08-13T15:30:24Z,2026-08-13T15:59:54.857935+00:00
661,"during the initial setup, the speaker on this handset is reliable and easy to use; the experience has remained consistent.",positive,smartphone,positive,smartphone,test,2026-08-13T15:30:24Z,2026-08-13T15:59:54.857935+00:00
662,"during the initial setup, the speaker on this handset performs the expected basic function; the experience has remained consistent.",neutral,smartphone,neutral,smartphone,test,2026-08-13T15:30:24Z,2026-08-13T15:59:54.857935+00:00
663,"during the initial setup, the speaker on this handset is disappointing and causes repeated problems; the experience has remained consistent.",negative,smartphone,negative,smartphone,test,2026-08-13T15:30:24Z,2026-08-13T15:59:54.857935+00:00
664,"during the initial setup, the wifi connection on this display is reliable and easy to use; the experience has remained consistent.",positive,television,positive,television,test,2026-08-13T15:30:24Z,2026-08-13T15:59:54.857935+00:00
665,"during the initial setup, the wifi connection on this display performs the expected basic function; the experience has remained consistent.",neutral,television,neutral,television,test,2026-08-13T15:30:24Z,2026-08-13T15:59:54.857935+00:00
666,"during the initial setup, the wifi connection on this display is disappointing and causes repeated problems; the experience has remained consistent.",negative,television,negative,television,test,2026-08-13T15:30:24Z,2026-08-13T15:59:54.857935+00:00
667,"during the initial setup, the interior light on this cooling unit is reliable and easy to use; the experience has remained consistent.",positive,refrigerator,positive,refrigerator,test,2026-08-13T15:30:24Z,2026-08-13T15:59:54.857935+00:00
668,"during the initial setup, the interior light on this cooling unit performs the expected basic function; the experience has remained consistent.",neutral,refrigerator,neutral,refrigerator,test,2026-08-13T15:30:24Z,2026-08-13T15:59:54.857935+00:00
669,"during the initial setup, the interior light on this cooling unit is disappointing and causes repeated problems; the experience has remained consistent.",negative,refrigerator,negative,refrigerator,test,2026-08-13T15:30:24Z,2026-08-13T15:59:54.857935+00:00
670,"during the initial setup, the drum on this laundry appliance is reliable and easy to use; the experience has remained consistent.",positive,washing_machine,positive,washing_machine,test,2026-08-13T15:30:24Z,2026-08-13T15:59:54.857935+00:00
671,"during the initial setup, the drum on this laundry appliance performs the expected basic function; the experience has remained consistent.",neutral,washing_machine,neutral,washing_machine,test,2026-08-13T15:30:24Z,2026-08-13T15:59:54.857935+00:00
672,"during the initial setup, the drum on this laundry appliance is disappointing and causes repeated problems; the experience has remained consistent.",negative,washing_machine,negative,washing_machine,test,2026-08-13T15:30:24Z,2026-08-13T15:59:54.857935+00:00
673,"during the initial setup, the app storage on this smartphone is reliable and easy to use; the experience has remained consistent.",positive,smartphone,positive,smartphone,test,2026-08-13T15:30:24Z,2026-08-13T15:59:54.857935+00:00
674,"during the initial setup, the app storage on this smartphone performs the expected basic function; the experience has remained consistent.",neutral,smartphone,neutral,smartphone,test,2026-08-13T15:30:24Z,2026-08-13T15:59:54.857935+00:00
675,"during the initial setup, the app storage on this smartphone is disappointing and causes repeated problems; the experience has remained consistent.",negative,smartphone,negative,smartphone,test,2026-08-13T15:30:24Z,2026-08-13T15:59:54.857935+00:00
676,"during the initial setup, the picture panel on this television is reliable and easy to use; the experience has remained consistent.",positive,television,positive,television,test,2026-08-13T15:30:24Z,2026-08-13T15:59:54.857935+00:00
677,"during the initial setup, the picture panel on this television performs the expected basic function; the experience has remained consistent.",neutral,television,neutral,television,test,2026-08-13T15:30:24Z,2026-08-13T15:59:54.857935+00:00
678,"during the initial setup, the picture panel on this television is disappointing and causes repeated problems; the experience has remained consistent.",negative,television,negative,television,test,2026-08-13T15:30:24Z,2026-08-13T15:59:54.857935+00:00
679,"during the initial setup, the water dispenser on this refrigerator is reliable and easy to use; the experience has remained consistent.",positive,refrigerator,positive,refrigerator,test,2026-08-13T15:30:24Z,2026-08-13T15:59:54.857935+00:00
680,"during the initial setup, the water dispenser on this refrigerator performs the expected basic function; the experience has remained consistent.",neutral,refrigerator,neutral,refrigerator,test,2026-08-13T15:30:24Z,2026-08-13T15:59:54.857935+00:00
681,"during the initial setup, the water dispenser on this refrigerator is disappointing and causes repeated problems; the experience has remained consistent.",negative,refrigerator,negative,refrigerator,test,2026-08-13T15:30:24Z,2026-08-13T15:59:54.857935+00:00
682,"during the initial setup, the door lock on this washing machine is reliable and easy to use; the experience has remained consistent.",positive,washing_machine,positive,washing_machine,test,2026-08-13T15:30:24Z,2026-08-13T15:59:54.857935+00:00
683,"during the initial setup, the door lock on this washing machine performs the expected basic function; the experience has remained consistent.",neutral,washing_machine,neutral,washing_machine,test,2026-08-13T15:30:24Z,2026-08-13T15:59:54.857935+00:00
684,"during the initial setup, the door lock on this washing machine is disappointing and causes repeated problems; the experience has remained consistent.",negative,washing_machine,negative,washing_machine,test,2026-08-13T15:30:24Z,2026-08-13T15:59:54.857935+00:00
685,"during the initial setup, the app storage on this phone is reliable and easy to use; the experience has remained consistent.",positive,smartphone,positive,smartphone,test,2026-08-13T15:30:24Z,2026-08-13T15:59:54.857935+00:00
686,"during the initial setup, the app storage on this phone performs the expected basic function; the experience has remained consistent.",neutral,smartphone,neutral,smartphone,test,2026-08-13T15:30:24Z,2026-08-13T15:59:54.857935+00:00
687,"during the initial setup, the app storage on this phone is disappointing and causes repeated problems; the experience has remained consistent.",negative,smartphone,negative,smartphone,test,2026-08-13T15:30:24Z,2026-08-13T15:59:54.857935+00:00
688,"during the initial setup, the picture panel on this tv is reliable and easy to use; the experience has remained consistent.",positive,television,positive,television,test,2026-08-13T15:30:24Z,2026-08-13T15:59:54.857935+00:00
689,"during the initial setup, the picture panel on this tv performs the expected basic function; the experience has remained consistent.",neutral,television,neutral,television,test,2026-08-13T15:30:24Z,2026-08-13T15:59:54.857935+00:00
690,"during the initial setup, the picture panel on this tv is disappointing and causes repeated problems; the experience has remained consistent.",negative,television,negative,television,test,2026-08-13T15:30:24Z,2026-08-13T15:59:54.857935+00:00
691,"during the initial setup, the water dispenser on this fridge is reliable and easy to use; the experience has remained consistent.",positive,refrigerator,positive,refrigerator,test,2026-08-13T15:30:24Z,2026-08-13T15:59:54.857935+00:00
692,"during the initial setup, the water dispenser on this fridge performs the expected basic function; the experience has remained consistent.",neutral,refrigerator,neutral,refrigerator,test,2026-08-13T15:30:24Z,2026-08-13T15:59:54.857935+00:00
693,"during the initial setup, the water dispenser on this fridge is disappointing and causes repeated problems; the experience has remained consistent.",negative,refrigerator,negative,refrigerator,test,2026-08-13T15:30:24Z,2026-08-13T15:59:54.857935+00:00
694,"during the initial setup, the door lock on this washer is reliable and easy to use; the experience has remained consistent.",positive,washing_machine,positive,washing_machine,test,2026-08-13T15:30:24Z,2026-08-13T15:59:54.857935+00:00
695,"during the initial setup, the door lock on this washer performs the expected basic function; the experience has remained consistent.",neutral,washing_machine,neutral,washing_machine,test,2026-08-13T15:30:24Z,2026-08-13T15:59:54.857935+00:00
696,"during the initial setup, the door lock on this washer is disappointing and causes repeated problems; the experience has remained consistent.",negative,washing_machine,negative,washing_machine,test,2026-08-13T15:30:24Z,2026-08-13T15:59:54.857935+00:00
697,"during the initial setup, the app storage on this mobile device is reliable and easy to use; the experience has remained consistent.",positive,smartphone,positive,smartphone,test,2026-08-13T15:30:24Z,2026-08-13T15:59:54.857935+00:00
698,"during the initial setup, the app storage on this mobile device performs the expected basic function; the experience has remained consistent.",neutral,smartphone,neutral,smartphone,test,2026-08-13T15:30:24Z,2026-08-13T15:59:54.857935+00:00
699,"during the initial setup, the app storage on this mobile device is disappointing and causes repeated problems; the experience has remained consistent.",negative,smartphone,negative,smartphone,test,2026-08-13T15:30:24Z,2026-08-13T15:59:54.857935+00:00
700,"during the initial setup, the picture panel on this smart tv is reliable and easy to use; the experience has remained consistent.",positive,television,positive,television,test,2026-08-13T15:30:24Z,2026-08-13T15:59:54.857935+00:00
701,"during the initial setup, the picture panel on this smart tv performs the expected basic function; the experience has remained consistent.",neutral,television,neutral,television,test,2026-08-13T15:30:24Z,2026-08-13T15:59:54.857935+00:00
702,"during the initial setup, the picture panel on this smart tv is disappointing and causes repeated problems; the experience has remained consistent.",negative,television,negative,television,test,2026-08-13T15:30:24Z,2026-08-13T15:59:54.857935+00:00
703,"during the initial setup, the water dispenser on this freezer appliance is reliable and easy to use; the experience has remained consistent.",positive,refrigerator,positive,refrigerator,test,2026-08-13T15:30:24Z,2026-08-13T15:59:54.857935+00:00
704,"during the initial setup, the water dispenser on this freezer appliance performs the expected basic function; the experience has remained consistent.",neutral,refrigerator,neutral,refrigerator,test,2026-08-13T15:30:24Z,2026-08-13T15:59:54.857935+00:00
705,"during the initial setup, the water dispenser on this freezer appliance is disappointing and causes repeated problems; the experience has remained consistent.",negative,refrigerator,negative,refrigerator,test,2026-08-13T15:30:24Z,2026-08-13T15:59:54.857935+00:00
706,"during the initial setup, the door lock on this laundry machine is reliable and easy to use; the experience has remained consistent.",positive,washing_machine,positive,washing_machine,test,2026-08-13T15:30:24Z,2026-08-13T15:59:54.857935+00:00
707,"during the initial setup, the door lock on this laundry machine performs the expected basic function; the experience has remained consistent.",neutral,washing_machine,neutral,washing_machine,test,2026-08-13T15:30:24Z,2026-08-13T15:59:54.857935+00:00
708,"during the initial setup, the door lock on this laundry machine is disappointing and causes repeated problems; the experience has remained consistent.",negative,washing_machine,negative,washing_machine,test,2026-08-13T15:30:24Z,2026-08-13T15:59:54.857935+00:00
709,"during the initial setup, the app storage on this handset is reliable and easy to use; the experience has remained consistent.",positive,smartphone,positive,smartphone,test,2026-08-13T15:30:24Z,2026-08-13T15:59:54.857935+00:00
710,"during the initial setup, the app storage on this handset performs the expected basic function; the experience has remained consistent.",neutral,smartphone,neutral,smartphone,test,2026-08-13T15:30:24Z,2026-08-13T15:59:54.857935+00:00
711,"during the initial setup, the app storage on this handset is disappointing and causes repeated problems; the experience has remained consistent.",negative,smartphone,negative,smartphone,test,2026-08-13T15:30:24Z,2026-08-13T15:59:54.857935+00:00
712,"during the initial setup, the picture panel on this display is reliable and easy to use; the experience has remained consistent.",positive,television,positive,television,test,2026-08-13T15:30:24Z,2026-08-13T15:59:54.857935+00:00
713,"during the initial setup, the picture panel on this display performs the expected basic function; the experience has remained consistent.",neutral,television,neutral,television,test,2026-08-13T15:30:24Z,2026-08-13T15:59:54.857935+00:00
714,"during the initial setup, the picture panel on this display is disappointing and causes repeated problems; the experience has remained consistent.",negative,television,negative,television,test,2026-08-13T15:30:24Z,2026-08-13T15:59:54.857935+00:00
715,"during the initial setup, the water dispenser on this cooling unit is reliable and easy to use; the experience has remained consistent.",positive,refrigerator,positive,refrigerator,test,2026-08-13T15:30:24Z,2026-08-13T15:59:54.857935+00:00
716,"during the initial setup, the water dispenser on this cooling unit performs the expected basic function; the experience has remained consistent.",neutral,refrigerator,neutral,refrigerator,test,2026-08-13T15:30:24Z,2026-08-13T15:59:54.857935+00:00
717,"during the initial setup, the water dispenser on this cooling unit is disappointing and causes repeated problems; the experience has remained consistent.",negative,refrigerator,negative,refrigerator,test,2026-08-13T15:30:24Z,2026-08-13T15:59:54.857935+00:00
718,"during the initial setup, the door lock on this laundry appliance is reliable and easy to use; the experience has remained consistent.",positive,washing_machine,positive,washing_machine,test,2026-08-13T15:30:24Z,2026-08-13T15:59:54.857935+00:00
719,"during the initial setup, the door lock on this laundry appliance performs the expected basic function; the experience has remained consistent.",neutral,washing_machine,neutral,washing_machine,test,2026-08-13T15:30:24Z,2026-08-13T15:59:54.857935+00:00
720,"during the initial setup, the door lock on this laundry appliance is disappointing and causes repeated problems; the experience has remained consistent.",negative,washing_machine,negative,washing_machine,test,2026-08-13T15:30:24Z,2026-08-13T15:59:54.857935+00:00
721,"during the initial setup, the fingerprint reader on this smartphone is reliable and easy to use; the experience has remained consistent.",positive,smartphone,positive,smartphone,test,2026-08-13T15:30:24Z,2026-08-13T15:59:54.857935+00:00
722,"during the initial setup, the fingerprint reader on this smartphone performs the expected basic function; the experience has remained consistent.",neutral,smartphone,neutral,smartphone,test,2026-08-13T15:30:24Z,2026-08-13T15:59:54.857935+00:00
723,"during the initial setup, the fingerprint reader on this smartphone is disappointing and causes repeated problems; the experience has remained consistent.",negative,smartphone,negative,smartphone,test,2026-08-13T15:30:24Z,2026-08-13T15:59:54.857935+00:00
724,"during the initial setup, the channel tuner on this television is reliable and easy to use; the experience has remained consistent.",positive,television,positive,television,test,2026-08-13T15:30:24Z,2026-08-13T15:59:54.857935+00:00
725,"during the initial setup, the channel tuner on this television performs the expected basic function; the experience has remained consistent.",neutral,television,neutral,television,test,2026-08-13T15:30:24Z,2026-08-13T15:59:54.857935+00:00
726,"during the initial setup, the channel tuner on this television is disappointing and causes repeated problems; the experience has remained consistent.",negative,television,negative,television,test,2026-08-13T15:30:24Z,2026-08-13T15:59:54.857935+00:00
727,"during the initial setup, the storage drawer on this refrigerator is reliable and easy to use; the experience has remained consistent.",positive,refrigerator,positive,refrigerator,test,2026-08-13T15:30:24Z,2026-08-13T15:59:54.857935+00:00
728,"during the initial setup, the storage drawer on this refrigerator performs the expected basic function; the experience has remained consistent.",neutral,refrigerator,neutral,refrigerator,test,2026-08-13T15:30:24Z,2026-08-13T15:59:54.857935+00:00
729,"during the initial setup, the storage drawer on this refrigerator is disappointing and causes repeated problems; the experience has remained consistent.",negative,refrigerator,negative,refrigerator,test,2026-08-13T15:30:24Z,2026-08-13T15:59:54.857935+00:00
730,"during the initial setup, the rinse program on this washing machine is reliable and easy to use; the experience has remained consistent.",positive,washing_machine,positive,washing_machine,test,2026-08-13T15:30:24Z,2026-08-13T15:59:54.857935+00:00
731,"during the initial setup, the rinse program on this washing machine performs the expected basic function; the experience has remained consistent.",neutral,washing_machine,neutral,washing_machine,test,2026-08-13T15:30:24Z,2026-08-13T15:59:54.857935+00:00
732,"during the initial setup, the rinse program on this washing machine is disappointing and causes repeated problems; the experience has remained consistent.",negative,washing_machine,negative,washing_machine,test,2026-08-13T15:30:24Z,2026-08-13T15:59:54.857935+00:00
733,"during the initial setup, the fingerprint reader on this phone is reliable and easy to use; the experience has remained consistent.",positive,smartphone,positive,smartphone,test,2026-08-13T15:30:24Z,2026-08-13T15:59:54.857935+00:00
734,"during the initial setup, the fingerprint reader on this phone performs the expected basic function; the experience has remained consistent.",neutral,smartphone,neutral,smartphone,test,2026-08-13T15:30:24Z,2026-08-13T15:59:54.857935+00:00
735,"during the initial setup, the fingerprint reader on this phone is disappointing and causes repeated problems; the experience has remained consistent.",negative,smartphone,negative,smartphone,test,2026-08-13T15:30:24Z,2026-08-13T15:59:54.857935+00:00
736,"during the initial setup, the channel tuner on this tv is reliable and easy to use; the experience has remained consistent.",positive,television,positive,television,test,2026-08-13T15:30:24Z,2026-08-13T15:59:54.857935+00:00
737,"during the initial setup, the channel tuner on this tv performs the expected basic function; the experience has remained consistent.",neutral,television,neutral,television,test,2026-08-13T15:30:24Z,2026-08-13T15:59:54.857935+00:00
738,"during the initial setup, the channel tuner on this tv is disappointing and causes repeated problems; the experience has remained consistent.",negative,television,negative,television,test,2026-08-13T15:30:24Z,2026-08-13T15:59:54.857935+00:00
739,"during the initial setup, the storage drawer on this fridge is reliable and easy to use; the experience has remained consistent.",positive,refrigerator,positive,refrigerator,test,2026-08-13T15:30:24Z,2026-08-13T15:59:54.857935+00:00
740,"during the initial setup, the storage drawer on this fridge performs the expected basic function; the experience has remained consistent.",neutral,refrigerator,neutral,refrigerator,test,2026-08-13T15:30:24Z,2026-08-13T15:59:54.857935+00:00
741,"during the initial setup, the storage drawer on this fridge is disappointing and causes repeated problems; the experience has remained consistent.",negative,refrigerator,negative,refrigerator,test,2026-08-13T15:30:24Z,2026-08-13T15:59:54.857935+00:00
742,"during the initial setup, the rinse program on this washer is reliable and easy to use; the experience has remained consistent.",positive,washing_machine,positive,washing_machine,test,2026-08-13T15:30:24Z,2026-08-13T15:59:54.857935+00:00
743,"during the initial setup, the rinse program on this washer performs the expected basic function; the experience has remained consistent.",neutral,washing_machine,neutral,washing_machine,test,2026-08-13T15:30:24Z,2026-08-13T15:59:54.857935+00:00
744,"during the initial setup, the rinse program on this washer is disappointing and causes repeated problems; the experience has remained consistent.",negative,washing_machine,negative,washing_machine,test,2026-08-13T15:30:24Z,2026-08-13T15:59:54.857935+00:00
745,"during the initial setup, the fingerprint reader on this mobile device is reliable and easy to use; the experience has remained consistent.",positive,smartphone,positive,smartphone,test,2026-08-13T15:30:24Z,2026-08-13T15:59:54.857935+00:00
746,"during the initial setup, the fingerprint reader on this mobile device performs the expected basic function; the experience has remained consistent.",neutral,smartphone,neutral,smartphone,test,2026-08-13T15:30:24Z,2026-08-13T15:59:54.857935+00:00
747,"during the initial setup, the fingerprint reader on this mobile device is disappointing and causes repeated problems; the experience has remained consistent.",negative,smartphone,negative,smartphone,test,2026-08-13T15:30:24Z,2026-08-13T15:59:54.857935+00:00
748,"during the initial setup, the channel tuner on this smart tv is reliable and easy to use; the experience has remained consistent.",positive,television,positive,television,test,2026-08-13T15:30:24Z,2026-08-13T15:59:54.857935+00:00
749,"during the initial setup, the channel tuner on this smart tv performs the expected basic function; the experience has remained consistent.",neutral,television,neutral,television,test,2026-08-13T15:30:24Z,2026-08-13T15:59:54.857935+00:00
750,"during the initial setup, the channel tuner on this smart tv is disappointing and causes repeated problems; the experience has remained consistent.",negative,television,negative,television,test,2026-08-13T15:30:24Z,2026-08-13T15:59:54.857935+00:00
751,"during the initial setup, the storage drawer on this freezer appliance is reliable and easy to use; the experience has remained consistent.",positive,refrigerator,positive,refrigerator,test,2026-08-13T15:30:24Z,2026-08-13T15:59:54.857935+00:00
752,"during the initial setup, the storage drawer on this freezer appliance performs the expected basic function; the experience has remained consistent.",neutral,refrigerator,neutral,refrigerator,test,2026-08-13T15:30:24Z,2026-08-13T15:59:54.857935+00:00
753,"during the initial setup, the storage drawer on this freezer appliance is disappointing and causes repeated problems; the experience has remained consistent.",negative,refrigerator,negative,refrigerator,test,2026-08-13T15:30:24Z,2026-08-13T15:59:54.857935+00:00
754,"during the initial setup, the rinse program on this laundry machine is reliable and easy to use; the experience has remained consistent.",positive,washing_machine,positive,washing_machine,test,2026-08-13T15:30:24Z,2026-08-13T15:59:54.857935+00:00
755,"during the initial setup, the rinse program on this laundry machine performs the expected basic function; the experience has remained consistent.",neutral,washing_machine,neutral,washing_machine,test,2026-08-13T15:30:24Z,2026-08-13T15:59:54.857935+00:00
756,"during the initial setup, the rinse program on this laundry machine is disappointing and causes repeated problems; the experience has remained consistent.",negative,washing_machine,negative,washing_machine,test,2026-08-13T15:30:24Z,2026-08-13T15:59:54.857935+00:00
757,"during the initial setup, the fingerprint reader on this handset is reliable and easy to use; the experience has remained consistent.",positive,smartphone,positive,smartphone,test,2026-08-13T15:30:24Z,2026-08-13T15:59:54.857935+00:00
758,"during the initial setup, the fingerprint reader on this handset performs the expected basic function; the experience has remained consistent.",neutral,smartphone,neutral,smartphone,test,2026-08-13T15:30:24Z,2026-08-13T15:59:54.857935+00:00
759,"during the initial setup, the fingerprint reader on this handset is disappointing and causes repeated problems; the experience has remained consistent.",negative,smartphone,negative,smartphone,test,2026-08-13T15:30:24Z,2026-08-13T15:59:54.857935+00:00
760,"during the initial setup, the channel tuner on this display is reliable and easy to use; the experience has remained consistent.",positive,television,positive,television,test,2026-08-13T15:30:24Z,2026-08-13T15:59:54.857935+00:00
761,"during the initial setup, the channel tuner on this display performs the expected basic function; the experience has remained consistent.",neutral,television,neutral,television,test,2026-08-13T15:30:24Z,2026-08-13T15:59:54.857935+00:00
762,"during the initial setup, the channel tuner on this display is disappointing and causes repeated problems; the experience has remained consistent.",negative,television,negative,television,test,2026-08-13T15:30:24Z,2026-08-13T15:59:54.857935+00:00
763,"during the initial setup, the storage drawer on this cooling unit is reliable and easy to use; the experience has remained consistent.",positive,refrigerator,positive,refrigerator,test,2026-08-13T15:30:24Z,2026-08-13T15:59:54.857935+00:00
764,"during the initial setup, the storage drawer on this cooling unit performs the expected basic function; the experience has remained consistent.",neutral,refrigerator,neutral,refrigerator,test,2026-08-13T15:30:24Z,2026-08-13T15:59:54.857935+00:00
765,"during the initial setup, the storage drawer on this cooling unit is disappointing and causes repeated problems; the experience has remained consistent.",negative,refrigerator,negative,refrigerator,test,2026-08-13T15:30:24Z,2026-08-13T15:59:54.857935+00:00
766,"during the initial setup, the rinse program on this laundry appliance is reliable and easy to use; the experience has remained consistent.",positive,washing_machine,positive,washing_machine,test,2026-08-13T15:30:24Z,2026-08-13T15:59:54.857935+00:00
767,"during the initial setup, the rinse program on this laundry appliance performs the expected basic function; the experience has remained consistent.",neutral,washing_machine,neutral,washing_machine,test,2026-08-13T15:30:24Z,2026-08-13T15:59:54.857935+00:00
768,"during the initial setup, the rinse program on this laundry appliance is disappointing and causes repeated problems; the experience has remained consistent.",negative,washing_machine,negative,washing_machine,test,2026-08-13T15:30:24Z,2026-08-13T15:59:54.857935+00:00
769,"during the initial setup, the battery on this smartphone performs better than expected; the experience has remained consistent.",positive,smartphone,neutral,smartphone,test,2026-08-13T15:30:24Z,2026-08-13T15:59:54.857935+00:00
770,"during the initial setup, the battery on this smartphone arrived in ordinary packaging; the experience has remained consistent.",neutral,smartphone,negative,smartphone,test,2026-08-13T15:30:24Z,2026-08-13T15:59:54.857935+00:00
771,"during the initial setup, the battery on this smartphone stopped working and needs support; the experience has remained consistent.",negative,smartphone,negative,smartphone,test,2026-08-13T15:30:24Z,2026-08-13T15:59:54.857935+00:00
772,"during the initial setup, the screen on this television performs better than expected; the experience has remained consistent.",positive,television,neutral,television,test,2026-08-13T15:30:24Z,2026-08-13T15:59:54.857935+00:00
773,"during the initial setup, the screen on this television arrived in ordinary packaging; the experience has remained consistent.",neutral,television,negative,television,test,2026-08-13T15:30:24Z,2026-08-13T15:59:54.857935+00:00
774,"during the initial setup, the screen on this television stopped working and needs support; the experience has remained consistent.",negative,television,negative,television,test,2026-08-13T15:30:24Z,2026-08-13T15:59:54.857935+00:00
775,"during the initial setup, the temperature control on this refrigerator performs better than expected; the experience has remained consistent.",positive,refrigerator,neutral,refrigerator,test,2026-08-13T15:30:24Z,2026-08-13T15:59:54.857935+00:00
776,"during the initial setup, the temperature control on this refrigerator arrived in ordinary packaging; the experience has remained consistent.",neutral,refrigerator,negative,refrigerator,test,2026-08-13T15:30:24Z,2026-08-13T15:59:54.857935+00:00
777,"during the initial setup, the temperature control on this refrigerator stopped working and needs support; the experience has remained consistent.",negative,refrigerator,negative,refrigerator,test,2026-08-13T15:30:24Z,2026-08-13T15:59:54.857935+00:00
778,"during the initial setup, the spin cycle on this washing machine performs better than expected; the experience has remained consistent.",positive,washing_machine,neutral,washing_machine,test,2026-08-13T15:30:24Z,2026-08-13T15:59:54.857935+00:00
779,"during the initial setup, the spin cycle on this washing machine arrived in ordinary packaging; the experience has remained consistent.",neutral,washing_machine,negative,washing_machine,test,2026-08-13T15:30:24Z,2026-08-13T15:59:54.857935+00:00
780,"during the initial setup, the spin cycle on this washing machine stopped working and needs support; the experience has remained consistent.",negative,washing_machine,negative,washing_machine,test,2026-08-13T15:30:24Z,2026-08-13T15:59:54.857935+00:00
781,"during the initial setup, the battery on this phone performs better than expected; the experience has remained consistent.",positive,smartphone,neutral,smartphone,test,2026-08-13T15:30:24Z,2026-08-13T15:59:54.857935+00:00
782,"during the initial setup, the battery on this phone arrived in ordinary packaging; the experience has remained consistent.",neutral,smartphone,negative,smartphone,test,2026-08-13T15:30:24Z,2026-08-13T15:59:54.857935+00:00
783,"during the initial setup, the battery on this phone stopped working and needs support; the experience has remained consistent.",negative,smartphone,negative,smartphone,test,2026-08-13T15:30:24Z,2026-08-13T15:59:54.857935+00:00
784,"during the initial setup, the screen on this tv performs better than expected; the experience has remained consistent.",positive,television,neutral,television,test,2026-08-13T15:30:24Z,2026-08-13T15:59:54.857935+00:00
785,"during the initial setup, the screen on this tv arrived in ordinary packaging; the experience has remained consistent.",neutral,television,negative,television,test,2026-08-13T15:30:24Z,2026-08-13T15:59:54.857935+00:00
786,"during the initial setup, the screen on this tv stopped working and needs support; the experience has remained consistent.",negative,television,negative,television,test,2026-08-13T15:30:24Z,2026-08-13T15:59:54.857935+00:00
787,"during the initial setup, the temperature control on this fridge performs better than expected; the experience has remained consistent.",positive,refrigerator,neutral,refrigerator,test,2026-08-13T15:30:24Z,2026-08-13T15:59:54.857935+00:00
788,"during the initial setup, the temperature control on this fridge arrived in ordinary packaging; the experience has remained consistent.",neutral,refrigerator,negative,refrigerator,test,2026-08-13T15:30:24Z,2026-08-13T15:59:54.857935+00:00
789,"during the initial setup, the temperature control on this fridge stopped working and needs support; the experience has remained consistent.",negative,refrigerator,negative,refrigerator,test,2026-08-13T15:30:24Z,2026-08-13T15:59:54.857935+00:00
790,"during the initial setup, the spin cycle on this washer performs better than expected; the experience has remained consistent.",positive,washing_machine,neutral,washing_machine,test,2026-08-13T15:30:24Z,2026-08-13T15:59:54.857935+00:00
791,"during the initial setup, the spin cycle on this washer arrived in ordinary packaging; the experience has remained consistent.",neutral,washing_machine,negative,washing_machine,test,2026-08-13T15:30:24Z,2026-08-13T15:59:54.857935+00:00
792,"during the initial setup, the spin cycle on this washer stopped working and needs support; the experience has remained consistent.",negative,washing_machine,negative,washing_machine,test,2026-08-13T15:30:24Z,2026-08-13T15:59:54.857935+00:00
793,"during the initial setup, the battery on this mobile device performs better than expected; the experience has remained consistent.",positive,smartphone,neutral,smartphone,test,2026-08-13T15:30:24Z,2026-08-13T15:59:54.857935+00:00
794,"during the initial setup, the battery on this mobile device arrived in ordinary packaging; the experience has remained consistent.",neutral,smartphone,negative,smartphone,test,2026-08-13T15:30:24Z,2026-08-13T15:59:54.857935+00:00
795,"during the initial setup, the battery on this mobile device stopped working and needs support; the experience has remained consistent.",negative,smartphone,negative,smartphone,test,2026-08-13T15:30:24Z,2026-08-13T15:59:54.857935+00:00
796,"during the initial setup, the screen on this smart tv performs better than expected; the experience has remained consistent.",positive,television,neutral,television,test,2026-08-13T15:30:24Z,2026-08-13T15:59:54.857935+00:00
797,"during the initial setup, the screen on this smart tv arrived in ordinary packaging; the experience has remained consistent.",neutral,television,negative,television,test,2026-08-13T15:30:24Z,2026-08-13T15:59:54.857935+00:00
798,"during the initial setup, the screen on this smart tv stopped working and needs support; the experience has remained consistent.",negative,television,negative,television,test,2026-08-13T15:30:24Z,2026-08-13T15:59:54.857935+00:00
799,"during the initial setup, the temperature control on this freezer appliance performs better than expected; the experience has remained consistent.",positive,refrigerator,neutral,refrigerator,test,2026-08-13T15:30:24Z,2026-08-13T15:59:54.857935+00:00
800,"during the initial setup, the temperature control on this freezer appliance arrived in ordinary packaging; the experience has remained consistent.",neutral,refrigerator,negative,refrigerator,test,2026-08-13T15:30:24Z,2026-08-13T15:59:54.857935+00:00
801,"during the initial setup, the temperature control on this freezer appliance stopped working and needs support; the experience has remained consistent.",negative,refrigerator,negative,refrigerator,test,2026-08-13T15:30:24Z,2026-08-13T15:59:54.857935+00:00
802,"during the initial setup, the spin cycle on this laundry machine performs better than expected; the experience has remained consistent.",positive,washing_machine,neutral,washing_machine,test,2026-08-13T15:30:24Z,2026-08-13T15:59:54.857935+00:00
803,"during the initial setup, the spin cycle on this laundry machine arrived in ordinary packaging; the experience has remained consistent.",neutral,washing_machine,negative,washing_machine,test,2026-08-13T15:30:24Z,2026-08-13T15:59:54.857935+00:00
804,"during the initial setup, the spin cycle on this laundry machine stopped working and needs support; the experience has remained consistent.",negative,washing_machine,negative,washing_machine,test,2026-08-13T15:30:24Z,2026-08-13T15:59:54.857935+00:00
805,"during the initial setup, the battery on this handset performs better than expected; the experience has remained consistent.",positive,smartphone,neutral,smartphone,test,2026-08-13T15:30:24Z,2026-08-13T15:59:54.857935+00:00
806,"during the initial setup, the battery on this handset arrived in ordinary packaging; the experience has remained consistent.",neutral,smartphone,negative,smartphone,test,2026-08-13T15:30:24Z,2026-08-13T15:59:54.857935+00:00
807,"during the initial setup, the battery on this handset stopped working and needs support; the experience has remained consistent.",negative,smartphone,negative,smartphone,test,2026-08-13T15:30:24Z,2026-08-13T15:59:54.857935+00:00
808,"during the initial setup, the screen on this display performs better than expected; the experience has remained consistent.",positive,television,neutral,television,test,2026-08-13T15:30:24Z,2026-08-13T15:59:54.857935+00:00
809,"during the initial setup, the screen on this display arrived in ordinary packaging; the experience has remained consistent.",neutral,television,negative,television,test,2026-08-13T15:30:24Z,2026-08-13T15:59:54.857935+00:00
810,"during the initial setup, the screen on this display stopped working and needs support; the experience has remained consistent.",negative,television,negative,television,test,2026-08-13T15:30:24Z,2026-08-13T15:59:54.857935+00:00
811,"during the initial setup, the temperature control on this cooling unit performs better than expected; the experience has remained consistent.",positive,refrigerator,neutral,refrigerator,test,2026-08-13T15:30:24Z,2026-08-13T15:59:54.857935+00:00
812,"during the initial setup, the temperature control on this cooling unit arrived in ordinary packaging; the experience has remained consistent.",neutral,refrigerator,negative,refrigerator,test,2026-08-13T15:30:24Z,2026-08-13T15:59:54.857935+00:00
813,"during the initial setup, the temperature control on this cooling unit stopped working and needs support; the experience has remained consistent.",negative,refrigerator,negative,refrigerator,test,2026-08-13T15:30:24Z,2026-08-13T15:59:54.857935+00:00
814,"during the initial setup, the spin cycle on this laundry appliance performs better than expected; the experience has remained consistent.",positive,washing_machine,neutral,washing_machine,test,2026-08-13T15:30:24Z,2026-08-13T15:59:54.857935+00:00
815,"during the initial setup, the spin cycle on this laundry appliance arrived in ordinary packaging; the experience has remained consistent.",neutral,washing_machine,negative,washing_machine,test,2026-08-13T15:30:24Z,2026-08-13T15:59:54.857935+00:00
816,"during the initial setup, the spin cycle on this laundry appliance stopped working and needs support; the experience has remained consistent.",negative,washing_machine,negative,washing_machine,test,2026-08-13T15:30:24Z,2026-08-13T15:59:54.857935+00:00
817,"during the initial setup, the touchscreen on this smartphone performs better than expected; the experience has remained consistent.",positive,smartphone,neutral,smartphone,test,2026-08-13T15:30:24Z,2026-08-13T15:59:54.857935+00:00
818,"during the initial setup, the touchscreen on this smartphone arrived in ordinary packaging; the experience has remained consistent.",neutral,smartphone,negative,smartphone,test,2026-08-13T15:30:24Z,2026-08-13T15:59:54.857935+00:00
819,"during the initial setup, the touchscreen on this smartphone stopped working and needs support; the experience has remained consistent.",negative,smartphone,negative,smartphone,test,2026-08-13T15:30:24Z,2026-08-13T15:59:54.857935+00:00
820,"during the initial setup, the remote control on this television performs better than expected; the experience has remained consistent.",positive,television,neutral,television,test,2026-08-13T15:30:24Z,2026-08-13T15:59:54.857935+00:00
821,"during the initial setup, the remote control on this television arrived in ordinary packaging; the experience has remained consistent.",neutral,television,negative,television,test,2026-08-13T15:30:24Z,2026-08-13T15:59:54.857935+00:00
822,"during the initial setup, the remote control on this television stopped working and needs support; the experience has remained consistent.",negative,television,negative,television,test,2026-08-13T15:30:24Z,2026-08-13T15:59:54.857935+00:00
823,"during the initial setup, the freezer compartment on this refrigerator performs better than expected; the experience has remained consistent.",positive,refrigerator,neutral,refrigerator,test,2026-08-13T15:30:24Z,2026-08-13T15:59:54.857935+00:00
824,"during the initial setup, the freezer compartment on this refrigerator arrived in ordinary packaging; the experience has remained consistent.",neutral,refrigerator,negative,refrigerator,test,2026-08-13T15:30:24Z,2026-08-13T15:59:54.857935+00:00
825,"during the initial setup, the freezer compartment on this refrigerator stopped working and needs support; the experience has remained consistent.",negative,refrigerator,negative,refrigerator,test,2026-08-13T15:30:24Z,2026-08-13T15:59:54.857935+00:00
826,"during the initial setup, the water inlet on this washing machine performs better than expected; the experience has remained consistent.",positive,washing_machine,neutral,washing_machine,test,2026-08-13T15:30:24Z,2026-08-13T15:59:54.857935+00:00
827,"during the initial setup, the water inlet on this washing machine arrived in ordinary packaging; the experience has remained consistent.",neutral,washing_machine,negative,washing_machine,test,2026-08-13T15:30:24Z,2026-08-13T15:59:54.857935+00:00
828,"during the initial setup, the water inlet on this washing machine stopped working and needs support; the experience has remained consistent.",negative,washing_machine,negative,washing_machine,test,2026-08-13T15:30:24Z,2026-08-13T15:59:54.857935+00:00
829,"during the initial setup, the touchscreen on this phone performs better than expected; the experience has remained consistent.",positive,smartphone,neutral,smartphone,test,2026-08-13T15:30:24Z,2026-08-13T15:59:54.857935+00:00
830,"during the initial setup, the touchscreen on this phone arrived in ordinary packaging; the experience has remained consistent.",neutral,smartphone,negative,smartphone,test,2026-08-13T15:30:24Z,2026-08-13T15:59:54.857935+00:00
831,"during the initial setup, the touchscreen on this phone stopped working and needs support; the experience has remained consistent.",negative,smartphone,negative,smartphone,test,2026-08-13T15:30:24Z,2026-08-13T15:59:54.857935+00:00
832,"during the initial setup, the remote control on this tv performs better than expected; the experience has remained consistent.",positive,television,neutral,television,test,2026-08-13T15:30:24Z,2026-08-13T15:59:54.857935+00:00
833,"during the initial setup, the remote control on this tv arrived in ordinary packaging; the experience has remained consistent.",neutral,television,negative,television,test,2026-08-13T15:30:24Z,2026-08-13T15:59:54.857935+00:00
834,"during the initial setup, the remote control on this tv stopped working and needs support; the experience has remained consistent.",negative,television,negative,television,test,2026-08-13T15:30:24Z,2026-08-13T15:59:54.857935+00:00
835,"during the initial setup, the freezer compartment on this fridge performs better than expected; the experience has remained consistent.",positive,refrigerator,neutral,refrigerator,test,2026-08-13T15:30:24Z,2026-08-13T15:59:54.857935+00:00
836,"during the initial setup, the freezer compartment on this fridge arrived in ordinary packaging; the experience has remained consistent.",neutral,refrigerator,negative,refrigerator,test,2026-08-13T15:30:24Z,2026-08-13T15:59:54.857935+00:00
837,"during the initial setup, the freezer compartment on this fridge stopped working and needs support; the experience has remained consistent.",negative,refrigerator,negative,refrigerator,test,2026-08-13T15:30:24Z,2026-08-13T15:59:54.857935+00:00
838,"during the initial setup, the water inlet on this washer performs better than expected; the experience has remained consistent.",positive,washing_machine,neutral,washing_machine,test,2026-08-13T15:30:24Z,2026-08-13T15:59:54.857935+00:00
839,"during the initial setup, the water inlet on this washer arrived in ordinary packaging; the experience has remained consistent.",neutral,washing_machine,negative,washing_machine,test,2026-08-13T15:30:24Z,2026-08-13T15:59:54.857935+00:00
840,"during the initial setup, the water inlet on this washer stopped working and needs support; the experience has remained consistent.",negative,washing_machine,negative,washing_machine,test,2026-08-13T15:30:24Z,2026-08-13T15:59:54.857935+00:00
841,"during the initial setup, the touchscreen on this mobile device performs better than expected; the experience has remained consistent.",positive,smartphone,neutral,smartphone,test,2026-08-13T15:30:24Z,2026-08-13T15:59:54.857935+00:00
842,"during the initial setup, the touchscreen on this mobile device arrived in ordinary packaging; the experience has remained consistent.",neutral,smartphone,negative,smartphone,test,2026-08-13T15:30:24Z,2026-08-13T15:59:54.857935+00:00
843,"during the initial setup, the touchscreen on this mobile device stopped working and needs support; the experience has remained consistent.",negative,smartphone,negative,smartphone,test,2026-08-13T15:30:24Z,2026-08-13T15:59:54.857935+00:00
844,"during the initial setup, the remote control on this smart tv performs better than expected; the experience has remained consistent.",positive,television,neutral,television,test,2026-08-13T15:30:24Z,2026-08-13T15:59:54.857935+00:00
845,"during the initial setup, the remote control on this smart tv arrived in ordinary packaging; the experience has remained consistent.",neutral,television,negative,television,test,2026-08-13T15:30:24Z,2026-08-13T15:59:54.857935+00:00
846,"during the initial setup, the remote control on this smart tv stopped working and needs support; the experience has remained consistent.",negative,television,negative,television,test,2026-08-13T15:30:24Z,2026-08-13T15:59:54.857935+00:00
847,"during the initial setup, the freezer compartment on this freezer appliance performs better than expected; the experience has remained consistent.",positive,refrigerator,neutral,refrigerator,test,2026-08-13T15:30:24Z,2026-08-13T15:59:54.857935+00:00
848,"during the initial setup, the freezer compartment on this freezer appliance arrived in ordinary packaging; the experience has remained consistent.",neutral,refrigerator,negative,refrigerator,test,2026-08-13T15:30:24Z,2026-08-13T15:59:54.857935+00:00
849,"during the initial setup, the freezer compartment on this freezer appliance stopped working and needs support; the experience has remained consistent.",negative,refrigerator,negative,refrigerator,test,2026-08-13T15:30:24Z,2026-08-13T15:59:54.857935+00:00
850,"during the initial setup, the water inlet on this laundry machine performs better than expected; the experience has remained consistent.",positive,washing_machine,neutral,washing_machine,test,2026-08-13T15:30:24Z,2026-08-13T15:59:54.857935+00:00
851,"during the initial setup, the water inlet on this laundry machine arrived in ordinary packaging; the experience has remained consistent.",neutral,washing_machine,negative,washing_machine,test,2026-08-13T15:30:24Z,2026-08-13T15:59:54.857935+00:00
852,"during the initial setup, the water inlet on this laundry machine stopped working and needs support; the experience has remained consistent.",negative,washing_machine,negative,washing_machine,test,2026-08-13T15:30:24Z,2026-08-13T15:59:54.857935+00:00
853,"during the initial setup, the touchscreen on this handset performs better than expected; the experience has remained consistent.",positive,smartphone,neutral,smartphone,test,2026-08-13T15:30:24Z,2026-08-13T15:59:54.857935+00:00
854,"during the initial setup, the touchscreen on this handset arrived in ordinary packaging; the experience has remained consistent.",neutral,smartphone,negative,smartphone,test,2026-08-13T15:30:24Z,2026-08-13T15:59:54.857935+00:00
855,"during the initial setup, the touchscreen on this handset stopped working and needs support; the experience has remained consistent.",negative,smartphone,negative,smartphone,test,2026-08-13T15:30:24Z,2026-08-13T15:59:54.857935+00:00
856,"during the initial setup, the remote control on this display performs better than expected; the experience has remained consistent.",positive,television,neutral,television,test,2026-08-13T15:30:24Z,2026-08-13T15:59:54.857935+00:00
857,"during the initial setup, the remote control on this display arrived in ordinary packaging; the experience has remained consistent.",neutral,television,negative,television,test,2026-08-13T15:30:24Z,2026-08-13T15:59:54.857935+00:00
858,"during the initial setup, the remote control on this display stopped working and needs support; the experience has remained consistent.",negative,television,negative,television,test,2026-08-13T15:30:24Z,2026-08-13T15:59:54.857935+00:00
859,"during the initial setup, the freezer compartment on this cooling unit performs better than expected; the experience has remained consistent.",positive,refrigerator,neutral,refrigerator,test,2026-08-13T15:30:24Z,2026-08-13T15:59:54.857935+00:00
860,"during the initial setup, the freezer compartment on this cooling unit arrived in ordinary packaging; the experience has remained consistent.",neutral,refrigerator,negative,refrigerator,test,2026-08-13T15:30:24Z,2026-08-13T15:59:54.857935+00:00
861,"during the initial setup, the freezer compartment on this cooling unit stopped working and needs support; the experience has remained consistent.",negative,refrigerator,negative,refrigerator,test,2026-08-13T15:30:24Z,2026-08-13T15:59:54.857935+00:00
862,"during the initial setup, the water inlet on this laundry appliance performs better than expected; the experience has remained consistent.",positive,washing_machine,neutral,washing_machine,test,2026-08-13T15:30:24Z,2026-08-13T15:59:54.857935+00:00
863,"during the initial setup, the water inlet on this laundry appliance arrived in ordinary packaging; the experience has remained consistent.",neutral,washing_machine,negative,washing_machine,test,2026-08-13T15:30:24Z,2026-08-13T15:59:54.857935+00:00
864,"during the initial setup, the water inlet on this laundry appliance stopped working and needs support; the experience has remained consistent.",negative,washing_machine,negative,washing_machine,test,2026-08-13T15:30:24Z,2026-08-13T15:59:54.857935+00:00
865,"during the initial setup, the camera on this smartphone performs better than expected; the experience has remained consistent.",positive,smartphone,neutral,smartphone,test,2026-08-13T15:30:24Z,2026-08-13T15:59:54.857935+00:00
866,"during the initial setup, the camera on this smartphone arrived in ordinary packaging; the experience has remained consistent.",neutral,smartphone,negative,smartphone,test,2026-08-13T15:30:24Z,2026-08-13T15:59:54.857935+00:00
867,"during the initial setup, the camera on this smartphone stopped working and needs support; the experience has remained consistent.",negative,smartphone,negative,smartphone,test,2026-08-13T15:30:24Z,2026-08-13T15:59:54.857935+00:00
868,"during the initial setup, the hdmi input on this television performs better than expected; the experience has remained consistent.",positive,television,neutral,television,test,2026-08-13T15:30:24Z,2026-08-13T15:59:54.857935+00:00
869,"during the initial setup, the hdmi input on this television arrived in ordinary packaging; the experience has remained consistent.",neutral,television,negative,television,test,2026-08-13T15:30:24Z,2026-08-13T15:59:54.857935+00:00
870,"during the initial setup, the hdmi input on this television stopped working and needs support; the experience has remained consistent.",negative,television,negative,television,test,2026-08-13T15:30:24Z,2026-08-13T15:59:54.857935+00:00
871,"during the initial setup, the door seal on this refrigerator performs better than expected; the experience has remained consistent.",positive,refrigerator,neutral,refrigerator,test,2026-08-13T15:30:24Z,2026-08-13T15:59:54.857935+00:00
872,"during the initial setup, the door seal on this refrigerator arrived in ordinary packaging; the experience has remained consistent.",neutral,refrigerator,negative,refrigerator,test,2026-08-13T15:30:24Z,2026-08-13T15:59:54.857935+00:00
873,"during the initial setup, the door seal on this refrigerator stopped working and needs support; the experience has remained consistent.",negative,refrigerator,negative,refrigerator,test,2026-08-13T15:30:24Z,2026-08-13T15:59:54.857935+00:00
874,"during the initial setup, the detergent drawer on this washing machine performs better than expected; the experience has remained consistent.",positive,washing_machine,neutral,washing_machine,test,2026-08-13T15:30:24Z,2026-08-13T15:59:54.857935+00:00
875,"during the initial setup, the detergent drawer on this washing machine arrived in ordinary packaging; the experience has remained consistent.",neutral,washing_machine,negative,washing_machine,test,2026-08-13T15:30:24Z,2026-08-13T15:59:54.857935+00:00
876,"during the initial setup, the detergent drawer on this washing machine stopped working and needs support; the experience has remained consistent.",negative,washing_machine,negative,washing_machine,test,2026-08-13T15:30:24Z,2026-08-13T15:59:54.857935+00:00
877,"during the initial setup, the camera on this phone performs better than expected; the experience has remained consistent.",positive,smartphone,neutral,smartphone,test,2026-08-13T15:30:24Z,2026-08-13T15:59:54.857935+00:00
878,"during the initial setup, the camera on this phone arrived in ordinary packaging; the experience has remained consistent.",neutral,smartphone,negative,smartphone,test,2026-08-13T15:30:24Z,2026-08-13T15:59:54.857935+00:00
879,"during the initial setup, the camera on this phone stopped working and needs support; the experience has remained consistent.",negative,smartphone,negative,smartphone,test,2026-08-13T15:30:24Z,2026-08-13T15:59:54.857935+00:00
880,"during the initial setup, the hdmi input on this tv performs better than expected; the experience has remained consistent.",positive,television,neutral,television,test,2026-08-13T15:30:24Z,2026-08-13T15:59:54.857935+00:00
881,"during the initial setup, the hdmi input on this tv arrived in ordinary packaging; the experience has remained consistent.",neutral,television,negative,television,test,2026-08-13T15:30:24Z,2026-08-13T15:59:54.857935+00:00
882,"during the initial setup, the hdmi input on this tv stopped working and needs support; the experience has remained consistent.",negative,television,negative,television,test,2026-08-13T15:30:24Z,2026-08-13T15:59:54.857935+00:00
883,"during the initial setup, the door seal on this fridge performs better than expected; the experience has remained consistent.",positive,refrigerator,neutral,refrigerator,test,2026-08-13T15:30:24Z,2026-08-13T15:59:54.857935+00:00
884,"during the initial setup, the door seal on this fridge arrived in ordinary packaging; the experience has remained consistent.",neutral,refrigerator,negative,refrigerator,test,2026-08-13T15:30:24Z,2026-08-13T15:59:54.857935+00:00
885,"during the initial setup, the door seal on this fridge stopped working and needs support; the experience has remained consistent.",negative,refrigerator,negative,refrigerator,test,2026-08-13T15:30:24Z,2026-08-13T15:59:54.857935+00:00
886,"during the initial setup, the detergent drawer on this washer performs better than expected; the experience has remained consistent.",positive,washing_machine,neutral,washing_machine,test,2026-08-13T15:30:24Z,2026-08-13T15:59:54.857935+00:00
887,"during the initial setup, the detergent drawer on this washer arrived in ordinary packaging; the experience has remained consistent.",neutral,washing_machine,negative,washing_machine,test,2026-08-13T15:30:24Z,2026-08-13T15:59:54.857935+00:00
888,"during the initial setup, the detergent drawer on this washer stopped working and needs support; the experience has remained consistent.",negative,washing_machine,negative,washing_machine,test,2026-08-13T15:30:24Z,2026-08-13T15:59:54.857935+00:00
889,"during the initial setup, the camera on this mobile device performs better than expected; the experience has remained consistent.",positive,smartphone,neutral,smartphone,test,2026-08-13T15:30:24Z,2026-08-13T15:59:54.857935+00:00
890,"during the initial setup, the camera on this mobile device arrived in ordinary packaging; the experience has remained consistent.",neutral,smartphone,negative,smartphone,test,2026-08-13T15:30:24Z,2026-08-13T15:59:54.857935+00:00
891,"during the initial setup, the camera on this mobile device stopped working and needs support; the experience has remained consistent.",negative,smartphone,negative,smartphone,test,2026-08-13T15:30:24Z,2026-08-13T15:59:54.857935+00:00
892,"during the initial setup, the hdmi input on this smart tv performs better than expected; the experience has remained consistent.",positive,television,neutral,television,test,2026-08-13T15:30:24Z,2026-08-13T15:59:54.857935+00:00
893,"during the initial setup, the hdmi input on this smart tv arrived in ordinary packaging; the experience has remained consistent.",neutral,television,negative,television,test,2026-08-13T15:30:24Z,2026-08-13T15:59:54.857935+00:00
894,"during the initial setup, the hdmi input on this smart tv stopped working and needs support; the experience has remained consistent.",negative,television,negative,television,test,2026-08-13T15:30:24Z,2026-08-13T15:59:54.857935+00:00
895,"during the initial setup, the door seal on this freezer appliance performs better than expected; the experience has remained consistent.",positive,refrigerator,neutral,refrigerator,test,2026-08-13T15:30:24Z,2026-08-13T15:59:54.857935+00:00
896,"during the initial setup, the door seal on this freezer appliance arrived in ordinary packaging; the experience has remained consistent.",neutral,refrigerator,negative,refrigerator,test,2026-08-13T15:30:24Z,2026-08-13T15:59:54.857935+00:00
897,"during the initial setup, the door seal on this freezer appliance stopped working and needs support; the experience has remained consistent.",negative,refrigerator,negative,refrigerator,test,2026-08-13T15:30:24Z,2026-08-13T15:59:54.857935+00:00
898,"during the initial setup, the detergent drawer on this laundry machine performs better than expected; the experience has remained consistent.",positive,washing_machine,neutral,washing_machine,test,2026-08-13T15:30:24Z,2026-08-13T15:59:54.857935+00:00
899,"during the initial setup, the detergent drawer on this laundry machine arrived in ordinary packaging; the experience has remained consistent.",neutral,washing_machine,negative,washing_machine,test,2026-08-13T15:30:24Z,2026-08-13T15:59:54.857935+00:00
900,"during the initial setup, the detergent drawer on this laundry machine stopped working and needs support; the experience has remained consistent.",negative,washing_machine,negative,washing_machine,test,2026-08-13T15:30:24Z,2026-08-13T15:59:54.857935+00:00
901,"during the initial setup, the camera on this handset performs better than expected; the experience has remained consistent.",positive,smartphone,neutral,smartphone,test,2026-08-13T15:30:24Z,2026-08-13T15:59:54.857935+00:00
902,"during the initial setup, the camera on this handset arrived in ordinary packaging; the experience has remained consistent.",neutral,smartphone,negative,smartphone,test,2026-08-13T15:30:24Z,2026-08-13T15:59:54.857935+00:00
903,"during the initial setup, the camera on this handset stopped working and needs support; the experience has remained consistent.",negative,smartphone,negative,smartphone,test,2026-08-13T15:30:24Z,2026-08-13T15:59:54.857935+00:00
904,"during the initial setup, the hdmi input on this display performs better than expected; the experience has remained consistent.",positive,television,neutral,television,test,2026-08-13T15:30:24Z,2026-08-13T15:59:54.857935+00:00
905,"during the initial setup, the hdmi input on this display arrived in ordinary packaging; the experience has remained consistent.",neutral,television,negative,television,test,2026-08-13T15:30:24Z,2026-08-13T15:59:54.857935+00:00
906,"during the initial setup, the hdmi input on this display stopped working and needs support; the experience has remained consistent.",negative,television,negative,television,test,2026-08-13T15:30:24Z,2026-08-13T15:59:54.857935+00:00
907,"during the initial setup, the door seal on this cooling unit performs better than expected; the experience has remained consistent.",positive,refrigerator,negative,refrigerator,test,2026-08-13T15:30:24Z,2026-08-13T15:59:54.857935+00:00
908,"during the initial setup, the door seal on this cooling unit arrived in ordinary packaging; the experience has remained consistent.",neutral,refrigerator,negative,refrigerator,test,2026-08-13T15:30:24Z,2026-08-13T15:59:54.857935+00:00
909,"during the initial setup, the door seal on this cooling unit stopped working and needs support; the experience has remained consistent.",negative,refrigerator,negative,refrigerator,test,2026-08-13T15:30:24Z,2026-08-13T15:59:54.857935+00:00
910,"during the initial setup, the detergent drawer on this laundry appliance performs better than expected; the experience has remained consistent.",positive,washing_machine,neutral,washing_machine,test,2026-08-13T15:30:24Z,2026-08-13T15:59:54.857935+00:00
911,"during the initial setup, the detergent drawer on this laundry appliance arrived in ordinary packaging; the experience has remained consistent.",neutral,washing_machine,negative,washing_machine,test,2026-08-13T15:30:24Z,2026-08-13T15:59:54.857935+00:00
912,"during the initial setup, the detergent drawer on this laundry appliance stopped working and needs support; the experience has remained consistent.",negative,washing_machine,negative,washing_machine,test,2026-08-13T15:30:24Z,2026-08-13T15:59:54.857935+00:00
913,"during the initial setup, the mobile signal on this smartphone performs better than expected; the experience has remained consistent.",positive,smartphone,neutral,smartphone,test,2026-08-13T15:30:24Z,2026-08-13T15:59:54.857935+00:00
914,"during the initial setup, the mobile signal on this smartphone arrived in ordinary packaging; the experience has remained consistent.",neutral,smartphone,negative,smartphone,test,2026-08-13T15:30:24Z,2026-08-13T15:59:54.857935+00:00
915,"during the initial setup, the mobile signal on this smartphone stopped working and needs support; the experience has remained consistent.",negative,smartphone,negative,smartphone,test,2026-08-13T15:30:24Z,2026-08-13T15:59:54.857935+00:00
916,"during the initial setup, the sound output on this television performs better than expected; the experience has remained consistent.",positive,television,neutral,television,test,2026-08-13T15:30:24Z,2026-08-13T15:59:54.857935+00:00
917,"during the initial setup, the sound output on this television arrived in ordinary packaging; the experience has remained consistent.",neutral,television,negative,television,test,2026-08-13T15:30:24Z,2026-08-13T15:59:54.857935+00:00
918,"during the initial setup, the sound output on this television stopped working and needs support; the experience has remained consistent.",negative,television,negative,television,test,2026-08-13T15:30:24Z,2026-08-13T15:59:54.857935+00:00
919,"during the initial setup, the ice maker on this refrigerator performs better than expected; the experience has remained consistent.",positive,refrigerator,neutral,refrigerator,test,2026-08-13T15:30:24Z,2026-08-13T15:59:54.857935+00:00
920,"during the initial setup, the ice maker on this refrigerator arrived in ordinary packaging; the experience has remained consistent.",neutral,refrigerator,negative,refrigerator,test,2026-08-13T15:30:24Z,2026-08-13T15:59:54.857935+00:00
921,"during the initial setup, the ice maker on this refrigerator stopped working and needs support; the experience has remained consistent.",negative,refrigerator,negative,refrigerator,test,2026-08-13T15:30:24Z,2026-08-13T15:59:54.857935+00:00
922,"during the initial setup, the drain pump on this washing machine performs better than expected; the experience has remained consistent.",positive,washing_machine,neutral,washing_machine,test,2026-08-13T15:30:24Z,2026-08-13T15:59:54.857935+00:00
923,"during the initial setup, the drain pump on this washing machine arrived in ordinary packaging; the experience has remained consistent.",neutral,washing_machine,negative,washing_machine,test,2026-08-13T15:30:24Z,2026-08-13T15:59:54.857935+00:00
924,"during the initial setup, the drain pump on this washing machine stopped working and needs support; the experience has remained consistent.",negative,washing_machine,negative,washing_machine,test,2026-08-13T15:30:24Z,2026-08-13T15:59:54.857935+00:00
925,"during the initial setup, the mobile signal on this phone performs better than expected; the experience has remained consistent.",positive,smartphone,neutral,smartphone,test,2026-08-13T15:30:24Z,2026-08-13T15:59:54.857935+00:00
926,"during the initial setup, the mobile signal on this phone arrived in ordinary packaging; the experience has remained consistent.",neutral,smartphone,negative,smartphone,test,2026-08-13T15:30:24Z,2026-08-13T15:59:54.857935+00:00
927,"during the initial setup, the mobile signal on this phone stopped working and needs support; the experience has remained consistent.",negative,smartphone,negative,smartphone,test,2026-08-13T15:30:24Z,2026-08-13T15:59:54.857935+00:00
928,"during the initial setup, the sound output on this tv performs better than expected; the experience has remained consistent.",positive,television,neutral,television,test,2026-08-13T15:30:24Z,2026-08-13T15:59:54.857935+00:00
929,"during the initial setup, the sound output on this tv arrived in ordinary packaging; the experience has remained consistent.",neutral,television,negative,television,test,2026-08-13T15:30:24Z,2026-08-13T15:59:54.857935+00:00
930,"during the initial setup, the sound output on this tv stopped working and needs support; the experience has remained consistent.",negative,television,negative,television,test,2026-08-13T15:30:24Z,2026-08-13T15:59:54.857935+00:00
931,"during the initial setup, the ice maker on this fridge performs better than expected; the experience has remained consistent.",positive,refrigerator,neutral,refrigerator,test,2026-08-13T15:30:24Z,2026-08-13T15:59:54.857935+00:00
932,"during the initial setup, the ice maker on this fridge arrived in ordinary packaging; the experience has remained consistent.",neutral,refrigerator,negative,refrigerator,test,2026-08-13T15:30:24Z,2026-08-13T15:59:54.857935+00:00
933,"during the initial setup, the ice maker on this fridge stopped working and needs support; the experience has remained consistent.",negative,refrigerator,negative,refrigerator,test,2026-08-13T15:30:24Z,2026-08-13T15:59:54.857935+00:00
934,"during the initial setup, the drain pump on this washer performs better than expected; the experience has remained consistent.",positive,washing_machine,neutral,washing_machine,test,2026-08-13T15:30:24Z,2026-08-13T15:59:54.857935+00:00
935,"during the initial setup, the drain pump on this washer arrived in ordinary packaging; the experience has remained consistent.",neutral,washing_machine,negative,washing_machine,test,2026-08-13T15:30:24Z,2026-08-13T15:59:54.857935+00:00
936,"during the initial setup, the drain pump on this washer stopped working and needs support; the experience has remained consistent.",negative,washing_machine,negative,washing_machine,test,2026-08-13T15:30:24Z,2026-08-13T15:59:54.857935+00:00
937,"during the initial setup, the mobile signal on this mobile device performs better than expected; the experience has remained consistent.",positive,smartphone,negative,smartphone,test,2026-08-13T15:30:24Z,2026-08-13T15:59:54.857935+00:00
938,"during the initial setup, the mobile signal on this mobile device arrived in ordinary packaging; the experience has remained consistent.",neutral,smartphone,negative,smartphone,test,2026-08-13T15:30:24Z,2026-08-13T15:59:54.857935+00:00
939,"during the initial setup, the mobile signal on this mobile device stopped working and needs support; the experience has remained consistent.",negative,smartphone,negative,smartphone,test,2026-08-13T15:30:24Z,2026-08-13T15:59:54.857935+00:00
940,"during the initial setup, the sound output on this smart tv performs better than expected; the experience has remained consistent.",positive,television,negative,television,test,2026-08-13T15:30:24Z,2026-08-13T15:59:54.857935+00:00
941,"during the initial setup, the sound output on this smart tv arrived in ordinary packaging; the experience has remained consistent.",neutral,television,negative,television,test,2026-08-13T15:30:24Z,2026-08-13T15:59:54.857935+00:00
942,"during the initial setup, the sound output on this smart tv stopped working and needs support; the experience has remained consistent.",negative,television,negative,television,test,2026-08-13T15:30:24Z,2026-08-13T15:59:54.857935+00:00
943,"during the initial setup, the ice maker on this freezer appliance performs better than expected; the experience has remained consistent.",positive,refrigerator,neutral,refrigerator,test,2026-08-13T15:30:24Z,2026-08-13T15:59:54.857935+00:00
944,"during the initial setup, the ice maker on this freezer appliance arrived in ordinary packaging; the experience has remained consistent.",neutral,refrigerator,negative,refrigerator,test,2026-08-13T15:30:24Z,2026-08-13T15:59:54.857935+00:00
945,"during the initial setup, the ice maker on this freezer appliance stopped working and needs support; the experience has remained consistent.",negative,refrigerator,negative,refrigerator,test,2026-08-13T15:30:24Z,2026-08-13T15:59:54.857935+00:00
946,"during the initial setup, the drain pump on this laundry machine performs better than expected; the experience has remained consistent.",positive,washing_machine,neutral,washing_machine,test,2026-08-13T15:30:24Z,2026-08-13T15:59:54.857935+00:00
947,"during the initial setup, the drain pump on this laundry machine arrived in ordinary packaging; the experience has remained consistent.",neutral,washing_machine,negative,washing_machine,test,2026-08-13T15:30:24Z,2026-08-13T15:59:54.857935+00:00
948,"during the initial setup, the drain pump on this laundry machine stopped working and needs support; the experience has remained consistent.",negative,washing_machine,negative,washing_machine,test,2026-08-13T15:30:24Z,2026-08-13T15:59:54.857935+00:00
949,"during the initial setup, the mobile signal on this handset performs better than expected; the experience has remained consistent.",positive,smartphone,neutral,smartphone,test,2026-08-13T15:30:24Z,2026-08-13T15:59:54.857935+00:00
950,"during the initial setup, the mobile signal on this handset arrived in ordinary packaging; the experience has remained consistent.",neutral,smartphone,negative,smartphone,test,2026-08-13T15:30:24Z,2026-08-13T15:59:54.857935+00:00
951,"during the initial setup, the mobile signal on this handset stopped working and needs support; the experience has remained consistent.",negative,smartphone,negative,smartphone,test,2026-08-13T15:30:24Z,2026-08-13T15:59:54.857935+00:00
952,"during the initial setup, the sound output on this display performs better than expected; the experience has remained consistent.",positive,television,neutral,television,test,2026-08-13T15:30:24Z,2026-08-13T15:59:54.857935+00:00
953,"during the initial setup, the sound output on this display arrived in ordinary packaging; the experience has remained consistent.",neutral,television,negative,television,test,2026-08-13T15:30:24Z,2026-08-13T15:59:54.857935+00:00
954,"during the initial setup, the sound output on this display stopped working and needs support; the experience has remained consistent.",negative,television,negative,television,test,2026-08-13T15:30:24Z,2026-08-13T15:59:54.857935+00:00
955,"during the initial setup, the ice maker on this cooling unit performs better than expected; the experience has remained consistent.",positive,refrigerator,neutral,refrigerator,test,2026-08-13T15:30:24Z,2026-08-13T15:59:54.857935+00:00
956,"during the initial setup, the ice maker on this cooling unit arrived in ordinary packaging; the experience has remained consistent.",neutral,refrigerator,negative,refrigerator,test,2026-08-13T15:30:24Z,2026-08-13T15:59:54.857935+00:00
957,"during the initial setup, the ice maker on this cooling unit stopped working and needs support; the experience has remained consistent.",negative,refrigerator,negative,refrigerator,test,2026-08-13T15:30:24Z,2026-08-13T15:59:54.857935+00:00
958,"during the initial setup, the drain pump on this laundry appliance performs better than expected; the experience has remained consistent.",positive,washing_machine,neutral,washing_machine,test,2026-08-13T15:30:24Z,2026-08-13T15:59:54.857935+00:00
959,"during the initial setup, the drain pump on this laundry appliance arrived in ordinary packaging; the experience has remained consistent.",neutral,washing_machine,negative,washing_machine,test,2026-08-13T15:30:24Z,2026-08-13T15:59:54.857935+00:00
960,"during the initial setup, the drain pump on this laundry appliance stopped working and needs support; the experience has remained consistent.",negative,washing_machine,negative,washing_machine,test,2026-08-13T15:30:24Z,2026-08-13T15:59:54.857935+00:00
961,"during the initial setup, the charging port on this smartphone performs better than expected; the experience has remained consistent.",positive,smartphone,neutral,smartphone,test,2026-08-13T15:30:24Z,2026-08-13T15:59:54.857935+00:00
962,"during the initial setup, the charging port on this smartphone arrived in ordinary packaging; the experience has remained consistent.",neutral,smartphone,negative,smartphone,test,2026-08-13T15:30:24Z,2026-08-13T15:59:54.857935+00:00
963,"during the initial setup, the charging port on this smartphone stopped working and needs support; the experience has remained consistent.",negative,smartphone,negative,smartphone,test,2026-08-13T15:30:24Z,2026-08-13T15:59:54.857935+00:00
964,"during the initial setup, the streaming menu on this television performs better than expected; the experience has remained consistent.",positive,television,neutral,television,test,2026-08-13T15:30:24Z,2026-08-13T15:59:54.857935+00:00
965,"during the initial setup, the streaming menu on this television arrived in ordinary packaging; the experience has remained consistent.",neutral,television,negative,television,test,2026-08-13T15:30:24Z,2026-08-13T15:59:54.857935+00:00
966,"during the initial setup, the streaming menu on this television stopped working and needs support; the experience has remained consistent.",negative,television,negative,television,test,2026-08-13T15:30:24Z,2026-08-13T15:59:54.857935+00:00
967,"during the initial setup, the cooling fan on this refrigerator performs better than expected; the experience has remained consistent.",positive,refrigerator,neutral,refrigerator,test,2026-08-13T15:30:24Z,2026-08-13T15:59:54.857935+00:00
968,"during the initial setup, the cooling fan on this refrigerator arrived in ordinary packaging; the experience has remained consistent.",neutral,refrigerator,negative,refrigerator,test,2026-08-13T15:30:24Z,2026-08-13T15:59:54.857935+00:00
969,"during the initial setup, the cooling fan on this refrigerator stopped working and needs support; the experience has remained consistent.",negative,refrigerator,negative,refrigerator,test,2026-08-13T15:30:24Z,2026-08-13T15:59:54.857935+00:00
970,"during the initial setup, the control panel on this washing machine performs better than expected; the experience has remained consistent.",positive,washing_machine,neutral,washing_machine,test,2026-08-13T15:30:24Z,2026-08-13T15:59:54.857935+00:00
971,"during the initial setup, the control panel on this washing machine arrived in ordinary packaging; the experience has remained consistent.",neutral,washing_machine,negative,washing_machine,test,2026-08-13T15:30:24Z,2026-08-13T15:59:54.857935+00:00
972,"during the initial setup, the control panel on this washing machine stopped working and needs support; the experience has remained consistent.",negative,washing_machine,negative,washing_machine,test,2026-08-13T15:30:24Z,2026-08-13T15:59:54.857935+00:00
973,"during the initial setup, the charging port on this phone performs better than expected; the experience has remained consistent.",positive,smartphone,neutral,smartphone,test,2026-08-13T15:30:24Z,2026-08-13T15:59:54.857935+00:00
974,"during the initial setup, the charging port on this phone arrived in ordinary packaging; the experience has remained consistent.",neutral,smartphone,negative,smartphone,test,2026-08-13T15:30:24Z,2026-08-13T15:59:54.857935+00:00
975,"during the initial setup, the charging port on this phone stopped working and needs support; the experience has remained consistent.",negative,smartphone,negative,smartphone,test,2026-08-13T15:30:24Z,2026-08-13T15:59:54.857935+00:00
976,"during the initial setup, the streaming menu on this tv performs better than expected; the experience has remained consistent.",positive,television,neutral,television,test,2026-08-13T15:30:24Z,2026-08-13T15:59:54.857935+00:00
977,"during the initial setup, the streaming menu on this tv arrived in ordinary packaging; the experience has remained consistent.",neutral,television,negative,television,test,2026-08-13T15:30:24Z,2026-08-13T15:59:54.857935+00:00
978,"during the initial setup, the streaming menu on this tv stopped working and needs support; the experience has remained consistent.",negative,television,negative,television,test,2026-08-13T15:30:24Z,2026-08-13T15:59:54.857935+00:00
979,"during the initial setup, the cooling fan on this fridge performs better than expected; the experience has remained consistent.",positive,refrigerator,neutral,refrigerator,test,2026-08-13T15:30:24Z,2026-08-13T15:59:54.857935+00:00
980,"during the initial setup, the cooling fan on this fridge arrived in ordinary packaging; the experience has remained consistent.",neutral,refrigerator,negative,refrigerator,test,2026-08-13T15:30:24Z,2026-08-13T15:59:54.857935+00:00
981,"during the initial setup, the cooling fan on this fridge stopped working and needs support; the experience has remained consistent.",negative,refrigerator,negative,refrigerator,test,2026-08-13T15:30:24Z,2026-08-13T15:59:54.857935+00:00
982,"during the initial setup, the control panel on this washer performs better than expected; the experience has remained consistent.",positive,washing_machine,neutral,washing_machine,test,2026-08-13T15:30:24Z,2026-08-13T15:59:54.857935+00:00
983,"during the initial setup, the control panel on this washer arrived in ordinary packaging; the experience has remained consistent.",neutral,washing_machine,negative,washing_machine,test,2026-08-13T15:30:24Z,2026-08-13T15:59:54.857935+00:00
984,"during the initial setup, the control panel on this washer stopped working and needs support; the experience has remained consistent.",negative,washing_machine,negative,washing_machine,test,2026-08-13T15:30:24Z,2026-08-13T15:59:54.857935+00:00
985,"during the initial setup, the charging port on this mobile device performs better than expected; the experience has remained consistent.",positive,smartphone,negative,smartphone,test,2026-08-13T15:30:24Z,2026-08-13T15:59:54.857935+00:00
986,"during the initial setup, the charging port on this mobile device arrived in ordinary packaging; the experience has remained consistent.",neutral,smartphone,negative,smartphone,test,2026-08-13T15:30:24Z,2026-08-13T15:59:54.857935+00:00
987,"during the initial setup, the charging port on this mobile device stopped working and needs support; the experience has remained consistent.",negative,smartphone,negative,smartphone,test,2026-08-13T15:30:24Z,2026-08-13T15:59:54.857935+00:00
988,"during the initial setup, the streaming menu on this smart tv performs better than expected; the experience has remained consistent.",positive,television,negative,television,test,2026-08-13T15:30:24Z,2026-08-13T15:59:54.857935+00:00
989,"during the initial setup, the streaming menu on this smart tv arrived in ordinary packaging; the experience has remained consistent.",neutral,television,negative,television,test,2026-08-13T15:30:24Z,2026-08-13T15:59:54.857935+00:00
990,"during the initial setup, the streaming menu on this smart tv stopped working and needs support; the experience has remained consistent.",negative,television,negative,television,test,2026-08-13T15:30:24Z,2026-08-13T15:59:54.857935+00:00
991,"during the initial setup, the cooling fan on this freezer appliance performs better than expected; the experience has remained consistent.",positive,refrigerator,neutral,refrigerator,test,2026-08-13T15:30:24Z,2026-08-13T15:59:54.857935+00:00
992,"during the initial setup, the cooling fan on this freezer appliance arrived in ordinary packaging; the experience has remained consistent.",neutral,refrigerator,negative,refrigerator,test,2026-08-13T15:30:24Z,2026-08-13T15:59:54.857935+00:00
993,"during the initial setup, the cooling fan on this freezer appliance stopped working and needs support; the experience has remained consistent.",negative,refrigerator,negative,refrigerator,test,2026-08-13T15:30:24Z,2026-08-13T15:59:54.857935+00:00
994,"during the initial setup, the control panel on this laundry machine performs better than expected; the experience has remained consistent.",positive,washing_machine,neutral,washing_machine,test,2026-08-13T15:30:24Z,2026-08-13T15:59:54.857935+00:00
995,"during the initial setup, the control panel on this laundry machine arrived in ordinary packaging; the experience has remained consistent.",neutral,washing_machine,negative,washing_machine,test,2026-08-13T15:30:24Z,2026-08-13T15:59:54.857935+00:00
996,"during the initial setup, the control panel on this laundry machine stopped working and needs support; the experience has remained consistent.",negative,washing_machine,negative,washing_machine,test,2026-08-13T15:30:24Z,2026-08-13T15:59:54.857935+00:00
997,"during the initial setup, the charging port on this handset performs better than expected; the experience has remained consistent.",positive,smartphone,neutral,smartphone,test,2026-08-13T15:30:24Z,2026-08-13T15:59:54.857935+00:00
998,"during the initial setup, the charging port on this handset arrived in ordinary packaging; the experience has remained consistent.",neutral,smartphone,negative,smartphone,test,2026-08-13T15:30:24Z,2026-08-13T15:59:54.857935+00:00
999,"during the initial setup, the charging port on this handset stopped working and needs support; the experience has remained consistent.",negative,smartphone,negative,smartphone,test,2026-08-13T15:30:24Z,2026-08-13T15:59:54.857935+00:00
1000,"during the initial setup, the streaming menu on this display performs better than expected; the experience has remained consistent.",positive,television,neutral,television,test,2026-08-13T15:30:24Z,2026-08-13T15:59:54.857935+00:00
