;KEY;AP2;COLLECT_DATE;COMMENT_DATE;COMMENT_DISLIKE;COMMENT_ID;COMMENT_LIKE;COMMENT_TEXT;COMMENT_TITLE;COMPANY_NAME;COUNTRY;LAST_CRAWLER_DATE;PROD_BRAND;PROD_DESC;PROD_HREF;PRODUCT_TYPE;RATING_VALUE;SITE
0;aHR0cHM6Ly93d3cubGl2ZXJwb29sLmNvbS5teC90aWVuZGEvcGRwL2xhdmFzZWNhZG9yYS1sZy1lbCVDMyVBOWN0cmljYS0yMi1rZy13ZDIycnYyczYvMTA5ODI3MDU1NDYzODgxMA==;SEM;2021-10-08;2020-10-29;;638810;;;;LIVERPOOL;MX;2021-10-08 03:06;LG;Lavasecadora LG eléctrica 22 kg WD22RV2S6;https://www.liverpool.com.mx/tienda/pdp/lavasecadora-lg-el%C3%A9ctrica-22-kg-wd22rv2s6/1098270554;WM;5;https://www.liverpool.com.mx/
1;aHR0cHM6Ly93d3cubGl2ZXJwb29sLmNvbS5teC90aWVuZGEvcGRwL0xhdmFkb3JhLVdpbmlhLTE5LWtnLWdyaXMtb3hmb3JkLURXRi1ERzFCMzg2Q0JTMS8xMDU3MDcyNjkxNTQ5MDE=;SEM;2021-10-08;2019-05-27;;54901;;;;LIVERPOOL;MX;2021-10-08 03:23;WINIA;Lavadora Winia 19 kg gris oxford DWF-DG1B386CBS1;https://www.liverpool.com.mx/tienda/pdp/Lavadora-Winia-19-kg-gris-oxford-DWF-DG1B386CBS1/1057072691;WM;5;https://www.liverpool.com.mx/
2;aHR0cHM6Ly93d3cubGl2ZXJwb29sLmNvbS5teC90aWVuZGEvcGRwL0xhdmFkb3JhLVdpbmlhLTE5LWtnLWdyaXMtb3hmb3JkLURXRi1ERzFCMzg2Q0JTMS8xMDU3MDcyNjkxNjA2NjU5;SEM;2021-10-08;2020-09-17;;606659;;;;LIVERPOOL;MX;2021-10-08 03:23;WINIA;Lavadora Winia 19 kg gris oxford DWF-DG1B386CBS1;https://www.liverpool.com.mx/tienda/pdp/Lavadora-Winia-19-kg-gris-oxford-DWF-DG1B386CBS1/1057072691;WM;5;https://www.liverpool.com.mx/
3;aHR0cHM6Ly93d3cubGl2ZXJwb29sLmNvbS5teC90aWVuZGEvcGRwL0xhdmFkb3JhLVdpbmlhLTE5LWtnLWdyaXMtb3hmb3JkLURXRi1ERzFCMzg2Q0JTMS8xMDU3MDcyNjkxNDM0Nzkz;SEM;2021-10-08;2020-07-28;;434793;;;;LIVERPOOL;MX;2021-10-08 03:23;WINIA;Lavadora Winia 19 kg gris oxford DWF-DG1B386CBS1;https://www.liverpool.com.mx/tienda/pdp/Lavadora-Winia-19-kg-gris-oxford-DWF-DG1B386CBS1/1057072691;WM;5;https://www.liverpool.com.mx/
4;aHR0cHM6Ly93d3cubGl2ZXJwb29sLmNvbS5teC90aWVuZGEvcGRwL0xhdmFkb3JhLVdpbmlhLTE5LWtnLWdyaXMtb3hmb3JkLURXRi1ERzFCMzg2Q0JTMS8xMDU3MDcyNjkxNTI4MDI3;SEM;2021-10-08;2020-08-18;;528027;;;;LIVERPOOL;MX;2021-10-08 03:23;WINIA;Lavadora Winia 19 kg gris oxford DWF-DG1B386CBS1;https://www.liverpool.com.mx/tienda/pdp/Lavadora-Winia-19-kg-gris-oxford-DWF-DG1B386CBS1/1057072691;WM;5;https://www.liverpool.com.mx/
5;aHR0cHM6Ly93d3cubGl2ZXJwb29sLmNvbS5teC90aWVuZGEvcGRwL0xhdmFkb3JhLVdpbmlhLTE5LWtnLWdyaXMtb3hmb3JkLURXRi1ERzFCMzg2Q0JTMS8xMDU3MDcyNjkxMjE0MjUz;SEM;2021-10-08;2020-04-12;;214253;;;;LIVERPOOL;MX;2021-10-08 03:23;WINIA;Lavadora Winia 19 kg gris oxford DWF-DG1B386CBS1;https://www.liverpool.com.mx/tienda/pdp/Lavadora-Winia-19-kg-gris-oxford-DWF-DG1B386CBS1/1057072691;WM;5;https://www.liverpool.com.mx/
6;aHR0cHM6Ly93d3cubGl2ZXJwb29sLmNvbS5teC90aWVuZGEvcGRwL0xhdmFkb3JhLVdpbmlhLTE5LWtnLWdyaXMtb3hmb3JkLURXRi1ERzFCMzg2Q0JTMS8xMDU3MDcyNjkxMTM4MTMz;SEM;2021-10-08;2019-11-23;;138133;;;;LIVERPOOL;MX;2021-10-08 03:23;WINIA;Lavadora Winia 19 kg gris oxford DWF-DG1B386CBS1;https://www.liverpool.com.mx/tienda/pdp/Lavadora-Winia-19-kg-gris-oxford-DWF-DG1B386CBS1/1057072691;WM;5;https://www.liverpool.com.mx/
7;aHR0cHM6Ly93d3cubGl2ZXJwb29sLmNvbS5teC90aWVuZGEvcGRwL0xhdmFkb3JhLVdpbmlhLTE5LWtnLWdyaXMtb3hmb3JkLURXRi1ERzFCMzg2Q0JTMS8xMDU3MDcyNjkxMTEyMDUz;SEM;2021-10-08;2019-10-01;;112053;;;;LIVERPOOL;MX;2021-10-08 03:23;WINIA;Lavadora Winia 19 kg gris oxford DWF-DG1B386CBS1;https://www.liverpool.com.mx/tienda/pdp/Lavadora-Winia-19-kg-gris-oxford-DWF-DG1B386CBS1/1057072691;WM;5;https://www.liverpool.com.mx/
8;aHR0cHM6Ly93d3cubGl2ZXJwb29sLmNvbS5teC90aWVuZGEvcGRwL0xhdmFkb3JhLVdpbmlhLTE5LWtnLWdyaXMtb3hmb3JkLURXRi1ERzFCMzg2Q0JTMS8xMDU3MDcyNjkxNTAwNzIy;SEM;2021-10-08;2020-08-09;;500722;;;;LIVERPOOL;MX;2021-10-08 03:23;WINIA;Lavadora Winia 19 kg gris oxford DWF-DG1B386CBS1;https://www.liverpool.com.mx/tienda/pdp/Lavadora-Winia-19-kg-gris-oxford-DWF-DG1B386CBS1/1057072691;WM;5;https://www.liverpool.com.mx/
9;aHR0cHM6Ly93d3cubGl2ZXJwb29sLmNvbS5teC90aWVuZGEvcGRwL0xhdmFkb3JhLVdpbmlhLTE5LWtnLWdyaXMtb3hmb3JkLURXRi1ERzFCMzg2Q0JTMS8xMDU3MDcyNjkxMjA3NjA1;SEM;2021-10-08;2020-04-02;;207605;;;;LIVERPOOL;MX;2021-10-08 03:23;WINIA;Lavadora Winia 19 kg gris oxford DWF-DG1B386CBS1;https://www.liverpool.com.mx/tienda/pdp/Lavadora-Winia-19-kg-gris-oxford-DWF-DG1B386CBS1/1057072691;WM;4;https://www.liverpool.com.mx/
10;aHR0cHM6Ly93d3cubGl2ZXJwb29sLmNvbS5teC90aWVuZGEvcGRwL0xhdmFkb3JhLVdpbmlhLTE5LWtnLWdyaXMtb3hmb3JkLURXRi1ERzFCMzg2Q0JTMS8xMDU3MDcyNjkxMTczNjM0;SEM;2021-10-08;2020-01-24;;173634;;;;LIVERPOOL;MX;2021-10-08 03:23;WINIA;Lavadora Winia 19 kg gris oxford DWF-DG1B386CBS1;https://www.liverpool.com.mx/tienda/pdp/Lavadora-Winia-19-kg-gris-oxford-DWF-DG1B386CBS1/1057072691;WM;5;https://www.liverpool.com.mx/
11;aHR0cHM6Ly93d3cubGl2ZXJwb29sLmNvbS5teC90aWVuZGEvcGRwL0xhdmFkb3JhLVdpbmlhLTE5LWtnLWdyaXMtb3hmb3JkLURXRi1ERzFCMzg2Q0JTMS8xMDU3MDcyNjkxNzMyNTM2;SEM;2021-10-08;2021-01-17;;732536;;;;LIVERPOOL;MX;2021-10-08 03:23;WINIA;Lavadora Winia 19 kg gris oxford DWF-DG1B386CBS1;https://www.liverpool.com.mx/tienda/pdp/Lavadora-Winia-19-kg-gris-oxford-DWF-DG1B386CBS1/1057072691;WM;5;https://www.liverpool.com.mx/
12;aHR0cHM6Ly93d3cubGl2ZXJwb29sLmNvbS5teC90aWVuZGEvcGRwL0xhdmFkb3JhLVdpbmlhLTE5LWtnLWdyaXMtb3hmb3JkLURXRi1ERzFCMzg2Q0JTMS8xMDU3MDcyNjkxODgxOTMy;SEM;2021-10-08;2021-04-01;;881932;;;;LIVERPOOL;MX;2021-10-08 03:23;WINIA;Lavadora Winia 19 kg gris oxford DWF-DG1B386CBS1;https://www.liverpool.com.mx/tienda/pdp/Lavadora-Winia-19-kg-gris-oxford-DWF-DG1B386CBS1/1057072691;WM;5;https://www.liverpool.com.mx/
13;aHR0cHM6Ly93d3cubGl2ZXJwb29sLmNvbS5teC90aWVuZGEvcGRwL0xhdmFkb3JhLVdpbmlhLTE5LWtnLWdyaXMtb3hmb3JkLURXRi1ERzFCMzg2Q0JTMS8xMDU3MDcyNjkxNzI3Mzc=;SEM;2021-10-08;2019-07-09;;72737;;;;LIVERPOOL;MX;2021-10-08 03:23;WINIA;Lavadora Winia 19 kg gris oxford DWF-DG1B386CBS1;https://www.liverpool.com.mx/tienda/pdp/Lavadora-Winia-19-kg-gris-oxford-DWF-DG1B386CBS1/1057072691;WM;5;https://www.liverpool.com.mx/
14;aHR0cHM6Ly93d3cubGl2ZXJwb29sLmNvbS5teC90aWVuZGEvcGRwL0xhdmFkb3JhLVdpbmlhLTE5LWtnLWdyaXMtb3hmb3JkLURXRi1ERzFCMzg2Q0JTMS8xMDU3MDcyNjkxMTgxMDY5;SEM;2021-10-08;2020-02-05;;181069;;;;LIVERPOOL;MX;2021-10-08 03:23;WINIA;Lavadora Winia 19 kg gris oxford DWF-DG1B386CBS1;https://www.liverpool.com.mx/tienda/pdp/Lavadora-Winia-19-kg-gris-oxford-DWF-DG1B386CBS1/1057072691;WM;5;https://www.liverpool.com.mx/
15;aHR0cHM6Ly93d3cubGl2ZXJwb29sLmNvbS5teC90aWVuZGEvcGRwL0xhdmFkb3JhLVdpbmlhLTE5LWtnLWdyaXMtb3hmb3JkLURXRi1ERzFCMzg2Q0JTMS8xMDU3MDcyNjkxOTQzODg5;SEM;2021-10-08;2021-05-06;;943889;;;;LIVERPOOL;MX;2021-10-08 03:23;WINIA;Lavadora Winia 19 kg gris oxford DWF-DG1B386CBS1;https://www.liverpool.com.mx/tienda/pdp/Lavadora-Winia-19-kg-gris-oxford-DWF-DG1B386CBS1/1057072691;WM;5;https://www.liverpool.com.mx/
16;aHR0cHM6Ly93d3cubGl2ZXJwb29sLmNvbS5teC90aWVuZGEvcGRwL0xhdmFkb3JhLVdpbmlhLTE5LWtnLWdyaXMtb3hmb3JkLURXRi1ERzFCMzg2Q0JTMS8xMDU3MDcyNjkxNDcwNjYx;SEM;2021-10-08;2020-08-04;;470661;;;;LIVERPOOL;MX;2021-10-08 03:23;WINIA;Lavadora Winia 19 kg gris oxford DWF-DG1B386CBS1;https://www.liverpool.com.mx/tienda/pdp/Lavadora-Winia-19-kg-gris-oxford-DWF-DG1B386CBS1/1057072691;WM;4;https://www.liverpool.com.mx/
17;aHR0cHM6Ly93d3cubGl2ZXJwb29sLmNvbS5teC90aWVuZGEvcGRwL0xhdmFkb3JhLVdpbmlhLTE5LWtnLWdyaXMtb3hmb3JkLURXRi1ERzFCMzg2Q0JTMS8xMDU3MDcyNjkxNDczNzQy;SEM;2021-10-08;2020-08-04;;473742;;;;LIVERPOOL;MX;2021-10-08 03:23;WINIA;Lavadora Winia 19 kg gris oxford DWF-DG1B386CBS1;https://www.liverpool.com.mx/tienda/pdp/Lavadora-Winia-19-kg-gris-oxford-DWF-DG1B386CBS1/1057072691;WM;3;https://www.liverpool.com.mx/
18;aHR0cHM6Ly93d3cubGl2ZXJwb29sLmNvbS5teC90aWVuZGEvcGRwL0xhdmFkb3JhLVdpbmlhLTE5LWtnLWdyaXMtb3hmb3JkLURXRi1ERzFCMzg2Q0JTMS8xMDU3MDcyNjkxNzIwMTMy;SEM;2021-10-08;2021-01-09;;720132;;;;LIVERPOOL;MX;2021-10-08 03:23;WINIA;Lavadora Winia 19 kg gris oxford DWF-DG1B386CBS1;https://www.liverpool.com.mx/tienda/pdp/Lavadora-Winia-19-kg-gris-oxford-DWF-DG1B386CBS1/1057072691;WM;5;https://www.liverpool.com.mx/
19;aHR0cHM6Ly93d3cubGl2ZXJwb29sLmNvbS5teC90aWVuZGEvcGRwL0xhdmFkb3JhLVdpbmlhLTE5LWtnLWdyaXMtb3hmb3JkLURXRi1ERzFCMzg2Q0JTMS8xMDU3MDcyNjkxNzA2ODYy;SEM;2021-10-08;2021-01-02;;706862;;;;LIVERPOOL;MX;2021-10-08 03:23;WINIA;Lavadora Winia 19 kg gris oxford DWF-DG1B386CBS1;https://www.liverpool.com.mx/tienda/pdp/Lavadora-Winia-19-kg-gris-oxford-DWF-DG1B386CBS1/1057072691;WM;5;https://www.liverpool.com.mx/
20;aHR0cHM6Ly93d3cubGl2ZXJwb29sLmNvbS5teC90aWVuZGEvcGRwL0xhdmFkb3JhLVdpbmlhLTE5LWtnLWdyaXMtb3hmb3JkLURXRi1ERzFCMzg2Q0JTMS8xMDU3MDcyNjkxOTczMzU4;SEM;2021-10-08;2021-05-15;;973358;;;;LIVERPOOL;MX;2021-10-08 03:23;WINIA;Lavadora Winia 19 kg gris oxford DWF-DG1B386CBS1;https://www.liverpool.com.mx/tienda/pdp/Lavadora-Winia-19-kg-gris-oxford-DWF-DG1B386CBS1/1057072691;WM;5;https://www.liverpool.com.mx/
21;aHR0cHM6Ly93d3cubGl2ZXJwb29sLmNvbS5teC90aWVuZGEvcGRwL0xhdmFkb3JhLVdpbmlhLTE5LWtnLWdyaXMtb3hmb3JkLURXRi1ERzFCMzg2Q0JTMS8xMDU3MDcyNjkxMTM5ODIz;SEM;2021-10-08;2019-11-26;;139823;;;;LIVERPOOL;MX;2021-10-08 03:23;WINIA;Lavadora Winia 19 kg gris oxford DWF-DG1B386CBS1;https://www.liverpool.com.mx/tienda/pdp/Lavadora-Winia-19-kg-gris-oxford-DWF-DG1B386CBS1/1057072691;WM;5;https://www.liverpool.com.mx/
22;aHR0cHM6Ly93d3cubGl2ZXJwb29sLmNvbS5teC90aWVuZGEvcGRwL0xhdmFkb3JhLVdpbmlhLTE5LWtnLWdyaXMtb3hmb3JkLURXRi1ERzFCMzg2Q0JTMS8xMDU3MDcyNjkxNDY1MjUz;SEM;2021-10-08;2020-08-03;;465253;;;;LIVERPOOL;MX;2021-10-08 03:23;WINIA;Lavadora Winia 19 kg gris oxford DWF-DG1B386CBS1;https://www.liverpool.com.mx/tienda/pdp/Lavadora-Winia-19-kg-gris-oxford-DWF-DG1B386CBS1/1057072691;WM;5;https://www.liverpool.com.mx/
23;aHR0cHM6Ly93d3cubGl2ZXJwb29sLmNvbS5teC90aWVuZGEvcGRwL0xhdmFkb3JhLVdpbmlhLTE5LWtnLWdyaXMtb3hmb3JkLURXRi1ERzFCMzg2Q0JTMS8xMDU3MDcyNjkxNTExMzcy;SEM;2021-10-08;2020-08-11;;511372;;;;LIVERPOOL;MX;2021-10-08 03:23;WINIA;Lavadora Winia 19 kg gris oxford DWF-DG1B386CBS1;https://www.liverpool.com.mx/tienda/pdp/Lavadora-Winia-19-kg-gris-oxford-DWF-DG1B386CBS1/1057072691;WM;5;https://www.liverpool.com.mx/
24;aHR0cHM6Ly93d3cubGl2ZXJwb29sLmNvbS5teC90aWVuZGEvcGRwL0xhdmFkb3JhLVdpbmlhLTE5LWtnLWdyaXMtb3hmb3JkLURXRi1ERzFCMzg2Q0JTMS8xMDU3MDcyNjkxNDUyMjM3;SEM;2021-10-08;2020-07-31;;452237;;;;LIVERPOOL;MX;2021-10-08 03:23;WINIA;Lavadora Winia 19 kg gris oxford DWF-DG1B386CBS1;https://www.liverpool.com.mx/tienda/pdp/Lavadora-Winia-19-kg-gris-oxford-DWF-DG1B386CBS1/1057072691;WM;5;https://www.liverpool.com.mx/
25;aHR0cHM6Ly93d3cubGl2ZXJwb29sLmNvbS5teC90aWVuZGEvcGRwL0xhdmFkb3JhLVdpbmlhLTE5LWtnLWdyaXMtb3hmb3JkLURXRi1ERzFCMzg2Q0JTMS8xMDU3MDcyNjkxNDQ2NjA4;SEM;2021-10-08;2020-07-31;;446608;;;;LIVERPOOL;MX;2021-10-08 03:23;WINIA;Lavadora Winia 19 kg gris oxford DWF-DG1B386CBS1;https://www.liverpool.com.mx/tienda/pdp/Lavadora-Winia-19-kg-gris-oxford-DWF-DG1B386CBS1/1057072691;WM;5;https://www.liverpool.com.mx/
26;aHR0cHM6Ly93d3cubGl2ZXJwb29sLmNvbS5teC90aWVuZGEvcGRwL0xhdmFkb3JhLVdpbmlhLTE5LWtnLWdyaXMtb3hmb3JkLURXRi1ERzFCMzg2Q0JTMS8xMDU3MDcyNjkxMjA2NTA4;SEM;2021-10-08;2020-03-31;;206508;;;;LIVERPOOL;MX;2021-10-08 03:23;WINIA;Lavadora Winia 19 kg gris oxford DWF-DG1B386CBS1;https://www.liverpool.com.mx/tienda/pdp/Lavadora-Winia-19-kg-gris-oxford-DWF-DG1B386CBS1/1057072691;WM;5;https://www.liverpool.com.mx/
27;aHR0cHM6Ly93d3cubGl2ZXJwb29sLmNvbS5teC90aWVuZGEvcGRwL0xhdmFkb3JhLVdpbmlhLTE5LWtnLWdyaXMtb3hmb3JkLURXRi1ERzFCMzg2Q0JTMS8xMDU3MDcyNjkxNjcwMTI4;SEM;2021-10-08;2020-12-16;;670128;;;;LIVERPOOL;MX;2021-10-08 03:23;WINIA;Lavadora Winia 19 kg gris oxford DWF-DG1B386CBS1;https://www.liverpool.com.mx/tienda/pdp/Lavadora-Winia-19-kg-gris-oxford-DWF-DG1B386CBS1/1057072691;WM;5;https://www.liverpool.com.mx/
28;aHR0cHM6Ly93d3cubGl2ZXJwb29sLmNvbS5teC90aWVuZGEvcGRwL0xhdmFkb3JhLVdpbmlhLTE5LWtnLWdyaXMtb3hmb3JkLURXRi1ERzFCMzg2Q0JTMS8xMDU3MDcyNjkxMjA2MDE2;SEM;2021-10-08;2020-03-30;;206016;;;;LIVERPOOL;MX;2021-10-08 03:23;WINIA;Lavadora Winia 19 kg gris oxford DWF-DG1B386CBS1;https://www.liverpool.com.mx/tienda/pdp/Lavadora-Winia-19-kg-gris-oxford-DWF-DG1B386CBS1/1057072691;WM;5;https://www.liverpool.com.mx/
29;aHR0cHM6Ly93d3cubGl2ZXJwb29sLmNvbS5teC90aWVuZGEvcGRwL0xhdmFkb3JhLVdpbmlhLTE5LWtnLWdyaXMtb3hmb3JkLURXRi1ERzFCMzg2Q0JTMS8xMDU3MDcyNjkxNDM3Mjk0;SEM;2021-10-08;2020-07-29;;437294;;;;LIVERPOOL;MX;2021-10-08 03:23;WINIA;Lavadora Winia 19 kg gris oxford DWF-DG1B386CBS1;https://www.liverpool.com.mx/tienda/pdp/Lavadora-Winia-19-kg-gris-oxford-DWF-DG1B386CBS1/1057072691;WM;4;https://www.liverpool.com.mx/
30;aHR0cHM6Ly93d3cubGl2ZXJwb29sLmNvbS5teC90aWVuZGEvcGRwL0xhdmFkb3JhLVdpbmlhLTE5LWtnLWdyaXMtb3hmb3JkLURXRi1ERzFCMzg2Q0JTMS8xMDU3MDcyNjkxNTE2Mzc3;SEM;2021-10-08;2020-08-13;;516377;;;;LIVERPOOL;MX;2021-10-08 03:23;WINIA;Lavadora Winia 19 kg gris oxford DWF-DG1B386CBS1;https://www.liverpool.com.mx/tienda/pdp/Lavadora-Winia-19-kg-gris-oxford-DWF-DG1B386CBS1/1057072691;WM;3;https://www.liverpool.com.mx/
31;aHR0cHM6Ly93d3cubGl2ZXJwb29sLmNvbS5teC90aWVuZGEvcGRwL0xhdmFkb3JhLVdpbmlhLTE5LWtnLWdyaXMtb3hmb3JkLURXRi1ERzFCMzg2Q0JTMS8xMDU3MDcyNjkxNDU5Nzg1;SEM;2021-10-08;2020-08-02;;459785;;;;LIVERPOOL;MX;2021-10-08 03:23;WINIA;Lavadora Winia 19 kg gris oxford DWF-DG1B386CBS1;https://www.liverpool.com.mx/tienda/pdp/Lavadora-Winia-19-kg-gris-oxford-DWF-DG1B386CBS1/1057072691;WM;5;https://www.liverpool.com.mx/
32;aHR0cHM6Ly93d3cubGl2ZXJwb29sLmNvbS5teC90aWVuZGEvcGRwL0xhdmFkb3JhLVdpbmlhLTE5LWtnLWdyaXMtb3hmb3JkLURXRi1ERzFCMzg2Q0JTMS8xMDU3MDcyNjkxNTc1NTEx;SEM;2021-10-08;2020-09-02;;575511;;;;LIVERPOOL;MX;2021-10-08 03:23;WINIA;Lavadora Winia 19 kg gris oxford DWF-DG1B386CBS1;https://www.liverpool.com.mx/tienda/pdp/Lavadora-Winia-19-kg-gris-oxford-DWF-DG1B386CBS1/1057072691;WM;5;https://www.liverpool.com.mx/
33;aHR0cHM6Ly93d3cubGl2ZXJwb29sLmNvbS5teC90aWVuZGEvcGRwL0xhdmFkb3JhLVdpbmlhLTE5LWtnLWdyaXMtb3hmb3JkLURXRi1ERzFCMzg2Q0JTMS8xMDU3MDcyNjkxNDU5MzEy;SEM;2021-10-08;2020-08-02;;459312;;;;LIVERPOOL;MX;2021-10-08 03:23;WINIA;Lavadora Winia 19 kg gris oxford DWF-DG1B386CBS1;https://www.liverpool.com.mx/tienda/pdp/Lavadora-Winia-19-kg-gris-oxford-DWF-DG1B386CBS1/1057072691;WM;5;https://www.liverpool.com.mx/
34;aHR0cHM6Ly93d3cubGl2ZXJwb29sLmNvbS5teC90aWVuZGEvcGRwL0xhdmFkb3JhLVdpbmlhLTE5LWtnLWdyaXMtb3hmb3JkLURXRi1ERzFCMzg2Q0JTMS8xMDU3MDcyNjkxNDU3Mjc4;SEM;2021-10-08;2020-08-01;;457278;;;;LIVERPOOL;MX;2021-10-08 03:23;WINIA;Lavadora Winia 19 kg gris oxford DWF-DG1B386CBS1;https://www.liverpool.com.mx/tienda/pdp/Lavadora-Winia-19-kg-gris-oxford-DWF-DG1B386CBS1/1057072691;WM;5;https://www.liverpool.com.mx/
35;aHR0cHM6Ly93d3cubGl2ZXJwb29sLmNvbS5teC90aWVuZGEvcGRwL0xhdmFkb3JhLVdpbmlhLTE5LWtnLWdyaXMtb3hmb3JkLURXRi1ERzFCMzg2Q0JTMS8xMDU3MDcyNjkxNDU3NTQ3;SEM;2021-10-08;2020-08-01;;457547;;;;LIVERPOOL;MX;2021-10-08 03:23;WINIA;Lavadora Winia 19 kg gris oxford DWF-DG1B386CBS1;https://www.liverpool.com.mx/tienda/pdp/Lavadora-Winia-19-kg-gris-oxford-DWF-DG1B386CBS1/1057072691;WM;5;https://www.liverpool.com.mx/
36;aHR0cHM6Ly93d3cubGl2ZXJwb29sLmNvbS5teC90aWVuZGEvcGRwL0xhdmFkb3JhLVdpbmlhLTE5LWtnLWdyaXMtb3hmb3JkLURXRi1ERzFCMzg2Q0JTMS8xMDU3MDcyNjkxNDYwNjQ0;SEM;2021-10-08;2020-08-02;;460644;;;;LIVERPOOL;MX;2021-10-08 03:23;WINIA;Lavadora Winia 19 kg gris oxford DWF-DG1B386CBS1;https://www.liverpool.com.mx/tienda/pdp/Lavadora-Winia-19-kg-gris-oxford-DWF-DG1B386CBS1/1057072691;WM;5;https://www.liverpool.com.mx/
37;aHR0cHM6Ly93d3cubGl2ZXJwb29sLmNvbS5teC90aWVuZGEvcGRwL0xhdmFkb3JhLVdpbmlhLTE5LWtnLWdyaXMtb3hmb3JkLURXRi1ERzFCMzg2Q0JTMS8xMDU3MDcyNjkxNDY0MjQz;SEM;2021-10-08;2020-08-03;;464243;;;;LIVERPOOL;MX;2021-10-08 03:23;WINIA;Lavadora Winia 19 kg gris oxford DWF-DG1B386CBS1;https://www.liverpool.com.mx/tienda/pdp/Lavadora-Winia-19-kg-gris-oxford-DWF-DG1B386CBS1/1057072691;WM;5;https://www.liverpool.com.mx/
38;aHR0cHM6Ly93d3cubGl2ZXJwb29sLmNvbS5teC90aWVuZGEvcGRwL0xhdmFkb3JhLVdpbmlhLTE5LWtnLWdyaXMtb3hmb3JkLURXRi1ERzFCMzg2Q0JTMS8xMDU3MDcyNjkxNTIyMzY2;SEM;2021-10-08;2020-08-16;;522366;;;;LIVERPOOL;MX;2021-10-08 03:23;WINIA;Lavadora Winia 19 kg gris oxford DWF-DG1B386CBS1;https://www.liverpool.com.mx/tienda/pdp/Lavadora-Winia-19-kg-gris-oxford-DWF-DG1B386CBS1/1057072691;WM;5;https://www.liverpool.com.mx/
39;aHR0cHM6Ly93d3cubGl2ZXJwb29sLmNvbS5teC90aWVuZGEvcGRwL0xhdmFkb3JhLVdpbmlhLTE5LWtnLWdyaXMtb3hmb3JkLURXRi1ERzFCMzg2Q0JTMS8xMDU3MDcyNjkxMTI2NDI3Mg==;SEM;2021-10-08;2021-09-13;;1264272;;;;LIVERPOOL;MX;2021-10-08 03:23;WINIA;Lavadora Winia 19 kg gris oxford DWF-DG1B386CBS1;https://www.liverpool.com.mx/tienda/pdp/Lavadora-Winia-19-kg-gris-oxford-DWF-DG1B386CBS1/1057072691;WM;5;https://www.liverpool.com.mx/
40;aHR0cHM6Ly93d3cubGl2ZXJwb29sLmNvbS5teC90aWVuZGEvcGRwL0xhdmFkb3JhLVdpbmlhLTE5LWtnLWdyaXMtb3hmb3JkLURXRi1ERzFCMzg2Q0JTMS8xMDU3MDcyNjkxMTA3NjExNQ==;SEM;2021-10-08;2021-06-17;;1076115;;;;LIVERPOOL;MX;2021-10-08 03:23;WINIA;Lavadora Winia 19 kg gris oxford DWF-DG1B386CBS1;https://www.liverpool.com.mx/tienda/pdp/Lavadora-Winia-19-kg-gris-oxford-DWF-DG1B386CBS1/1057072691;WM;5;https://www.liverpool.com.mx/
41;aHR0cHM6Ly93d3cubGl2ZXJwb29sLmNvbS5teC90aWVuZGEvcGRwL0xhdmFkb3JhLVdpbmlhLTE5LWtnLWdyaXMtb3hmb3JkLURXRi1ERzFCMzg2Q0JTMS8xMDU3MDcyNjkxMTAwMTkyNw==;SEM;2021-10-08;2021-05-25;;1001927;;;;LIVERPOOL;MX;2021-10-08 03:23;WINIA;Lavadora Winia 19 kg gris oxford DWF-DG1B386CBS1;https://www.liverpool.com.mx/tienda/pdp/Lavadora-Winia-19-kg-gris-oxford-DWF-DG1B386CBS1/1057072691;WM;5;https://www.liverpool.com.mx/
42;aHR0cHM6Ly93d3cubGl2ZXJwb29sLmNvbS5teC90aWVuZGEvcGRwL0xhdmFkb3JhLVdpbmlhLTE5LWtnLWdyaXMtb3hmb3JkLURXRi1ERzFCMzg2Q0JTMS8xMDU3MDcyNjkxODEwNzAx;SEM;2021-10-08;2021-02-25;;810701;;;;LIVERPOOL;MX;2021-10-08 03:23;WINIA;Lavadora Winia 19 kg gris oxford DWF-DG1B386CBS1;https://www.liverpool.com.mx/tienda/pdp/Lavadora-Winia-19-kg-gris-oxford-DWF-DG1B386CBS1/1057072691;WM;5;https://www.liverpool.com.mx/
43;aHR0cHM6Ly93d3cubGl2ZXJwb29sLmNvbS5teC90aWVuZGEvcGRwL0xhdmFkb3JhLVdpbmlhLTE5LWtnLWdyaXMtb3hmb3JkLURXRi1ERzFCMzg2Q0JTMS8xMDU3MDcyNjkxNDY3OTIy;SEM;2021-10-08;2020-08-03;;467922;;;;LIVERPOOL;MX;2021-10-08 03:23;WINIA;Lavadora Winia 19 kg gris oxford DWF-DG1B386CBS1;https://www.liverpool.com.mx/tienda/pdp/Lavadora-Winia-19-kg-gris-oxford-DWF-DG1B386CBS1/1057072691;WM;5;https://www.liverpool.com.mx/
44;aHR0cHM6Ly93d3cubGl2ZXJwb29sLmNvbS5teC90aWVuZGEvcGRwL0xhdmFkb3JhLVdpbmlhLTE5LWtnLWdyaXMtb3hmb3JkLURXRi1ERzFCMzg2Q0JTMS8xMDU3MDcyNjkxMTI2MjA2Ng==;SEM;2021-10-08;2021-09-12;;1262066;;;;LIVERPOOL;MX;2021-10-08 03:23;WINIA;Lavadora Winia 19 kg gris oxford DWF-DG1B386CBS1;https://www.liverpool.com.mx/tienda/pdp/Lavadora-Winia-19-kg-gris-oxford-DWF-DG1B386CBS1/1057072691;WM;5;https://www.liverpool.com.mx/
45;aHR0cHM6Ly93d3cubGl2ZXJwb29sLmNvbS5teC90aWVuZGEvcGRwL0xhdmFkb3JhLVdpbmlhLTE5LWtnLWdyaXMtb3hmb3JkLURXRi1ERzFCMzg2Q0JTMS8xMDU3MDcyNjkxOTUxNTgw;SEM;2021-10-08;2021-05-08;;951580;;;;LIVERPOOL;MX;2021-10-08 03:23;WINIA;Lavadora Winia 19 kg gris oxford DWF-DG1B386CBS1;https://www.liverpool.com.mx/tienda/pdp/Lavadora-Winia-19-kg-gris-oxford-DWF-DG1B386CBS1/1057072691;WM;4;https://www.liverpool.com.mx/
46;aHR0cHM6Ly93d3cubGl2ZXJwb29sLmNvbS5teC90aWVuZGEvcGRwL0xhdmFkb3JhLVdpbmlhLTE5LWtnLWdyaXMtb3hmb3JkLURXRi1ERzFCMzg2Q0JTMS8xMDU3MDcyNjkxNTkxMTM4;SEM;2021-10-08;2020-09-07;;591138;;;;LIVERPOOL;MX;2021-10-08 03:23;WINIA;Lavadora Winia 19 kg gris oxford DWF-DG1B386CBS1;https://www.liverpool.com.mx/tienda/pdp/Lavadora-Winia-19-kg-gris-oxford-DWF-DG1B386CBS1/1057072691;WM;4;https://www.liverpool.com.mx/
47;aHR0cHM6Ly93d3cubGl2ZXJwb29sLmNvbS5teC90aWVuZGEvcGRwL0xhdmFkb3JhLVdpbmlhLTE5LWtnLWdyaXMtb3hmb3JkLURXRi1ERzFCMzg2Q0JTMS8xMDU3MDcyNjkxNjI2MjIw;SEM;2021-10-08;2020-10-09;;626220;;;;LIVERPOOL;MX;2021-10-08 03:23;WINIA;Lavadora Winia 19 kg gris oxford DWF-DG1B386CBS1;https://www.liverpool.com.mx/tienda/pdp/Lavadora-Winia-19-kg-gris-oxford-DWF-DG1B386CBS1/1057072691;WM;4;https://www.liverpool.com.mx/
48;aHR0cHM6Ly93d3cubGl2ZXJwb29sLmNvbS5teC90aWVuZGEvcGRwL0xhdmFkb3JhLVdpbmlhLTE5LWtnLWdyaXMtb3hmb3JkLURXRi1ERzFCMzg2Q0JTMS8xMDU3MDcyNjkxNDk4NDg2;SEM;2021-10-08;2020-08-08;;498486;;;;LIVERPOOL;MX;2021-10-08 03:23;WINIA;Lavadora Winia 19 kg gris oxford DWF-DG1B386CBS1;https://www.liverpool.com.mx/tienda/pdp/Lavadora-Winia-19-kg-gris-oxford-DWF-DG1B386CBS1/1057072691;WM;4;https://www.liverpool.com.mx/
49;aHR0cHM6Ly93d3cubGl2ZXJwb29sLmNvbS5teC90aWVuZGEvcGRwL0xhdmFkb3JhLVdpbmlhLTE5LWtnLWdyaXMtb3hmb3JkLURXRi1ERzFCMzg2Q0JTMS8xMDU3MDcyNjkxNDgzOTAx;SEM;2021-10-08;2020-08-06;;483901;;;;LIVERPOOL;MX;2021-10-08 03:23;WINIA;Lavadora Winia 19 kg gris oxford DWF-DG1B386CBS1;https://www.liverpool.com.mx/tienda/pdp/Lavadora-Winia-19-kg-gris-oxford-DWF-DG1B386CBS1/1057072691;WM;4;https://www.liverpool.com.mx/
50;aHR0cHM6Ly93d3cubGl2ZXJwb29sLmNvbS5teC90aWVuZGEvcGRwL0xhdmFkb3JhLVdpbmlhLTE5LWtnLWdyaXMtb3hmb3JkLURXRi1ERzFCMzg2Q0JTMS8xMDU3MDcyNjkxMTAzNjY2Nw==;SEM;2021-10-08;2021-06-05;;1036667;;;;LIVERPOOL;MX;2021-10-08 03:23;WINIA;Lavadora Winia 19 kg gris oxford DWF-DG1B386CBS1;https://www.liverpool.com.mx/tienda/pdp/Lavadora-Winia-19-kg-gris-oxford-DWF-DG1B386CBS1/1057072691;WM;4;https://www.liverpool.com.mx/
51;aHR0cHM6Ly93d3cubGl2ZXJwb29sLmNvbS5teC90aWVuZGEvcGRwL0NvbWJvLWRlLUxhdmFkb3JhLSstU2VjYWRvcmEtTEctQ2FyZ2EtRnJvbnRhbC1XTTIyUlYyUzYuREYyMlJWMi8xMDc3NTYzNzU2MjQ4NDg=;SEM;2021-10-08;2019-02-25;;24848;;;;LIVERPOOL;MX;2021-10-08 03:25;LG;Combo de Lavadora + Secadora LG Carga Frontal WM22RV2S6.DF22RV2;https://www.liverpool.com.mx/tienda/pdp/Combo-de-Lavadora-+-Secadora-LG-Carga-Frontal-WM22RV2S6.DF22RV2/1077563756;WM;5;https://www.liverpool.com.mx/
52;aHR0cHM6Ly93d3cubGl2ZXJwb29sLmNvbS5teC90aWVuZGEvcGRwL0NvbWJvLWRlLUxhdmFkb3JhLSstU2VjYWRvcmEtTEctQ2FyZ2EtRnJvbnRhbC1XTTIyUlYyUzYuREYyMlJWMi8xMDc3NTYzNzU2MjQzMDk=;SEM;2021-10-08;2019-02-23;;24309;;;;LIVERPOOL;MX;2021-10-08 03:25;LG;Combo de Lavadora + Secadora LG Carga Frontal WM22RV2S6.DF22RV2;https://www.liverpool.com.mx/tienda/pdp/Combo-de-Lavadora-+-Secadora-LG-Carga-Frontal-WM22RV2S6.DF22RV2/1077563756;WM;5;https://www.liverpool.com.mx/
53;aHR0cHM6Ly93d3cubGl2ZXJwb29sLmNvbS5teC90aWVuZGEvcGRwL0NvbWJvLWRlLUxhdmFkb3JhLSstU2VjYWRvcmEtTEctQ2FyZ2EtRnJvbnRhbC1XTTIyUlYyUzYuREYyMlJWMi8xMDc3NTYzNzU2MjAzMTc4;SEM;2021-10-08;2020-03-24;;203178;;;;LIVERPOOL;MX;2021-10-08 03:25;LG;Combo de Lavadora + Secadora LG Carga Frontal WM22RV2S6.DF22RV2;https://www.liverpool.com.mx/tienda/pdp/Combo-de-Lavadora-+-Secadora-LG-Carga-Frontal-WM22RV2S6.DF22RV2/1077563756;WM;1;https://www.liverpool.com.mx/
54;aHR0cHM6Ly93d3cubGl2ZXJwb29sLmNvbS5teC90aWVuZGEvcGRwL0NvbWJvLWRlLUxhdmFkb3JhLSstU2VjYWRvcmEtTEctQ2FyZ2EtRnJvbnRhbC1XTTIyUlYyUzYuREYyMlJWMi8xMDc3NTYzNzU2OTc5NDI=;SEM;2021-10-08;2019-08-30;;97942;;;;LIVERPOOL;MX;2021-10-08 03:25;LG;Combo de Lavadora + Secadora LG Carga Frontal WM22RV2S6.DF22RV2;https://www.liverpool.com.mx/tienda/pdp/Combo-de-Lavadora-+-Secadora-LG-Carga-Frontal-WM22RV2S6.DF22RV2/1077563756;WM;5;https://www.liverpool.com.mx/
55;aHR0cHM6Ly93d3cubGl2ZXJwb29sLmNvbS5teC90aWVuZGEvcGRwL0NvbWJvLWRlLUxhdmFkb3JhLSstU2VjYWRvcmEtTEctQ2FyZ2EtRnJvbnRhbC1XTTIyUlYyUzYuREYyMlJWMi8xMDc3NTYzNzU2MTE0NjEz;SEM;2021-10-08;2019-10-07;;114613;;;;LIVERPOOL;MX;2021-10-08 03:25;LG;Combo de Lavadora + Secadora LG Carga Frontal WM22RV2S6.DF22RV2;https://www.liverpool.com.mx/tienda/pdp/Combo-de-Lavadora-+-Secadora-LG-Carga-Frontal-WM22RV2S6.DF22RV2/1077563756;WM;5;https://www.liverpool.com.mx/
56;aHR0cHM6Ly93d3cubGl2ZXJwb29sLmNvbS5teC90aWVuZGEvcGRwL0NvbWJvLWRlLUxhdmFkb3JhLSstU2VjYWRvcmEtTEctQ2FyZ2EtRnJvbnRhbC1XTTIyUlYyUzYuREYyMlJWMi8xMDc3NTYzNzU2NTU2NzA=;SEM;2021-10-08;2019-05-30;;55670;;;;LIVERPOOL;MX;2021-10-08 03:25;LG;Combo de Lavadora + Secadora LG Carga Frontal WM22RV2S6.DF22RV2;https://www.liverpool.com.mx/tienda/pdp/Combo-de-Lavadora-+-Secadora-LG-Carga-Frontal-WM22RV2S6.DF22RV2/1077563756;WM;5;https://www.liverpool.com.mx/
57;aHR0cHM6Ly93d3cubGl2ZXJwb29sLmNvbS5teC90aWVuZGEvcGRwL0NvbWJvLWRlLUxhdmFkb3JhLSstU2VjYWRvcmEtTEctQ2FyZ2EtRnJvbnRhbC1XTTIyUlYyUzYuREYyMlJWMi8xMDc3NTYzNzU2Mjc1MTg0;SEM;2021-10-08;2020-06-01;;275184;;;;LIVERPOOL;MX;2021-10-08 03:25;LG;Combo de Lavadora + Secadora LG Carga Frontal WM22RV2S6.DF22RV2;https://www.liverpool.com.mx/tienda/pdp/Combo-de-Lavadora-+-Secadora-LG-Carga-Frontal-WM22RV2S6.DF22RV2/1077563756;WM;5;https://www.liverpool.com.mx/
58;aHR0cHM6Ly93d3cubGl2ZXJwb29sLmNvbS5teC90aWVuZGEvcGRwL0NvbWJvLWRlLUxhdmFkb3JhLSstU2VjYWRvcmEtTEctQ2FyZ2EtRnJvbnRhbC1XTTIyUlYyUzYuREYyMlJWMi8xMDc3NTYzNzU2MTkxNzE5;SEM;2021-10-08;2020-02-26;;191719;;;;LIVERPOOL;MX;2021-10-08 03:25;LG;Combo de Lavadora + Secadora LG Carga Frontal WM22RV2S6.DF22RV2;https://www.liverpool.com.mx/tienda/pdp/Combo-de-Lavadora-+-Secadora-LG-Carga-Frontal-WM22RV2S6.DF22RV2/1077563756;WM;3;https://www.liverpool.com.mx/
59;aHR0cHM6Ly93d3cubGl2ZXJwb29sLmNvbS5teC90aWVuZGEvcGRwL0NvbWJvLWRlLUxhdmFkb3JhLSstU2VjYWRvcmEtTEctQ2FyZ2EtRnJvbnRhbC1XTTIyUlYyUzYuREYyMlJWMi8xMDc3NTYzNzU2MTM0NzMw;SEM;2021-10-08;2019-11-17;;134730;;;;LIVERPOOL;MX;2021-10-08 03:25;LG;Combo de Lavadora + Secadora LG Carga Frontal WM22RV2S6.DF22RV2;https://www.liverpool.com.mx/tienda/pdp/Combo-de-Lavadora-+-Secadora-LG-Carga-Frontal-WM22RV2S6.DF22RV2/1077563756;WM;5;https://www.liverpool.com.mx/
60;aHR0cHM6Ly93d3cubGl2ZXJwb29sLmNvbS5teC90aWVuZGEvcGRwL0NvbWJvLWRlLUxhdmFkb3JhLSstU2VjYWRvcmEtTEctQ2FyZ2EtRnJvbnRhbC1XTTIyUlYyUzYuREYyMlJWMi8xMDc3NTYzNzU2NDgzNTQz;SEM;2021-10-08;2020-08-06;;483543;;;;LIVERPOOL;MX;2021-10-08 03:25;LG;Combo de Lavadora + Secadora LG Carga Frontal WM22RV2S6.DF22RV2;https://www.liverpool.com.mx/tienda/pdp/Combo-de-Lavadora-+-Secadora-LG-Carga-Frontal-WM22RV2S6.DF22RV2/1077563756;WM;5;https://www.liverpool.com.mx/
61;aHR0cHM6Ly93d3cubGl2ZXJwb29sLmNvbS5teC90aWVuZGEvcGRwL0NvbWJvLWRlLUxhdmFkb3JhLSstU2VjYWRvcmEtTEctQ2FyZ2EtRnJvbnRhbC1XTTIyUlYyUzYuREYyMlJWMi8xMDc3NTYzNzU2MjU5NDgw;SEM;2021-10-08;2020-05-21;;259480;;;;LIVERPOOL;MX;2021-10-08 03:25;LG;Combo de Lavadora + Secadora LG Carga Frontal WM22RV2S6.DF22RV2;https://www.liverpool.com.mx/tienda/pdp/Combo-de-Lavadora-+-Secadora-LG-Carga-Frontal-WM22RV2S6.DF22RV2/1077563756;WM;5;https://www.liverpool.com.mx/
62;aHR0cHM6Ly93d3cubGl2ZXJwb29sLmNvbS5teC90aWVuZGEvcGRwL0NvbWJvLWRlLUxhdmFkb3JhLSstU2VjYWRvcmEtTEctQ2FyZ2EtRnJvbnRhbC1XTTIyUlYyUzYuREYyMlJWMi8xMDc3NTYzNzU2MTM0OTgw;SEM;2021-10-08;2019-11-18;;134980;;;;LIVERPOOL;MX;2021-10-08 03:25;LG;Combo de Lavadora + Secadora LG Carga Frontal WM22RV2S6.DF22RV2;https://www.liverpool.com.mx/tienda/pdp/Combo-de-Lavadora-+-Secadora-LG-Carga-Frontal-WM22RV2S6.DF22RV2/1077563756;WM;5;https://www.liverpool.com.mx/
63;aHR0cHM6Ly93d3cubGl2ZXJwb29sLmNvbS5teC90aWVuZGEvcGRwL0NvbWJvLWRlLUxhdmFkb3JhLSstU2VjYWRvcmEtTEctQ2FyZ2EtRnJvbnRhbC1XTTIyUlYyUzYuREYyMlJWMi8xMDc3NTYzNzU2MjU5MzMw;SEM;2021-10-08;2020-05-21;;259330;;;;LIVERPOOL;MX;2021-10-08 03:25;LG;Combo de Lavadora + Secadora LG Carga Frontal WM22RV2S6.DF22RV2;https://www.liverpool.com.mx/tienda/pdp/Combo-de-Lavadora-+-Secadora-LG-Carga-Frontal-WM22RV2S6.DF22RV2/1077563756;WM;5;https://www.liverpool.com.mx/
64;aHR0cHM6Ly93d3cubGl2ZXJwb29sLmNvbS5teC90aWVuZGEvcGRwL0NvbWJvLWRlLUxhdmFkb3JhLSstU2VjYWRvcmEtTEctQ2FyZ2EtRnJvbnRhbC1XTTIyUlYyUzYuREYyMlJWMi8xMDc3NTYzNzU2NDM2OTMw;SEM;2021-10-08;2020-07-29;;436930;;;;LIVERPOOL;MX;2021-10-08 03:25;LG;Combo de Lavadora + Secadora LG Carga Frontal WM22RV2S6.DF22RV2;https://www.liverpool.com.mx/tienda/pdp/Combo-de-Lavadora-+-Secadora-LG-Carga-Frontal-WM22RV2S6.DF22RV2/1077563756;WM;5;https://www.liverpool.com.mx/
65;aHR0cHM6Ly93d3cubGl2ZXJwb29sLmNvbS5teC90aWVuZGEvcGRwL0NvbWJvLWRlLUxhdmFkb3JhLSstU2VjYWRvcmEtTEctQ2FyZ2EtRnJvbnRhbC1XTTIyUlYyUzYuREYyMlJWMi8xMDc3NTYzNzU2MjU5MTkw;SEM;2021-10-08;2020-05-21;;259190;;;;LIVERPOOL;MX;2021-10-08 03:25;LG;Combo de Lavadora + Secadora LG Carga Frontal WM22RV2S6.DF22RV2;https://www.liverpool.com.mx/tienda/pdp/Combo-de-Lavadora-+-Secadora-LG-Carga-Frontal-WM22RV2S6.DF22RV2/1077563756;WM;5;https://www.liverpool.com.mx/
66;aHR0cHM6Ly93d3cubGl2ZXJwb29sLmNvbS5teC90aWVuZGEvcGRwL0NvbWJvLWRlLUxhdmFkb3JhLSstU2VjYWRvcmEtTEctQ2FyZ2EtRnJvbnRhbC1XTTIyUlYyUzYuREYyMlJWMi8xMDc3NTYzNzU2MTgzMzUw;SEM;2021-10-08;2020-02-10;;183350;;;;LIVERPOOL;MX;2021-10-08 03:25;LG;Combo de Lavadora + Secadora LG Carga Frontal WM22RV2S6.DF22RV2;https://www.liverpool.com.mx/tienda/pdp/Combo-de-Lavadora-+-Secadora-LG-Carga-Frontal-WM22RV2S6.DF22RV2/1077563756;WM;5;https://www.liverpool.com.mx/
67;aHR0cHM6Ly93d3cubGl2ZXJwb29sLmNvbS5teC90aWVuZGEvcGRwL0NvbWJvLWRlLUxhdmFkb3JhLSstU2VjYWRvcmEtTEctQ2FyZ2EtRnJvbnRhbC1XTTIyUlYyUzYuREYyMlJWMi8xMDc3NTYzNzU2MjMyNTU2;SEM;2021-10-08;2020-04-30;;232556;;;;LIVERPOOL;MX;2021-10-08 03:25;LG;Combo de Lavadora + Secadora LG Carga Frontal WM22RV2S6.DF22RV2;https://www.liverpool.com.mx/tienda/pdp/Combo-de-Lavadora-+-Secadora-LG-Carga-Frontal-WM22RV2S6.DF22RV2/1077563756;WM;5;https://www.liverpool.com.mx/
68;aHR0cHM6Ly93d3cubGl2ZXJwb29sLmNvbS5teC90aWVuZGEvcGRwL0NvbWJvLWRlLUxhdmFkb3JhLSstU2VjYWRvcmEtTEctQ2FyZ2EtRnJvbnRhbC1XTTIyUlYyUzYuREYyMlJWMi8xMDc3NTYzNzU2MjU5MTgz;SEM;2021-10-08;2020-05-21;;259183;;;;LIVERPOOL;MX;2021-10-08 03:25;LG;Combo de Lavadora + Secadora LG Carga Frontal WM22RV2S6.DF22RV2;https://www.liverpool.com.mx/tienda/pdp/Combo-de-Lavadora-+-Secadora-LG-Carga-Frontal-WM22RV2S6.DF22RV2/1077563756;WM;5;https://www.liverpool.com.mx/
69;aHR0cHM6Ly93d3cubGl2ZXJwb29sLmNvbS5teC90aWVuZGEvcGRwL0NvbWJvLWRlLUxhdmFkb3JhLSstU2VjYWRvcmEtTEctQ2FyZ2EtRnJvbnRhbC1XTTIyUlYyUzYuREYyMlJWMi8xMDc3NTYzNzU2MjU3MjYx;SEM;2021-10-08;2020-05-19;;257261;;;;LIVERPOOL;MX;2021-10-08 03:25;LG;Combo de Lavadora + Secadora LG Carga Frontal WM22RV2S6.DF22RV2;https://www.liverpool.com.mx/tienda/pdp/Combo-de-Lavadora-+-Secadora-LG-Carga-Frontal-WM22RV2S6.DF22RV2/1077563756;WM;5;https://www.liverpool.com.mx/
70;aHR0cHM6Ly93d3cubGl2ZXJwb29sLmNvbS5teC90aWVuZGEvcGRwL0NvbWJvLWRlLUxhdmFkb3JhLSstU2VjYWRvcmEtTEctQ2FyZ2EtRnJvbnRhbC1XTTIyUlYyUzYuREYyMlJWMi8xMDc3NTYzNzU2Mzg0NjY3;SEM;2021-10-08;2020-07-11;;384667;;;;LIVERPOOL;MX;2021-10-08 03:25;LG;Combo de Lavadora + Secadora LG Carga Frontal WM22RV2S6.DF22RV2;https://www.liverpool.com.mx/tienda/pdp/Combo-de-Lavadora-+-Secadora-LG-Carga-Frontal-WM22RV2S6.DF22RV2/1077563756;WM;5;https://www.liverpool.com.mx/
71;aHR0cHM6Ly93d3cubGl2ZXJwb29sLmNvbS5teC90aWVuZGEvcGRwL0NvbWJvLWRlLUxhdmFkb3JhLSstU2VjYWRvcmEtTEctQ2FyZ2EtRnJvbnRhbC1XTTIyUlYyUzYuREYyMlJWMi8xMDc3NTYzNzU2MjU5MzIy;SEM;2021-10-08;2020-05-21;;259322;;;;LIVERPOOL;MX;2021-10-08 03:25;LG;Combo de Lavadora + Secadora LG Carga Frontal WM22RV2S6.DF22RV2;https://www.liverpool.com.mx/tienda/pdp/Combo-de-Lavadora-+-Secadora-LG-Carga-Frontal-WM22RV2S6.DF22RV2/1077563756;WM;5;https://www.liverpool.com.mx/
72;aHR0cHM6Ly93d3cubGl2ZXJwb29sLmNvbS5teC90aWVuZGEvcGRwL0NvbWJvLWRlLUxhdmFkb3JhLSstU2VjYWRvcmEtTEctQ2FyZ2EtRnJvbnRhbC1XTTIyUlYyUzYuREYyMlJWMi8xMDc3NTYzNzU2NjM4MjE2;SEM;2021-10-08;2020-10-29;;638216;;;;LIVERPOOL;MX;2021-10-08 03:25;LG;Combo de Lavadora + Secadora LG Carga Frontal WM22RV2S6.DF22RV2;https://www.liverpool.com.mx/tienda/pdp/Combo-de-Lavadora-+-Secadora-LG-Carga-Frontal-WM22RV2S6.DF22RV2/1077563756;WM;5;https://www.liverpool.com.mx/
73;aHR0cHM6Ly93d3cubGl2ZXJwb29sLmNvbS5teC90aWVuZGEvcGRwL0NvbWJvLWRlLUxhdmFkb3JhLSstU2VjYWRvcmEtTEctQ2FyZ2EtRnJvbnRhbC1XTTIyUlYyUzYuREYyMlJWMi8xMDc3NTYzNzU2MjU5MTMy;SEM;2021-10-08;2020-05-21;;259132;;;;LIVERPOOL;MX;2021-10-08 03:25;LG;Combo de Lavadora + Secadora LG Carga Frontal WM22RV2S6.DF22RV2;https://www.liverpool.com.mx/tienda/pdp/Combo-de-Lavadora-+-Secadora-LG-Carga-Frontal-WM22RV2S6.DF22RV2/1077563756;WM;5;https://www.liverpool.com.mx/
74;aHR0cHM6Ly93d3cubGl2ZXJwb29sLmNvbS5teC90aWVuZGEvcGRwL0NvbWJvLWRlLUxhdmFkb3JhLSstU2VjYWRvcmEtTEctQ2FyZ2EtRnJvbnRhbC1XTTIyUlYyUzYuREYyMlJWMi8xMDc3NTYzNzU2MjU4OTkw;SEM;2021-10-08;2020-05-21;;258990;;;;LIVERPOOL;MX;2021-10-08 03:25;LG;Combo de Lavadora + Secadora LG Carga Frontal WM22RV2S6.DF22RV2;https://www.liverpool.com.mx/tienda/pdp/Combo-de-Lavadora-+-Secadora-LG-Carga-Frontal-WM22RV2S6.DF22RV2/1077563756;WM;5;https://www.liverpool.com.mx/
75;aHR0cHM6Ly93d3cubGl2ZXJwb29sLmNvbS5teC90aWVuZGEvcGRwL0NvbWJvLWRlLUxhdmFkb3JhLSstU2VjYWRvcmEtTEctQ2FyZ2EtRnJvbnRhbC1XTTIyUlYyUzYuREYyMlJWMi8xMDc3NTYzNzU2NjAyNDM2;SEM;2021-10-08;2020-09-13;;602436;;;;LIVERPOOL;MX;2021-10-08 03:25;LG;Combo de Lavadora + Secadora LG Carga Frontal WM22RV2S6.DF22RV2;https://www.liverpool.com.mx/tienda/pdp/Combo-de-Lavadora-+-Secadora-LG-Carga-Frontal-WM22RV2S6.DF22RV2/1077563756;WM;5;https://www.liverpool.com.mx/
76;aHR0cHM6Ly93d3cubGl2ZXJwb29sLmNvbS5teC90aWVuZGEvcGRwL0NvbWJvLWRlLUxhdmFkb3JhLSstU2VjYWRvcmEtTEctQ2FyZ2EtRnJvbnRhbC1XTTIyUlYyUzYuREYyMlJWMi8xMDc3NTYzNzU2MTE5MDkyMQ==;SEM;2021-10-08;2021-08-07;;1190921;;;;LIVERPOOL;MX;2021-10-08 03:25;LG;Combo de Lavadora + Secadora LG Carga Frontal WM22RV2S6.DF22RV2;https://www.liverpool.com.mx/tienda/pdp/Combo-de-Lavadora-+-Secadora-LG-Carga-Frontal-WM22RV2S6.DF22RV2/1077563756;WM;5;https://www.liverpool.com.mx/
77;aHR0cHM6Ly93d3cubGl2ZXJwb29sLmNvbS5teC90aWVuZGEvcGRwL0NvbWJvLWRlLUxhdmFkb3JhLSstU2VjYWRvcmEtTEctQ2FyZ2EtRnJvbnRhbC1XTTIyUlYyUzYuREYyMlJWMi8xMDc3NTYzNzU2MjQyNzAw;SEM;2021-10-08;2020-05-08;;242700;;;;LIVERPOOL;MX;2021-10-08 03:25;LG;Combo de Lavadora + Secadora LG Carga Frontal WM22RV2S6.DF22RV2;https://www.liverpool.com.mx/tienda/pdp/Combo-de-Lavadora-+-Secadora-LG-Carga-Frontal-WM22RV2S6.DF22RV2/1077563756;WM;5;https://www.liverpool.com.mx/
78;aHR0cHM6Ly93d3cubGl2ZXJwb29sLmNvbS5teC90aWVuZGEvcGRwL0NvbWJvLWRlLUxhdmFkb3JhLSstU2VjYWRvcmEtTEctQ2FyZ2EtRnJvbnRhbC1XTTIyUlYyUzYuREYyMlJWMi8xMDc3NTYzNzU2MTIyMDIxMw==;SEM;2021-10-08;2021-08-20;;1220213;;;;LIVERPOOL;MX;2021-10-08 03:25;LG;Combo de Lavadora + Secadora LG Carga Frontal WM22RV2S6.DF22RV2;https://www.liverpool.com.mx/tienda/pdp/Combo-de-Lavadora-+-Secadora-LG-Carga-Frontal-WM22RV2S6.DF22RV2/1077563756;WM;5;https://www.liverpool.com.mx/
79;aHR0cHM6Ly93d3cubGl2ZXJwb29sLmNvbS5teC90aWVuZGEvcGRwL0NvbWJvLWRlLUxhdmFkb3JhLSstU2VjYWRvcmEtTEctQ2FyZ2EtRnJvbnRhbC1XTTIyUlYyUzYuREYyMlJWMi8xMDc3NTYzNzU2MjkwOTQ0;SEM;2021-10-08;2020-06-10;;290944;;;;LIVERPOOL;MX;2021-10-08 03:25;LG;Combo de Lavadora + Secadora LG Carga Frontal WM22RV2S6.DF22RV2;https://www.liverpool.com.mx/tienda/pdp/Combo-de-Lavadora-+-Secadora-LG-Carga-Frontal-WM22RV2S6.DF22RV2/1077563756;WM;5;https://www.liverpool.com.mx/
80;aHR0cHM6Ly93d3cubGl2ZXJwb29sLmNvbS5teC90aWVuZGEvcGRwL0NvbWJvLWRlLUxhdmFkb3JhLSstU2VjYWRvcmEtTEctQ2FyZ2EtRnJvbnRhbC1XTTIyUlYyUzYuREYyMlJWMi8xMDc3NTYzNzU2MTI1MDIyMw==;SEM;2021-10-08;2021-09-06;;1250223;;;;LIVERPOOL;MX;2021-10-08 03:25;LG;Combo de Lavadora + Secadora LG Carga Frontal WM22RV2S6.DF22RV2;https://www.liverpool.com.mx/tienda/pdp/Combo-de-Lavadora-+-Secadora-LG-Carga-Frontal-WM22RV2S6.DF22RV2/1077563756;WM;5;https://www.liverpool.com.mx/
81;aHR0cHM6Ly93d3cubGl2ZXJwb29sLmNvbS5teC90aWVuZGEvcGRwL0NvbWJvLWRlLUxhdmFkb3JhLSstU2VjYWRvcmEtTEctQ2FyZ2EtRnJvbnRhbC1XTTIyUlYyUzYuREYyMlJWMi8xMDc3NTYzNzU2MjE2ODAy;SEM;2021-10-08;2020-04-15;;216802;;;;LIVERPOOL;MX;2021-10-08 03:25;LG;Combo de Lavadora + Secadora LG Carga Frontal WM22RV2S6.DF22RV2;https://www.liverpool.com.mx/tienda/pdp/Combo-de-Lavadora-+-Secadora-LG-Carga-Frontal-WM22RV2S6.DF22RV2/1077563756;WM;5;https://www.liverpool.com.mx/
82;aHR0cHM6Ly93d3cubGl2ZXJwb29sLmNvbS5teC90aWVuZGEvcGRwL0NvbWJvLWRlLUxhdmFkb3JhLSstU2VjYWRvcmEtTEctQ2FyZ2EtRnJvbnRhbC1XTTIyUlYyUzYuREYyMlJWMi8xMDc3NTYzNzU2MzI2Njg3;SEM;2021-10-08;2020-06-23;;326687;;;;LIVERPOOL;MX;2021-10-08 03:25;LG;Combo de Lavadora + Secadora LG Carga Frontal WM22RV2S6.DF22RV2;https://www.liverpool.com.mx/tienda/pdp/Combo-de-Lavadora-+-Secadora-LG-Carga-Frontal-WM22RV2S6.DF22RV2/1077563756;WM;5;https://www.liverpool.com.mx/
83;aHR0cHM6Ly93d3cubGl2ZXJwb29sLmNvbS5teC90aWVuZGEvcGRwL0NvbWJvLWRlLUxhdmFkb3JhLSstU2VjYWRvcmEtTEctQ2FyZ2EtRnJvbnRhbC1XTTIyUlYyUzYuREYyMlJWMi8xMDc3NTYzNzU2Njk4NjY4;SEM;2021-10-08;2020-12-29;;698668;;;;LIVERPOOL;MX;2021-10-08 03:25;LG;Combo de Lavadora + Secadora LG Carga Frontal WM22RV2S6.DF22RV2;https://www.liverpool.com.mx/tienda/pdp/Combo-de-Lavadora-+-Secadora-LG-Carga-Frontal-WM22RV2S6.DF22RV2/1077563756;WM;5;https://www.liverpool.com.mx/
84;aHR0cHM6Ly93d3cubGl2ZXJwb29sLmNvbS5teC90aWVuZGEvcGRwL0NvbWJvLWRlLUxhdmFkb3JhLSstU2VjYWRvcmEtTEctQ2FyZ2EtRnJvbnRhbC1XTTIyUlYyUzYuREYyMlJWMi8xMDc3NTYzNzU2OTY3MDA1;SEM;2021-10-08;2021-05-13;;967005;;;;LIVERPOOL;MX;2021-10-08 03:25;LG;Combo de Lavadora + Secadora LG Carga Frontal WM22RV2S6.DF22RV2;https://www.liverpool.com.mx/tienda/pdp/Combo-de-Lavadora-+-Secadora-LG-Carga-Frontal-WM22RV2S6.DF22RV2/1077563756;WM;5;https://www.liverpool.com.mx/
85;aHR0cHM6Ly93d3cubGl2ZXJwb29sLmNvbS5teC90aWVuZGEvcGRwL0NvbWJvLWRlLUxhdmFkb3JhLSstU2VjYWRvcmEtTEctQ2FyZ2EtRnJvbnRhbC1XTTIyUlYyUzYuREYyMlJWMi8xMDc3NTYzNzU2MTI1NzA2Nw==;SEM;2021-10-08;2021-09-10;;1257067;;;;LIVERPOOL;MX;2021-10-08 03:25;LG;Combo de Lavadora + Secadora LG Carga Frontal WM22RV2S6.DF22RV2;https://www.liverpool.com.mx/tienda/pdp/Combo-de-Lavadora-+-Secadora-LG-Carga-Frontal-WM22RV2S6.DF22RV2/1077563756;WM;5;https://www.liverpool.com.mx/
86;aHR0cHM6Ly93d3cubGl2ZXJwb29sLmNvbS5teC90aWVuZGEvcGRwL0NvbWJvLWRlLUxhdmFkb3JhLSstU2VjYWRvcmEtTEctQ2FyZ2EtRnJvbnRhbC1XTTIyUlYyUzYuREYyMlJWMi8xMDc3NTYzNzU2ODE0MDc1;SEM;2021-10-08;2021-02-27;;814075;;;;LIVERPOOL;MX;2021-10-08 03:25;LG;Combo de Lavadora + Secadora LG Carga Frontal WM22RV2S6.DF22RV2;https://www.liverpool.com.mx/tienda/pdp/Combo-de-Lavadora-+-Secadora-LG-Carga-Frontal-WM22RV2S6.DF22RV2/1077563756;WM;5;https://www.liverpool.com.mx/
87;aHR0cHM6Ly93d3cubGl2ZXJwb29sLmNvbS5teC90aWVuZGEvcGRwL0NvbWJvLWRlLUxhdmFkb3JhLSstU2VjYWRvcmEtTEctQ2FyZ2EtRnJvbnRhbC1XTTIyUlYyUzYuREYyMlJWMi8xMDc3NTYzNzU2OTY5ODY1;SEM;2021-10-08;2021-05-14;;969865;;;;LIVERPOOL;MX;2021-10-08 03:25;LG;Combo de Lavadora + Secadora LG Carga Frontal WM22RV2S6.DF22RV2;https://www.liverpool.com.mx/tienda/pdp/Combo-de-Lavadora-+-Secadora-LG-Carga-Frontal-WM22RV2S6.DF22RV2/1077563756;WM;5;https://www.liverpool.com.mx/
88;aHR0cHM6Ly93d3cubGl2ZXJwb29sLmNvbS5teC90aWVuZGEvcGRwL0NvbWJvLWRlLUxhdmFkb3JhLSstU2VjYWRvcmEtTEctQ2FyZ2EtRnJvbnRhbC1XTTIyUlYyUzYuREYyMlJWMi8xMDc3NTYzNzU2Mzg5MzY5;SEM;2021-10-08;2020-07-12;;389369;;;;LIVERPOOL;MX;2021-10-08 03:25;LG;Combo de Lavadora + Secadora LG Carga Frontal WM22RV2S6.DF22RV2;https://www.liverpool.com.mx/tienda/pdp/Combo-de-Lavadora-+-Secadora-LG-Carga-Frontal-WM22RV2S6.DF22RV2/1077563756;WM;5;https://www.liverpool.com.mx/
89;aHR0cHM6Ly93d3cubGl2ZXJwb29sLmNvbS5teC90aWVuZGEvcGRwL0NvbWJvLWRlLUxhdmFkb3JhLSstU2VjYWRvcmEtTEctQ2FyZ2EtRnJvbnRhbC1XTTIyUlYyUzYuREYyMlJWMi8xMDc3NTYzNzU2Mzg4MTQ4;SEM;2021-10-08;2020-07-12;;388148;;;;LIVERPOOL;MX;2021-10-08 03:25;LG;Combo de Lavadora + Secadora LG Carga Frontal WM22RV2S6.DF22RV2;https://www.liverpool.com.mx/tienda/pdp/Combo-de-Lavadora-+-Secadora-LG-Carga-Frontal-WM22RV2S6.DF22RV2/1077563756;WM;4;https://www.liverpool.com.mx/
90;aHR0cHM6Ly93d3cubGl2ZXJwb29sLmNvbS5teC90aWVuZGEvcGRwL0NvbWJvLWRlLUxhdmFkb3JhLSstU2VjYWRvcmEtTEctQ2FyZ2EtRnJvbnRhbC1XTTIyUlYyUzYuREYyMlJWMi8xMDc3NTYzNzU2MTA0NTE2;SEM;2021-10-08;2019-09-15;;104516;;;;LIVERPOOL;MX;2021-10-08 03:25;LG;Combo de Lavadora + Secadora LG Carga Frontal WM22RV2S6.DF22RV2;https://www.liverpool.com.mx/tienda/pdp/Combo-de-Lavadora-+-Secadora-LG-Carga-Frontal-WM22RV2S6.DF22RV2/1077563756;WM;5;https://www.liverpool.com.mx/
91;aHR0cHM6Ly93d3cubGl2ZXJwb29sLmNvbS5teC90aWVuZGEvcGRwL0NvbWJvLWRlLUxhdmFkb3JhLSstU2VjYWRvcmEtTEctQ2FyZ2EtRnJvbnRhbC1XTTIyUlYyUzYuREYyMlJWMi8xMDc3NTYzNzU2MzY1OTI0;SEM;2021-10-08;2020-07-05;;365924;;;;LIVERPOOL;MX;2021-10-08 03:25;LG;Combo de Lavadora + Secadora LG Carga Frontal WM22RV2S6.DF22RV2;https://www.liverpool.com.mx/tienda/pdp/Combo-de-Lavadora-+-Secadora-LG-Carga-Frontal-WM22RV2S6.DF22RV2/1077563756;WM;3;https://www.liverpool.com.mx/
92;aHR0cHM6Ly93d3cubGl2ZXJwb29sLmNvbS5teC90aWVuZGEvcGRwL0xhdmFkb3JhLUxHLTE4LWtnLWF1dG9tJUMzJUExdGljYS1jYXJnYS1zdXBlcmlvci1XVDE4TUJCLzExMDAwNzM2MDU2MzA0MjU=;SEM;2021-10-08;2020-10-14;;630425;;;;LIVERPOOL;MX;2021-10-08 03:25;LG;Lavadora LG 18 kg automática carga superior WT18MBB;https://www.liverpool.com.mx/tienda/pdp/Lavadora-LG-18-kg-autom%C3%A1tica-carga-superior-WT18MBB/1100073605;WM;5;https://www.liverpool.com.mx/
93;aHR0cHM6Ly93d3cubGl2ZXJwb29sLmNvbS5teC90aWVuZGEvcGRwL0xhdmFkb3JhLUxHLTE4LWtnLWF1dG9tJUMzJUExdGljYS1jYXJnYS1zdXBlcmlvci1XVDE4TUJCLzExMDAwNzM2MDU2MzA2ODM=;SEM;2021-10-08;2020-10-15;;630683;;;;LIVERPOOL;MX;2021-10-08 03:25;LG;Lavadora LG 18 kg automática carga superior WT18MBB;https://www.liverpool.com.mx/tienda/pdp/Lavadora-LG-18-kg-autom%C3%A1tica-carga-superior-WT18MBB/1100073605;WM;5;https://www.liverpool.com.mx/
94;aHR0cHM6Ly93d3cubGl2ZXJwb29sLmNvbS5teC90aWVuZGEvcGRwL0xhdmFkb3JhLUxHLTE4LWtnLWF1dG9tJUMzJUExdGljYS1jYXJnYS1zdXBlcmlvci1XVDE4TUJCLzExMDAwNzM2MDU2MzA3MDU=;SEM;2021-10-08;2020-10-15;;630705;;;;LIVERPOOL;MX;2021-10-08 03:25;LG;Lavadora LG 18 kg automática carga superior WT18MBB;https://www.liverpool.com.mx/tienda/pdp/Lavadora-LG-18-kg-autom%C3%A1tica-carga-superior-WT18MBB/1100073605;WM;5;https://www.liverpool.com.mx/
95;aHR0cHM6Ly93d3cubGl2ZXJwb29sLmNvbS5teC90aWVuZGEvcGRwL0xhdmFkb3JhLUxHLTE4LWtnLWF1dG9tJUMzJUExdGljYS1jYXJnYS1zdXBlcmlvci1XVDE4TUJCLzExMDAwNzM2MDU3MzU1OTI=;SEM;2021-10-08;2021-01-19;;735592;;;;LIVERPOOL;MX;2021-10-08 03:25;LG;Lavadora LG 18 kg automática carga superior WT18MBB;https://www.liverpool.com.mx/tienda/pdp/Lavadora-LG-18-kg-autom%C3%A1tica-carga-superior-WT18MBB/1100073605;WM;5;https://www.liverpool.com.mx/
96;aHR0cHM6Ly93d3cubGl2ZXJwb29sLmNvbS5teC90aWVuZGEvcGRwL0xhdmFkb3JhLUxHLTE4LWtnLWF1dG9tJUMzJUExdGljYS1jYXJnYS1zdXBlcmlvci1XVDE4TUJCLzExMDAwNzM2MDU3OTY0NDI=;SEM;2021-10-08;2021-02-20;;796442;;;;LIVERPOOL;MX;2021-10-08 03:25;LG;Lavadora LG 18 kg automática carga superior WT18MBB;https://www.liverpool.com.mx/tienda/pdp/Lavadora-LG-18-kg-autom%C3%A1tica-carga-superior-WT18MBB/1100073605;WM;5;https://www.liverpool.com.mx/
97;aHR0cHM6Ly93d3cubGl2ZXJwb29sLmNvbS5teC90aWVuZGEvcGRwL0xhdmFkb3JhLUxHLTE4LWtnLWF1dG9tJUMzJUExdGljYS1jYXJnYS1zdXBlcmlvci1XVDE4TUJCLzExMDAwNzM2MDUxMTQ1Mzg0;SEM;2021-10-08;2021-07-16;;1145384;;;;LIVERPOOL;MX;2021-10-08 03:25;LG;Lavadora LG 18 kg automática carga superior WT18MBB;https://www.liverpool.com.mx/tienda/pdp/Lavadora-LG-18-kg-autom%C3%A1tica-carga-superior-WT18MBB/1100073605;WM;5;https://www.liverpool.com.mx/
98;aHR0cHM6Ly93d3cubGl2ZXJwb29sLmNvbS5teC90aWVuZGEvcGRwL0xhdmFkb3JhLUxHLTE4LWtnLWF1dG9tJUMzJUExdGljYS1jYXJnYS1zdXBlcmlvci1XVDE4TUJCLzExMDAwNzM2MDU5MTYzODM=;SEM;2021-10-08;2021-04-22;;916383;;;;LIVERPOOL;MX;2021-10-08 03:25;LG;Lavadora LG 18 kg automática carga superior WT18MBB;https://www.liverpool.com.mx/tienda/pdp/Lavadora-LG-18-kg-autom%C3%A1tica-carga-superior-WT18MBB/1100073605;WM;5;https://www.liverpool.com.mx/
99;aHR0cHM6Ly93d3cubGl2ZXJwb29sLmNvbS5teC90aWVuZGEvcGRwL0xhdmFkb3JhLUxHLTE4LWtnLWF1dG9tJUMzJUExdGljYS1jYXJnYS1zdXBlcmlvci1XVDE4TUJCLzExMDAwNzM2MDU4MDI5ODM=;SEM;2021-10-08;2021-02-22;;802983;;;;LIVERPOOL;MX;2021-10-08 03:25;LG;Lavadora LG 18 kg automática carga superior WT18MBB;https://www.liverpool.com.mx/tienda/pdp/Lavadora-LG-18-kg-autom%C3%A1tica-carga-superior-WT18MBB/1100073605;WM;5;https://www.liverpool.com.mx/
100;aHR0cHM6Ly93d3cubGl2ZXJwb29sLmNvbS5teC90aWVuZGEvcGRwL0xhdmFkb3JhLUxHLTE4LWtnLWF1dG9tJUMzJUExdGljYS1jYXJnYS1zdXBlcmlvci1XVDE4TUJCLzExMDAwNzM2MDU4NzkyMzg=;SEM;2021-10-08;2021-03-30;;879238;;;;LIVERPOOL;MX;2021-10-08 03:25;LG;Lavadora LG 18 kg automática carga superior WT18MBB;https://www.liverpool.com.mx/tienda/pdp/Lavadora-LG-18-kg-autom%C3%A1tica-carga-superior-WT18MBB/1100073605;WM;5;https://www.liverpool.com.mx/
101;aHR0cHM6Ly93d3cubGl2ZXJwb29sLmNvbS5teC90aWVuZGEvcGRwL0xhdmFkb3JhLUxHLTIzLjUta2ctYmxhbmNhLVdNMjBXVjZXRDEwMEMyLzEwNjc0OTYzMjU2MzgzMjY=;SEM;2021-10-08;2020-10-29;;638326;;;;LIVERPOOL;MX;2021-10-08 03:33;LG;Lavadora LG 23.5 kg blanca WM20WV6WD100C2;https://www.liverpool.com.mx/tienda/pdp/Lavadora-LG-23.5-kg-blanca-WM20WV6WD100C2/1067496325;WM;5;https://www.liverpool.com.mx/
102;aHR0cHM6Ly93d3cubGl2ZXJwb29sLmNvbS5teC90aWVuZGEvcGRwL0xhdmFkb3JhLVdpbmlhLTIxLWtnLWJsYW5jYS1EV0YtREIxQjQyMUFTUFcxLzEwOTQ5NDkzNTg2MzgyMDQ=;SEM;2021-10-09;2020-10-29;;638204;;;;LIVERPOOL;MX;2021-10-09 04:28;WINIA;Lavadora Winia 21 kg blanca DWF-DB1B421ASPW1;https://www.liverpool.com.mx/tienda/pdp/Lavadora-Winia-21-kg-blanca-DWF-DB1B421ASPW1/1094949358;WM;1;https://www.liverpool.com.mx/
103;aHR0cHM6Ly93d3cubGl2ZXJwb29sLmNvbS5teC90aWVuZGEvcGRwL0xhdmFkb3JhLUxHLVR3aW4tV2FzaC1NaW5pLTMuNS1rZy1wbGF0YS1XRDEwMENWLzEwNDcwMjk2ODI2MzgyMzY=;SEM;2021-10-09;2020-10-29;;638236;;;;LIVERPOOL;MX;2021-10-09 04:47;LG;Lavadora LG Twin Wash Mini 3.5 kg plata WD100CV;https://www.liverpool.com.mx/tienda/pdp/Lavadora-LG-Twin-Wash-Mini-3.5-kg-plata-WD100CV/1047029682;WM;5;https://www.liverpool.com.mx/
104;aHR0cHM6Ly93d3cubGl2ZXJwb29sLmNvbS5teC90aWVuZGEvcGRwL0xhdmFkb3JhLUxHLVR3aW4tV2FzaC1NaW5pLTMuNS1rZy1wbGF0YS1XRDEwMENWLzEwNDcwMjk2ODI2Mzg3MTA=;SEM;2021-10-09;2020-10-29;;638710;;;;LIVERPOOL;MX;2021-10-09 04:47;LG;Lavadora LG Twin Wash Mini 3.5 kg plata WD100CV;https://www.liverpool.com.mx/tienda/pdp/Lavadora-LG-Twin-Wash-Mini-3.5-kg-plata-WD100CV/1047029682;WM;5;https://www.liverpool.com.mx/
105;aHR0cHM6Ly93d3cubGl2ZXJwb29sLmNvbS5teC90aWVuZGEvcGRwL0xhdmFkb3JhLU1hYmUtMTkta2ctYXV0b20lQzMlQTF0aWNhLWNhcmdhLXN1cGVyaW9yLUxNQTc5MTE0V0JBSzAvMTEwNDQ4MzU1Nzk3OTQ2Nw==;SEM;2021-10-08;2021-05-16;;979467;;;;LIVERPOOL;MX;2021-10-08 03:22;MABE;Lavadora Mabe 19 kg automática carga superior LMA79114WBAK0;https://www.liverpool.com.mx/tienda/pdp/Lavadora-Mabe-19-kg-autom%C3%A1tica-carga-superior-LMA79114WBAK0/1104483557;WM;5;https://www.liverpool.com.mx/
106;aHR0cHM6Ly93d3cubGl2ZXJwb29sLmNvbS5teC90aWVuZGEvcGRwL0xhdmFkb3JhLU1hYmUtMTkta2ctYXV0b20lQzMlQTF0aWNhLWNhcmdhLXN1cGVyaW9yLUxNQTc5MTE0V0JBSzAvMTEwNDQ4MzU1Nzk3OTI4OA==;SEM;2021-10-08;2021-05-16;;979288;;;;LIVERPOOL;MX;2021-10-08 03:22;MABE;Lavadora Mabe 19 kg automática carga superior LMA79114WBAK0;https://www.liverpool.com.mx/tienda/pdp/Lavadora-Mabe-19-kg-autom%C3%A1tica-carga-superior-LMA79114WBAK0/1104483557;WM;5;https://www.liverpool.com.mx/
107;aHR0cHM6Ly93d3cubGl2ZXJwb29sLmNvbS5teC90aWVuZGEvcGRwL0xhdmFkb3JhLU1hYmUtMTkta2ctYXV0b20lQzMlQTF0aWNhLWNhcmdhLXN1cGVyaW9yLUxNQTc5MTE0V0JBSzAvMTEwNDQ4MzU1NzEyMzUwMDM=;SEM;2021-10-08;2021-08-28;;1235003;;;;LIVERPOOL;MX;2021-10-08 03:22;MABE;Lavadora Mabe 19 kg automática carga superior LMA79114WBAK0;https://www.liverpool.com.mx/tienda/pdp/Lavadora-Mabe-19-kg-autom%C3%A1tica-carga-superior-LMA79114WBAK0/1104483557;WM;5;https://www.liverpool.com.mx/
108;aHR0cHM6Ly93d3cubGl2ZXJwb29sLmNvbS5teC90aWVuZGEvcGRwL0xhdmFkb3JhLU1hYmUtMTkta2ctYXV0b20lQzMlQTF0aWNhLWNhcmdhLXN1cGVyaW9yLUxNQTc5MTE0V0JBSzAvMTEwNDQ4MzU1Nzk4ODQ4NQ==;SEM;2021-10-08;2021-05-20;;988485;;;;LIVERPOOL;MX;2021-10-08 03:22;MABE;Lavadora Mabe 19 kg automática carga superior LMA79114WBAK0;https://www.liverpool.com.mx/tienda/pdp/Lavadora-Mabe-19-kg-autom%C3%A1tica-carga-superior-LMA79114WBAK0/1104483557;WM;5;https://www.liverpool.com.mx/
109;aHR0cHM6Ly93d3cubGl2ZXJwb29sLmNvbS5teC90aWVuZGEvcGRwL0xhdmFkb3JhLU1hYmUtMTkta2ctYXV0b20lQzMlQTF0aWNhLWNhcmdhLXN1cGVyaW9yLUxNQTc5MTE0V0JBSzAvMTEwNDQ4MzU1NzExNDk4NDM=;SEM;2021-10-08;2021-07-18;;1149843;;;;LIVERPOOL;MX;2021-10-08 03:22;MABE;Lavadora Mabe 19 kg automática carga superior LMA79114WBAK0;https://www.liverpool.com.mx/tienda/pdp/Lavadora-Mabe-19-kg-autom%C3%A1tica-carga-superior-LMA79114WBAK0/1104483557;WM;5;https://www.liverpool.com.mx/
110;aHR0cHM6Ly93d3cubGl2ZXJwb29sLmNvbS5teC90aWVuZGEvcGRwL0xhdmFkb3JhLU1hYmUtMTkta2ctYXV0b20lQzMlQTF0aWNhLWNhcmdhLXN1cGVyaW9yLUxNQTc5MTE0V0JBSzAvMTEwNDQ4MzU1NzExOTkyNzQ=;SEM;2021-10-08;2021-08-10;;1199274;;;;LIVERPOOL;MX;2021-10-08 03:22;MABE;Lavadora Mabe 19 kg automática carga superior LMA79114WBAK0;https://www.liverpool.com.mx/tienda/pdp/Lavadora-Mabe-19-kg-autom%C3%A1tica-carga-superior-LMA79114WBAK0/1104483557;WM;5;https://www.liverpool.com.mx/
111;aHR0cHM6Ly93d3cubGl2ZXJwb29sLmNvbS5teC90aWVuZGEvcGRwL0xhdmFkb3JhLU1hYmUtMTkta2ctYXV0b20lQzMlQTF0aWNhLWNhcmdhLXN1cGVyaW9yLUxNQTc5MTE0V0JBSzAvMTEwNDQ4MzU1NzEwMjI3NTA=;SEM;2021-10-08;2021-06-01;;1022750;;;;LIVERPOOL;MX;2021-10-08 03:22;MABE;Lavadora Mabe 19 kg automática carga superior LMA79114WBAK0;https://www.liverpool.com.mx/tienda/pdp/Lavadora-Mabe-19-kg-autom%C3%A1tica-carga-superior-LMA79114WBAK0/1104483557;WM;5;https://www.liverpool.com.mx/
112;aHR0cHM6Ly93d3cubGl2ZXJwb29sLmNvbS5teC90aWVuZGEvcGRwL0xhdmFkb3JhLU1hYmUtMTkta2ctYXV0b20lQzMlQTF0aWNhLWNhcmdhLXN1cGVyaW9yLUxNQTc5MTE0V0JBSzAvMTEwNDQ4MzU1NzExNDg0MDQ=;SEM;2021-10-08;2021-07-17;;1148404;;;;LIVERPOOL;MX;2021-10-08 03:22;MABE;Lavadora Mabe 19 kg automática carga superior LMA79114WBAK0;https://www.liverpool.com.mx/tienda/pdp/Lavadora-Mabe-19-kg-autom%C3%A1tica-carga-superior-LMA79114WBAK0/1104483557;WM;5;https://www.liverpool.com.mx/
113;aHR0cHM6Ly93d3cubGl2ZXJwb29sLmNvbS5teC90aWVuZGEvcGRwL0xhdmFkb3JhLU1hYmUtMTkta2ctYXV0b20lQzMlQTF0aWNhLWNhcmdhLXN1cGVyaW9yLUxNQTc5MTE0V0JBSzAvMTEwNDQ4MzU1NzExMTc0NjY=;SEM;2021-10-08;2021-07-02;;1117466;;;;LIVERPOOL;MX;2021-10-08 03:22;MABE;Lavadora Mabe 19 kg automática carga superior LMA79114WBAK0;https://www.liverpool.com.mx/tienda/pdp/Lavadora-Mabe-19-kg-autom%C3%A1tica-carga-superior-LMA79114WBAK0/1104483557;WM;5;https://www.liverpool.com.mx/
114;aHR0cHM6Ly93d3cubGl2ZXJwb29sLmNvbS5teC90aWVuZGEvcGRwL0xhdmFkb3JhLU1hYmUtMTkta2ctYXV0b20lQzMlQTF0aWNhLWNhcmdhLXN1cGVyaW9yLUxNQTc5MTE0V0JBSzAvMTEwNDQ4MzU1NzEyNjc3NDg=;SEM;2021-10-08;2021-09-16;;1267748;;;;LIVERPOOL;MX;2021-10-08 03:22;MABE;Lavadora Mabe 19 kg automática carga superior LMA79114WBAK0;https://www.liverpool.com.mx/tienda/pdp/Lavadora-Mabe-19-kg-autom%C3%A1tica-carga-superior-LMA79114WBAK0/1104483557;WM;5;https://www.liverpool.com.mx/
115;aHR0cHM6Ly93d3cubGl2ZXJwb29sLmNvbS5teC90aWVuZGEvcGRwL0xhdmFkb3JhLU1hYmUtMTkta2ctYXV0b20lQzMlQTF0aWNhLWNhcmdhLXN1cGVyaW9yLUxNQTc5MTE0V0JBSzAvMTEwNDQ4MzU1Nzk4NjE2MA==;SEM;2021-10-08;2021-05-19;;986160;;;;LIVERPOOL;MX;2021-10-08 03:22;MABE;Lavadora Mabe 19 kg automática carga superior LMA79114WBAK0;https://www.liverpool.com.mx/tienda/pdp/Lavadora-Mabe-19-kg-autom%C3%A1tica-carga-superior-LMA79114WBAK0/1104483557;WM;5;https://www.liverpool.com.mx/
116;aHR0cHM6Ly93d3cubGl2ZXJwb29sLmNvbS5teC90aWVuZGEvcGRwL0xhdmFkb3JhLU1hYmUtMTkta2ctYXV0b20lQzMlQTF0aWNhLWNhcmdhLXN1cGVyaW9yLUxNQTc5MTE0V0JBSzAvMTEwNDQ4MzU1Nzk4ODQ4Ng==;SEM;2021-10-08;2021-05-20;;988486;;;;LIVERPOOL;MX;2021-10-08 03:22;MABE;Lavadora Mabe 19 kg automática carga superior LMA79114WBAK0;https://www.liverpool.com.mx/tienda/pdp/Lavadora-Mabe-19-kg-autom%C3%A1tica-carga-superior-LMA79114WBAK0/1104483557;WM;5;https://www.liverpool.com.mx/
117;aHR0cHM6Ly93d3cubGl2ZXJwb29sLmNvbS5teC90aWVuZGEvcGRwL0xhdmFkb3JhLU1hYmUtMTkta2ctYXV0b20lQzMlQTF0aWNhLWNhcmdhLXN1cGVyaW9yLUxNQTc5MTE0V0JBSzAvMTEwNDQ4MzU1Nzk5MjMzMQ==;SEM;2021-10-08;2021-05-21;;992331;;;;LIVERPOOL;MX;2021-10-08 03:22;MABE;Lavadora Mabe 19 kg automática carga superior LMA79114WBAK0;https://www.liverpool.com.mx/tienda/pdp/Lavadora-Mabe-19-kg-autom%C3%A1tica-carga-superior-LMA79114WBAK0/1104483557;WM;5;https://www.liverpool.com.mx/
118;aHR0cHM6Ly93d3cubGl2ZXJwb29sLmNvbS5teC90aWVuZGEvcGRwL0xhdmFkb3JhLU1hYmUtMTkta2ctYXV0b20lQzMlQTF0aWNhLWNhcmdhLXN1cGVyaW9yLUxNQTc5MTE0V0JBSzAvMTEwNDQ4MzU1NzEwMDU3Mzc=;SEM;2021-10-08;2021-05-27;;1005737;;;;LIVERPOOL;MX;2021-10-08 03:22;MABE;Lavadora Mabe 19 kg automática carga superior LMA79114WBAK0;https://www.liverpool.com.mx/tienda/pdp/Lavadora-Mabe-19-kg-autom%C3%A1tica-carga-superior-LMA79114WBAK0/1104483557;WM;5;https://www.liverpool.com.mx/
119;aHR0cHM6Ly93d3cubGl2ZXJwb29sLmNvbS5teC90aWVuZGEvcGRwL0xhdmFkb3JhLU1hYmUtMTkta2ctYXV0b20lQzMlQTF0aWNhLWNhcmdhLXN1cGVyaW9yLUxNQTc5MTE0V0JBSzAvMTEwNDQ4MzU1Nzk3MjU3MQ==;SEM;2021-10-08;2021-05-15;;972571;;;;LIVERPOOL;MX;2021-10-08 03:22;MABE;Lavadora Mabe 19 kg automática carga superior LMA79114WBAK0;https://www.liverpool.com.mx/tienda/pdp/Lavadora-Mabe-19-kg-autom%C3%A1tica-carga-superior-LMA79114WBAK0/1104483557;WM;5;https://www.liverpool.com.mx/
120;aHR0cHM6Ly93d3cubGl2ZXJwb29sLmNvbS5teC90aWVuZGEvcGRwL0xhdmFkb3JhLU1hYmUtMTkta2ctYXV0b20lQzMlQTF0aWNhLWNhcmdhLXN1cGVyaW9yLUxNQTc5MTE0V0JBSzAvMTEwNDQ4MzU1NzExNDc0MzU=;SEM;2021-10-08;2021-07-17;;1147435;;;;LIVERPOOL;MX;2021-10-08 03:22;MABE;Lavadora Mabe 19 kg automática carga superior LMA79114WBAK0;https://www.liverpool.com.mx/tienda/pdp/Lavadora-Mabe-19-kg-autom%C3%A1tica-carga-superior-LMA79114WBAK0/1104483557;WM;5;https://www.liverpool.com.mx/
121;aHR0cHM6Ly93d3cubGl2ZXJwb29sLmNvbS5teC90aWVuZGEvcGRwL0xhdmFkb3JhLU1hYmUtMTkta2ctYXV0b20lQzMlQTF0aWNhLWNhcmdhLXN1cGVyaW9yLUxNQTc5MTE0V0JBSzAvMTEwNDQ4MzU1Nzk5ODk2MA==;SEM;2021-10-08;2021-05-24;;998960;;;;LIVERPOOL;MX;2021-10-08 03:22;MABE;Lavadora Mabe 19 kg automática carga superior LMA79114WBAK0;https://www.liverpool.com.mx/tienda/pdp/Lavadora-Mabe-19-kg-autom%C3%A1tica-carga-superior-LMA79114WBAK0/1104483557;WM;5;https://www.liverpool.com.mx/
122;aHR0cHM6Ly93d3cubGl2ZXJwb29sLmNvbS5teC90aWVuZGEvcGRwL0xhdmFkb3JhLU1hYmUtMTkta2ctYXV0b20lQzMlQTF0aWNhLWNhcmdhLXN1cGVyaW9yLUxNQTc5MTE0V0JBSzAvMTEwNDQ4MzU1NzEyNDI0MjI=;SEM;2021-10-08;2021-09-02;;1242422;;;;LIVERPOOL;MX;2021-10-08 03:22;MABE;Lavadora Mabe 19 kg automática carga superior LMA79114WBAK0;https://www.liverpool.com.mx/tienda/pdp/Lavadora-Mabe-19-kg-autom%C3%A1tica-carga-superior-LMA79114WBAK0/1104483557;WM;5;https://www.liverpool.com.mx/
123;aHR0cHM6Ly93d3cubGl2ZXJwb29sLmNvbS5teC90aWVuZGEvcGRwL0xhdmFkb3JhLU1hYmUtMTkta2ctYXV0b20lQzMlQTF0aWNhLWNhcmdhLXN1cGVyaW9yLUxNQTc5MTE0V0JBSzAvMTEwNDQ4MzU1NzExMTY0NzY=;SEM;2021-10-08;2021-07-02;;1116476;;;;LIVERPOOL;MX;2021-10-08 03:22;MABE;Lavadora Mabe 19 kg automática carga superior LMA79114WBAK0;https://www.liverpool.com.mx/tienda/pdp/Lavadora-Mabe-19-kg-autom%C3%A1tica-carga-superior-LMA79114WBAK0/1104483557;WM;5;https://www.liverpool.com.mx/
124;aHR0cHM6Ly93d3cubGl2ZXJwb29sLmNvbS5teC90aWVuZGEvcGRwL0xhdmFkb3JhLU1hYmUtMTkta2ctYXV0b20lQzMlQTF0aWNhLWNhcmdhLXN1cGVyaW9yLUxNQTc5MTE0V0JBSzAvMTEwNDQ4MzU1NzEyOTcyMjc=;SEM;2021-10-08;2021-10-02;;1297227;;;;LIVERPOOL;MX;2021-10-08 03:22;MABE;Lavadora Mabe 19 kg automática carga superior LMA79114WBAK0;https://www.liverpool.com.mx/tienda/pdp/Lavadora-Mabe-19-kg-autom%C3%A1tica-carga-superior-LMA79114WBAK0/1104483557;WM;5;https://www.liverpool.com.mx/
125;aHR0cHM6Ly93d3cubGl2ZXJwb29sLmNvbS5teC90aWVuZGEvcGRwL0xhdmFkb3JhLU1hYmUtMTkta2ctYXV0b20lQzMlQTF0aWNhLWNhcmdhLXN1cGVyaW9yLUxNQTc5MTE0V0JBSzAvMTEwNDQ4MzU1NzEyNjM5NTA=;SEM;2021-10-08;2021-09-13;;1263950;;;;LIVERPOOL;MX;2021-10-08 03:22;MABE;Lavadora Mabe 19 kg automática carga superior LMA79114WBAK0;https://www.liverpool.com.mx/tienda/pdp/Lavadora-Mabe-19-kg-autom%C3%A1tica-carga-superior-LMA79114WBAK0/1104483557;WM;5;https://www.liverpool.com.mx/
126;aHR0cHM6Ly93d3cubGl2ZXJwb29sLmNvbS5teC90aWVuZGEvcGRwL0xhdmFkb3JhLU1hYmUtMTkta2ctYXV0b20lQzMlQTF0aWNhLWNhcmdhLXN1cGVyaW9yLUxNQTc5MTE0V0JBSzAvMTEwNDQ4MzU1NzExMjE4ODA=;SEM;2021-10-08;2021-07-04;;1121880;;;;LIVERPOOL;MX;2021-10-08 03:22;MABE;Lavadora Mabe 19 kg automática carga superior LMA79114WBAK0;https://www.liverpool.com.mx/tienda/pdp/Lavadora-Mabe-19-kg-autom%C3%A1tica-carga-superior-LMA79114WBAK0/1104483557;WM;5;https://www.liverpool.com.mx/
127;aHR0cHM6Ly93d3cubGl2ZXJwb29sLmNvbS5teC90aWVuZGEvcGRwL0xhdmFkb3JhLU1hYmUtMTkta2ctYXV0b20lQzMlQTF0aWNhLWNhcmdhLXN1cGVyaW9yLUxNQTc5MTE0V0JBSzAvMTEwNDQ4MzU1NzEyNzgyOTY=;SEM;2021-10-08;2021-09-22;;1278296;;;;LIVERPOOL;MX;2021-10-08 03:22;MABE;Lavadora Mabe 19 kg automática carga superior LMA79114WBAK0;https://www.liverpool.com.mx/tienda/pdp/Lavadora-Mabe-19-kg-autom%C3%A1tica-carga-superior-LMA79114WBAK0/1104483557;WM;5;https://www.liverpool.com.mx/
128;aHR0cHM6Ly93d3cubGl2ZXJwb29sLmNvbS5teC90aWVuZGEvcGRwL0xhdmFkb3JhLU1hYmUtMTkta2ctYXV0b20lQzMlQTF0aWNhLWNhcmdhLXN1cGVyaW9yLUxNQTc5MTE0V0JBSzAvMTEwNDQ4MzU1NzEyODIxNDM=;SEM;2021-10-08;2021-09-24;;1282143;;;;LIVERPOOL;MX;2021-10-08 03:22;MABE;Lavadora Mabe 19 kg automática carga superior LMA79114WBAK0;https://www.liverpool.com.mx/tienda/pdp/Lavadora-Mabe-19-kg-autom%C3%A1tica-carga-superior-LMA79114WBAK0/1104483557;WM;5;https://www.liverpool.com.mx/
129;aHR0cHM6Ly93d3cubGl2ZXJwb29sLmNvbS5teC90aWVuZGEvcGRwL0xhdmFkb3JhLU1hYmUtMTkta2ctYXV0b20lQzMlQTF0aWNhLWNhcmdhLXN1cGVyaW9yLUxNQTc5MTE0V0JBSzAvMTEwNDQ4MzU1Nzk5Mjg2NQ==;SEM;2021-10-08;2021-05-22;;992865;;;;LIVERPOOL;MX;2021-10-08 03:22;MABE;Lavadora Mabe 19 kg automática carga superior LMA79114WBAK0;https://www.liverpool.com.mx/tienda/pdp/Lavadora-Mabe-19-kg-autom%C3%A1tica-carga-superior-LMA79114WBAK0/1104483557;WM;5;https://www.liverpool.com.mx/
130;aHR0cHM6Ly93d3cubGl2ZXJwb29sLmNvbS5teC90aWVuZGEvcGRwL0xhdmFkb3JhLU1hYmUtMTkta2ctYXV0b20lQzMlQTF0aWNhLWNhcmdhLXN1cGVyaW9yLUxNQTc5MTE0V0JBSzAvMTEwNDQ4MzU1Nzk3ODAxOQ==;SEM;2021-10-08;2021-05-16;;978019;;;;LIVERPOOL;MX;2021-10-08 03:22;MABE;Lavadora Mabe 19 kg automática carga superior LMA79114WBAK0;https://www.liverpool.com.mx/tienda/pdp/Lavadora-Mabe-19-kg-autom%C3%A1tica-carga-superior-LMA79114WBAK0/1104483557;WM;5;https://www.liverpool.com.mx/
131;aHR0cHM6Ly93d3cubGl2ZXJwb29sLmNvbS5teC90aWVuZGEvcGRwL0xhdmFkb3JhLU1hYmUtMTkta2ctYXV0b20lQzMlQTF0aWNhLWNhcmdhLXN1cGVyaW9yLUxNQTc5MTE0V0JBSzAvMTEwNDQ4MzU1NzEwODU4MTc=;SEM;2021-10-08;2021-06-21;;1085817;;;;LIVERPOOL;MX;2021-10-08 03:22;MABE;Lavadora Mabe 19 kg automática carga superior LMA79114WBAK0;https://www.liverpool.com.mx/tienda/pdp/Lavadora-Mabe-19-kg-autom%C3%A1tica-carga-superior-LMA79114WBAK0/1104483557;WM;5;https://www.liverpool.com.mx/
132;aHR0cHM6Ly93d3cubGl2ZXJwb29sLmNvbS5teC90aWVuZGEvcGRwL0xhdmFkb3JhLU1hYmUtMTkta2ctYXV0b20lQzMlQTF0aWNhLWNhcmdhLXN1cGVyaW9yLUxNQTc5MTE0V0JBSzAvMTEwNDQ4MzU1NzExNDg1NDg=;SEM;2021-10-08;2021-07-17;;1148548;;;;LIVERPOOL;MX;2021-10-08 03:22;MABE;Lavadora Mabe 19 kg automática carga superior LMA79114WBAK0;https://www.liverpool.com.mx/tienda/pdp/Lavadora-Mabe-19-kg-autom%C3%A1tica-carga-superior-LMA79114WBAK0/1104483557;WM;5;https://www.liverpool.com.mx/
133;aHR0cHM6Ly93d3cubGl2ZXJwb29sLmNvbS5teC90aWVuZGEvcGRwL0xhdmFkb3JhLU1hYmUtMTkta2ctYXV0b20lQzMlQTF0aWNhLWNhcmdhLXN1cGVyaW9yLUxNQTc5MTE0V0JBSzAvMTEwNDQ4MzU1Nzk2NzA0Nw==;SEM;2021-10-08;2021-05-13;;967047;;;;LIVERPOOL;MX;2021-10-08 03:22;MABE;Lavadora Mabe 19 kg automática carga superior LMA79114WBAK0;https://www.liverpool.com.mx/tienda/pdp/Lavadora-Mabe-19-kg-autom%C3%A1tica-carga-superior-LMA79114WBAK0/1104483557;WM;5;https://www.liverpool.com.mx/
134;aHR0cHM6Ly93d3cubGl2ZXJwb29sLmNvbS5teC90aWVuZGEvcGRwL0xhdmFkb3JhLU1hYmUtMTkta2ctYXV0b20lQzMlQTF0aWNhLWNhcmdhLXN1cGVyaW9yLUxNQTc5MTE0V0JBSzAvMTEwNDQ4MzU1NzEyNTQ3OTQ=;SEM;2021-10-08;2021-09-08;;1254794;;;;LIVERPOOL;MX;2021-10-08 03:22;MABE;Lavadora Mabe 19 kg automática carga superior LMA79114WBAK0;https://www.liverpool.com.mx/tienda/pdp/Lavadora-Mabe-19-kg-autom%C3%A1tica-carga-superior-LMA79114WBAK0/1104483557;WM;5;https://www.liverpool.com.mx/
135;aHR0cHM6Ly93d3cubGl2ZXJwb29sLmNvbS5teC90aWVuZGEvcGRwL0xhdmFkb3JhLU1hYmUtMTkta2ctYXV0b20lQzMlQTF0aWNhLWNhcmdhLXN1cGVyaW9yLUxNQTc5MTE0V0JBSzAvMTEwNDQ4MzU1NzEyODgzNjY=;SEM;2021-10-08;2021-09-27;;1288366;;;;LIVERPOOL;MX;2021-10-08 03:22;MABE;Lavadora Mabe 19 kg automática carga superior LMA79114WBAK0;https://www.liverpool.com.mx/tienda/pdp/Lavadora-Mabe-19-kg-autom%C3%A1tica-carga-superior-LMA79114WBAK0/1104483557;WM;5;https://www.liverpool.com.mx/
136;aHR0cHM6Ly93d3cubGl2ZXJwb29sLmNvbS5teC90aWVuZGEvcGRwL0xhdmFkb3JhLU1hYmUtMTkta2ctYXV0b20lQzMlQTF0aWNhLWNhcmdhLXN1cGVyaW9yLUxNQTc5MTE0V0JBSzAvMTEwNDQ4MzU1Nzk5NTc4Mw==;SEM;2021-10-08;2021-05-22;;995783;;;;LIVERPOOL;MX;2021-10-08 03:22;MABE;Lavadora Mabe 19 kg automática carga superior LMA79114WBAK0;https://www.liverpool.com.mx/tienda/pdp/Lavadora-Mabe-19-kg-autom%C3%A1tica-carga-superior-LMA79114WBAK0/1104483557;WM;5;https://www.liverpool.com.mx/
137;aHR0cHM6Ly93d3cubGl2ZXJwb29sLmNvbS5teC90aWVuZGEvcGRwL0xhdmFkb3JhLU1hYmUtMTkta2ctYXV0b20lQzMlQTF0aWNhLWNhcmdhLXN1cGVyaW9yLUxNQTc5MTE0V0JBSzAvMTEwNDQ4MzU1Nzk5ODYxOQ==;SEM;2021-10-08;2021-05-23;;998619;;;;LIVERPOOL;MX;2021-10-08 03:22;MABE;Lavadora Mabe 19 kg automática carga superior LMA79114WBAK0;https://www.liverpool.com.mx/tienda/pdp/Lavadora-Mabe-19-kg-autom%C3%A1tica-carga-superior-LMA79114WBAK0/1104483557;WM;5;https://www.liverpool.com.mx/
138;aHR0cHM6Ly93d3cubGl2ZXJwb29sLmNvbS5teC90aWVuZGEvcGRwL0xhdmFkb3JhLU1hYmUtMTkta2ctYXV0b20lQzMlQTF0aWNhLWNhcmdhLXN1cGVyaW9yLUxNQTc5MTE0V0JBSzAvMTEwNDQ4MzU1NzExNDczNjQ=;SEM;2021-10-08;2021-07-17;;1147364;;;;LIVERPOOL;MX;2021-10-08 03:22;MABE;Lavadora Mabe 19 kg automática carga superior LMA79114WBAK0;https://www.liverpool.com.mx/tienda/pdp/Lavadora-Mabe-19-kg-autom%C3%A1tica-carga-superior-LMA79114WBAK0/1104483557;WM;5;https://www.liverpool.com.mx/
139;aHR0cHM6Ly93d3cubGl2ZXJwb29sLmNvbS5teC90aWVuZGEvcGRwL0xhdmFkb3JhLU1hYmUtMTkta2ctYXV0b20lQzMlQTF0aWNhLWNhcmdhLXN1cGVyaW9yLUxNQTc5MTE0V0JBSzAvMTEwNDQ4MzU1NzExMTk5NzY=;SEM;2021-10-08;2021-07-03;;1119976;;;;LIVERPOOL;MX;2021-10-08 03:22;MABE;Lavadora Mabe 19 kg automática carga superior LMA79114WBAK0;https://www.liverpool.com.mx/tienda/pdp/Lavadora-Mabe-19-kg-autom%C3%A1tica-carga-superior-LMA79114WBAK0/1104483557;WM;5;https://www.liverpool.com.mx/
140;aHR0cHM6Ly93d3cubGl2ZXJwb29sLmNvbS5teC90aWVuZGEvcGRwL0xhdmFkb3JhLU1hYmUtMTkta2ctYXV0b20lQzMlQTF0aWNhLWNhcmdhLXN1cGVyaW9yLUxNQTc5MTE0V0JBSzAvMTEwNDQ4MzU1NzEyNjMwOTE=;SEM;2021-10-08;2021-09-13;;1263091;;;;LIVERPOOL;MX;2021-10-08 03:22;MABE;Lavadora Mabe 19 kg automática carga superior LMA79114WBAK0;https://www.liverpool.com.mx/tienda/pdp/Lavadora-Mabe-19-kg-autom%C3%A1tica-carga-superior-LMA79114WBAK0/1104483557;WM;5;https://www.liverpool.com.mx/
141;aHR0cHM6Ly93d3cubGl2ZXJwb29sLmNvbS5teC90aWVuZGEvcGRwL0xhdmFkb3JhLU1hYmUtMTkta2ctYXV0b20lQzMlQTF0aWNhLWNhcmdhLXN1cGVyaW9yLUxNQTc5MTE0V0JBSzAvMTEwNDQ4MzU1NzExNjA0NDY=;SEM;2021-10-08;2021-07-23;;1160446;;;;LIVERPOOL;MX;2021-10-08 03:22;MABE;Lavadora Mabe 19 kg automática carga superior LMA79114WBAK0;https://www.liverpool.com.mx/tienda/pdp/Lavadora-Mabe-19-kg-autom%C3%A1tica-carga-superior-LMA79114WBAK0/1104483557;WM;5;https://www.liverpool.com.mx/
142;aHR0cHM6Ly93d3cubGl2ZXJwb29sLmNvbS5teC90aWVuZGEvcGRwL0xhdmFkb3JhLU1hYmUtMTkta2ctYXV0b20lQzMlQTF0aWNhLWNhcmdhLXN1cGVyaW9yLUxNQTc5MTE0V0JBSzAvMTEwNDQ4MzU1NzEyMzQyMTI=;SEM;2021-10-08;2021-08-28;;1234212;;;;LIVERPOOL;MX;2021-10-08 03:22;MABE;Lavadora Mabe 19 kg automática carga superior LMA79114WBAK0;https://www.liverpool.com.mx/tienda/pdp/Lavadora-Mabe-19-kg-autom%C3%A1tica-carga-superior-LMA79114WBAK0/1104483557;WM;4;https://www.liverpool.com.mx/
143;aHR0cHM6Ly93d3cubGl2ZXJwb29sLmNvbS5teC90aWVuZGEvcGRwL0xhdmFkb3JhLU1hYmUtMTkta2ctYXV0b20lQzMlQTF0aWNhLWNhcmdhLXN1cGVyaW9yLUxNQTc5MTE0V0JBSzAvMTEwNDQ4MzU1NzEyOTE0Mzg=;SEM;2021-10-08;2021-09-29;;1291438;;;;LIVERPOOL;MX;2021-10-08 03:22;MABE;Lavadora Mabe 19 kg automática carga superior LMA79114WBAK0;https://www.liverpool.com.mx/tienda/pdp/Lavadora-Mabe-19-kg-autom%C3%A1tica-carga-superior-LMA79114WBAK0/1104483557;WM;4;https://www.liverpool.com.mx/
144;aHR0cHM6Ly93d3cubGl2ZXJwb29sLmNvbS5teC90aWVuZGEvcGRwL0xhdmFkb3JhLU1hYmUtMTkta2ctYXV0b20lQzMlQTF0aWNhLWNhcmdhLXN1cGVyaW9yLUxNQTc5MTE0V0JBSzAvMTEwNDQ4MzU1NzExMzc3MzA=;SEM;2021-10-08;2021-07-11;;1137730;;;;LIVERPOOL;MX;2021-10-08 03:22;MABE;Lavadora Mabe 19 kg automática carga superior LMA79114WBAK0;https://www.liverpool.com.mx/tienda/pdp/Lavadora-Mabe-19-kg-autom%C3%A1tica-carga-superior-LMA79114WBAK0/1104483557;WM;5;https://www.liverpool.com.mx/
145;aHR0cHM6Ly93d3cubGl2ZXJwb29sLmNvbS5teC90aWVuZGEvcGRwL0xhdmFkb3JhLU1hYmUtMTkta2ctYXV0b20lQzMlQTF0aWNhLWNhcmdhLXN1cGVyaW9yLUxNQTc5MTE0V0JBSzAvMTEwNDQ4MzU1NzExNjQ3MTg=;SEM;2021-10-08;2021-07-25;;1164718;;;;LIVERPOOL;MX;2021-10-08 03:22;MABE;Lavadora Mabe 19 kg automática carga superior LMA79114WBAK0;https://www.liverpool.com.mx/tienda/pdp/Lavadora-Mabe-19-kg-autom%C3%A1tica-carga-superior-LMA79114WBAK0/1104483557;WM;5;https://www.liverpool.com.mx/
146;aHR0cHM6Ly93d3cubGl2ZXJwb29sLmNvbS5teC90aWVuZGEvcGRwL0xhdmFkb3JhLU1hYmUtMTkta2ctYXV0b20lQzMlQTF0aWNhLWNhcmdhLXN1cGVyaW9yLUxNQTc5MTE0V0JBSzAvMTEwNDQ4MzU1NzExNDA0MjU=;SEM;2021-10-08;2021-07-12;;1140425;;;;LIVERPOOL;MX;2021-10-08 03:22;MABE;Lavadora Mabe 19 kg automática carga superior LMA79114WBAK0;https://www.liverpool.com.mx/tienda/pdp/Lavadora-Mabe-19-kg-autom%C3%A1tica-carga-superior-LMA79114WBAK0/1104483557;WM;5;https://www.liverpool.com.mx/
147;aHR0cHM6Ly93d3cubGl2ZXJwb29sLmNvbS5teC90aWVuZGEvcGRwL0xhdmFkb3JhLU1hYmUtMTkta2ctYXV0b20lQzMlQTF0aWNhLWNhcmdhLXN1cGVyaW9yLUxNQTc5MTE0V0JBSzAvMTEwNDQ4MzU1Nzk4MTQ1MA==;SEM;2021-10-08;2021-05-17;;981450;;;;LIVERPOOL;MX;2021-10-08 03:22;MABE;Lavadora Mabe 19 kg automática carga superior LMA79114WBAK0;https://www.liverpool.com.mx/tienda/pdp/Lavadora-Mabe-19-kg-autom%C3%A1tica-carga-superior-LMA79114WBAK0/1104483557;WM;5;https://www.liverpool.com.mx/
148;aHR0cHM6Ly93d3cubGl2ZXJwb29sLmNvbS5teC90aWVuZGEvcGRwL0xhdmFkb3JhLU1hYmUtMTkta2ctYXV0b20lQzMlQTF0aWNhLWNhcmdhLXN1cGVyaW9yLUxNQTc5MTE0V0JBSzAvMTEwNDQ4MzU1NzExNjczMTk=;SEM;2021-10-08;2021-07-26;;1167319;;;;LIVERPOOL;MX;2021-10-08 03:22;MABE;Lavadora Mabe 19 kg automática carga superior LMA79114WBAK0;https://www.liverpool.com.mx/tienda/pdp/Lavadora-Mabe-19-kg-autom%C3%A1tica-carga-superior-LMA79114WBAK0/1104483557;WM;5;https://www.liverpool.com.mx/
149;aHR0cHM6Ly93d3cubGl2ZXJwb29sLmNvbS5teC90aWVuZGEvcGRwL0xhdmFkb3JhLU1hYmUtMTkta2ctYXV0b20lQzMlQTF0aWNhLWNhcmdhLXN1cGVyaW9yLUxNQTc5MTE0V0JBSzAvMTEwNDQ4MzU1Nzk0NDExNg==;SEM;2021-10-08;2021-05-06;;944116;;;;LIVERPOOL;MX;2021-10-08 03:22;MABE;Lavadora Mabe 19 kg automática carga superior LMA79114WBAK0;https://www.liverpool.com.mx/tienda/pdp/Lavadora-Mabe-19-kg-autom%C3%A1tica-carga-superior-LMA79114WBAK0/1104483557;WM;5;https://www.liverpool.com.mx/
150;aHR0cHM6Ly93d3cubGl2ZXJwb29sLmNvbS5teC90aWVuZGEvcGRwL0xhdmFkb3JhLU1hYmUtMTkta2ctYXV0b20lQzMlQTF0aWNhLWNhcmdhLXN1cGVyaW9yLUxNQTc5MTE0V0JBSzAvMTEwNDQ4MzU1NzExNTU4NDU=;SEM;2021-10-08;2021-07-21;;1155845;;;;LIVERPOOL;MX;2021-10-08 03:22;MABE;Lavadora Mabe 19 kg automática carga superior LMA79114WBAK0;https://www.liverpool.com.mx/tienda/pdp/Lavadora-Mabe-19-kg-autom%C3%A1tica-carga-superior-LMA79114WBAK0/1104483557;WM;5;https://www.liverpool.com.mx/
151;aHR0cHM6Ly93d3cubGl2ZXJwb29sLmNvbS5teC90aWVuZGEvcGRwL0xhdmFkb3JhLU1hYmUtMTkta2ctYXV0b20lQzMlQTF0aWNhLWNhcmdhLXN1cGVyaW9yLUxNQTc5MTE0V0JBSzAvMTEwNDQ4MzU1NzExMTc3MjI=;SEM;2021-10-08;2021-07-02;;1117722;;;;LIVERPOOL;MX;2021-10-08 03:22;MABE;Lavadora Mabe 19 kg automática carga superior LMA79114WBAK0;https://www.liverpool.com.mx/tienda/pdp/Lavadora-Mabe-19-kg-autom%C3%A1tica-carga-superior-LMA79114WBAK0/1104483557;WM;5;https://www.liverpool.com.mx/
152;aHR0cHM6Ly93d3cubGl2ZXJwb29sLmNvbS5teC90aWVuZGEvcGRwL0xhdmFkb3JhLU1hYmUtMTkta2ctYXV0b20lQzMlQTF0aWNhLWNhcmdhLXN1cGVyaW9yLUxNQTc5MTE0V0JBSzAvMTEwNDQ4MzU1NzExOTQ2MzY=;SEM;2021-10-08;2021-08-08;;1194636;;;;LIVERPOOL;MX;2021-10-08 03:22;MABE;Lavadora Mabe 19 kg automática carga superior LMA79114WBAK0;https://www.liverpool.com.mx/tienda/pdp/Lavadora-Mabe-19-kg-autom%C3%A1tica-carga-superior-LMA79114WBAK0/1104483557;WM;5;https://www.liverpool.com.mx/
153;aHR0cHM6Ly93d3cubGl2ZXJwb29sLmNvbS5teC90aWVuZGEvcGRwL0xhdmFkb3JhLU1hYmUtMTkta2ctYXV0b20lQzMlQTF0aWNhLWNhcmdhLXN1cGVyaW9yLUxNQTc5MTE0V0JBSzAvMTEwNDQ4MzU1NzExOTE1Nzk=;SEM;2021-10-08;2021-08-07;;1191579;;;;LIVERPOOL;MX;2021-10-08 03:22;MABE;Lavadora Mabe 19 kg automática carga superior LMA79114WBAK0;https://www.liverpool.com.mx/tienda/pdp/Lavadora-Mabe-19-kg-autom%C3%A1tica-carga-superior-LMA79114WBAK0/1104483557;WM;5;https://www.liverpool.com.mx/
154;aHR0cHM6Ly93d3cubGl2ZXJwb29sLmNvbS5teC90aWVuZGEvcGRwL0xhdmFkb3JhLU1hYmUtMTkta2ctYXV0b20lQzMlQTF0aWNhLWNhcmdhLXN1cGVyaW9yLUxNQTc5MTE0V0JBSzAvMTEwNDQ4MzU1NzExNzIxMjM=;SEM;2021-10-08;2021-07-29;;1172123;;;;LIVERPOOL;MX;2021-10-08 03:22;MABE;Lavadora Mabe 19 kg automática carga superior LMA79114WBAK0;https://www.liverpool.com.mx/tienda/pdp/Lavadora-Mabe-19-kg-autom%C3%A1tica-carga-superior-LMA79114WBAK0/1104483557;WM;5;https://www.liverpool.com.mx/
155;aHR0cHM6Ly93d3cubGl2ZXJwb29sLmNvbS5teC90aWVuZGEvcGRwL0xhdmFkb3JhLU1hYmUtMjIta2ctYmxhbmNhLUxNSDcyMjA1V0JBQjAvMTA0OTQ4MDM5MDIwMzcz;SEM;2021-10-08;2019-02-13;;20373;;;;LIVERPOOL;MX;2021-10-08 03:24;MABE;Lavadora Mabe 22 kg blanca LMH72205WBAB0;https://www.liverpool.com.mx/tienda/pdp/Lavadora-Mabe-22-kg-blanca-LMH72205WBAB0/1049480390;WM;5;https://www.liverpool.com.mx/
156;aHR0cHM6Ly93d3cubGl2ZXJwb29sLmNvbS5teC90aWVuZGEvcGRwL0xhdmFkb3JhLU1hYmUtMjIta2ctYmxhbmNhLUxNSDcyMjA1V0JBQjAvMTA0OTQ4MDM5MDIxMDky;SEM;2021-10-08;2019-02-16;;21092;;;;LIVERPOOL;MX;2021-10-08 03:24;MABE;Lavadora Mabe 22 kg blanca LMH72205WBAB0;https://www.liverpool.com.mx/tienda/pdp/Lavadora-Mabe-22-kg-blanca-LMH72205WBAB0/1049480390;WM;1;https://www.liverpool.com.mx/
157;aHR0cHM6Ly93d3cubGl2ZXJwb29sLmNvbS5teC90aWVuZGEvcGRwL0xhdmFkb3JhLU1hYmUtMjIta2ctYmxhbmNhLUxNSDcyMjA1V0JBQjAvMTA0OTQ4MDM5MDIxMzg1Mw==;SEM;2021-10-08;2020-04-11;;213853;;;;LIVERPOOL;MX;2021-10-08 03:24;MABE;Lavadora Mabe 22 kg blanca LMH72205WBAB0;https://www.liverpool.com.mx/tienda/pdp/Lavadora-Mabe-22-kg-blanca-LMH72205WBAB0/1049480390;WM;5;https://www.liverpool.com.mx/
158;aHR0cHM6Ly93d3cubGl2ZXJwb29sLmNvbS5teC90aWVuZGEvcGRwL0xhdmFkb3JhLU1hYmUtMjIta2ctYmxhbmNhLUxNSDcyMjA1V0JBQjAvMTA0OTQ4MDM5MDE5MDU0NQ==;SEM;2021-10-08;2020-02-23;;190545;;;;LIVERPOOL;MX;2021-10-08 03:24;MABE;Lavadora Mabe 22 kg blanca LMH72205WBAB0;https://www.liverpool.com.mx/tienda/pdp/Lavadora-Mabe-22-kg-blanca-LMH72205WBAB0/1049480390;WM;2;https://www.liverpool.com.mx/
159;aHR0cHM6Ly93d3cubGl2ZXJwb29sLmNvbS5teC90aWVuZGEvcGRwL0xhdmFkb3JhLU1hYmUtMjIta2ctYmxhbmNhLUxNSDcyMjA1V0JBQjAvMTA0OTQ4MDM5MDIyMTgwMg==;SEM;2021-10-08;2020-04-20;;221802;;;;LIVERPOOL;MX;2021-10-08 03:24;MABE;Lavadora Mabe 22 kg blanca LMH72205WBAB0;https://www.liverpool.com.mx/tienda/pdp/Lavadora-Mabe-22-kg-blanca-LMH72205WBAB0/1049480390;WM;1;https://www.liverpool.com.mx/
160;aHR0cHM6Ly93d3cubGl2ZXJwb29sLmNvbS5teC90aWVuZGEvcGRwL0xhdmFkb3JhLU1hYmUtMjIta2ctYmxhbmNhLUxNSDcyMjA1V0JBQjAvMTA0OTQ4MDM5MDE5MDYyNw==;SEM;2021-10-08;2020-02-24;;190627;;;;LIVERPOOL;MX;2021-10-08 03:24;MABE;Lavadora Mabe 22 kg blanca LMH72205WBAB0;https://www.liverpool.com.mx/tienda/pdp/Lavadora-Mabe-22-kg-blanca-LMH72205WBAB0/1049480390;WM;5;https://www.liverpool.com.mx/
161;aHR0cHM6Ly93d3cubGl2ZXJwb29sLmNvbS5teC90aWVuZGEvcGRwL0xhdmFkb3JhLU1hYmUtMjIta2ctYmxhbmNhLUxNSDcyMjA1V0JBQjAvMTA0OTQ4MDM5MDIxNjA1Mg==;SEM;2021-10-08;2020-04-14;;216052;;;;LIVERPOOL;MX;2021-10-08 03:24;MABE;Lavadora Mabe 22 kg blanca LMH72205WBAB0;https://www.liverpool.com.mx/tienda/pdp/Lavadora-Mabe-22-kg-blanca-LMH72205WBAB0/1049480390;WM;1;https://www.liverpool.com.mx/
162;aHR0cHM6Ly93d3cubGl2ZXJwb29sLmNvbS5teC90aWVuZGEvcGRwL0xhdmFkb3JhLU1hYmUtMjIta2ctYmxhbmNhLUxNSDcyMjA1V0JBQjAvMTA0OTQ4MDM5MDE0MDQ4MQ==;SEM;2021-10-08;2019-11-27;;140481;;;;LIVERPOOL;MX;2021-10-08 03:24;MABE;Lavadora Mabe 22 kg blanca LMH72205WBAB0;https://www.liverpool.com.mx/tienda/pdp/Lavadora-Mabe-22-kg-blanca-LMH72205WBAB0/1049480390;WM;1;https://www.liverpool.com.mx/
163;aHR0cHM6Ly93d3cubGl2ZXJwb29sLmNvbS5teC90aWVuZGEvcGRwL0xhdmFkb3JhLU1hYmUtMjIta2ctYmxhbmNhLUxNSDcyMjA1V0JBQjAvMTA0OTQ4MDM5MDY4NzA=;SEM;2021-10-08;2018-11-04;;6870;;;;LIVERPOOL;MX;2021-10-08 03:24;MABE;Lavadora Mabe 22 kg blanca LMH72205WBAB0;https://www.liverpool.com.mx/tienda/pdp/Lavadora-Mabe-22-kg-blanca-LMH72205WBAB0/1049480390;WM;5;https://www.liverpool.com.mx/
164;aHR0cHM6Ly93d3cubGl2ZXJwb29sLmNvbS5teC90aWVuZGEvcGRwL0xhdmFkb3JhLU1hYmUtMjIta2ctYmxhbmNhLUxNSDcyMjA1V0JBQjAvMTA0OTQ4MDM5MDI0OTg1MQ==;SEM;2021-10-08;2020-05-13;;249851;;;;LIVERPOOL;MX;2021-10-08 03:24;MABE;Lavadora Mabe 22 kg blanca LMH72205WBAB0;https://www.liverpool.com.mx/tienda/pdp/Lavadora-Mabe-22-kg-blanca-LMH72205WBAB0/1049480390;WM;1;https://www.liverpool.com.mx/
165;aHR0cHM6Ly93d3cubGl2ZXJwb29sLmNvbS5teC90aWVuZGEvcGRwL0xhdmFkb3JhLU1hYmUtMjIta2ctYmxhbmNhLUxNSDcyMjA1V0JBQjAvMTA0OTQ4MDM5MDM3NjIxNg==;SEM;2021-10-08;2020-07-10;;376216;;;;LIVERPOOL;MX;2021-10-08 03:24;MABE;Lavadora Mabe 22 kg blanca LMH72205WBAB0;https://www.liverpool.com.mx/tienda/pdp/Lavadora-Mabe-22-kg-blanca-LMH72205WBAB0/1049480390;WM;5;https://www.liverpool.com.mx/
166;aHR0cHM6Ly93d3cubGl2ZXJwb29sLmNvbS5teC90aWVuZGEvcGRwL0xhdmFkb3JhLU1hYmUtMjIta2ctYmxhbmNhLUxNSDcyMjA1V0JBQjAvMTA0OTQ4MDM5MDY0MzkwMg==;SEM;2021-10-08;2020-11-08;;643902;;;;LIVERPOOL;MX;2021-10-08 03:24;MABE;Lavadora Mabe 22 kg blanca LMH72205WBAB0;https://www.liverpool.com.mx/tienda/pdp/Lavadora-Mabe-22-kg-blanca-LMH72205WBAB0/1049480390;WM;3;https://www.liverpool.com.mx/
167;aHR0cHM6Ly93d3cubGl2ZXJwb29sLmNvbS5teC90aWVuZGEvcGRwL0xhdmFkb3JhLU1hYmUtMjIta2ctYmxhbmNhLUxNSDcyMjA1V0JBQjAvMTA0OTQ4MDM5MDQ4NjYwNg==;SEM;2021-10-08;2020-08-06;;486606;;;;LIVERPOOL;MX;2021-10-08 03:24;MABE;Lavadora Mabe 22 kg blanca LMH72205WBAB0;https://www.liverpool.com.mx/tienda/pdp/Lavadora-Mabe-22-kg-blanca-LMH72205WBAB0/1049480390;WM;3;https://www.liverpool.com.mx/
168;aHR0cHM6Ly93d3cubGl2ZXJwb29sLmNvbS5teC90aWVuZGEvcGRwL0xhdmFkb3JhLU1hYmUtMjIta2ctYmxhbmNhLUxNSDcyMjA1V0JBQjAvMTA0OTQ4MDM5MDQ5MzMyNw==;SEM;2021-10-08;2020-08-07;;493327;;;;LIVERPOOL;MX;2021-10-08 03:24;MABE;Lavadora Mabe 22 kg blanca LMH72205WBAB0;https://www.liverpool.com.mx/tienda/pdp/Lavadora-Mabe-22-kg-blanca-LMH72205WBAB0/1049480390;WM;2;https://www.liverpool.com.mx/
169;aHR0cHM6Ly93d3cubGl2ZXJwb29sLmNvbS5teC90aWVuZGEvcGRwL0xhdmFkb3JhLU1hYmUtMjIta2ctYmxhbmNhLUxNSDcyMjA1V0JBQjAvMTA0OTQ4MDM5MDEzMzg4NQ==;SEM;2021-10-08;2019-11-16;;133885;;;;LIVERPOOL;MX;2021-10-08 03:24;MABE;Lavadora Mabe 22 kg blanca LMH72205WBAB0;https://www.liverpool.com.mx/tienda/pdp/Lavadora-Mabe-22-kg-blanca-LMH72205WBAB0/1049480390;WM;5;https://www.liverpool.com.mx/
170;aHR0cHM6Ly93d3cubGl2ZXJwb29sLmNvbS5teC90aWVuZGEvcGRwL0xhdmFkb3JhLU1hYmUtMjIta2ctYmxhbmNhLUxNSDcyMjA1V0JBQjAvMTA0OTQ4MDM5MDU3NTY2Nw==;SEM;2021-10-08;2020-09-02;;575667;;;;LIVERPOOL;MX;2021-10-08 03:24;MABE;Lavadora Mabe 22 kg blanca LMH72205WBAB0;https://www.liverpool.com.mx/tienda/pdp/Lavadora-Mabe-22-kg-blanca-LMH72205WBAB0/1049480390;WM;3;https://www.liverpool.com.mx/
171;aHR0cHM6Ly93d3cubGl2ZXJwb29sLmNvbS5teC90aWVuZGEvcGRwL0xhdmFkb3JhLU1hYmUtMjIta2ctYmxhbmNhLUxNSDcyMjA1V0JBQjAvMTA0OTQ4MDM5MDY0MTQyMQ==;SEM;2021-10-08;2020-11-04;;641421;;;;LIVERPOOL;MX;2021-10-08 03:24;MABE;Lavadora Mabe 22 kg blanca LMH72205WBAB0;https://www.liverpool.com.mx/tienda/pdp/Lavadora-Mabe-22-kg-blanca-LMH72205WBAB0/1049480390;WM;5;https://www.liverpool.com.mx/
172;aHR0cHM6Ly93d3cubGl2ZXJwb29sLmNvbS5teC90aWVuZGEvcGRwL0xhdmFkb3JhLU1hYmUtMjIta2ctYmxhbmNhLUxNSDcyMjA1V0JBQjAvMTA0OTQ4MDM5MDMyNDczMg==;SEM;2021-10-08;2020-06-23;;324732;;;;LIVERPOOL;MX;2021-10-08 03:24;MABE;Lavadora Mabe 22 kg blanca LMH72205WBAB0;https://www.liverpool.com.mx/tienda/pdp/Lavadora-Mabe-22-kg-blanca-LMH72205WBAB0/1049480390;WM;5;https://www.liverpool.com.mx/
173;aHR0cHM6Ly93d3cubGl2ZXJwb29sLmNvbS5teC90aWVuZGEvcGRwL0xhdmFkb3JhLU1hYmUtMjIta2ctYmxhbmNhLUxNSDcyMjA1V0JBQjAvMTA0OTQ4MDM5MDU2NjgxNg==;SEM;2021-10-08;2020-08-30;;566816;;;;LIVERPOOL;MX;2021-10-08 03:24;MABE;Lavadora Mabe 22 kg blanca LMH72205WBAB0;https://www.liverpool.com.mx/tienda/pdp/Lavadora-Mabe-22-kg-blanca-LMH72205WBAB0/1049480390;WM;5;https://www.liverpool.com.mx/
174;aHR0cHM6Ly93d3cubGl2ZXJwb29sLmNvbS5teC90aWVuZGEvcGRwL0xhdmFkb3JhLU1hYmUtMjIta2ctYmxhbmNhLUxNSDcyMjA1V0JBQjAvMTA0OTQ4MDM5MDEzMDExMw==;SEM;2021-10-08;2019-11-08;;130113;;;;LIVERPOOL;MX;2021-10-08 03:24;MABE;Lavadora Mabe 22 kg blanca LMH72205WBAB0;https://www.liverpool.com.mx/tienda/pdp/Lavadora-Mabe-22-kg-blanca-LMH72205WBAB0/1049480390;WM;5;https://www.liverpool.com.mx/
175;aHR0cHM6Ly93d3cubGl2ZXJwb29sLmNvbS5teC90aWVuZGEvcGRwL0xhdmFkb3JhLU1hYmUtMjIta2ctYmxhbmNhLUxNSDcyMjA1V0JBQjAvMTA0OTQ4MDM5MDMxOTk1MA==;SEM;2021-10-08;2020-06-22;;319950;;;;LIVERPOOL;MX;2021-10-08 03:24;MABE;Lavadora Mabe 22 kg blanca LMH72205WBAB0;https://www.liverpool.com.mx/tienda/pdp/Lavadora-Mabe-22-kg-blanca-LMH72205WBAB0/1049480390;WM;5;https://www.liverpool.com.mx/
176;aHR0cHM6Ly93d3cubGl2ZXJwb29sLmNvbS5teC90aWVuZGEvcGRwL0xhdmFkb3JhLU1hYmUtMjIta2ctYmxhbmNhLUxNSDcyMjA1V0JBQjAvMTA0OTQ4MDM5MDYxNzk5Mg==;SEM;2021-10-08;2020-09-30;;617992;;;;LIVERPOOL;MX;2021-10-08 03:24;MABE;Lavadora Mabe 22 kg blanca LMH72205WBAB0;https://www.liverpool.com.mx/tienda/pdp/Lavadora-Mabe-22-kg-blanca-LMH72205WBAB0/1049480390;WM;5;https://www.liverpool.com.mx/
177;aHR0cHM6Ly93d3cubGl2ZXJwb29sLmNvbS5teC90aWVuZGEvcGRwL0xhdmFkb3JhLU1hYmUtMjIta2ctYmxhbmNhLUxNSDcyMjA1V0JBQjAvMTA0OTQ4MDM5MDQ0NDE3NQ==;SEM;2021-10-08;2020-07-30;;444175;;;;LIVERPOOL;MX;2021-10-08 03:24;MABE;Lavadora Mabe 22 kg blanca LMH72205WBAB0;https://www.liverpool.com.mx/tienda/pdp/Lavadora-Mabe-22-kg-blanca-LMH72205WBAB0/1049480390;WM;5;https://www.liverpool.com.mx/
178;aHR0cHM6Ly93d3cubGl2ZXJwb29sLmNvbS5teC90aWVuZGEvcGRwL0xhdmFkb3JhLU1hYmUtMjIta2ctYmxhbmNhLUxNSDcyMjA1V0JBQjAvMTA0OTQ4MDM5MDc3OTUzNQ==;SEM;2021-10-08;2021-02-13;;779535;;;;LIVERPOOL;MX;2021-10-08 03:24;MABE;Lavadora Mabe 22 kg blanca LMH72205WBAB0;https://www.liverpool.com.mx/tienda/pdp/Lavadora-Mabe-22-kg-blanca-LMH72205WBAB0/1049480390;WM;5;https://www.liverpool.com.mx/
179;aHR0cHM6Ly93d3cubGl2ZXJwb29sLmNvbS5teC90aWVuZGEvcGRwL0xhdmFkb3JhLU1hYmUtMjIta2ctYmxhbmNhLUxNSDcyMjA1V0JBQjAvMTA0OTQ4MDM5MDEyMjgzNDE=;SEM;2021-10-08;2021-08-25;;1228341;;;;LIVERPOOL;MX;2021-10-08 03:24;MABE;Lavadora Mabe 22 kg blanca LMH72205WBAB0;https://www.liverpool.com.mx/tienda/pdp/Lavadora-Mabe-22-kg-blanca-LMH72205WBAB0/1049480390;WM;5;https://www.liverpool.com.mx/
180;aHR0cHM6Ly93d3cubGl2ZXJwb29sLmNvbS5teC90aWVuZGEvcGRwL0xhdmFkb3JhLU1hYmUtMjIta2ctYmxhbmNhLUxNSDcyMjA1V0JBQjAvMTA0OTQ4MDM5MDM5Mjc3OQ==;SEM;2021-10-08;2020-07-13;;392779;;;;LIVERPOOL;MX;2021-10-08 03:24;MABE;Lavadora Mabe 22 kg blanca LMH72205WBAB0;https://www.liverpool.com.mx/tienda/pdp/Lavadora-Mabe-22-kg-blanca-LMH72205WBAB0/1049480390;WM;5;https://www.liverpool.com.mx/
181;aHR0cHM6Ly93d3cubGl2ZXJwb29sLmNvbS5teC90aWVuZGEvcGRwL0xhdmFkb3JhLU1hYmUtMjIta2ctYmxhbmNhLUxNSDcyMjA1V0JBQjAvMTA0OTQ4MDM5MDU2MTc0OQ==;SEM;2021-10-08;2020-08-29;;561749;;;;LIVERPOOL;MX;2021-10-08 03:24;MABE;Lavadora Mabe 22 kg blanca LMH72205WBAB0;https://www.liverpool.com.mx/tienda/pdp/Lavadora-Mabe-22-kg-blanca-LMH72205WBAB0/1049480390;WM;5;https://www.liverpool.com.mx/
182;aHR0cHM6Ly93d3cubGl2ZXJwb29sLmNvbS5teC90aWVuZGEvcGRwL0xhdmFkb3JhLU1hYmUtMjIta2ctYmxhbmNhLUxNSDcyMjA1V0JBQjAvMTA0OTQ4MDM5MDEyOTI4OTA=;SEM;2021-10-08;2021-09-30;;1292890;;;;LIVERPOOL;MX;2021-10-08 03:24;MABE;Lavadora Mabe 22 kg blanca LMH72205WBAB0;https://www.liverpool.com.mx/tienda/pdp/Lavadora-Mabe-22-kg-blanca-LMH72205WBAB0/1049480390;WM;5;https://www.liverpool.com.mx/
183;aHR0cHM6Ly93d3cubGl2ZXJwb29sLmNvbS5teC90aWVuZGEvcGRwL0xhdmFkb3JhLU1hYmUtMjIta2ctYmxhbmNhLUxNSDcyMjA1V0JBQjAvMTA0OTQ4MDM5MDEyMzU4NTE=;SEM;2021-10-08;2021-08-29;;1235851;;;;LIVERPOOL;MX;2021-10-08 03:24;MABE;Lavadora Mabe 22 kg blanca LMH72205WBAB0;https://www.liverpool.com.mx/tienda/pdp/Lavadora-Mabe-22-kg-blanca-LMH72205WBAB0/1049480390;WM;5;https://www.liverpool.com.mx/
184;aHR0cHM6Ly93d3cubGl2ZXJwb29sLmNvbS5teC90aWVuZGEvcGRwL0xhdmFkb3JhLU1hYmUtMjIta2ctYmxhbmNhLUxNSDcyMjA1V0JBQjAvMTA0OTQ4MDM5MDcxMTYyMQ==;SEM;2021-10-08;2021-01-03;;711621;;;;LIVERPOOL;MX;2021-10-08 03:24;MABE;Lavadora Mabe 22 kg blanca LMH72205WBAB0;https://www.liverpool.com.mx/tienda/pdp/Lavadora-Mabe-22-kg-blanca-LMH72205WBAB0/1049480390;WM;5;https://www.liverpool.com.mx/
185;aHR0cHM6Ly93d3cubGl2ZXJwb29sLmNvbS5teC90aWVuZGEvcGRwL0xhdmFkb3JhLU1hYmUtMjIta2ctYmxhbmNhLUxNSDcyMjA1V0JBQjAvMTA0OTQ4MDM5MDgyNDUzMQ==;SEM;2021-10-08;2021-03-03;;824531;;;;LIVERPOOL;MX;2021-10-08 03:24;MABE;Lavadora Mabe 22 kg blanca LMH72205WBAB0;https://www.liverpool.com.mx/tienda/pdp/Lavadora-Mabe-22-kg-blanca-LMH72205WBAB0/1049480390;WM;5;https://www.liverpool.com.mx/
186;aHR0cHM6Ly93d3cubGl2ZXJwb29sLmNvbS5teC90aWVuZGEvcGRwL0xhdmFkb3JhLU1hYmUtMjIta2ctYmxhbmNhLUxNSDcyMjA1V0JBQjAvMTA0OTQ4MDM5MDEyNTM4NDU=;SEM;2021-10-08;2021-09-08;;1253845;;;;LIVERPOOL;MX;2021-10-08 03:24;MABE;Lavadora Mabe 22 kg blanca LMH72205WBAB0;https://www.liverpool.com.mx/tienda/pdp/Lavadora-Mabe-22-kg-blanca-LMH72205WBAB0/1049480390;WM;5;https://www.liverpool.com.mx/
187;aHR0cHM6Ly93d3cubGl2ZXJwb29sLmNvbS5teC90aWVuZGEvcGRwL0xhdmFkb3JhLU1hYmUtMjIta2ctYmxhbmNhLUxNSDcyMjA1V0JBQjAvMTA0OTQ4MDM5MDM0MTQ4Nw==;SEM;2021-10-08;2020-06-27;;341487;;;;LIVERPOOL;MX;2021-10-08 03:24;MABE;Lavadora Mabe 22 kg blanca LMH72205WBAB0;https://www.liverpool.com.mx/tienda/pdp/Lavadora-Mabe-22-kg-blanca-LMH72205WBAB0/1049480390;WM;5;https://www.liverpool.com.mx/
188;aHR0cHM6Ly93d3cubGl2ZXJwb29sLmNvbS5teC90aWVuZGEvcGRwL0xhdmFkb3JhLU1hYmUtMjIta2ctYmxhbmNhLUxNSDcyMjA1V0JBQjAvMTA0OTQ4MDM5MDEyNjAwMTc=;SEM;2021-10-08;2021-09-11;;1260017;;;;LIVERPOOL;MX;2021-10-08 03:24;MABE;Lavadora Mabe 22 kg blanca LMH72205WBAB0;https://www.liverpool.com.mx/tienda/pdp/Lavadora-Mabe-22-kg-blanca-LMH72205WBAB0/1049480390;WM;5;https://www.liverpool.com.mx/
189;aHR0cHM6Ly93d3cubGl2ZXJwb29sLmNvbS5teC90aWVuZGEvcGRwL0xhdmFkb3JhLU1hYmUtMjIta2ctYmxhbmNhLUxNSDcyMjA1V0JBQjAvMTA0OTQ4MDM5MDQ5OTcxMA==;SEM;2021-10-08;2020-08-09;;499710;;;;LIVERPOOL;MX;2021-10-08 03:24;MABE;Lavadora Mabe 22 kg blanca LMH72205WBAB0;https://www.liverpool.com.mx/tienda/pdp/Lavadora-Mabe-22-kg-blanca-LMH72205WBAB0/1049480390;WM;5;https://www.liverpool.com.mx/
190;aHR0cHM6Ly93d3cubGl2ZXJwb29sLmNvbS5teC90aWVuZGEvcGRwL0xhdmFkb3JhLU1hYmUtMjIta2ctYmxhbmNhLUxNSDcyMjA1V0JBQjAvMTA0OTQ4MDM5MDY3NzY2Ng==;SEM;2021-10-08;2020-12-23;;677666;;;;LIVERPOOL;MX;2021-10-08 03:24;MABE;Lavadora Mabe 22 kg blanca LMH72205WBAB0;https://www.liverpool.com.mx/tienda/pdp/Lavadora-Mabe-22-kg-blanca-LMH72205WBAB0/1049480390;WM;4;https://www.liverpool.com.mx/
191;aHR0cHM6Ly93d3cubGl2ZXJwb29sLmNvbS5teC90aWVuZGEvcGRwL0xhdmFkb3JhLU1hYmUtMjIta2ctYmxhbmNhLUxNSDcyMjA1V0JBQjAvMTA0OTQ4MDM5MDEyNjA1ODY=;SEM;2021-10-08;2021-09-12;;1260586;;;;LIVERPOOL;MX;2021-10-08 03:24;MABE;Lavadora Mabe 22 kg blanca LMH72205WBAB0;https://www.liverpool.com.mx/tienda/pdp/Lavadora-Mabe-22-kg-blanca-LMH72205WBAB0/1049480390;WM;4;https://www.liverpool.com.mx/
192;aHR0cHM6Ly93d3cubGl2ZXJwb29sLmNvbS5teC90aWVuZGEvcGRwL0xhdmFkb3JhLU1hYmUtMjIta2ctYmxhbmNhLUxNSDcyMjA1V0JBQjAvMTA0OTQ4MDM5MDgxMTA1Ng==;SEM;2021-10-08;2021-02-25;;811056;;;;LIVERPOOL;MX;2021-10-08 03:24;MABE;Lavadora Mabe 22 kg blanca LMH72205WBAB0;https://www.liverpool.com.mx/tienda/pdp/Lavadora-Mabe-22-kg-blanca-LMH72205WBAB0/1049480390;WM;4;https://www.liverpool.com.mx/
193;aHR0cHM6Ly93d3cubGl2ZXJwb29sLmNvbS5teC90aWVuZGEvcGRwL0xhdmFkb3JhLU1hYmUtMjIta2ctYmxhbmNhLUxNSDcyMjA1V0JBQjAvMTA0OTQ4MDM5MDM1MDc2MA==;SEM;2021-10-08;2020-06-29;;350760;;;;LIVERPOOL;MX;2021-10-08 03:24;MABE;Lavadora Mabe 22 kg blanca LMH72205WBAB0;https://www.liverpool.com.mx/tienda/pdp/Lavadora-Mabe-22-kg-blanca-LMH72205WBAB0/1049480390;WM;5;https://www.liverpool.com.mx/
194;aHR0cHM6Ly93d3cubGl2ZXJwb29sLmNvbS5teC90aWVuZGEvcGRwL0xhdmFkb3JhLU1hYmUtMjIta2ctYmxhbmNhLUxNSDcyMjA1V0JBQjAvMTA0OTQ4MDM5MDYxMjkxMw==;SEM;2021-10-08;2020-09-23;;612913;;;;LIVERPOOL;MX;2021-10-08 03:24;MABE;Lavadora Mabe 22 kg blanca LMH72205WBAB0;https://www.liverpool.com.mx/tienda/pdp/Lavadora-Mabe-22-kg-blanca-LMH72205WBAB0/1049480390;WM;5;https://www.liverpool.com.mx/
195;aHR0cHM6Ly93d3cubGl2ZXJwb29sLmNvbS5teC90aWVuZGEvcGRwL0xhdmFkb3JhLU1hYmUtMjIta2ctYmxhbmNhLUxNSDcyMjA1V0JBQjAvMTA0OTQ4MDM5MDY0MjY1Mg==;SEM;2021-10-08;2020-11-06;;642652;;;;LIVERPOOL;MX;2021-10-08 03:24;MABE;Lavadora Mabe 22 kg blanca LMH72205WBAB0;https://www.liverpool.com.mx/tienda/pdp/Lavadora-Mabe-22-kg-blanca-LMH72205WBAB0/1049480390;WM;5;https://www.liverpool.com.mx/
196;aHR0cHM6Ly93d3cubGl2ZXJwb29sLmNvbS5teC90aWVuZGEvcGRwL0xhdmFkb3JhLU1hYmUtMjIta2ctYmxhbmNhLUxNSDcyMjA1V0JBQjAvMTA0OTQ4MDM5MDQzNjU5OQ==;SEM;2021-10-08;2020-07-29;;436599;;;;LIVERPOOL;MX;2021-10-08 03:24;MABE;Lavadora Mabe 22 kg blanca LMH72205WBAB0;https://www.liverpool.com.mx/tienda/pdp/Lavadora-Mabe-22-kg-blanca-LMH72205WBAB0/1049480390;WM;5;https://www.liverpool.com.mx/
197;aHR0cHM6Ly93d3cubGl2ZXJwb29sLmNvbS5teC90aWVuZGEvcGRwL0xhdmFkb3JhLU1hYmUtMjIta2ctYmxhbmNhLUxNSDcyMjA1V0JBQjAvMTA0OTQ4MDM5MDk2MzcxOA==;SEM;2021-10-08;2021-05-12;;963718;;;;LIVERPOOL;MX;2021-10-08 03:24;MABE;Lavadora Mabe 22 kg blanca LMH72205WBAB0;https://www.liverpool.com.mx/tienda/pdp/Lavadora-Mabe-22-kg-blanca-LMH72205WBAB0/1049480390;WM;5;https://www.liverpool.com.mx/
198;aHR0cHM6Ly93d3cubGl2ZXJwb29sLmNvbS5teC90aWVuZGEvcGRwL0xhdmFkb3JhLU1hYmUtMjIta2ctYmxhbmNhLUxNSDcyMjA1V0JBQjAvMTA0OTQ4MDM5MDM4MTQwNw==;SEM;2021-10-08;2020-07-11;;381407;;;;LIVERPOOL;MX;2021-10-08 03:24;MABE;Lavadora Mabe 22 kg blanca LMH72205WBAB0;https://www.liverpool.com.mx/tienda/pdp/Lavadora-Mabe-22-kg-blanca-LMH72205WBAB0/1049480390;WM;5;https://www.liverpool.com.mx/
199;aHR0cHM6Ly93d3cubGl2ZXJwb29sLmNvbS5teC90aWVuZGEvcGRwL0xhdmFkb3JhLU1hYmUtMjIta2ctYmxhbmNhLUxNSDcyMjA1V0JBQjAvMTA0OTQ4MDM5MDQyNDY5MQ==;SEM;2021-10-08;2020-07-25;;424691;;;;LIVERPOOL;MX;2021-10-08 03:24;MABE;Lavadora Mabe 22 kg blanca LMH72205WBAB0;https://www.liverpool.com.mx/tienda/pdp/Lavadora-Mabe-22-kg-blanca-LMH72205WBAB0/1049480390;WM;5;https://www.liverpool.com.mx/
200;aHR0cHM6Ly93d3cubGl2ZXJwb29sLmNvbS5teC90aWVuZGEvcGRwL0xhdmFkb3JhLU1hYmUtMjIta2ctYmxhbmNhLUxNSDcyMjA1V0JBQjAvMTA0OTQ4MDM5MDMxMjkyOA==;SEM;2021-10-08;2020-06-20;;312928;;;;LIVERPOOL;MX;2021-10-08 03:24;MABE;Lavadora Mabe 22 kg blanca LMH72205WBAB0;https://www.liverpool.com.mx/tienda/pdp/Lavadora-Mabe-22-kg-blanca-LMH72205WBAB0/1049480390;WM;4;https://www.liverpool.com.mx/
201;aHR0cHM6Ly93d3cubGl2ZXJwb29sLmNvbS5teC90aWVuZGEvcGRwL0xhdmFkb3JhLU1hYmUtMjIta2ctYmxhbmNhLUxNSDcyMjA1V0JBQjAvMTA0OTQ4MDM5MDMyOTI3MQ==;SEM;2021-10-08;2020-06-24;;329271;;;;LIVERPOOL;MX;2021-10-08 03:24;MABE;Lavadora Mabe 22 kg blanca LMH72205WBAB0;https://www.liverpool.com.mx/tienda/pdp/Lavadora-Mabe-22-kg-blanca-LMH72205WBAB0/1049480390;WM;5;https://www.liverpool.com.mx/
202;aHR0cHM6Ly93d3cubGl2ZXJwb29sLmNvbS5teC90aWVuZGEvcGRwL0xhdmFkb3JhLU1hYmUtMjIta2ctYmxhbmNhLUxNSDcyMjA1V0JBQjAvMTA0OTQ4MDM5MDM3MzU5MA==;SEM;2021-10-08;2020-07-09;;373590;;;;LIVERPOOL;MX;2021-10-08 03:24;MABE;Lavadora Mabe 22 kg blanca LMH72205WBAB0;https://www.liverpool.com.mx/tienda/pdp/Lavadora-Mabe-22-kg-blanca-LMH72205WBAB0/1049480390;WM;5;https://www.liverpool.com.mx/
203;aHR0cHM6Ly93d3cubGl2ZXJwb29sLmNvbS5teC90aWVuZGEvcGRwL0xhdmFkb3JhLU1hYmUtMjIta2ctYmxhbmNhLUxNSDcyMjA1V0JBQjAvMTA0OTQ4MDM5MDE0NTc2Mg==;SEM;2021-10-08;2019-12-05;;145762;;;;LIVERPOOL;MX;2021-10-08 03:24;MABE;Lavadora Mabe 22 kg blanca LMH72205WBAB0;https://www.liverpool.com.mx/tienda/pdp/Lavadora-Mabe-22-kg-blanca-LMH72205WBAB0/1049480390;WM;5;https://www.liverpool.com.mx/
204;aHR0cHM6Ly93d3cubGl2ZXJwb29sLmNvbS5teC90aWVuZGEvcGRwL0xhdmFkb3JhLU1hYmUtMjIta2ctYmxhbmNhLUxNSDcyMjA1V0JBQjAvMTA0OTQ4MDM5MDQzMTI1Ng==;SEM;2021-10-08;2020-07-27;;431256;;;;LIVERPOOL;MX;2021-10-08 03:24;MABE;Lavadora Mabe 22 kg blanca LMH72205WBAB0;https://www.liverpool.com.mx/tienda/pdp/Lavadora-Mabe-22-kg-blanca-LMH72205WBAB0/1049480390;WM;5;https://www.liverpool.com.mx/
205;aHR0cHM6Ly93d3cubGl2ZXJwb29sLmNvbS5teC90aWVuZGEvcGRwL0xhdmFkb3JhLVBhbmFzb25pYy0xNy1rZy1ibGFuY2EtTkEtRjE3MEg3V01YLzEwODE4OTk4NDAxMjI3MDA=;SEM;2021-10-08;2019-10-23;;122700;;;;LIVERPOOL;MX;2021-10-08 03:30;PANASONIC;Lavadora Panasonic 17 kg blanca NA-F170H7WMX;https://www.liverpool.com.mx/tienda/pdp/Lavadora-Panasonic-17-kg-blanca-NA-F170H7WMX/1081899840;WM;5;https://www.liverpool.com.mx/
206;aHR0cHM6Ly93d3cubGl2ZXJwb29sLmNvbS5teC90aWVuZGEvcGRwL0xhdmFkb3JhLVBhbmFzb25pYy0xNy1rZy1ibGFuY2EtTkEtRjE3MEg3V01YLzEwODE4OTk4NDAyMTc1MzI=;SEM;2021-10-08;2020-04-16;;217532;;;;LIVERPOOL;MX;2021-10-08 03:30;PANASONIC;Lavadora Panasonic 17 kg blanca NA-F170H7WMX;https://www.liverpool.com.mx/tienda/pdp/Lavadora-Panasonic-17-kg-blanca-NA-F170H7WMX/1081899840;WM;5;https://www.liverpool.com.mx/
207;aHR0cHM6Ly93d3cubGl2ZXJwb29sLmNvbS5teC90aWVuZGEvcGRwL0xhdmFkb3JhLVBhbmFzb25pYy0xNy1rZy1ibGFuY2EtTkEtRjE3MEg3V01YLzEwODE4OTk4NDAyMzM4NTA=;SEM;2021-10-08;2020-05-01;;233850;;;;LIVERPOOL;MX;2021-10-08 03:30;PANASONIC;Lavadora Panasonic 17 kg blanca NA-F170H7WMX;https://www.liverpool.com.mx/tienda/pdp/Lavadora-Panasonic-17-kg-blanca-NA-F170H7WMX/1081899840;WM;5;https://www.liverpool.com.mx/
208;aHR0cHM6Ly93d3cubGl2ZXJwb29sLmNvbS5teC90aWVuZGEvcGRwL0xhdmFkb3JhLVBhbmFzb25pYy0xNy1rZy1ibGFuY2EtTkEtRjE3MEg3V01YLzEwODE4OTk4NDAyMTkyMTg=;SEM;2021-10-08;2020-04-17;;219218;;;;LIVERPOOL;MX;2021-10-08 03:30;PANASONIC;Lavadora Panasonic 17 kg blanca NA-F170H7WMX;https://www.liverpool.com.mx/tienda/pdp/Lavadora-Panasonic-17-kg-blanca-NA-F170H7WMX/1081899840;WM;5;https://www.liverpool.com.mx/
209;aHR0cHM6Ly93d3cubGl2ZXJwb29sLmNvbS5teC90aWVuZGEvcGRwL0xhdmFkb3JhLVBhbmFzb25pYy0xNy1rZy1ibGFuY2EtTkEtRjE3MEg3V01YLzEwODE4OTk4NDAyMzM4NDM=;SEM;2021-10-08;2020-05-01;;233843;;;;LIVERPOOL;MX;2021-10-08 03:30;PANASONIC;Lavadora Panasonic 17 kg blanca NA-F170H7WMX;https://www.liverpool.com.mx/tienda/pdp/Lavadora-Panasonic-17-kg-blanca-NA-F170H7WMX/1081899840;WM;5;https://www.liverpool.com.mx/
210;aHR0cHM6Ly93d3cubGl2ZXJwb29sLmNvbS5teC90aWVuZGEvcGRwL0xhdmFkb3JhLVBhbmFzb25pYy0xNy1rZy1ibGFuY2EtTkEtRjE3MEg3V01YLzEwODE4OTk4NDAyMzM4MzQ=;SEM;2021-10-08;2020-05-01;;233834;;;;LIVERPOOL;MX;2021-10-08 03:30;PANASONIC;Lavadora Panasonic 17 kg blanca NA-F170H7WMX;https://www.liverpool.com.mx/tienda/pdp/Lavadora-Panasonic-17-kg-blanca-NA-F170H7WMX/1081899840;WM;5;https://www.liverpool.com.mx/
211;aHR0cHM6Ly93d3cubGl2ZXJwb29sLmNvbS5teC90aWVuZGEvcGRwL0xhdmFkb3JhLVBhbmFzb25pYy0xNy1rZy1ibGFuY2EtTkEtRjE3MEg3V01YLzEwODE4OTk4NDAyMzM4Mzk=;SEM;2021-10-08;2020-05-01;;233839;;;;LIVERPOOL;MX;2021-10-08 03:30;PANASONIC;Lavadora Panasonic 17 kg blanca NA-F170H7WMX;https://www.liverpool.com.mx/tienda/pdp/Lavadora-Panasonic-17-kg-blanca-NA-F170H7WMX/1081899840;WM;5;https://www.liverpool.com.mx/
212;aHR0cHM6Ly93d3cubGl2ZXJwb29sLmNvbS5teC90aWVuZGEvcGRwL0xhdmFkb3JhLVBhbmFzb25pYy0xNy1rZy1ibGFuY2EtTkEtRjE3MEg3V01YLzEwODE4OTk4NDAyODk5NzU=;SEM;2021-10-08;2020-06-10;;289975;;;;LIVERPOOL;MX;2021-10-08 03:30;PANASONIC;Lavadora Panasonic 17 kg blanca NA-F170H7WMX;https://www.liverpool.com.mx/tienda/pdp/Lavadora-Panasonic-17-kg-blanca-NA-F170H7WMX/1081899840;WM;5;https://www.liverpool.com.mx/
213;aHR0cHM6Ly93d3cubGl2ZXJwb29sLmNvbS5teC90aWVuZGEvcGRwL0xhdmFkb3JhLVBhbmFzb25pYy0xNy1rZy1ibGFuY2EtTkEtRjE3MEg3V01YLzEwODE4OTk4NDAyMjk1OTk=;SEM;2021-10-08;2020-04-28;;229599;;;;LIVERPOOL;MX;2021-10-08 03:30;PANASONIC;Lavadora Panasonic 17 kg blanca NA-F170H7WMX;https://www.liverpool.com.mx/tienda/pdp/Lavadora-Panasonic-17-kg-blanca-NA-F170H7WMX/1081899840;WM;5;https://www.liverpool.com.mx/
214;aHR0cHM6Ly93d3cubGl2ZXJwb29sLmNvbS5teC90aWVuZGEvcGRwL0xhdmFkb3JhLVBhbmFzb25pYy0xNy1rZy1ibGFuY2EtTkEtRjE3MEg3V01YLzEwODE4OTk4NDAyMzM4NTM=;SEM;2021-10-08;2020-05-01;;233853;;;;LIVERPOOL;MX;2021-10-08 03:30;PANASONIC;Lavadora Panasonic 17 kg blanca NA-F170H7WMX;https://www.liverpool.com.mx/tienda/pdp/Lavadora-Panasonic-17-kg-blanca-NA-F170H7WMX/1081899840;WM;5;https://www.liverpool.com.mx/
215;aHR0cHM6Ly93d3cubGl2ZXJwb29sLmNvbS5teC90aWVuZGEvcGRwL0xhdmFkb3JhLVBhbmFzb25pYy0xNy1rZy1ibGFuY2EtTkEtRjE3MEg3V01YLzEwODE4OTk4NDAyMzM4Mzc=;SEM;2021-10-08;2020-05-01;;233837;;;;LIVERPOOL;MX;2021-10-08 03:30;PANASONIC;Lavadora Panasonic 17 kg blanca NA-F170H7WMX;https://www.liverpool.com.mx/tienda/pdp/Lavadora-Panasonic-17-kg-blanca-NA-F170H7WMX/1081899840;WM;5;https://www.liverpool.com.mx/
216;aHR0cHM6Ly93d3cubGl2ZXJwb29sLmNvbS5teC90aWVuZGEvcGRwL0xhdmFkb3JhLVBhbmFzb25pYy0xNy1rZy1ibGFuY2EtTkEtRjE3MEg3V01YLzEwODE4OTk4NDAyMzM4NDE=;SEM;2021-10-08;2020-05-01;;233841;;;;LIVERPOOL;MX;2021-10-08 03:30;PANASONIC;Lavadora Panasonic 17 kg blanca NA-F170H7WMX;https://www.liverpool.com.mx/tienda/pdp/Lavadora-Panasonic-17-kg-blanca-NA-F170H7WMX/1081899840;WM;5;https://www.liverpool.com.mx/
217;aHR0cHM6Ly93d3cubGl2ZXJwb29sLmNvbS5teC90aWVuZGEvcGRwL0xhdmFkb3JhLVBhbmFzb25pYy0xNy1rZy1ibGFuY2EtTkEtRjE3MEg3V01YLzEwODE4OTk4NDAyNDk2NDQ=;SEM;2021-10-08;2020-05-13;;249644;;;;LIVERPOOL;MX;2021-10-08 03:30;PANASONIC;Lavadora Panasonic 17 kg blanca NA-F170H7WMX;https://www.liverpool.com.mx/tienda/pdp/Lavadora-Panasonic-17-kg-blanca-NA-F170H7WMX/1081899840;WM;5;https://www.liverpool.com.mx/
218;aHR0cHM6Ly93d3cubGl2ZXJwb29sLmNvbS5teC90aWVuZGEvcGRwL0xhdmFkb3JhLVBhbmFzb25pYy0xNy1rZy1ibGFuY2EtTkEtRjE3MEg3V01YLzEwODE4OTk4NDAzMDMyNjI=;SEM;2021-10-08;2020-06-13;;303262;;;;LIVERPOOL;MX;2021-10-08 03:30;PANASONIC;Lavadora Panasonic 17 kg blanca NA-F170H7WMX;https://www.liverpool.com.mx/tienda/pdp/Lavadora-Panasonic-17-kg-blanca-NA-F170H7WMX/1081899840;WM;5;https://www.liverpool.com.mx/
219;aHR0cHM6Ly93d3cubGl2ZXJwb29sLmNvbS5teC90aWVuZGEvcGRwL0xhdmFkb3JhLVBhbmFzb25pYy0xNy1rZy1ibGFuY2EtTkEtRjE3MEg3V01YLzEwODE4OTk4NDA1MTE3ODk=;SEM;2021-10-08;2020-08-11;;511789;;;;LIVERPOOL;MX;2021-10-08 03:30;PANASONIC;Lavadora Panasonic 17 kg blanca NA-F170H7WMX;https://www.liverpool.com.mx/tienda/pdp/Lavadora-Panasonic-17-kg-blanca-NA-F170H7WMX/1081899840;WM;5;https://www.liverpool.com.mx/
220;aHR0cHM6Ly93d3cubGl2ZXJwb29sLmNvbS5teC90aWVuZGEvcGRwL0xhdmFkb3JhLVBhbmFzb25pYy0xNy1rZy1ibGFuY2EtTkEtRjE3MEg3V01YLzEwODE4OTk4NDAyODk5NjY=;SEM;2021-10-08;2020-06-10;;289966;;;;LIVERPOOL;MX;2021-10-08 03:30;PANASONIC;Lavadora Panasonic 17 kg blanca NA-F170H7WMX;https://www.liverpool.com.mx/tienda/pdp/Lavadora-Panasonic-17-kg-blanca-NA-F170H7WMX/1081899840;WM;5;https://www.liverpool.com.mx/
221;aHR0cHM6Ly93d3cubGl2ZXJwb29sLmNvbS5teC90aWVuZGEvcGRwL0xhdmFkb3JhLVBhbmFzb25pYy0xNy1rZy1ibGFuY2EtTkEtRjE3MEg3V01YLzEwODE4OTk4NDAyOTAyMzg=;SEM;2021-10-08;2020-06-10;;290238;;;;LIVERPOOL;MX;2021-10-08 03:30;PANASONIC;Lavadora Panasonic 17 kg blanca NA-F170H7WMX;https://www.liverpool.com.mx/tienda/pdp/Lavadora-Panasonic-17-kg-blanca-NA-F170H7WMX/1081899840;WM;5;https://www.liverpool.com.mx/
222;aHR0cHM6Ly93d3cubGl2ZXJwb29sLmNvbS5teC90aWVuZGEvcGRwL0xhdmFkb3JhLVBhbmFzb25pYy0xNy1rZy1ibGFuY2EtTkEtRjE3MEg3V01YLzEwODE4OTk4NDAyMzk5Njc=;SEM;2021-10-08;2020-05-06;;239967;;;;LIVERPOOL;MX;2021-10-08 03:30;PANASONIC;Lavadora Panasonic 17 kg blanca NA-F170H7WMX;https://www.liverpool.com.mx/tienda/pdp/Lavadora-Panasonic-17-kg-blanca-NA-F170H7WMX/1081899840;WM;1;https://www.liverpool.com.mx/
223;aHR0cHM6Ly93d3cubGl2ZXJwb29sLmNvbS5teC90aWVuZGEvcGRwL0xhdmFkb3JhLVBhbmFzb25pYy0xNy1rZy1ibGFuY2EtTkEtRjE3MEg3V01YLzEwODE4OTk4NDAzMDMyNzg=;SEM;2021-10-08;2020-06-13;;303278;;;;LIVERPOOL;MX;2021-10-08 03:30;PANASONIC;Lavadora Panasonic 17 kg blanca NA-F170H7WMX;https://www.liverpool.com.mx/tienda/pdp/Lavadora-Panasonic-17-kg-blanca-NA-F170H7WMX/1081899840;WM;5;https://www.liverpool.com.mx/
224;aHR0cHM6Ly93d3cubGl2ZXJwb29sLmNvbS5teC90aWVuZGEvcGRwL0xhdmFkb3JhLVBhbmFzb25pYy0xNy1rZy1ibGFuY2EtTkEtRjE3MEg3V01YLzEwODE4OTk4NDAzOTYwNDU=;SEM;2021-10-08;2020-07-13;;396045;;;;LIVERPOOL;MX;2021-10-08 03:30;PANASONIC;Lavadora Panasonic 17 kg blanca NA-F170H7WMX;https://www.liverpool.com.mx/tienda/pdp/Lavadora-Panasonic-17-kg-blanca-NA-F170H7WMX/1081899840;WM;4;https://www.liverpool.com.mx/
225;aHR0cHM6Ly93d3cubGl2ZXJwb29sLmNvbS5teC90aWVuZGEvcGRwL0xhdmFkb3JhLVBhbmFzb25pYy0xNy1rZy1ibGFuY2EtTkEtRjE3MEg3V01YLzEwODE4OTk4NDAzMTc4OTI=;SEM;2021-10-08;2020-06-21;;317892;;;;LIVERPOOL;MX;2021-10-08 03:30;PANASONIC;Lavadora Panasonic 17 kg blanca NA-F170H7WMX;https://www.liverpool.com.mx/tienda/pdp/Lavadora-Panasonic-17-kg-blanca-NA-F170H7WMX/1081899840;WM;4;https://www.liverpool.com.mx/
226;aHR0cHM6Ly93d3cubGl2ZXJwb29sLmNvbS5teC90aWVuZGEvcGRwL0xhdmFkb3JhLVBhbmFzb25pYy0xNy1rZy1ibGFuY2EtTkEtRjE3MEg3V01YLzEwODE4OTk4NDA0NDg5MDM=;SEM;2021-10-08;2020-07-31;;448903;;;;LIVERPOOL;MX;2021-10-08 03:30;PANASONIC;Lavadora Panasonic 17 kg blanca NA-F170H7WMX;https://www.liverpool.com.mx/tienda/pdp/Lavadora-Panasonic-17-kg-blanca-NA-F170H7WMX/1081899840;WM;5;https://www.liverpool.com.mx/
227;aHR0cHM6Ly93d3cubGl2ZXJwb29sLmNvbS5teC90aWVuZGEvcGRwL0xhdmFkb3JhLVBhbmFzb25pYy0xNy1rZy1ibGFuY2EtTkEtRjE3MEg3V01YLzEwODE4OTk4NDA2MTc2MDM=;SEM;2021-10-08;2020-09-29;;617603;;;;LIVERPOOL;MX;2021-10-08 03:30;PANASONIC;Lavadora Panasonic 17 kg blanca NA-F170H7WMX;https://www.liverpool.com.mx/tienda/pdp/Lavadora-Panasonic-17-kg-blanca-NA-F170H7WMX/1081899840;WM;2;https://www.liverpool.com.mx/
228;aHR0cHM6Ly93d3cubGl2ZXJwb29sLmNvbS5teC90aWVuZGEvcGRwL0xhdmFkb3JhLU1hYmUtMjAta2ctYmxhbmNhLUxNSDcwMjAxV0JBQjAvMTA0OTgxNDkyMTE3NTk3;SEM;2021-10-08;2019-02-05;;17597;;;;LIVERPOOL;MX;2021-10-08 03:30;MABE;Lavadora Mabe 20 kg blanca LMH70201WBAB0;https://www.liverpool.com.mx/tienda/pdp/Lavadora-Mabe-20-kg-blanca-LMH70201WBAB0/1049814921;WM;5;https://www.liverpool.com.mx/
229;aHR0cHM6Ly93d3cubGl2ZXJwb29sLmNvbS5teC90aWVuZGEvcGRwL0xhdmFkb3JhLU1hYmUtMjAta2ctYmxhbmNhLUxNSDcwMjAxV0JBQjAvMTA0OTgxNDkyMTI5ODQ4;SEM;2021-10-08;2019-03-12;;29848;;;;LIVERPOOL;MX;2021-10-08 03:30;MABE;Lavadora Mabe 20 kg blanca LMH70201WBAB0;https://www.liverpool.com.mx/tienda/pdp/Lavadora-Mabe-20-kg-blanca-LMH70201WBAB0/1049814921;WM;1;https://www.liverpool.com.mx/
230;aHR0cHM6Ly93d3cubGl2ZXJwb29sLmNvbS5teC90aWVuZGEvcGRwL0xhdmFkb3JhLU1hYmUtMjAta2ctYmxhbmNhLUxNSDcwMjAxV0JBQjAvMTA0OTgxNDkyMTU3Mzgz;SEM;2021-10-08;2019-06-03;;57383;;;;LIVERPOOL;MX;2021-10-08 03:30;MABE;Lavadora Mabe 20 kg blanca LMH70201WBAB0;https://www.liverpool.com.mx/tienda/pdp/Lavadora-Mabe-20-kg-blanca-LMH70201WBAB0/1049814921;WM;1;https://www.liverpool.com.mx/
231;aHR0cHM6Ly93d3cubGl2ZXJwb29sLmNvbS5teC90aWVuZGEvcGRwL0xhdmFkb3JhLU1hYmUtMjAta2ctYmxhbmNhLUxNSDcwMjAxV0JBQjAvMTA0OTgxNDkyMTI5OTE5;SEM;2021-10-08;2019-03-13;;29919;;;;LIVERPOOL;MX;2021-10-08 03:30;MABE;Lavadora Mabe 20 kg blanca LMH70201WBAB0;https://www.liverpool.com.mx/tienda/pdp/Lavadora-Mabe-20-kg-blanca-LMH70201WBAB0/1049814921;WM;1;https://www.liverpool.com.mx/
232;aHR0cHM6Ly93d3cubGl2ZXJwb29sLmNvbS5teC90aWVuZGEvcGRwL0xhdmFkb3JhLU1hYmUtMjAta2ctYmxhbmNhLUxNSDcwMjAxV0JBQjAvMTA0OTgxNDkyMTIxMzc1Mg==;SEM;2021-10-08;2020-04-11;;213752;;;;LIVERPOOL;MX;2021-10-08 03:30;MABE;Lavadora Mabe 20 kg blanca LMH70201WBAB0;https://www.liverpool.com.mx/tienda/pdp/Lavadora-Mabe-20-kg-blanca-LMH70201WBAB0/1049814921;WM;2;https://www.liverpool.com.mx/
233;aHR0cHM6Ly93d3cubGl2ZXJwb29sLmNvbS5teC90aWVuZGEvcGRwL0xhdmFkb3JhLU1hYmUtMjAta2ctYmxhbmNhLUxNSDcwMjAxV0JBQjAvMTA0OTgxNDkyMTcwODcy;SEM;2021-10-08;2019-07-04;;70872;;;;LIVERPOOL;MX;2021-10-08 03:30;MABE;Lavadora Mabe 20 kg blanca LMH70201WBAB0;https://www.liverpool.com.mx/tienda/pdp/Lavadora-Mabe-20-kg-blanca-LMH70201WBAB0/1049814921;WM;5;https://www.liverpool.com.mx/
234;aHR0cHM6Ly93d3cubGl2ZXJwb29sLmNvbS5teC90aWVuZGEvcGRwL0xhdmFkb3JhLU1hYmUtMjAta2ctYmxhbmNhLUxNSDcwMjAxV0JBQjAvMTA0OTgxNDkyMTY0NTQ1MA==;SEM;2021-10-08;2020-11-11;;645450;;;;LIVERPOOL;MX;2021-10-08 03:30;MABE;Lavadora Mabe 20 kg blanca LMH70201WBAB0;https://www.liverpool.com.mx/tienda/pdp/Lavadora-Mabe-20-kg-blanca-LMH70201WBAB0/1049814921;WM;5;https://www.liverpool.com.mx/
235;aHR0cHM6Ly93d3cubGl2ZXJwb29sLmNvbS5teC90aWVuZGEvcGRwL0xhdmFkb3JhLU1hYmUtMjAta2ctYmxhbmNhLUxNSDcwMjAxV0JBQjAvMTA0OTgxNDkyMTY0MTk5Mw==;SEM;2021-10-08;2020-11-05;;641993;;;;LIVERPOOL;MX;2021-10-08 03:30;MABE;Lavadora Mabe 20 kg blanca LMH70201WBAB0;https://www.liverpool.com.mx/tienda/pdp/Lavadora-Mabe-20-kg-blanca-LMH70201WBAB0/1049814921;WM;5;https://www.liverpool.com.mx/
236;aHR0cHM6Ly93d3cubGl2ZXJwb29sLmNvbS5teC90aWVuZGEvcGRwL0xhdmFkb3JhLU1hYmUtMjAta2ctYmxhbmNhLUxNSDcwMjAxV0JBQjAvMTA0OTgxNDkyMTY0MTIzNw==;SEM;2021-10-08;2020-11-03;;641237;;;;LIVERPOOL;MX;2021-10-08 03:30;MABE;Lavadora Mabe 20 kg blanca LMH70201WBAB0;https://www.liverpool.com.mx/tienda/pdp/Lavadora-Mabe-20-kg-blanca-LMH70201WBAB0/1049814921;WM;5;https://www.liverpool.com.mx/
237;aHR0cHM6Ly93d3cubGl2ZXJwb29sLmNvbS5teC90aWVuZGEvcGRwL0xhdmFkb3JhLU1hYmUtMjAta2ctYmxhbmNhLUxNSDcwMjAxV0JBQjAvMTA0OTgxNDkyMTY0MTI0Mg==;SEM;2021-10-08;2020-11-03;;641242;;;;LIVERPOOL;MX;2021-10-08 03:30;MABE;Lavadora Mabe 20 kg blanca LMH70201WBAB0;https://www.liverpool.com.mx/tienda/pdp/Lavadora-Mabe-20-kg-blanca-LMH70201WBAB0/1049814921;WM;5;https://www.liverpool.com.mx/
238;aHR0cHM6Ly93d3cubGl2ZXJwb29sLmNvbS5teC90aWVuZGEvcGRwL0xhdmFkb3JhLU1hYmUtMjAta2ctYmxhbmNhLUxNSDcwMjAxV0JBQjAvMTA0OTgxNDkyMTg3NDQ4Ng==;SEM;2021-10-08;2021-03-28;;874486;;;;LIVERPOOL;MX;2021-10-08 03:30;MABE;Lavadora Mabe 20 kg blanca LMH70201WBAB0;https://www.liverpool.com.mx/tienda/pdp/Lavadora-Mabe-20-kg-blanca-LMH70201WBAB0/1049814921;WM;5;https://www.liverpool.com.mx/
239;aHR0cHM6Ly93d3cubGl2ZXJwb29sLmNvbS5teC90aWVuZGEvcGRwL0xhdmFkb3JhLU1hYmUtMjAta2ctYmxhbmNhLUxNSDcwMjAxV0JBQjAvMTA0OTgxNDkyMTY0MTk2MQ==;SEM;2021-10-08;2020-11-05;;641961;;;;LIVERPOOL;MX;2021-10-08 03:30;MABE;Lavadora Mabe 20 kg blanca LMH70201WBAB0;https://www.liverpool.com.mx/tienda/pdp/Lavadora-Mabe-20-kg-blanca-LMH70201WBAB0/1049814921;WM;5;https://www.liverpool.com.mx/
240;aHR0cHM6Ly93d3cubGl2ZXJwb29sLmNvbS5teC90aWVuZGEvcGRwL0xhdmFkb3JhLU1hYmUtMjAta2ctYmxhbmNhLUxNSDcwMjAxV0JBQjAvMTA0OTgxNDkyMTY0MjAzNg==;SEM;2021-10-08;2020-11-05;;642036;;;;LIVERPOOL;MX;2021-10-08 03:30;MABE;Lavadora Mabe 20 kg blanca LMH70201WBAB0;https://www.liverpool.com.mx/tienda/pdp/Lavadora-Mabe-20-kg-blanca-LMH70201WBAB0/1049814921;WM;5;https://www.liverpool.com.mx/
241;aHR0cHM6Ly93d3cubGl2ZXJwb29sLmNvbS5teC90aWVuZGEvcGRwL0xhdmFkb3JhLU1hYmUtMjAta2ctYmxhbmNhLUxNSDcwMjAxV0JBQjAvMTA0OTgxNDkyMTEwOTIxMDQ=;SEM;2021-10-08;2021-06-23;;1092104;;;;LIVERPOOL;MX;2021-10-08 03:30;MABE;Lavadora Mabe 20 kg blanca LMH70201WBAB0;https://www.liverpool.com.mx/tienda/pdp/Lavadora-Mabe-20-kg-blanca-LMH70201WBAB0/1049814921;WM;5;https://www.liverpool.com.mx/
242;aHR0cHM6Ly93d3cubGl2ZXJwb29sLmNvbS5teC90aWVuZGEvcGRwL0xhdmFkb3JhLU1hYmUtMjAta2ctYmxhbmNhLUxNSDcwMjAxV0JBQjAvMTA0OTgxNDkyMTEyNjEwNzg=;SEM;2021-10-08;2021-09-12;;1261078;;;;LIVERPOOL;MX;2021-10-08 03:30;MABE;Lavadora Mabe 20 kg blanca LMH70201WBAB0;https://www.liverpool.com.mx/tienda/pdp/Lavadora-Mabe-20-kg-blanca-LMH70201WBAB0/1049814921;WM;5;https://www.liverpool.com.mx/
243;aHR0cHM6Ly93d3cubGl2ZXJwb29sLmNvbS5teC90aWVuZGEvcGRwL0xhdmFkb3JhLU1hYmUtMjAta2ctYmxhbmNhLUxNSDcwMjAxV0JBQjAvMTA0OTgxNDkyMTEyMjc4MjA=;SEM;2021-10-08;2021-08-24;;1227820;;;;LIVERPOOL;MX;2021-10-08 03:30;MABE;Lavadora Mabe 20 kg blanca LMH70201WBAB0;https://www.liverpool.com.mx/tienda/pdp/Lavadora-Mabe-20-kg-blanca-LMH70201WBAB0/1049814921;WM;5;https://www.liverpool.com.mx/
244;aHR0cHM6Ly93d3cubGl2ZXJwb29sLmNvbS5teC90aWVuZGEvcGRwL0xhdmFkb3JhLU1hYmUtMjAta2ctYmxhbmNhLUxNSDcwMjAxV0JBQjAvMTA0OTgxNDkyMTEwNzYyNzQ=;SEM;2021-10-08;2021-06-17;;1076274;;;;LIVERPOOL;MX;2021-10-08 03:30;MABE;Lavadora Mabe 20 kg blanca LMH70201WBAB0;https://www.liverpool.com.mx/tienda/pdp/Lavadora-Mabe-20-kg-blanca-LMH70201WBAB0/1049814921;WM;5;https://www.liverpool.com.mx/
245;aHR0cHM6Ly93d3cubGl2ZXJwb29sLmNvbS5teC90aWVuZGEvcGRwL0xhdmFkb3JhLU1hYmUtMjAta2ctYmxhbmNhLUxNSDcwMjAxV0JBQjAvMTA0OTgxNDkyMTEwMTg0NjQ=;SEM;2021-10-08;2021-05-31;;1018464;;;;LIVERPOOL;MX;2021-10-08 03:30;MABE;Lavadora Mabe 20 kg blanca LMH70201WBAB0;https://www.liverpool.com.mx/tienda/pdp/Lavadora-Mabe-20-kg-blanca-LMH70201WBAB0/1049814921;WM;5;https://www.liverpool.com.mx/
246;aHR0cHM6Ly93d3cubGl2ZXJwb29sLmNvbS5teC90aWVuZGEvcGRwL0xhdmFkb3JhLU1hYmUtMjAta2ctYmxhbmNhLUxNSDcwMjAxV0JBQjAvMTA0OTgxNDkyMTcyNTEyMA==;SEM;2021-10-08;2021-01-11;;725120;;;;LIVERPOOL;MX;2021-10-08 03:30;MABE;Lavadora Mabe 20 kg blanca LMH70201WBAB0;https://www.liverpool.com.mx/tienda/pdp/Lavadora-Mabe-20-kg-blanca-LMH70201WBAB0/1049814921;WM;5;https://www.liverpool.com.mx/
247;aHR0cHM6Ly93d3cubGl2ZXJwb29sLmNvbS5teC90aWVuZGEvcGRwL0xhdmFkb3JhLU1hYmUtMjAta2ctYmxhbmNhLUxNSDcwMjAxV0JBQjAvMTA0OTgxNDkyMTExNjQwMTQ=;SEM;2021-10-08;2021-07-25;;1164014;;;;LIVERPOOL;MX;2021-10-08 03:30;MABE;Lavadora Mabe 20 kg blanca LMH70201WBAB0;https://www.liverpool.com.mx/tienda/pdp/Lavadora-Mabe-20-kg-blanca-LMH70201WBAB0/1049814921;WM;5;https://www.liverpool.com.mx/
248;aHR0cHM6Ly93d3cubGl2ZXJwb29sLmNvbS5teC90aWVuZGEvcGRwL0xhdmFkb3JhLU1hYmUtMjAta2ctYmxhbmNhLUxNSDcwMjAxV0JBQjAvMTA0OTgxNDkyMTQwNTg0;SEM;2021-10-08;2019-04-17;;40584;;;;LIVERPOOL;MX;2021-10-08 03:30;MABE;Lavadora Mabe 20 kg blanca LMH70201WBAB0;https://www.liverpool.com.mx/tienda/pdp/Lavadora-Mabe-20-kg-blanca-LMH70201WBAB0/1049814921;WM;4;https://www.liverpool.com.mx/
249;aHR0cHM6Ly93d3cubGl2ZXJwb29sLmNvbS5teC90aWVuZGEvcGRwL0xhdmFkb3JhLU1hYmUtMjAta2ctYmxhbmNhLUxNSDcwMjAxV0JBQjAvMTA0OTgxNDkyMTEwMjU0Mg==;SEM;2021-10-08;2019-09-10;;102542;;;;LIVERPOOL;MX;2021-10-08 03:30;MABE;Lavadora Mabe 20 kg blanca LMH70201WBAB0;https://www.liverpool.com.mx/tienda/pdp/Lavadora-Mabe-20-kg-blanca-LMH70201WBAB0/1049814921;WM;4;https://www.liverpool.com.mx/
250;aHR0cHM6Ly93d3cubGl2ZXJwb29sLmNvbS5teC90aWVuZGEvcGRwL0xhdmFkb3JhLU1hYmUtMjAta2ctYmxhbmNhLUxNSDcwMjAxV0JBQjAvMTA0OTgxNDkyMTI0NDU2;SEM;2021-10-08;2019-02-23;;24456;;;;LIVERPOOL;MX;2021-10-08 03:30;MABE;Lavadora Mabe 20 kg blanca LMH70201WBAB0;https://www.liverpool.com.mx/tienda/pdp/Lavadora-Mabe-20-kg-blanca-LMH70201WBAB0/1049814921;WM;1;https://www.liverpool.com.mx/
251;aHR0cHM6Ly93d3cubGl2ZXJwb29sLmNvbS5teC90aWVuZGEvcGRwL0xhdmFkb3JhLU1hYmUtMjAta2ctYmxhbmNhLUxNSDcwMjAxV0JBQjAvMTA0OTgxNDkyMTExNjk3OQ==;SEM;2021-10-08;2019-10-11;;116979;;;;LIVERPOOL;MX;2021-10-08 03:30;MABE;Lavadora Mabe 20 kg blanca LMH70201WBAB0;https://www.liverpool.com.mx/tienda/pdp/Lavadora-Mabe-20-kg-blanca-LMH70201WBAB0/1049814921;WM;5;https://www.liverpool.com.mx/
252;aHR0cHM6Ly93d3cubGl2ZXJwb29sLmNvbS5teC90aWVuZGEvcGRwL0xhdmFkb3JhLUxHLTIyLWtnLXBsYXRlYWRhLVdUMjJWU1M2SC8xMDgyOTI0NTcxMTk5MDIy;SEM;2021-10-08;2020-03-14;;199022;;;;LIVERPOOL;MX;2021-10-08 03:30;LG;Lavadora LG 22 kg plateada WT22VSS6H;https://www.liverpool.com.mx/tienda/pdp/Lavadora-LG-22-kg-plateada-WT22VSS6H/1082924571;WM;5;https://www.liverpool.com.mx/
253;aHR0cHM6Ly93d3cubGl2ZXJwb29sLmNvbS5teC90aWVuZGEvcGRwL0xhdmFkb3JhLUxHLTIyLWtnLXBsYXRlYWRhLVdUMjJWU1M2SC8xMDgyOTI0NTcxMzYwNTYz;SEM;2021-10-08;2020-07-02;;360563;;;;LIVERPOOL;MX;2021-10-08 03:30;LG;Lavadora LG 22 kg plateada WT22VSS6H;https://www.liverpool.com.mx/tienda/pdp/Lavadora-LG-22-kg-plateada-WT22VSS6H/1082924571;WM;5;https://www.liverpool.com.mx/
254;aHR0cHM6Ly93d3cubGl2ZXJwb29sLmNvbS5teC90aWVuZGEvcGRwL0xhdmFkb3JhLUxHLTIyLWtnLXBsYXRlYWRhLVdUMjJWU1M2SC8xMDgyOTI0NTcxMjA1Mzc4;SEM;2021-10-08;2020-03-28;;205378;;;;LIVERPOOL;MX;2021-10-08 03:30;LG;Lavadora LG 22 kg plateada WT22VSS6H;https://www.liverpool.com.mx/tienda/pdp/Lavadora-LG-22-kg-plateada-WT22VSS6H/1082924571;WM;5;https://www.liverpool.com.mx/
255;aHR0cHM6Ly93d3cubGl2ZXJwb29sLmNvbS5teC90aWVuZGEvcGRwL0xhdmFkb3JhLUxHLTIyLWtnLXBsYXRlYWRhLVdUMjJWU1M2SC8xMDgyOTI0NTcxMzYxNTIy;SEM;2021-10-08;2020-07-02;;361522;;;;LIVERPOOL;MX;2021-10-08 03:30;LG;Lavadora LG 22 kg plateada WT22VSS6H;https://www.liverpool.com.mx/tienda/pdp/Lavadora-LG-22-kg-plateada-WT22VSS6H/1082924571;WM;5;https://www.liverpool.com.mx/
256;aHR0cHM6Ly93d3cubGl2ZXJwb29sLmNvbS5teC90aWVuZGEvcGRwL0xhdmFkb3JhLUxHLTIyLWtnLXBsYXRlYWRhLVdUMjJWU1M2SC8xMDgyOTI0NTcxMTMxNjQw;SEM;2021-10-08;2019-11-11;;131640;;;;LIVERPOOL;MX;2021-10-08 03:30;LG;Lavadora LG 22 kg plateada WT22VSS6H;https://www.liverpool.com.mx/tienda/pdp/Lavadora-LG-22-kg-plateada-WT22VSS6H/1082924571;WM;5;https://www.liverpool.com.mx/
257;aHR0cHM6Ly93d3cubGl2ZXJwb29sLmNvbS5teC90aWVuZGEvcGRwL0xhdmFkb3JhLUxHLTIyLWtnLXBsYXRlYWRhLVdUMjJWU1M2SC8xMDgyOTI0NTcxNjYwOTM4;SEM;2021-10-08;2020-11-30;;660938;;;;LIVERPOOL;MX;2021-10-08 03:30;LG;Lavadora LG 22 kg plateada WT22VSS6H;https://www.liverpool.com.mx/tienda/pdp/Lavadora-LG-22-kg-plateada-WT22VSS6H/1082924571;WM;5;https://www.liverpool.com.mx/
258;aHR0cHM6Ly93d3cubGl2ZXJwb29sLmNvbS5teC90aWVuZGEvcGRwL0xhdmFkb3JhLUxHLTIyLWtnLXBsYXRlYWRhLVdUMjJWU1M2SC8xMDgyOTI0NTcxMjUwMTYz;SEM;2021-10-08;2020-05-13;;250163;;;;LIVERPOOL;MX;2021-10-08 03:30;LG;Lavadora LG 22 kg plateada WT22VSS6H;https://www.liverpool.com.mx/tienda/pdp/Lavadora-LG-22-kg-plateada-WT22VSS6H/1082924571;WM;5;https://www.liverpool.com.mx/
259;aHR0cHM6Ly93d3cubGl2ZXJwb29sLmNvbS5teC90aWVuZGEvcGRwL0xhdmFkb3JhLUxHLTIyLWtnLXBsYXRlYWRhLVdUMjJWU1M2SC8xMDgyOTI0NTcxODY2NjY1;SEM;2021-10-08;2021-03-24;;866665;;;;LIVERPOOL;MX;2021-10-08 03:30;LG;Lavadora LG 22 kg plateada WT22VSS6H;https://www.liverpool.com.mx/tienda/pdp/Lavadora-LG-22-kg-plateada-WT22VSS6H/1082924571;WM;4;https://www.liverpool.com.mx/
260;aHR0cHM6Ly93d3cubGl2ZXJwb29sLmNvbS5teC90aWVuZGEvcGRwL0xhdmFkb3JhLUxHLTIyLWtnLXBsYXRlYWRhLVdUMjJWU1M2SC8xMDgyOTI0NTcxNjYzODY3;SEM;2021-10-08;2020-12-04;;663867;;;;LIVERPOOL;MX;2021-10-08 03:30;LG;Lavadora LG 22 kg plateada WT22VSS6H;https://www.liverpool.com.mx/tienda/pdp/Lavadora-LG-22-kg-plateada-WT22VSS6H/1082924571;WM;5;https://www.liverpool.com.mx/
261;aHR0cHM6Ly93d3cubGl2ZXJwb29sLmNvbS5teC90aWVuZGEvcGRwL0xhdmFkb3JhLUxHLTIyLWtnLXBsYXRlYWRhLVdUMjJWU1M2SC8xMDgyOTI0NTcxNjY1Nzk5;SEM;2021-10-08;2020-12-08;;665799;;;;LIVERPOOL;MX;2021-10-08 03:30;LG;Lavadora LG 22 kg plateada WT22VSS6H;https://www.liverpool.com.mx/tienda/pdp/Lavadora-LG-22-kg-plateada-WT22VSS6H/1082924571;WM;5;https://www.liverpool.com.mx/
262;aHR0cHM6Ly93d3cubGl2ZXJwb29sLmNvbS5teC90aWVuZGEvcGRwL0xhdmFkb3JhLUxHLTIyLWtnLXBsYXRlYWRhLVdUMjJWU1M2SC8xMDgyOTI0NTcxNjEyODIz;SEM;2021-10-08;2020-09-23;;612823;;;;LIVERPOOL;MX;2021-10-08 03:30;LG;Lavadora LG 22 kg plateada WT22VSS6H;https://www.liverpool.com.mx/tienda/pdp/Lavadora-LG-22-kg-plateada-WT22VSS6H/1082924571;WM;5;https://www.liverpool.com.mx/
263;aHR0cHM6Ly93d3cubGl2ZXJwb29sLmNvbS5teC90aWVuZGEvcGRwL0xhdmFkb3JhLUxHLTIyLWtnLXBsYXRlYWRhLVdUMjJWU1M2SC8xMDgyOTI0NTcxNjcwMDYz;SEM;2021-10-08;2020-12-16;;670063;;;;LIVERPOOL;MX;2021-10-08 03:30;LG;Lavadora LG 22 kg plateada WT22VSS6H;https://www.liverpool.com.mx/tienda/pdp/Lavadora-LG-22-kg-plateada-WT22VSS6H/1082924571;WM;4;https://www.liverpool.com.mx/
264;aHR0cHM6Ly93d3cubGl2ZXJwb29sLmNvbS5teC90aWVuZGEvcGRwL0xhdmFzZWNhZG9yYS1TYW1zdW5nLWVsZWN0ciVDMyVCM25pY2EtMTIuNS1rZy1XRDEyTjY0RlIyWC9BWC8xMDgwOTI3NzI2MTMwMTA1OQ==;SEM;2021-10-08;2021-10-04;;1301059;;;;LIVERPOOL;MX;2021-10-08 03:11;SAMSUNG;Lavasecadora Samsung electrónica 12.5 kg WD12N64FR2X/AX;https://www.liverpool.com.mx/tienda/pdp/Lavasecadora-Samsung-electr%C3%B3nica-12.5-kg-WD12N64FR2X/AX/1080927726;WM;5;https://www.liverpool.com.mx/
265;aHR0cHM6Ly93d3cubGl2ZXJwb29sLmNvbS5teC90aWVuZGEvcGRwL0xhdmFkb3JhLVNhbXN1bmctMTcta2ctbmVncmEtV0ExN1Q2MjYwQlYvQVgvMTA5NTI0NTIyMjM3NDc4MA==;SEM;2021-10-08;2020-07-10;;374780;;;;LIVERPOOL;MX;2021-10-08 03:20;SAMSUNG;Lavadora Samsung 17 kg negra WA17T6260BV/AX;https://www.liverpool.com.mx/tienda/pdp/Lavadora-Samsung-17-kg-negra-WA17T6260BV/AX/1095245222;WM;5;https://www.liverpool.com.mx/
266;aHR0cHM6Ly93d3cubGl2ZXJwb29sLmNvbS5teC90aWVuZGEvcGRwL0xhdmFkb3JhLVNhbXN1bmctMTcta2ctbmVncmEtV0ExN1Q2MjYwQlYvQVgvMTA5NTI0NTIyMjQ4NDIwOQ==;SEM;2021-10-08;2020-08-06;;484209;;;;LIVERPOOL;MX;2021-10-08 03:20;SAMSUNG;Lavadora Samsung 17 kg negra WA17T6260BV/AX;https://www.liverpool.com.mx/tienda/pdp/Lavadora-Samsung-17-kg-negra-WA17T6260BV/AX/1095245222;WM;5;https://www.liverpool.com.mx/
267;aHR0cHM6Ly93d3cubGl2ZXJwb29sLmNvbS5teC90aWVuZGEvcGRwL0xhdmFkb3JhLVNhbXN1bmctMTcta2ctbmVncmEtV0ExN1Q2MjYwQlYvQVgvMTA5NTI0NTIyMjQ0MjI1OA==;SEM;2021-10-08;2020-07-30;;442258;;;;LIVERPOOL;MX;2021-10-08 03:20;SAMSUNG;Lavadora Samsung 17 kg negra WA17T6260BV/AX;https://www.liverpool.com.mx/tienda/pdp/Lavadora-Samsung-17-kg-negra-WA17T6260BV/AX/1095245222;WM;5;https://www.liverpool.com.mx/
268;aHR0cHM6Ly93d3cubGl2ZXJwb29sLmNvbS5teC90aWVuZGEvcGRwL0xhdmFkb3JhLVNhbXN1bmctMTcta2ctbmVncmEtV0ExN1Q2MjYwQlYvQVgvMTA5NTI0NTIyMjQ0NjYyOQ==;SEM;2021-10-08;2020-07-31;;446629;;;;LIVERPOOL;MX;2021-10-08 03:20;SAMSUNG;Lavadora Samsung 17 kg negra WA17T6260BV/AX;https://www.liverpool.com.mx/tienda/pdp/Lavadora-Samsung-17-kg-negra-WA17T6260BV/AX/1095245222;WM;5;https://www.liverpool.com.mx/
269;aHR0cHM6Ly93d3cubGl2ZXJwb29sLmNvbS5teC90aWVuZGEvcGRwL0xhdmFkb3JhLVNhbXN1bmctMTcta2ctbmVncmEtV0ExN1Q2MjYwQlYvQVgvMTA5NTI0NTIyMjQxMTMxNA==;SEM;2021-10-08;2020-07-20;;411314;;;;LIVERPOOL;MX;2021-10-08 03:20;SAMSUNG;Lavadora Samsung 17 kg negra WA17T6260BV/AX;https://www.liverpool.com.mx/tienda/pdp/Lavadora-Samsung-17-kg-negra-WA17T6260BV/AX/1095245222;WM;5;https://www.liverpool.com.mx/
270;aHR0cHM6Ly93d3cubGl2ZXJwb29sLmNvbS5teC90aWVuZGEvcGRwL0xhdmFkb3JhLVNhbXN1bmctMTcta2ctbmVncmEtV0ExN1Q2MjYwQlYvQVgvMTA5NTI0NTIyMjI0NjIyMg==;SEM;2021-10-08;2020-05-11;;246222;;;;LIVERPOOL;MX;2021-10-08 03:20;SAMSUNG;Lavadora Samsung 17 kg negra WA17T6260BV/AX;https://www.liverpool.com.mx/tienda/pdp/Lavadora-Samsung-17-kg-negra-WA17T6260BV/AX/1095245222;WM;5;https://www.liverpool.com.mx/
271;aHR0cHM6Ly93d3cubGl2ZXJwb29sLmNvbS5teC90aWVuZGEvcGRwL0xhdmFkb3JhLVNhbXN1bmctMTcta2ctbmVncmEtV0ExN1Q2MjYwQlYvQVgvMTA5NTI0NTIyMjI3MDcxNg==;SEM;2021-10-08;2020-05-29;;270716;;;;LIVERPOOL;MX;2021-10-08 03:20;SAMSUNG;Lavadora Samsung 17 kg negra WA17T6260BV/AX;https://www.liverpool.com.mx/tienda/pdp/Lavadora-Samsung-17-kg-negra-WA17T6260BV/AX/1095245222;WM;5;https://www.liverpool.com.mx/
272;aHR0cHM6Ly93d3cubGl2ZXJwb29sLmNvbS5teC90aWVuZGEvcGRwL0xhdmFkb3JhLVNhbXN1bmctMTcta2ctbmVncmEtV0ExN1Q2MjYwQlYvQVgvMTA5NTI0NTIyMjQ1MTM1Nw==;SEM;2021-10-08;2020-07-31;;451357;;;;LIVERPOOL;MX;2021-10-08 03:20;SAMSUNG;Lavadora Samsung 17 kg negra WA17T6260BV/AX;https://www.liverpool.com.mx/tienda/pdp/Lavadora-Samsung-17-kg-negra-WA17T6260BV/AX/1095245222;WM;5;https://www.liverpool.com.mx/
273;aHR0cHM6Ly93d3cubGl2ZXJwb29sLmNvbS5teC90aWVuZGEvcGRwL0xhdmFkb3JhLVNhbXN1bmctMTcta2ctbmVncmEtV0ExN1Q2MjYwQlYvQVgvMTA5NTI0NTIyMjkyMTAyOA==;SEM;2021-10-08;2021-04-25;;921028;;;;LIVERPOOL;MX;2021-10-08 03:20;SAMSUNG;Lavadora Samsung 17 kg negra WA17T6260BV/AX;https://www.liverpool.com.mx/tienda/pdp/Lavadora-Samsung-17-kg-negra-WA17T6260BV/AX/1095245222;WM;5;https://www.liverpool.com.mx/
274;aHR0cHM6Ly93d3cubGl2ZXJwb29sLmNvbS5teC90aWVuZGEvcGRwL0xhdmFkb3JhLVNhbXN1bmctMTcta2ctbmVncmEtV0ExN1Q2MjYwQlYvQVgvMTA5NTI0NTIyMjI0MDcyNQ==;SEM;2021-10-08;2020-05-06;;240725;;;;LIVERPOOL;MX;2021-10-08 03:20;SAMSUNG;Lavadora Samsung 17 kg negra WA17T6260BV/AX;https://www.liverpool.com.mx/tienda/pdp/Lavadora-Samsung-17-kg-negra-WA17T6260BV/AX/1095245222;WM;5;https://www.liverpool.com.mx/
275;aHR0cHM6Ly93d3cubGl2ZXJwb29sLmNvbS5teC90aWVuZGEvcGRwL0xhdmFkb3JhLVNhbXN1bmctMTcta2ctbmVncmEtV0ExN1Q2MjYwQlYvQVgvMTA5NTI0NTIyMjg5NzA0MA==;SEM;2021-10-08;2021-04-10;;897040;;;;LIVERPOOL;MX;2021-10-08 03:20;SAMSUNG;Lavadora Samsung 17 kg negra WA17T6260BV/AX;https://www.liverpool.com.mx/tienda/pdp/Lavadora-Samsung-17-kg-negra-WA17T6260BV/AX/1095245222;WM;4;https://www.liverpool.com.mx/
276;aHR0cHM6Ly93d3cubGl2ZXJwb29sLmNvbS5teC90aWVuZGEvcGRwL0xhdmFkb3JhLVNhbXN1bmctMTcta2ctbmVncmEtV0ExN1Q2MjYwQlYvQVgvMTA5NTI0NTIyMjM5NjYzOA==;SEM;2021-10-08;2020-07-14;;396638;;;;LIVERPOOL;MX;2021-10-08 03:20;SAMSUNG;Lavadora Samsung 17 kg negra WA17T6260BV/AX;https://www.liverpool.com.mx/tienda/pdp/Lavadora-Samsung-17-kg-negra-WA17T6260BV/AX/1095245222;WM;5;https://www.liverpool.com.mx/
277;aHR0cHM6Ly93d3cubGl2ZXJwb29sLmNvbS5teC90aWVuZGEvcGRwL0xhdmFkb3JhLVNhbXN1bmctMTcta2ctbmVncmEtV0ExN1Q2MjYwQlYvQVgvMTA5NTI0NTIyMjEwMTA4MDA=;SEM;2021-10-08;2021-05-28;;1010800;;;;LIVERPOOL;MX;2021-10-08 03:20;SAMSUNG;Lavadora Samsung 17 kg negra WA17T6260BV/AX;https://www.liverpool.com.mx/tienda/pdp/Lavadora-Samsung-17-kg-negra-WA17T6260BV/AX/1095245222;WM;5;https://www.liverpool.com.mx/
278;aHR0cHM6Ly93d3cubGl2ZXJwb29sLmNvbS5teC90aWVuZGEvcGRwL0xhdmFkb3JhLVNhbXN1bmctMTcta2ctbmVncmEtV0ExN1Q2MjYwQlYvQVgvMTA5NTI0NTIyMjY0ODEzMw==;SEM;2021-10-08;2020-11-14;;648133;;;;LIVERPOOL;MX;2021-10-08 03:20;SAMSUNG;Lavadora Samsung 17 kg negra WA17T6260BV/AX;https://www.liverpool.com.mx/tienda/pdp/Lavadora-Samsung-17-kg-negra-WA17T6260BV/AX/1095245222;WM;5;https://www.liverpool.com.mx/
279;aHR0cHM6Ly93d3cubGl2ZXJwb29sLmNvbS5teC90aWVuZGEvcGRwL0xhdmFkb3JhLVNhbXN1bmctMTcta2ctbmVncmEtV0ExN1Q2MjYwQlYvQVgvMTA5NTI0NTIyMjM1MjU4Mg==;SEM;2021-10-08;2020-06-30;;352582;;;;LIVERPOOL;MX;2021-10-08 03:20;SAMSUNG;Lavadora Samsung 17 kg negra WA17T6260BV/AX;https://www.liverpool.com.mx/tienda/pdp/Lavadora-Samsung-17-kg-negra-WA17T6260BV/AX/1095245222;WM;5;https://www.liverpool.com.mx/
280;aHR0cHM6Ly93d3cubGl2ZXJwb29sLmNvbS5teC90aWVuZGEvcGRwL0xhdmFkb3JhLVNhbXN1bmctMTcta2ctbmVncmEtV0ExN1Q2MjYwQlYvQVgvMTA5NTI0NTIyMjcxMjk5NQ==;SEM;2021-10-08;2021-01-04;;712995;;;;LIVERPOOL;MX;2021-10-08 03:20;SAMSUNG;Lavadora Samsung 17 kg negra WA17T6260BV/AX;https://www.liverpool.com.mx/tienda/pdp/Lavadora-Samsung-17-kg-negra-WA17T6260BV/AX/1095245222;WM;5;https://www.liverpool.com.mx/
281;aHR0cHM6Ly93d3cubGl2ZXJwb29sLmNvbS5teC90aWVuZGEvcGRwL0xhdmFkb3JhLVNhbXN1bmctMTcta2ctbmVncmEtV0ExN1Q2MjYwQlYvQVgvMTA5NTI0NTIyMjkyNzU0NA==;SEM;2021-10-08;2021-04-30;;927544;;;;LIVERPOOL;MX;2021-10-08 03:20;SAMSUNG;Lavadora Samsung 17 kg negra WA17T6260BV/AX;https://www.liverpool.com.mx/tienda/pdp/Lavadora-Samsung-17-kg-negra-WA17T6260BV/AX/1095245222;WM;5;https://www.liverpool.com.mx/
282;aHR0cHM6Ly93d3cubGl2ZXJwb29sLmNvbS5teC90aWVuZGEvcGRwL0xhdmFkb3JhLVNhbXN1bmctMTcta2ctbmVncmEtV0ExN1Q2MjYwQlYvQVgvMTA5NTI0NTIyMjM5MDg0OA==;SEM;2021-10-08;2020-07-13;;390848;;;;LIVERPOOL;MX;2021-10-08 03:21;SAMSUNG;Lavadora Samsung 17 kg negra WA17T6260BV/AX;https://www.liverpool.com.mx/tienda/pdp/Lavadora-Samsung-17-kg-negra-WA17T6260BV/AX/1095245222;WM;5;https://www.liverpool.com.mx/
283;aHR0cHM6Ly93d3cubGl2ZXJwb29sLmNvbS5teC90aWVuZGEvcGRwL0xhdmFkb3JhLVNhbXN1bmctMTcta2ctbmVncmEtV0ExN1Q2MjYwQlYvQVgvMTA5NTI0NTIyMjM3NzMxMQ==;SEM;2021-10-08;2020-07-10;;377311;;;;LIVERPOOL;MX;2021-10-08 03:21;SAMSUNG;Lavadora Samsung 17 kg negra WA17T6260BV/AX;https://www.liverpool.com.mx/tienda/pdp/Lavadora-Samsung-17-kg-negra-WA17T6260BV/AX/1095245222;WM;5;https://www.liverpool.com.mx/
284;aHR0cHM6Ly93d3cubGl2ZXJwb29sLmNvbS5teC90aWVuZGEvcGRwL0xhdmFkb3JhLVNhbXN1bmctMTcta2ctbmVncmEtV0ExN1Q2MjYwQlYvQVgvMTA5NTI0NTIyMjg0MzMxNg==;SEM;2021-10-08;2021-03-12;;843316;;;;LIVERPOOL;MX;2021-10-08 03:21;SAMSUNG;Lavadora Samsung 17 kg negra WA17T6260BV/AX;https://www.liverpool.com.mx/tienda/pdp/Lavadora-Samsung-17-kg-negra-WA17T6260BV/AX/1095245222;WM;5;https://www.liverpool.com.mx/
285;aHR0cHM6Ly93d3cubGl2ZXJwb29sLmNvbS5teC90aWVuZGEvcGRwL0xhdmFkb3JhLVNhbXN1bmctMTcta2ctbmVncmEtV0ExN1Q2MjYwQlYvQVgvMTA5NTI0NTIyMjEwNDAwMDU=;SEM;2021-10-08;2021-06-06;;1040005;;;;LIVERPOOL;MX;2021-10-08 03:21;SAMSUNG;Lavadora Samsung 17 kg negra WA17T6260BV/AX;https://www.liverpool.com.mx/tienda/pdp/Lavadora-Samsung-17-kg-negra-WA17T6260BV/AX/1095245222;WM;5;https://www.liverpool.com.mx/
286;aHR0cHM6Ly93d3cubGl2ZXJwb29sLmNvbS5teC90aWVuZGEvcGRwL0xhdmFkb3JhLVNhbXN1bmctMTcta2ctbmVncmEtV0ExN1Q2MjYwQlYvQVgvMTA5NTI0NTIyMjI5MDUwMA==;SEM;2021-10-08;2020-06-10;;290500;;;;LIVERPOOL;MX;2021-10-08 03:21;SAMSUNG;Lavadora Samsung 17 kg negra WA17T6260BV/AX;https://www.liverpool.com.mx/tienda/pdp/Lavadora-Samsung-17-kg-negra-WA17T6260BV/AX/1095245222;WM;5;https://www.liverpool.com.mx/
287;aHR0cHM6Ly93d3cubGl2ZXJwb29sLmNvbS5teC90aWVuZGEvcGRwL0xhdmFkb3JhLVNhbXN1bmctMTcta2ctbmVncmEtV0ExN1Q2MjYwQlYvQVgvMTA5NTI0NTIyMjM5MTE1Ng==;SEM;2021-10-08;2020-07-13;;391156;;;;LIVERPOOL;MX;2021-10-08 03:21;SAMSUNG;Lavadora Samsung 17 kg negra WA17T6260BV/AX;https://www.liverpool.com.mx/tienda/pdp/Lavadora-Samsung-17-kg-negra-WA17T6260BV/AX/1095245222;WM;5;https://www.liverpool.com.mx/
288;aHR0cHM6Ly93d3cubGl2ZXJwb29sLmNvbS5teC90aWVuZGEvcGRwL0xhdmFkb3JhLVNhbXN1bmctMTcta2ctbmVncmEtV0ExN1Q2MjYwQlYvQVgvMTA5NTI0NTIyMjgxNDkxMQ==;SEM;2021-10-08;2021-02-27;;814911;;;;LIVERPOOL;MX;2021-10-08 03:21;SAMSUNG;Lavadora Samsung 17 kg negra WA17T6260BV/AX;https://www.liverpool.com.mx/tienda/pdp/Lavadora-Samsung-17-kg-negra-WA17T6260BV/AX/1095245222;WM;5;https://www.liverpool.com.mx/
289;aHR0cHM6Ly93d3cubGl2ZXJwb29sLmNvbS5teC90aWVuZGEvcGRwL0xhdmFkb3JhLVNhbXN1bmctMTcta2ctbmVncmEtV0ExN1Q2MjYwQlYvQVgvMTA5NTI0NTIyMjk3OTY3OQ==;SEM;2021-10-08;2021-05-16;;979679;;;;LIVERPOOL;MX;2021-10-08 03:21;SAMSUNG;Lavadora Samsung 17 kg negra WA17T6260BV/AX;https://www.liverpool.com.mx/tienda/pdp/Lavadora-Samsung-17-kg-negra-WA17T6260BV/AX/1095245222;WM;5;https://www.liverpool.com.mx/
290;aHR0cHM6Ly93d3cubGl2ZXJwb29sLmNvbS5teC90aWVuZGEvcGRwL0xhdmFkb3JhLVNhbXN1bmctMTcta2ctbmVncmEtV0ExN1Q2MjYwQlYvQVgvMTA5NTI0NTIyMjkxNTUxOQ==;SEM;2021-10-08;2021-04-22;;915519;;;;LIVERPOOL;MX;2021-10-08 03:21;SAMSUNG;Lavadora Samsung 17 kg negra WA17T6260BV/AX;https://www.liverpool.com.mx/tienda/pdp/Lavadora-Samsung-17-kg-negra-WA17T6260BV/AX/1095245222;WM;5;https://www.liverpool.com.mx/
291;aHR0cHM6Ly93d3cubGl2ZXJwb29sLmNvbS5teC90aWVuZGEvcGRwL0xhdmFkb3JhLVNhbXN1bmctMTcta2ctbmVncmEtV0ExN1Q2MjYwQlYvQVgvMTA5NTI0NTIyMjk4NjQ0MA==;SEM;2021-10-08;2021-05-19;;986440;;;;LIVERPOOL;MX;2021-10-08 03:21;SAMSUNG;Lavadora Samsung 17 kg negra WA17T6260BV/AX;https://www.liverpool.com.mx/tienda/pdp/Lavadora-Samsung-17-kg-negra-WA17T6260BV/AX/1095245222;WM;5;https://www.liverpool.com.mx/
292;aHR0cHM6Ly93d3cubGl2ZXJwb29sLmNvbS5teC90aWVuZGEvcGRwL0xhdmFkb3JhLVNhbXN1bmctMTcta2ctbmVncmEtV0ExN1Q2MjYwQlYvQVgvMTA5NTI0NTIyMjk5OTI2MQ==;SEM;2021-10-08;2021-05-24;;999261;;;;LIVERPOOL;MX;2021-10-08 03:21;SAMSUNG;Lavadora Samsung 17 kg negra WA17T6260BV/AX;https://www.liverpool.com.mx/tienda/pdp/Lavadora-Samsung-17-kg-negra-WA17T6260BV/AX/1095245222;WM;5;https://www.liverpool.com.mx/
293;aHR0cHM6Ly93d3cubGl2ZXJwb29sLmNvbS5teC90aWVuZGEvcGRwL0xhdmFkb3JhLVNhbXN1bmctMTcta2ctbmVncmEtV0ExN1Q2MjYwQlYvQVgvMTA5NTI0NTIyMjk3ODQxNQ==;SEM;2021-10-08;2021-05-16;;978415;;;;LIVERPOOL;MX;2021-10-08 03:21;SAMSUNG;Lavadora Samsung 17 kg negra WA17T6260BV/AX;https://www.liverpool.com.mx/tienda/pdp/Lavadora-Samsung-17-kg-negra-WA17T6260BV/AX/1095245222;WM;5;https://www.liverpool.com.mx/
294;aHR0cHM6Ly93d3cubGl2ZXJwb29sLmNvbS5teC90aWVuZGEvcGRwL0xhdmFkb3JhLVNhbXN1bmctMTcta2ctbmVncmEtV0ExN1Q2MjYwQlYvQVgvMTA5NTI0NTIyMjUzNjA1Mg==;SEM;2021-10-08;2020-08-20;;536052;;;;LIVERPOOL;MX;2021-10-08 03:21;SAMSUNG;Lavadora Samsung 17 kg negra WA17T6260BV/AX;https://www.liverpool.com.mx/tienda/pdp/Lavadora-Samsung-17-kg-negra-WA17T6260BV/AX/1095245222;WM;5;https://www.liverpool.com.mx/
295;aHR0cHM6Ly93d3cubGl2ZXJwb29sLmNvbS5teC90aWVuZGEvcGRwL0xhdmFkb3JhLVNhbXN1bmctMTcta2ctbmVncmEtV0ExN1Q2MjYwQlYvQVgvMTA5NTI0NTIyMjUwOTk0MQ==;SEM;2021-10-08;2020-08-11;;509941;;;;LIVERPOOL;MX;2021-10-08 03:21;SAMSUNG;Lavadora Samsung 17 kg negra WA17T6260BV/AX;https://www.liverpool.com.mx/tienda/pdp/Lavadora-Samsung-17-kg-negra-WA17T6260BV/AX/1095245222;WM;5;https://www.liverpool.com.mx/
296;aHR0cHM6Ly93d3cubGl2ZXJwb29sLmNvbS5teC90aWVuZGEvcGRwL0xhdmFkb3JhLVNhbXN1bmctMTcta2ctbmVncmEtV0ExN1Q2MjYwQlYvQVgvMTA5NTI0NTIyMjY4OTgxNw==;SEM;2021-10-08;2020-12-26;;689817;;;;LIVERPOOL;MX;2021-10-08 03:21;SAMSUNG;Lavadora Samsung 17 kg negra WA17T6260BV/AX;https://www.liverpool.com.mx/tienda/pdp/Lavadora-Samsung-17-kg-negra-WA17T6260BV/AX/1095245222;WM;2;https://www.liverpool.com.mx/
297;aHR0cHM6Ly93d3cubGl2ZXJwb29sLmNvbS5teC90aWVuZGEvcGRwL0xhdmFkb3JhLVNhbXN1bmctMTcta2ctbmVncmEtV0ExN1Q2MjYwQlYvQVgvMTA5NTI0NTIyMjEyOTUzNzY=;SEM;2021-10-08;2021-10-01;;1295376;;;;LIVERPOOL;MX;2021-10-08 03:21;SAMSUNG;Lavadora Samsung 17 kg negra WA17T6260BV/AX;https://www.liverpool.com.mx/tienda/pdp/Lavadora-Samsung-17-kg-negra-WA17T6260BV/AX/1095245222;WM;5;https://www.liverpool.com.mx/
298;aHR0cHM6Ly93d3cubGl2ZXJwb29sLmNvbS5teC90aWVuZGEvcGRwL0xhdmFkb3JhLVNhbXN1bmctMTcta2ctbmVncmEtV0ExN1Q2MjYwQlYvQVgvMTA5NTI0NTIyMjI5ODc4Nw==;SEM;2021-10-08;2020-06-11;;298787;;;;LIVERPOOL;MX;2021-10-08 03:21;SAMSUNG;Lavadora Samsung 17 kg negra WA17T6260BV/AX;https://www.liverpool.com.mx/tienda/pdp/Lavadora-Samsung-17-kg-negra-WA17T6260BV/AX/1095245222;WM;5;https://www.liverpool.com.mx/
299;aHR0cHM6Ly93d3cubGl2ZXJwb29sLmNvbS5teC90aWVuZGEvcGRwL0xhdmFkb3JhLVNhbXN1bmctMTcta2ctbmVncmEtV0ExN1Q2MjYwQlYvQVgvMTA5NTI0NTIyMjY0NDQwOA==;SEM;2021-10-08;2020-11-09;;644408;;;;LIVERPOOL;MX;2021-10-08 03:21;SAMSUNG;Lavadora Samsung 17 kg negra WA17T6260BV/AX;https://www.liverpool.com.mx/tienda/pdp/Lavadora-Samsung-17-kg-negra-WA17T6260BV/AX/1095245222;WM;5;https://www.liverpool.com.mx/
300;aHR0cHM6Ly93d3cubGl2ZXJwb29sLmNvbS5teC90aWVuZGEvcGRwL0xhdmFkb3JhLVNhbXN1bmctMTcta2ctbmVncmEtV0ExN1Q2MjYwQlYvQVgvMTA5NTI0NTIyMjEwMDk1NDI=;SEM;2021-10-08;2021-05-28;;1009542;;;;LIVERPOOL;MX;2021-10-08 03:21;SAMSUNG;Lavadora Samsung 17 kg negra WA17T6260BV/AX;https://www.liverpool.com.mx/tienda/pdp/Lavadora-Samsung-17-kg-negra-WA17T6260BV/AX/1095245222;WM;5;https://www.liverpool.com.mx/
301;aHR0cHM6Ly93d3cubGl2ZXJwb29sLmNvbS5teC90aWVuZGEvcGRwL0xhdmFkb3JhLVNhbXN1bmctMTcta2ctbmVncmEtV0ExN1Q2MjYwQlYvQVgvMTA5NTI0NTIyMjQ5MDM3NQ==;SEM;2021-10-08;2020-08-07;;490375;;;;LIVERPOOL;MX;2021-10-08 03:21;SAMSUNG;Lavadora Samsung 17 kg negra WA17T6260BV/AX;https://www.liverpool.com.mx/tienda/pdp/Lavadora-Samsung-17-kg-negra-WA17T6260BV/AX/1095245222;WM;5;https://www.liverpool.com.mx/
302;aHR0cHM6Ly93d3cubGl2ZXJwb29sLmNvbS5teC90aWVuZGEvcGRwL0xhdmFkb3JhLVNhbXN1bmctMTcta2ctbmVncmEtV0ExN1Q2MjYwQlYvQVgvMTA5NTI0NTIyMjk4NDQ2OQ==;SEM;2021-10-08;2021-05-18;;984469;;;;LIVERPOOL;MX;2021-10-08 03:21;SAMSUNG;Lavadora Samsung 17 kg negra WA17T6260BV/AX;https://www.liverpool.com.mx/tienda/pdp/Lavadora-Samsung-17-kg-negra-WA17T6260BV/AX/1095245222;WM;5;https://www.liverpool.com.mx/
303;aHR0cHM6Ly93d3cubGl2ZXJwb29sLmNvbS5teC90aWVuZGEvcGRwL0xhdmFkb3JhLVNhbXN1bmctMTcta2ctbmVncmEtV0ExN1Q2MjYwQlYvQVgvMTA5NTI0NTIyMjYxOTE3OQ==;SEM;2021-10-08;2020-10-01;;619179;;;;LIVERPOOL;MX;2021-10-08 03:21;SAMSUNG;Lavadora Samsung 17 kg negra WA17T6260BV/AX;https://www.liverpool.com.mx/tienda/pdp/Lavadora-Samsung-17-kg-negra-WA17T6260BV/AX/1095245222;WM;5;https://www.liverpool.com.mx/
304;aHR0cHM6Ly93d3cubGl2ZXJwb29sLmNvbS5teC90aWVuZGEvcGRwL0xhdmFkb3JhLVNhbXN1bmctMTcta2ctbmVncmEtV0ExN1Q2MjYwQlYvQVgvMTA5NTI0NTIyMjEyNjc2Mzc=;SEM;2021-10-08;2021-09-16;;1267637;;;;LIVERPOOL;MX;2021-10-08 03:21;SAMSUNG;Lavadora Samsung 17 kg negra WA17T6260BV/AX;https://www.liverpool.com.mx/tienda/pdp/Lavadora-Samsung-17-kg-negra-WA17T6260BV/AX/1095245222;WM;5;https://www.liverpool.com.mx/
305;aHR0cHM6Ly93d3cubGl2ZXJwb29sLmNvbS5teC90aWVuZGEvcGRwL0xhdmFkb3JhLVNhbXN1bmctMTcta2ctbmVncmEtV0ExN1Q2MjYwQlYvQVgvMTA5NTI0NTIyMjExOTkzNjY=;SEM;2021-10-08;2021-08-10;;1199366;;;;LIVERPOOL;MX;2021-10-08 03:21;SAMSUNG;Lavadora Samsung 17 kg negra WA17T6260BV/AX;https://www.liverpool.com.mx/tienda/pdp/Lavadora-Samsung-17-kg-negra-WA17T6260BV/AX/1095245222;WM;5;https://www.liverpool.com.mx/
306;aHR0cHM6Ly93d3cubGl2ZXJwb29sLmNvbS5teC90aWVuZGEvcGRwL0xhdmFkb3JhLVNhbXN1bmctMTcta2ctbmVncmEtV0ExN1Q2MjYwQlYvQVgvMTA5NTI0NTIyMjEyNDkwMzc=;SEM;2021-10-08;2021-09-05;;1249037;;;;LIVERPOOL;MX;2021-10-08 03:21;SAMSUNG;Lavadora Samsung 17 kg negra WA17T6260BV/AX;https://www.liverpool.com.mx/tienda/pdp/Lavadora-Samsung-17-kg-negra-WA17T6260BV/AX/1095245222;WM;5;https://www.liverpool.com.mx/
307;aHR0cHM6Ly93d3cubGl2ZXJwb29sLmNvbS5teC90aWVuZGEvcGRwL0xhdmFkb3JhLVNhbXN1bmctMTcta2ctbmVncmEtV0ExN1Q2MjYwQlYvQVgvMTA5NTI0NTIyMjEyNDA1OTA=;SEM;2021-10-08;2021-09-01;;1240590;;;;LIVERPOOL;MX;2021-10-08 03:21;SAMSUNG;Lavadora Samsung 17 kg negra WA17T6260BV/AX;https://www.liverpool.com.mx/tienda/pdp/Lavadora-Samsung-17-kg-negra-WA17T6260BV/AX/1095245222;WM;5;https://www.liverpool.com.mx/
308;aHR0cHM6Ly93d3cubGl2ZXJwb29sLmNvbS5teC90aWVuZGEvcGRwL0xhdmFkb3JhLVNhbXN1bmctMTcta2ctbmVncmEtV0ExN1Q2MjYwQlYvQVgvMTA5NTI0NTIyMjEyNjgyNTg=;SEM;2021-10-08;2021-09-16;;1268258;;;;LIVERPOOL;MX;2021-10-08 03:21;SAMSUNG;Lavadora Samsung 17 kg negra WA17T6260BV/AX;https://www.liverpool.com.mx/tienda/pdp/Lavadora-Samsung-17-kg-negra-WA17T6260BV/AX/1095245222;WM;5;https://www.liverpool.com.mx/
309;aHR0cHM6Ly93d3cubGl2ZXJwb29sLmNvbS5teC90aWVuZGEvcGRwL0xhdmFkb3JhLVNhbXN1bmctMTcta2ctbmVncmEtV0ExN1Q2MjYwQlYvQVgvMTA5NTI0NTIyMjEwODYyNTU=;SEM;2021-10-08;2021-06-21;;1086255;;;;LIVERPOOL;MX;2021-10-08 03:21;SAMSUNG;Lavadora Samsung 17 kg negra WA17T6260BV/AX;https://www.liverpool.com.mx/tienda/pdp/Lavadora-Samsung-17-kg-negra-WA17T6260BV/AX/1095245222;WM;5;https://www.liverpool.com.mx/
310;aHR0cHM6Ly93d3cubGl2ZXJwb29sLmNvbS5teC90aWVuZGEvcGRwL0xhdmFkb3JhLVNhbXN1bmctMTcta2ctbmVncmEtV0ExN1Q2MjYwQlYvQVgvMTA5NTI0NTIyMjEwNjM1MTc=;SEM;2021-10-08;2021-06-13;;1063517;;;;LIVERPOOL;MX;2021-10-08 03:21;SAMSUNG;Lavadora Samsung 17 kg negra WA17T6260BV/AX;https://www.liverpool.com.mx/tienda/pdp/Lavadora-Samsung-17-kg-negra-WA17T6260BV/AX/1095245222;WM;5;https://www.liverpool.com.mx/
311;aHR0cHM6Ly93d3cubGl2ZXJwb29sLmNvbS5teC90aWVuZGEvcGRwL0xhdmFkb3JhLVNhbXN1bmctMTcta2ctbmVncmEtV0ExN1Q2MjYwQlYvQVgvMTA5NTI0NTIyMjEyMTQwNDk=;SEM;2021-10-08;2021-08-17;;1214049;;;;LIVERPOOL;MX;2021-10-08 03:21;SAMSUNG;Lavadora Samsung 17 kg negra WA17T6260BV/AX;https://www.liverpool.com.mx/tienda/pdp/Lavadora-Samsung-17-kg-negra-WA17T6260BV/AX/1095245222;WM;5;https://www.liverpool.com.mx/
312;aHR0cHM6Ly93d3cubGl2ZXJwb29sLmNvbS5teC90aWVuZGEvcGRwL0xhdmFkb3JhLVNhbXN1bmctMTcta2ctbmVncmEtV0ExN1Q2MjYwQlYvQVgvMTA5NTI0NTIyMjEyODU0ODk=;SEM;2021-10-08;2021-09-26;;1285489;;;;LIVERPOOL;MX;2021-10-08 03:21;SAMSUNG;Lavadora Samsung 17 kg negra WA17T6260BV/AX;https://www.liverpool.com.mx/tienda/pdp/Lavadora-Samsung-17-kg-negra-WA17T6260BV/AX/1095245222;WM;5;https://www.liverpool.com.mx/
313;aHR0cHM6Ly93d3cubGl2ZXJwb29sLmNvbS5teC90aWVuZGEvcGRwL0xhdmFkb3JhLVNhbXN1bmctMTcta2ctbmVncmEtV0ExN1Q2MjYwQlYvQVgvMTA5NTI0NTIyMjUyMjYxNQ==;SEM;2021-10-08;2020-08-16;;522615;;;;LIVERPOOL;MX;2021-10-08 03:21;SAMSUNG;Lavadora Samsung 17 kg negra WA17T6260BV/AX;https://www.liverpool.com.mx/tienda/pdp/Lavadora-Samsung-17-kg-negra-WA17T6260BV/AX/1095245222;WM;5;https://www.liverpool.com.mx/
314;aHR0cHM6Ly93d3cubGl2ZXJwb29sLmNvbS5teC90aWVuZGEvcGRwL0xhdmFkb3JhLVNhbXN1bmctMTcta2ctbmVncmEtV0ExN1Q2MjYwQlYvQVgvMTA5NTI0NTIyMjEyNTI3Mzc=;SEM;2021-10-08;2021-09-07;;1252737;;;;LIVERPOOL;MX;2021-10-08 03:21;SAMSUNG;Lavadora Samsung 17 kg negra WA17T6260BV/AX;https://www.liverpool.com.mx/tienda/pdp/Lavadora-Samsung-17-kg-negra-WA17T6260BV/AX/1095245222;WM;5;https://www.liverpool.com.mx/
315;aHR0cHM6Ly93d3cubGl2ZXJwb29sLmNvbS5teC90aWVuZGEvcGRwL0xhdmFkb3JhLVNhbXN1bmctMTcta2ctYmxhbmNhLVdBMTdUNjI2MEJXL0FYLzEwOTUyNDIwOTY0NDMzNzQ=;SEM;2021-10-08;2020-07-30;;443374;;;;LIVERPOOL;MX;2021-10-08 03:21;SAMSUNG;Lavadora Samsung 17 kg blanca WA17T6260BW/AX;https://www.liverpool.com.mx/tienda/pdp/Lavadora-Samsung-17-kg-blanca-WA17T6260BW/AX/1095242096;WM;5;https://www.liverpool.com.mx/
316;aHR0cHM6Ly93d3cubGl2ZXJwb29sLmNvbS5teC90aWVuZGEvcGRwL0xhdmFkb3JhLVNhbXN1bmctMTcta2ctYmxhbmNhLVdBMTdUNjI2MEJXL0FYLzEwOTUyNDIwOTY1OTI5MDQ=;SEM;2021-10-08;2020-09-08;;592904;;;;LIVERPOOL;MX;2021-10-08 03:21;SAMSUNG;Lavadora Samsung 17 kg blanca WA17T6260BW/AX;https://www.liverpool.com.mx/tienda/pdp/Lavadora-Samsung-17-kg-blanca-WA17T6260BW/AX/1095242096;WM;5;https://www.liverpool.com.mx/
317;aHR0cHM6Ly93d3cubGl2ZXJwb29sLmNvbS5teC90aWVuZGEvcGRwL0xhdmFkb3JhLVNhbXN1bmctMTcta2ctYmxhbmNhLVdBMTdUNjI2MEJXL0FYLzEwOTUyNDIwOTY4NDc0ODk=;SEM;2021-10-08;2021-03-14;;847489;;;;LIVERPOOL;MX;2021-10-08 03:21;SAMSUNG;Lavadora Samsung 17 kg blanca WA17T6260BW/AX;https://www.liverpool.com.mx/tienda/pdp/Lavadora-Samsung-17-kg-blanca-WA17T6260BW/AX/1095242096;WM;5;https://www.liverpool.com.mx/
318;aHR0cHM6Ly93d3cubGl2ZXJwb29sLmNvbS5teC90aWVuZGEvcGRwL0xhdmFkb3JhLVNhbXN1bmctMTcta2ctYmxhbmNhLVdBMTdUNjI2MEJXL0FYLzEwOTUyNDIwOTYzNTUzNjg=;SEM;2021-10-08;2020-06-30;;355368;;;;LIVERPOOL;MX;2021-10-08 03:21;SAMSUNG;Lavadora Samsung 17 kg blanca WA17T6260BW/AX;https://www.liverpool.com.mx/tienda/pdp/Lavadora-Samsung-17-kg-blanca-WA17T6260BW/AX/1095242096;WM;4;https://www.liverpool.com.mx/
319;aHR0cHM6Ly93d3cubGl2ZXJwb29sLmNvbS5teC90aWVuZGEvcGRwL0xhdmFkb3JhLVNhbXN1bmctMTcta2ctYmxhbmNhLVdBMTdUNjI2MEJXL0FYLzEwOTUyNDIwOTYxMDY1MDA5;SEM;2021-10-08;2021-06-14;;1065009;;;;LIVERPOOL;MX;2021-10-08 03:21;SAMSUNG;Lavadora Samsung 17 kg blanca WA17T6260BW/AX;https://www.liverpool.com.mx/tienda/pdp/Lavadora-Samsung-17-kg-blanca-WA17T6260BW/AX/1095242096;WM;5;https://www.liverpool.com.mx/
320;aHR0cHM6Ly93d3cubGl2ZXJwb29sLmNvbS5teC90aWVuZGEvcGRwL0xhdmFkb3JhLVNhbXN1bmctMTcta2ctYmxhbmNhLVdBMTdUNjI2MEJXL0FYLzEwOTUyNDIwOTY2NDQwMTc=;SEM;2021-10-08;2020-11-09;;644017;;;;LIVERPOOL;MX;2021-10-08 03:21;SAMSUNG;Lavadora Samsung 17 kg blanca WA17T6260BW/AX;https://www.liverpool.com.mx/tienda/pdp/Lavadora-Samsung-17-kg-blanca-WA17T6260BW/AX/1095242096;WM;5;https://www.liverpool.com.mx/
321;aHR0cHM6Ly93d3cubGl2ZXJwb29sLmNvbS5teC90aWVuZGEvcGRwL0xhdmFkb3JhLVNhbXN1bmctMTcta2ctYmxhbmNhLVdBMTdUNjI2MEJXL0FYLzEwOTUyNDIwOTY1Njg4MDA=;SEM;2021-10-08;2020-08-31;;568800;;;;LIVERPOOL;MX;2021-10-08 03:21;SAMSUNG;Lavadora Samsung 17 kg blanca WA17T6260BW/AX;https://www.liverpool.com.mx/tienda/pdp/Lavadora-Samsung-17-kg-blanca-WA17T6260BW/AX/1095242096;WM;5;https://www.liverpool.com.mx/
322;aHR0cHM6Ly93d3cubGl2ZXJwb29sLmNvbS5teC90aWVuZGEvcGRwL0xhdmFkb3JhLVNhbXN1bmctMTcta2ctYmxhbmNhLVdBMTdUNjI2MEJXL0FYLzEwOTUyNDIwOTY1OTAzMDY=;SEM;2021-10-08;2020-09-07;;590306;;;;LIVERPOOL;MX;2021-10-08 03:21;SAMSUNG;Lavadora Samsung 17 kg blanca WA17T6260BW/AX;https://www.liverpool.com.mx/tienda/pdp/Lavadora-Samsung-17-kg-blanca-WA17T6260BW/AX/1095242096;WM;5;https://www.liverpool.com.mx/
323;aHR0cHM6Ly93d3cubGl2ZXJwb29sLmNvbS5teC90aWVuZGEvcGRwL0xhdmFkb3JhLVNhbXN1bmctMTcta2ctYmxhbmNhLVdBMTdUNjI2MEJXL0FYLzEwOTUyNDIwOTYzMzMzNTQ=;SEM;2021-10-08;2020-06-25;;333354;;;;LIVERPOOL;MX;2021-10-08 03:21;SAMSUNG;Lavadora Samsung 17 kg blanca WA17T6260BW/AX;https://www.liverpool.com.mx/tienda/pdp/Lavadora-Samsung-17-kg-blanca-WA17T6260BW/AX/1095242096;WM;5;https://www.liverpool.com.mx/
324;aHR0cHM6Ly93d3cubGl2ZXJwb29sLmNvbS5teC90aWVuZGEvcGRwL0xhdmFkb3JhLVNhbXN1bmctMTcta2ctYmxhbmNhLVdBMTdUNjI2MEJXL0FYLzEwOTUyNDIwOTY2NTIxNjc=;SEM;2021-10-08;2020-11-19;;652167;;;;LIVERPOOL;MX;2021-10-08 03:21;SAMSUNG;Lavadora Samsung 17 kg blanca WA17T6260BW/AX;https://www.liverpool.com.mx/tienda/pdp/Lavadora-Samsung-17-kg-blanca-WA17T6260BW/AX/1095242096;WM;5;https://www.liverpool.com.mx/
325;aHR0cHM6Ly93d3cubGl2ZXJwb29sLmNvbS5teC90aWVuZGEvcGRwL0xhdmFkb3JhLVNhbXN1bmctMTcta2ctYmxhbmNhLVdBMTdUNjI2MEJXL0FYLzEwOTUyNDIwOTYzODA5NTk=;SEM;2021-10-08;2020-07-11;;380959;;;;LIVERPOOL;MX;2021-10-08 03:21;SAMSUNG;Lavadora Samsung 17 kg blanca WA17T6260BW/AX;https://www.liverpool.com.mx/tienda/pdp/Lavadora-Samsung-17-kg-blanca-WA17T6260BW/AX/1095242096;WM;5;https://www.liverpool.com.mx/
326;aHR0cHM6Ly93d3cubGl2ZXJwb29sLmNvbS5teC90aWVuZGEvcGRwL0xhdmFkb3JhLVNhbXN1bmctMTcta2ctYmxhbmNhLVdBMTdUNjI2MEJXL0FYLzEwOTUyNDIwOTY3ODY0MDE=;SEM;2021-10-08;2021-02-16;;786401;;;;LIVERPOOL;MX;2021-10-08 03:21;SAMSUNG;Lavadora Samsung 17 kg blanca WA17T6260BW/AX;https://www.liverpool.com.mx/tienda/pdp/Lavadora-Samsung-17-kg-blanca-WA17T6260BW/AX/1095242096;WM;5;https://www.liverpool.com.mx/
327;aHR0cHM6Ly93d3cubGl2ZXJwb29sLmNvbS5teC90aWVuZGEvcGRwL0xhdmFkb3JhLVNhbXN1bmctMTcta2ctYmxhbmNhLVdBMTdUNjI2MEJXL0FYLzEwOTUyNDIwOTYxMTIyNTY5;SEM;2021-10-08;2021-07-04;;1122569;;;;LIVERPOOL;MX;2021-10-08 03:21;SAMSUNG;Lavadora Samsung 17 kg blanca WA17T6260BW/AX;https://www.liverpool.com.mx/tienda/pdp/Lavadora-Samsung-17-kg-blanca-WA17T6260BW/AX/1095242096;WM;5;https://www.liverpool.com.mx/
328;aHR0cHM6Ly93d3cubGl2ZXJwb29sLmNvbS5teC90aWVuZGEvcGRwL0xhdmFkb3JhLVNhbXN1bmctMTcta2ctYmxhbmNhLVdBMTdUNjI2MEJXL0FYLzEwOTUyNDIwOTYzMjc5NzY=;SEM;2021-10-08;2020-06-24;;327976;;;;LIVERPOOL;MX;2021-10-08 03:21;SAMSUNG;Lavadora Samsung 17 kg blanca WA17T6260BW/AX;https://www.liverpool.com.mx/tienda/pdp/Lavadora-Samsung-17-kg-blanca-WA17T6260BW/AX/1095242096;WM;5;https://www.liverpool.com.mx/
329;aHR0cHM6Ly93d3cubGl2ZXJwb29sLmNvbS5teC90aWVuZGEvcGRwL0xhdmFkb3JhLVNhbXN1bmctMTcta2ctYmxhbmNhLVdBMTdUNjI2MEJXL0FYLzEwOTUyNDIwOTY5Nzg0Nzc=;SEM;2021-10-08;2021-05-16;;978477;;;;LIVERPOOL;MX;2021-10-08 03:21;SAMSUNG;Lavadora Samsung 17 kg blanca WA17T6260BW/AX;https://www.liverpool.com.mx/tienda/pdp/Lavadora-Samsung-17-kg-blanca-WA17T6260BW/AX/1095242096;WM;5;https://www.liverpool.com.mx/
330;aHR0cHM6Ly93d3cubGl2ZXJwb29sLmNvbS5teC90aWVuZGEvcGRwL0xhdmFkb3JhLVNhbXN1bmctMTcta2ctYmxhbmNhLVdBMTdUNjI2MEJXL0FYLzEwOTUyNDIwOTY4OTk1MzQ=;SEM;2021-10-08;2021-04-12;;899534;;;;LIVERPOOL;MX;2021-10-08 03:21;SAMSUNG;Lavadora Samsung 17 kg blanca WA17T6260BW/AX;https://www.liverpool.com.mx/tienda/pdp/Lavadora-Samsung-17-kg-blanca-WA17T6260BW/AX/1095242096;WM;5;https://www.liverpool.com.mx/
331;aHR0cHM6Ly93d3cubGl2ZXJwb29sLmNvbS5teC90aWVuZGEvcGRwL0xhdmFkb3JhLVNhbXN1bmctMTcta2ctYmxhbmNhLVdBMTdUNjI2MEJXL0FYLzEwOTUyNDIwOTYxMjU5Mjc2;SEM;2021-10-08;2021-09-11;;1259276;;;;LIVERPOOL;MX;2021-10-08 03:21;SAMSUNG;Lavadora Samsung 17 kg blanca WA17T6260BW/AX;https://www.liverpool.com.mx/tienda/pdp/Lavadora-Samsung-17-kg-blanca-WA17T6260BW/AX/1095242096;WM;5;https://www.liverpool.com.mx/
332;aHR0cHM6Ly93d3cubGl2ZXJwb29sLmNvbS5teC90aWVuZGEvcGRwL0xhdmFkb3JhLVNhbXN1bmctMTcta2ctYmxhbmNhLVdBMTdUNjI2MEJXL0FYLzEwOTUyNDIwOTY3NzIzOTM=;SEM;2021-10-08;2021-02-11;;772393;;;;LIVERPOOL;MX;2021-10-08 03:21;SAMSUNG;Lavadora Samsung 17 kg blanca WA17T6260BW/AX;https://www.liverpool.com.mx/tienda/pdp/Lavadora-Samsung-17-kg-blanca-WA17T6260BW/AX/1095242096;WM;5;https://www.liverpool.com.mx/
333;aHR0cHM6Ly93d3cubGl2ZXJwb29sLmNvbS5teC90aWVuZGEvcGRwL0xhdmFkb3JhLVNhbXN1bmctMTcta2ctYmxhbmNhLVdBMTdUNjI2MEJXL0FYLzEwOTUyNDIwOTY3NzI2NjA=;SEM;2021-10-08;2021-02-11;;772660;;;;LIVERPOOL;MX;2021-10-08 03:21;SAMSUNG;Lavadora Samsung 17 kg blanca WA17T6260BW/AX;https://www.liverpool.com.mx/tienda/pdp/Lavadora-Samsung-17-kg-blanca-WA17T6260BW/AX/1095242096;WM;5;https://www.liverpool.com.mx/
334;aHR0cHM6Ly93d3cubGl2ZXJwb29sLmNvbS5teC90aWVuZGEvcGRwL0xhdmFkb3JhLVNhbXN1bmctMTcta2ctYmxhbmNhLVdBMTdUNjI2MEJXL0FYLzEwOTUyNDIwOTY5MzU1ODA=;SEM;2021-10-08;2021-05-03;;935580;;;;LIVERPOOL;MX;2021-10-08 03:21;SAMSUNG;Lavadora Samsung 17 kg blanca WA17T6260BW/AX;https://www.liverpool.com.mx/tienda/pdp/Lavadora-Samsung-17-kg-blanca-WA17T6260BW/AX/1095242096;WM;5;https://www.liverpool.com.mx/
335;aHR0cHM6Ly93d3cubGl2ZXJwb29sLmNvbS5teC90aWVuZGEvcGRwL0xhdmFkb3JhLVNhbXN1bmctMTcta2ctYmxhbmNhLVdBMTdUNjI2MEJXL0FYLzEwOTUyNDIwOTYxMzAzODEw;SEM;2021-10-08;2021-10-05;;1303810;;;;LIVERPOOL;MX;2021-10-08 03:21;SAMSUNG;Lavadora Samsung 17 kg blanca WA17T6260BW/AX;https://www.liverpool.com.mx/tienda/pdp/Lavadora-Samsung-17-kg-blanca-WA17T6260BW/AX/1095242096;WM;5;https://www.liverpool.com.mx/
336;aHR0cHM6Ly93d3cubGl2ZXJwb29sLmNvbS5teC90aWVuZGEvcGRwL0xhdmFkb3JhLVNhbXN1bmctMTcta2ctYmxhbmNhLVdBMTdUNjI2MEJXL0FYLzEwOTUyNDIwOTYxMjgyODI1;SEM;2021-10-08;2021-09-24;;1282825;;;;LIVERPOOL;MX;2021-10-08 03:21;SAMSUNG;Lavadora Samsung 17 kg blanca WA17T6260BW/AX;https://www.liverpool.com.mx/tienda/pdp/Lavadora-Samsung-17-kg-blanca-WA17T6260BW/AX/1095242096;WM;5;https://www.liverpool.com.mx/
337;aHR0cHM6Ly93d3cubGl2ZXJwb29sLmNvbS5teC90aWVuZGEvcGRwL0xhdmFkb3JhLVNhbXN1bmctMTcta2ctYmxhbmNhLVdBMTdUNjI2MEJXL0FYLzEwOTUyNDIwOTYxMDU1Nzcz;SEM;2021-10-08;2021-06-11;;1055773;;;;LIVERPOOL;MX;2021-10-08 03:21;SAMSUNG;Lavadora Samsung 17 kg blanca WA17T6260BW/AX;https://www.liverpool.com.mx/tienda/pdp/Lavadora-Samsung-17-kg-blanca-WA17T6260BW/AX/1095242096;WM;5;https://www.liverpool.com.mx/
338;aHR0cHM6Ly93d3cubGl2ZXJwb29sLmNvbS5teC90aWVuZGEvcGRwL0xhdmFkb3JhLVNhbXN1bmctMTcta2ctYmxhbmNhLVdBMTdUNjI2MEJXL0FYLzEwOTUyNDIwOTYzOTg2MzM=;SEM;2021-10-08;2020-07-15;;398633;;;;LIVERPOOL;MX;2021-10-08 03:21;SAMSUNG;Lavadora Samsung 17 kg blanca WA17T6260BW/AX;https://www.liverpool.com.mx/tienda/pdp/Lavadora-Samsung-17-kg-blanca-WA17T6260BW/AX/1095242096;WM;5;https://www.liverpool.com.mx/
339;aHR0cHM6Ly93d3cubGl2ZXJwb29sLmNvbS5teC90aWVuZGEvcGRwL0xhdmFkb3JhLVNhbXN1bmctMTcta2ctYmxhbmNhLVdBMTdUNjI2MEJXL0FYLzEwOTUyNDIwOTYxMTQwMDEw;SEM;2021-10-08;2021-07-12;;1140010;;;;LIVERPOOL;MX;2021-10-08 03:21;SAMSUNG;Lavadora Samsung 17 kg blanca WA17T6260BW/AX;https://www.liverpool.com.mx/tienda/pdp/Lavadora-Samsung-17-kg-blanca-WA17T6260BW/AX/1095242096;WM;5;https://www.liverpool.com.mx/
340;aHR0cHM6Ly93d3cubGl2ZXJwb29sLmNvbS5teC90aWVuZGEvcGRwL0xhdmFkb3JhLVNhbXN1bmctMTcta2ctYmxhbmNhLVdBMTdUNjI2MEJXL0FYLzEwOTUyNDIwOTYxMjQ5MDY4;SEM;2021-10-08;2021-09-05;;1249068;;;;LIVERPOOL;MX;2021-10-08 03:21;SAMSUNG;Lavadora Samsung 17 kg blanca WA17T6260BW/AX;https://www.liverpool.com.mx/tienda/pdp/Lavadora-Samsung-17-kg-blanca-WA17T6260BW/AX/1095242096;WM;5;https://www.liverpool.com.mx/
341;aHR0cHM6Ly93d3cubGl2ZXJwb29sLmNvbS5teC90aWVuZGEvcGRwL0xhdmFkb3JhLVNhbXN1bmctMTcta2ctYmxhbmNhLVdBMTdUNjI2MEJXL0FYLzEwOTUyNDIwOTYxMzA2OTMz;SEM;2021-10-08;2021-10-07;;1306933;;;;LIVERPOOL;MX;2021-10-08 03:21;SAMSUNG;Lavadora Samsung 17 kg blanca WA17T6260BW/AX;https://www.liverpool.com.mx/tienda/pdp/Lavadora-Samsung-17-kg-blanca-WA17T6260BW/AX/1095242096;WM;5;https://www.liverpool.com.mx/
342;aHR0cHM6Ly93d3cubGl2ZXJwb29sLmNvbS5teC90aWVuZGEvcGRwL0xhdmFkb3JhLVNhbXN1bmctMTcta2ctYmxhbmNhLVdBMTdUNjI2MEJXL0FYLzEwOTUyNDIwOTY4NTY4OTE=;SEM;2021-10-08;2021-03-20;;856891;;;;LIVERPOOL;MX;2021-10-08 03:21;SAMSUNG;Lavadora Samsung 17 kg blanca WA17T6260BW/AX;https://www.liverpool.com.mx/tienda/pdp/Lavadora-Samsung-17-kg-blanca-WA17T6260BW/AX/1095242096;WM;5;https://www.liverpool.com.mx/
343;aHR0cHM6Ly93d3cubGl2ZXJwb29sLmNvbS5teC90aWVuZGEvcGRwL0xhdmFkb3JhLVNhbXN1bmctMTcta2ctYmxhbmNhLVdBMTdUNjI2MEJXL0FYLzEwOTUyNDIwOTYxMDY5MTIw;SEM;2021-10-08;2021-06-15;;1069120;;;;LIVERPOOL;MX;2021-10-08 03:21;SAMSUNG;Lavadora Samsung 17 kg blanca WA17T6260BW/AX;https://www.liverpool.com.mx/tienda/pdp/Lavadora-Samsung-17-kg-blanca-WA17T6260BW/AX/1095242096;WM;5;https://www.liverpool.com.mx/
344;aHR0cHM6Ly93d3cubGl2ZXJwb29sLmNvbS5teC90aWVuZGEvcGRwL0xhdmFkb3JhLVNhbXN1bmctMTcta2ctYmxhbmNhLVdBMTdUNjI2MEJXL0FYLzEwOTUyNDIwOTYxMTM5Nzc4;SEM;2021-10-08;2021-07-12;;1139778;;;;LIVERPOOL;MX;2021-10-08 03:21;SAMSUNG;Lavadora Samsung 17 kg blanca WA17T6260BW/AX;https://www.liverpool.com.mx/tienda/pdp/Lavadora-Samsung-17-kg-blanca-WA17T6260BW/AX/1095242096;WM;5;https://www.liverpool.com.mx/
345;aHR0cHM6Ly93d3cubGl2ZXJwb29sLmNvbS5teC90aWVuZGEvcGRwL0xhdmFkb3JhLVNhbXN1bmctMTcta2ctYmxhbmNhLVdBMTdUNjI2MEJXL0FYLzEwOTUyNDIwOTYxMTYzMzM0;SEM;2021-10-08;2021-07-24;;1163334;;;;LIVERPOOL;MX;2021-10-08 03:21;SAMSUNG;Lavadora Samsung 17 kg blanca WA17T6260BW/AX;https://www.liverpool.com.mx/tienda/pdp/Lavadora-Samsung-17-kg-blanca-WA17T6260BW/AX/1095242096;WM;5;https://www.liverpool.com.mx/
346;aHR0cHM6Ly93d3cubGl2ZXJwb29sLmNvbS5teC90aWVuZGEvcGRwL0xhdmFkb3JhLVNhbXN1bmctMTcta2ctYmxhbmNhLVdBMTdUNjI2MEJXL0FYLzEwOTUyNDIwOTYxMjIxNDUx;SEM;2021-10-08;2021-08-21;;1221451;;;;LIVERPOOL;MX;2021-10-08 03:21;SAMSUNG;Lavadora Samsung 17 kg blanca WA17T6260BW/AX;https://www.liverpool.com.mx/tienda/pdp/Lavadora-Samsung-17-kg-blanca-WA17T6260BW/AX/1095242096;WM;5;https://www.liverpool.com.mx/
347;aHR0cHM6Ly93d3cubGl2ZXJwb29sLmNvbS5teC90aWVuZGEvcGRwL0xhdmFkb3JhLVNhbXN1bmctMTcta2ctYmxhbmNhLVdBMTdUNjI2MEJXL0FYLzEwOTUyNDIwOTYxMTA5MDY5;SEM;2021-10-08;2021-06-28;;1109069;;;;LIVERPOOL;MX;2021-10-08 03:21;SAMSUNG;Lavadora Samsung 17 kg blanca WA17T6260BW/AX;https://www.liverpool.com.mx/tienda/pdp/Lavadora-Samsung-17-kg-blanca-WA17T6260BW/AX/1095242096;WM;5;https://www.liverpool.com.mx/
348;aHR0cHM6Ly93d3cubGl2ZXJwb29sLmNvbS5teC90aWVuZGEvcGRwL0xhdmFkb3JhLVNhbXN1bmctMTcta2ctYmxhbmNhLVdBMTdUNjI2MEJXL0FYLzEwOTUyNDIwOTYxMjYxMzkz;SEM;2021-10-08;2021-09-12;;1261393;;;;LIVERPOOL;MX;2021-10-08 03:21;SAMSUNG;Lavadora Samsung 17 kg blanca WA17T6260BW/AX;https://www.liverpool.com.mx/tienda/pdp/Lavadora-Samsung-17-kg-blanca-WA17T6260BW/AX/1095242096;WM;5;https://www.liverpool.com.mx/
349;aHR0cHM6Ly93d3cubGl2ZXJwb29sLmNvbS5teC90aWVuZGEvcGRwL0xhdmFkb3JhLVNhbXN1bmctMTcta2ctYmxhbmNhLVdBMTdUNjI2MEJXL0FYLzEwOTUyNDIwOTYxMjg5MDQx;SEM;2021-10-08;2021-09-27;;1289041;;;;LIVERPOOL;MX;2021-10-08 03:21;SAMSUNG;Lavadora Samsung 17 kg blanca WA17T6260BW/AX;https://www.liverpool.com.mx/tienda/pdp/Lavadora-Samsung-17-kg-blanca-WA17T6260BW/AX/1095242096;WM;5;https://www.liverpool.com.mx/
350;aHR0cHM6Ly93d3cubGl2ZXJwb29sLmNvbS5teC90aWVuZGEvcGRwL0xhdmFkb3JhLVNhbXN1bmctMTcta2ctYmxhbmNhLVdBMTdUNjI2MEJXL0FYLzEwOTUyNDIwOTYxMTMxNjA4;SEM;2021-10-08;2021-07-09;;1131608;;;;LIVERPOOL;MX;2021-10-08 03:21;SAMSUNG;Lavadora Samsung 17 kg blanca WA17T6260BW/AX;https://www.liverpool.com.mx/tienda/pdp/Lavadora-Samsung-17-kg-blanca-WA17T6260BW/AX/1095242096;WM;5;https://www.liverpool.com.mx/
351;aHR0cHM6Ly93d3cubGl2ZXJwb29sLmNvbS5teC90aWVuZGEvcGRwL0xhdmFkb3JhLVNhbXN1bmctMTcta2ctYmxhbmNhLVdBMTdUNjI2MEJXL0FYLzEwOTUyNDIwOTYxMTg3OTQx;SEM;2021-10-08;2021-08-05;;1187941;;;;LIVERPOOL;MX;2021-10-08 03:21;SAMSUNG;Lavadora Samsung 17 kg blanca WA17T6260BW/AX;https://www.liverpool.com.mx/tienda/pdp/Lavadora-Samsung-17-kg-blanca-WA17T6260BW/AX/1095242096;WM;5;https://www.liverpool.com.mx/
352;aHR0cHM6Ly93d3cubGl2ZXJwb29sLmNvbS5teC90aWVuZGEvcGRwL0xhdmFkb3JhLVNhbXN1bmctMTcta2ctYmxhbmNhLVdBMTdUNjI2MEJXL0FYLzEwOTUyNDIwOTY3ODMyMDg=;SEM;2021-10-08;2021-02-14;;783208;;;;LIVERPOOL;MX;2021-10-08 03:21;SAMSUNG;Lavadora Samsung 17 kg blanca WA17T6260BW/AX;https://www.liverpool.com.mx/tienda/pdp/Lavadora-Samsung-17-kg-blanca-WA17T6260BW/AX/1095242096;WM;5;https://www.liverpool.com.mx/
353;aHR0cHM6Ly93d3cubGl2ZXJwb29sLmNvbS5teC90aWVuZGEvcGRwL0xhdmFkb3JhLVNhbXN1bmctMTcta2ctYmxhbmNhLVdBMTdUNjI2MEJXL0FYLzEwOTUyNDIwOTY4NjQzNjE=;SEM;2021-10-08;2021-03-23;;864361;;;;LIVERPOOL;MX;2021-10-08 03:21;SAMSUNG;Lavadora Samsung 17 kg blanca WA17T6260BW/AX;https://www.liverpool.com.mx/tienda/pdp/Lavadora-Samsung-17-kg-blanca-WA17T6260BW/AX/1095242096;WM;5;https://www.liverpool.com.mx/
354;aHR0cHM6Ly93d3cubGl2ZXJwb29sLmNvbS5teC90aWVuZGEvcGRwL0xhdmFkb3JhLVNhbXN1bmctMTcta2ctYmxhbmNhLVdBMTdUNjI2MEJXL0FYLzEwOTUyNDIwOTY5NjkzMzQ=;SEM;2021-10-08;2021-05-13;;969334;;;;LIVERPOOL;MX;2021-10-08 03:21;SAMSUNG;Lavadora Samsung 17 kg blanca WA17T6260BW/AX;https://www.liverpool.com.mx/tienda/pdp/Lavadora-Samsung-17-kg-blanca-WA17T6260BW/AX/1095242096;WM;5;https://www.liverpool.com.mx/
355;aHR0cHM6Ly93d3cubGl2ZXJwb29sLmNvbS5teC90aWVuZGEvcGRwL0xhdmFkb3JhLVNhbXN1bmctMTcta2ctYmxhbmNhLVdBMTdUNjI2MEJXL0FYLzEwOTUyNDIwOTY3NzQ3ODE=;SEM;2021-10-08;2021-02-11;;774781;;;;LIVERPOOL;MX;2021-10-08 03:21;SAMSUNG;Lavadora Samsung 17 kg blanca WA17T6260BW/AX;https://www.liverpool.com.mx/tienda/pdp/Lavadora-Samsung-17-kg-blanca-WA17T6260BW/AX/1095242096;WM;5;https://www.liverpool.com.mx/
356;aHR0cHM6Ly93d3cubGl2ZXJwb29sLmNvbS5teC90aWVuZGEvcGRwL0xhdmFkb3JhLVNhbXN1bmctMTcta2ctYmxhbmNhLVdBMTdUNjI2MEJXL0FYLzEwOTUyNDIwOTYxMTYyNjIy;SEM;2021-10-08;2021-07-24;;1162622;;;;LIVERPOOL;MX;2021-10-08 03:21;SAMSUNG;Lavadora Samsung 17 kg blanca WA17T6260BW/AX;https://www.liverpool.com.mx/tienda/pdp/Lavadora-Samsung-17-kg-blanca-WA17T6260BW/AX/1095242096;WM;5;https://www.liverpool.com.mx/
357;aHR0cHM6Ly93d3cubGl2ZXJwb29sLmNvbS5teC90aWVuZGEvcGRwL2xhdmFkb3JhLXNhbXN1bmctMTcta2ctZ3Jpcy13YTE3dDYyNjBieS9heC8xMDk3NzkzMDgxMTMwNjY5Nw==;SEM;2021-10-08;2021-10-06;;1306697;;;;LIVERPOOL;MX;2021-10-08 02:36;SAMSUNG;Lavadora Samsung 17 kg gris Wa17t6260by/ax;https://www.liverpool.com.mx/tienda/pdp/lavadora-samsung-17-kg-gris-wa17t6260by/ax/1097793081;WM;5;https://www.liverpool.com.mx/
358;aHR0cHM6Ly93d3cubGl2ZXJwb29sLmNvbS5teC90aWVuZGEvcGRwL2xhdmFkb3JhLXNhbXN1bmctMTcta2ctYmxhbmNhLXdhMTd0NjI2MGJ3L2F4LzEwOTUyNDIwOTYxMzA2OTMz;SEM;2021-10-08;2021-10-07;;1306933;;;;LIVERPOOL;MX;2021-10-08 02:38;SAMSUNG;Lavadora Samsung 17 kg blanca WA17T6260BW/AX;https://www.liverpool.com.mx/tienda/pdp/lavadora-samsung-17-kg-blanca-wa17t6260bw/ax/1095242096;WM;5;https://www.liverpool.com.mx/
359;aHR0cHM6Ly93d3cubGl2ZXJwb29sLmNvbS5teC90aWVuZGEvcGRwL0xhdmFzZWNhZG9yYS1TYW1zdW5nLWVsJUMzJUE5Y3RyaWNhLTIyLWtnLUYtV0QyMlQ2NU1TMjNLLzExMDM4ODMwNDcxMzA2ODM3;SEM;2021-10-08;2021-10-06;;1306837;;;;LIVERPOOL;MX;2021-10-08 03:16;SAMSUNG;Lavasecadora Samsung eléctrica 22 kg F-WD22T65MS23K;https://www.liverpool.com.mx/tienda/pdp/Lavasecadora-Samsung-el%C3%A9ctrica-22-kg-F-WD22T65MS23K/1103883047;WM;5;https://www.liverpool.com.mx/
360;aHR0cHM6Ly93d3cubGl2ZXJwb29sLmNvbS5teC90aWVuZGEvcGRwL0xhdmFkb3JhLVNhbXN1bmctMTcta2ctYmxhbmNhLVdBMTdUNjI2MEJXL0FYLzEwOTUyNDIwOTYzNjQxNzc=;SEM;2021-10-08;2020-07-04;;364177;;;;LIVERPOOL;MX;2021-10-08 03:21;SAMSUNG;Lavadora Samsung 17 kg blanca WA17T6260BW/AX;https://www.liverpool.com.mx/tienda/pdp/Lavadora-Samsung-17-kg-blanca-WA17T6260BW/AX/1095242096;WM;5;https://www.liverpool.com.mx/
361;aHR0cHM6Ly93d3cubGl2ZXJwb29sLmNvbS5teC90aWVuZGEvcGRwL0xhdmFkb3JhLVNhbXN1bmctMTcta2ctYmxhbmNhLVdBMTdUNjI2MEJXL0FYLzEwOTUyNDIwOTY2NjQ1MjU=;SEM;2021-10-08;2020-12-05;;664525;;;;LIVERPOOL;MX;2021-10-08 03:21;SAMSUNG;Lavadora Samsung 17 kg blanca WA17T6260BW/AX;https://www.liverpool.com.mx/tienda/pdp/Lavadora-Samsung-17-kg-blanca-WA17T6260BW/AX/1095242096;WM;2;https://www.liverpool.com.mx/
362;aHR0cHM6Ly93d3cubGl2ZXJwb29sLmNvbS5teC90aWVuZGEvcGRwL0xhdmFkb3JhLVNhbXN1bmctMTcta2ctYmxhbmNhLVdBMTdUNjI2MEJXL0FYLzEwOTUyNDIwOTY0MTc1ODg=;SEM;2021-10-08;2020-07-22;;417588;;;;LIVERPOOL;MX;2021-10-08 03:21;SAMSUNG;Lavadora Samsung 17 kg blanca WA17T6260BW/AX;https://www.liverpool.com.mx/tienda/pdp/Lavadora-Samsung-17-kg-blanca-WA17T6260BW/AX/1095242096;WM;5;https://www.liverpool.com.mx/
363;aHR0cHM6Ly93d3cubGl2ZXJwb29sLmNvbS5teC90aWVuZGEvcGRwL0xhdmFkb3JhLVNhbXN1bmctMTcta2ctYmxhbmNhLVdBMTdUNjI2MEJXL0FYLzEwOTUyNDIwOTY2NjE4NjY=;SEM;2021-10-08;2020-12-01;;661866;;;;LIVERPOOL;MX;2021-10-08 03:21;SAMSUNG;Lavadora Samsung 17 kg blanca WA17T6260BW/AX;https://www.liverpool.com.mx/tienda/pdp/Lavadora-Samsung-17-kg-blanca-WA17T6260BW/AX/1095242096;WM;3;https://www.liverpool.com.mx/
364;aHR0cHM6Ly93d3cubGl2ZXJwb29sLmNvbS5teC90aWVuZGEvcGRwL0xhdmFkb3JhLVNhbXN1bmctMTcta2ctYmxhbmNhLVdBMTdUNjI2MEJXL0FYLzEwOTUyNDIwOTY1NjI4OTA=;SEM;2021-10-08;2020-08-29;;562890;;;;LIVERPOOL;MX;2021-10-08 03:21;SAMSUNG;Lavadora Samsung 17 kg blanca WA17T6260BW/AX;https://www.liverpool.com.mx/tienda/pdp/Lavadora-Samsung-17-kg-blanca-WA17T6260BW/AX/1095242096;WM;5;https://www.liverpool.com.mx/
365;aHR0cHM6Ly93d3cubGl2ZXJwb29sLmNvbS5teC90aWVuZGEvcGRwL0xhdmFkb3JhLVNhbXN1bmctMTcta2ctYmxhbmNhLVdBMTdUNjI2MEJXL0FYLzEwOTUyNDIwOTY3MzAwNzQ=;SEM;2021-10-08;2021-01-14;;730074;;;;LIVERPOOL;MX;2021-10-08 03:21;SAMSUNG;Lavadora Samsung 17 kg blanca WA17T6260BW/AX;https://www.liverpool.com.mx/tienda/pdp/Lavadora-Samsung-17-kg-blanca-WA17T6260BW/AX/1095242096;WM;5;https://www.liverpool.com.mx/
366;aHR0cHM6Ly93d3cubGl2ZXJwb29sLmNvbS5teC90aWVuZGEvcGRwL0xhdmFkb3JhLVNhbXN1bmctMTcta2ctYmxhbmNhLVdBMTdUNjI2MEJXL0FYLzEwOTUyNDIwOTY0MDc2ODM=;SEM;2021-10-08;2020-07-19;;407683;;;;LIVERPOOL;MX;2021-10-08 03:21;SAMSUNG;Lavadora Samsung 17 kg blanca WA17T6260BW/AX;https://www.liverpool.com.mx/tienda/pdp/Lavadora-Samsung-17-kg-blanca-WA17T6260BW/AX/1095242096;WM;5;https://www.liverpool.com.mx/
367;aHR0cHM6Ly93d3cubGl2ZXJwb29sLmNvbS5teC90aWVuZGEvcGRwL0xhdmFkb3JhLVNhbXN1bmctMTcta2ctYmxhbmNhLVdBMTdUNjI2MEJXL0FYLzEwOTUyNDIwOTY3MTQxMzg=;SEM;2021-10-08;2021-01-04;;714138;;;;LIVERPOOL;MX;2021-10-08 03:21;SAMSUNG;Lavadora Samsung 17 kg blanca WA17T6260BW/AX;https://www.liverpool.com.mx/tienda/pdp/Lavadora-Samsung-17-kg-blanca-WA17T6260BW/AX/1095242096;WM;5;https://www.liverpool.com.mx/
368;aHR0cHM6Ly93d3cubGl2ZXJwb29sLmNvbS5teC90aWVuZGEvcGRwL0xhdmFkb3JhLVNhbXN1bmctMTkta2ctbmVncmEtV0ExOVQ2MjYwQlYvQVgvMTA5ODEwNTc4MjY1MDQ3MA==;SEM;2021-10-08;2020-11-17;;650470;;;;LIVERPOOL;MX;2021-10-08 03:27;SAMSUNG;Lavadora Samsung 19 kg negra WA19T6260BV/AX;https://www.liverpool.com.mx/tienda/pdp/Lavadora-Samsung-19-kg-negra-WA19T6260BV/AX/1098105782;WM;5;https://www.liverpool.com.mx/
369;aHR0cHM6Ly93d3cubGl2ZXJwb29sLmNvbS5teC90aWVuZGEvcGRwL0xhdmFkb3JhLVNhbXN1bmctMTkta2ctbmVncmEtV0ExOVQ2MjYwQlYvQVgvMTA5ODEwNTc4MjY2MDYxNQ==;SEM;2021-10-08;2020-11-29;;660615;;;;LIVERPOOL;MX;2021-10-08 03:27;SAMSUNG;Lavadora Samsung 19 kg negra WA19T6260BV/AX;https://www.liverpool.com.mx/tienda/pdp/Lavadora-Samsung-19-kg-negra-WA19T6260BV/AX/1098105782;WM;5;https://www.liverpool.com.mx/
370;aHR0cHM6Ly93d3cubGl2ZXJwb29sLmNvbS5teC90aWVuZGEvcGRwL0xhdmFkb3JhLVNhbXN1bmctMTkta2ctbmVncmEtV0ExOVQ2MjYwQlYvQVgvMTA5ODEwNTc4MjkyNTMxNw==;SEM;2021-10-08;2021-04-28;;925317;;;;LIVERPOOL;MX;2021-10-08 03:27;SAMSUNG;Lavadora Samsung 19 kg negra WA19T6260BV/AX;https://www.liverpool.com.mx/tienda/pdp/Lavadora-Samsung-19-kg-negra-WA19T6260BV/AX/1098105782;WM;5;https://www.liverpool.com.mx/
371;aHR0cHM6Ly93d3cubGl2ZXJwb29sLmNvbS5teC90aWVuZGEvcGRwL0xhdmFkb3JhLVNhbXN1bmctMTkta2ctbmVncmEtV0ExOVQ2MjYwQlYvQVgvMTA5ODEwNTc4Mjk5ODg5Mg==;SEM;2021-10-08;2021-05-24;;998892;;;;LIVERPOOL;MX;2021-10-08 03:27;SAMSUNG;Lavadora Samsung 19 kg negra WA19T6260BV/AX;https://www.liverpool.com.mx/tienda/pdp/Lavadora-Samsung-19-kg-negra-WA19T6260BV/AX/1098105782;WM;5;https://www.liverpool.com.mx/
372;aHR0cHM6Ly93d3cubGl2ZXJwb29sLmNvbS5teC90aWVuZGEvcGRwL0xhdmFkb3JhLVNhbXN1bmctMTkta2ctbmVncmEtV0ExOVQ2MjYwQlYvQVgvMTA5ODEwNTc4Mjk0MzM3Ng==;SEM;2021-10-08;2021-05-05;;943376;;;;LIVERPOOL;MX;2021-10-08 03:27;SAMSUNG;Lavadora Samsung 19 kg negra WA19T6260BV/AX;https://www.liverpool.com.mx/tienda/pdp/Lavadora-Samsung-19-kg-negra-WA19T6260BV/AX/1098105782;WM;5;https://www.liverpool.com.mx/
373;aHR0cHM6Ly93d3cubGl2ZXJwb29sLmNvbS5teC90aWVuZGEvcGRwL0xhdmFkb3JhLVNhbXN1bmctMTkta2ctbmVncmEtV0ExOVQ2MjYwQlYvQVgvMTA5ODEwNTc4MjExNDg5NDY=;SEM;2021-10-08;2021-07-17;;1148946;;;;LIVERPOOL;MX;2021-10-08 03:27;SAMSUNG;Lavadora Samsung 19 kg negra WA19T6260BV/AX;https://www.liverpool.com.mx/tienda/pdp/Lavadora-Samsung-19-kg-negra-WA19T6260BV/AX/1098105782;WM;5;https://www.liverpool.com.mx/
374;aHR0cHM6Ly93d3cubGl2ZXJwb29sLmNvbS5teC90aWVuZGEvcGRwL0xhdmFkb3JhLVNhbXN1bmctMTkta2ctbmVncmEtV0ExOVQ2MjYwQlYvQVgvMTA5ODEwNTc4MjEyNjYxOTc=;SEM;2021-10-08;2021-09-15;;1266197;;;;LIVERPOOL;MX;2021-10-08 03:27;SAMSUNG;Lavadora Samsung 19 kg negra WA19T6260BV/AX;https://www.liverpool.com.mx/tienda/pdp/Lavadora-Samsung-19-kg-negra-WA19T6260BV/AX/1098105782;WM;5;https://www.liverpool.com.mx/
375;aHR0cHM6Ly93d3cubGl2ZXJwb29sLmNvbS5teC90aWVuZGEvcGRwL0xhdmFkb3JhLVNhbXN1bmctMTkta2ctbmVncmEtV0ExOVQ2MjYwQlYvQVgvMTA5ODEwNTc4MjEwMDU2MTY=;SEM;2021-10-08;2021-05-26;;1005616;;;;LIVERPOOL;MX;2021-10-08 03:27;SAMSUNG;Lavadora Samsung 19 kg negra WA19T6260BV/AX;https://www.liverpool.com.mx/tienda/pdp/Lavadora-Samsung-19-kg-negra-WA19T6260BV/AX/1098105782;WM;5;https://www.liverpool.com.mx/
376;aHR0cHM6Ly93d3cubGl2ZXJwb29sLmNvbS5teC90aWVuZGEvcGRwL0xhdmFkb3JhLVNhbXN1bmctMTkta2ctbmVncmEtV0ExOVQ2MjYwQlYvQVgvMTA5ODEwNTc4MjEyNzE4NTY=;SEM;2021-10-08;2021-09-18;;1271856;;;;LIVERPOOL;MX;2021-10-08 03:27;SAMSUNG;Lavadora Samsung 19 kg negra WA19T6260BV/AX;https://www.liverpool.com.mx/tienda/pdp/Lavadora-Samsung-19-kg-negra-WA19T6260BV/AX/1098105782;WM;5;https://www.liverpool.com.mx/
377;aHR0cHM6Ly93d3cubGl2ZXJwb29sLmNvbS5teC90aWVuZGEvcGRwL0xhdmFkb3JhLVNhbXN1bmctMTkta2ctbmVncmEtV0ExOVQ2MjYwQlYvQVgvMTA5ODEwNTc4MjEyNTk4MzM=;SEM;2021-10-08;2021-09-11;;1259833;;;;LIVERPOOL;MX;2021-10-08 03:27;SAMSUNG;Lavadora Samsung 19 kg negra WA19T6260BV/AX;https://www.liverpool.com.mx/tienda/pdp/Lavadora-Samsung-19-kg-negra-WA19T6260BV/AX/1098105782;WM;5;https://www.liverpool.com.mx/
378;aHR0cHM6Ly93d3cubGl2ZXJwb29sLmNvbS5teC90aWVuZGEvcGRwL0xhdmFkb3JhLVNhbXN1bmctMTkta2ctbmVncmEtV0ExOVQ2MjYwQlYvQVgvMTA5ODEwNTc4MjEwOTU0ODE=;SEM;2021-10-08;2021-06-24;;1095481;;;;LIVERPOOL;MX;2021-10-08 03:27;SAMSUNG;Lavadora Samsung 19 kg negra WA19T6260BV/AX;https://www.liverpool.com.mx/tienda/pdp/Lavadora-Samsung-19-kg-negra-WA19T6260BV/AX/1098105782;WM;5;https://www.liverpool.com.mx/
379;aHR0cHM6Ly93d3cubGl2ZXJwb29sLmNvbS5teC90aWVuZGEvcGRwL0xhdmFkb3JhLVNhbXN1bmctMTkta2ctbmVncmEtV0ExOVQ2MjYwQlYvQVgvMTA5ODEwNTc4MjEyOTEwNzQ=;SEM;2021-10-08;2021-09-29;;1291074;;;;LIVERPOOL;MX;2021-10-08 03:27;SAMSUNG;Lavadora Samsung 19 kg negra WA19T6260BV/AX;https://www.liverpool.com.mx/tienda/pdp/Lavadora-Samsung-19-kg-negra-WA19T6260BV/AX/1098105782;WM;5;https://www.liverpool.com.mx/
380;aHR0cHM6Ly93d3cubGl2ZXJwb29sLmNvbS5teC90aWVuZGEvcGRwL0xhdmFkb3JhLVNhbXN1bmctMTkta2ctbmVncmEtV0ExOVQ2MjYwQlYvQVgvMTA5ODEwNTc4MjEyMTU5MDc=;SEM;2021-10-08;2021-08-18;;1215907;;;;LIVERPOOL;MX;2021-10-08 03:27;SAMSUNG;Lavadora Samsung 19 kg negra WA19T6260BV/AX;https://www.liverpool.com.mx/tienda/pdp/Lavadora-Samsung-19-kg-negra-WA19T6260BV/AX/1098105782;WM;5;https://www.liverpool.com.mx/
381;aHR0cHM6Ly93d3cubGl2ZXJwb29sLmNvbS5teC90aWVuZGEvcGRwL0xhdmFkb3JhLVNhbXN1bmctMTkta2ctbmVncmEtV0ExOVQ2MjYwQlYvQVgvMTA5ODEwNTc4MjEwMDM2OTM=;SEM;2021-10-08;2021-05-26;;1003693;;;;LIVERPOOL;MX;2021-10-08 03:27;SAMSUNG;Lavadora Samsung 19 kg negra WA19T6260BV/AX;https://www.liverpool.com.mx/tienda/pdp/Lavadora-Samsung-19-kg-negra-WA19T6260BV/AX/1098105782;WM;5;https://www.liverpool.com.mx/
382;aHR0cHM6Ly93d3cubGl2ZXJwb29sLmNvbS5teC90aWVuZGEvcGRwL0xhdmFkb3JhLVNhbXN1bmctMTkta2ctbmVncmEtV0ExOVQ2MjYwQlYvQVgvMTA5ODEwNTc4MjEyMzQ2Mjg=;SEM;2021-10-08;2021-08-28;;1234628;;;;LIVERPOOL;MX;2021-10-08 03:27;SAMSUNG;Lavadora Samsung 19 kg negra WA19T6260BV/AX;https://www.liverpool.com.mx/tienda/pdp/Lavadora-Samsung-19-kg-negra-WA19T6260BV/AX/1098105782;WM;5;https://www.liverpool.com.mx/
383;aHR0cHM6Ly93d3cubGl2ZXJwb29sLmNvbS5teC90aWVuZGEvcGRwL0xhdmFkb3JhLVNhbXN1bmctMTkta2ctbmVncmEtV0ExOVQ2MjYwQlYvQVgvMTA5ODEwNTc4MjEwNjQ5NDk=;SEM;2021-10-08;2021-06-14;;1064949;;;;LIVERPOOL;MX;2021-10-08 03:27;SAMSUNG;Lavadora Samsung 19 kg negra WA19T6260BV/AX;https://www.liverpool.com.mx/tienda/pdp/Lavadora-Samsung-19-kg-negra-WA19T6260BV/AX/1098105782;WM;5;https://www.liverpool.com.mx/
384;aHR0cHM6Ly93d3cubGl2ZXJwb29sLmNvbS5teC90aWVuZGEvcGRwL0xhdmFkb3JhLVNhbXN1bmctMTkta2ctbmVncmEtV0ExOVQ2MjYwQlYvQVgvMTA5ODEwNTc4MjExMTM1OTM=;SEM;2021-10-08;2021-06-30;;1113593;;;;LIVERPOOL;MX;2021-10-08 03:27;SAMSUNG;Lavadora Samsung 19 kg negra WA19T6260BV/AX;https://www.liverpool.com.mx/tienda/pdp/Lavadora-Samsung-19-kg-negra-WA19T6260BV/AX/1098105782;WM;5;https://www.liverpool.com.mx/
385;aHR0cHM6Ly93d3cubGl2ZXJwb29sLmNvbS5teC90aWVuZGEvcGRwL0xhdmFkb3JhLVNhbXN1bmctMTkta2ctbmVncmEtV0ExOVQ2MjYwQlYvQVgvMTA5ODEwNTc4Mjk5NjM2OA==;SEM;2021-10-08;2021-05-23;;996368;;;;LIVERPOOL;MX;2021-10-08 03:27;SAMSUNG;Lavadora Samsung 19 kg negra WA19T6260BV/AX;https://www.liverpool.com.mx/tienda/pdp/Lavadora-Samsung-19-kg-negra-WA19T6260BV/AX/1098105782;WM;5;https://www.liverpool.com.mx/
386;aHR0cHM6Ly93d3cubGl2ZXJwb29sLmNvbS5teC90aWVuZGEvcGRwL0xhdmFkb3JhLVNhbXN1bmctMTkta2ctbmVncmEtV0ExOVQ2MjYwQlYvQVgvMTA5ODEwNTc4MjgxOTM1NA==;SEM;2021-10-08;2021-03-01;;819354;;;;LIVERPOOL;MX;2021-10-08 03:27;SAMSUNG;Lavadora Samsung 19 kg negra WA19T6260BV/AX;https://www.liverpool.com.mx/tienda/pdp/Lavadora-Samsung-19-kg-negra-WA19T6260BV/AX/1098105782;WM;5;https://www.liverpool.com.mx/
387;aHR0cHM6Ly93d3cubGl2ZXJwb29sLmNvbS5teC90aWVuZGEvcGRwL0xhdmFkb3JhLVNhbXN1bmctMTkta2ctbmVncmEtV0ExOVQ2MjYwQlYvQVgvMTA5ODEwNTc4MjgzMjI4NA==;SEM;2021-10-08;2021-03-07;;832284;;;;LIVERPOOL;MX;2021-10-08 03:27;SAMSUNG;Lavadora Samsung 19 kg negra WA19T6260BV/AX;https://www.liverpool.com.mx/tienda/pdp/Lavadora-Samsung-19-kg-negra-WA19T6260BV/AX/1098105782;WM;4;https://www.liverpool.com.mx/
388;aHR0cHM6Ly93d3cubGl2ZXJwb29sLmNvbS5teC90aWVuZGEvcGRwL0xhdmFkb3JhLVNhbXN1bmctMTkta2ctbmVncmEtV0ExOVQ2MjYwQlYvQVgvMTA5ODEwNTc4MjY1MDc5OQ==;SEM;2021-10-08;2020-11-17;;650799;;;;LIVERPOOL;MX;2021-10-08 03:27;SAMSUNG;Lavadora Samsung 19 kg negra WA19T6260BV/AX;https://www.liverpool.com.mx/tienda/pdp/Lavadora-Samsung-19-kg-negra-WA19T6260BV/AX/1098105782;WM;5;https://www.liverpool.com.mx/
389;aHR0cHM6Ly93d3cubGl2ZXJwb29sLmNvbS5teC90aWVuZGEvcGRwL0xhdmFkb3JhLVNhbXN1bmctMTkta2ctbmVncmEtV0ExOVQ2MjYwQlYvQVgvMTA5ODEwNTc4MjY0Mzc1Ng==;SEM;2021-10-08;2020-11-08;;643756;;;;LIVERPOOL;MX;2021-10-08 03:27;SAMSUNG;Lavadora Samsung 19 kg negra WA19T6260BV/AX;https://www.liverpool.com.mx/tienda/pdp/Lavadora-Samsung-19-kg-negra-WA19T6260BV/AX/1098105782;WM;5;https://www.liverpool.com.mx/
390;aHR0cHM6Ly93d3cubGl2ZXJwb29sLmNvbS5teC90aWVuZGEvcGRwL0xhdmFkb3JhLVNhbXN1bmctMTgta2ctZ3Jpcy1jbGFyby1XVDE4SzUyMDBNQi9BWC8xMDk1MTI3MzUxMTE5NDY3NQ==;SEM;2021-10-08;2021-08-08;;1194675;;;;LIVERPOOL;MX;2021-10-08 03:34;SAMSUNG;Lavadora Samsung 18 kg gris claro WT18K5200MB/AX;https://www.liverpool.com.mx/tienda/pdp/Lavadora-Samsung-18-kg-gris-claro-WT18K5200MB/AX/1095127351;WM;4;https://www.liverpool.com.mx/
391;aHR0cHM6Ly93d3cubGl2ZXJwb29sLmNvbS5teC90aWVuZGEvcGRwL0xhdmFkb3JhLVNhbXN1bmctMTgta2ctZ3Jpcy1jbGFyby1XVDE4SzUyMDBNQi9BWC8xMDk1MTI3MzUxMTAxNDY0Mw==;SEM;2021-10-08;2021-05-30;;1014643;;;;LIVERPOOL;MX;2021-10-08 03:34;SAMSUNG;Lavadora Samsung 18 kg gris claro WT18K5200MB/AX;https://www.liverpool.com.mx/tienda/pdp/Lavadora-Samsung-18-kg-gris-claro-WT18K5200MB/AX/1095127351;WM;5;https://www.liverpool.com.mx/
392;aHR0cHM6Ly93d3cubGl2ZXJwb29sLmNvbS5teC90aWVuZGEvcGRwL0xhdmFkb3JhLVNhbXN1bmctMTgta2ctZ3Jpcy1jbGFyby1XVDE4SzUyMDBNQi9BWC8xMDk1MTI3MzUxMTA1MDIzMQ==;SEM;2021-10-08;2021-06-09;;1050231;;;;LIVERPOOL;MX;2021-10-08 03:34;SAMSUNG;Lavadora Samsung 18 kg gris claro WT18K5200MB/AX;https://www.liverpool.com.mx/tienda/pdp/Lavadora-Samsung-18-kg-gris-claro-WT18K5200MB/AX/1095127351;WM;5;https://www.liverpool.com.mx/
393;aHR0cHM6Ly93d3cubGl2ZXJwb29sLmNvbS5teC90aWVuZGEvcGRwL0xhdmFkb3JhLVNhbXN1bmctMTgta2ctZ3Jpcy1jbGFyby1XVDE4SzUyMDBNQi9BWC8xMDk1MTI3MzUxMTE3ODk4MQ==;SEM;2021-10-08;2021-08-01;;1178981;;;;LIVERPOOL;MX;2021-10-08 03:34;SAMSUNG;Lavadora Samsung 18 kg gris claro WT18K5200MB/AX;https://www.liverpool.com.mx/tienda/pdp/Lavadora-Samsung-18-kg-gris-claro-WT18K5200MB/AX/1095127351;WM;5;https://www.liverpool.com.mx/
394;aHR0cHM6Ly93d3cubGl2ZXJwb29sLmNvbS5teC90aWVuZGEvcGRwL0xhdmFkb3JhLVNhbXN1bmctMTgta2ctZ3Jpcy1jbGFyby1XVDE4SzUyMDBNQi9BWC8xMDk1MTI3MzUxNzUzODI5;SEM;2021-10-08;2021-01-30;;753829;;;;LIVERPOOL;MX;2021-10-08 03:34;SAMSUNG;Lavadora Samsung 18 kg gris claro WT18K5200MB/AX;https://www.liverpool.com.mx/tienda/pdp/Lavadora-Samsung-18-kg-gris-claro-WT18K5200MB/AX/1095127351;WM;5;https://www.liverpool.com.mx/
395;aHR0cHM6Ly93d3cubGl2ZXJwb29sLmNvbS5teC90aWVuZGEvcGRwL0xhdmFkb3JhLVNhbXN1bmctMTgta2ctZ3Jpcy1jbGFyby1XVDE4SzUyMDBNQi9BWC8xMDk1MTI3MzUxODIyMjAz;SEM;2021-10-08;2021-03-02;;822203;;;;LIVERPOOL;MX;2021-10-08 03:34;SAMSUNG;Lavadora Samsung 18 kg gris claro WT18K5200MB/AX;https://www.liverpool.com.mx/tienda/pdp/Lavadora-Samsung-18-kg-gris-claro-WT18K5200MB/AX/1095127351;WM;5;https://www.liverpool.com.mx/
396;aHR0cHM6Ly93d3cubGl2ZXJwb29sLmNvbS5teC90aWVuZGEvcGRwL0xhdmFkb3JhLVNhbXN1bmctMTgta2ctZ3Jpcy1jbGFyby1XVDE4SzUyMDBNQi9BWC8xMDk1MTI3MzUxNzYwMzQz;SEM;2021-10-08;2021-02-03;;760343;;;;LIVERPOOL;MX;2021-10-08 03:34;SAMSUNG;Lavadora Samsung 18 kg gris claro WT18K5200MB/AX;https://www.liverpool.com.mx/tienda/pdp/Lavadora-Samsung-18-kg-gris-claro-WT18K5200MB/AX/1095127351;WM;5;https://www.liverpool.com.mx/
397;aHR0cHM6Ly93d3cubGl2ZXJwb29sLmNvbS5teC90aWVuZGEvcGRwL0xhdmFkb3JhLVNhbXN1bmctMTgta2ctZ3Jpcy1jbGFyby1XVDE4SzUyMDBNQi9BWC8xMDk1MTI3MzUxNjIwNDgy;SEM;2021-10-08;2020-10-03;;620482;;;;LIVERPOOL;MX;2021-10-08 03:34;SAMSUNG;Lavadora Samsung 18 kg gris claro WT18K5200MB/AX;https://www.liverpool.com.mx/tienda/pdp/Lavadora-Samsung-18-kg-gris-claro-WT18K5200MB/AX/1095127351;WM;5;https://www.liverpool.com.mx/
398;aHR0cHM6Ly93d3cubGl2ZXJwb29sLmNvbS5teC90aWVuZGEvcGRwL0xhdmFkb3JhLVNhbXN1bmctMjAta2ctYXV0b20lQzMlQTF0aWNhLWNhcmdhLXN1cGVyaW9yLVdBMjBBMzM0MUdXL0FYLzExMDYwNzQxNzQxMjczOTQ1;SEM;2021-10-08;2021-09-19;;1273945;;;;LIVERPOOL;MX;2021-10-08 03:35;SAMSUNG;Lavadora Samsung 20 kg automática carga superior WA20A3341GW/AX;https://www.liverpool.com.mx/tienda/pdp/Lavadora-Samsung-20-kg-autom%C3%A1tica-carga-superior-WA20A3341GW/AX/1106074174;WM;5;https://www.liverpool.com.mx/
399;aHR0cHM6Ly93d3cubGl2ZXJwb29sLmNvbS5teC90aWVuZGEvcGRwL0xhdmFkb3JhLVNhbXN1bmctMjAta2ctYXV0b20lQzMlQTF0aWNhLWNhcmdhLXN1cGVyaW9yLVdBMjBBMzM0MUdXL0FYLzExMDYwNzQxNzQxMjY5Njk4;SEM;2021-10-08;2021-09-17;;1269698;;;;LIVERPOOL;MX;2021-10-08 03:35;SAMSUNG;Lavadora Samsung 20 kg automática carga superior WA20A3341GW/AX;https://www.liverpool.com.mx/tienda/pdp/Lavadora-Samsung-20-kg-autom%C3%A1tica-carga-superior-WA20A3341GW/AX/1106074174;WM;5;https://www.liverpool.com.mx/
400;aHR0cHM6Ly93d3cubGl2ZXJwb29sLmNvbS5teC90aWVuZGEvcGRwL0xhdmFkb3JhLVNhbXN1bmctMjAta2ctYXV0b20lQzMlQTF0aWNhLWNhcmdhLXN1cGVyaW9yLVdBMjBBMzM0MUdXL0FYLzExMDYwNzQxNzQxMjE1NzIy;SEM;2021-10-08;2021-08-18;;1215722;;;;LIVERPOOL;MX;2021-10-08 03:35;SAMSUNG;Lavadora Samsung 20 kg automática carga superior WA20A3341GW/AX;https://www.liverpool.com.mx/tienda/pdp/Lavadora-Samsung-20-kg-autom%C3%A1tica-carga-superior-WA20A3341GW/AX/1106074174;WM;5;https://www.liverpool.com.mx/
401;aHR0cHM6Ly93d3cubGl2ZXJwb29sLmNvbS5teC90aWVuZGEvcGRwL0xhdmFkb3JhLVNhbXN1bmctMjAta2ctYXV0b20lQzMlQTF0aWNhLWNhcmdhLXN1cGVyaW9yLVdBMjBBMzM0MUdXL0FYLzExMDYwNzQxNzQxMjIyODk0;SEM;2021-10-08;2021-08-21;;1222894;;;;LIVERPOOL;MX;2021-10-08 03:35;SAMSUNG;Lavadora Samsung 20 kg automática carga superior WA20A3341GW/AX;https://www.liverpool.com.mx/tienda/pdp/Lavadora-Samsung-20-kg-autom%C3%A1tica-carga-superior-WA20A3341GW/AX/1106074174;WM;5;https://www.liverpool.com.mx/
402;aHR0cHM6Ly93d3cubGl2ZXJwb29sLmNvbS5teC90aWVuZGEvcGRwL0xhdmFkb3JhLVNhbXN1bmctMjIta2ctYmxhbmNhLUYtV0YyMlI2MjcwV0NQLzEwOTk5NjU4NzQ2NjQ2NzY=;SEM;2021-10-08;2020-12-06;;664676;;;;LIVERPOOL;MX;2021-10-08 03:35;SAMSUNG;Lavadora Samsung 22 kg blanca F-WF22R6270WCP;https://www.liverpool.com.mx/tienda/pdp/Lavadora-Samsung-22-kg-blanca-F-WF22R6270WCP/1099965874;WM;5;https://www.liverpool.com.mx/
403;aHR0cHM6Ly93d3cubGl2ZXJwb29sLmNvbS5teC90aWVuZGEvcGRwL0xhdmFkb3JhLVNhbXN1bmctMjIta2ctYmxhbmNhLUYtV0YyMlI2MjcwV0NQLzEwOTk5NjU4NzQ3MjYyNDE=;SEM;2021-10-08;2021-01-12;;726241;;;;LIVERPOOL;MX;2021-10-08 03:35;SAMSUNG;Lavadora Samsung 22 kg blanca F-WF22R6270WCP;https://www.liverpool.com.mx/tienda/pdp/Lavadora-Samsung-22-kg-blanca-F-WF22R6270WCP/1099965874;WM;5;https://www.liverpool.com.mx/
404;aHR0cHM6Ly93d3cubGl2ZXJwb29sLmNvbS5teC90aWVuZGEvcGRwL0xhdmFkb3JhLVNhbXN1bmctMjIta2ctYmxhbmNhLUYtV0YyMlI2MjcwV0NQLzEwOTk5NjU4NzQ3MjAwMzU=;SEM;2021-10-08;2021-01-09;;720035;;;;LIVERPOOL;MX;2021-10-08 03:35;SAMSUNG;Lavadora Samsung 22 kg blanca F-WF22R6270WCP;https://www.liverpool.com.mx/tienda/pdp/Lavadora-Samsung-22-kg-blanca-F-WF22R6270WCP/1099965874;WM;5;https://www.liverpool.com.mx/
405;aHR0cHM6Ly93d3cubGl2ZXJwb29sLmNvbS5teC90aWVuZGEvcGRwL0xhdmFkb3JhLVNhbXN1bmctMjIta2ctYmxhbmNhLUYtV0YyMlI2MjcwV0NQLzEwOTk5NjU4NzQ5ODMwODI=;SEM;2021-10-08;2021-05-18;;983082;;;;LIVERPOOL;MX;2021-10-08 03:35;SAMSUNG;Lavadora Samsung 22 kg blanca F-WF22R6270WCP;https://www.liverpool.com.mx/tienda/pdp/Lavadora-Samsung-22-kg-blanca-F-WF22R6270WCP/1099965874;WM;5;https://www.liverpool.com.mx/
406;aHR0cHM6Ly93d3cubGl2ZXJwb29sLmNvbS5teC90aWVuZGEvcGRwL0xhdmFkb3JhLVNhbXN1bmctMjIta2ctYmxhbmNhLUYtV0YyMlI2MjcwV0NQLzEwOTk5NjU4NzQxMDc4NTkw;SEM;2021-10-08;2021-06-18;;1078590;;;;LIVERPOOL;MX;2021-10-08 03:35;SAMSUNG;Lavadora Samsung 22 kg blanca F-WF22R6270WCP;https://www.liverpool.com.mx/tienda/pdp/Lavadora-Samsung-22-kg-blanca-F-WF22R6270WCP/1099965874;WM;5;https://www.liverpool.com.mx/
407;aHR0cHM6Ly93d3cubGl2ZXJwb29sLmNvbS5teC90aWVuZGEvcGRwL0xhdmFkb3JhLVNhbXN1bmctMjIta2ctYmxhbmNhLUYtV0YyMlI2MjcwV0NQLzEwOTk5NjU4NzQ5NTMyODk=;SEM;2021-10-08;2021-05-08;;953289;;;;LIVERPOOL;MX;2021-10-08 03:35;SAMSUNG;Lavadora Samsung 22 kg blanca F-WF22R6270WCP;https://www.liverpool.com.mx/tienda/pdp/Lavadora-Samsung-22-kg-blanca-F-WF22R6270WCP/1099965874;WM;5;https://www.liverpool.com.mx/
408;aHR0cHM6Ly93d3cubGl2ZXJwb29sLmNvbS5teC90aWVuZGEvcGRwL0xhdmFkb3JhLVNhbXN1bmctMjIta2ctYmxhbmNhLUYtV0YyMlI2MjcwV0NQLzEwOTk5NjU4NzQ3OTg3MTY=;SEM;2021-10-08;2021-02-20;;798716;;;;LIVERPOOL;MX;2021-10-08 03:35;SAMSUNG;Lavadora Samsung 22 kg blanca F-WF22R6270WCP;https://www.liverpool.com.mx/tienda/pdp/Lavadora-Samsung-22-kg-blanca-F-WF22R6270WCP/1099965874;WM;5;https://www.liverpool.com.mx/
409;aHR0cHM6Ly93d3cubGl2ZXJwb29sLmNvbS5teC90aWVuZGEvcGRwL0xhdmFkb3JhLVNhbXN1bmctMjIta2ctYmxhbmNhLUYtV0YyMlI2MjcwV0NQLzEwOTk5NjU4NzQ4MjI3MDI=;SEM;2021-10-08;2021-03-02;;822702;;;;LIVERPOOL;MX;2021-10-08 03:35;SAMSUNG;Lavadora Samsung 22 kg blanca F-WF22R6270WCP;https://www.liverpool.com.mx/tienda/pdp/Lavadora-Samsung-22-kg-blanca-F-WF22R6270WCP/1099965874;WM;5;https://www.liverpool.com.mx/
410;aHR0cHM6Ly93d3cubGl2ZXJwb29sLmNvbS5teC90aWVuZGEvcGRwL0xhdmFkb3JhLVNhbXN1bmctMjIta2ctYmxhbmNhLUYtV0YyMlI2MjcwV0NQLzEwOTk5NjU4NzQ4NzI2OTY=;SEM;2021-10-08;2021-03-27;;872696;;;;LIVERPOOL;MX;2021-10-08 03:35;SAMSUNG;Lavadora Samsung 22 kg blanca F-WF22R6270WCP;https://www.liverpool.com.mx/tienda/pdp/Lavadora-Samsung-22-kg-blanca-F-WF22R6270WCP/1099965874;WM;5;https://www.liverpool.com.mx/
411;aHR0cHM6Ly93d3cubGl2ZXJwb29sLmNvbS5teC90aWVuZGEvcGRwL0NvbWJvLWRlLUxhdmFkb3JhLSstU2VjYWRvcmEtU2Ftc3VuZy1jaGFtcGFnbmUtRi1XRDIyUjYyNzBDQ1AvMTA5OTk2NjYzMzY1MzQzNg==;SEM;2021-10-08;2020-11-20;;653436;;;;LIVERPOOL;MX;2021-10-08 03:35;SAMSUNG;Combo de Lavadora + Secadora Samsung champagne F-WD22R6270CCP;https://www.liverpool.com.mx/tienda/pdp/Combo-de-Lavadora-+-Secadora-Samsung-champagne-F-WD22R6270CCP/1099966633;WM;5;https://www.liverpool.com.mx/
412;aHR0cHM6Ly93d3cubGl2ZXJwb29sLmNvbS5teC90aWVuZGEvcGRwL0NvbWJvLWRlLUxhdmFkb3JhLSstU2VjYWRvcmEtU2Ftc3VuZy1jaGFtcGFnbmUtRi1XRDIyUjYyNzBDQ1AvMTA5OTk2NjYzMzc0NDcxOA==;SEM;2021-10-08;2021-01-25;;744718;;;;LIVERPOOL;MX;2021-10-08 03:35;SAMSUNG;Combo de Lavadora + Secadora Samsung champagne F-WD22R6270CCP;https://www.liverpool.com.mx/tienda/pdp/Combo-de-Lavadora-+-Secadora-Samsung-champagne-F-WD22R6270CCP/1099966633;WM;5;https://www.liverpool.com.mx/
413;aHR0cHM6Ly93d3cubGl2ZXJwb29sLmNvbS5teC90aWVuZGEvcGRwL0NvbWJvLWRlLUxhdmFkb3JhLSstU2VjYWRvcmEtU2Ftc3VuZy1jaGFtcGFnbmUtRi1XRDIyUjYyNzBDQ1AvMTA5OTk2NjYzMzg3NTU5NA==;SEM;2021-10-08;2021-03-28;;875594;;;;LIVERPOOL;MX;2021-10-08 03:35;SAMSUNG;Combo de Lavadora + Secadora Samsung champagne F-WD22R6270CCP;https://www.liverpool.com.mx/tienda/pdp/Combo-de-Lavadora-+-Secadora-Samsung-champagne-F-WD22R6270CCP/1099966633;WM;3;https://www.liverpool.com.mx/
414;aHR0cHM6Ly93d3cubGl2ZXJwb29sLmNvbS5teC90aWVuZGEvcGRwL0NvbWJvLWRlLUxhdmFkb3JhLSstU2VjYWRvcmEtU2Ftc3VuZy1jaGFtcGFnbmUtRi1XRDIyUjYyNzBDQ1AvMTA5OTk2NjYzMzExOTkyMDc=;SEM;2021-10-08;2021-08-10;;1199207;;;;LIVERPOOL;MX;2021-10-08 03:35;SAMSUNG;Combo de Lavadora + Secadora Samsung champagne F-WD22R6270CCP;https://www.liverpool.com.mx/tienda/pdp/Combo-de-Lavadora-+-Secadora-Samsung-champagne-F-WD22R6270CCP/1099966633;WM;3;https://www.liverpool.com.mx/
415;aHR0cHM6Ly93d3cubGl2ZXJwb29sLmNvbS5teC90aWVuZGEvcGRwL0NvbWJvLWRlLUxhdmFkb3JhLSstU2VjYWRvcmEtU2Ftc3VuZy1jaGFtcGFnbmUtRi1XRDIyUjYyNzBDQ1AvMTA5OTk2NjYzMzEyOTc1MTg=;SEM;2021-10-08;2021-10-02;;1297518;;;;LIVERPOOL;MX;2021-10-08 03:35;SAMSUNG;Combo de Lavadora + Secadora Samsung champagne F-WD22R6270CCP;https://www.liverpool.com.mx/tienda/pdp/Combo-de-Lavadora-+-Secadora-Samsung-champagne-F-WD22R6270CCP/1099966633;WM;4;https://www.liverpool.com.mx/
416;aHR0cHM6Ly93d3cubGl2ZXJwb29sLmNvbS5teC90aWVuZGEvcGRwL0NvbWJvLWRlLUxhdmFkb3JhLSstU2VjYWRvcmEtU2Ftc3VuZy1jaGFtcGFnbmUtRi1XRDIyUjYyNzBDQ1AvMTA5OTk2NjYzMzEwMDAyOTE=;SEM;2021-10-08;2021-05-24;;1000291;;;;LIVERPOOL;MX;2021-10-08 03:35;SAMSUNG;Combo de Lavadora + Secadora Samsung champagne F-WD22R6270CCP;https://www.liverpool.com.mx/tienda/pdp/Combo-de-Lavadora-+-Secadora-Samsung-champagne-F-WD22R6270CCP/1099966633;WM;5;https://www.liverpool.com.mx/
417;aHR0cHM6Ly93d3cubGl2ZXJwb29sLmNvbS5teC90aWVuZGEvcGRwL0NvbWJvLWRlLUxhdmFkb3JhLSstU2VjYWRvcmEtU2Ftc3VuZy1jaGFtcGFnbmUtRi1XRDIyUjYyNzBDQ1AvMTA5OTk2NjYzMzk0MjU0NQ==;SEM;2021-10-08;2021-05-05;;942545;;;;LIVERPOOL;MX;2021-10-08 03:35;SAMSUNG;Combo de Lavadora + Secadora Samsung champagne F-WD22R6270CCP;https://www.liverpool.com.mx/tienda/pdp/Combo-de-Lavadora-+-Secadora-Samsung-champagne-F-WD22R6270CCP/1099966633;WM;5;https://www.liverpool.com.mx/
418;aHR0cHM6Ly93d3cubGl2ZXJwb29sLmNvbS5teC90aWVuZGEvcGRwL0NvbWJvLWRlLUxhdmFkb3JhLSstU2VjYWRvcmEtU2Ftc3VuZy1jaGFtcGFnbmUtRi1XRDIyUjYyNzBDQ1AvMTA5OTk2NjYzMzg2NzYzNw==;SEM;2021-10-08;2021-03-25;;867637;;;;LIVERPOOL;MX;2021-10-08 03:35;SAMSUNG;Combo de Lavadora + Secadora Samsung champagne F-WD22R6270CCP;https://www.liverpool.com.mx/tienda/pdp/Combo-de-Lavadora-+-Secadora-Samsung-champagne-F-WD22R6270CCP/1099966633;WM;5;https://www.liverpool.com.mx/
419;aHR0cHM6Ly93d3cubGl2ZXJwb29sLmNvbS5teC90aWVuZGEvcGRwL0NvbWJvLWRlLUxhdmFkb3JhLSstU2VjYWRvcmEtU2Ftc3VuZy1jaGFtcGFnbmUtRi1XRDIyUjYyNzBDQ1AvMTA5OTk2NjYzMzY0MzYzMQ==;SEM;2021-10-08;2020-11-08;;643631;;;;LIVERPOOL;MX;2021-10-08 03:35;SAMSUNG;Combo de Lavadora + Secadora Samsung champagne F-WD22R6270CCP;https://www.liverpool.com.mx/tienda/pdp/Combo-de-Lavadora-+-Secadora-Samsung-champagne-F-WD22R6270CCP/1099966633;WM;4;https://www.liverpool.com.mx/
420;aHR0cHM6Ly93d3cubGl2ZXJwb29sLmNvbS5teC90aWVuZGEvcGRwL0xhdmFkb3JhLVNhbXN1bmctMjIta2ctYXV0b20lQzMlQTF0aWNhLWNhcmdhLXN1cGVyaW9yLVdBMjJBMzM1NEdWL0FYLzExMDY1OTIzNjExMjIzNDYw;SEM;2021-10-08;2021-08-22;;1223460;;;;LIVERPOOL;MX;2021-10-08 03:36;SAMSUNG;Lavadora Samsung 22 kg automática carga superior WA22A3354GV/AX;https://www.liverpool.com.mx/tienda/pdp/Lavadora-Samsung-22-kg-autom%C3%A1tica-carga-superior-WA22A3354GV/AX/1106592361;WM;5;https://www.liverpool.com.mx/
421;aHR0cHM6Ly93d3cubGl2ZXJwb29sLmNvbS5teC90aWVuZGEvcGRwL0xhdmFkb3JhLVNhbXN1bmctMjIta2ctYXV0b20lQzMlQTF0aWNhLWNhcmdhLXN1cGVyaW9yLVdBMjJBMzM1NEdWL0FYLzExMDY1OTIzNjExMjgyMTMw;SEM;2021-10-08;2021-09-24;;1282130;;;;LIVERPOOL;MX;2021-10-08 03:36;SAMSUNG;Lavadora Samsung 22 kg automática carga superior WA22A3354GV/AX;https://www.liverpool.com.mx/tienda/pdp/Lavadora-Samsung-22-kg-autom%C3%A1tica-carga-superior-WA22A3354GV/AX/1106592361;WM;5;https://www.liverpool.com.mx/
422;aHR0cHM6Ly93d3cubGl2ZXJwb29sLmNvbS5teC90aWVuZGEvcGRwL0xhdmFkb3JhLVNhbXN1bmctMjIta2ctYXV0b20lQzMlQTF0aWNhLWNhcmdhLXN1cGVyaW9yLVdBMjJBMzM1MEdXL0FYLzExMDY1OTIzNzAxMTM3NTkz;SEM;2021-10-08;2021-07-11;;1137593;;;;LIVERPOOL;MX;2021-10-08 03:39;SAMSUNG;Lavadora Samsung 22 kg automática carga superior WA22A3350GW/AX;https://www.liverpool.com.mx/tienda/pdp/Lavadora-Samsung-22-kg-autom%C3%A1tica-carga-superior-WA22A3350GW/AX/1106592370;WM;5;https://www.liverpool.com.mx/
423;aHR0cHM6Ly93d3cubGl2ZXJwb29sLmNvbS5teC90aWVuZGEvcGRwL0xhdmFkb3JhLVNhbXN1bmctMjIta2ctYXV0b20lQzMlQTF0aWNhLWNhcmdhLXN1cGVyaW9yLVdBMjJBMzM1MEdXL0FYLzExMDY1OTIzNzAxMzA2NzAz;SEM;2021-10-08;2021-10-06;;1306703;;;;LIVERPOOL;MX;2021-10-08 03:39;SAMSUNG;Lavadora Samsung 22 kg automática carga superior WA22A3350GW/AX;https://www.liverpool.com.mx/tienda/pdp/Lavadora-Samsung-22-kg-autom%C3%A1tica-carga-superior-WA22A3350GW/AX/1106592370;WM;5;https://www.liverpool.com.mx/
424;aHR0cHM6Ly93d3cubGl2ZXJwb29sLmNvbS5teC90aWVuZGEvcGRwL0xhdmFkb3JhLVNhbXN1bmctMjEta2ctYXV0b20lQzMlQTF0aWNhLWNhcmdhLXN1cGVyaW9yLVdBMjFBMzM1M0dXL0FYLzExMDU4MTkwNTIxMjQxNjgw;SEM;2021-10-08;2021-09-01;;1241680;;;;LIVERPOOL;MX;2021-10-08 03:39;SAMSUNG;Lavadora Samsung 21 kg automática carga superior WA21A3353GW/AX;https://www.liverpool.com.mx/tienda/pdp/Lavadora-Samsung-21-kg-autom%C3%A1tica-carga-superior-WA21A3353GW/AX/1105819052;WM;5;https://www.liverpool.com.mx/
425;aHR0cHM6Ly93d3cubGl2ZXJwb29sLmNvbS5teC90aWVuZGEvcGRwL0xhdmFkb3JhLVNhbXN1bmctMjIta2ctbmVncmEtRi1XRjIyUjYyNzBWQ1AvMTA5OTk2NTg4Mjg0MDk1MQ==;SEM;2021-10-08;2021-03-11;;840951;;;;LIVERPOOL;MX;2021-10-08 03:45;SAMSUNG;Lavadora Samsung 22 kg negra F-WF22R6270VCP;https://www.liverpool.com.mx/tienda/pdp/Lavadora-Samsung-22-kg-negra-F-WF22R6270VCP/1099965882;WM;5;https://www.liverpool.com.mx/
426;aHR0cHM6Ly93d3cubGl2ZXJwb29sLmNvbS5teC90aWVuZGEvcGRwL0xhdmFkb3JhLVNhbXN1bmctMjAta2ctYXV0b20lQzMlQTF0aWNhLWNhcmdhLWZyb250YWwtV0YyMFQ2MDAwQVcvQVgvMTEwMzkxMTQwNzEyMTM5NDE=;SEM;2021-10-08;2021-08-17;;1213941;;;;LIVERPOOL;MX;2021-10-08 03:45;SAMSUNG;Lavadora Samsung 20 kg automática carga frontal WF20T6000AW/AX;https://www.liverpool.com.mx/tienda/pdp/Lavadora-Samsung-20-kg-autom%C3%A1tica-carga-frontal-WF20T6000AW/AX/1103911407;WM;5;https://www.liverpool.com.mx/
427;aHR0cHM6Ly93d3cubGl2ZXJwb29sLmNvbS5teC90aWVuZGEvcGRwL0Z1bmRhLTEyLXBhcmEtTGF2YWRvcmEtTEctMTcteS0xOC1rZy8xMDEwMzQzMDI2MzgwNzU2;SEM;2021-10-08;2020-07-11;;380756;;;;LIVERPOOL;MX;2021-10-08 02:30;LG;Funda 12 para Lavadora LG 17 y 18 kg;https://www.liverpool.com.mx/tienda/pdp/Funda-12-para-Lavadora-LG-17-y-18-kg/1010343026;WM;5;https://www.liverpool.com.mx/
428;aHR0cHM6Ly93d3cubGl2ZXJwb29sLmNvbS5teC90aWVuZGEvcGRwL0Z1bmRhLTEyLXBhcmEtTGF2YWRvcmEtTEctMTcteS0xOC1rZy8xMDEwMzQzMDI2MjYzNDIw;SEM;2021-10-08;2020-05-24;;263420;;;;LIVERPOOL;MX;2021-10-08 02:30;LG;Funda 12 para Lavadora LG 17 y 18 kg;https://www.liverpool.com.mx/tienda/pdp/Funda-12-para-Lavadora-LG-17-y-18-kg/1010343026;WM;5;https://www.liverpool.com.mx/
429;aHR0cHM6Ly93d3cubGl2ZXJwb29sLmNvbS5teC90aWVuZGEvcGRwL0Z1bmRhLTEyLXBhcmEtTGF2YWRvcmEtTEctMTcteS0xOC1rZy8xMDEwMzQzMDI2Njc4Njk=;SEM;2021-10-08;2019-06-26;;67869;;;;LIVERPOOL;MX;2021-10-08 02:31;LG;Funda 12 para Lavadora LG 17 y 18 kg;https://www.liverpool.com.mx/tienda/pdp/Funda-12-para-Lavadora-LG-17-y-18-kg/1010343026;WM;5;https://www.liverpool.com.mx/
430;aHR0cHM6Ly93d3cubGl2ZXJwb29sLmNvbS5teC90aWVuZGEvcGRwL0Z1bmRhLTEyLXBhcmEtTGF2YWRvcmEtTEctMTcteS0xOC1rZy8xMDEwMzQzMDI2Mzc5MzQ=;SEM;2021-10-08;2019-04-07;;37934;;;;LIVERPOOL;MX;2021-10-08 02:31;LG;Funda 12 para Lavadora LG 17 y 18 kg;https://www.liverpool.com.mx/tienda/pdp/Funda-12-para-Lavadora-LG-17-y-18-kg/1010343026;WM;5;https://www.liverpool.com.mx/
431;aHR0cHM6Ly93d3cubGl2ZXJwb29sLmNvbS5teC90aWVuZGEvcGRwL0Z1bmRhLTEyLXBhcmEtTGF2YWRvcmEtTEctMTcteS0xOC1rZy8xMDEwMzQzMDI2NjE2NTc=;SEM;2021-10-08;2019-06-13;;61657;;;;LIVERPOOL;MX;2021-10-08 02:31;LG;Funda 12 para Lavadora LG 17 y 18 kg;https://www.liverpool.com.mx/tienda/pdp/Funda-12-para-Lavadora-LG-17-y-18-kg/1010343026;WM;5;https://www.liverpool.com.mx/
432;aHR0cHM6Ly93d3cubGl2ZXJwb29sLmNvbS5teC90aWVuZGEvcGRwL0Z1bmRhLTEyLXBhcmEtTGF2YWRvcmEtTEctMTcteS0xOC1rZy8xMDEwMzQzMDI2NzEwOTI4;SEM;2021-10-08;2021-01-03;;710928;;;;LIVERPOOL;MX;2021-10-08 02:31;LG;Funda 12 para Lavadora LG 17 y 18 kg;https://www.liverpool.com.mx/tienda/pdp/Funda-12-para-Lavadora-LG-17-y-18-kg/1010343026;WM;5;https://www.liverpool.com.mx/
433;aHR0cHM6Ly93d3cubGl2ZXJwb29sLmNvbS5teC90aWVuZGEvcGRwL0Z1bmRhLTEyLXBhcmEtTGF2YWRvcmEtTEctMTcteS0xOC1rZy8xMDEwMzQzMDI2NTE0NjA0;SEM;2021-10-08;2020-08-12;;514604;;;;LIVERPOOL;MX;2021-10-08 02:31;LG;Funda 12 para Lavadora LG 17 y 18 kg;https://www.liverpool.com.mx/tienda/pdp/Funda-12-para-Lavadora-LG-17-y-18-kg/1010343026;WM;5;https://www.liverpool.com.mx/
434;aHR0cHM6Ly93d3cubGl2ZXJwb29sLmNvbS5teC90aWVuZGEvcGRwL0Z1bmRhLTEyLXBhcmEtTGF2YWRvcmEtTEctMTcteS0xOC1rZy8xMDEwMzQzMDI2OTY1OTYw;SEM;2021-10-08;2021-05-12;;965960;;;;LIVERPOOL;MX;2021-10-08 02:31;LG;Funda 12 para Lavadora LG 17 y 18 kg;https://www.liverpool.com.mx/tienda/pdp/Funda-12-para-Lavadora-LG-17-y-18-kg/1010343026;WM;5;https://www.liverpool.com.mx/
435;aHR0cHM6Ly93d3cubGl2ZXJwb29sLmNvbS5teC90aWVuZGEvcGRwL0Z1bmRhLTEyLXBhcmEtTGF2YWRvcmEtTEctMTcteS0xOC1rZy8xMDEwMzQzMDI2MTA1MDUw;SEM;2021-10-08;2019-09-16;;105050;;;;LIVERPOOL;MX;2021-10-08 02:31;LG;Funda 12 para Lavadora LG 17 y 18 kg;https://www.liverpool.com.mx/tienda/pdp/Funda-12-para-Lavadora-LG-17-y-18-kg/1010343026;WM;5;https://www.liverpool.com.mx/
436;aHR0cHM6Ly93d3cubGl2ZXJwb29sLmNvbS5teC90aWVuZGEvcGRwL0Z1bmRhLTEyLXBhcmEtTGF2YWRvcmEtTEctMTcteS0xOC1rZy8xMDEwMzQzMDI2Njk5MDAz;SEM;2021-10-08;2020-12-29;;699003;;;;LIVERPOOL;MX;2021-10-08 02:31;LG;Funda 12 para Lavadora LG 17 y 18 kg;https://www.liverpool.com.mx/tienda/pdp/Funda-12-para-Lavadora-LG-17-y-18-kg/1010343026;WM;5;https://www.liverpool.com.mx/
437;aHR0cHM6Ly93d3cubGl2ZXJwb29sLmNvbS5teC90aWVuZGEvcGRwL0Z1bmRhLTEyLXBhcmEtTGF2YWRvcmEtTEctMTcteS0xOC1rZy8xMDEwMzQzMDI2MTUzNzM0;SEM;2021-10-08;2019-12-19;;153734;;;;LIVERPOOL;MX;2021-10-08 02:31;LG;Funda 12 para Lavadora LG 17 y 18 kg;https://www.liverpool.com.mx/tienda/pdp/Funda-12-para-Lavadora-LG-17-y-18-kg/1010343026;WM;5;https://www.liverpool.com.mx/
438;aHR0cHM6Ly93d3cubGl2ZXJwb29sLmNvbS5teC90aWVuZGEvcGRwL0Z1bmRhLTEyLXBhcmEtTGF2YWRvcmEtTEctMTcteS0xOC1rZy8xMDEwMzQzMDI2NjQxNjgw;SEM;2021-10-08;2020-11-04;;641680;;;;LIVERPOOL;MX;2021-10-08 02:31;LG;Funda 12 para Lavadora LG 17 y 18 kg;https://www.liverpool.com.mx/tienda/pdp/Funda-12-para-Lavadora-LG-17-y-18-kg/1010343026;WM;5;https://www.liverpool.com.mx/
439;aHR0cHM6Ly93d3cubGl2ZXJwb29sLmNvbS5teC90aWVuZGEvcGRwL0Z1bmRhLTEyLXBhcmEtTGF2YWRvcmEtTEctMTcteS0xOC1rZy8xMDEwMzQzMDI2NzM3NDg0;SEM;2021-10-08;2021-01-20;;737484;;;;LIVERPOOL;MX;2021-10-08 02:31;LG;Funda 12 para Lavadora LG 17 y 18 kg;https://www.liverpool.com.mx/tienda/pdp/Funda-12-para-Lavadora-LG-17-y-18-kg/1010343026;WM;5;https://www.liverpool.com.mx/
440;aHR0cHM6Ly93d3cubGl2ZXJwb29sLmNvbS5teC90aWVuZGEvcGRwL0Z1bmRhLTEyLXBhcmEtTGF2YWRvcmEtTEctMTcteS0xOC1rZy8xMDEwMzQzMDI2MjA5ODc0;SEM;2021-10-08;2020-04-06;;209874;;;;LIVERPOOL;MX;2021-10-08 02:31;LG;Funda 12 para Lavadora LG 17 y 18 kg;https://www.liverpool.com.mx/tienda/pdp/Funda-12-para-Lavadora-LG-17-y-18-kg/1010343026;WM;5;https://www.liverpool.com.mx/
441;aHR0cHM6Ly93d3cubGl2ZXJwb29sLmNvbS5teC90aWVuZGEvcGRwL0Z1bmRhLTEyLXBhcmEtTGF2YWRvcmEtTEctMTcteS0xOC1rZy8xMDEwMzQzMDI2NTQ4NTgz;SEM;2021-10-08;2020-08-24;;548583;;;;LIVERPOOL;MX;2021-10-08 02:31;LG;Funda 12 para Lavadora LG 17 y 18 kg;https://www.liverpool.com.mx/tienda/pdp/Funda-12-para-Lavadora-LG-17-y-18-kg/1010343026;WM;5;https://www.liverpool.com.mx/
442;aHR0cHM6Ly93d3cubGl2ZXJwb29sLmNvbS5teC90aWVuZGEvcGRwL0Z1bmRhLTEyLXBhcmEtTGF2YWRvcmEtTEctMTcteS0xOC1rZy8xMDEwMzQzMDI2MTI3NTkxOA==;SEM;2021-10-08;2021-09-20;;1275918;;;;LIVERPOOL;MX;2021-10-08 02:31;LG;Funda 12 para Lavadora LG 17 y 18 kg;https://www.liverpool.com.mx/tienda/pdp/Funda-12-para-Lavadora-LG-17-y-18-kg/1010343026;WM;5;https://www.liverpool.com.mx/
443;aHR0cHM6Ly93d3cubGl2ZXJwb29sLmNvbS5teC90aWVuZGEvcGRwL0Z1bmRhLTEyLXBhcmEtTGF2YWRvcmEtTEctMTcteS0xOC1rZy8xMDEwMzQzMDI2MzAzODk5;SEM;2021-10-08;2020-06-13;;303899;;;;LIVERPOOL;MX;2021-10-08 02:31;LG;Funda 12 para Lavadora LG 17 y 18 kg;https://www.liverpool.com.mx/tienda/pdp/Funda-12-para-Lavadora-LG-17-y-18-kg/1010343026;WM;5;https://www.liverpool.com.mx/
444;aHR0cHM6Ly93d3cubGl2ZXJwb29sLmNvbS5teC90aWVuZGEvcGRwL0Z1bmRhLTEyLXBhcmEtTGF2YWRvcmEtTEctMTcteS0xOC1rZy8xMDEwMzQzMDI2ODc3MzQ0;SEM;2021-10-08;2021-03-29;;877344;;;;LIVERPOOL;MX;2021-10-08 02:31;LG;Funda 12 para Lavadora LG 17 y 18 kg;https://www.liverpool.com.mx/tienda/pdp/Funda-12-para-Lavadora-LG-17-y-18-kg/1010343026;WM;5;https://www.liverpool.com.mx/
445;aHR0cHM6Ly93d3cubGl2ZXJwb29sLmNvbS5teC90aWVuZGEvcGRwL0Z1bmRhLTEyLXBhcmEtTGF2YWRvcmEtTEctMTcteS0xOC1rZy8xMDEwMzQzMDI2NjAyMTQ2;SEM;2021-10-08;2020-09-13;;602146;;;;LIVERPOOL;MX;2021-10-08 02:31;LG;Funda 12 para Lavadora LG 17 y 18 kg;https://www.liverpool.com.mx/tienda/pdp/Funda-12-para-Lavadora-LG-17-y-18-kg/1010343026;WM;5;https://www.liverpool.com.mx/
446;aHR0cHM6Ly93d3cubGl2ZXJwb29sLmNvbS5teC90aWVuZGEvcGRwL0Z1bmRhLTEyLXBhcmEtTGF2YWRvcmEtTEctMTcteS0xOC1rZy8xMDEwMzQzMDI2MTI3MDA1MQ==;SEM;2021-10-08;2021-09-17;;1270051;;;;LIVERPOOL;MX;2021-10-08 02:31;LG;Funda 12 para Lavadora LG 17 y 18 kg;https://www.liverpool.com.mx/tienda/pdp/Funda-12-para-Lavadora-LG-17-y-18-kg/1010343026;WM;5;https://www.liverpool.com.mx/
447;aHR0cHM6Ly93d3cubGl2ZXJwb29sLmNvbS5teC90aWVuZGEvcGRwL0Z1bmRhLTEyLXBhcmEtTGF2YWRvcmEtTEctMTcteS0xOC1rZy8xMDEwMzQzMDI2NzYwODcz;SEM;2021-10-08;2021-02-03;;760873;;;;LIVERPOOL;MX;2021-10-08 02:31;LG;Funda 12 para Lavadora LG 17 y 18 kg;https://www.liverpool.com.mx/tienda/pdp/Funda-12-para-Lavadora-LG-17-y-18-kg/1010343026;WM;5;https://www.liverpool.com.mx/
448;aHR0cHM6Ly93d3cubGl2ZXJwb29sLmNvbS5teC90aWVuZGEvcGRwL0Z1bmRhLTEyLXBhcmEtTGF2YWRvcmEtTEctMTcteS0xOC1rZy8xMDEwMzQzMDI2MjM2MzM3;SEM;2021-10-08;2020-05-03;;236337;;;;LIVERPOOL;MX;2021-10-08 02:31;LG;Funda 12 para Lavadora LG 17 y 18 kg;https://www.liverpool.com.mx/tienda/pdp/Funda-12-para-Lavadora-LG-17-y-18-kg/1010343026;WM;5;https://www.liverpool.com.mx/
449;aHR0cHM6Ly93d3cubGl2ZXJwb29sLmNvbS5teC90aWVuZGEvcGRwL0Z1bmRhLTEyLXBhcmEtTGF2YWRvcmEtTEctMTcteS0xOC1rZy8xMDEwMzQzMDI2MTI2MTM5Mg==;SEM;2021-10-08;2021-09-12;;1261392;;;;LIVERPOOL;MX;2021-10-08 02:31;LG;Funda 12 para Lavadora LG 17 y 18 kg;https://www.liverpool.com.mx/tienda/pdp/Funda-12-para-Lavadora-LG-17-y-18-kg/1010343026;WM;5;https://www.liverpool.com.mx/
450;aHR0cHM6Ly93d3cubGl2ZXJwb29sLmNvbS5teC90aWVuZGEvcGRwL0Z1bmRhLTEyLXBhcmEtTGF2YWRvcmEtTEctMTcteS0xOC1rZy8xMDEwMzQzMDI2ODk2MzQy;SEM;2021-10-08;2021-04-10;;896342;;;;LIVERPOOL;MX;2021-10-08 02:31;LG;Funda 12 para Lavadora LG 17 y 18 kg;https://www.liverpool.com.mx/tienda/pdp/Funda-12-para-Lavadora-LG-17-y-18-kg/1010343026;WM;5;https://www.liverpool.com.mx/
451;aHR0cHM6Ly93d3cubGl2ZXJwb29sLmNvbS5teC90aWVuZGEvcGRwL0Z1bmRhLTEyLXBhcmEtTGF2YWRvcmEtTEctMTcteS0xOC1rZy8xMDEwMzQzMDI2NDc3NTUx;SEM;2021-10-08;2020-08-05;;477551;;;;LIVERPOOL;MX;2021-10-08 02:31;LG;Funda 12 para Lavadora LG 17 y 18 kg;https://www.liverpool.com.mx/tienda/pdp/Funda-12-para-Lavadora-LG-17-y-18-kg/1010343026;WM;5;https://www.liverpool.com.mx/
452;aHR0cHM6Ly93d3cubGl2ZXJwb29sLmNvbS5teC90aWVuZGEvcGRwL0Z1bmRhLTEyLXBhcmEtTGF2YWRvcmEtTEctMTcteS0xOC1rZy8xMDEwMzQzMDI2NzczNzQz;SEM;2021-10-08;2021-02-11;;773743;;;;LIVERPOOL;MX;2021-10-08 02:31;LG;Funda 12 para Lavadora LG 17 y 18 kg;https://www.liverpool.com.mx/tienda/pdp/Funda-12-para-Lavadora-LG-17-y-18-kg/1010343026;WM;5;https://www.liverpool.com.mx/
453;aHR0cHM6Ly93d3cubGl2ZXJwb29sLmNvbS5teC90aWVuZGEvcGRwL0Z1bmRhLTEyLXBhcmEtTGF2YWRvcmEtTEctMTcteS0xOC1rZy8xMDEwMzQzMDI2MzM2NzUy;SEM;2021-10-08;2020-06-26;;336752;;;;LIVERPOOL;MX;2021-10-08 02:31;LG;Funda 12 para Lavadora LG 17 y 18 kg;https://www.liverpool.com.mx/tienda/pdp/Funda-12-para-Lavadora-LG-17-y-18-kg/1010343026;WM;5;https://www.liverpool.com.mx/
454;aHR0cHM6Ly93d3cubGl2ZXJwb29sLmNvbS5teC90aWVuZGEvcGRwL0Z1bmRhLTEyLXBhcmEtTGF2YWRvcmEtTEctMTcteS0xOC1rZy8xMDEwMzQzMDI2NTg1MzM2;SEM;2021-10-08;2020-09-06;;585336;;;;LIVERPOOL;MX;2021-10-08 02:31;LG;Funda 12 para Lavadora LG 17 y 18 kg;https://www.liverpool.com.mx/tienda/pdp/Funda-12-para-Lavadora-LG-17-y-18-kg/1010343026;WM;5;https://www.liverpool.com.mx/
455;aHR0cHM6Ly93d3cubGl2ZXJwb29sLmNvbS5teC90aWVuZGEvcGRwL0Z1bmRhLTEyLXBhcmEtTGF2YWRvcmEtTEctMTcteS0xOC1rZy8xMDEwMzQzMDI2MTA0NDg1Nw==;SEM;2021-10-08;2021-06-07;;1044857;;;;LIVERPOOL;MX;2021-10-08 02:31;LG;Funda 12 para Lavadora LG 17 y 18 kg;https://www.liverpool.com.mx/tienda/pdp/Funda-12-para-Lavadora-LG-17-y-18-kg/1010343026;WM;5;https://www.liverpool.com.mx/
456;aHR0cHM6Ly93d3cubGl2ZXJwb29sLmNvbS5teC90aWVuZGEvcGRwL0Z1bmRhLTEyLXBhcmEtTGF2YWRvcmEtTEctMTcteS0xOC1rZy8xMDEwMzQzMDI2MTE0ODE1;SEM;2021-10-08;2019-10-07;;114815;;;;LIVERPOOL;MX;2021-10-08 02:31;LG;Funda 12 para Lavadora LG 17 y 18 kg;https://www.liverpool.com.mx/tienda/pdp/Funda-12-para-Lavadora-LG-17-y-18-kg/1010343026;WM;5;https://www.liverpool.com.mx/
457;aHR0cHM6Ly93d3cubGl2ZXJwb29sLmNvbS5teC90aWVuZGEvcGRwL0Z1bmRhLTEyLXBhcmEtTGF2YWRvcmEtTEctMTcteS0xOC1rZy8xMDEwMzQzMDI2ODM5MzAw;SEM;2021-10-08;2021-03-10;;839300;;;;LIVERPOOL;MX;2021-10-08 02:31;LG;Funda 12 para Lavadora LG 17 y 18 kg;https://www.liverpool.com.mx/tienda/pdp/Funda-12-para-Lavadora-LG-17-y-18-kg/1010343026;WM;5;https://www.liverpool.com.mx/
458;aHR0cHM6Ly93d3cubGl2ZXJwb29sLmNvbS5teC90aWVuZGEvcGRwL0Z1bmRhLTEyLXBhcmEtTGF2YWRvcmEtTEctMTcteS0xOC1rZy8xMDEwMzQzMDI2NzUxNDc=;SEM;2021-10-08;2019-07-14;;75147;;;;LIVERPOOL;MX;2021-10-08 02:31;LG;Funda 12 para Lavadora LG 17 y 18 kg;https://www.liverpool.com.mx/tienda/pdp/Funda-12-para-Lavadora-LG-17-y-18-kg/1010343026;WM;5;https://www.liverpool.com.mx/
459;aHR0cHM6Ly93d3cubGl2ZXJwb29sLmNvbS5teC90aWVuZGEvcGRwL0Z1bmRhLTEyLXBhcmEtTGF2YWRvcmEtTEctMTcteS0xOC1rZy8xMDEwMzQzMDI2NzE3NzE0;SEM;2021-10-08;2021-01-07;;717714;;;;LIVERPOOL;MX;2021-10-08 02:31;LG;Funda 12 para Lavadora LG 17 y 18 kg;https://www.liverpool.com.mx/tienda/pdp/Funda-12-para-Lavadora-LG-17-y-18-kg/1010343026;WM;5;https://www.liverpool.com.mx/
460;aHR0cHM6Ly93d3cubGl2ZXJwb29sLmNvbS5teC90aWVuZGEvcGRwL0Z1bmRhLTEyLXBhcmEtTGF2YWRvcmEtTEctMTcteS0xOC1rZy8xMDEwMzQzMDI2OTk4ODA0;SEM;2021-10-08;2021-05-24;;998804;;;;LIVERPOOL;MX;2021-10-08 02:31;LG;Funda 12 para Lavadora LG 17 y 18 kg;https://www.liverpool.com.mx/tienda/pdp/Funda-12-para-Lavadora-LG-17-y-18-kg/1010343026;WM;5;https://www.liverpool.com.mx/
461;aHR0cHM6Ly93d3cubGl2ZXJwb29sLmNvbS5teC90aWVuZGEvcGRwL0Z1bmRhLTEyLXBhcmEtTGF2YWRvcmEtTEctMTcteS0xOC1rZy8xMDEwMzQzMDI2MTAyMTg1MA==;SEM;2021-10-08;2021-06-01;;1021850;;;;LIVERPOOL;MX;2021-10-08 02:31;LG;Funda 12 para Lavadora LG 17 y 18 kg;https://www.liverpool.com.mx/tienda/pdp/Funda-12-para-Lavadora-LG-17-y-18-kg/1010343026;WM;5;https://www.liverpool.com.mx/
462;aHR0cHM6Ly93d3cubGl2ZXJwb29sLmNvbS5teC90aWVuZGEvcGRwL0Z1bmRhLTEyLXBhcmEtTGF2YWRvcmEtTEctMTcteS0xOC1rZy8xMDEwMzQzMDI2MjAwMDkx;SEM;2021-10-08;2020-03-17;;200091;;;;LIVERPOOL;MX;2021-10-08 02:31;LG;Funda 12 para Lavadora LG 17 y 18 kg;https://www.liverpool.com.mx/tienda/pdp/Funda-12-para-Lavadora-LG-17-y-18-kg/1010343026;WM;5;https://www.liverpool.com.mx/
463;aHR0cHM6Ly93d3cubGl2ZXJwb29sLmNvbS5teC90aWVuZGEvcGRwL0Z1bmRhLTEyLXBhcmEtTGF2YWRvcmEtTEctMTcteS0xOC1rZy8xMDEwMzQzMDI2NTM1NDYw;SEM;2021-10-08;2020-08-20;;535460;;;;LIVERPOOL;MX;2021-10-08 02:31;LG;Funda 12 para Lavadora LG 17 y 18 kg;https://www.liverpool.com.mx/tienda/pdp/Funda-12-para-Lavadora-LG-17-y-18-kg/1010343026;WM;5;https://www.liverpool.com.mx/
464;aHR0cHM6Ly93d3cubGl2ZXJwb29sLmNvbS5teC90aWVuZGEvcGRwL0Z1bmRhLTEyLXBhcmEtTGF2YWRvcmEtTEctMTcteS0xOC1rZy8xMDEwMzQzMDI2NTE5NjAw;SEM;2021-10-08;2020-08-14;;519600;;;;LIVERPOOL;MX;2021-10-08 02:31;LG;Funda 12 para Lavadora LG 17 y 18 kg;https://www.liverpool.com.mx/tienda/pdp/Funda-12-para-Lavadora-LG-17-y-18-kg/1010343026;WM;5;https://www.liverpool.com.mx/
465;aHR0cHM6Ly93d3cubGl2ZXJwb29sLmNvbS5teC90aWVuZGEvcGRwL0Z1bmRhLTEyLXBhcmEtTGF2YWRvcmEtTEctMTcteS0xOC1rZy8xMDEwMzQzMDI2NDk3ODQ1;SEM;2021-10-08;2020-08-08;;497845;;;;LIVERPOOL;MX;2021-10-08 02:31;LG;Funda 12 para Lavadora LG 17 y 18 kg;https://www.liverpool.com.mx/tienda/pdp/Funda-12-para-Lavadora-LG-17-y-18-kg/1010343026;WM;5;https://www.liverpool.com.mx/
466;aHR0cHM6Ly93d3cubGl2ZXJwb29sLmNvbS5teC90aWVuZGEvcGRwL0Z1bmRhLTEyLXBhcmEtTGF2YWRvcmEtTEctMTcteS0xOC1rZy8xMDEwMzQzMDI2MTE4MTExOQ==;SEM;2021-10-08;2021-08-02;;1181119;;;;LIVERPOOL;MX;2021-10-08 02:31;LG;Funda 12 para Lavadora LG 17 y 18 kg;https://www.liverpool.com.mx/tienda/pdp/Funda-12-para-Lavadora-LG-17-y-18-kg/1010343026;WM;5;https://www.liverpool.com.mx/
467;aHR0cHM6Ly93d3cubGl2ZXJwb29sLmNvbS5teC90aWVuZGEvcGRwL0Z1bmRhLTEyLXBhcmEtTGF2YWRvcmEtTEctMTcteS0xOC1rZy8xMDEwMzQzMDI2Nzg5MTkw;SEM;2021-10-08;2021-02-17;;789190;;;;LIVERPOOL;MX;2021-10-08 02:31;LG;Funda 12 para Lavadora LG 17 y 18 kg;https://www.liverpool.com.mx/tienda/pdp/Funda-12-para-Lavadora-LG-17-y-18-kg/1010343026;WM;5;https://www.liverpool.com.mx/
468;aHR0cHM6Ly93d3cubGl2ZXJwb29sLmNvbS5teC90aWVuZGEvcGRwL0Z1bmRhLTEyLXBhcmEtTGF2YWRvcmEtTEctMTcteS0xOC1rZy8xMDEwMzQzMDI2MzI2MTAw;SEM;2021-10-08;2020-06-23;;326100;;;;LIVERPOOL;MX;2021-10-08 02:31;LG;Funda 12 para Lavadora LG 17 y 18 kg;https://www.liverpool.com.mx/tienda/pdp/Funda-12-para-Lavadora-LG-17-y-18-kg/1010343026;WM;5;https://www.liverpool.com.mx/
469;aHR0cHM6Ly93d3cubGl2ZXJwb29sLmNvbS5teC90aWVuZGEvcGRwL0Z1bmRhLTEyLXBhcmEtTGF2YWRvcmEtTEctMTcteS0xOC1rZy8xMDEwMzQzMDI2ODQzNzM1;SEM;2021-10-08;2021-03-13;;843735;;;;LIVERPOOL;MX;2021-10-08 02:31;LG;Funda 12 para Lavadora LG 17 y 18 kg;https://www.liverpool.com.mx/tienda/pdp/Funda-12-para-Lavadora-LG-17-y-18-kg/1010343026;WM;5;https://www.liverpool.com.mx/
470;aHR0cHM6Ly93d3cubGl2ZXJwb29sLmNvbS5teC90aWVuZGEvcGRwL0Z1bmRhLTEyLXBhcmEtTGF2YWRvcmEtTEctMTcteS0xOC1rZy8xMDEwMzQzMDI2MTA4OTA4Mg==;SEM;2021-10-08;2021-06-21;;1089082;;;;LIVERPOOL;MX;2021-10-08 02:31;LG;Funda 12 para Lavadora LG 17 y 18 kg;https://www.liverpool.com.mx/tienda/pdp/Funda-12-para-Lavadora-LG-17-y-18-kg/1010343026;WM;4;https://www.liverpool.com.mx/
471;aHR0cHM6Ly93d3cubGl2ZXJwb29sLmNvbS5teC90aWVuZGEvcGRwL0Z1bmRhLTEyLXBhcmEtTGF2YWRvcmEtTEctMTcteS0xOC1rZy8xMDEwMzQzMDI2Njg5NTM3;SEM;2021-10-08;2020-12-26;;689537;;;;LIVERPOOL;MX;2021-10-08 02:31;LG;Funda 12 para Lavadora LG 17 y 18 kg;https://www.liverpool.com.mx/tienda/pdp/Funda-12-para-Lavadora-LG-17-y-18-kg/1010343026;WM;4;https://www.liverpool.com.mx/
472;aHR0cHM6Ly93d3cubGl2ZXJwb29sLmNvbS5teC90aWVuZGEvcGRwL0Z1bmRhLTEyLXBhcmEtTGF2YWRvcmEtTEctMTcteS0xOC1rZy8xMDEwMzQzMDI2OTg0NTYy;SEM;2021-10-08;2021-05-18;;984562;;;;LIVERPOOL;MX;2021-10-08 02:31;LG;Funda 12 para Lavadora LG 17 y 18 kg;https://www.liverpool.com.mx/tienda/pdp/Funda-12-para-Lavadora-LG-17-y-18-kg/1010343026;WM;4;https://www.liverpool.com.mx/
473;aHR0cHM6Ly93d3cubGl2ZXJwb29sLmNvbS5teC90aWVuZGEvcGRwL0Z1bmRhLTEyLXBhcmEtTGF2YWRvcmEtTEctMTcteS0xOC1rZy8xMDEwMzQzMDI2MTkwNzE1;SEM;2021-10-08;2020-02-24;;190715;;;;LIVERPOOL;MX;2021-10-08 02:31;LG;Funda 12 para Lavadora LG 17 y 18 kg;https://www.liverpool.com.mx/tienda/pdp/Funda-12-para-Lavadora-LG-17-y-18-kg/1010343026;WM;4;https://www.liverpool.com.mx/
474;aHR0cHM6Ly93d3cubGl2ZXJwb29sLmNvbS5teC90aWVuZGEvcGRwL0Z1bmRhLTEyLXBhcmEtTGF2YWRvcmEtTEctMTcteS0xOC1rZy8xMDEwMzQzMDI2NDg3NDY1;SEM;2021-10-08;2020-08-06;;487465;;;;LIVERPOOL;MX;2021-10-08 02:31;LG;Funda 12 para Lavadora LG 17 y 18 kg;https://www.liverpool.com.mx/tienda/pdp/Funda-12-para-Lavadora-LG-17-y-18-kg/1010343026;WM;5;https://www.liverpool.com.mx/
475;aHR0cHM6Ly93d3cubGl2ZXJwb29sLmNvbS5teC90aWVuZGEvcGRwL0Z1bmRhLTEyLXBhcmEtTGF2YWRvcmEtTEctMTcteS0xOC1rZy8xMDEwMzQzMDI2MzI0NzUx;SEM;2021-10-08;2020-06-23;;324751;;;;LIVERPOOL;MX;2021-10-08 02:31;LG;Funda 12 para Lavadora LG 17 y 18 kg;https://www.liverpool.com.mx/tienda/pdp/Funda-12-para-Lavadora-LG-17-y-18-kg/1010343026;WM;3;https://www.liverpool.com.mx/
476;aHR0cHM6Ly93d3cubGl2ZXJwb29sLmNvbS5teC90aWVuZGEvcGRwL2xhdmFkb3JhLWxnLTIyLWtnLXBsYXRlYWRhLXd0MjJ2c3M2aC8xMDgyOTI0NTcxMTMwODI3Ng==;SEM;2021-10-08;2021-10-07;;1308276;;;;LIVERPOOL;MX;2021-10-08 02:50;LG;Lavadora LG 22 kg plateada WT22VSS6H;https://www.liverpool.com.mx/tienda/pdp/lavadora-lg-22-kg-plateada-wt22vss6h/1082924571;WM;5;https://www.liverpool.com.mx/
477;aHR0cHM6Ly93d3cubGl2ZXJwb29sLmNvbS5teC90aWVuZGEvcGRwL2xhdmFzZWNhZG9yYS1sZy1lbCVDMyVBOWN0cmljYS0yMi1rZy13ZDIycnYyczYvMTA5ODI3MDU1NDY3MDQ2Mw==;SEM;2021-10-08;2020-12-17;;670463;;;;LIVERPOOL;MX;2021-10-08 03:06;LG;Lavasecadora LG eléctrica 22 kg WD22RV2S6;https://www.liverpool.com.mx/tienda/pdp/lavasecadora-lg-el%C3%A9ctrica-22-kg-wd22rv2s6/1098270554;WM;5;https://www.liverpool.com.mx/
478;aHR0cHM6Ly93d3cubGl2ZXJwb29sLmNvbS5teC90aWVuZGEvcGRwL2xhdmFzZWNhZG9yYS1sZy1lbCVDMyVBOWN0cmljYS0yMi1rZy13ZDIycnYyczYvMTA5ODI3MDU1NDYzMDQyNA==;SEM;2021-10-08;2020-10-14;;630424;;;;LIVERPOOL;MX;2021-10-08 03:06;LG;Lavasecadora LG eléctrica 22 kg WD22RV2S6;https://www.liverpool.com.mx/tienda/pdp/lavasecadora-lg-el%C3%A9ctrica-22-kg-wd22rv2s6/1098270554;WM;5;https://www.liverpool.com.mx/
479;aHR0cHM6Ly93d3cubGl2ZXJwb29sLmNvbS5teC90aWVuZGEvcGRwL2xhdmFzZWNhZG9yYS1sZy1lbCVDMyVBOWN0cmljYS0yMi1rZy13ZDIycnYyczYvMTA5ODI3MDU1NDY1ODYxOQ==;SEM;2021-10-08;2020-11-27;;658619;;;;LIVERPOOL;MX;2021-10-08 03:06;LG;Lavasecadora LG eléctrica 22 kg WD22RV2S6;https://www.liverpool.com.mx/tienda/pdp/lavasecadora-lg-el%C3%A9ctrica-22-kg-wd22rv2s6/1098270554;WM;5;https://www.liverpool.com.mx/
480;aHR0cHM6Ly93d3cubGl2ZXJwb29sLmNvbS5teC90aWVuZGEvcGRwL2xhdmFzZWNhZG9yYS1sZy1lbCVDMyVBOWN0cmljYS0yMi1rZy13ZDIycnYyczYvMTA5ODI3MDU1NDcxMTkwMQ==;SEM;2021-10-08;2021-01-03;;711901;;;;LIVERPOOL;MX;2021-10-08 03:06;LG;Lavasecadora LG eléctrica 22 kg WD22RV2S6;https://www.liverpool.com.mx/tienda/pdp/lavasecadora-lg-el%C3%A9ctrica-22-kg-wd22rv2s6/1098270554;WM;5;https://www.liverpool.com.mx/
481;aHR0cHM6Ly93d3cubGl2ZXJwb29sLmNvbS5teC90aWVuZGEvcGRwL2xhdmFzZWNhZG9yYS1sZy1lbCVDMyVBOWN0cmljYS0yMi1rZy13ZDIycnYyczYvMTA5ODI3MDU1NDY2NTczOQ==;SEM;2021-10-08;2020-12-08;;665739;;;;LIVERPOOL;MX;2021-10-08 03:06;LG;Lavasecadora LG eléctrica 22 kg WD22RV2S6;https://www.liverpool.com.mx/tienda/pdp/lavasecadora-lg-el%C3%A9ctrica-22-kg-wd22rv2s6/1098270554;WM;5;https://www.liverpool.com.mx/
482;aHR0cHM6Ly93d3cubGl2ZXJwb29sLmNvbS5teC90aWVuZGEvcGRwL2xhdmFzZWNhZG9yYS1sZy1lbCVDMyVBOWN0cmljYS0yMi1rZy13ZDIycnYyczYvMTA5ODI3MDU1NDY2NzA0Ng==;SEM;2021-10-08;2020-12-10;;667046;;;;LIVERPOOL;MX;2021-10-08 03:06;LG;Lavasecadora LG eléctrica 22 kg WD22RV2S6;https://www.liverpool.com.mx/tienda/pdp/lavasecadora-lg-el%C3%A9ctrica-22-kg-wd22rv2s6/1098270554;WM;5;https://www.liverpool.com.mx/
483;aHR0cHM6Ly93d3cubGl2ZXJwb29sLmNvbS5teC90aWVuZGEvcGRwL2xhdmFzZWNhZG9yYS1sZy1lbCVDMyVBOWN0cmljYS0yMi1rZy13ZDIycnYyczYvMTA5ODI3MDU1NDY2NDAzNQ==;SEM;2021-10-08;2020-12-04;;664035;;;;LIVERPOOL;MX;2021-10-08 03:06;LG;Lavasecadora LG eléctrica 22 kg WD22RV2S6;https://www.liverpool.com.mx/tienda/pdp/lavasecadora-lg-el%C3%A9ctrica-22-kg-wd22rv2s6/1098270554;WM;5;https://www.liverpool.com.mx/
484;aHR0cHM6Ly93d3cubGl2ZXJwb29sLmNvbS5teC90aWVuZGEvcGRwL2xhdmFzZWNhZG9yYS1sZy1lbCVDMyVBOWN0cmljYS0yMi1rZy13ZDIycnYyczYvMTA5ODI3MDU1NDY2NDA0MQ==;SEM;2021-10-08;2020-12-04;;664041;;;;LIVERPOOL;MX;2021-10-08 03:06;LG;Lavasecadora LG eléctrica 22 kg WD22RV2S6;https://www.liverpool.com.mx/tienda/pdp/lavasecadora-lg-el%C3%A9ctrica-22-kg-wd22rv2s6/1098270554;WM;5;https://www.liverpool.com.mx/
485;aHR0cHM6Ly93d3cubGl2ZXJwb29sLmNvbS5teC90aWVuZGEvcGRwL2xhdmFzZWNhZG9yYS1sZy1lbCVDMyVBOWN0cmljYS0yMi1rZy13ZDIycnYyczYvMTA5ODI3MDU1NDY2NTYxOQ==;SEM;2021-10-08;2020-12-08;;665619;;;;LIVERPOOL;MX;2021-10-08 03:06;LG;Lavasecadora LG eléctrica 22 kg WD22RV2S6;https://www.liverpool.com.mx/tienda/pdp/lavasecadora-lg-el%C3%A9ctrica-22-kg-wd22rv2s6/1098270554;WM;5;https://www.liverpool.com.mx/
486;aHR0cHM6Ly93d3cubGl2ZXJwb29sLmNvbS5teC90aWVuZGEvcGRwL2xhdmFzZWNhZG9yYS1sZy1lbCVDMyVBOWN0cmljYS0yMi1rZy13ZDIycnYyczYvMTA5ODI3MDU1NDY2Mzg1OQ==;SEM;2021-10-08;2020-12-04;;663859;;;;LIVERPOOL;MX;2021-10-08 03:06;LG;Lavasecadora LG eléctrica 22 kg WD22RV2S6;https://www.liverpool.com.mx/tienda/pdp/lavasecadora-lg-el%C3%A9ctrica-22-kg-wd22rv2s6/1098270554;WM;5;https://www.liverpool.com.mx/
487;aHR0cHM6Ly93d3cubGl2ZXJwb29sLmNvbS5teC90aWVuZGEvcGRwL2xhdmFzZWNhZG9yYS1sZy1lbCVDMyVBOWN0cmljYS0yMi1rZy13ZDIycnYyczYvMTA5ODI3MDU1NDY2NjQ1MQ==;SEM;2021-10-08;2020-12-09;;666451;;;;LIVERPOOL;MX;2021-10-08 03:06;LG;Lavasecadora LG eléctrica 22 kg WD22RV2S6;https://www.liverpool.com.mx/tienda/pdp/lavasecadora-lg-el%C3%A9ctrica-22-kg-wd22rv2s6/1098270554;WM;5;https://www.liverpool.com.mx/
488;aHR0cHM6Ly93d3cubGl2ZXJwb29sLmNvbS5teC90aWVuZGEvcGRwL2xhdmFzZWNhZG9yYS1sZy1lbCVDMyVBOWN0cmljYS0yMi1rZy13ZDIycnYyczYvMTA5ODI3MDU1NDY2MzkzNg==;SEM;2021-10-08;2020-12-04;;663936;;;;LIVERPOOL;MX;2021-10-08 03:06;LG;Lavasecadora LG eléctrica 22 kg WD22RV2S6;https://www.liverpool.com.mx/tienda/pdp/lavasecadora-lg-el%C3%A9ctrica-22-kg-wd22rv2s6/1098270554;WM;5;https://www.liverpool.com.mx/
489;aHR0cHM6Ly93d3cubGl2ZXJwb29sLmNvbS5teC90aWVuZGEvcGRwL2xhdmFzZWNhZG9yYS1sZy1lbCVDMyVBOWN0cmljYS0yMi1rZy13ZDIycnYyczYvMTA5ODI3MDU1NDY2NzczOQ==;SEM;2021-10-08;2020-12-11;;667739;;;;LIVERPOOL;MX;2021-10-08 03:06;LG;Lavasecadora LG eléctrica 22 kg WD22RV2S6;https://www.liverpool.com.mx/tienda/pdp/lavasecadora-lg-el%C3%A9ctrica-22-kg-wd22rv2s6/1098270554;WM;5;https://www.liverpool.com.mx/
490;aHR0cHM6Ly93d3cubGl2ZXJwb29sLmNvbS5teC90aWVuZGEvcGRwL2xhdmFzZWNhZG9yYS1sZy1lbCVDMyVBOWN0cmljYS0yMi1rZy13ZDIycnYyczYvMTA5ODI3MDU1NDY2NDAzNw==;SEM;2021-10-08;2020-12-04;;664037;;;;LIVERPOOL;MX;2021-10-08 03:06;LG;Lavasecadora LG eléctrica 22 kg WD22RV2S6;https://www.liverpool.com.mx/tienda/pdp/lavasecadora-lg-el%C3%A9ctrica-22-kg-wd22rv2s6/1098270554;WM;5;https://www.liverpool.com.mx/
491;aHR0cHM6Ly93d3cubGl2ZXJwb29sLmNvbS5teC90aWVuZGEvcGRwL2xhdmFzZWNhZG9yYS1sZy1lbCVDMyVBOWN0cmljYS0yMi1rZy13ZDIycnYyczYvMTA5ODI3MDU1NDEwNDIxNjY=;SEM;2021-10-08;2021-06-07;;1042166;;;;LIVERPOOL;MX;2021-10-08 03:06;LG;Lavasecadora LG eléctrica 22 kg WD22RV2S6;https://www.liverpool.com.mx/tienda/pdp/lavasecadora-lg-el%C3%A9ctrica-22-kg-wd22rv2s6/1098270554;WM;5;https://www.liverpool.com.mx/
492;aHR0cHM6Ly93d3cubGl2ZXJwb29sLmNvbS5teC90aWVuZGEvcGRwL2xhdmFzZWNhZG9yYS1sZy1lbCVDMyVBOWN0cmljYS0yMi1rZy13ZDIycnYyczYvMTA5ODI3MDU1NDY2NjcxNg==;SEM;2021-10-08;2020-12-09;;666716;;;;LIVERPOOL;MX;2021-10-08 03:06;LG;Lavasecadora LG eléctrica 22 kg WD22RV2S6;https://www.liverpool.com.mx/tienda/pdp/lavasecadora-lg-el%C3%A9ctrica-22-kg-wd22rv2s6/1098270554;WM;5;https://www.liverpool.com.mx/
493;aHR0cHM6Ly93d3cubGl2ZXJwb29sLmNvbS5teC90aWVuZGEvcGRwL2xhdmFzZWNhZG9yYS1sZy1lbCVDMyVBOWN0cmljYS0yMi1rZy13ZDIycnYyczYvMTA5ODI3MDU1NDY2NTcwMg==;SEM;2021-10-08;2020-12-08;;665702;;;;LIVERPOOL;MX;2021-10-08 03:06;LG;Lavasecadora LG eléctrica 22 kg WD22RV2S6;https://www.liverpool.com.mx/tienda/pdp/lavasecadora-lg-el%C3%A9ctrica-22-kg-wd22rv2s6/1098270554;WM;5;https://www.liverpool.com.mx/
494;aHR0cHM6Ly93d3cubGl2ZXJwb29sLmNvbS5teC90aWVuZGEvcGRwL2xhdmFzZWNhZG9yYS1sZy1lbCVDMyVBOWN0cmljYS0yMi1rZy13ZDIycnYyczYvMTA5ODI3MDU1NDY2Mjc2Mg==;SEM;2021-10-08;2020-12-02;;662762;;;;LIVERPOOL;MX;2021-10-08 03:06;LG;Lavasecadora LG eléctrica 22 kg WD22RV2S6;https://www.liverpool.com.mx/tienda/pdp/lavasecadora-lg-el%C3%A9ctrica-22-kg-wd22rv2s6/1098270554;WM;5;https://www.liverpool.com.mx/
495;aHR0cHM6Ly93d3cubGl2ZXJwb29sLmNvbS5teC90aWVuZGEvcGRwL2xhdmFzZWNhZG9yYS1sZy1lbCVDMyVBOWN0cmljYS0yMi1rZy13ZDIycnYyczYvMTA5ODI3MDU1NDY2Mzg2Ng==;SEM;2021-10-08;2020-12-04;;663866;;;;LIVERPOOL;MX;2021-10-08 03:06;LG;Lavasecadora LG eléctrica 22 kg WD22RV2S6;https://www.liverpool.com.mx/tienda/pdp/lavasecadora-lg-el%C3%A9ctrica-22-kg-wd22rv2s6/1098270554;WM;5;https://www.liverpool.com.mx/
496;aHR0cHM6Ly93d3cubGl2ZXJwb29sLmNvbS5teC90aWVuZGEvcGRwL2xhdmFzZWNhZG9yYS1sZy1lbCVDMyVBOWN0cmljYS0yMi1rZy13ZDIycnYyczYvMTA5ODI3MDU1NDY1ODU4OQ==;SEM;2021-10-08;2020-11-27;;658589;;;;LIVERPOOL;MX;2021-10-08 03:06;LG;Lavasecadora LG eléctrica 22 kg WD22RV2S6;https://www.liverpool.com.mx/tienda/pdp/lavasecadora-lg-el%C3%A9ctrica-22-kg-wd22rv2s6/1098270554;WM;5;https://www.liverpool.com.mx/
497;aHR0cHM6Ly93d3cubGl2ZXJwb29sLmNvbS5teC90aWVuZGEvcGRwL2xhdmFzZWNhZG9yYS1sZy1lbCVDMyVBOWN0cmljYS0yMi1rZy13ZDIycnYyczYvMTA5ODI3MDU1NDk4NjUzMw==;SEM;2021-10-08;2021-05-19;;986533;;;;LIVERPOOL;MX;2021-10-08 03:06;LG;Lavasecadora LG eléctrica 22 kg WD22RV2S6;https://www.liverpool.com.mx/tienda/pdp/lavasecadora-lg-el%C3%A9ctrica-22-kg-wd22rv2s6/1098270554;WM;5;https://www.liverpool.com.mx/
498;aHR0cHM6Ly93d3cubGl2ZXJwb29sLmNvbS5teC90aWVuZGEvcGRwL2xhdmFzZWNhZG9yYS1sZy1lbCVDMyVBOWN0cmljYS0yMi1rZy13ZDIycnYyczYvMTA5ODI3MDU1NDExMTkzNTg=;SEM;2021-10-08;2021-07-03;;1119358;;;;LIVERPOOL;MX;2021-10-08 03:06;LG;Lavasecadora LG eléctrica 22 kg WD22RV2S6;https://www.liverpool.com.mx/tienda/pdp/lavasecadora-lg-el%C3%A9ctrica-22-kg-wd22rv2s6/1098270554;WM;4;https://www.liverpool.com.mx/
499;aHR0cHM6Ly93d3cubGl2ZXJwb29sLmNvbS5teC90aWVuZGEvcGRwL2xhdmFzZWNhZG9yYS1sZy1lbCVDMyVBOWN0cmljYS0yMi1rZy13ZDIycnYyczYvMTA5ODI3MDU1NDYzMDY3OA==;SEM;2021-10-08;2020-10-15;;630678;;;;LIVERPOOL;MX;2021-10-08 03:06;LG;Lavasecadora LG eléctrica 22 kg WD22RV2S6;https://www.liverpool.com.mx/tienda/pdp/lavasecadora-lg-el%C3%A9ctrica-22-kg-wd22rv2s6/1098270554;WM;4;https://www.liverpool.com.mx/
500;aHR0cHM6Ly93d3cubGl2ZXJwb29sLmNvbS5teC90aWVuZGEvcGRwL2xhdmFzZWNhZG9yYS1sZy1lbCVDMyVBOWN0cmljYS0yMi1rZy13ZDIycnYyczYvMTA5ODI3MDU1NDY2NTMxOA==;SEM;2021-10-08;2020-12-07;;665318;;;;LIVERPOOL;MX;2021-10-08 03:06;LG;Lavasecadora LG eléctrica 22 kg WD22RV2S6;https://www.liverpool.com.mx/tienda/pdp/lavasecadora-lg-el%C3%A9ctrica-22-kg-wd22rv2s6/1098270554;WM;5;https://www.liverpool.com.mx/
501;aHR0cHM6Ly93d3cubGl2ZXJwb29sLmNvbS5teC90aWVuZGEvcGRwL2xhdmFzZWNhZG9yYS1sZy1lbCVDMyVBOWN0cmljYS0yMi1rZy13ZDIycnYyczYvMTA5ODI3MDU1NDkxMzQwNg==;SEM;2021-10-08;2021-04-20;;913406;;;;LIVERPOOL;MX;2021-10-08 03:06;LG;Lavasecadora LG eléctrica 22 kg WD22RV2S6;https://www.liverpool.com.mx/tienda/pdp/lavasecadora-lg-el%C3%A9ctrica-22-kg-wd22rv2s6/1098270554;WM;5;https://www.liverpool.com.mx/
502;aHR0cHM6Ly93d3cubGl2ZXJwb29sLmNvbS5teC90aWVuZGEvcGRwL2xhdmFzZWNhZG9yYS1sZy1lbCVDMyVBOWN0cmljYS0yMi1rZy13ZDIycnYyczYvMTA5ODI3MDU1NDQ2OTczOQ==;SEM;2021-10-08;2020-08-03;;469739;;;;LIVERPOOL;MX;2021-10-08 03:06;LG;Lavasecadora LG eléctrica 22 kg WD22RV2S6;https://www.liverpool.com.mx/tienda/pdp/lavasecadora-lg-el%C3%A9ctrica-22-kg-wd22rv2s6/1098270554;WM;5;https://www.liverpool.com.mx/
503;aHR0cHM6Ly93d3cubGl2ZXJwb29sLmNvbS5teC90aWVuZGEvcGRwL0xhdmFkb3JhLUxHLTE4LWtnLWF1dG9tJUMzJUExdGljYS1jYXJnYS1zdXBlcmlvci1XVDE4TUJCLzExMDAwNzM2MDU5NzYzMDY=;SEM;2021-10-08;2021-05-15;;976306;;;;LIVERPOOL;MX;2021-10-08 03:26;LG;Lavadora LG 18 kg automática carga superior WT18MBB;https://www.liverpool.com.mx/tienda/pdp/Lavadora-LG-18-kg-autom%C3%A1tica-carga-superior-WT18MBB/1100073605;WM;5;https://www.liverpool.com.mx/
504;aHR0cHM6Ly93d3cubGl2ZXJwb29sLmNvbS5teC90aWVuZGEvcGRwL0xhdmFkb3JhLUxHLTE4LWtnLWF1dG9tJUMzJUExdGljYS1jYXJnYS1zdXBlcmlvci1XVDE4TUJCLzExMDAwNzM2MDUxMDUxNjY5;SEM;2021-10-08;2021-06-10;;1051669;;;;LIVERPOOL;MX;2021-10-08 03:26;LG;Lavadora LG 18 kg automática carga superior WT18MBB;https://www.liverpool.com.mx/tienda/pdp/Lavadora-LG-18-kg-autom%C3%A1tica-carga-superior-WT18MBB/1100073605;WM;5;https://www.liverpool.com.mx/
505;aHR0cHM6Ly93d3cubGl2ZXJwb29sLmNvbS5teC90aWVuZGEvcGRwL0xhdmFkb3JhLUxHLTE4LWtnLWF1dG9tJUMzJUExdGljYS1jYXJnYS1zdXBlcmlvci1XVDE4TUJCLzExMDAwNzM2MDUxMDQ4ODU2;SEM;2021-10-08;2021-06-09;;1048856;;;;LIVERPOOL;MX;2021-10-08 03:26;LG;Lavadora LG 18 kg automática carga superior WT18MBB;https://www.liverpool.com.mx/tienda/pdp/Lavadora-LG-18-kg-autom%C3%A1tica-carga-superior-WT18MBB/1100073605;WM;5;https://www.liverpool.com.mx/
506;aHR0cHM6Ly93d3cubGl2ZXJwb29sLmNvbS5teC90aWVuZGEvcGRwL0xhdmFkb3JhLUxHLTE4LWtnLWF1dG9tJUMzJUExdGljYS1jYXJnYS1zdXBlcmlvci1XVDE4TUJCLzExMDAwNzM2MDU5NDg1MzI=;SEM;2021-10-08;2021-05-07;;948532;;;;LIVERPOOL;MX;2021-10-08 03:26;LG;Lavadora LG 18 kg automática carga superior WT18MBB;https://www.liverpool.com.mx/tienda/pdp/Lavadora-LG-18-kg-autom%C3%A1tica-carga-superior-WT18MBB/1100073605;WM;5;https://www.liverpool.com.mx/
507;aHR0cHM6Ly93d3cubGl2ZXJwb29sLmNvbS5teC90aWVuZGEvcGRwL0xhdmFkb3JhLUxHLTE4LWtnLWF1dG9tJUMzJUExdGljYS1jYXJnYS1zdXBlcmlvci1XVDE4TUJCLzExMDAwNzM2MDUxMDg0NzY5;SEM;2021-10-08;2021-06-20;;1084769;;;;LIVERPOOL;MX;2021-10-08 03:26;LG;Lavadora LG 18 kg automática carga superior WT18MBB;https://www.liverpool.com.mx/tienda/pdp/Lavadora-LG-18-kg-autom%C3%A1tica-carga-superior-WT18MBB/1100073605;WM;5;https://www.liverpool.com.mx/
508;aHR0cHM6Ly93d3cubGl2ZXJwb29sLmNvbS5teC90aWVuZGEvcGRwL0xhdmFkb3JhLUxHLTE4LWtnLWF1dG9tJUMzJUExdGljYS1jYXJnYS1zdXBlcmlvci1XVDE4TUJCLzExMDAwNzM2MDU4OTUxMDE=;SEM;2021-10-08;2021-04-09;;895101;;;;LIVERPOOL;MX;2021-10-08 03:26;LG;Lavadora LG 18 kg automática carga superior WT18MBB;https://www.liverpool.com.mx/tienda/pdp/Lavadora-LG-18-kg-autom%C3%A1tica-carga-superior-WT18MBB/1100073605;WM;5;https://www.liverpool.com.mx/
509;aHR0cHM6Ly93d3cubGl2ZXJwb29sLmNvbS5teC90aWVuZGEvcGRwL0xhdmFkb3JhLUxHLTE4LWtnLWF1dG9tJUMzJUExdGljYS1jYXJnYS1zdXBlcmlvci1XVDE4TUJCLzExMDAwNzM2MDUxMDcwNDY1;SEM;2021-10-08;2021-06-16;;1070465;;;;LIVERPOOL;MX;2021-10-08 03:26;LG;Lavadora LG 18 kg automática carga superior WT18MBB;https://www.liverpool.com.mx/tienda/pdp/Lavadora-LG-18-kg-autom%C3%A1tica-carga-superior-WT18MBB/1100073605;WM;5;https://www.liverpool.com.mx/
510;aHR0cHM6Ly93d3cubGl2ZXJwb29sLmNvbS5teC90aWVuZGEvcGRwL0xhdmFkb3JhLUxHLTE4LWtnLWF1dG9tJUMzJUExdGljYS1jYXJnYS1zdXBlcmlvci1XVDE4TUJCLzExMDAwNzM2MDUxMDU2MTQy;SEM;2021-10-08;2021-06-12;;1056142;;;;LIVERPOOL;MX;2021-10-08 03:26;LG;Lavadora LG 18 kg automática carga superior WT18MBB;https://www.liverpool.com.mx/tienda/pdp/Lavadora-LG-18-kg-autom%C3%A1tica-carga-superior-WT18MBB/1100073605;WM;5;https://www.liverpool.com.mx/
511;aHR0cHM6Ly93d3cubGl2ZXJwb29sLmNvbS5teC90aWVuZGEvcGRwL0xhdmFkb3JhLUxHLTE4LWtnLWF1dG9tJUMzJUExdGljYS1jYXJnYS1zdXBlcmlvci1XVDE4TUJCLzExMDAwNzM2MDUxMTIzMjIx;SEM;2021-10-08;2021-07-04;;1123221;;;;LIVERPOOL;MX;2021-10-08 03:26;LG;Lavadora LG 18 kg automática carga superior WT18MBB;https://www.liverpool.com.mx/tienda/pdp/Lavadora-LG-18-kg-autom%C3%A1tica-carga-superior-WT18MBB/1100073605;WM;5;https://www.liverpool.com.mx/
512;aHR0cHM6Ly93d3cubGl2ZXJwb29sLmNvbS5teC90aWVuZGEvcGRwL0xhdmFkb3JhLUxHLTE4LWtnLWF1dG9tJUMzJUExdGljYS1jYXJnYS1zdXBlcmlvci1XVDE4TUJCLzExMDAwNzM2MDU5MTc2Nzg=;SEM;2021-10-08;2021-04-23;;917678;;;;LIVERPOOL;MX;2021-10-08 03:26;LG;Lavadora LG 18 kg automática carga superior WT18MBB;https://www.liverpool.com.mx/tienda/pdp/Lavadora-LG-18-kg-autom%C3%A1tica-carga-superior-WT18MBB/1100073605;WM;5;https://www.liverpool.com.mx/
513;aHR0cHM6Ly93d3cubGl2ZXJwb29sLmNvbS5teC90aWVuZGEvcGRwL0xhdmFkb3JhLUxHLTE4LWtnLWF1dG9tJUMzJUExdGljYS1jYXJnYS1zdXBlcmlvci1XVDE4TUJCLzExMDAwNzM2MDUxMDU5Nzkx;SEM;2021-10-08;2021-06-12;;1059791;;;;LIVERPOOL;MX;2021-10-08 03:26;LG;Lavadora LG 18 kg automática carga superior WT18MBB;https://www.liverpool.com.mx/tienda/pdp/Lavadora-LG-18-kg-autom%C3%A1tica-carga-superior-WT18MBB/1100073605;WM;5;https://www.liverpool.com.mx/
514;aHR0cHM6Ly93d3cubGl2ZXJwb29sLmNvbS5teC90aWVuZGEvcGRwL0xhdmFkb3JhLUxHLTE4LWtnLWF1dG9tJUMzJUExdGljYS1jYXJnYS1zdXBlcmlvci1XVDE4TUJCLzExMDAwNzM2MDUxMTM4MTUw;SEM;2021-10-08;2021-07-11;;1138150;;;;LIVERPOOL;MX;2021-10-08 03:26;LG;Lavadora LG 18 kg automática carga superior WT18MBB;https://www.liverpool.com.mx/tienda/pdp/Lavadora-LG-18-kg-autom%C3%A1tica-carga-superior-WT18MBB/1100073605;WM;5;https://www.liverpool.com.mx/
515;aHR0cHM6Ly93d3cubGl2ZXJwb29sLmNvbS5teC90aWVuZGEvcGRwL0xhdmFkb3JhLUxHLTE4LWtnLWF1dG9tJUMzJUExdGljYS1jYXJnYS1zdXBlcmlvci1XVDE4TUJCLzExMDAwNzM2MDUxMTQ5MTY4;SEM;2021-10-08;2021-07-17;;1149168;;;;LIVERPOOL;MX;2021-10-08 03:26;LG;Lavadora LG 18 kg automática carga superior WT18MBB;https://www.liverpool.com.mx/tienda/pdp/Lavadora-LG-18-kg-autom%C3%A1tica-carga-superior-WT18MBB/1100073605;WM;5;https://www.liverpool.com.mx/
516;aHR0cHM6Ly93d3cubGl2ZXJwb29sLmNvbS5teC90aWVuZGEvcGRwL0xhdmFkb3JhLUxHLTE4LWtnLWF1dG9tJUMzJUExdGljYS1jYXJnYS1zdXBlcmlvci1XVDE4TUJCLzExMDAwNzM2MDU4OTE2NDM=;SEM;2021-10-08;2021-04-07;;891643;;;;LIVERPOOL;MX;2021-10-08 03:26;LG;Lavadora LG 18 kg automática carga superior WT18MBB;https://www.liverpool.com.mx/tienda/pdp/Lavadora-LG-18-kg-autom%C3%A1tica-carga-superior-WT18MBB/1100073605;WM;5;https://www.liverpool.com.mx/
517;aHR0cHM6Ly93d3cubGl2ZXJwb29sLmNvbS5teC90aWVuZGEvcGRwL0xhdmFkb3JhLUxHLTE4LWtnLWF1dG9tJUMzJUExdGljYS1jYXJnYS1zdXBlcmlvci1XVDE4TUJCLzExMDAwNzM2MDUxMjM1MjE4;SEM;2021-10-08;2021-08-28;;1235218;;;;LIVERPOOL;MX;2021-10-08 03:26;LG;Lavadora LG 18 kg automática carga superior WT18MBB;https://www.liverpool.com.mx/tienda/pdp/Lavadora-LG-18-kg-autom%C3%A1tica-carga-superior-WT18MBB/1100073605;WM;4;https://www.liverpool.com.mx/
518;aHR0cHM6Ly93d3cubGl2ZXJwb29sLmNvbS5teC90aWVuZGEvcGRwL0xhdmFkb3JhLUxHLTE4LWtnLWF1dG9tJUMzJUExdGljYS1jYXJnYS1zdXBlcmlvci1XVDE4TUJCLzExMDAwNzM2MDU5NDk3ODE=;SEM;2021-10-08;2021-05-07;;949781;;;;LIVERPOOL;MX;2021-10-08 03:26;LG;Lavadora LG 18 kg automática carga superior WT18MBB;https://www.liverpool.com.mx/tienda/pdp/Lavadora-LG-18-kg-autom%C3%A1tica-carga-superior-WT18MBB/1100073605;WM;4;https://www.liverpool.com.mx/
519;aHR0cHM6Ly93d3cubGl2ZXJwb29sLmNvbS5teC90aWVuZGEvcGRwL0xhdmFkb3JhLUxHLTE4LWtnLWF1dG9tJUMzJUExdGljYS1jYXJnYS1zdXBlcmlvci1XVDE4TUJCLzExMDAwNzM2MDUxMjUxNzA0;SEM;2021-10-08;2021-09-06;;1251704;;;;LIVERPOOL;MX;2021-10-08 03:26;LG;Lavadora LG 18 kg automática carga superior WT18MBB;https://www.liverpool.com.mx/tienda/pdp/Lavadora-LG-18-kg-autom%C3%A1tica-carga-superior-WT18MBB/1100073605;WM;4;https://www.liverpool.com.mx/
520;aHR0cHM6Ly93d3cubGl2ZXJwb29sLmNvbS5teC90aWVuZGEvcGRwL0xhdmFkb3JhLUxHLTE4LWtnLWF1dG9tJUMzJUExdGljYS1jYXJnYS1zdXBlcmlvci1XVDE4TUJCLzExMDAwNzM2MDUxMTQ0MDI3;SEM;2021-10-08;2021-07-15;;1144027;;;;LIVERPOOL;MX;2021-10-08 03:26;LG;Lavadora LG 18 kg automática carga superior WT18MBB;https://www.liverpool.com.mx/tienda/pdp/Lavadora-LG-18-kg-autom%C3%A1tica-carga-superior-WT18MBB/1100073605;WM;4;https://www.liverpool.com.mx/
521;aHR0cHM6Ly93d3cubGl2ZXJwb29sLmNvbS5teC90aWVuZGEvcGRwL0xhdmFkb3JhLUxHLTE4LWtnLWF1dG9tJUMzJUExdGljYS1jYXJnYS1zdXBlcmlvci1XVDE4TUJCLzExMDAwNzM2MDU4OTgwNzg=;SEM;2021-10-08;2021-04-11;;898078;;;;LIVERPOOL;MX;2021-10-08 03:26;LG;Lavadora LG 18 kg automática carga superior WT18MBB;https://www.liverpool.com.mx/tienda/pdp/Lavadora-LG-18-kg-autom%C3%A1tica-carga-superior-WT18MBB/1100073605;WM;5;https://www.liverpool.com.mx/
522;aHR0cHM6Ly93d3cubGl2ZXJwb29sLmNvbS5teC90aWVuZGEvcGRwL0xhdmFkb3JhLUxHLTE4LWtnLWF1dG9tJUMzJUExdGljYS1jYXJnYS1zdXBlcmlvci1XVDE4TUJCLzExMDAwNzM2MDUxMDgxNjQ2;SEM;2021-10-08;2021-06-19;;1081646;;;;LIVERPOOL;MX;2021-10-08 03:26;LG;Lavadora LG 18 kg automática carga superior WT18MBB;https://www.liverpool.com.mx/tienda/pdp/Lavadora-LG-18-kg-autom%C3%A1tica-carga-superior-WT18MBB/1100073605;WM;5;https://www.liverpool.com.mx/
523;aHR0cHM6Ly93d3cubGl2ZXJwb29sLmNvbS5teC90aWVuZGEvcGRwL0xhdmFkb3JhLUxHLTE4LWtnLWF1dG9tJUMzJUExdGljYS1jYXJnYS1zdXBlcmlvci1XVDE4TUJCLzExMDAwNzM2MDU4Mjc3NDU=;SEM;2021-10-08;2021-03-05;;827745;;;;LIVERPOOL;MX;2021-10-08 03:26;LG;Lavadora LG 18 kg automática carga superior WT18MBB;https://www.liverpool.com.mx/tienda/pdp/Lavadora-LG-18-kg-autom%C3%A1tica-carga-superior-WT18MBB/1100073605;WM;5;https://www.liverpool.com.mx/
524;aHR0cHM6Ly93d3cubGl2ZXJwb29sLmNvbS5teC90aWVuZGEvcGRwL0xhdmFkb3JhLUxHLTIyLWtnLXBsYXRlYWRhLVdUMjJWU1M2SC8xMDgyOTI0NTcxODkzOTE4;SEM;2021-10-08;2021-04-09;;893918;;;;LIVERPOOL;MX;2021-10-08 03:31;LG;Lavadora LG 22 kg plateada WT22VSS6H;https://www.liverpool.com.mx/tienda/pdp/Lavadora-LG-22-kg-plateada-WT22VSS6H/1082924571;WM;5;https://www.liverpool.com.mx/
525;aHR0cHM6Ly93d3cubGl2ZXJwb29sLmNvbS5teC90aWVuZGEvcGRwL0xhdmFkb3JhLUxHLTIyLWtnLXBsYXRlYWRhLVdUMjJWU1M2SC8xMDgyOTI0NTcxNjE2NzE1;SEM;2021-10-08;2020-09-28;;616715;;;;LIVERPOOL;MX;2021-10-08 03:31;LG;Lavadora LG 22 kg plateada WT22VSS6H;https://www.liverpool.com.mx/tienda/pdp/Lavadora-LG-22-kg-plateada-WT22VSS6H/1082924571;WM;5;https://www.liverpool.com.mx/
526;aHR0cHM6Ly93d3cubGl2ZXJwb29sLmNvbS5teC90aWVuZGEvcGRwL0xhdmFkb3JhLUxHLTIyLWtnLXBsYXRlYWRhLVdUMjJWU1M2SC8xMDgyOTI0NTcxMTI4MjA5Ng==;SEM;2021-10-08;2021-09-24;;1282096;;;;LIVERPOOL;MX;2021-10-08 03:31;LG;Lavadora LG 22 kg plateada WT22VSS6H;https://www.liverpool.com.mx/tienda/pdp/Lavadora-LG-22-kg-plateada-WT22VSS6H/1082924571;WM;5;https://www.liverpool.com.mx/
527;aHR0cHM6Ly93d3cubGl2ZXJwb29sLmNvbS5teC90aWVuZGEvcGRwL0xhdmFkb3JhLUxHLTIyLWtnLXBsYXRlYWRhLVdUMjJWU1M2SC8xMDgyOTI0NTcxMTMwODI3Ng==;SEM;2021-10-08;2021-10-07;;1308276;;;;LIVERPOOL;MX;2021-10-08 03:31;LG;Lavadora LG 22 kg plateada WT22VSS6H;https://www.liverpool.com.mx/tienda/pdp/Lavadora-LG-22-kg-plateada-WT22VSS6H/1082924571;WM;5;https://www.liverpool.com.mx/
528;aHR0cHM6Ly93d3cubGl2ZXJwb29sLmNvbS5teC90aWVuZGEvcGRwL0xhdmFkb3JhLUxHLTIyLWtnLXBsYXRlYWRhLVdUMjJWU1M2SC8xMDgyOTI0NTcxMTExMTI3NQ==;SEM;2021-10-08;2021-06-29;;1111275;;;;LIVERPOOL;MX;2021-10-08 03:31;LG;Lavadora LG 22 kg plateada WT22VSS6H;https://www.liverpool.com.mx/tienda/pdp/Lavadora-LG-22-kg-plateada-WT22VSS6H/1082924571;WM;5;https://www.liverpool.com.mx/
529;aHR0cHM6Ly93d3cubGl2ZXJwb29sLmNvbS5teC90aWVuZGEvcGRwL0xhdmFkb3JhLUxHLTIyLWtnLXBsYXRlYWRhLVdUMjJWU1M2SC8xMDgyOTI0NTcxNzcwODY1;SEM;2021-10-08;2021-02-10;;770865;;;;LIVERPOOL;MX;2021-10-08 03:31;LG;Lavadora LG 22 kg plateada WT22VSS6H;https://www.liverpool.com.mx/tienda/pdp/Lavadora-LG-22-kg-plateada-WT22VSS6H/1082924571;WM;5;https://www.liverpool.com.mx/
530;aHR0cHM6Ly93d3cubGl2ZXJwb29sLmNvbS5teC90aWVuZGEvcGRwL0xhdmFkb3JhLUxHLTIyLWtnLXBsYXRlYWRhLVdUMjJWU1M2SC8xMDgyOTI0NTcxNTc3OTI0;SEM;2021-10-08;2020-09-02;;577924;;;;LIVERPOOL;MX;2021-10-08 03:31;LG;Lavadora LG 22 kg plateada WT22VSS6H;https://www.liverpool.com.mx/tienda/pdp/Lavadora-LG-22-kg-plateada-WT22VSS6H/1082924571;WM;5;https://www.liverpool.com.mx/
531;aHR0cHM6Ly93d3cubGl2ZXJwb29sLmNvbS5teC90aWVuZGEvcGRwL0xhdmFkb3JhLUxHLTIyLWtnLXBsYXRlYWRhLVdUMjJWU1M2SC8xMDgyOTI0NTcxNTczNDE4;SEM;2021-10-08;2020-09-01;;573418;;;;LIVERPOOL;MX;2021-10-08 03:31;LG;Lavadora LG 22 kg plateada WT22VSS6H;https://www.liverpool.com.mx/tienda/pdp/Lavadora-LG-22-kg-plateada-WT22VSS6H/1082924571;WM;5;https://www.liverpool.com.mx/
532;aHR0cHM6Ly93d3cubGl2ZXJwb29sLmNvbS5teC90aWVuZGEvcGRwL0xhdmFkb3JhLUxHLTIyLWtnLXBsYXRlYWRhLVdUMjJWU1M2SC8xMDgyOTI0NTcxMzcyNTM5;SEM;2021-10-08;2020-07-09;;372539;;;;LIVERPOOL;MX;2021-10-08 03:31;LG;Lavadora LG 22 kg plateada WT22VSS6H;https://www.liverpool.com.mx/tienda/pdp/Lavadora-LG-22-kg-plateada-WT22VSS6H/1082924571;WM;5;https://www.liverpool.com.mx/
533;aHR0cHM6Ly93d3cubGl2ZXJwb29sLmNvbS5teC90aWVuZGEvcGRwL0xhdmFkb3JhLUxHLTIyLWtnLXBsYXRlYWRhLVdUMjJWU1M2SC8xMDgyOTI0NTcxNTc5NDU5;SEM;2021-10-08;2020-09-03;;579459;;;;LIVERPOOL;MX;2021-10-08 03:31;LG;Lavadora LG 22 kg plateada WT22VSS6H;https://www.liverpool.com.mx/tienda/pdp/Lavadora-LG-22-kg-plateada-WT22VSS6H/1082924571;WM;1;https://www.liverpool.com.mx/
534;aHR0cHM6Ly93d3cubGl2ZXJwb29sLmNvbS5teC90aWVuZGEvcGRwL0xhdmFkb3JhLUxHLTIyLWtnLWJsYW5jYS1XVDIyV1M2SC8xMDg1Nzg2NTYwNjM1ODg3;SEM;2021-10-08;2020-10-25;;635887;;;;LIVERPOOL;MX;2021-10-08 03:31;LG;Lavadora LG 22 kg blanca WT22WS6H;https://www.liverpool.com.mx/tienda/pdp/Lavadora-LG-22-kg-blanca-WT22WS6H/1085786560;WM;5;https://www.liverpool.com.mx/
535;aHR0cHM6Ly93d3cubGl2ZXJwb29sLmNvbS5teC90aWVuZGEvcGRwL0xhdmFkb3JhLUxHLTIyLWtnLWJsYW5jYS1XVDIyV1M2SC8xMDg1Nzg2NTYwNTQ1OTAy;SEM;2021-10-08;2020-08-23;;545902;;;;LIVERPOOL;MX;2021-10-08 03:31;LG;Lavadora LG 22 kg blanca WT22WS6H;https://www.liverpool.com.mx/tienda/pdp/Lavadora-LG-22-kg-blanca-WT22WS6H/1085786560;WM;5;https://www.liverpool.com.mx/
536;aHR0cHM6Ly93d3cubGl2ZXJwb29sLmNvbS5teC90aWVuZGEvcGRwL0xhdmFkb3JhLUxHLTIyLWtnLWJsYW5jYS1XVDIyV1M2SC8xMDg1Nzg2NTYwMTkwNDU3;SEM;2021-10-08;2020-02-23;;190457;;;;LIVERPOOL;MX;2021-10-08 03:31;LG;Lavadora LG 22 kg blanca WT22WS6H;https://www.liverpool.com.mx/tienda/pdp/Lavadora-LG-22-kg-blanca-WT22WS6H/1085786560;WM;5;https://www.liverpool.com.mx/
537;aHR0cHM6Ly93d3cubGl2ZXJwb29sLmNvbS5teC90aWVuZGEvcGRwL0xhdmFkb3JhLUxHLTIyLWtnLWJsYW5jYS1XVDIyV1M2SC8xMDg1Nzg2NTYwNjk0OTYy;SEM;2021-10-08;2020-12-28;;694962;;;;LIVERPOOL;MX;2021-10-08 03:31;LG;Lavadora LG 22 kg blanca WT22WS6H;https://www.liverpool.com.mx/tienda/pdp/Lavadora-LG-22-kg-blanca-WT22WS6H/1085786560;WM;5;https://www.liverpool.com.mx/
538;aHR0cHM6Ly93d3cubGl2ZXJwb29sLmNvbS5teC90aWVuZGEvcGRwL0xhdmFkb3JhLUxHLTIyLWtnLWJsYW5jYS1XVDIyV1M2SC8xMDg1Nzg2NTYwMzUzOTU5;SEM;2021-10-08;2020-06-30;;353959;;;;LIVERPOOL;MX;2021-10-08 03:31;LG;Lavadora LG 22 kg blanca WT22WS6H;https://www.liverpool.com.mx/tienda/pdp/Lavadora-LG-22-kg-blanca-WT22WS6H/1085786560;WM;5;https://www.liverpool.com.mx/
539;aHR0cHM6Ly93d3cubGl2ZXJwb29sLmNvbS5teC90aWVuZGEvcGRwL0xhdmFkb3JhLUxHLTIyLWtnLWJsYW5jYS1XVDIyV1M2SC8xMDg1Nzg2NTYwMTAzMzAwMw==;SEM;2021-10-08;2021-06-04;;1033003;;;;LIVERPOOL;MX;2021-10-08 03:31;LG;Lavadora LG 22 kg blanca WT22WS6H;https://www.liverpool.com.mx/tienda/pdp/Lavadora-LG-22-kg-blanca-WT22WS6H/1085786560;WM;5;https://www.liverpool.com.mx/
540;aHR0cHM6Ly93d3cubGl2ZXJwb29sLmNvbS5teC90aWVuZGEvcGRwL0xhdmFkb3JhLUxHLTIyLWtnLWJsYW5jYS1XVDIyV1M2SC8xMDg1Nzg2NTYwMTIzNTQ2Ng==;SEM;2021-10-08;2021-08-29;;1235466;;;;LIVERPOOL;MX;2021-10-08 03:31;LG;Lavadora LG 22 kg blanca WT22WS6H;https://www.liverpool.com.mx/tienda/pdp/Lavadora-LG-22-kg-blanca-WT22WS6H/1085786560;WM;5;https://www.liverpool.com.mx/
541;aHR0cHM6Ly93d3cubGl2ZXJwb29sLmNvbS5teC90aWVuZGEvcGRwL0xhdmFkb3JhLUxHLTIyLWtnLWJsYW5jYS1XVDIyV1M2SC8xMDg1Nzg2NTYwODczNzU5;SEM;2021-10-08;2021-03-28;;873759;;;;LIVERPOOL;MX;2021-10-08 03:31;LG;Lavadora LG 22 kg blanca WT22WS6H;https://www.liverpool.com.mx/tienda/pdp/Lavadora-LG-22-kg-blanca-WT22WS6H/1085786560;WM;5;https://www.liverpool.com.mx/
542;aHR0cHM6Ly93d3cubGl2ZXJwb29sLmNvbS5teC90aWVuZGEvcGRwL0xhdmFkb3JhLUxHLTIyLWtnLWJsYW5jYS1XVDIyV1M2SC8xMDg1Nzg2NTYwMTEyNDQxNg==;SEM;2021-10-08;2021-07-05;;1124416;;;;LIVERPOOL;MX;2021-10-08 03:31;LG;Lavadora LG 22 kg blanca WT22WS6H;https://www.liverpool.com.mx/tienda/pdp/Lavadora-LG-22-kg-blanca-WT22WS6H/1085786560;WM;5;https://www.liverpool.com.mx/
543;aHR0cHM6Ly93d3cubGl2ZXJwb29sLmNvbS5teC90aWVuZGEvcGRwL0xhdmFkb3JhLUxHLTIyLWtnLWJsYW5jYS1XVDIyV1M2SC8xMDg1Nzg2NTYwODQxOTQ1;SEM;2021-10-08;2021-03-12;;841945;;;;LIVERPOOL;MX;2021-10-08 03:31;LG;Lavadora LG 22 kg blanca WT22WS6H;https://www.liverpool.com.mx/tienda/pdp/Lavadora-LG-22-kg-blanca-WT22WS6H/1085786560;WM;5;https://www.liverpool.com.mx/
544;aHR0cHM6Ly93d3cubGl2ZXJwb29sLmNvbS5teC90aWVuZGEvcGRwL0xhdmFkb3JhLUxHLTIyLWtnLWJsYW5jYS1XVDIyV1M2SC8xMDg1Nzg2NTYwNjk4ODUw;SEM;2021-10-08;2020-12-29;;698850;;;;LIVERPOOL;MX;2021-10-08 03:31;LG;Lavadora LG 22 kg blanca WT22WS6H;https://www.liverpool.com.mx/tienda/pdp/Lavadora-LG-22-kg-blanca-WT22WS6H/1085786560;WM;5;https://www.liverpool.com.mx/
545;aHR0cHM6Ly93d3cubGl2ZXJwb29sLmNvbS5teC90aWVuZGEvcGRwL0xhdmFkb3JhLUxHLTIyLWtnLWJsYW5jYS1XVDIyV1M2SC8xMDg1Nzg2NTYwOTkxNDcz;SEM;2021-10-08;2021-05-21;;991473;;;;LIVERPOOL;MX;2021-10-08 03:31;LG;Lavadora LG 22 kg blanca WT22WS6H;https://www.liverpool.com.mx/tienda/pdp/Lavadora-LG-22-kg-blanca-WT22WS6H/1085786560;WM;5;https://www.liverpool.com.mx/
546;aHR0cHM6Ly93d3cubGl2ZXJwb29sLmNvbS5teC90aWVuZGEvcGRwL0xhdmFkb3JhLUxHLTIyLWtnLWJsYW5jYS1XVDIyV1M2SC8xMDg1Nzg2NTYwMTE5OTk1Ng==;SEM;2021-10-08;2021-08-10;;1199956;;;;LIVERPOOL;MX;2021-10-08 03:31;LG;Lavadora LG 22 kg blanca WT22WS6H;https://www.liverpool.com.mx/tienda/pdp/Lavadora-LG-22-kg-blanca-WT22WS6H/1085786560;WM;4;https://www.liverpool.com.mx/
547;aHR0cHM6Ly93d3cubGl2ZXJwb29sLmNvbS5teC90aWVuZGEvcGRwL0xhdmFkb3JhLUxHLTIyLWtnLWJsYW5jYS1XVDIyV1M2SC8xMDg1Nzg2NTYwNzY3ODY1;SEM;2021-10-08;2021-02-08;;767865;;;;LIVERPOOL;MX;2021-10-08 03:31;LG;Lavadora LG 22 kg blanca WT22WS6H;https://www.liverpool.com.mx/tienda/pdp/Lavadora-LG-22-kg-blanca-WT22WS6H/1085786560;WM;4;https://www.liverpool.com.mx/
548;aHR0cHM6Ly93d3cubGl2ZXJwb29sLmNvbS5teC90aWVuZGEvcGRwL0xhdmFkb3JhLUxHLTIyLWtnLWJsYW5jYS1XVDIyV1M2SC8xMDg1Nzg2NTYwMTA1MzQwNA==;SEM;2021-10-08;2021-06-10;;1053404;;;;LIVERPOOL;MX;2021-10-08 03:31;LG;Lavadora LG 22 kg blanca WT22WS6H;https://www.liverpool.com.mx/tienda/pdp/Lavadora-LG-22-kg-blanca-WT22WS6H/1085786560;WM;3;https://www.liverpool.com.mx/
549;aHR0cHM6Ly93d3cubGl2ZXJwb29sLmNvbS5teC90aWVuZGEvcGRwL0xhdmFkb3JhLUxHLTIyLWtnLWJsYW5jYS1XVDIyV1M2SC8xMDg1Nzg2NTYwMzI5MjAy;SEM;2021-10-08;2020-06-24;;329202;;;;LIVERPOOL;MX;2021-10-08 03:31;LG;Lavadora LG 22 kg blanca WT22WS6H;https://www.liverpool.com.mx/tienda/pdp/Lavadora-LG-22-kg-blanca-WT22WS6H/1085786560;WM;5;https://www.liverpool.com.mx/
550;aHR0cHM6Ly93d3cubGl2ZXJwb29sLmNvbS5teC90aWVuZGEvcGRwL0xhdmFkb3JhLUxHLTIyLWtnLWJsYW5jYS1XVDIyV1M2SC8xMDg1Nzg2NTYwMjAxODQ0;SEM;2021-10-08;2020-03-21;;201844;;;;LIVERPOOL;MX;2021-10-08 03:31;LG;Lavadora LG 22 kg blanca WT22WS6H;https://www.liverpool.com.mx/tienda/pdp/Lavadora-LG-22-kg-blanca-WT22WS6H/1085786560;WM;5;https://www.liverpool.com.mx/
551;aHR0cHM6Ly93d3cubGl2ZXJwb29sLmNvbS5teC90aWVuZGEvcGRwL0xhdmFkb3JhLUxHLTIzLjUta2ctYmxhbmNhLVdNMjBXVjZXRDEwMEMyLzEwNjc0OTYzMjU0ODkw;SEM;2021-10-08;2018-10-29;;4890;;;;LIVERPOOL;MX;2021-10-08 03:33;LG;Lavadora LG 23.5 kg blanca WM20WV6WD100C2;https://www.liverpool.com.mx/tienda/pdp/Lavadora-LG-23.5-kg-blanca-WM20WV6WD100C2/1067496325;WM;5;https://www.liverpool.com.mx/
552;aHR0cHM6Ly93d3cubGl2ZXJwb29sLmNvbS5teC90aWVuZGEvcGRwL0xhdmFkb3JhLUxHLTIzLjUta2ctYmxhbmNhLVdNMjBXVjZXRDEwMEMyLzEwNjc0OTYzMjUxMjMzNw==;SEM;2021-10-08;2018-11-30;;12337;;;;LIVERPOOL;MX;2021-10-08 03:33;LG;Lavadora LG 23.5 kg blanca WM20WV6WD100C2;https://www.liverpool.com.mx/tienda/pdp/Lavadora-LG-23.5-kg-blanca-WM20WV6WD100C2/1067496325;WM;5;https://www.liverpool.com.mx/
553;aHR0cHM6Ly93d3cubGl2ZXJwb29sLmNvbS5teC90aWVuZGEvcGRwL0xhdmFkb3JhLUxHLTIzLjUta2ctYmxhbmNhLVdNMjBXVjZXRDEwMEMyLzEwNjc0OTYzMjUyMDUyMDE=;SEM;2021-10-08;2020-03-28;;205201;;;;LIVERPOOL;MX;2021-10-08 03:33;LG;Lavadora LG 23.5 kg blanca WM20WV6WD100C2;https://www.liverpool.com.mx/tienda/pdp/Lavadora-LG-23.5-kg-blanca-WM20WV6WD100C2/1067496325;WM;5;https://www.liverpool.com.mx/
554;aHR0cHM6Ly93d3cubGl2ZXJwb29sLmNvbS5teC90aWVuZGEvcGRwL0xhdmFkb3JhLUxHLTIzLjUta2ctYmxhbmNhLVdNMjBXVjZXRDEwMEMyLzEwNjc0OTYzMjUxNDU3NzM=;SEM;2021-10-08;2019-12-05;;145773;;;;LIVERPOOL;MX;2021-10-08 03:33;LG;Lavadora LG 23.5 kg blanca WM20WV6WD100C2;https://www.liverpool.com.mx/tienda/pdp/Lavadora-LG-23.5-kg-blanca-WM20WV6WD100C2/1067496325;WM;5;https://www.liverpool.com.mx/
555;aHR0cHM6Ly93d3cubGl2ZXJwb29sLmNvbS5teC90aWVuZGEvcGRwL0xhdmFkb3JhLUxHLTIzLjUta2ctYmxhbmNhLVdNMjBXVjZXRDEwMEMyLzEwNjc0OTYzMjUzMTU0NDM=;SEM;2021-10-08;2020-06-21;;315443;;;;LIVERPOOL;MX;2021-10-08 03:33;LG;Lavadora LG 23.5 kg blanca WM20WV6WD100C2;https://www.liverpool.com.mx/tienda/pdp/Lavadora-LG-23.5-kg-blanca-WM20WV6WD100C2/1067496325;WM;5;https://www.liverpool.com.mx/
556;aHR0cHM6Ly93d3cubGl2ZXJwb29sLmNvbS5teC90aWVuZGEvcGRwL0xhdmFkb3JhLUxHLTIzLjUta2ctYmxhbmNhLVdNMjBXVjZXRDEwMEMyLzEwNjc0OTYzMjU1ODY0MDY=;SEM;2021-10-08;2020-09-06;;586406;;;;LIVERPOOL;MX;2021-10-08 03:33;LG;Lavadora LG 23.5 kg blanca WM20WV6WD100C2;https://www.liverpool.com.mx/tienda/pdp/Lavadora-LG-23.5-kg-blanca-WM20WV6WD100C2/1067496325;WM;5;https://www.liverpool.com.mx/
557;aHR0cHM6Ly93d3cubGl2ZXJwb29sLmNvbS5teC90aWVuZGEvcGRwL0xhdmFkb3JhLUxHLTIzLjUta2ctYmxhbmNhLVdNMjBXVjZXRDEwMEMyLzEwNjc0OTYzMjUxMzM4MzM=;SEM;2021-10-08;2019-11-15;;133833;;;;LIVERPOOL;MX;2021-10-08 03:33;LG;Lavadora LG 23.5 kg blanca WM20WV6WD100C2;https://www.liverpool.com.mx/tienda/pdp/Lavadora-LG-23.5-kg-blanca-WM20WV6WD100C2/1067496325;WM;5;https://www.liverpool.com.mx/
558;aHR0cHM6Ly93d3cubGl2ZXJwb29sLmNvbS5teC90aWVuZGEvcGRwL0xhdmFkb3JhLUxHLTIzLjUta2ctYmxhbmNhLVdNMjBXVjZXRDEwMEMyLzEwNjc0OTYzMjUxOTM3Nzg=;SEM;2021-10-08;2020-03-02;;193778;;;;LIVERPOOL;MX;2021-10-08 03:33;LG;Lavadora LG 23.5 kg blanca WM20WV6WD100C2;https://www.liverpool.com.mx/tienda/pdp/Lavadora-LG-23.5-kg-blanca-WM20WV6WD100C2/1067496325;WM;5;https://www.liverpool.com.mx/
559;aHR0cHM6Ly93d3cubGl2ZXJwb29sLmNvbS5teC90aWVuZGEvcGRwL0xhdmFkb3JhLUxHLTIzLjUta2ctYmxhbmNhLVdNMjBXVjZXRDEwMEMyLzEwNjc0OTYzMjU2NTUwNDU=;SEM;2021-10-08;2020-11-22;;655045;;;;LIVERPOOL;MX;2021-10-08 03:33;LG;Lavadora LG 23.5 kg blanca WM20WV6WD100C2;https://www.liverpool.com.mx/tienda/pdp/Lavadora-LG-23.5-kg-blanca-WM20WV6WD100C2/1067496325;WM;5;https://www.liverpool.com.mx/
560;aHR0cHM6Ly93d3cubGl2ZXJwb29sLmNvbS5teC90aWVuZGEvcGRwL0xhdmFkb3JhLUxHLTIzLjUta2ctYmxhbmNhLVdNMjBXVjZXRDEwMEMyLzEwNjc0OTYzMjU5NjcxMjI=;SEM;2021-10-08;2021-05-13;;967122;;;;LIVERPOOL;MX;2021-10-08 03:33;LG;Lavadora LG 23.5 kg blanca WM20WV6WD100C2;https://www.liverpool.com.mx/tienda/pdp/Lavadora-LG-23.5-kg-blanca-WM20WV6WD100C2/1067496325;WM;5;https://www.liverpool.com.mx/
561;aHR0cHM6Ly93d3cubGl2ZXJwb29sLmNvbS5teC90aWVuZGEvcGRwL0xhdmFkb3JhLUxHLTIzLjUta2ctYmxhbmNhLVdNMjBXVjZXRDEwMEMyLzEwNjc0OTYzMjUxMDMwNjkw;SEM;2021-10-08;2021-06-04;;1030690;;;;LIVERPOOL;MX;2021-10-08 03:33;LG;Lavadora LG 23.5 kg blanca WM20WV6WD100C2;https://www.liverpool.com.mx/tienda/pdp/Lavadora-LG-23.5-kg-blanca-WM20WV6WD100C2/1067496325;WM;5;https://www.liverpool.com.mx/
562;aHR0cHM6Ly93d3cubGl2ZXJwb29sLmNvbS5teC90aWVuZGEvcGRwL0xhdmFkb3JhLUxHLTIzLjUta2ctYmxhbmNhLVdNMjBXVjZXRDEwMEMyLzEwNjc0OTYzMjU3MTA5NDk=;SEM;2021-10-08;2021-01-03;;710949;;;;LIVERPOOL;MX;2021-10-08 03:33;LG;Lavadora LG 23.5 kg blanca WM20WV6WD100C2;https://www.liverpool.com.mx/tienda/pdp/Lavadora-LG-23.5-kg-blanca-WM20WV6WD100C2/1067496325;WM;5;https://www.liverpool.com.mx/
563;aHR0cHM6Ly93d3cubGl2ZXJwb29sLmNvbS5teC90aWVuZGEvcGRwL0xhdmFkb3JhLUxHLTIzLjUta2ctYmxhbmNhLVdNMjBXVjZXRDEwMEMyLzEwNjc0OTYzMjU3NDA1NDg=;SEM;2021-10-08;2021-01-22;;740548;;;;LIVERPOOL;MX;2021-10-08 03:33;LG;Lavadora LG 23.5 kg blanca WM20WV6WD100C2;https://www.liverpool.com.mx/tienda/pdp/Lavadora-LG-23.5-kg-blanca-WM20WV6WD100C2/1067496325;WM;5;https://www.liverpool.com.mx/
564;aHR0cHM6Ly93d3cubGl2ZXJwb29sLmNvbS5teC90aWVuZGEvcGRwL0xhdmFkb3JhLUxHLTIzLjUta2ctYmxhbmNhLVdNMjBXVjZXRDEwMEMyLzEwNjc0OTYzMjUxMjU2NzQz;SEM;2021-10-08;2021-09-10;;1256743;;;;LIVERPOOL;MX;2021-10-08 03:33;LG;Lavadora LG 23.5 kg blanca WM20WV6WD100C2;https://www.liverpool.com.mx/tienda/pdp/Lavadora-LG-23.5-kg-blanca-WM20WV6WD100C2/1067496325;WM;4;https://www.liverpool.com.mx/
565;aHR0cHM6Ly93d3cubGl2ZXJwb29sLmNvbS5teC90aWVuZGEvcGRwL0xhdmFkb3JhLUxHLTIzLjUta2ctYmxhbmNhLVdNMjBXVjZXRDEwMEMyLzEwNjc0OTYzMjU5MTE1NTU=;SEM;2021-10-08;2021-04-19;;911555;;;;LIVERPOOL;MX;2021-10-08 03:33;LG;Lavadora LG 23.5 kg blanca WM20WV6WD100C2;https://www.liverpool.com.mx/tienda/pdp/Lavadora-LG-23.5-kg-blanca-WM20WV6WD100C2/1067496325;WM;5;https://www.liverpool.com.mx/
566;aHR0cHM6Ly93d3cubGl2ZXJwb29sLmNvbS5teC90aWVuZGEvcGRwL0xhdmFkb3JhLUxHLTIzLjUta2ctYmxhbmNhLVdNMjBXVjZXRDEwMEMyLzEwNjc0OTYzMjUxOTg1MTI=;SEM;2021-10-08;2020-03-13;;198512;;;;LIVERPOOL;MX;2021-10-08 03:33;LG;Lavadora LG 23.5 kg blanca WM20WV6WD100C2;https://www.liverpool.com.mx/tienda/pdp/Lavadora-LG-23.5-kg-blanca-WM20WV6WD100C2/1067496325;WM;5;https://www.liverpool.com.mx/
567;aHR0cHM6Ly93d3cubGl2ZXJwb29sLmNvbS5teC90aWVuZGEvcGRwL0Z1bmRhLTU1LXBhcmEtQ2VudHJvLWRlLUxhdmFkby1NYWJlLTE3LWtnLzEwMTAzNDMwNDIxMjMwNDg=;SEM;2021-10-08;2019-10-24;;123048;;;;LIVERPOOL;MX;2021-10-08 02:31;MABE;Funda 55 para Centro de Lavado Mabe 17 kg;https://www.liverpool.com.mx/tienda/pdp/Funda-55-para-Centro-de-Lavado-Mabe-17-kg/1010343042;WM;5;https://www.liverpool.com.mx/
568;aHR0cHM6Ly93d3cubGl2ZXJwb29sLmNvbS5teC90aWVuZGEvcGRwL0Z1bmRhLTU1LXBhcmEtQ2VudHJvLWRlLUxhdmFkby1NYWJlLTE3LWtnLzEwMTAzNDMwNDI2MTk0OTU=;SEM;2021-10-08;2020-10-01;;619495;;;;LIVERPOOL;MX;2021-10-08 02:31;MABE;Funda 55 para Centro de Lavado Mabe 17 kg;https://www.liverpool.com.mx/tienda/pdp/Funda-55-para-Centro-de-Lavado-Mabe-17-kg/1010343042;WM;5;https://www.liverpool.com.mx/
569;aHR0cHM6Ly93d3cubGl2ZXJwb29sLmNvbS5teC90aWVuZGEvcGRwL0Z1bmRhLTU1LXBhcmEtQ2VudHJvLWRlLUxhdmFkby1NYWJlLTE3LWtnLzEwMTAzNDMwNDIxMTM4NzAx;SEM;2021-10-08;2021-07-12;;1138701;;;;LIVERPOOL;MX;2021-10-08 02:31;MABE;Funda 55 para Centro de Lavado Mabe 17 kg;https://www.liverpool.com.mx/tienda/pdp/Funda-55-para-Centro-de-Lavado-Mabe-17-kg/1010343042;WM;5;https://www.liverpool.com.mx/
570;aHR0cHM6Ly93d3cubGl2ZXJwb29sLmNvbS5teC90aWVuZGEvcGRwL0Z1bmRhLTU1LXBhcmEtQ2VudHJvLWRlLUxhdmFkby1NYWJlLTE3LWtnLzEwMTAzNDMwNDIzMjAwNzM=;SEM;2021-10-08;2020-06-22;;320073;;;;LIVERPOOL;MX;2021-10-08 02:31;MABE;Funda 55 para Centro de Lavado Mabe 17 kg;https://www.liverpool.com.mx/tienda/pdp/Funda-55-para-Centro-de-Lavado-Mabe-17-kg/1010343042;WM;5;https://www.liverpool.com.mx/
571;aHR0cHM6Ly93d3cubGl2ZXJwb29sLmNvbS5teC90aWVuZGEvcGRwL0Z1bmRhLTU1LXBhcmEtQ2VudHJvLWRlLUxhdmFkby1NYWJlLTE3LWtnLzEwMTAzNDMwNDI2MDExOTc=;SEM;2021-10-08;2020-09-12;;601197;;;;LIVERPOOL;MX;2021-10-08 02:31;MABE;Funda 55 para Centro de Lavado Mabe 17 kg;https://www.liverpool.com.mx/tienda/pdp/Funda-55-para-Centro-de-Lavado-Mabe-17-kg/1010343042;WM;5;https://www.liverpool.com.mx/
572;aHR0cHM6Ly93d3cubGl2ZXJwb29sLmNvbS5teC90aWVuZGEvcGRwL0Z1bmRhLTU1LXBhcmEtQ2VudHJvLWRlLUxhdmFkby1NYWJlLTE3LWtnLzEwMTAzNDMwNDI2OTYxODI=;SEM;2021-10-08;2020-12-28;;696182;;;;LIVERPOOL;MX;2021-10-08 02:31;MABE;Funda 55 para Centro de Lavado Mabe 17 kg;https://www.liverpool.com.mx/tienda/pdp/Funda-55-para-Centro-de-Lavado-Mabe-17-kg/1010343042;WM;5;https://www.liverpool.com.mx/
573;aHR0cHM6Ly93d3cubGl2ZXJwb29sLmNvbS5teC90aWVuZGEvcGRwL0Z1bmRhLTU1LXBhcmEtQ2VudHJvLWRlLUxhdmFkby1NYWJlLTE3LWtnLzEwMTAzNDMwNDI5MTUzMzk=;SEM;2021-10-08;2021-04-22;;915339;;;;LIVERPOOL;MX;2021-10-08 02:31;MABE;Funda 55 para Centro de Lavado Mabe 17 kg;https://www.liverpool.com.mx/tienda/pdp/Funda-55-para-Centro-de-Lavado-Mabe-17-kg/1010343042;WM;5;https://www.liverpool.com.mx/
574;aHR0cHM6Ly93d3cubGl2ZXJwb29sLmNvbS5teC90aWVuZGEvcGRwL0Z1bmRhLTU1LXBhcmEtQ2VudHJvLWRlLUxhdmFkby1NYWJlLTE3LWtnLzEwMTAzNDMwNDI4MTAzODI=;SEM;2021-10-08;2021-02-25;;810382;;;;LIVERPOOL;MX;2021-10-08 02:31;MABE;Funda 55 para Centro de Lavado Mabe 17 kg;https://www.liverpool.com.mx/tienda/pdp/Funda-55-para-Centro-de-Lavado-Mabe-17-kg/1010343042;WM;5;https://www.liverpool.com.mx/
575;aHR0cHM6Ly93d3cubGl2ZXJwb29sLmNvbS5teC90aWVuZGEvcGRwL0Z1bmRhLTU1LXBhcmEtQ2VudHJvLWRlLUxhdmFkby1NYWJlLTE3LWtnLzEwMTAzNDMwNDI4MjA2Mzg=;SEM;2021-10-08;2021-03-01;;820638;;;;LIVERPOOL;MX;2021-10-08 02:31;MABE;Funda 55 para Centro de Lavado Mabe 17 kg;https://www.liverpool.com.mx/tienda/pdp/Funda-55-para-Centro-de-Lavado-Mabe-17-kg/1010343042;WM;5;https://www.liverpool.com.mx/
576;aHR0cHM6Ly93d3cubGl2ZXJwb29sLmNvbS5teC90aWVuZGEvcGRwL0Z1bmRhLTU1LXBhcmEtQ2VudHJvLWRlLUxhdmFkby1NYWJlLTE3LWtnLzEwMTAzNDMwNDIxMDM5Mjgz;SEM;2021-10-08;2021-06-06;;1039283;;;;LIVERPOOL;MX;2021-10-08 02:31;MABE;Funda 55 para Centro de Lavado Mabe 17 kg;https://www.liverpool.com.mx/tienda/pdp/Funda-55-para-Centro-de-Lavado-Mabe-17-kg/1010343042;WM;5;https://www.liverpool.com.mx/
577;aHR0cHM6Ly93d3cubGl2ZXJwb29sLmNvbS5teC90aWVuZGEvcGRwL0Z1bmRhLTU1LXBhcmEtQ2VudHJvLWRlLUxhdmFkby1NYWJlLTE3LWtnLzEwMTAzNDMwNDIzNzk1NzI=;SEM;2021-10-08;2020-07-10;;379572;;;;LIVERPOOL;MX;2021-10-08 02:31;MABE;Funda 55 para Centro de Lavado Mabe 17 kg;https://www.liverpool.com.mx/tienda/pdp/Funda-55-para-Centro-de-Lavado-Mabe-17-kg/1010343042;WM;5;https://www.liverpool.com.mx/
578;aHR0cHM6Ly93d3cubGl2ZXJwb29sLmNvbS5teC90aWVuZGEvcGRwL0Z1bmRhLTU1LXBhcmEtQ2VudHJvLWRlLUxhdmFkby1NYWJlLTE3LWtnLzEwMTAzNDMwNDI3MzM4ODQ=;SEM;2021-10-08;2021-01-18;;733884;;;;LIVERPOOL;MX;2021-10-08 02:31;MABE;Funda 55 para Centro de Lavado Mabe 17 kg;https://www.liverpool.com.mx/tienda/pdp/Funda-55-para-Centro-de-Lavado-Mabe-17-kg/1010343042;WM;5;https://www.liverpool.com.mx/
579;aHR0cHM6Ly93d3cubGl2ZXJwb29sLmNvbS5teC90aWVuZGEvcGRwL0Z1bmRhLTU1LXBhcmEtQ2VudHJvLWRlLUxhdmFkby1NYWJlLTE3LWtnLzEwMTAzNDMwNDI2ODcwNTA=;SEM;2021-10-08;2020-12-25;;687050;;;;LIVERPOOL;MX;2021-10-08 02:31;MABE;Funda 55 para Centro de Lavado Mabe 17 kg;https://www.liverpool.com.mx/tienda/pdp/Funda-55-para-Centro-de-Lavado-Mabe-17-kg/1010343042;WM;5;https://www.liverpool.com.mx/
580;aHR0cHM6Ly93d3cubGl2ZXJwb29sLmNvbS5teC90aWVuZGEvcGRwL0Z1bmRhLTU1LXBhcmEtQ2VudHJvLWRlLUxhdmFkby1NYWJlLTE3LWtnLzEwMTAzNDMwNDIyMTA0MDM=;SEM;2021-10-08;2020-04-07;;210403;;;;LIVERPOOL;MX;2021-10-08 02:31;MABE;Funda 55 para Centro de Lavado Mabe 17 kg;https://www.liverpool.com.mx/tienda/pdp/Funda-55-para-Centro-de-Lavado-Mabe-17-kg/1010343042;WM;5;https://www.liverpool.com.mx/
581;aHR0cHM6Ly93d3cubGl2ZXJwb29sLmNvbS5teC90aWVuZGEvcGRwL0Z1bmRhLTU1LXBhcmEtQ2VudHJvLWRlLUxhdmFkby1NYWJlLTE3LWtnLzEwMTAzNDMwNDIxMzAyMjQ0;SEM;2021-10-08;2021-10-04;;1302244;;;;LIVERPOOL;MX;2021-10-08 02:31;MABE;Funda 55 para Centro de Lavado Mabe 17 kg;https://www.liverpool.com.mx/tienda/pdp/Funda-55-para-Centro-de-Lavado-Mabe-17-kg/1010343042;WM;5;https://www.liverpool.com.mx/
582;aHR0cHM6Ly93d3cubGl2ZXJwb29sLmNvbS5teC90aWVuZGEvcGRwL0Z1bmRhLTU1LXBhcmEtQ2VudHJvLWRlLUxhdmFkby1NYWJlLTE3LWtnLzEwMTAzNDMwNDIxMTY4MTEy;SEM;2021-10-08;2021-07-27;;1168112;;;;LIVERPOOL;MX;2021-10-08 02:31;MABE;Funda 55 para Centro de Lavado Mabe 17 kg;https://www.liverpool.com.mx/tienda/pdp/Funda-55-para-Centro-de-Lavado-Mabe-17-kg/1010343042;WM;5;https://www.liverpool.com.mx/
583;aHR0cHM6Ly93d3cubGl2ZXJwb29sLmNvbS5teC90aWVuZGEvcGRwL2xhdmFkb3JhLW1hYmUtMTkta2ctYXV0b20lQzMlQTF0aWNhLWNhcmdhLXN1cGVyaW9yLWxtYTc5MTE0d2JhazAvMTEwNDQ4MzU1Nzk3OTQ2Nw==;SEM;2021-10-08;2021-05-16;;979467;;;;LIVERPOOL;MX;2021-10-08 02:48;MABE;Lavadora Mabe 19 kg automática carga superior LMA79114WBAK0;https://www.liverpool.com.mx/tienda/pdp/lavadora-mabe-19-kg-autom%C3%A1tica-carga-superior-lma79114wbak0/1104483557;WM;5;https://www.liverpool.com.mx/
584;aHR0cHM6Ly93d3cubGl2ZXJwb29sLmNvbS5teC90aWVuZGEvcGRwL2xhdmFkb3JhLW1hYmUtMTkta2ctYXV0b20lQzMlQTF0aWNhLWNhcmdhLXN1cGVyaW9yLWxtYTc5MTE0d2JhazAvMTEwNDQ4MzU1Nzk3OTI4OA==;SEM;2021-10-08;2021-05-16;;979288;;;;LIVERPOOL;MX;2021-10-08 02:48;MABE;Lavadora Mabe 19 kg automática carga superior LMA79114WBAK0;https://www.liverpool.com.mx/tienda/pdp/lavadora-mabe-19-kg-autom%C3%A1tica-carga-superior-lma79114wbak0/1104483557;WM;5;https://www.liverpool.com.mx/
585;aHR0cHM6Ly93d3cubGl2ZXJwb29sLmNvbS5teC90aWVuZGEvcGRwL2xhdmFkb3JhLW1hYmUtMTkta2ctYXV0b20lQzMlQTF0aWNhLWNhcmdhLXN1cGVyaW9yLWxtYTc5MTE0d2JhazAvMTEwNDQ4MzU1NzEyMzUwMDM=;SEM;2021-10-08;2021-08-28;;1235003;;;;LIVERPOOL;MX;2021-10-08 02:48;MABE;Lavadora Mabe 19 kg automática carga superior LMA79114WBAK0;https://www.liverpool.com.mx/tienda/pdp/lavadora-mabe-19-kg-autom%C3%A1tica-carga-superior-lma79114wbak0/1104483557;WM;5;https://www.liverpool.com.mx/
586;aHR0cHM6Ly93d3cubGl2ZXJwb29sLmNvbS5teC90aWVuZGEvcGRwL2xhdmFkb3JhLW1hYmUtMTkta2ctYXV0b20lQzMlQTF0aWNhLWNhcmdhLXN1cGVyaW9yLWxtYTc5MTE0d2JhazAvMTEwNDQ4MzU1Nzk4ODQ4NQ==;SEM;2021-10-08;2021-05-20;;988485;;;;LIVERPOOL;MX;2021-10-08 02:48;MABE;Lavadora Mabe 19 kg automática carga superior LMA79114WBAK0;https://www.liverpool.com.mx/tienda/pdp/lavadora-mabe-19-kg-autom%C3%A1tica-carga-superior-lma79114wbak0/1104483557;WM;5;https://www.liverpool.com.mx/
587;aHR0cHM6Ly93d3cubGl2ZXJwb29sLmNvbS5teC90aWVuZGEvcGRwL2xhdmFkb3JhLW1hYmUtMTkta2ctYXV0b20lQzMlQTF0aWNhLWNhcmdhLXN1cGVyaW9yLWxtYTc5MTE0d2JhazAvMTEwNDQ4MzU1NzExNDk4NDM=;SEM;2021-10-08;2021-07-18;;1149843;;;;LIVERPOOL;MX;2021-10-08 02:48;MABE;Lavadora Mabe 19 kg automática carga superior LMA79114WBAK0;https://www.liverpool.com.mx/tienda/pdp/lavadora-mabe-19-kg-autom%C3%A1tica-carga-superior-lma79114wbak0/1104483557;WM;5;https://www.liverpool.com.mx/
588;aHR0cHM6Ly93d3cubGl2ZXJwb29sLmNvbS5teC90aWVuZGEvcGRwL2xhdmFkb3JhLW1hYmUtMTkta2ctYXV0b20lQzMlQTF0aWNhLWNhcmdhLXN1cGVyaW9yLWxtYTc5MTE0d2JhazAvMTEwNDQ4MzU1NzExOTkyNzQ=;SEM;2021-10-08;2021-08-10;;1199274;;;;LIVERPOOL;MX;2021-10-08 02:48;MABE;Lavadora Mabe 19 kg automática carga superior LMA79114WBAK0;https://www.liverpool.com.mx/tienda/pdp/lavadora-mabe-19-kg-autom%C3%A1tica-carga-superior-lma79114wbak0/1104483557;WM;5;https://www.liverpool.com.mx/
589;aHR0cHM6Ly93d3cubGl2ZXJwb29sLmNvbS5teC90aWVuZGEvcGRwL2xhdmFkb3JhLW1hYmUtMTkta2ctYXV0b20lQzMlQTF0aWNhLWNhcmdhLXN1cGVyaW9yLWxtYTc5MTE0d2JhazAvMTEwNDQ4MzU1NzEwMjI3NTA=;SEM;2021-10-08;2021-06-01;;1022750;;;;LIVERPOOL;MX;2021-10-08 02:48;MABE;Lavadora Mabe 19 kg automática carga superior LMA79114WBAK0;https://www.liverpool.com.mx/tienda/pdp/lavadora-mabe-19-kg-autom%C3%A1tica-carga-superior-lma79114wbak0/1104483557;WM;5;https://www.liverpool.com.mx/
590;aHR0cHM6Ly93d3cubGl2ZXJwb29sLmNvbS5teC90aWVuZGEvcGRwL2xhdmFkb3JhLW1hYmUtMTkta2ctYXV0b20lQzMlQTF0aWNhLWNhcmdhLXN1cGVyaW9yLWxtYTc5MTE0d2JhazAvMTEwNDQ4MzU1NzExNDg0MDQ=;SEM;2021-10-08;2021-07-17;;1148404;;;;LIVERPOOL;MX;2021-10-08 02:48;MABE;Lavadora Mabe 19 kg automática carga superior LMA79114WBAK0;https://www.liverpool.com.mx/tienda/pdp/lavadora-mabe-19-kg-autom%C3%A1tica-carga-superior-lma79114wbak0/1104483557;WM;5;https://www.liverpool.com.mx/
591;aHR0cHM6Ly93d3cubGl2ZXJwb29sLmNvbS5teC90aWVuZGEvcGRwL2xhdmFkb3JhLW1hYmUtMTkta2ctYXV0b20lQzMlQTF0aWNhLWNhcmdhLXN1cGVyaW9yLWxtYTc5MTE0d2JhazAvMTEwNDQ4MzU1NzExMTc0NjY=;SEM;2021-10-08;2021-07-02;;1117466;;;;LIVERPOOL;MX;2021-10-08 02:48;MABE;Lavadora Mabe 19 kg automática carga superior LMA79114WBAK0;https://www.liverpool.com.mx/tienda/pdp/lavadora-mabe-19-kg-autom%C3%A1tica-carga-superior-lma79114wbak0/1104483557;WM;5;https://www.liverpool.com.mx/
592;aHR0cHM6Ly93d3cubGl2ZXJwb29sLmNvbS5teC90aWVuZGEvcGRwL2xhdmFkb3JhLW1hYmUtMTkta2ctYXV0b20lQzMlQTF0aWNhLWNhcmdhLXN1cGVyaW9yLWxtYTc5MTE0d2JhazAvMTEwNDQ4MzU1NzEyNjc3NDg=;SEM;2021-10-08;2021-09-16;;1267748;;;;LIVERPOOL;MX;2021-10-08 02:48;MABE;Lavadora Mabe 19 kg automática carga superior LMA79114WBAK0;https://www.liverpool.com.mx/tienda/pdp/lavadora-mabe-19-kg-autom%C3%A1tica-carga-superior-lma79114wbak0/1104483557;WM;5;https://www.liverpool.com.mx/
593;aHR0cHM6Ly93d3cubGl2ZXJwb29sLmNvbS5teC90aWVuZGEvcGRwL2xhdmFkb3JhLW1hYmUtMTkta2ctYXV0b20lQzMlQTF0aWNhLWNhcmdhLXN1cGVyaW9yLWxtYTc5MTE0d2JhazAvMTEwNDQ4MzU1Nzk4NjE2MA==;SEM;2021-10-08;2021-05-19;;986160;;;;LIVERPOOL;MX;2021-10-08 02:48;MABE;Lavadora Mabe 19 kg automática carga superior LMA79114WBAK0;https://www.liverpool.com.mx/tienda/pdp/lavadora-mabe-19-kg-autom%C3%A1tica-carga-superior-lma79114wbak0/1104483557;WM;5;https://www.liverpool.com.mx/
594;aHR0cHM6Ly93d3cubGl2ZXJwb29sLmNvbS5teC90aWVuZGEvcGRwL2xhdmFkb3JhLW1hYmUtMTkta2ctYXV0b20lQzMlQTF0aWNhLWNhcmdhLXN1cGVyaW9yLWxtYTc5MTE0d2JhazAvMTEwNDQ4MzU1Nzk4ODQ4Ng==;SEM;2021-10-08;2021-05-20;;988486;;;;LIVERPOOL;MX;2021-10-08 02:48;MABE;Lavadora Mabe 19 kg automática carga superior LMA79114WBAK0;https://www.liverpool.com.mx/tienda/pdp/lavadora-mabe-19-kg-autom%C3%A1tica-carga-superior-lma79114wbak0/1104483557;WM;5;https://www.liverpool.com.mx/
595;aHR0cHM6Ly93d3cubGl2ZXJwb29sLmNvbS5teC90aWVuZGEvcGRwL2xhdmFkb3JhLW1hYmUtMTkta2ctYXV0b20lQzMlQTF0aWNhLWNhcmdhLXN1cGVyaW9yLWxtYTc5MTE0d2JhazAvMTEwNDQ4MzU1Nzk5MjMzMQ==;SEM;2021-10-08;2021-05-21;;992331;;;;LIVERPOOL;MX;2021-10-08 02:48;MABE;Lavadora Mabe 19 kg automática carga superior LMA79114WBAK0;https://www.liverpool.com.mx/tienda/pdp/lavadora-mabe-19-kg-autom%C3%A1tica-carga-superior-lma79114wbak0/1104483557;WM;5;https://www.liverpool.com.mx/
596;aHR0cHM6Ly93d3cubGl2ZXJwb29sLmNvbS5teC90aWVuZGEvcGRwL2xhdmFkb3JhLW1hYmUtMTkta2ctYXV0b20lQzMlQTF0aWNhLWNhcmdhLXN1cGVyaW9yLWxtYTc5MTE0d2JhazAvMTEwNDQ4MzU1NzEwMDU3Mzc=;SEM;2021-10-08;2021-05-27;;1005737;;;;LIVERPOOL;MX;2021-10-08 02:48;MABE;Lavadora Mabe 19 kg automática carga superior LMA79114WBAK0;https://www.liverpool.com.mx/tienda/pdp/lavadora-mabe-19-kg-autom%C3%A1tica-carga-superior-lma79114wbak0/1104483557;WM;5;https://www.liverpool.com.mx/
597;aHR0cHM6Ly93d3cubGl2ZXJwb29sLmNvbS5teC90aWVuZGEvcGRwL2xhdmFkb3JhLW1hYmUtMTkta2ctYXV0b20lQzMlQTF0aWNhLWNhcmdhLXN1cGVyaW9yLWxtYTc5MTE0d2JhazAvMTEwNDQ4MzU1Nzk3MjU3MQ==;SEM;2021-10-08;2021-05-15;;972571;;;;LIVERPOOL;MX;2021-10-08 02:48;MABE;Lavadora Mabe 19 kg automática carga superior LMA79114WBAK0;https://www.liverpool.com.mx/tienda/pdp/lavadora-mabe-19-kg-autom%C3%A1tica-carga-superior-lma79114wbak0/1104483557;WM;5;https://www.liverpool.com.mx/
598;aHR0cHM6Ly93d3cubGl2ZXJwb29sLmNvbS5teC90aWVuZGEvcGRwL2xhdmFkb3JhLW1hYmUtMTkta2ctYXV0b20lQzMlQTF0aWNhLWNhcmdhLXN1cGVyaW9yLWxtYTc5MTE0d2JhazAvMTEwNDQ4MzU1NzExNDc0MzU=;SEM;2021-10-08;2021-07-17;;1147435;;;;LIVERPOOL;MX;2021-10-08 02:48;MABE;Lavadora Mabe 19 kg automática carga superior LMA79114WBAK0;https://www.liverpool.com.mx/tienda/pdp/lavadora-mabe-19-kg-autom%C3%A1tica-carga-superior-lma79114wbak0/1104483557;WM;5;https://www.liverpool.com.mx/
599;aHR0cHM6Ly93d3cubGl2ZXJwb29sLmNvbS5teC90aWVuZGEvcGRwL2xhdmFkb3JhLW1hYmUtMTkta2ctYXV0b20lQzMlQTF0aWNhLWNhcmdhLXN1cGVyaW9yLWxtYTc5MTE0d2JhazAvMTEwNDQ4MzU1Nzk5ODk2MA==;SEM;2021-10-08;2021-05-24;;998960;;;;LIVERPOOL;MX;2021-10-08 02:48;MABE;Lavadora Mabe 19 kg automática carga superior LMA79114WBAK0;https://www.liverpool.com.mx/tienda/pdp/lavadora-mabe-19-kg-autom%C3%A1tica-carga-superior-lma79114wbak0/1104483557;WM;5;https://www.liverpool.com.mx/
600;aHR0cHM6Ly93d3cubGl2ZXJwb29sLmNvbS5teC90aWVuZGEvcGRwL2xhdmFkb3JhLW1hYmUtMTkta2ctYXV0b20lQzMlQTF0aWNhLWNhcmdhLXN1cGVyaW9yLWxtYTc5MTE0d2JhazAvMTEwNDQ4MzU1NzEyNDI0MjI=;SEM;2021-10-08;2021-09-02;;1242422;;;;LIVERPOOL;MX;2021-10-08 02:48;MABE;Lavadora Mabe 19 kg automática carga superior LMA79114WBAK0;https://www.liverpool.com.mx/tienda/pdp/lavadora-mabe-19-kg-autom%C3%A1tica-carga-superior-lma79114wbak0/1104483557;WM;5;https://www.liverpool.com.mx/
601;aHR0cHM6Ly93d3cubGl2ZXJwb29sLmNvbS5teC90aWVuZGEvcGRwL2xhdmFkb3JhLW1hYmUtMTkta2ctYXV0b20lQzMlQTF0aWNhLWNhcmdhLXN1cGVyaW9yLWxtYTc5MTE0d2JhazAvMTEwNDQ4MzU1NzExMTY0NzY=;SEM;2021-10-08;2021-07-02;;1116476;;;;LIVERPOOL;MX;2021-10-08 02:48;MABE;Lavadora Mabe 19 kg automática carga superior LMA79114WBAK0;https://www.liverpool.com.mx/tienda/pdp/lavadora-mabe-19-kg-autom%C3%A1tica-carga-superior-lma79114wbak0/1104483557;WM;5;https://www.liverpool.com.mx/
602;aHR0cHM6Ly93d3cubGl2ZXJwb29sLmNvbS5teC90aWVuZGEvcGRwL2xhdmFkb3JhLW1hYmUtMTkta2ctYXV0b20lQzMlQTF0aWNhLWNhcmdhLXN1cGVyaW9yLWxtYTc5MTE0d2JhazAvMTEwNDQ4MzU1NzEyOTcyMjc=;SEM;2021-10-08;2021-10-02;;1297227;;;;LIVERPOOL;MX;2021-10-08 02:48;MABE;Lavadora Mabe 19 kg automática carga superior LMA79114WBAK0;https://www.liverpool.com.mx/tienda/pdp/lavadora-mabe-19-kg-autom%C3%A1tica-carga-superior-lma79114wbak0/1104483557;WM;5;https://www.liverpool.com.mx/
603;aHR0cHM6Ly93d3cubGl2ZXJwb29sLmNvbS5teC90aWVuZGEvcGRwL2xhdmFkb3JhLW1hYmUtMTkta2ctYXV0b20lQzMlQTF0aWNhLWNhcmdhLXN1cGVyaW9yLWxtYTc5MTE0d2JhazAvMTEwNDQ4MzU1NzEyNjM5NTA=;SEM;2021-10-08;2021-09-13;;1263950;;;;LIVERPOOL;MX;2021-10-08 02:48;MABE;Lavadora Mabe 19 kg automática carga superior LMA79114WBAK0;https://www.liverpool.com.mx/tienda/pdp/lavadora-mabe-19-kg-autom%C3%A1tica-carga-superior-lma79114wbak0/1104483557;WM;5;https://www.liverpool.com.mx/
604;aHR0cHM6Ly93d3cubGl2ZXJwb29sLmNvbS5teC90aWVuZGEvcGRwL2xhdmFkb3JhLW1hYmUtMTkta2ctYXV0b20lQzMlQTF0aWNhLWNhcmdhLXN1cGVyaW9yLWxtYTc5MTE0d2JhazAvMTEwNDQ4MzU1NzExMjE4ODA=;SEM;2021-10-08;2021-07-04;;1121880;;;;LIVERPOOL;MX;2021-10-08 02:48;MABE;Lavadora Mabe 19 kg automática carga superior LMA79114WBAK0;https://www.liverpool.com.mx/tienda/pdp/lavadora-mabe-19-kg-autom%C3%A1tica-carga-superior-lma79114wbak0/1104483557;WM;5;https://www.liverpool.com.mx/
605;aHR0cHM6Ly93d3cubGl2ZXJwb29sLmNvbS5teC90aWVuZGEvcGRwL2xhdmFkb3JhLW1hYmUtMTkta2ctYXV0b20lQzMlQTF0aWNhLWNhcmdhLXN1cGVyaW9yLWxtYTc5MTE0d2JhazAvMTEwNDQ4MzU1NzEyNzgyOTY=;SEM;2021-10-08;2021-09-22;;1278296;;;;LIVERPOOL;MX;2021-10-08 02:48;MABE;Lavadora Mabe 19 kg automática carga superior LMA79114WBAK0;https://www.liverpool.com.mx/tienda/pdp/lavadora-mabe-19-kg-autom%C3%A1tica-carga-superior-lma79114wbak0/1104483557;WM;5;https://www.liverpool.com.mx/
606;aHR0cHM6Ly93d3cubGl2ZXJwb29sLmNvbS5teC90aWVuZGEvcGRwL2xhdmFkb3JhLW1hYmUtMTkta2ctYXV0b20lQzMlQTF0aWNhLWNhcmdhLXN1cGVyaW9yLWxtYTc5MTE0d2JhazAvMTEwNDQ4MzU1NzEyODIxNDM=;SEM;2021-10-08;2021-09-24;;1282143;;;;LIVERPOOL;MX;2021-10-08 02:48;MABE;Lavadora Mabe 19 kg automática carga superior LMA79114WBAK0;https://www.liverpool.com.mx/tienda/pdp/lavadora-mabe-19-kg-autom%C3%A1tica-carga-superior-lma79114wbak0/1104483557;WM;5;https://www.liverpool.com.mx/
607;aHR0cHM6Ly93d3cubGl2ZXJwb29sLmNvbS5teC90aWVuZGEvcGRwL2xhdmFkb3JhLW1hYmUtMTkta2ctYXV0b20lQzMlQTF0aWNhLWNhcmdhLXN1cGVyaW9yLWxtYTc5MTE0d2JhazAvMTEwNDQ4MzU1Nzk5Mjg2NQ==;SEM;2021-10-08;2021-05-22;;992865;;;;LIVERPOOL;MX;2021-10-08 02:48;MABE;Lavadora Mabe 19 kg automática carga superior LMA79114WBAK0;https://www.liverpool.com.mx/tienda/pdp/lavadora-mabe-19-kg-autom%C3%A1tica-carga-superior-lma79114wbak0/1104483557;WM;5;https://www.liverpool.com.mx/
608;aHR0cHM6Ly93d3cubGl2ZXJwb29sLmNvbS5teC90aWVuZGEvcGRwL2xhdmFkb3JhLW1hYmUtMTkta2ctYXV0b20lQzMlQTF0aWNhLWNhcmdhLXN1cGVyaW9yLWxtYTc5MTE0d2JhazAvMTEwNDQ4MzU1Nzk3ODAxOQ==;SEM;2021-10-08;2021-05-16;;978019;;;;LIVERPOOL;MX;2021-10-08 02:48;MABE;Lavadora Mabe 19 kg automática carga superior LMA79114WBAK0;https://www.liverpool.com.mx/tienda/pdp/lavadora-mabe-19-kg-autom%C3%A1tica-carga-superior-lma79114wbak0/1104483557;WM;5;https://www.liverpool.com.mx/
609;aHR0cHM6Ly93d3cubGl2ZXJwb29sLmNvbS5teC90aWVuZGEvcGRwL2xhdmFkb3JhLW1hYmUtMTkta2ctYXV0b20lQzMlQTF0aWNhLWNhcmdhLXN1cGVyaW9yLWxtYTc5MTE0d2JhazAvMTEwNDQ4MzU1NzEwODU4MTc=;SEM;2021-10-08;2021-06-21;;1085817;;;;LIVERPOOL;MX;2021-10-08 02:48;MABE;Lavadora Mabe 19 kg automática carga superior LMA79114WBAK0;https://www.liverpool.com.mx/tienda/pdp/lavadora-mabe-19-kg-autom%C3%A1tica-carga-superior-lma79114wbak0/1104483557;WM;5;https://www.liverpool.com.mx/
610;aHR0cHM6Ly93d3cubGl2ZXJwb29sLmNvbS5teC90aWVuZGEvcGRwL2xhdmFkb3JhLW1hYmUtMTkta2ctYXV0b20lQzMlQTF0aWNhLWNhcmdhLXN1cGVyaW9yLWxtYTc5MTE0d2JhazAvMTEwNDQ4MzU1NzExNDg1NDg=;SEM;2021-10-08;2021-07-17;;1148548;;;;LIVERPOOL;MX;2021-10-08 02:48;MABE;Lavadora Mabe 19 kg automática carga superior LMA79114WBAK0;https://www.liverpool.com.mx/tienda/pdp/lavadora-mabe-19-kg-autom%C3%A1tica-carga-superior-lma79114wbak0/1104483557;WM;5;https://www.liverpool.com.mx/
611;aHR0cHM6Ly93d3cubGl2ZXJwb29sLmNvbS5teC90aWVuZGEvcGRwL2xhdmFkb3JhLW1hYmUtMTkta2ctYXV0b20lQzMlQTF0aWNhLWNhcmdhLXN1cGVyaW9yLWxtYTc5MTE0d2JhazAvMTEwNDQ4MzU1Nzk2NzA0Nw==;SEM;2021-10-08;2021-05-13;;967047;;;;LIVERPOOL;MX;2021-10-08 02:48;MABE;Lavadora Mabe 19 kg automática carga superior LMA79114WBAK0;https://www.liverpool.com.mx/tienda/pdp/lavadora-mabe-19-kg-autom%C3%A1tica-carga-superior-lma79114wbak0/1104483557;WM;5;https://www.liverpool.com.mx/
612;aHR0cHM6Ly93d3cubGl2ZXJwb29sLmNvbS5teC90aWVuZGEvcGRwL2xhdmFkb3JhLW1hYmUtMTkta2ctYXV0b20lQzMlQTF0aWNhLWNhcmdhLXN1cGVyaW9yLWxtYTc5MTE0d2JhazAvMTEwNDQ4MzU1NzEyNTQ3OTQ=;SEM;2021-10-08;2021-09-08;;1254794;;;;LIVERPOOL;MX;2021-10-08 02:48;MABE;Lavadora Mabe 19 kg automática carga superior LMA79114WBAK0;https://www.liverpool.com.mx/tienda/pdp/lavadora-mabe-19-kg-autom%C3%A1tica-carga-superior-lma79114wbak0/1104483557;WM;5;https://www.liverpool.com.mx/
613;aHR0cHM6Ly93d3cubGl2ZXJwb29sLmNvbS5teC90aWVuZGEvcGRwL2xhdmFkb3JhLW1hYmUtMTkta2ctYXV0b20lQzMlQTF0aWNhLWNhcmdhLXN1cGVyaW9yLWxtYTc5MTE0d2JhazAvMTEwNDQ4MzU1NzEyODgzNjY=;SEM;2021-10-08;2021-09-27;;1288366;;;;LIVERPOOL;MX;2021-10-08 02:48;MABE;Lavadora Mabe 19 kg automática carga superior LMA79114WBAK0;https://www.liverpool.com.mx/tienda/pdp/lavadora-mabe-19-kg-autom%C3%A1tica-carga-superior-lma79114wbak0/1104483557;WM;5;https://www.liverpool.com.mx/
614;aHR0cHM6Ly93d3cubGl2ZXJwb29sLmNvbS5teC90aWVuZGEvcGRwL2xhdmFkb3JhLW1hYmUtMTkta2ctYXV0b20lQzMlQTF0aWNhLWNhcmdhLXN1cGVyaW9yLWxtYTc5MTE0d2JhazAvMTEwNDQ4MzU1Nzk5NTc4Mw==;SEM;2021-10-08;2021-05-22;;995783;;;;LIVERPOOL;MX;2021-10-08 02:48;MABE;Lavadora Mabe 19 kg automática carga superior LMA79114WBAK0;https://www.liverpool.com.mx/tienda/pdp/lavadora-mabe-19-kg-autom%C3%A1tica-carga-superior-lma79114wbak0/1104483557;WM;5;https://www.liverpool.com.mx/
615;aHR0cHM6Ly93d3cubGl2ZXJwb29sLmNvbS5teC90aWVuZGEvcGRwL2xhdmFkb3JhLW1hYmUtMTkta2ctYXV0b20lQzMlQTF0aWNhLWNhcmdhLXN1cGVyaW9yLWxtYTc5MTE0d2JhazAvMTEwNDQ4MzU1Nzk5ODYxOQ==;SEM;2021-10-08;2021-05-23;;998619;;;;LIVERPOOL;MX;2021-10-08 02:48;MABE;Lavadora Mabe 19 kg automática carga superior LMA79114WBAK0;https://www.liverpool.com.mx/tienda/pdp/lavadora-mabe-19-kg-autom%C3%A1tica-carga-superior-lma79114wbak0/1104483557;WM;5;https://www.liverpool.com.mx/
616;aHR0cHM6Ly93d3cubGl2ZXJwb29sLmNvbS5teC90aWVuZGEvcGRwL2xhdmFkb3JhLW1hYmUtMTkta2ctYXV0b20lQzMlQTF0aWNhLWNhcmdhLXN1cGVyaW9yLWxtYTc5MTE0d2JhazAvMTEwNDQ4MzU1NzExNDczNjQ=;SEM;2021-10-08;2021-07-17;;1147364;;;;LIVERPOOL;MX;2021-10-08 02:48;MABE;Lavadora Mabe 19 kg automática carga superior LMA79114WBAK0;https://www.liverpool.com.mx/tienda/pdp/lavadora-mabe-19-kg-autom%C3%A1tica-carga-superior-lma79114wbak0/1104483557;WM;5;https://www.liverpool.com.mx/
617;aHR0cHM6Ly93d3cubGl2ZXJwb29sLmNvbS5teC90aWVuZGEvcGRwL2xhdmFkb3JhLW1hYmUtMTkta2ctYXV0b20lQzMlQTF0aWNhLWNhcmdhLXN1cGVyaW9yLWxtYTc5MTE0d2JhazAvMTEwNDQ4MzU1NzExMTk5NzY=;SEM;2021-10-08;2021-07-03;;1119976;;;;LIVERPOOL;MX;2021-10-08 02:48;MABE;Lavadora Mabe 19 kg automática carga superior LMA79114WBAK0;https://www.liverpool.com.mx/tienda/pdp/lavadora-mabe-19-kg-autom%C3%A1tica-carga-superior-lma79114wbak0/1104483557;WM;5;https://www.liverpool.com.mx/
618;aHR0cHM6Ly93d3cubGl2ZXJwb29sLmNvbS5teC90aWVuZGEvcGRwL2xhdmFkb3JhLW1hYmUtMTkta2ctYXV0b20lQzMlQTF0aWNhLWNhcmdhLXN1cGVyaW9yLWxtYTc5MTE0d2JhazAvMTEwNDQ4MzU1NzEyNjMwOTE=;SEM;2021-10-08;2021-09-13;;1263091;;;;LIVERPOOL;MX;2021-10-08 02:48;MABE;Lavadora Mabe 19 kg automática carga superior LMA79114WBAK0;https://www.liverpool.com.mx/tienda/pdp/lavadora-mabe-19-kg-autom%C3%A1tica-carga-superior-lma79114wbak0/1104483557;WM;5;https://www.liverpool.com.mx/
619;aHR0cHM6Ly93d3cubGl2ZXJwb29sLmNvbS5teC90aWVuZGEvcGRwL2xhdmFkb3JhLW1hYmUtMTkta2ctYXV0b20lQzMlQTF0aWNhLWNhcmdhLXN1cGVyaW9yLWxtYTc5MTE0d2JhazAvMTEwNDQ4MzU1NzExNjA0NDY=;SEM;2021-10-08;2021-07-23;;1160446;;;;LIVERPOOL;MX;2021-10-08 02:48;MABE;Lavadora Mabe 19 kg automática carga superior LMA79114WBAK0;https://www.liverpool.com.mx/tienda/pdp/lavadora-mabe-19-kg-autom%C3%A1tica-carga-superior-lma79114wbak0/1104483557;WM;5;https://www.liverpool.com.mx/
620;aHR0cHM6Ly93d3cubGl2ZXJwb29sLmNvbS5teC90aWVuZGEvcGRwL2xhdmFkb3JhLW1hYmUtMTkta2ctYXV0b20lQzMlQTF0aWNhLWNhcmdhLXN1cGVyaW9yLWxtYTc5MTE0d2JhazAvMTEwNDQ4MzU1NzEyMzQyMTI=;SEM;2021-10-08;2021-08-28;;1234212;;;;LIVERPOOL;MX;2021-10-08 02:48;MABE;Lavadora Mabe 19 kg automática carga superior LMA79114WBAK0;https://www.liverpool.com.mx/tienda/pdp/lavadora-mabe-19-kg-autom%C3%A1tica-carga-superior-lma79114wbak0/1104483557;WM;4;https://www.liverpool.com.mx/
621;aHR0cHM6Ly93d3cubGl2ZXJwb29sLmNvbS5teC90aWVuZGEvcGRwL2xhdmFkb3JhLW1hYmUtMTkta2ctYXV0b20lQzMlQTF0aWNhLWNhcmdhLXN1cGVyaW9yLWxtYTc5MTE0d2JhazAvMTEwNDQ4MzU1NzEyOTE0Mzg=;SEM;2021-10-08;2021-09-29;;1291438;;;;LIVERPOOL;MX;2021-10-08 02:48;MABE;Lavadora Mabe 19 kg automática carga superior LMA79114WBAK0;https://www.liverpool.com.mx/tienda/pdp/lavadora-mabe-19-kg-autom%C3%A1tica-carga-superior-lma79114wbak0/1104483557;WM;4;https://www.liverpool.com.mx/
622;aHR0cHM6Ly93d3cubGl2ZXJwb29sLmNvbS5teC90aWVuZGEvcGRwL2xhdmFkb3JhLW1hYmUtMTkta2ctYXV0b20lQzMlQTF0aWNhLWNhcmdhLXN1cGVyaW9yLWxtYTc5MTE0d2JhazAvMTEwNDQ4MzU1NzExMzc3MzA=;SEM;2021-10-08;2021-07-11;;1137730;;;;LIVERPOOL;MX;2021-10-08 02:48;MABE;Lavadora Mabe 19 kg automática carga superior LMA79114WBAK0;https://www.liverpool.com.mx/tienda/pdp/lavadora-mabe-19-kg-autom%C3%A1tica-carga-superior-lma79114wbak0/1104483557;WM;5;https://www.liverpool.com.mx/
623;aHR0cHM6Ly93d3cubGl2ZXJwb29sLmNvbS5teC90aWVuZGEvcGRwL2xhdmFkb3JhLW1hYmUtMTkta2ctYXV0b20lQzMlQTF0aWNhLWNhcmdhLXN1cGVyaW9yLWxtYTc5MTE0d2JhazAvMTEwNDQ4MzU1NzExNjQ3MTg=;SEM;2021-10-08;2021-07-25;;1164718;;;;LIVERPOOL;MX;2021-10-08 02:48;MABE;Lavadora Mabe 19 kg automática carga superior LMA79114WBAK0;https://www.liverpool.com.mx/tienda/pdp/lavadora-mabe-19-kg-autom%C3%A1tica-carga-superior-lma79114wbak0/1104483557;WM;5;https://www.liverpool.com.mx/
624;aHR0cHM6Ly93d3cubGl2ZXJwb29sLmNvbS5teC90aWVuZGEvcGRwL2xhdmFkb3JhLW1hYmUtMTkta2ctYXV0b20lQzMlQTF0aWNhLWNhcmdhLXN1cGVyaW9yLWxtYTc5MTE0d2JhazAvMTEwNDQ4MzU1NzExNDA0MjU=;SEM;2021-10-08;2021-07-12;;1140425;;;;LIVERPOOL;MX;2021-10-08 02:48;MABE;Lavadora Mabe 19 kg automática carga superior LMA79114WBAK0;https://www.liverpool.com.mx/tienda/pdp/lavadora-mabe-19-kg-autom%C3%A1tica-carga-superior-lma79114wbak0/1104483557;WM;5;https://www.liverpool.com.mx/
625;aHR0cHM6Ly93d3cubGl2ZXJwb29sLmNvbS5teC90aWVuZGEvcGRwL2xhdmFkb3JhLW1hYmUtMTkta2ctYXV0b20lQzMlQTF0aWNhLWNhcmdhLXN1cGVyaW9yLWxtYTc5MTE0d2JhazAvMTEwNDQ4MzU1Nzk4MTQ1MA==;SEM;2021-10-08;2021-05-17;;981450;;;;LIVERPOOL;MX;2021-10-08 02:48;MABE;Lavadora Mabe 19 kg automática carga superior LMA79114WBAK0;https://www.liverpool.com.mx/tienda/pdp/lavadora-mabe-19-kg-autom%C3%A1tica-carga-superior-lma79114wbak0/1104483557;WM;5;https://www.liverpool.com.mx/
626;aHR0cHM6Ly93d3cubGl2ZXJwb29sLmNvbS5teC90aWVuZGEvcGRwL2xhdmFkb3JhLW1hYmUtMTkta2ctYXV0b20lQzMlQTF0aWNhLWNhcmdhLXN1cGVyaW9yLWxtYTc5MTE0d2JhazAvMTEwNDQ4MzU1NzExNjczMTk=;SEM;2021-10-08;2021-07-26;;1167319;;;;LIVERPOOL;MX;2021-10-08 02:48;MABE;Lavadora Mabe 19 kg automática carga superior LMA79114WBAK0;https://www.liverpool.com.mx/tienda/pdp/lavadora-mabe-19-kg-autom%C3%A1tica-carga-superior-lma79114wbak0/1104483557;WM;5;https://www.liverpool.com.mx/
627;aHR0cHM6Ly93d3cubGl2ZXJwb29sLmNvbS5teC90aWVuZGEvcGRwL2xhdmFkb3JhLW1hYmUtMTkta2ctYXV0b20lQzMlQTF0aWNhLWNhcmdhLXN1cGVyaW9yLWxtYTc5MTE0d2JhazAvMTEwNDQ4MzU1Nzk0NDExNg==;SEM;2021-10-08;2021-05-06;;944116;;;;LIVERPOOL;MX;2021-10-08 02:48;MABE;Lavadora Mabe 19 kg automática carga superior LMA79114WBAK0;https://www.liverpool.com.mx/tienda/pdp/lavadora-mabe-19-kg-autom%C3%A1tica-carga-superior-lma79114wbak0/1104483557;WM;5;https://www.liverpool.com.mx/
628;aHR0cHM6Ly93d3cubGl2ZXJwb29sLmNvbS5teC90aWVuZGEvcGRwL2xhdmFkb3JhLW1hYmUtMTkta2ctYXV0b20lQzMlQTF0aWNhLWNhcmdhLXN1cGVyaW9yLWxtYTc5MTE0d2JhazAvMTEwNDQ4MzU1NzExNTU4NDU=;SEM;2021-10-08;2021-07-21;;1155845;;;;LIVERPOOL;MX;2021-10-08 02:48;MABE;Lavadora Mabe 19 kg automática carga superior LMA79114WBAK0;https://www.liverpool.com.mx/tienda/pdp/lavadora-mabe-19-kg-autom%C3%A1tica-carga-superior-lma79114wbak0/1104483557;WM;5;https://www.liverpool.com.mx/
629;aHR0cHM6Ly93d3cubGl2ZXJwb29sLmNvbS5teC90aWVuZGEvcGRwL2xhdmFkb3JhLW1hYmUtMTkta2ctYXV0b20lQzMlQTF0aWNhLWNhcmdhLXN1cGVyaW9yLWxtYTc5MTE0d2JhazAvMTEwNDQ4MzU1NzExMTc3MjI=;SEM;2021-10-08;2021-07-02;;1117722;;;;LIVERPOOL;MX;2021-10-08 02:48;MABE;Lavadora Mabe 19 kg automática carga superior LMA79114WBAK0;https://www.liverpool.com.mx/tienda/pdp/lavadora-mabe-19-kg-autom%C3%A1tica-carga-superior-lma79114wbak0/1104483557;WM;5;https://www.liverpool.com.mx/
630;aHR0cHM6Ly93d3cubGl2ZXJwb29sLmNvbS5teC90aWVuZGEvcGRwL2xhdmFkb3JhLW1hYmUtMTkta2ctYXV0b20lQzMlQTF0aWNhLWNhcmdhLXN1cGVyaW9yLWxtYTc5MTE0d2JhazAvMTEwNDQ4MzU1NzExOTQ2MzY=;SEM;2021-10-08;2021-08-08;;1194636;;;;LIVERPOOL;MX;2021-10-08 02:48;MABE;Lavadora Mabe 19 kg automática carga superior LMA79114WBAK0;https://www.liverpool.com.mx/tienda/pdp/lavadora-mabe-19-kg-autom%C3%A1tica-carga-superior-lma79114wbak0/1104483557;WM;5;https://www.liverpool.com.mx/
631;aHR0cHM6Ly93d3cubGl2ZXJwb29sLmNvbS5teC90aWVuZGEvcGRwL2xhdmFkb3JhLW1hYmUtMTkta2ctYXV0b20lQzMlQTF0aWNhLWNhcmdhLXN1cGVyaW9yLWxtYTc5MTE0d2JhazAvMTEwNDQ4MzU1NzExOTE1Nzk=;SEM;2021-10-08;2021-08-07;;1191579;;;;LIVERPOOL;MX;2021-10-08 02:48;MABE;Lavadora Mabe 19 kg automática carga superior LMA79114WBAK0;https://www.liverpool.com.mx/tienda/pdp/lavadora-mabe-19-kg-autom%C3%A1tica-carga-superior-lma79114wbak0/1104483557;WM;5;https://www.liverpool.com.mx/
632;aHR0cHM6Ly93d3cubGl2ZXJwb29sLmNvbS5teC90aWVuZGEvcGRwL2xhdmFkb3JhLW1hYmUtMTkta2ctYXV0b20lQzMlQTF0aWNhLWNhcmdhLXN1cGVyaW9yLWxtYTc5MTE0d2JhazAvMTEwNDQ4MzU1NzExNzIxMjM=;SEM;2021-10-08;2021-07-29;;1172123;;;;LIVERPOOL;MX;2021-10-08 02:48;MABE;Lavadora Mabe 19 kg automática carga superior LMA79114WBAK0;https://www.liverpool.com.mx/tienda/pdp/lavadora-mabe-19-kg-autom%C3%A1tica-carga-superior-lma79114wbak0/1104483557;WM;5;https://www.liverpool.com.mx/
633;aHR0cHM6Ly93d3cubGl2ZXJwb29sLmNvbS5teC90aWVuZGEvcGRwL2xhdmFkb3JhLXdpbmlhLTIxLWtnLWdyaXMtb2JzY3Vyby1kd2YtZGIxYjQyMWFiZHMxLzEwOTQ5NDkzNDAyMDg4NTM=;SEM;2021-10-08;2020-04-04;;208853;;;;LIVERPOOL;MX;2021-10-08 03:00;WINIA;Lavadora Winia 21 kg gris obscuro DWF-DB1B421ABDS1;https://www.liverpool.com.mx/tienda/pdp/lavadora-winia-21-kg-gris-obscuro-dwf-db1b421abds1/1094949340;WM;5;https://www.liverpool.com.mx/
634;aHR0cHM6Ly93d3cubGl2ZXJwb29sLmNvbS5teC90aWVuZGEvcGRwL2xhdmFkb3JhLXdpbmlhLTIxLWtnLWdyaXMtb2JzY3Vyby1kd2YtZGIxYjQyMWFiZHMxLzEwOTQ5NDkzNDAyNzM3ODQ=;SEM;2021-10-08;2020-05-31;;273784;;;;LIVERPOOL;MX;2021-10-08 03:00;WINIA;Lavadora Winia 21 kg gris obscuro DWF-DB1B421ABDS1;https://www.liverpool.com.mx/tienda/pdp/lavadora-winia-21-kg-gris-obscuro-dwf-db1b421abds1/1094949340;WM;5;https://www.liverpool.com.mx/
635;aHR0cHM6Ly93d3cubGl2ZXJwb29sLmNvbS5teC90aWVuZGEvcGRwL2xhdmFkb3JhLXdpbmlhLTIxLWtnLWdyaXMtb2JzY3Vyby1kd2YtZGIxYjQyMWFiZHMxLzEwOTQ5NDkzNDAyNzY3MTg=;SEM;2021-10-08;2020-06-03;;276718;;;;LIVERPOOL;MX;2021-10-08 03:00;WINIA;Lavadora Winia 21 kg gris obscuro DWF-DB1B421ABDS1;https://www.liverpool.com.mx/tienda/pdp/lavadora-winia-21-kg-gris-obscuro-dwf-db1b421abds1/1094949340;WM;5;https://www.liverpool.com.mx/
636;aHR0cHM6Ly93d3cubGl2ZXJwb29sLmNvbS5teC90aWVuZGEvcGRwL2xhdmFkb3JhLXdpbmlhLTIxLWtnLWdyaXMtb2JzY3Vyby1kd2YtZGIxYjQyMWFiZHMxLzEwOTQ5NDkzNDA0NDk5NDM=;SEM;2021-10-08;2020-07-31;;449943;;;;LIVERPOOL;MX;2021-10-08 03:00;WINIA;Lavadora Winia 21 kg gris obscuro DWF-DB1B421ABDS1;https://www.liverpool.com.mx/tienda/pdp/lavadora-winia-21-kg-gris-obscuro-dwf-db1b421abds1/1094949340;WM;3;https://www.liverpool.com.mx/
637;aHR0cHM6Ly93d3cubGl2ZXJwb29sLmNvbS5teC90aWVuZGEvcGRwL2xhdmFkb3JhLXdpbmlhLTIxLWtnLWdyaXMtb2JzY3Vyby1kd2YtZGIxYjQyMWFiZHMxLzEwOTQ5NDkzNDAzODQ2Mjg=;SEM;2021-10-08;2020-07-11;;384628;;;;LIVERPOOL;MX;2021-10-08 03:00;WINIA;Lavadora Winia 21 kg gris obscuro DWF-DB1B421ABDS1;https://www.liverpool.com.mx/tienda/pdp/lavadora-winia-21-kg-gris-obscuro-dwf-db1b421abds1/1094949340;WM;5;https://www.liverpool.com.mx/
638;aHR0cHM6Ly93d3cubGl2ZXJwb29sLmNvbS5teC90aWVuZGEvcGRwL2xhdmFkb3JhLXdpbmlhLTIxLWtnLWdyaXMtb2JzY3Vyby1kd2YtZGIxYjQyMWFiZHMxLzEwOTQ5NDkzNDAyMzY1ODM=;SEM;2021-10-08;2020-05-03;;236583;;;;LIVERPOOL;MX;2021-10-08 03:00;WINIA;Lavadora Winia 21 kg gris obscuro DWF-DB1B421ABDS1;https://www.liverpool.com.mx/tienda/pdp/lavadora-winia-21-kg-gris-obscuro-dwf-db1b421abds1/1094949340;WM;5;https://www.liverpool.com.mx/
639;aHR0cHM6Ly93d3cubGl2ZXJwb29sLmNvbS5teC90aWVuZGEvcGRwL2xhdmFkb3JhLXdpbmlhLTIxLWtnLWdyaXMtb2JzY3Vyby1kd2YtZGIxYjQyMWFiZHMxLzEwOTQ5NDkzNDA0NTc4OTA=;SEM;2021-10-08;2020-08-02;;457890;;;;LIVERPOOL;MX;2021-10-08 03:00;WINIA;Lavadora Winia 21 kg gris obscuro DWF-DB1B421ABDS1;https://www.liverpool.com.mx/tienda/pdp/lavadora-winia-21-kg-gris-obscuro-dwf-db1b421abds1/1094949340;WM;5;https://www.liverpool.com.mx/
640;aHR0cHM6Ly93d3cubGl2ZXJwb29sLmNvbS5teC90aWVuZGEvcGRwL2xhdmFkb3JhLXdpbmlhLTIxLWtnLWdyaXMtb2JzY3Vyby1kd2YtZGIxYjQyMWFiZHMxLzEwOTQ5NDkzNDA0NjcyNjE=;SEM;2021-10-08;2020-08-03;;467261;;;;LIVERPOOL;MX;2021-10-08 03:00;WINIA;Lavadora Winia 21 kg gris obscuro DWF-DB1B421ABDS1;https://www.liverpool.com.mx/tienda/pdp/lavadora-winia-21-kg-gris-obscuro-dwf-db1b421abds1/1094949340;WM;1;https://www.liverpool.com.mx/
641;aHR0cHM6Ly93d3cubGl2ZXJwb29sLmNvbS5teC90aWVuZGEvcGRwL2xhdmFkb3JhLXdpbmlhLTIxLWtnLWdyaXMtb2JzY3Vyby1kd2YtZGIxYjQyMWFiZHMxLzEwOTQ5NDkzNDA0Mzk3Njc=;SEM;2021-10-08;2020-07-29;;439767;;;;LIVERPOOL;MX;2021-10-08 03:00;WINIA;Lavadora Winia 21 kg gris obscuro DWF-DB1B421ABDS1;https://www.liverpool.com.mx/tienda/pdp/lavadora-winia-21-kg-gris-obscuro-dwf-db1b421abds1/1094949340;WM;5;https://www.liverpool.com.mx/
642;aHR0cHM6Ly93d3cubGl2ZXJwb29sLmNvbS5teC90aWVuZGEvcGRwL2xhdmFkb3JhLXdpbmlhLTIxLWtnLWdyaXMtb2JzY3Vyby1kd2YtZGIxYjQyMWFiZHMxLzEwOTQ5NDkzNDA0NDg3NDQ=;SEM;2021-10-08;2020-07-31;;448744;;;;LIVERPOOL;MX;2021-10-08 03:00;WINIA;Lavadora Winia 21 kg gris obscuro DWF-DB1B421ABDS1;https://www.liverpool.com.mx/tienda/pdp/lavadora-winia-21-kg-gris-obscuro-dwf-db1b421abds1/1094949340;WM;3;https://www.liverpool.com.mx/
643;aHR0cHM6Ly93d3cubGl2ZXJwb29sLmNvbS5teC90aWVuZGEvcGRwL2xhdmFkb3JhLXdpbmlhLTIxLWtnLWdyaXMtb2JzY3Vyby1kd2YtZGIxYjQyMWFiZHMxLzEwOTQ5NDkzNDA3NTM5MDU=;SEM;2021-10-08;2021-01-30;;753905;;;;LIVERPOOL;MX;2021-10-08 03:00;WINIA;Lavadora Winia 21 kg gris obscuro DWF-DB1B421ABDS1;https://www.liverpool.com.mx/tienda/pdp/lavadora-winia-21-kg-gris-obscuro-dwf-db1b421abds1/1094949340;WM;5;https://www.liverpool.com.mx/
644;aHR0cHM6Ly93d3cubGl2ZXJwb29sLmNvbS5teC90aWVuZGEvcGRwL2xhdmFkb3JhLXdpbmlhLTIxLWtnLWdyaXMtb2JzY3Vyby1kd2YtZGIxYjQyMWFiZHMxLzEwOTQ5NDkzNDA5MjM4MjQ=;SEM;2021-10-08;2021-04-27;;923824;;;;LIVERPOOL;MX;2021-10-08 03:00;WINIA;Lavadora Winia 21 kg gris obscuro DWF-DB1B421ABDS1;https://www.liverpool.com.mx/tienda/pdp/lavadora-winia-21-kg-gris-obscuro-dwf-db1b421abds1/1094949340;WM;4;https://www.liverpool.com.mx/
645;aHR0cHM6Ly93d3cubGl2ZXJwb29sLmNvbS5teC90aWVuZGEvcGRwL2xhdmFkb3JhLXdpbmlhLTIxLWtnLWdyaXMtb2JzY3Vyby1kd2YtZGIxYjQyMWFiZHMxLzEwOTQ5NDkzNDA4NDg2OTM=;SEM;2021-10-08;2021-03-15;;848693;;;;LIVERPOOL;MX;2021-10-08 03:00;WINIA;Lavadora Winia 21 kg gris obscuro DWF-DB1B421ABDS1;https://www.liverpool.com.mx/tienda/pdp/lavadora-winia-21-kg-gris-obscuro-dwf-db1b421abds1/1094949340;WM;5;https://www.liverpool.com.mx/
646;aHR0cHM6Ly93d3cubGl2ZXJwb29sLmNvbS5teC90aWVuZGEvcGRwL2xhdmFkb3JhLXdpbmlhLTIxLWtnLWdyaXMtb2JzY3Vyby1kd2YtZGIxYjQyMWFiZHMxLzEwOTQ5NDkzNDAxMTcyMTM5;SEM;2021-10-08;2021-07-29;;1172139;;;;LIVERPOOL;MX;2021-10-08 03:00;WINIA;Lavadora Winia 21 kg gris obscuro DWF-DB1B421ABDS1;https://www.liverpool.com.mx/tienda/pdp/lavadora-winia-21-kg-gris-obscuro-dwf-db1b421abds1/1094949340;WM;5;https://www.liverpool.com.mx/
647;aHR0cHM6Ly93d3cubGl2ZXJwb29sLmNvbS5teC90aWVuZGEvcGRwL2xhdmFkb3JhLXdpbmlhLTIxLWtnLWdyaXMtb2JzY3Vyby1kd2YtZGIxYjQyMWFiZHMxLzEwOTQ5NDkzNDA5MTE4MTU=;SEM;2021-10-08;2021-04-19;;911815;;;;LIVERPOOL;MX;2021-10-08 03:00;WINIA;Lavadora Winia 21 kg gris obscuro DWF-DB1B421ABDS1;https://www.liverpool.com.mx/tienda/pdp/lavadora-winia-21-kg-gris-obscuro-dwf-db1b421abds1/1094949340;WM;5;https://www.liverpool.com.mx/
648;aHR0cHM6Ly93d3cubGl2ZXJwb29sLmNvbS5teC90aWVuZGEvcGRwL2xhdmFkb3JhLXdpbmlhLTIxLWtnLWdyaXMtb2JzY3Vyby1kd2YtZGIxYjQyMWFiZHMxLzEwOTQ5NDkzNDA4NzQ1Mzk=;SEM;2021-10-08;2021-03-28;;874539;;;;LIVERPOOL;MX;2021-10-08 03:00;WINIA;Lavadora Winia 21 kg gris obscuro DWF-DB1B421ABDS1;https://www.liverpool.com.mx/tienda/pdp/lavadora-winia-21-kg-gris-obscuro-dwf-db1b421abds1/1094949340;WM;4;https://www.liverpool.com.mx/
649;aHR0cHM6Ly93d3cubGl2ZXJwb29sLmNvbS5teC90aWVuZGEvcGRwL2xhdmFkb3JhLXdpbmlhLTIxLWtnLWdyaXMtb2JzY3Vyby1kd2YtZGIxYjQyMWFiZHMxLzEwOTQ5NDkzNDA4MzIwODg=;SEM;2021-10-08;2021-03-07;;832088;;;;LIVERPOOL;MX;2021-10-08 03:00;WINIA;Lavadora Winia 21 kg gris obscuro DWF-DB1B421ABDS1;https://www.liverpool.com.mx/tienda/pdp/lavadora-winia-21-kg-gris-obscuro-dwf-db1b421abds1/1094949340;WM;4;https://www.liverpool.com.mx/
650;aHR0cHM6Ly93d3cubGl2ZXJwb29sLmNvbS5teC90aWVuZGEvcGRwL2xhdmFkb3JhLXdpbmlhLTIxLWtnLWdyaXMtb2JzY3Vyby1kd2YtZGIxYjQyMWFiZHMxLzEwOTQ5NDkzNDA3OTc1NTk=;SEM;2021-10-08;2021-02-20;;797559;;;;LIVERPOOL;MX;2021-10-08 03:00;WINIA;Lavadora Winia 21 kg gris obscuro DWF-DB1B421ABDS1;https://www.liverpool.com.mx/tienda/pdp/lavadora-winia-21-kg-gris-obscuro-dwf-db1b421abds1/1094949340;WM;5;https://www.liverpool.com.mx/
651;aHR0cHM6Ly93d3cubGl2ZXJwb29sLmNvbS5teC90aWVuZGEvcGRwL2xhdmFkb3JhLXdpbmlhLTIxLWtnLWdyaXMtb2JzY3Vyby1kd2YtZGIxYjQyMWFiZHMxLzEwOTQ5NDkzNDA3NzUzODM=;SEM;2021-10-08;2021-02-11;;775383;;;;LIVERPOOL;MX;2021-10-08 03:00;WINIA;Lavadora Winia 21 kg gris obscuro DWF-DB1B421ABDS1;https://www.liverpool.com.mx/tienda/pdp/lavadora-winia-21-kg-gris-obscuro-dwf-db1b421abds1/1094949340;WM;4;https://www.liverpool.com.mx/
652;aHR0cHM6Ly93d3cubGl2ZXJwb29sLmNvbS5teC90aWVuZGEvcGRwL2xhdmFkb3JhLXdpbmlhLTIxLWtnLWdyaXMtb2JzY3Vyby1kd2YtZGIxYjQyMWFiZHMxLzEwOTQ5NDkzNDA0MzUzNTY=;SEM;2021-10-08;2020-07-28;;435356;;;;LIVERPOOL;MX;2021-10-08 03:00;WINIA;Lavadora Winia 21 kg gris obscuro DWF-DB1B421ABDS1;https://www.liverpool.com.mx/tienda/pdp/lavadora-winia-21-kg-gris-obscuro-dwf-db1b421abds1/1094949340;WM;3;https://www.liverpool.com.mx/
653;aHR0cHM6Ly93d3cubGl2ZXJwb29sLmNvbS5teC90aWVuZGEvcGRwL2xhdmFkb3JhLXdpbmlhLTIxLWtnLWdyaXMtb2JzY3Vyby1kd2YtZGIxYjQyMWFiZHMxLzEwOTQ5NDkzNDA0NjI2NDE=;SEM;2021-10-08;2020-08-02;;462641;;;;LIVERPOOL;MX;2021-10-08 03:00;WINIA;Lavadora Winia 21 kg gris obscuro DWF-DB1B421ABDS1;https://www.liverpool.com.mx/tienda/pdp/lavadora-winia-21-kg-gris-obscuro-dwf-db1b421abds1/1094949340;WM;5;https://www.liverpool.com.mx/
654;aHR0cHM6Ly93d3cubGl2ZXJwb29sLmNvbS5teC90aWVuZGEvcGRwL2xhdmFkb3JhLXdpbmlhLTIxLWtnLWdyaXMtb2JzY3Vyby1kd2YtZGIxYjQyMWFiZHMxLzEwOTQ5NDkzNDA1NDY3OTI=;SEM;2021-10-08;2020-08-23;;546792;;;;LIVERPOOL;MX;2021-10-08 03:00;WINIA;Lavadora Winia 21 kg gris obscuro DWF-DB1B421ABDS1;https://www.liverpool.com.mx/tienda/pdp/lavadora-winia-21-kg-gris-obscuro-dwf-db1b421abds1/1094949340;WM;5;https://www.liverpool.com.mx/
655;aHR0cHM6Ly93d3cubGl2ZXJwb29sLmNvbS5teC90aWVuZGEvcGRwL0xhdmFzZWNhZG9yYS1MRy1lbCVDMyVBOWN0cmljYS0xNi1rZy1XRDE2V0cyUzYvMTEwNTA5NDU0Njk1ODg3NQ==;SEM;2021-10-08;2021-05-10;;958875;;;;LIVERPOOL;MX;2021-10-08 03:14;LG;Lavasecadora LG eléctrica 16 kg WD16WG2S6;https://www.liverpool.com.mx/tienda/pdp/Lavasecadora-LG-el%C3%A9ctrica-16-kg-WD16WG2S6/1105094546;WM;4;https://www.liverpool.com.mx/
656;aHR0cHM6Ly93d3cubGl2ZXJwb29sLmNvbS5teC90aWVuZGEvcGRwL0NvbWJvLWRlLWxhdmFkb3JhLVdpbmlhLTIxLWtnLWF1dG9tJUMzJUExdGljYS1jYXJnYS1zdXBlcmlvci1EV0YtREIxQjQyMUFCRFMvMTEwNDU4NzU4MTEwMDAyNTQ=;SEM;2021-10-08;2021-05-24;;1000254;;;;LIVERPOOL;MX;2021-10-08 03:28;WINIA;Combo de lavadora Winia 21 kg automática carga superior DWF-DB1B421ABDS;https://www.liverpool.com.mx/tienda/pdp/Combo-de-lavadora-Winia-21-kg-autom%C3%A1tica-carga-superior-DWF-DB1B421ABDS/1104587581;WM;5;https://www.liverpool.com.mx/
657;aHR0cHM6Ly93d3cubGl2ZXJwb29sLmNvbS5teC90aWVuZGEvcGRwL0NvbWJvLWRlLWxhdmFkb3JhLVdpbmlhLTIxLWtnLWF1dG9tJUMzJUExdGljYS1jYXJnYS1zdXBlcmlvci1EV0YtREIxQjQyMUFCRFMvMTEwNDU4NzU4MTEwMjIzOTY=;SEM;2021-10-08;2021-06-01;;1022396;;;;LIVERPOOL;MX;2021-10-08 03:28;WINIA;Combo de lavadora Winia 21 kg automática carga superior DWF-DB1B421ABDS;https://www.liverpool.com.mx/tienda/pdp/Combo-de-lavadora-Winia-21-kg-autom%C3%A1tica-carga-superior-DWF-DB1B421ABDS/1104587581;WM;5;https://www.liverpool.com.mx/
658;aHR0cHM6Ly93d3cubGl2ZXJwb29sLmNvbS5teC90aWVuZGEvcGRwL0NvbWJvLWRlLWxhdmFkb3JhLVdpbmlhLTIxLWtnLWF1dG9tJUMzJUExdGljYS1jYXJnYS1zdXBlcmlvci1EV0YtREIxQjQyMUFCRFMvMTEwNDU4NzU4MTEwODc5OTI=;SEM;2021-10-08;2021-06-21;;1087992;;;;LIVERPOOL;MX;2021-10-08 03:28;WINIA;Combo de lavadora Winia 21 kg automática carga superior DWF-DB1B421ABDS;https://www.liverpool.com.mx/tienda/pdp/Combo-de-lavadora-Winia-21-kg-autom%C3%A1tica-carga-superior-DWF-DB1B421ABDS/1104587581;WM;5;https://www.liverpool.com.mx/
659;aHR0cHM6Ly93d3cubGl2ZXJwb29sLmNvbS5teC90aWVuZGEvcGRwL0NvbWJvLWRlLWxhdmFkb3JhLVdpbmlhLTIxLWtnLWF1dG9tJUMzJUExdGljYS1jYXJnYS1zdXBlcmlvci1EV0YtREIxQjQyMUFCRFMvMTEwNDU4NzU4MTEwNTM5MDI=;SEM;2021-10-08;2021-06-11;;1053902;;;;LIVERPOOL;MX;2021-10-08 03:28;WINIA;Combo de lavadora Winia 21 kg automática carga superior DWF-DB1B421ABDS;https://www.liverpool.com.mx/tienda/pdp/Combo-de-lavadora-Winia-21-kg-autom%C3%A1tica-carga-superior-DWF-DB1B421ABDS/1104587581;WM;5;https://www.liverpool.com.mx/
660;aHR0cHM6Ly93d3cubGl2ZXJwb29sLmNvbS5teC90aWVuZGEvcGRwL0NvbWJvLWRlLWxhdmFkb3JhLVdpbmlhLTIxLWtnLWF1dG9tJUMzJUExdGljYS1jYXJnYS1zdXBlcmlvci1EV0YtREIxQjQyMUFCRFMvMTEwNDU4NzU4MTEwNTIyMjI=;SEM;2021-10-08;2021-06-10;;1052222;;;;LIVERPOOL;MX;2021-10-08 03:28;WINIA;Combo de lavadora Winia 21 kg automática carga superior DWF-DB1B421ABDS;https://www.liverpool.com.mx/tienda/pdp/Combo-de-lavadora-Winia-21-kg-autom%C3%A1tica-carga-superior-DWF-DB1B421ABDS/1104587581;WM;5;https://www.liverpool.com.mx/
661;aHR0cHM6Ly93d3cubGl2ZXJwb29sLmNvbS5teC90aWVuZGEvcGRwL0NvbWJvLWRlLWxhdmFkb3JhLVdpbmlhLTIxLWtnLWF1dG9tJUMzJUExdGljYS1jYXJnYS1zdXBlcmlvci1EV0YtREIxQjQyMUFCRFMvMTEwNDU4NzU4MTEwODI0NDY=;SEM;2021-10-08;2021-06-19;;1082446;;;;LIVERPOOL;MX;2021-10-08 03:28;WINIA;Combo de lavadora Winia 21 kg automática carga superior DWF-DB1B421ABDS;https://www.liverpool.com.mx/tienda/pdp/Combo-de-lavadora-Winia-21-kg-autom%C3%A1tica-carga-superior-DWF-DB1B421ABDS/1104587581;WM;5;https://www.liverpool.com.mx/
662;aHR0cHM6Ly93d3cubGl2ZXJwb29sLmNvbS5teC90aWVuZGEvcGRwL0NvbWJvLWRlLWxhdmFkb3JhLVdpbmlhLTIxLWtnLWF1dG9tJUMzJUExdGljYS1jYXJnYS1zdXBlcmlvci1EV0YtREIxQjQyMUFCRFMvMTEwNDU4NzU4MTEwNTQ1NDQ=;SEM;2021-10-08;2021-06-11;;1054544;;;;LIVERPOOL;MX;2021-10-08 03:28;WINIA;Combo de lavadora Winia 21 kg automática carga superior DWF-DB1B421ABDS;https://www.liverpool.com.mx/tienda/pdp/Combo-de-lavadora-Winia-21-kg-autom%C3%A1tica-carga-superior-DWF-DB1B421ABDS/1104587581;WM;5;https://www.liverpool.com.mx/
663;aHR0cHM6Ly93d3cubGl2ZXJwb29sLmNvbS5teC90aWVuZGEvcGRwL0NvbWJvLWRlLWxhdmFkb3JhLVdpbmlhLTIxLWtnLWF1dG9tJUMzJUExdGljYS1jYXJnYS1zdXBlcmlvci1EV0YtREIxQjQyMUFCRFMvMTEwNDU4NzU4MTEwMjc0MjU=;SEM;2021-10-08;2021-06-03;;1027425;;;;LIVERPOOL;MX;2021-10-08 03:28;WINIA;Combo de lavadora Winia 21 kg automática carga superior DWF-DB1B421ABDS;https://www.liverpool.com.mx/tienda/pdp/Combo-de-lavadora-Winia-21-kg-autom%C3%A1tica-carga-superior-DWF-DB1B421ABDS/1104587581;WM;5;https://www.liverpool.com.mx/
664;aHR0cHM6Ly93d3cubGl2ZXJwb29sLmNvbS5teC90aWVuZGEvcGRwL0NvbWJvLWRlLWxhdmFkb3JhLVdpbmlhLTIxLWtnLWF1dG9tJUMzJUExdGljYS1jYXJnYS1zdXBlcmlvci1EV0YtREIxQjQyMUFCRFMvMTEwNDU4NzU4MTEwMjc0NTI=;SEM;2021-10-08;2021-06-03;;1027452;;;;LIVERPOOL;MX;2021-10-08 03:28;WINIA;Combo de lavadora Winia 21 kg automática carga superior DWF-DB1B421ABDS;https://www.liverpool.com.mx/tienda/pdp/Combo-de-lavadora-Winia-21-kg-autom%C3%A1tica-carga-superior-DWF-DB1B421ABDS/1104587581;WM;5;https://www.liverpool.com.mx/
665;aHR0cHM6Ly93d3cubGl2ZXJwb29sLmNvbS5teC90aWVuZGEvcGRwL0NvbWJvLWRlLWxhdmFkb3JhLVdpbmlhLTIxLWtnLWF1dG9tJUMzJUExdGljYS1jYXJnYS1zdXBlcmlvci1EV0YtREIxQjQyMUFCRFMvMTEwNDU4NzU4MTExMjc0MDU=;SEM;2021-10-08;2021-07-06;;1127405;;;;LIVERPOOL;MX;2021-10-08 03:28;WINIA;Combo de lavadora Winia 21 kg automática carga superior DWF-DB1B421ABDS;https://www.liverpool.com.mx/tienda/pdp/Combo-de-lavadora-Winia-21-kg-autom%C3%A1tica-carga-superior-DWF-DB1B421ABDS/1104587581;WM;4;https://www.liverpool.com.mx/
666;aHR0cHM6Ly93d3cubGl2ZXJwb29sLmNvbS5teC90aWVuZGEvcGRwL0NvbWJvLWRlLWxhdmFkb3JhLVdpbmlhLTIxLWtnLWF1dG9tJUMzJUExdGljYS1jYXJnYS1zdXBlcmlvci1EV0YtREIxQjQyMUFCRFMvMTEwNDU4NzU4MTEyNDI4OTY=;SEM;2021-10-08;2021-09-02;;1242896;;;;LIVERPOOL;MX;2021-10-08 03:28;WINIA;Combo de lavadora Winia 21 kg automática carga superior DWF-DB1B421ABDS;https://www.liverpool.com.mx/tienda/pdp/Combo-de-lavadora-Winia-21-kg-autom%C3%A1tica-carga-superior-DWF-DB1B421ABDS/1104587581;WM;5;https://www.liverpool.com.mx/
667;aHR0cHM6Ly93d3cubGl2ZXJwb29sLmNvbS5teC90aWVuZGEvcGRwL0NvbWJvLWRlLWxhdmFkb3JhLVdpbmlhLTIxLWtnLWF1dG9tJUMzJUExdGljYS1jYXJnYS1zdXBlcmlvci1EV0YtREIxQjQyMUFCRFMvMTEwNDU4NzU4MTExMTk1NDU=;SEM;2021-10-08;2021-07-03;;1119545;;;;LIVERPOOL;MX;2021-10-08 03:28;WINIA;Combo de lavadora Winia 21 kg automática carga superior DWF-DB1B421ABDS;https://www.liverpool.com.mx/tienda/pdp/Combo-de-lavadora-Winia-21-kg-autom%C3%A1tica-carga-superior-DWF-DB1B421ABDS/1104587581;WM;5;https://www.liverpool.com.mx/
668;aHR0cHM6Ly93d3cubGl2ZXJwb29sLmNvbS5teC90aWVuZGEvcGRwL0NvbWJvLWRlLWxhdmFkb3JhLVdpbmlhLTIxLWtnLWF1dG9tJUMzJUExdGljYS1jYXJnYS1zdXBlcmlvci1EV0YtREIxQjQyMUFCRFMvMTEwNDU4NzU4MTExMTM0MTQ=;SEM;2021-10-08;2021-06-30;;1113414;;;;LIVERPOOL;MX;2021-10-08 03:28;WINIA;Combo de lavadora Winia 21 kg automática carga superior DWF-DB1B421ABDS;https://www.liverpool.com.mx/tienda/pdp/Combo-de-lavadora-Winia-21-kg-autom%C3%A1tica-carga-superior-DWF-DB1B421ABDS/1104587581;WM;5;https://www.liverpool.com.mx/
669;aHR0cHM6Ly93d3cubGl2ZXJwb29sLmNvbS5teC90aWVuZGEvcGRwL0NvbWJvLWRlLWxhdmFkb3JhLVdpbmlhLTIxLWtnLWF1dG9tJUMzJUExdGljYS1jYXJnYS1zdXBlcmlvci1EV0YtREIxQjQyMUFCRFMvMTEwNDU4NzU4MTEwODI5NTQ=;SEM;2021-10-08;2021-06-19;;1082954;;;;LIVERPOOL;MX;2021-10-08 03:28;WINIA;Combo de lavadora Winia 21 kg automática carga superior DWF-DB1B421ABDS;https://www.liverpool.com.mx/tienda/pdp/Combo-de-lavadora-Winia-21-kg-autom%C3%A1tica-carga-superior-DWF-DB1B421ABDS/1104587581;WM;5;https://www.liverpool.com.mx/
670;aHR0cHM6Ly93d3cubGl2ZXJwb29sLmNvbS5teC90aWVuZGEvcGRwL0NvbWJvLWRlLWxhdmFkb3JhLVdpbmlhLTIxLWtnLWF1dG9tJUMzJUExdGljYS1jYXJnYS1zdXBlcmlvci1EV0YtREIxQjQyMUFCRFMvMTEwNDU4NzU4MTExOTU4OTA=;SEM;2021-10-08;2021-08-09;;1195890;;;;LIVERPOOL;MX;2021-10-08 03:28;WINIA;Combo de lavadora Winia 21 kg automática carga superior DWF-DB1B421ABDS;https://www.liverpool.com.mx/tienda/pdp/Combo-de-lavadora-Winia-21-kg-autom%C3%A1tica-carga-superior-DWF-DB1B421ABDS/1104587581;WM;5;https://www.liverpool.com.mx/
671;aHR0cHM6Ly93d3cubGl2ZXJwb29sLmNvbS5teC90aWVuZGEvcGRwL0NvbWJvLWRlLWxhdmFkb3JhLVdpbmlhLTIxLWtnLWF1dG9tJUMzJUExdGljYS1jYXJnYS1zdXBlcmlvci1EV0YtREIxQjQyMUFCRFMvMTEwNDU4NzU4MTEwOTE5NjA=;SEM;2021-10-08;2021-06-23;;1091960;;;;LIVERPOOL;MX;2021-10-08 03:28;WINIA;Combo de lavadora Winia 21 kg automática carga superior DWF-DB1B421ABDS;https://www.liverpool.com.mx/tienda/pdp/Combo-de-lavadora-Winia-21-kg-autom%C3%A1tica-carga-superior-DWF-DB1B421ABDS/1104587581;WM;5;https://www.liverpool.com.mx/
672;aHR0cHM6Ly93d3cubGl2ZXJwb29sLmNvbS5teC90aWVuZGEvcGRwL0NvbWJvLWRlLWxhdmFkb3JhLVdpbmlhLTIxLWtnLWF1dG9tJUMzJUExdGljYS1jYXJnYS1zdXBlcmlvci1EV0YtREIxQjQyMUFCRFMvMTEwNDU4NzU4MTEwOTk0MDc=;SEM;2021-10-08;2021-06-26;;1099407;;;;LIVERPOOL;MX;2021-10-08 03:28;WINIA;Combo de lavadora Winia 21 kg automática carga superior DWF-DB1B421ABDS;https://www.liverpool.com.mx/tienda/pdp/Combo-de-lavadora-Winia-21-kg-autom%C3%A1tica-carga-superior-DWF-DB1B421ABDS/1104587581;WM;5;https://www.liverpool.com.mx/
673;aHR0cHM6Ly93d3cubGl2ZXJwb29sLmNvbS5teC90aWVuZGEvcGRwL0NvbWJvLWRlLWxhdmFkb3JhLVdpbmlhLTIxLWtnLWF1dG9tJUMzJUExdGljYS1jYXJnYS1zdXBlcmlvci1EV0YtREIxQjQyMUFCRFMvMTEwNDU4NzU4MTExMDQwMTc=;SEM;2021-10-08;2021-06-27;;1104017;;;;LIVERPOOL;MX;2021-10-08 03:28;WINIA;Combo de lavadora Winia 21 kg automática carga superior DWF-DB1B421ABDS;https://www.liverpool.com.mx/tienda/pdp/Combo-de-lavadora-Winia-21-kg-autom%C3%A1tica-carga-superior-DWF-DB1B421ABDS/1104587581;WM;5;https://www.liverpool.com.mx/
674;aHR0cHM6Ly93d3cubGl2ZXJwb29sLmNvbS5teC90aWVuZGEvcGRwL0NvbWJvLWRlLWxhdmFkb3JhLVdpbmlhLTIxLWtnLWF1dG9tJUMzJUExdGljYS1jYXJnYS1zdXBlcmlvci1EV0YtREIxQjQyMUFCRFMvMTEwNDU4NzU4MTExMTE0NDk=;SEM;2021-10-08;2021-06-29;;1111449;;;;LIVERPOOL;MX;2021-10-08 03:28;WINIA;Combo de lavadora Winia 21 kg automática carga superior DWF-DB1B421ABDS;https://www.liverpool.com.mx/tienda/pdp/Combo-de-lavadora-Winia-21-kg-autom%C3%A1tica-carga-superior-DWF-DB1B421ABDS/1104587581;WM;5;https://www.liverpool.com.mx/
675;aHR0cHM6Ly93d3cubGl2ZXJwb29sLmNvbS5teC90aWVuZGEvcGRwL0NvbWJvLWRlLWxhdmFkb3JhLVdpbmlhLTIxLWtnLWF1dG9tJUMzJUExdGljYS1jYXJnYS1zdXBlcmlvci1EV0YtREIxQjQyMUFCRFMvMTEwNDU4NzU4MTExMTQ4MTM=;SEM;2021-10-08;2021-07-01;;1114813;;;;LIVERPOOL;MX;2021-10-08 03:28;WINIA;Combo de lavadora Winia 21 kg automática carga superior DWF-DB1B421ABDS;https://www.liverpool.com.mx/tienda/pdp/Combo-de-lavadora-Winia-21-kg-autom%C3%A1tica-carga-superior-DWF-DB1B421ABDS/1104587581;WM;5;https://www.liverpool.com.mx/
676;aHR0cHM6Ly93d3cubGl2ZXJwb29sLmNvbS5teC90aWVuZGEvcGRwL0NvbWJvLWRlLWxhdmFkb3JhLVdpbmlhLTIxLWtnLWF1dG9tJUMzJUExdGljYS1jYXJnYS1zdXBlcmlvci1EV0YtREIxQjQyMUFCRFMvMTEwNDU4NzU4MTEwNzg5NzM=;SEM;2021-10-08;2021-06-18;;1078973;;;;LIVERPOOL;MX;2021-10-08 03:28;WINIA;Combo de lavadora Winia 21 kg automática carga superior DWF-DB1B421ABDS;https://www.liverpool.com.mx/tienda/pdp/Combo-de-lavadora-Winia-21-kg-autom%C3%A1tica-carga-superior-DWF-DB1B421ABDS/1104587581;WM;5;https://www.liverpool.com.mx/
677;aHR0cHM6Ly93d3cubGl2ZXJwb29sLmNvbS5teC90aWVuZGEvcGRwL0NvbWJvLWRlLWxhdmFkb3JhLVdpbmlhLTIxLWtnLWF1dG9tJUMzJUExdGljYS1jYXJnYS1zdXBlcmlvci1EV0YtREIxQjQyMUFCRFMvMTEwNDU4NzU4MTEwODI4MTY=;SEM;2021-10-08;2021-06-19;;1082816;;;;LIVERPOOL;MX;2021-10-08 03:28;WINIA;Combo de lavadora Winia 21 kg automática carga superior DWF-DB1B421ABDS;https://www.liverpool.com.mx/tienda/pdp/Combo-de-lavadora-Winia-21-kg-autom%C3%A1tica-carga-superior-DWF-DB1B421ABDS/1104587581;WM;5;https://www.liverpool.com.mx/
678;aHR0cHM6Ly93d3cubGl2ZXJwb29sLmNvbS5teC90aWVuZGEvcGRwL0NvbWJvLWRlLWxhdmFkb3JhLVdpbmlhLTIxLWtnLWF1dG9tJUMzJUExdGljYS1jYXJnYS1zdXBlcmlvci1EV0YtREIxQjQyMUFCRFMvMTEwNDU4NzU4MTExMDYzNjk=;SEM;2021-10-08;2021-06-27;;1106369;;;;LIVERPOOL;MX;2021-10-08 03:28;WINIA;Combo de lavadora Winia 21 kg automática carga superior DWF-DB1B421ABDS;https://www.liverpool.com.mx/tienda/pdp/Combo-de-lavadora-Winia-21-kg-autom%C3%A1tica-carga-superior-DWF-DB1B421ABDS/1104587581;WM;5;https://www.liverpool.com.mx/
679;aHR0cHM6Ly93d3cubGl2ZXJwb29sLmNvbS5teC90aWVuZGEvcGRwL0NvbWJvLWRlLWxhdmFkb3JhLVdpbmlhLTIxLWtnLWF1dG9tJUMzJUExdGljYS1jYXJnYS1zdXBlcmlvci1EV0YtREIxQjQyMUFCRFMvMTEwNDU4NzU4MTEwOTYzOTA=;SEM;2021-10-08;2021-06-24;;1096390;;;;LIVERPOOL;MX;2021-10-08 03:28;WINIA;Combo de lavadora Winia 21 kg automática carga superior DWF-DB1B421ABDS;https://www.liverpool.com.mx/tienda/pdp/Combo-de-lavadora-Winia-21-kg-autom%C3%A1tica-carga-superior-DWF-DB1B421ABDS/1104587581;WM;5;https://www.liverpool.com.mx/
680;aHR0cHM6Ly93d3cubGl2ZXJwb29sLmNvbS5teC90aWVuZGEvcGRwL0NvbWJvLWRlLWxhdmFkb3JhLVdpbmlhLTIxLWtnLWF1dG9tJUMzJUExdGljYS1jYXJnYS1zdXBlcmlvci1EV0YtREIxQjQyMUFCRFMvMTEwNDU4NzU4MTEyODc2MjY=;SEM;2021-10-08;2021-09-27;;1287626;;;;LIVERPOOL;MX;2021-10-08 03:28;WINIA;Combo de lavadora Winia 21 kg automática carga superior DWF-DB1B421ABDS;https://www.liverpool.com.mx/tienda/pdp/Combo-de-lavadora-Winia-21-kg-autom%C3%A1tica-carga-superior-DWF-DB1B421ABDS/1104587581;WM;5;https://www.liverpool.com.mx/
681;aHR0cHM6Ly93d3cubGl2ZXJwb29sLmNvbS5teC90aWVuZGEvcGRwL0NvbWJvLWRlLWxhdmFkb3JhLVdpbmlhLTIxLWtnLWF1dG9tJUMzJUExdGljYS1jYXJnYS1zdXBlcmlvci1EV0YtREIxQjQyMUFCRFMvMTEwNDU4NzU4MTExMTMzMTY=;SEM;2021-10-08;2021-06-30;;1113316;;;;LIVERPOOL;MX;2021-10-08 03:28;WINIA;Combo de lavadora Winia 21 kg automática carga superior DWF-DB1B421ABDS;https://www.liverpool.com.mx/tienda/pdp/Combo-de-lavadora-Winia-21-kg-autom%C3%A1tica-carga-superior-DWF-DB1B421ABDS/1104587581;WM;5;https://www.liverpool.com.mx/
682;aHR0cHM6Ly93d3cubGl2ZXJwb29sLmNvbS5teC90aWVuZGEvcGRwL0NvbWJvLWRlLWxhdmFkb3JhLVdpbmlhLTIxLWtnLWF1dG9tJUMzJUExdGljYS1jYXJnYS1zdXBlcmlvci1EV0YtREIxQjQyMUFCRFMvMTEwNDU4NzU4MTEwOTg1MjE=;SEM;2021-10-08;2021-06-25;;1098521;;;;LIVERPOOL;MX;2021-10-08 03:28;WINIA;Combo de lavadora Winia 21 kg automática carga superior DWF-DB1B421ABDS;https://www.liverpool.com.mx/tienda/pdp/Combo-de-lavadora-Winia-21-kg-autom%C3%A1tica-carga-superior-DWF-DB1B421ABDS/1104587581;WM;4;https://www.liverpool.com.mx/
683;aHR0cHM6Ly93d3cubGl2ZXJwb29sLmNvbS5teC90aWVuZGEvcGRwL0NvbWJvLWRlLWxhdmFkb3JhLVdpbmlhLTIxLWtnLWF1dG9tJUMzJUExdGljYS1jYXJnYS1zdXBlcmlvci1EV0YtREIxQjQyMUFCRFMvMTEwNDU4NzU4MTEwNzY5NjM=;SEM;2021-10-08;2021-06-18;;1076963;;;;LIVERPOOL;MX;2021-10-08 03:28;WINIA;Combo de lavadora Winia 21 kg automática carga superior DWF-DB1B421ABDS;https://www.liverpool.com.mx/tienda/pdp/Combo-de-lavadora-Winia-21-kg-autom%C3%A1tica-carga-superior-DWF-DB1B421ABDS/1104587581;WM;4;https://www.liverpool.com.mx/
684;aHR0cHM6Ly93d3cubGl2ZXJwb29sLmNvbS5teC90aWVuZGEvcGRwL0NvbWJvLWRlLWxhdmFkb3JhLVdpbmlhLTIxLWtnLWF1dG9tJUMzJUExdGljYS1jYXJnYS1zdXBlcmlvci1EV0YtREIxQjQyMUFCRFMvMTEwNDU4NzU4MTExMzQwNzY=;SEM;2021-10-08;2021-07-10;;1134076;;;;LIVERPOOL;MX;2021-10-08 03:28;WINIA;Combo de lavadora Winia 21 kg automática carga superior DWF-DB1B421ABDS;https://www.liverpool.com.mx/tienda/pdp/Combo-de-lavadora-Winia-21-kg-autom%C3%A1tica-carga-superior-DWF-DB1B421ABDS/1104587581;WM;4;https://www.liverpool.com.mx/
685;aHR0cHM6Ly93d3cubGl2ZXJwb29sLmNvbS5teC90aWVuZGEvcGRwL0NvbWJvLWRlLWxhdmFkb3JhLVdpbmlhLTIxLWtnLWF1dG9tJUMzJUExdGljYS1jYXJnYS1zdXBlcmlvci1EV0YtREIxQjQyMUFCRFMvMTEwNDU4NzU4MTEwMDM4MDU=;SEM;2021-10-08;2021-05-26;;1003805;;;;LIVERPOOL;MX;2021-10-08 03:28;WINIA;Combo de lavadora Winia 21 kg automática carga superior DWF-DB1B421ABDS;https://www.liverpool.com.mx/tienda/pdp/Combo-de-lavadora-Winia-21-kg-autom%C3%A1tica-carga-superior-DWF-DB1B421ABDS/1104587581;WM;5;https://www.liverpool.com.mx/
686;aHR0cHM6Ly93d3cubGl2ZXJwb29sLmNvbS5teC90aWVuZGEvcGRwL0xhdmFkb3JhLU1hYmUtMjQta2ctZ3Jpcy1MTUg3NDIwMVdEQUIwLzEwNDk4MTI1ODk0NTc1NA==;SEM;2021-10-08;2019-05-03;;45754;;;;LIVERPOOL;MX;2021-10-08 03:31;MABE;Lavadora Mabe 24 kg gris LMH74201WDAB0;https://www.liverpool.com.mx/tienda/pdp/Lavadora-Mabe-24-kg-gris-LMH74201WDAB0/1049812589;WM;1;https://www.liverpool.com.mx/
687;aHR0cHM6Ly93d3cubGl2ZXJwb29sLmNvbS5teC90aWVuZGEvcGRwL0xhdmFkb3JhLU1hYmUtMjQta2ctZ3Jpcy1MTUg3NDIwMVdEQUIwLzEwNDk4MTI1ODkxMTA4NzU=;SEM;2021-10-08;2019-09-28;;110875;;;;LIVERPOOL;MX;2021-10-08 03:31;MABE;Lavadora Mabe 24 kg gris LMH74201WDAB0;https://www.liverpool.com.mx/tienda/pdp/Lavadora-Mabe-24-kg-gris-LMH74201WDAB0/1049812589;WM;1;https://www.liverpool.com.mx/
688;aHR0cHM6Ly93d3cubGl2ZXJwb29sLmNvbS5teC90aWVuZGEvcGRwL0xhdmFkb3JhLU1hYmUtMjQta2ctZ3Jpcy1MTUg3NDIwMVdEQUIwLzEwNDk4MTI1ODkyMDM5MjU=;SEM;2021-10-08;2020-03-25;;203925;;;;LIVERPOOL;MX;2021-10-08 03:31;MABE;Lavadora Mabe 24 kg gris LMH74201WDAB0;https://www.liverpool.com.mx/tienda/pdp/Lavadora-Mabe-24-kg-gris-LMH74201WDAB0/1049812589;WM;5;https://www.liverpool.com.mx/
689;aHR0cHM6Ly93d3cubGl2ZXJwb29sLmNvbS5teC90aWVuZGEvcGRwL0xhdmFkb3JhLU1hYmUtMjQta2ctZ3Jpcy1MTUg3NDIwMVdEQUIwLzEwNDk4MTI1ODkxNDY5NjM=;SEM;2021-10-08;2019-12-07;;146963;;;;LIVERPOOL;MX;2021-10-08 03:31;MABE;Lavadora Mabe 24 kg gris LMH74201WDAB0;https://www.liverpool.com.mx/tienda/pdp/Lavadora-Mabe-24-kg-gris-LMH74201WDAB0/1049812589;WM;1;https://www.liverpool.com.mx/
690;aHR0cHM6Ly93d3cubGl2ZXJwb29sLmNvbS5teC90aWVuZGEvcGRwL0xhdmFkb3JhLU1hYmUtMjQta2ctZ3Jpcy1MTUg3NDIwMVdEQUIwLzEwNDk4MTI1ODkxODgzMTc=;SEM;2021-10-08;2020-02-19;;188317;;;;LIVERPOOL;MX;2021-10-08 03:31;MABE;Lavadora Mabe 24 kg gris LMH74201WDAB0;https://www.liverpool.com.mx/tienda/pdp/Lavadora-Mabe-24-kg-gris-LMH74201WDAB0/1049812589;WM;1;https://www.liverpool.com.mx/
691;aHR0cHM6Ly93d3cubGl2ZXJwb29sLmNvbS5teC90aWVuZGEvcGRwL0xhdmFkb3JhLU1hYmUtMjQta2ctZ3Jpcy1MTUg3NDIwMVdEQUIwLzEwNDk4MTI1ODkyMDIzOTQ=;SEM;2021-10-08;2020-03-22;;202394;;;;LIVERPOOL;MX;2021-10-08 03:31;MABE;Lavadora Mabe 24 kg gris LMH74201WDAB0;https://www.liverpool.com.mx/tienda/pdp/Lavadora-Mabe-24-kg-gris-LMH74201WDAB0/1049812589;WM;1;https://www.liverpool.com.mx/
692;aHR0cHM6Ly93d3cubGl2ZXJwb29sLmNvbS5teC90aWVuZGEvcGRwL0xhdmFkb3JhLU1hYmUtMjQta2ctZ3Jpcy1MTUg3NDIwMVdEQUIwLzEwNDk4MTI1ODk1MzUzMTE=;SEM;2021-10-08;2020-08-19;;535311;;;;LIVERPOOL;MX;2021-10-08 03:31;MABE;Lavadora Mabe 24 kg gris LMH74201WDAB0;https://www.liverpool.com.mx/tienda/pdp/Lavadora-Mabe-24-kg-gris-LMH74201WDAB0/1049812589;WM;1;https://www.liverpool.com.mx/
693;aHR0cHM6Ly93d3cubGl2ZXJwb29sLmNvbS5teC90aWVuZGEvcGRwL0xhdmFkb3JhLU1hYmUtMjQta2ctZ3Jpcy1MTUg3NDIwMVdEQUIwLzEwNDk4MTI1ODk3NDY2;SEM;2021-10-08;2018-11-06;;7466;;;;LIVERPOOL;MX;2021-10-08 03:31;MABE;Lavadora Mabe 24 kg gris LMH74201WDAB0;https://www.liverpool.com.mx/tienda/pdp/Lavadora-Mabe-24-kg-gris-LMH74201WDAB0/1049812589;WM;5;https://www.liverpool.com.mx/
694;aHR0cHM6Ly93d3cubGl2ZXJwb29sLmNvbS5teC90aWVuZGEvcGRwL0xhdmFkb3JhLU1hYmUtMjQta2ctZ3Jpcy1MTUg3NDIwMVdEQUIwLzEwNDk4MTI1ODk0Njc0ODY=;SEM;2021-10-08;2020-08-03;;467486;;;;LIVERPOOL;MX;2021-10-08 03:31;MABE;Lavadora Mabe 24 kg gris LMH74201WDAB0;https://www.liverpool.com.mx/tienda/pdp/Lavadora-Mabe-24-kg-gris-LMH74201WDAB0/1049812589;WM;5;https://www.liverpool.com.mx/
695;aHR0cHM6Ly93d3cubGl2ZXJwb29sLmNvbS5teC90aWVuZGEvcGRwL0xhdmFkb3JhLU1hYmUtMjQta2ctZ3Jpcy1MTUg3NDIwMVdEQUIwLzEwNDk4MTI1ODk2NDEwODU=;SEM;2021-10-08;2020-11-03;;641085;;;;LIVERPOOL;MX;2021-10-08 03:31;MABE;Lavadora Mabe 24 kg gris LMH74201WDAB0;https://www.liverpool.com.mx/tienda/pdp/Lavadora-Mabe-24-kg-gris-LMH74201WDAB0/1049812589;WM;5;https://www.liverpool.com.mx/
696;aHR0cHM6Ly93d3cubGl2ZXJwb29sLmNvbS5teC90aWVuZGEvcGRwL0xhdmFkb3JhLU1hYmUtMjQta2ctZ3Jpcy1MTUg3NDIwMVdEQUIwLzEwNDk4MTI1ODk1ODQ0;SEM;2021-10-08;2018-11-01;;5844;;;;LIVERPOOL;MX;2021-10-08 03:31;MABE;Lavadora Mabe 24 kg gris LMH74201WDAB0;https://www.liverpool.com.mx/tienda/pdp/Lavadora-Mabe-24-kg-gris-LMH74201WDAB0/1049812589;WM;5;https://www.liverpool.com.mx/
697;aHR0cHM6Ly93d3cubGl2ZXJwb29sLmNvbS5teC90aWVuZGEvcGRwL0xhdmFkb3JhLU1hYmUtMjQta2ctZ3Jpcy1MTUg3NDIwMVdEQUIwLzEwNDk4MTI1ODk4NDg2OTg=;SEM;2021-10-08;2021-03-15;;848698;;;;LIVERPOOL;MX;2021-10-08 03:31;MABE;Lavadora Mabe 24 kg gris LMH74201WDAB0;https://www.liverpool.com.mx/tienda/pdp/Lavadora-Mabe-24-kg-gris-LMH74201WDAB0/1049812589;WM;5;https://www.liverpool.com.mx/
698;aHR0cHM6Ly93d3cubGl2ZXJwb29sLmNvbS5teC90aWVuZGEvcGRwL0xhdmFkb3JhLU1hYmUtMjQta2ctZ3Jpcy1MTUg3NDIwMVdEQUIwLzEwNDk4MTI1ODk5MDcwNzY=;SEM;2021-10-08;2021-04-17;;907076;;;;LIVERPOOL;MX;2021-10-08 03:31;MABE;Lavadora Mabe 24 kg gris LMH74201WDAB0;https://www.liverpool.com.mx/tienda/pdp/Lavadora-Mabe-24-kg-gris-LMH74201WDAB0/1049812589;WM;5;https://www.liverpool.com.mx/
699;aHR0cHM6Ly93d3cubGl2ZXJwb29sLmNvbS5teC90aWVuZGEvcGRwL0xhdmFkb3JhLU1hYmUtMjQta2ctZ3Jpcy1MTUg3NDIwMVdEQUIwLzEwNDk4MTI1ODk4ODk2Nzg=;SEM;2021-10-08;2021-04-06;;889678;;;;LIVERPOOL;MX;2021-10-08 03:31;MABE;Lavadora Mabe 24 kg gris LMH74201WDAB0;https://www.liverpool.com.mx/tienda/pdp/Lavadora-Mabe-24-kg-gris-LMH74201WDAB0/1049812589;WM;5;https://www.liverpool.com.mx/
700;aHR0cHM6Ly93d3cubGl2ZXJwb29sLmNvbS5teC90aWVuZGEvcGRwL0xhdmFkb3JhLU1hYmUtMjQta2ctZ3Jpcy1MTUg3NDIwMVdEQUIwLzEwNDk4MTI1ODk5MTM0OTQ=;SEM;2021-10-08;2021-04-20;;913494;;;;LIVERPOOL;MX;2021-10-08 03:31;MABE;Lavadora Mabe 24 kg gris LMH74201WDAB0;https://www.liverpool.com.mx/tienda/pdp/Lavadora-Mabe-24-kg-gris-LMH74201WDAB0/1049812589;WM;5;https://www.liverpool.com.mx/
701;aHR0cHM6Ly93d3cubGl2ZXJwb29sLmNvbS5teC90aWVuZGEvcGRwL0xhdmFkb3JhLU1hYmUtMjQta2ctZ3Jpcy1MTUg3NDIwMVdEQUIwLzEwNDk4MTI1ODkxMDg1NjQx;SEM;2021-10-08;2021-06-20;;1085641;;;;LIVERPOOL;MX;2021-10-08 03:31;MABE;Lavadora Mabe 24 kg gris LMH74201WDAB0;https://www.liverpool.com.mx/tienda/pdp/Lavadora-Mabe-24-kg-gris-LMH74201WDAB0/1049812589;WM;5;https://www.liverpool.com.mx/
702;aHR0cHM6Ly93d3cubGl2ZXJwb29sLmNvbS5teC90aWVuZGEvcGRwL0xhdmFkb3JhLU1hYmUtMjQta2ctZ3Jpcy1MTUg3NDIwMVdEQUIwLzEwNDk4MTI1ODk5MjAwMzc=;SEM;2021-10-08;2021-04-25;;920037;;;;LIVERPOOL;MX;2021-10-08 03:31;MABE;Lavadora Mabe 24 kg gris LMH74201WDAB0;https://www.liverpool.com.mx/tienda/pdp/Lavadora-Mabe-24-kg-gris-LMH74201WDAB0/1049812589;WM;5;https://www.liverpool.com.mx/
703;aHR0cHM6Ly93d3cubGl2ZXJwb29sLmNvbS5teC90aWVuZGEvcGRwL0xhdmFkb3JhLU1hYmUtMjQta2ctZ3Jpcy1MTUg3NDIwMVdEQUIwLzEwNDk4MTI1ODkxMzA1NTc2;SEM;2021-10-08;2021-10-06;;1305576;;;;LIVERPOOL;MX;2021-10-08 03:31;MABE;Lavadora Mabe 24 kg gris LMH74201WDAB0;https://www.liverpool.com.mx/tienda/pdp/Lavadora-Mabe-24-kg-gris-LMH74201WDAB0/1049812589;WM;5;https://www.liverpool.com.mx/
704;aHR0cHM6Ly93d3cubGl2ZXJwb29sLmNvbS5teC90aWVuZGEvcGRwL0xhdmFkb3JhLU1hYmUtMjQta2ctZ3Jpcy1MTUg3NDIwMVdEQUIwLzEwNDk4MTI1ODk5MTkxOTY=;SEM;2021-10-08;2021-04-24;;919196;;;;LIVERPOOL;MX;2021-10-08 03:31;MABE;Lavadora Mabe 24 kg gris LMH74201WDAB0;https://www.liverpool.com.mx/tienda/pdp/Lavadora-Mabe-24-kg-gris-LMH74201WDAB0/1049812589;WM;3;https://www.liverpool.com.mx/
705;aHR0cHM6Ly93d3cubGl2ZXJwb29sLmNvbS5teC90aWVuZGEvcGRwL0xhdmFkb3JhLU1hYmUtMjQta2ctZ3Jpcy1MTUg3NDIwMVdEQUIwLzEwNDk4MTI1ODk2ODY2ODg=;SEM;2021-10-08;2020-12-25;;686688;;;;LIVERPOOL;MX;2021-10-08 03:31;MABE;Lavadora Mabe 24 kg gris LMH74201WDAB0;https://www.liverpool.com.mx/tienda/pdp/Lavadora-Mabe-24-kg-gris-LMH74201WDAB0/1049812589;WM;5;https://www.liverpool.com.mx/
706;aHR0cHM6Ly93d3cubGl2ZXJwb29sLmNvbS5teC90aWVuZGEvcGRwL0xhdmFkb3JhLU1hYmUtMjQta2ctZ3Jpcy1MTUg3NDIwMVdEQUIwLzEwNDk4MTI1ODkzMDQ1ODY=;SEM;2021-10-08;2020-06-14;;304586;;;;LIVERPOOL;MX;2021-10-08 03:31;MABE;Lavadora Mabe 24 kg gris LMH74201WDAB0;https://www.liverpool.com.mx/tienda/pdp/Lavadora-Mabe-24-kg-gris-LMH74201WDAB0/1049812589;WM;5;https://www.liverpool.com.mx/
707;aHR0cHM6Ly93d3cubGl2ZXJwb29sLmNvbS5teC90aWVuZGEvcGRwL0NvbWJvLWRlLUxhdmFkb3JhLSstU2VjYWRvcmEtTWFiZS1ncmlzLW9ic2N1cm8tTE1INzQyMDFTTUcxNy8xMDc4MTY0MDU3NTgzNjM=;SEM;2021-10-08;2019-06-06;;58363;;;;LIVERPOOL;MX;2021-10-08 03:32;MABE;Combo de Lavadora + Secadora Mabe gris obscuro LMH74201SMG17;https://www.liverpool.com.mx/tienda/pdp/Combo-de-Lavadora-+-Secadora-Mabe-gris-obscuro-LMH74201SMG17/1078164057;WM;5;https://www.liverpool.com.mx/
708;aHR0cHM6Ly93d3cubGl2ZXJwb29sLmNvbS5teC90aWVuZGEvcGRwL0NvbWJvLWRlLUxhdmFkb3JhLSstU2VjYWRvcmEtTWFiZS1ncmlzLW9ic2N1cm8tTE1INzQyMDFTTUcxNy8xMDc4MTY0MDU3MTM2MDM5;SEM;2021-10-08;2019-11-19;;136039;;;;LIVERPOOL;MX;2021-10-08 03:32;MABE;Combo de Lavadora + Secadora Mabe gris obscuro LMH74201SMG17;https://www.liverpool.com.mx/tienda/pdp/Combo-de-Lavadora-+-Secadora-Mabe-gris-obscuro-LMH74201SMG17/1078164057;WM;5;https://www.liverpool.com.mx/
709;aHR0cHM6Ly93d3cubGl2ZXJwb29sLmNvbS5teC90aWVuZGEvcGRwL0NvbWJvLWRlLUxhdmFkb3JhLSstU2VjYWRvcmEtTWFiZS1ncmlzLW9ic2N1cm8tTE1INzQyMDFTTUcxNy8xMDc4MTY0MDU3NjA0NTM5;SEM;2021-10-08;2020-09-15;;604539;;;;LIVERPOOL;MX;2021-10-08 03:32;MABE;Combo de Lavadora + Secadora Mabe gris obscuro LMH74201SMG17;https://www.liverpool.com.mx/tienda/pdp/Combo-de-Lavadora-+-Secadora-Mabe-gris-obscuro-LMH74201SMG17/1078164057;WM;4;https://www.liverpool.com.mx/
710;aHR0cHM6Ly93d3cubGl2ZXJwb29sLmNvbS5teC90aWVuZGEvcGRwL0NvbWJvLWRlLUxhdmFkb3JhLSstU2VjYWRvcmEtTWFiZS1ncmlzLW9ic2N1cm8tTE1INzQyMDFTTUcxNy8xMDc4MTY0MDU3MTk4MjI3;SEM;2021-10-08;2020-03-12;;198227;;;;LIVERPOOL;MX;2021-10-08 03:32;MABE;Combo de Lavadora + Secadora Mabe gris obscuro LMH74201SMG17;https://www.liverpool.com.mx/tienda/pdp/Combo-de-Lavadora-+-Secadora-Mabe-gris-obscuro-LMH74201SMG17/1078164057;WM;5;https://www.liverpool.com.mx/
711;aHR0cHM6Ly93d3cubGl2ZXJwb29sLmNvbS5teC90aWVuZGEvcGRwL0NvbWJvLWRlLUxhdmFkb3JhLSstU2VjYWRvcmEtTWFiZS1ncmlzLW9ic2N1cm8tTE1INzQyMDFTTUcxNy8xMDc4MTY0MDU3NDIzNjcw;SEM;2021-10-08;2020-07-25;;423670;;;;LIVERPOOL;MX;2021-10-08 03:32;MABE;Combo de Lavadora + Secadora Mabe gris obscuro LMH74201SMG17;https://www.liverpool.com.mx/tienda/pdp/Combo-de-Lavadora-+-Secadora-Mabe-gris-obscuro-LMH74201SMG17/1078164057;WM;5;https://www.liverpool.com.mx/
712;aHR0cHM6Ly93d3cubGl2ZXJwb29sLmNvbS5teC90aWVuZGEvcGRwL0NvbWJvLWRlLUxhdmFkb3JhLSstU2VjYWRvcmEtTWFiZS1ncmlzLW9ic2N1cm8tTE1INzQyMDFTTUcxNy8xMDc4MTY0MDU3NDU1NjQ2;SEM;2021-10-08;2020-08-01;;455646;;;;LIVERPOOL;MX;2021-10-08 03:32;MABE;Combo de Lavadora + Secadora Mabe gris obscuro LMH74201SMG17;https://www.liverpool.com.mx/tienda/pdp/Combo-de-Lavadora-+-Secadora-Mabe-gris-obscuro-LMH74201SMG17/1078164057;WM;5;https://www.liverpool.com.mx/
713;aHR0cHM6Ly93d3cubGl2ZXJwb29sLmNvbS5teC90aWVuZGEvcGRwL0NvbWJvLWRlLUxhdmFkb3JhLSstU2VjYWRvcmEtTWFiZS1ncmlzLW9ic2N1cm8tTE1INzQyMDFTTUcxNy8xMDc4MTY0MDU3MTc4NTYx;SEM;2021-10-08;2020-02-01;;178561;;;;LIVERPOOL;MX;2021-10-08 03:32;MABE;Combo de Lavadora + Secadora Mabe gris obscuro LMH74201SMG17;https://www.liverpool.com.mx/tienda/pdp/Combo-de-Lavadora-+-Secadora-Mabe-gris-obscuro-LMH74201SMG17/1078164057;WM;1;https://www.liverpool.com.mx/
714;aHR0cHM6Ly93d3cubGl2ZXJwb29sLmNvbS5teC90aWVuZGEvcGRwL0NvbWJvLWRlLUxhdmFkb3JhLSstU2VjYWRvcmEtTWFiZS1ncmlzLW9ic2N1cm8tTE1INzQyMDFTTUcxNy8xMDc4MTY0MDU3Mzg5OTEy;SEM;2021-10-08;2020-07-12;;389912;;;;LIVERPOOL;MX;2021-10-08 03:32;MABE;Combo de Lavadora + Secadora Mabe gris obscuro LMH74201SMG17;https://www.liverpool.com.mx/tienda/pdp/Combo-de-Lavadora-+-Secadora-Mabe-gris-obscuro-LMH74201SMG17/1078164057;WM;5;https://www.liverpool.com.mx/
715;aHR0cHM6Ly93d3cubGl2ZXJwb29sLmNvbS5teC90aWVuZGEvcGRwL0NvbWJvLWRlLUxhdmFkb3JhLSstU2VjYWRvcmEtTWFiZS1ncmlzLW9ic2N1cm8tTE1INzQyMDFTTUcxNy8xMDc4MTY0MDU3MTI2Njk5MQ==;SEM;2021-10-08;2021-09-15;;1266991;;;;LIVERPOOL;MX;2021-10-08 03:32;MABE;Combo de Lavadora + Secadora Mabe gris obscuro LMH74201SMG17;https://www.liverpool.com.mx/tienda/pdp/Combo-de-Lavadora-+-Secadora-Mabe-gris-obscuro-LMH74201SMG17/1078164057;WM;5;https://www.liverpool.com.mx/
716;aHR0cHM6Ly93d3cubGl2ZXJwb29sLmNvbS5teC90aWVuZGEvcGRwL0NvbWJvLWRlLUxhdmFkb3JhLSstU2VjYWRvcmEtTWFiZS1ncmlzLW9ic2N1cm8tTE1INzQyMDFTTUcxNy8xMDc4MTY0MDU3NzI0Mjc0;SEM;2021-10-08;2021-01-11;;724274;;;;LIVERPOOL;MX;2021-10-08 03:32;MABE;Combo de Lavadora + Secadora Mabe gris obscuro LMH74201SMG17;https://www.liverpool.com.mx/tienda/pdp/Combo-de-Lavadora-+-Secadora-Mabe-gris-obscuro-LMH74201SMG17/1078164057;WM;5;https://www.liverpool.com.mx/
717;aHR0cHM6Ly93d3cubGl2ZXJwb29sLmNvbS5teC90aWVuZGEvcGRwL0NvbWJvLWRlLUxhdmFkb3JhLSstU2VjYWRvcmEtTWFiZS1ncmlzLW9ic2N1cm8tTE1INzQyMDFTTUcxNy8xMDc4MTY0MDU3MTI5MTYyOA==;SEM;2021-10-08;2021-09-29;;1291628;;;;LIVERPOOL;MX;2021-10-08 03:32;MABE;Combo de Lavadora + Secadora Mabe gris obscuro LMH74201SMG17;https://www.liverpool.com.mx/tienda/pdp/Combo-de-Lavadora-+-Secadora-Mabe-gris-obscuro-LMH74201SMG17/1078164057;WM;5;https://www.liverpool.com.mx/
718;aHR0cHM6Ly93d3cubGl2ZXJwb29sLmNvbS5teC90aWVuZGEvcGRwL0NvbWJvLWRlLUxhdmFkb3JhLSstU2VjYWRvcmEtTWFiZS1ncmlzLW9ic2N1cm8tTE1INzQyMDFTTUcxNy8xMDc4MTY0MDU3MTI3MTIyOA==;SEM;2021-10-08;2021-09-18;;1271228;;;;LIVERPOOL;MX;2021-10-08 03:32;MABE;Combo de Lavadora + Secadora Mabe gris obscuro LMH74201SMG17;https://www.liverpool.com.mx/tienda/pdp/Combo-de-Lavadora-+-Secadora-Mabe-gris-obscuro-LMH74201SMG17/1078164057;WM;5;https://www.liverpool.com.mx/
719;aHR0cHM6Ly93d3cubGl2ZXJwb29sLmNvbS5teC90aWVuZGEvcGRwL0NvbWJvLWRlLUxhdmFkb3JhLSstU2VjYWRvcmEtTWFiZS1ncmlzLW9ic2N1cm8tTE1INzQyMDFTTUcxNy8xMDc4MTY0MDU3MTE4ODU2Mg==;SEM;2021-10-08;2021-08-06;;1188562;;;;LIVERPOOL;MX;2021-10-08 03:32;MABE;Combo de Lavadora + Secadora Mabe gris obscuro LMH74201SMG17;https://www.liverpool.com.mx/tienda/pdp/Combo-de-Lavadora-+-Secadora-Mabe-gris-obscuro-LMH74201SMG17/1078164057;WM;5;https://www.liverpool.com.mx/
720;aHR0cHM6Ly93d3cubGl2ZXJwb29sLmNvbS5teC90aWVuZGEvcGRwL0NvbWJvLWRlLUxhdmFkb3JhLSstU2VjYWRvcmEtTWFiZS1ncmlzLW9ic2N1cm8tTE1INzQyMDFTTUcxNy8xMDc4MTY0MDU3NDEyNjI3;SEM;2021-10-08;2020-07-20;;412627;;;;LIVERPOOL;MX;2021-10-08 03:32;MABE;Combo de Lavadora + Secadora Mabe gris obscuro LMH74201SMG17;https://www.liverpool.com.mx/tienda/pdp/Combo-de-Lavadora-+-Secadora-Mabe-gris-obscuro-LMH74201SMG17/1078164057;WM;5;https://www.liverpool.com.mx/
721;aHR0cHM6Ly93d3cubGl2ZXJwb29sLmNvbS5teC90aWVuZGEvcGRwL0NvbWJvLWRlLUxhdmFkb3JhLSstU2VjYWRvcmEtTWFiZS1ncmlzLW9ic2N1cm8tTE1INzQyMDFTTUcxNy8xMDc4MTY0MDU3NzE4NTg1;SEM;2021-10-08;2021-01-07;;718585;;;;LIVERPOOL;MX;2021-10-08 03:32;MABE;Combo de Lavadora + Secadora Mabe gris obscuro LMH74201SMG17;https://www.liverpool.com.mx/tienda/pdp/Combo-de-Lavadora-+-Secadora-Mabe-gris-obscuro-LMH74201SMG17/1078164057;WM;5;https://www.liverpool.com.mx/
722;aHR0cHM6Ly93d3cubGl2ZXJwb29sLmNvbS5teC90aWVuZGEvcGRwL0NvbWJvLWRlLUxhdmFkb3JhLSstU2VjYWRvcmEtTWFiZS1ncmlzLW9ic2N1cm8tTE1INzQyMDFTTUcxNy8xMDc4MTY0MDU3MTI3MjQ0Nw==;SEM;2021-10-08;2021-09-18;;1272447;;;;LIVERPOOL;MX;2021-10-08 03:32;MABE;Combo de Lavadora + Secadora Mabe gris obscuro LMH74201SMG17;https://www.liverpool.com.mx/tienda/pdp/Combo-de-Lavadora-+-Secadora-Mabe-gris-obscuro-LMH74201SMG17/1078164057;WM;4;https://www.liverpool.com.mx/
723;aHR0cHM6Ly93d3cubGl2ZXJwb29sLmNvbS5teC90aWVuZGEvcGRwL0NvbWJvLWRlLUxhdmFkb3JhLSstU2VjYWRvcmEtTWFiZS1ncmlzLW9ic2N1cm8tTE1INzQyMDFTTUcxNy8xMDc4MTY0MDU3NTEyODM0;SEM;2021-10-08;2020-08-12;;512834;;;;LIVERPOOL;MX;2021-10-08 03:32;MABE;Combo de Lavadora + Secadora Mabe gris obscuro LMH74201SMG17;https://www.liverpool.com.mx/tienda/pdp/Combo-de-Lavadora-+-Secadora-Mabe-gris-obscuro-LMH74201SMG17/1078164057;WM;5;https://www.liverpool.com.mx/
724;aHR0cHM6Ly93d3cubGl2ZXJwb29sLmNvbS5teC90aWVuZGEvcGRwL0NvbWJvLWRlLUxhdmFkb3JhLSstU2VjYWRvcmEtTWFiZS1ncmlzLW9ic2N1cm8tTE1INzQyMDFTTUcxNy8xMDc4MTY0MDU3MjYyMjgx;SEM;2021-10-08;2020-05-23;;262281;;;;LIVERPOOL;MX;2021-10-08 03:32;MABE;Combo de Lavadora + Secadora Mabe gris obscuro LMH74201SMG17;https://www.liverpool.com.mx/tienda/pdp/Combo-de-Lavadora-+-Secadora-Mabe-gris-obscuro-LMH74201SMG17/1078164057;WM;5;https://www.liverpool.com.mx/
725;aHR0cHM6Ly93d3cubGl2ZXJwb29sLmNvbS5teC90aWVuZGEvcGRwL0NvbWJvLVJlZnJpZ2VyYWRvci0rLUxhdmFkb3JhLSstTWljcm9vbmRhcy1XaW5pYS1ERlI0MDU0MEdORFgvRFdGREcxQjM4NkNTVy9LT1IxTjNBMC8xMDYyNTkxMTUwNjE4MzA=;SEM;2021-10-08;2019-06-14;;61830;;;;LIVERPOOL;MX;2021-10-08 03:33;WINIA;Combo Refrigerador + Lavadora + Microondas Winia DFR40540GNDX/DWFDG1B386CSW/KOR1N3A0;https://www.liverpool.com.mx/tienda/pdp/Combo-Refrigerador-+-Lavadora-+-Microondas-Winia-DFR40540GNDX/DWFDG1B386CSW/KOR1N3A0/1062591150;WM;5;https://www.liverpool.com.mx/
726;aHR0cHM6Ly93d3cubGl2ZXJwb29sLmNvbS5teC90aWVuZGEvcGRwL0NvbWJvLVJlZnJpZ2VyYWRvci0rLUxhdmFkb3JhLSstTWljcm9vbmRhcy1XaW5pYS1ERlI0MDU0MEdORFgvRFdGREcxQjM4NkNTVy9LT1IxTjNBMC8xMDYyNTkxMTUwMTc3ODkx;SEM;2021-10-08;2020-01-31;;177891;;;;LIVERPOOL;MX;2021-10-08 03:33;WINIA;Combo Refrigerador + Lavadora + Microondas Winia DFR40540GNDX/DWFDG1B386CSW/KOR1N3A0;https://www.liverpool.com.mx/tienda/pdp/Combo-Refrigerador-+-Lavadora-+-Microondas-Winia-DFR40540GNDX/DWFDG1B386CSW/KOR1N3A0/1062591150;WM;3;https://www.liverpool.com.mx/
727;aHR0cHM6Ly93d3cubGl2ZXJwb29sLmNvbS5teC90aWVuZGEvcGRwL0NvbWJvLVJlZnJpZ2VyYWRvci0rLUxhdmFkb3JhLSstTWljcm9vbmRhcy1XaW5pYS1ERlI0MDU0MEdORFgvRFdGREcxQjM4NkNTVy9LT1IxTjNBMC8xMDYyNTkxMTUwMTE4MDc0Ng==;SEM;2021-10-08;2021-08-02;;1180746;;;;LIVERPOOL;MX;2021-10-08 03:33;WINIA;Combo Refrigerador + Lavadora + Microondas Winia DFR40540GNDX/DWFDG1B386CSW/KOR1N3A0;https://www.liverpool.com.mx/tienda/pdp/Combo-Refrigerador-+-Lavadora-+-Microondas-Winia-DFR40540GNDX/DWFDG1B386CSW/KOR1N3A0/1062591150;WM;5;https://www.liverpool.com.mx/
728;aHR0cHM6Ly93d3cubGl2ZXJwb29sLmNvbS5teC90aWVuZGEvcGRwL0NvbWJvLVJlZnJpZ2VyYWRvci0rLUxhdmFkb3JhLSstTWljcm9vbmRhcy1XaW5pYS1ERlI0MDU0MEdORFgvRFdGREcxQjM4NkNTVy9LT1IxTjNBMC8xMDYyNTkxMTUwNDI4Mzg3;SEM;2021-10-08;2020-07-27;;428387;;;;LIVERPOOL;MX;2021-10-08 03:33;WINIA;Combo Refrigerador + Lavadora + Microondas Winia DFR40540GNDX/DWFDG1B386CSW/KOR1N3A0;https://www.liverpool.com.mx/tienda/pdp/Combo-Refrigerador-+-Lavadora-+-Microondas-Winia-DFR40540GNDX/DWFDG1B386CSW/KOR1N3A0/1062591150;WM;4;https://www.liverpool.com.mx/
729;aHR0cHM6Ly93d3cubGl2ZXJwb29sLmNvbS5teC90aWVuZGEvcGRwL0NvbWJvLVJlZnJpZ2VyYWRvci0rLUxhdmFkb3JhLSstTWljcm9vbmRhcy1XaW5pYS1ERlI0MDU0MEdORFgvRFdGREcxQjM4NkNTVy9LT1IxTjNBMC8xMDYyNTkxMTUwMTI4NzA0NA==;SEM;2021-10-08;2021-09-26;;1287044;;;;LIVERPOOL;MX;2021-10-08 03:33;WINIA;Combo Refrigerador + Lavadora + Microondas Winia DFR40540GNDX/DWFDG1B386CSW/KOR1N3A0;https://www.liverpool.com.mx/tienda/pdp/Combo-Refrigerador-+-Lavadora-+-Microondas-Winia-DFR40540GNDX/DWFDG1B386CSW/KOR1N3A0/1062591150;WM;5;https://www.liverpool.com.mx/
730;aHR0cHM6Ly93d3cubGl2ZXJwb29sLmNvbS5teC90aWVuZGEvcGRwL0NvbWJvLVJlZnJpZ2VyYWRvci0rLUxhdmFkb3JhLSstTWljcm9vbmRhcy1XaW5pYS1ERlI0MDU0MEdORFgvRFdGREcxQjM4NkNTVy9LT1IxTjNBMC8xMDYyNTkxMTUwMTA2MzQ1Nw==;SEM;2021-10-08;2021-06-13;;1063457;;;;LIVERPOOL;MX;2021-10-08 03:33;WINIA;Combo Refrigerador + Lavadora + Microondas Winia DFR40540GNDX/DWFDG1B386CSW/KOR1N3A0;https://www.liverpool.com.mx/tienda/pdp/Combo-Refrigerador-+-Lavadora-+-Microondas-Winia-DFR40540GNDX/DWFDG1B386CSW/KOR1N3A0/1062591150;WM;4;https://www.liverpool.com.mx/
731;aHR0cHM6Ly93d3cubGl2ZXJwb29sLmNvbS5teC90aWVuZGEvcGRwL0NvbWJvLVJlZnJpZ2VyYWRvci0rLUxhdmFkb3JhLSstTWljcm9vbmRhcy1XaW5pYS1ERlI0MDU0MEdORFgvRFdGREcxQjM4NkNTVy9LT1IxTjNBMC8xMDYyNTkxMTUwNjU2NDUw;SEM;2021-10-08;2020-11-24;;656450;;;;LIVERPOOL;MX;2021-10-08 03:33;WINIA;Combo Refrigerador + Lavadora + Microondas Winia DFR40540GNDX/DWFDG1B386CSW/KOR1N3A0;https://www.liverpool.com.mx/tienda/pdp/Combo-Refrigerador-+-Lavadora-+-Microondas-Winia-DFR40540GNDX/DWFDG1B386CSW/KOR1N3A0/1062591150;WM;4;https://www.liverpool.com.mx/
732;aHR0cHM6Ly93d3cubGl2ZXJwb29sLmNvbS5teC90aWVuZGEvcGRwL0NvbWJvLVJlZnJpZ2VyYWRvci0rLUxhdmFkb3JhLSstTWljcm9vbmRhcy1XaW5pYS1ERlI0MDU0MEdORFgvRFdGREcxQjM4NkNTVy9LT1IxTjNBMC8xMDYyNTkxMTUwOTI5OTMw;SEM;2021-10-08;2021-05-01;;929930;;;;LIVERPOOL;MX;2021-10-08 03:33;WINIA;Combo Refrigerador + Lavadora + Microondas Winia DFR40540GNDX/DWFDG1B386CSW/KOR1N3A0;https://www.liverpool.com.mx/tienda/pdp/Combo-Refrigerador-+-Lavadora-+-Microondas-Winia-DFR40540GNDX/DWFDG1B386CSW/KOR1N3A0/1062591150;WM;5;https://www.liverpool.com.mx/
733;aHR0cHM6Ly93d3cubGl2ZXJwb29sLmNvbS5teC90aWVuZGEvcGRwL0NvbWJvLVJlZnJpZ2VyYWRvci0rLUxhdmFkb3JhLSstTWljcm9vbmRhcy1XaW5pYS1ERlI0MDU0MEdORFgvRFdGREcxQjM4NkNTVy9LT1IxTjNBMC8xMDYyNTkxMTUwODg3ODgy;SEM;2021-10-08;2021-04-05;;887882;;;;LIVERPOOL;MX;2021-10-08 03:33;WINIA;Combo Refrigerador + Lavadora + Microondas Winia DFR40540GNDX/DWFDG1B386CSW/KOR1N3A0;https://www.liverpool.com.mx/tienda/pdp/Combo-Refrigerador-+-Lavadora-+-Microondas-Winia-DFR40540GNDX/DWFDG1B386CSW/KOR1N3A0/1062591150;WM;5;https://www.liverpool.com.mx/
734;aHR0cHM6Ly93d3cubGl2ZXJwb29sLmNvbS5teC90aWVuZGEvcGRwL0NvbWJvLVJlZnJpZ2VyYWRvci0rLUxhdmFkb3JhLSstTWljcm9vbmRhcy1XaW5pYS1ERlI0MDU0MEdORFgvRFdGREcxQjM4NkNTVy9LT1IxTjNBMC8xMDYyNTkxMTUwMjcyODk0;SEM;2021-10-08;2020-05-31;;272894;;;;LIVERPOOL;MX;2021-10-08 03:33;WINIA;Combo Refrigerador + Lavadora + Microondas Winia DFR40540GNDX/DWFDG1B386CSW/KOR1N3A0;https://www.liverpool.com.mx/tienda/pdp/Combo-Refrigerador-+-Lavadora-+-Microondas-Winia-DFR40540GNDX/DWFDG1B386CSW/KOR1N3A0/1062591150;WM;4;https://www.liverpool.com.mx/
735;aHR0cHM6Ly93d3cubGl2ZXJwb29sLmNvbS5teC90aWVuZGEvcGRwL0NvbWJvLVJlZnJpZ2VyYWRvci0rLUxhdmFkb3JhLSstTWljcm9vbmRhcy1XaW5pYS1ERlI0MDU0MEdORFgvRFdGREcxQjM4NkNTVy9LT1IxTjNBMC8xMDYyNTkxMTUwMTczMjAz;SEM;2021-10-08;2020-01-23;;173203;;;;LIVERPOOL;MX;2021-10-08 03:33;WINIA;Combo Refrigerador + Lavadora + Microondas Winia DFR40540GNDX/DWFDG1B386CSW/KOR1N3A0;https://www.liverpool.com.mx/tienda/pdp/Combo-Refrigerador-+-Lavadora-+-Microondas-Winia-DFR40540GNDX/DWFDG1B386CSW/KOR1N3A0/1062591150;WM;5;https://www.liverpool.com.mx/
736;aHR0cHM6Ly93d3cubGl2ZXJwb29sLmNvbS5teC90aWVuZGEvcGRwL0NvbWJvLVJlZnJpZ2VyYWRvci0rLUxhdmFkb3JhLSstTWljcm9vbmRhcy1XaW5pYS1ERlI0MDU0MEdORFgvRFdGREcxQjM4NkNTVy9LT1IxTjNBMC8xMDYyNTkxMTUwNTIzOTkx;SEM;2021-10-08;2020-08-17;;523991;;;;LIVERPOOL;MX;2021-10-08 03:33;WINIA;Combo Refrigerador + Lavadora + Microondas Winia DFR40540GNDX/DWFDG1B386CSW/KOR1N3A0;https://www.liverpool.com.mx/tienda/pdp/Combo-Refrigerador-+-Lavadora-+-Microondas-Winia-DFR40540GNDX/DWFDG1B386CSW/KOR1N3A0/1062591150;WM;5;https://www.liverpool.com.mx/
737;aHR0cHM6Ly93d3cubGl2ZXJwb29sLmNvbS5teC90aWVuZGEvcGRwL0NvbWJvLVJlZnJpZ2VyYWRvci0rLUxhdmFkb3JhLSstTWljcm9vbmRhcy1XaW5pYS1ERlI0MDU0MEdORFgvRFdGREcxQjM4NkNTVy9LT1IxTjNBMC8xMDYyNTkxMTUwNTIzMzMw;SEM;2021-10-08;2020-08-16;;523330;;;;LIVERPOOL;MX;2021-10-08 03:33;WINIA;Combo Refrigerador + Lavadora + Microondas Winia DFR40540GNDX/DWFDG1B386CSW/KOR1N3A0;https://www.liverpool.com.mx/tienda/pdp/Combo-Refrigerador-+-Lavadora-+-Microondas-Winia-DFR40540GNDX/DWFDG1B386CSW/KOR1N3A0/1062591150;WM;5;https://www.liverpool.com.mx/
738;aHR0cHM6Ly93d3cubGl2ZXJwb29sLmNvbS5teC90aWVuZGEvcGRwL0NvbWJvLVJlZnJpZ2VyYWRvci0rLUxhdmFkb3JhLSstTWljcm9vbmRhcy1XaW5pYS1ERlI0MDU0MEdORFgvRFdGREcxQjM4NkNTVy9LT1IxTjNBMC8xMDYyNTkxMTUwNjQ1MTc0;SEM;2021-10-08;2020-11-10;;645174;;;;LIVERPOOL;MX;2021-10-08 03:33;WINIA;Combo Refrigerador + Lavadora + Microondas Winia DFR40540GNDX/DWFDG1B386CSW/KOR1N3A0;https://www.liverpool.com.mx/tienda/pdp/Combo-Refrigerador-+-Lavadora-+-Microondas-Winia-DFR40540GNDX/DWFDG1B386CSW/KOR1N3A0/1062591150;WM;5;https://www.liverpool.com.mx/
739;aHR0cHM6Ly93d3cubGl2ZXJwb29sLmNvbS5teC90aWVuZGEvcGRwL0NvbWJvLVJlZnJpZ2VyYWRvci0rLUxhdmFkb3JhLSstTWljcm9vbmRhcy1XaW5pYS1ERlI0MDU0MEdORFgvRFdGREcxQjM4NkNTVy9LT1IxTjNBMC8xMDYyNTkxMTUwNTczMzYx;SEM;2021-10-08;2020-09-01;;573361;;;;LIVERPOOL;MX;2021-10-08 03:33;WINIA;Combo Refrigerador + Lavadora + Microondas Winia DFR40540GNDX/DWFDG1B386CSW/KOR1N3A0;https://www.liverpool.com.mx/tienda/pdp/Combo-Refrigerador-+-Lavadora-+-Microondas-Winia-DFR40540GNDX/DWFDG1B386CSW/KOR1N3A0/1062591150;WM;5;https://www.liverpool.com.mx/
740;aHR0cHM6Ly93d3cubGl2ZXJwb29sLmNvbS5teC90aWVuZGEvcGRwL0NvbWJvLVJlZnJpZ2VyYWRvci0rLUxhdmFkb3JhLSstTWljcm9vbmRhcy1XaW5pYS1ERlI0MDU0MEdORFgvRFdGREcxQjM4NkNTVy9LT1IxTjNBMC8xMDYyNTkxMTUwNjUyMTYx;SEM;2021-10-08;2020-11-19;;652161;;;;LIVERPOOL;MX;2021-10-08 03:33;WINIA;Combo Refrigerador + Lavadora + Microondas Winia DFR40540GNDX/DWFDG1B386CSW/KOR1N3A0;https://www.liverpool.com.mx/tienda/pdp/Combo-Refrigerador-+-Lavadora-+-Microondas-Winia-DFR40540GNDX/DWFDG1B386CSW/KOR1N3A0/1062591150;WM;5;https://www.liverpool.com.mx/
741;aHR0cHM6Ly93d3cubGl2ZXJwb29sLmNvbS5teC90aWVuZGEvcGRwL0xhdmFkb3JhLU1hYmUtMjEta2ctYXV0b20lQzMlQTF0aWNhLWNhcmdhLXN1cGVyaW9yLUxNQTcxMjE1V0JBQjAvMTEwNDQ4MzU2NTEwMDQ4ODc=;SEM;2021-10-08;2021-05-26;;1004887;;;;LIVERPOOL;MX;2021-10-08 03:34;MABE;Lavadora Mabe 21 kg automática carga superior LMA71215WBAB0;https://www.liverpool.com.mx/tienda/pdp/Lavadora-Mabe-21-kg-autom%C3%A1tica-carga-superior-LMA71215WBAB0/1104483565;WM;5;https://www.liverpool.com.mx/
742;aHR0cHM6Ly93d3cubGl2ZXJwb29sLmNvbS5teC90aWVuZGEvcGRwL0xhdmFkb3JhLU1hYmUtMjEta2ctYXV0b20lQzMlQTF0aWNhLWNhcmdhLXN1cGVyaW9yLUxNQTcxMjE1V0JBQjAvMTEwNDQ4MzU2NTExNzM3MDQ=;SEM;2021-10-08;2021-07-30;;1173704;;;;LIVERPOOL;MX;2021-10-08 03:34;MABE;Lavadora Mabe 21 kg automática carga superior LMA71215WBAB0;https://www.liverpool.com.mx/tienda/pdp/Lavadora-Mabe-21-kg-autom%C3%A1tica-carga-superior-LMA71215WBAB0/1104483565;WM;5;https://www.liverpool.com.mx/
743;aHR0cHM6Ly93d3cubGl2ZXJwb29sLmNvbS5teC90aWVuZGEvcGRwL0xhdmFkb3JhLU1hYmUtMjEta2ctYXV0b20lQzMlQTF0aWNhLWNhcmdhLXN1cGVyaW9yLUxNQTcxMjE1V0JBQjAvMTEwNDQ4MzU2NTExMjI4NTk=;SEM;2021-10-08;2021-07-04;;1122859;;;;LIVERPOOL;MX;2021-10-08 03:34;MABE;Lavadora Mabe 21 kg automática carga superior LMA71215WBAB0;https://www.liverpool.com.mx/tienda/pdp/Lavadora-Mabe-21-kg-autom%C3%A1tica-carga-superior-LMA71215WBAB0/1104483565;WM;5;https://www.liverpool.com.mx/
744;aHR0cHM6Ly93d3cubGl2ZXJwb29sLmNvbS5teC90aWVuZGEvcGRwL0xhdmFkb3JhLU1hYmUtMjEta2ctYXV0b20lQzMlQTF0aWNhLWNhcmdhLXN1cGVyaW9yLUxNQTcxMjE1V0JBQjAvMTEwNDQ4MzU2NTEyMTQ0NDQ=;SEM;2021-10-08;2021-08-17;;1214444;;;;LIVERPOOL;MX;2021-10-08 03:34;MABE;Lavadora Mabe 21 kg automática carga superior LMA71215WBAB0;https://www.liverpool.com.mx/tienda/pdp/Lavadora-Mabe-21-kg-autom%C3%A1tica-carga-superior-LMA71215WBAB0/1104483565;WM;5;https://www.liverpool.com.mx/
745;aHR0cHM6Ly93d3cubGl2ZXJwb29sLmNvbS5teC90aWVuZGEvcGRwL0xhdmFkb3JhLU1hYmUtMjEta2ctYXV0b20lQzMlQTF0aWNhLWNhcmdhLXN1cGVyaW9yLUxNQTcxMjE1V0JBQjAvMTEwNDQ4MzU2NTExNzc4NzI=;SEM;2021-10-08;2021-07-31;;1177872;;;;LIVERPOOL;MX;2021-10-08 03:34;MABE;Lavadora Mabe 21 kg automática carga superior LMA71215WBAB0;https://www.liverpool.com.mx/tienda/pdp/Lavadora-Mabe-21-kg-autom%C3%A1tica-carga-superior-LMA71215WBAB0/1104483565;WM;3;https://www.liverpool.com.mx/
746;aHR0cHM6Ly93d3cubGl2ZXJwb29sLmNvbS5teC90aWVuZGEvcGRwL0xhdmFkb3JhLU1hYmUtMjEta2ctYXV0b20lQzMlQTF0aWNhLWNhcmdhLXN1cGVyaW9yLUxNQTcxMjE1V0JBQjAvMTEwNDQ4MzU2NTEyNDQwMTI=;SEM;2021-10-08;2021-09-03;;1244012;;;;LIVERPOOL;MX;2021-10-08 03:34;MABE;Lavadora Mabe 21 kg automática carga superior LMA71215WBAB0;https://www.liverpool.com.mx/tienda/pdp/Lavadora-Mabe-21-kg-autom%C3%A1tica-carga-superior-LMA71215WBAB0/1104483565;WM;5;https://www.liverpool.com.mx/
747;aHR0cHM6Ly93d3cubGl2ZXJwb29sLmNvbS5teC90aWVuZGEvcGRwL0xhdmFkb3JhLU1hYmUtMjEta2ctYXV0b20lQzMlQTF0aWNhLWNhcmdhLXN1cGVyaW9yLUxNQTcxMjE1V0JBQjAvMTEwNDQ4MzU2NTExODI2MTE=;SEM;2021-10-08;2021-08-02;;1182611;;;;LIVERPOOL;MX;2021-10-08 03:34;MABE;Lavadora Mabe 21 kg automática carga superior LMA71215WBAB0;https://www.liverpool.com.mx/tienda/pdp/Lavadora-Mabe-21-kg-autom%C3%A1tica-carga-superior-LMA71215WBAB0/1104483565;WM;5;https://www.liverpool.com.mx/
748;aHR0cHM6Ly93d3cubGl2ZXJwb29sLmNvbS5teC90aWVuZGEvcGRwL0xhdmFkb3JhLUxHLTIyLWtnLWJsYW5jYS1XVDIyV1Q2SC8xMDgyOTI0NTg5MTAyMjQw;SEM;2021-10-08;2019-09-09;;102240;;;;LIVERPOOL;MX;2021-10-08 03:36;LG;Lavadora LG 22 kg blanca WT22WT6H;https://www.liverpool.com.mx/tienda/pdp/Lavadora-LG-22-kg-blanca-WT22WT6H/1082924589;WM;4;https://www.liverpool.com.mx/
749;aHR0cHM6Ly93d3cubGl2ZXJwb29sLmNvbS5teC90aWVuZGEvcGRwL0xhdmFkb3JhLUxHLTIyLWtnLWJsYW5jYS1XVDIyV1Q2SC8xMDgyOTI0NTg5NTQ5MTA4;SEM;2021-10-08;2020-08-24;;549108;;;;LIVERPOOL;MX;2021-10-08 03:36;LG;Lavadora LG 22 kg blanca WT22WT6H;https://www.liverpool.com.mx/tienda/pdp/Lavadora-LG-22-kg-blanca-WT22WT6H/1082924589;WM;5;https://www.liverpool.com.mx/
750;aHR0cHM6Ly93d3cubGl2ZXJwb29sLmNvbS5teC90aWVuZGEvcGRwL0xhdmFkb3JhLUxHLTIyLWtnLWJsYW5jYS1XVDIyV1Q2SC8xMDgyOTI0NTg5MTIwOTQzMg==;SEM;2021-10-08;2021-08-15;;1209432;;;;LIVERPOOL;MX;2021-10-08 03:36;LG;Lavadora LG 22 kg blanca WT22WT6H;https://www.liverpool.com.mx/tienda/pdp/Lavadora-LG-22-kg-blanca-WT22WT6H/1082924589;WM;5;https://www.liverpool.com.mx/
751;aHR0cHM6Ly93d3cubGl2ZXJwb29sLmNvbS5teC90aWVuZGEvcGRwL0xhdmFkb3JhLUxHLTIyLWtnLWJsYW5jYS1XVDIyV1Q2SC8xMDgyOTI0NTg5Nzk0NTUy;SEM;2021-10-08;2021-02-19;;794552;;;;LIVERPOOL;MX;2021-10-08 03:36;LG;Lavadora LG 22 kg blanca WT22WT6H;https://www.liverpool.com.mx/tienda/pdp/Lavadora-LG-22-kg-blanca-WT22WT6H/1082924589;WM;5;https://www.liverpool.com.mx/
752;aHR0cHM6Ly93d3cubGl2ZXJwb29sLmNvbS5teC90aWVuZGEvcGRwL0xhdmFkb3JhLUxHLTIyLWtnLWJsYW5jYS1XVDIyV1Q2SC8xMDgyOTI0NTg5OTk3ODAy;SEM;2021-10-08;2021-05-23;;997802;;;;LIVERPOOL;MX;2021-10-08 03:36;LG;Lavadora LG 22 kg blanca WT22WT6H;https://www.liverpool.com.mx/tienda/pdp/Lavadora-LG-22-kg-blanca-WT22WT6H/1082924589;WM;5;https://www.liverpool.com.mx/
753;aHR0cHM6Ly93d3cubGl2ZXJwb29sLmNvbS5teC90aWVuZGEvcGRwL0xhdmFkb3JhLUxHLTIyLWtnLWJsYW5jYS1XVDIyV1Q2SC8xMDgyOTI0NTg5MTEzMTE3;SEM;2021-10-08;2019-10-03;;113117;;;;LIVERPOOL;MX;2021-10-08 03:36;LG;Lavadora LG 22 kg blanca WT22WT6H;https://www.liverpool.com.mx/tienda/pdp/Lavadora-LG-22-kg-blanca-WT22WT6H/1082924589;WM;5;https://www.liverpool.com.mx/
754;aHR0cHM6Ly93d3cubGl2ZXJwb29sLmNvbS5teC90aWVuZGEvcGRwL0xhdmFkb3JhLUxHLTIyLWtnLWJsYW5jYS1XVDIyV1Q2SC8xMDgyOTI0NTg5MjIyODI1;SEM;2021-10-08;2020-04-21;;222825;;;;LIVERPOOL;MX;2021-10-08 03:36;LG;Lavadora LG 22 kg blanca WT22WT6H;https://www.liverpool.com.mx/tienda/pdp/Lavadora-LG-22-kg-blanca-WT22WT6H/1082924589;WM;5;https://www.liverpool.com.mx/
755;aHR0cHM6Ly93d3cubGl2ZXJwb29sLmNvbS5teC90aWVuZGEvcGRwL0xhdmFkb3JhLUxHLTIyLWtnLWJsYW5jYS1XVDIyV1Q2SC8xMDgyOTI0NTg5MjAxNzA3;SEM;2021-10-08;2020-03-20;;201707;;;;LIVERPOOL;MX;2021-10-08 03:36;LG;Lavadora LG 22 kg blanca WT22WT6H;https://www.liverpool.com.mx/tienda/pdp/Lavadora-LG-22-kg-blanca-WT22WT6H/1082924589;WM;5;https://www.liverpool.com.mx/
756;aHR0cHM6Ly93d3cubGl2ZXJwb29sLmNvbS5teC90aWVuZGEvcGRwL0xhdmFkb3JhLU1hYmUtMjIta2ctYXV0b20lQzMlQTF0aWNhLWNhcmdhLXN1cGVyaW9yLUxNSDcyMjA1V0RBQjAvMTEwNDUzNzQ4NzEwMDEwOTU=;SEM;2021-10-08;2021-05-24;;1001095;;;;LIVERPOOL;MX;2021-10-08 03:37;MABE;Lavadora Mabe 22 kg automática carga superior LMH72205WDAB0;https://www.liverpool.com.mx/tienda/pdp/Lavadora-Mabe-22-kg-autom%C3%A1tica-carga-superior-LMH72205WDAB0/1104537487;WM;5;https://www.liverpool.com.mx/
757;aHR0cHM6Ly93d3cubGl2ZXJwb29sLmNvbS5teC90aWVuZGEvcGRwL0xhdmFkb3JhLU1hYmUtMjIta2ctYXV0b20lQzMlQTF0aWNhLWNhcmdhLXN1cGVyaW9yLUxNSDcyMjA1V0RBQjAvMTEwNDUzNzQ4NzExOTM4OTY=;SEM;2021-10-08;2021-08-08;;1193896;;;;LIVERPOOL;MX;2021-10-08 03:37;MABE;Lavadora Mabe 22 kg automática carga superior LMH72205WDAB0;https://www.liverpool.com.mx/tienda/pdp/Lavadora-Mabe-22-kg-autom%C3%A1tica-carga-superior-LMH72205WDAB0/1104537487;WM;4;https://www.liverpool.com.mx/
758;aHR0cHM6Ly93d3cubGl2ZXJwb29sLmNvbS5teC90aWVuZGEvcGRwL0xhdmFkb3JhLU1hYmUtMjIta2ctYXV0b20lQzMlQTF0aWNhLWNhcmdhLXN1cGVyaW9yLUxNSDcyMjA1V0RBQjAvMTEwNDUzNzQ4NzEyOTUzNjc=;SEM;2021-10-08;2021-10-01;;1295367;;;;LIVERPOOL;MX;2021-10-08 03:37;MABE;Lavadora Mabe 22 kg automática carga superior LMH72205WDAB0;https://www.liverpool.com.mx/tienda/pdp/Lavadora-Mabe-22-kg-autom%C3%A1tica-carga-superior-LMH72205WDAB0/1104537487;WM;5;https://www.liverpool.com.mx/
759;aHR0cHM6Ly93d3cubGl2ZXJwb29sLmNvbS5teC90aWVuZGEvcGRwL0xhdmFkb3JhLU1hYmUtMjIta2ctYXV0b20lQzMlQTF0aWNhLWNhcmdhLXN1cGVyaW9yLUxNSDcyMjA1V0RBQjAvMTEwNDUzNzQ4NzExNzQzMTg=;SEM;2021-10-08;2021-07-30;;1174318;;;;LIVERPOOL;MX;2021-10-08 03:37;MABE;Lavadora Mabe 22 kg automática carga superior LMH72205WDAB0;https://www.liverpool.com.mx/tienda/pdp/Lavadora-Mabe-22-kg-autom%C3%A1tica-carga-superior-LMH72205WDAB0/1104537487;WM;5;https://www.liverpool.com.mx/
760;aHR0cHM6Ly93d3cubGl2ZXJwb29sLmNvbS5teC90aWVuZGEvcGRwL0xhdmFkb3JhLUxHLTIzLWtnLWF1dG9tJUMzJUExdGljYS1jYXJnYS1zdXBlcmlvci1XVDIzV1Q2SEEvMTEwNjM1MTM3MjEyNTQ2OTE=;SEM;2021-10-08;2021-09-08;;1254691;;;;LIVERPOOL;MX;2021-10-08 03:38;LG;Lavadora LG 23 kg automática carga superior WT23WT6HA;https://www.liverpool.com.mx/tienda/pdp/Lavadora-LG-23-kg-autom%C3%A1tica-carga-superior-WT23WT6HA/1106351372;WM;5;https://www.liverpool.com.mx/
761;aHR0cHM6Ly93d3cubGl2ZXJwb29sLmNvbS5teC90aWVuZGEvcGRwL0xhdmFkb3JhLUxHLTIzLWtnLWF1dG9tJUMzJUExdGljYS1jYXJnYS1zdXBlcmlvci1XVDIzV1Q2SEEvMTEwNjM1MTM3MjEwNzA2MTM=;SEM;2021-10-08;2021-06-16;;1070613;;;;LIVERPOOL;MX;2021-10-08 03:38;LG;Lavadora LG 23 kg automática carga superior WT23WT6HA;https://www.liverpool.com.mx/tienda/pdp/Lavadora-LG-23-kg-autom%C3%A1tica-carga-superior-WT23WT6HA/1106351372;WM;5;https://www.liverpool.com.mx/
762;aHR0cHM6Ly93d3cubGl2ZXJwb29sLmNvbS5teC90aWVuZGEvcGRwL0xhdmFkb3JhLUxHLTIxLWtnLWF1dG9tJUMzJUExdGljYS1jYXJnYS1zdXBlcmlvci1XVDIxV1Q2SEtBLzExMDYzNTEzODExMDU0NTYz;SEM;2021-10-08;2021-06-11;;1054563;;;;LIVERPOOL;MX;2021-10-08 03:38;LG;Lavadora LG 21 kg automática carga superior WT21WT6HKA;https://www.liverpool.com.mx/tienda/pdp/Lavadora-LG-21-kg-autom%C3%A1tica-carga-superior-WT21WT6HKA/1106351381;WM;5;https://www.liverpool.com.mx/
763;aHR0cHM6Ly93d3cubGl2ZXJwb29sLmNvbS5teC90aWVuZGEvcGRwL0xhdmFkb3JhLUxHLTIxLWtnLWF1dG9tJUMzJUExdGljYS1jYXJnYS1zdXBlcmlvci1XVDIxV1Q2SEtBLzExMDYzNTEzODExMzA0NjE3;SEM;2021-10-08;2021-10-05;;1304617;;;;LIVERPOOL;MX;2021-10-08 03:38;LG;Lavadora LG 21 kg automática carga superior WT21WT6HKA;https://www.liverpool.com.mx/tienda/pdp/Lavadora-LG-21-kg-autom%C3%A1tica-carga-superior-WT21WT6HKA/1106351381;WM;5;https://www.liverpool.com.mx/
764;aHR0cHM6Ly93d3cubGl2ZXJwb29sLmNvbS5teC90aWVuZGEvcGRwL0xhdmFkb3JhLUxHLTIxLWtnLWF1dG9tJUMzJUExdGljYS1jYXJnYS1zdXBlcmlvci1XVDIxV1Q2SEtBLzExMDYzNTEzODExMTIyMjg3;SEM;2021-10-08;2021-07-04;;1122287;;;;LIVERPOOL;MX;2021-10-08 03:38;LG;Lavadora LG 21 kg automática carga superior WT21WT6HKA;https://www.liverpool.com.mx/tienda/pdp/Lavadora-LG-21-kg-autom%C3%A1tica-carga-superior-WT21WT6HKA/1106351381;WM;5;https://www.liverpool.com.mx/
765;aHR0cHM6Ly93d3cubGl2ZXJwb29sLmNvbS5teC90aWVuZGEvcGRwL0xhdmFkb3JhLUxHLTIyLWtnLW5lZ3JhLVdUMjJCU1M2SC8xMDk0MTE2OTMzNDE1MTgw;SEM;2021-10-08;2020-07-21;;415180;;;;LIVERPOOL;MX;2021-10-08 03:38;LG;Lavadora LG 22 kg negra WT22BSS6H;https://www.liverpool.com.mx/tienda/pdp/Lavadora-LG-22-kg-negra-WT22BSS6H/1094116933;WM;5;https://www.liverpool.com.mx/
766;aHR0cHM6Ly93d3cubGl2ZXJwb29sLmNvbS5teC90aWVuZGEvcGRwL0xhdmFkb3JhLUxHLTIyLWtnLW5lZ3JhLVdUMjJCU1M2SC8xMDk0MTE2OTMzMTE2MzEyOA==;SEM;2021-10-08;2021-07-24;;1163128;;;;LIVERPOOL;MX;2021-10-08 03:38;LG;Lavadora LG 22 kg negra WT22BSS6H;https://www.liverpool.com.mx/tienda/pdp/Lavadora-LG-22-kg-negra-WT22BSS6H/1094116933;WM;5;https://www.liverpool.com.mx/
767;aHR0cHM6Ly93d3cubGl2ZXJwb29sLmNvbS5teC90aWVuZGEvcGRwL0xhdmFkb3JhLUxHLTIyLWtnLW5lZ3JhLVdUMjJCU1M2SC8xMDk0MTE2OTMzOTA2Njk5;SEM;2021-10-08;2021-04-16;;906699;;;;LIVERPOOL;MX;2021-10-08 03:38;LG;Lavadora LG 22 kg negra WT22BSS6H;https://www.liverpool.com.mx/tienda/pdp/Lavadora-LG-22-kg-negra-WT22BSS6H/1094116933;WM;5;https://www.liverpool.com.mx/
768;aHR0cHM6Ly93d3cubGl2ZXJwb29sLmNvbS5teC90aWVuZGEvcGRwL0xhdmFkb3JhLUxHLTIyLWtnLW5lZ3JhLVdUMjJCU1M2SC8xMDk0MTE2OTMzOTQ4MTg0;SEM;2021-10-08;2021-05-07;;948184;;;;LIVERPOOL;MX;2021-10-08 03:38;LG;Lavadora LG 22 kg negra WT22BSS6H;https://www.liverpool.com.mx/tienda/pdp/Lavadora-LG-22-kg-negra-WT22BSS6H/1094116933;WM;5;https://www.liverpool.com.mx/
769;aHR0cHM6Ly93d3cubGl2ZXJwb29sLmNvbS5teC90aWVuZGEvcGRwL0xhdmFzZWNhZG9yYS1MRy1lbCVDMyVBOWN0cmljYS0yMi1rZy1XRDIyQlYyUzYvMTA5MzE1NjUwODY2NjEzNQ==;SEM;2021-10-08;2020-12-09;;666135;;;;LIVERPOOL;MX;2021-10-08 03:39;LG;Lavasecadora LG eléctrica 22 kg WD22BV2S6;https://www.liverpool.com.mx/tienda/pdp/Lavasecadora-LG-el%C3%A9ctrica-22-kg-WD22BV2S6/1093156508;WM;5;https://www.liverpool.com.mx/
770;aHR0cHM6Ly93d3cubGl2ZXJwb29sLmNvbS5teC90aWVuZGEvcGRwL0xhdmFzZWNhZG9yYS1MRy1lbCVDMyVBOWN0cmljYS0yMi1rZy1XRDIyQlYyUzYvMTA5MzE1NjUwODQwMzA2OA==;SEM;2021-10-08;2020-07-17;;403068;;;;LIVERPOOL;MX;2021-10-08 03:39;LG;Lavasecadora LG eléctrica 22 kg WD22BV2S6;https://www.liverpool.com.mx/tienda/pdp/Lavasecadora-LG-el%C3%A9ctrica-22-kg-WD22BV2S6/1093156508;WM;4;https://www.liverpool.com.mx/
771;aHR0cHM6Ly93d3cubGl2ZXJwb29sLmNvbS5teC90aWVuZGEvcGRwL0xhdmFzZWNhZG9yYS1MRy1lbCVDMyVBOWN0cmljYS0yMi1rZy1XRDIyQlYyUzYvMTA5MzE1NjUwODU5NzU2Mw==;SEM;2021-10-08;2020-09-10;;597563;;;;LIVERPOOL;MX;2021-10-08 03:39;LG;Lavasecadora LG eléctrica 22 kg WD22BV2S6;https://www.liverpool.com.mx/tienda/pdp/Lavasecadora-LG-el%C3%A9ctrica-22-kg-WD22BV2S6/1093156508;WM;3;https://www.liverpool.com.mx/
772;aHR0cHM6Ly93d3cubGl2ZXJwb29sLmNvbS5teC90aWVuZGEvcGRwL0xhdmFzZWNhZG9yYS1MRy1lbCVDMyVBOWN0cmljYS0yMi1rZy1XRDIyQlYyUzYvMTA5MzE1NjUwODI2ODMwNg==;SEM;2021-10-08;2020-05-27;;268306;;;;LIVERPOOL;MX;2021-10-08 03:39;LG;Lavasecadora LG eléctrica 22 kg WD22BV2S6;https://www.liverpool.com.mx/tienda/pdp/Lavasecadora-LG-el%C3%A9ctrica-22-kg-WD22BV2S6/1093156508;WM;5;https://www.liverpool.com.mx/
773;aHR0cHM6Ly93d3cubGl2ZXJwb29sLmNvbS5teC90aWVuZGEvcGRwL0xhdmFkb3JhLUlPLU1hYmUtMjQta2ctV01INzQyMDFXREFCLzExMDAyMTgzODcxMDAwNTA0;SEM;2021-10-08;2021-05-24;;1000504;;;;LIVERPOOL;MX;2021-10-08 03:40;MABE;Lavadora IO Mabe 24 kg WMH74201WDAB;https://www.liverpool.com.mx/tienda/pdp/Lavadora-IO-Mabe-24-kg-WMH74201WDAB/1100218387;WM;5;https://www.liverpool.com.mx/
774;aHR0cHM6Ly93d3cubGl2ZXJwb29sLmNvbS5teC90aWVuZGEvcGRwL0xhdmFkb3JhLVdpbmlhLTE2LWtnLWJsYW5jYS1EV0YtREczMjFBV1czLzEwODI1NTA2MTE4NjczMQ==;SEM;2021-10-08;2019-08-05;;86731;;;;LIVERPOOL;MX;2021-10-08 03:42;WINIA;Lavadora Winia 16 kg blanca DWF-DG321AWW3;https://www.liverpool.com.mx/tienda/pdp/Lavadora-Winia-16-kg-blanca-DWF-DG321AWW3/1082550611;WM;1;https://www.liverpool.com.mx/
775;aHR0cHM6Ly93d3cubGl2ZXJwb29sLmNvbS5teC90aWVuZGEvcGRwL0xhdmFkb3JhLVdpbmlhLTE2LWtnLWJsYW5jYS1EV0YtREczMjFBV1czLzEwODI1NTA2MTExMTU4ODQ=;SEM;2021-10-08;2019-10-09;;115884;;;;LIVERPOOL;MX;2021-10-08 03:42;WINIA;Lavadora Winia 16 kg blanca DWF-DG321AWW3;https://www.liverpool.com.mx/tienda/pdp/Lavadora-Winia-16-kg-blanca-DWF-DG321AWW3/1082550611;WM;5;https://www.liverpool.com.mx/
776;aHR0cHM6Ly93d3cubGl2ZXJwb29sLmNvbS5teC90aWVuZGEvcGRwL0xhdmFkb3JhLVdpbmlhLTE2LWtnLWJsYW5jYS1EV0YtREczMjFBV1czLzEwODI1NTA2MTEyMzY3OTQ=;SEM;2021-10-08;2020-05-04;;236794;;;;LIVERPOOL;MX;2021-10-08 03:42;WINIA;Lavadora Winia 16 kg blanca DWF-DG321AWW3;https://www.liverpool.com.mx/tienda/pdp/Lavadora-Winia-16-kg-blanca-DWF-DG321AWW3/1082550611;WM;3;https://www.liverpool.com.mx/
777;aHR0cHM6Ly93d3cubGl2ZXJwb29sLmNvbS5teC90aWVuZGEvcGRwL0xhdmFkb3JhLVdpbmlhLTE2LWtnLWJsYW5jYS1EV0YtREczMjFBV1czLzEwODI1NTA2MTE1MDczNjI=;SEM;2021-10-08;2020-08-10;;507362;;;;LIVERPOOL;MX;2021-10-08 03:42;WINIA;Lavadora Winia 16 kg blanca DWF-DG321AWW3;https://www.liverpool.com.mx/tienda/pdp/Lavadora-Winia-16-kg-blanca-DWF-DG321AWW3/1082550611;WM;1;https://www.liverpool.com.mx/
778;aHR0cHM6Ly93d3cubGl2ZXJwb29sLmNvbS5teC90aWVuZGEvcGRwL0xhdmFkb3JhLVdpbmlhLTE2LWtnLWJsYW5jYS1EV0YtREczMjFBV1czLzEwODI1NTA2MTEyMTQwOTM=;SEM;2021-10-08;2020-04-12;;214093;;;;LIVERPOOL;MX;2021-10-08 03:42;WINIA;Lavadora Winia 16 kg blanca DWF-DG321AWW3;https://www.liverpool.com.mx/tienda/pdp/Lavadora-Winia-16-kg-blanca-DWF-DG321AWW3/1082550611;WM;4;https://www.liverpool.com.mx/
779;aHR0cHM6Ly93d3cubGl2ZXJwb29sLmNvbS5teC90aWVuZGEvcGRwL0xhdmFkb3JhLVdpbmlhLTE2LWtnLWJsYW5jYS1EV0YtREczMjFBV1czLzEwODI1NTA2MTExMzU5NzM=;SEM;2021-10-08;2019-11-19;;135973;;;;LIVERPOOL;MX;2021-10-08 03:42;WINIA;Lavadora Winia 16 kg blanca DWF-DG321AWW3;https://www.liverpool.com.mx/tienda/pdp/Lavadora-Winia-16-kg-blanca-DWF-DG321AWW3/1082550611;WM;5;https://www.liverpool.com.mx/
780;aHR0cHM6Ly93d3cubGl2ZXJwb29sLmNvbS5teC90aWVuZGEvcGRwL0xhdmFkb3JhLVdpbmlhLTE2LWtnLWJsYW5jYS1EV0YtREczMjFBV1czLzEwODI1NTA2MTEyMTIwMzA=;SEM;2021-10-08;2020-04-09;;212030;;;;LIVERPOOL;MX;2021-10-08 03:42;WINIA;Lavadora Winia 16 kg blanca DWF-DG321AWW3;https://www.liverpool.com.mx/tienda/pdp/Lavadora-Winia-16-kg-blanca-DWF-DG321AWW3/1082550611;WM;5;https://www.liverpool.com.mx/
781;aHR0cHM6Ly93d3cubGl2ZXJwb29sLmNvbS5teC90aWVuZGEvcGRwL0xhdmFkb3JhLVdpbmlhLTE2LWtnLWJsYW5jYS1EV0YtREczMjFBV1czLzEwODI1NTA2MTEyMDU3MzQ=;SEM;2021-10-08;2020-03-29;;205734;;;;LIVERPOOL;MX;2021-10-08 03:42;WINIA;Lavadora Winia 16 kg blanca DWF-DG321AWW3;https://www.liverpool.com.mx/tienda/pdp/Lavadora-Winia-16-kg-blanca-DWF-DG321AWW3/1082550611;WM;5;https://www.liverpool.com.mx/
782;aHR0cHM6Ly93d3cubGl2ZXJwb29sLmNvbS5teC90aWVuZGEvcGRwL0xhdmFkb3JhLVdpbmlhLTE2LWtnLWJsYW5jYS1EV0YtREczMjFBV1czLzEwODI1NTA2MTE1MDQzMTE=;SEM;2021-10-08;2020-08-10;;504311;;;;LIVERPOOL;MX;2021-10-08 03:42;WINIA;Lavadora Winia 16 kg blanca DWF-DG321AWW3;https://www.liverpool.com.mx/tienda/pdp/Lavadora-Winia-16-kg-blanca-DWF-DG321AWW3/1082550611;WM;5;https://www.liverpool.com.mx/
783;aHR0cHM6Ly93d3cubGl2ZXJwb29sLmNvbS5teC90aWVuZGEvcGRwL0xhdmFkb3JhLVdpbmlhLTE2LWtnLWJsYW5jYS1EV0YtREczMjFBV1czLzEwODI1NTA2MTEyMDU0MzI=;SEM;2021-10-08;2020-03-29;;205432;;;;LIVERPOOL;MX;2021-10-08 03:42;WINIA;Lavadora Winia 16 kg blanca DWF-DG321AWW3;https://www.liverpool.com.mx/tienda/pdp/Lavadora-Winia-16-kg-blanca-DWF-DG321AWW3/1082550611;WM;2;https://www.liverpool.com.mx/
784;aHR0cHM6Ly93d3cubGl2ZXJwb29sLmNvbS5teC90aWVuZGEvcGRwL0xhdmFkb3JhLVdpbmlhLTE2LWtnLWJsYW5jYS1EV0YtREczMjFBV1czLzEwODI1NTA2MTE1ODgxNTU=;SEM;2021-10-08;2020-09-07;;588155;;;;LIVERPOOL;MX;2021-10-08 03:42;WINIA;Lavadora Winia 16 kg blanca DWF-DG321AWW3;https://www.liverpool.com.mx/tienda/pdp/Lavadora-Winia-16-kg-blanca-DWF-DG321AWW3/1082550611;WM;5;https://www.liverpool.com.mx/
785;aHR0cHM6Ly93d3cubGl2ZXJwb29sLmNvbS5teC90aWVuZGEvcGRwL0xhdmFkb3JhLVdpbmlhLTE2LWtnLWJsYW5jYS1EV0YtREczMjFBV1czLzEwODI1NTA2MTE1MzcxMDA=;SEM;2021-10-08;2020-08-20;;537100;;;;LIVERPOOL;MX;2021-10-08 03:42;WINIA;Lavadora Winia 16 kg blanca DWF-DG321AWW3;https://www.liverpool.com.mx/tienda/pdp/Lavadora-Winia-16-kg-blanca-DWF-DG321AWW3/1082550611;WM;5;https://www.liverpool.com.mx/
786;aHR0cHM6Ly93d3cubGl2ZXJwb29sLmNvbS5teC90aWVuZGEvcGRwL0xhdmFkb3JhLVdpbmlhLTE2LWtnLWJsYW5jYS1EV0YtREczMjFBV1czLzEwODI1NTA2MTE0NDE4NDQ=;SEM;2021-10-08;2020-07-30;;441844;;;;LIVERPOOL;MX;2021-10-08 03:42;WINIA;Lavadora Winia 16 kg blanca DWF-DG321AWW3;https://www.liverpool.com.mx/tienda/pdp/Lavadora-Winia-16-kg-blanca-DWF-DG321AWW3/1082550611;WM;5;https://www.liverpool.com.mx/
787;aHR0cHM6Ly93d3cubGl2ZXJwb29sLmNvbS5teC90aWVuZGEvcGRwL0xhdmFkb3JhLVdpbmlhLTE2LWtnLWJsYW5jYS1EV0YtREczMjFBV1czLzEwODI1NTA2MTE0NTk3OTE=;SEM;2021-10-08;2020-08-02;;459791;;;;LIVERPOOL;MX;2021-10-08 03:42;WINIA;Lavadora Winia 16 kg blanca DWF-DG321AWW3;https://www.liverpool.com.mx/tienda/pdp/Lavadora-Winia-16-kg-blanca-DWF-DG321AWW3/1082550611;WM;5;https://www.liverpool.com.mx/
788;aHR0cHM6Ly93d3cubGl2ZXJwb29sLmNvbS5teC90aWVuZGEvcGRwL0xhdmFkb3JhLVdpbmlhLTE2LWtnLWJsYW5jYS1EV0YtREczMjFBV1czLzEwODI1NTA2MTExOTY5NTE=;SEM;2021-10-08;2020-03-09;;196951;;;;LIVERPOOL;MX;2021-10-08 03:42;WINIA;Lavadora Winia 16 kg blanca DWF-DG321AWW3;https://www.liverpool.com.mx/tienda/pdp/Lavadora-Winia-16-kg-blanca-DWF-DG321AWW3/1082550611;WM;5;https://www.liverpool.com.mx/
789;aHR0cHM6Ly93d3cubGl2ZXJwb29sLmNvbS5teC90aWVuZGEvcGRwL0xhdmFkb3JhLVdpbmlhLTE2LWtnLWJsYW5jYS1EV0YtREczMjFBV1czLzEwODI1NTA2MTExNjg5NzU=;SEM;2021-10-08;2020-01-16;;168975;;;;LIVERPOOL;MX;2021-10-08 03:42;WINIA;Lavadora Winia 16 kg blanca DWF-DG321AWW3;https://www.liverpool.com.mx/tienda/pdp/Lavadora-Winia-16-kg-blanca-DWF-DG321AWW3/1082550611;WM;5;https://www.liverpool.com.mx/
790;aHR0cHM6Ly93d3cubGl2ZXJwb29sLmNvbS5teC90aWVuZGEvcGRwL0xhdmFkb3JhLVdpbmlhLTE2LWtnLWJsYW5jYS1EV0YtREczMjFBV1czLzEwODI1NTA2MTE0NjY1NTk=;SEM;2021-10-08;2020-08-03;;466559;;;;LIVERPOOL;MX;2021-10-08 03:42;WINIA;Lavadora Winia 16 kg blanca DWF-DG321AWW3;https://www.liverpool.com.mx/tienda/pdp/Lavadora-Winia-16-kg-blanca-DWF-DG321AWW3/1082550611;WM;5;https://www.liverpool.com.mx/
791;aHR0cHM6Ly93d3cubGl2ZXJwb29sLmNvbS5teC90aWVuZGEvcGRwL0xhdmFkb3JhLVdpbmlhLTE2LWtnLWJsYW5jYS1EV0YtREczMjFBV1czLzEwODI1NTA2MTE3MjQxNzI=;SEM;2021-10-08;2021-01-11;;724172;;;;LIVERPOOL;MX;2021-10-08 03:42;WINIA;Lavadora Winia 16 kg blanca DWF-DG321AWW3;https://www.liverpool.com.mx/tienda/pdp/Lavadora-Winia-16-kg-blanca-DWF-DG321AWW3/1082550611;WM;5;https://www.liverpool.com.mx/
792;aHR0cHM6Ly93d3cubGl2ZXJwb29sLmNvbS5teC90aWVuZGEvcGRwL0xhdmFkb3JhLVdpbmlhLTE2LWtnLWJsYW5jYS1EV0YtREczMjFBV1czLzEwODI1NTA2MTExOTg4Njk=;SEM;2021-10-08;2020-03-14;;198869;;;;LIVERPOOL;MX;2021-10-08 03:42;WINIA;Lavadora Winia 16 kg blanca DWF-DG321AWW3;https://www.liverpool.com.mx/tienda/pdp/Lavadora-Winia-16-kg-blanca-DWF-DG321AWW3/1082550611;WM;5;https://www.liverpool.com.mx/
793;aHR0cHM6Ly93d3cubGl2ZXJwb29sLmNvbS5teC90aWVuZGEvcGRwL0xhdmFkb3JhLVdpbmlhLTE2LWtnLWJsYW5jYS1EV0YtREczMjFBV1czLzEwODI1NTA2MTExNzYwODk=;SEM;2021-10-08;2020-01-28;;176089;;;;LIVERPOOL;MX;2021-10-08 03:42;WINIA;Lavadora Winia 16 kg blanca DWF-DG321AWW3;https://www.liverpool.com.mx/tienda/pdp/Lavadora-Winia-16-kg-blanca-DWF-DG321AWW3/1082550611;WM;5;https://www.liverpool.com.mx/
794;aHR0cHM6Ly93d3cubGl2ZXJwb29sLmNvbS5teC90aWVuZGEvcGRwL0xhdmFkb3JhLVdpbmlhLTE2LWtnLWJsYW5jYS1EV0YtREczMjFBV1czLzEwODI1NTA2MTE5MTE2MDc=;SEM;2021-10-08;2021-04-19;;911607;;;;LIVERPOOL;MX;2021-10-08 03:42;WINIA;Lavadora Winia 16 kg blanca DWF-DG321AWW3;https://www.liverpool.com.mx/tienda/pdp/Lavadora-Winia-16-kg-blanca-DWF-DG321AWW3/1082550611;WM;5;https://www.liverpool.com.mx/
795;aHR0cHM6Ly93d3cubGl2ZXJwb29sLmNvbS5teC90aWVuZGEvcGRwL0xhdmFkb3JhLVdpbmlhLTE2LWtnLWJsYW5jYS1EV0YtREczMjFBV1czLzEwODI1NTA2MTEzMDg3ODc=;SEM;2021-10-08;2020-06-16;;308787;;;;LIVERPOOL;MX;2021-10-08 03:42;WINIA;Lavadora Winia 16 kg blanca DWF-DG321AWW3;https://www.liverpool.com.mx/tienda/pdp/Lavadora-Winia-16-kg-blanca-DWF-DG321AWW3/1082550611;WM;4;https://www.liverpool.com.mx/
796;aHR0cHM6Ly93d3cubGl2ZXJwb29sLmNvbS5teC90aWVuZGEvcGRwL0xhdmFkb3JhLVdpbmlhLTE2LWtnLWJsYW5jYS1EV0YtREczMjFBV1czLzEwODI1NTA2MTExMjQ3NDkx;SEM;2021-10-08;2021-09-04;;1247491;;;;LIVERPOOL;MX;2021-10-08 03:42;WINIA;Lavadora Winia 16 kg blanca DWF-DG321AWW3;https://www.liverpool.com.mx/tienda/pdp/Lavadora-Winia-16-kg-blanca-DWF-DG321AWW3/1082550611;WM;5;https://www.liverpool.com.mx/
797;aHR0cHM6Ly93d3cubGl2ZXJwb29sLmNvbS5teC90aWVuZGEvcGRwL0xhdmFkb3JhLVdpbmlhLTE2LWtnLWJsYW5jYS1EV0YtREczMjFBV1czLzEwODI1NTA2MTE5MzI2MzA=;SEM;2021-10-08;2021-05-02;;932630;;;;LIVERPOOL;MX;2021-10-08 03:42;WINIA;Lavadora Winia 16 kg blanca DWF-DG321AWW3;https://www.liverpool.com.mx/tienda/pdp/Lavadora-Winia-16-kg-blanca-DWF-DG321AWW3/1082550611;WM;5;https://www.liverpool.com.mx/
798;aHR0cHM6Ly93d3cubGl2ZXJwb29sLmNvbS5teC90aWVuZGEvcGRwL0xhdmFkb3JhLVdpbmlhLTE2LWtnLWJsYW5jYS1EV0YtREczMjFBV1czLzEwODI1NTA2MTE5NTY0ODI=;SEM;2021-10-08;2021-05-09;;956482;;;;LIVERPOOL;MX;2021-10-08 03:42;WINIA;Lavadora Winia 16 kg blanca DWF-DG321AWW3;https://www.liverpool.com.mx/tienda/pdp/Lavadora-Winia-16-kg-blanca-DWF-DG321AWW3/1082550611;WM;5;https://www.liverpool.com.mx/
799;aHR0cHM6Ly93d3cubGl2ZXJwb29sLmNvbS5teC90aWVuZGEvcGRwL0xhdmFkb3JhLVdpbmlhLTE2LWtnLWJsYW5jYS1EV0YtREczMjFBV1czLzEwODI1NTA2MTExMjg4MjYy;SEM;2021-10-08;2021-09-27;;1288262;;;;LIVERPOOL;MX;2021-10-08 03:42;WINIA;Lavadora Winia 16 kg blanca DWF-DG321AWW3;https://www.liverpool.com.mx/tienda/pdp/Lavadora-Winia-16-kg-blanca-DWF-DG321AWW3/1082550611;WM;5;https://www.liverpool.com.mx/
800;aHR0cHM6Ly93d3cubGl2ZXJwb29sLmNvbS5teC90aWVuZGEvcGRwL0xhdmFkb3JhLVdpbmlhLTE2LWtnLWJsYW5jYS1EV0YtREczMjFBV1czLzEwODI1NTA2MTE5NjAzMzM=;SEM;2021-10-08;2021-05-10;;960333;;;;LIVERPOOL;MX;2021-10-08 03:42;WINIA;Lavadora Winia 16 kg blanca DWF-DG321AWW3;https://www.liverpool.com.mx/tienda/pdp/Lavadora-Winia-16-kg-blanca-DWF-DG321AWW3/1082550611;WM;5;https://www.liverpool.com.mx/
801;aHR0cHM6Ly93d3cubGl2ZXJwb29sLmNvbS5teC90aWVuZGEvcGRwL0xhdmFkb3JhLVdpbmlhLTE2LWtnLWJsYW5jYS1EV0YtREczMjFBV1czLzEwODI1NTA2MTE5NjY0ODg=;SEM;2021-10-08;2021-05-12;;966488;;;;LIVERPOOL;MX;2021-10-08 03:42;WINIA;Lavadora Winia 16 kg blanca DWF-DG321AWW3;https://www.liverpool.com.mx/tienda/pdp/Lavadora-Winia-16-kg-blanca-DWF-DG321AWW3/1082550611;WM;5;https://www.liverpool.com.mx/
802;aHR0cHM6Ly93d3cubGl2ZXJwb29sLmNvbS5teC90aWVuZGEvcGRwL0xhdmFkb3JhLVdpbmlhLTE2LWtnLWJsYW5jYS1EV0YtREczMjFBV1czLzEwODI1NTA2MTExMjI5MTU3;SEM;2021-10-08;2021-08-25;;1229157;;;;LIVERPOOL;MX;2021-10-08 03:42;WINIA;Lavadora Winia 16 kg blanca DWF-DG321AWW3;https://www.liverpool.com.mx/tienda/pdp/Lavadora-Winia-16-kg-blanca-DWF-DG321AWW3/1082550611;WM;5;https://www.liverpool.com.mx/
803;aHR0cHM6Ly93d3cubGl2ZXJwb29sLmNvbS5teC90aWVuZGEvcGRwL0xhdmFkb3JhLVdpbmlhLTE2LWtnLWJsYW5jYS1EV0YtREczMjFBV1czLzEwODI1NTA2MTE0NjE2NzI=;SEM;2021-10-08;2020-08-02;;461672;;;;LIVERPOOL;MX;2021-10-08 03:42;WINIA;Lavadora Winia 16 kg blanca DWF-DG321AWW3;https://www.liverpool.com.mx/tienda/pdp/Lavadora-Winia-16-kg-blanca-DWF-DG321AWW3/1082550611;WM;5;https://www.liverpool.com.mx/
804;aHR0cHM6Ly93d3cubGl2ZXJwb29sLmNvbS5teC90aWVuZGEvcGRwL0xhdmFkb3JhLVdpbmlhLTE2LWtnLWJsYW5jYS1EV0YtREczMjFBV1czLzEwODI1NTA2MTE5MzE0MzM=;SEM;2021-10-08;2021-05-01;;931433;;;;LIVERPOOL;MX;2021-10-08 03:42;WINIA;Lavadora Winia 16 kg blanca DWF-DG321AWW3;https://www.liverpool.com.mx/tienda/pdp/Lavadora-Winia-16-kg-blanca-DWF-DG321AWW3/1082550611;WM;5;https://www.liverpool.com.mx/
805;aHR0cHM6Ly93d3cubGl2ZXJwb29sLmNvbS5teC90aWVuZGEvcGRwL0xhdmFkb3JhLVdpbmlhLTE2LWtnLWJsYW5jYS1EV0YtREczMjFBV1czLzEwODI1NTA2MTE5MjMyNDc=;SEM;2021-10-08;2021-04-27;;923247;;;;LIVERPOOL;MX;2021-10-08 03:42;WINIA;Lavadora Winia 16 kg blanca DWF-DG321AWW3;https://www.liverpool.com.mx/tienda/pdp/Lavadora-Winia-16-kg-blanca-DWF-DG321AWW3/1082550611;WM;5;https://www.liverpool.com.mx/
806;aHR0cHM6Ly93d3cubGl2ZXJwb29sLmNvbS5teC90aWVuZGEvcGRwL0xhdmFkb3JhLVdpbmlhLTE2LWtnLWJsYW5jYS1EV0YtREczMjFBV1czLzEwODI1NTA2MTExMDE4NzUx;SEM;2021-10-08;2021-05-31;;1018751;;;;LIVERPOOL;MX;2021-10-08 03:42;WINIA;Lavadora Winia 16 kg blanca DWF-DG321AWW3;https://www.liverpool.com.mx/tienda/pdp/Lavadora-Winia-16-kg-blanca-DWF-DG321AWW3/1082550611;WM;5;https://www.liverpool.com.mx/
807;aHR0cHM6Ly93d3cubGl2ZXJwb29sLmNvbS5teC90aWVuZGEvcGRwL0xhdmFkb3JhLVdpbmlhLTE2LWtnLWJsYW5jYS1EV0YtREczMjFBV1czLzEwODI1NTA2MTE5NjI0Mzg=;SEM;2021-10-08;2021-05-11;;962438;;;;LIVERPOOL;MX;2021-10-08 03:42;WINIA;Lavadora Winia 16 kg blanca DWF-DG321AWW3;https://www.liverpool.com.mx/tienda/pdp/Lavadora-Winia-16-kg-blanca-DWF-DG321AWW3/1082550611;WM;5;https://www.liverpool.com.mx/
808;aHR0cHM6Ly93d3cubGl2ZXJwb29sLmNvbS5teC90aWVuZGEvcGRwL0xhdmFkb3JhLVdpbmlhLTE2LWtnLWJsYW5jYS1EV0YtREczMjFBV1czLzEwODI1NTA2MTE5NzUyNDM=;SEM;2021-10-08;2021-05-15;;975243;;;;LIVERPOOL;MX;2021-10-08 03:42;WINIA;Lavadora Winia 16 kg blanca DWF-DG321AWW3;https://www.liverpool.com.mx/tienda/pdp/Lavadora-Winia-16-kg-blanca-DWF-DG321AWW3/1082550611;WM;5;https://www.liverpool.com.mx/
809;aHR0cHM6Ly93d3cubGl2ZXJwb29sLmNvbS5teC90aWVuZGEvcGRwL0xhdmFkb3JhLVdpbmlhLTE2LWtnLWJsYW5jYS1EV0YtREczMjFBV1czLzEwODI1NTA2MTE5MjIwMDM=;SEM;2021-10-08;2021-04-26;;922003;;;;LIVERPOOL;MX;2021-10-08 03:42;WINIA;Lavadora Winia 16 kg blanca DWF-DG321AWW3;https://www.liverpool.com.mx/tienda/pdp/Lavadora-Winia-16-kg-blanca-DWF-DG321AWW3/1082550611;WM;5;https://www.liverpool.com.mx/
810;aHR0cHM6Ly93d3cubGl2ZXJwb29sLmNvbS5teC90aWVuZGEvcGRwL0xhdmFkb3JhLVdpbmlhLTE2LWtnLWJsYW5jYS1EV0YtREczMjFBV1czLzEwODI1NTA2MTE0NjYzMjY=;SEM;2021-10-08;2020-08-03;;466326;;;;LIVERPOOL;MX;2021-10-08 03:42;WINIA;Lavadora Winia 16 kg blanca DWF-DG321AWW3;https://www.liverpool.com.mx/tienda/pdp/Lavadora-Winia-16-kg-blanca-DWF-DG321AWW3/1082550611;WM;5;https://www.liverpool.com.mx/
811;aHR0cHM6Ly93d3cubGl2ZXJwb29sLmNvbS5teC90aWVuZGEvcGRwL0xhdmFkb3JhLVdpbmlhLTE2LWtnLWJsYW5jYS1EV0YtREczMjFBV1czLzEwODI1NTA2MTE5MDQzNDg=;SEM;2021-10-08;2021-04-15;;904348;;;;LIVERPOOL;MX;2021-10-08 03:42;WINIA;Lavadora Winia 16 kg blanca DWF-DG321AWW3;https://www.liverpool.com.mx/tienda/pdp/Lavadora-Winia-16-kg-blanca-DWF-DG321AWW3/1082550611;WM;5;https://www.liverpool.com.mx/
812;aHR0cHM6Ly93d3cubGl2ZXJwb29sLmNvbS5teC90aWVuZGEvcGRwL0xhdmFkb3JhLVdpbmlhLTE2LWtnLWJsYW5jYS1EV0YtREczMjFBV1czLzEwODI1NTA2MTExMTMwNjU1;SEM;2021-10-08;2021-07-08;;1130655;;;;LIVERPOOL;MX;2021-10-08 03:42;WINIA;Lavadora Winia 16 kg blanca DWF-DG321AWW3;https://www.liverpool.com.mx/tienda/pdp/Lavadora-Winia-16-kg-blanca-DWF-DG321AWW3/1082550611;WM;5;https://www.liverpool.com.mx/
813;aHR0cHM6Ly93d3cubGl2ZXJwb29sLmNvbS5teC90aWVuZGEvcGRwL0xhdmFkb3JhLVdpbmlhLTE2LWtnLWJsYW5jYS1EV0YtREczMjFBV1czLzEwODI1NTA2MTE0NjA3MTg=;SEM;2021-10-08;2020-08-02;;460718;;;;LIVERPOOL;MX;2021-10-08 03:42;WINIA;Lavadora Winia 16 kg blanca DWF-DG321AWW3;https://www.liverpool.com.mx/tienda/pdp/Lavadora-Winia-16-kg-blanca-DWF-DG321AWW3/1082550611;WM;5;https://www.liverpool.com.mx/
814;aHR0cHM6Ly93d3cubGl2ZXJwb29sLmNvbS5teC90aWVuZGEvcGRwL0xhdmFkb3JhLVdpbmlhLTE2LWtnLWJsYW5jYS1EV0YtREczMjFBV1czLzEwODI1NTA2MTExMDA5MDc3;SEM;2021-10-08;2021-05-28;;1009077;;;;LIVERPOOL;MX;2021-10-08 03:42;WINIA;Lavadora Winia 16 kg blanca DWF-DG321AWW3;https://www.liverpool.com.mx/tienda/pdp/Lavadora-Winia-16-kg-blanca-DWF-DG321AWW3/1082550611;WM;5;https://www.liverpool.com.mx/
815;aHR0cHM6Ly93d3cubGl2ZXJwb29sLmNvbS5teC90aWVuZGEvcGRwL0xhdmFkb3JhLVdpbmlhLTE2LWtnLWJsYW5jYS1EV0YtREczMjFBV1czLzEwODI1NTA2MTExMDE0NDcz;SEM;2021-10-08;2021-05-29;;1014473;;;;LIVERPOOL;MX;2021-10-08 03:42;WINIA;Lavadora Winia 16 kg blanca DWF-DG321AWW3;https://www.liverpool.com.mx/tienda/pdp/Lavadora-Winia-16-kg-blanca-DWF-DG321AWW3/1082550611;WM;5;https://www.liverpool.com.mx/
816;aHR0cHM6Ly93d3cubGl2ZXJwb29sLmNvbS5teC90aWVuZGEvcGRwL0xhdmFkb3JhLVdpbmlhLTE2LWtnLWJsYW5jYS1EV0YtREczMjFBV1czLzEwODI1NTA2MTExMDQ2NzM0;SEM;2021-10-08;2021-06-08;;1046734;;;;LIVERPOOL;MX;2021-10-08 03:42;WINIA;Lavadora Winia 16 kg blanca DWF-DG321AWW3;https://www.liverpool.com.mx/tienda/pdp/Lavadora-Winia-16-kg-blanca-DWF-DG321AWW3/1082550611;WM;5;https://www.liverpool.com.mx/
817;aHR0cHM6Ly93d3cubGl2ZXJwb29sLmNvbS5teC90aWVuZGEvcGRwL0xhdmFkb3JhLVdpbmlhLTE2LWtnLWJsYW5jYS1EV0YtREczMjFBV1czLzEwODI1NTA2MTE5NzQ4MDM=;SEM;2021-10-08;2021-05-15;;974803;;;;LIVERPOOL;MX;2021-10-08 03:42;WINIA;Lavadora Winia 16 kg blanca DWF-DG321AWW3;https://www.liverpool.com.mx/tienda/pdp/Lavadora-Winia-16-kg-blanca-DWF-DG321AWW3/1082550611;WM;5;https://www.liverpool.com.mx/
818;aHR0cHM6Ly93d3cubGl2ZXJwb29sLmNvbS5teC90aWVuZGEvcGRwL0xhdmFkb3JhLVdpbmlhLTE2LWtnLWJsYW5jYS1EV0YtREczMjFBV1czLzEwODI1NTA2MTE5Nzc4ODE=;SEM;2021-10-08;2021-05-16;;977881;;;;LIVERPOOL;MX;2021-10-08 03:42;WINIA;Lavadora Winia 16 kg blanca DWF-DG321AWW3;https://www.liverpool.com.mx/tienda/pdp/Lavadora-Winia-16-kg-blanca-DWF-DG321AWW3/1082550611;WM;5;https://www.liverpool.com.mx/
819;aHR0cHM6Ly93d3cubGl2ZXJwb29sLmNvbS5teC90aWVuZGEvcGRwL0xhdmFkb3JhLVdpbmlhLTE2LWtnLWJsYW5jYS1EV0YtREczMjFBV1czLzEwODI1NTA2MTExMDUzNjc5;SEM;2021-10-08;2021-06-11;;1053679;;;;LIVERPOOL;MX;2021-10-08 03:42;WINIA;Lavadora Winia 16 kg blanca DWF-DG321AWW3;https://www.liverpool.com.mx/tienda/pdp/Lavadora-Winia-16-kg-blanca-DWF-DG321AWW3/1082550611;WM;5;https://www.liverpool.com.mx/
820;aHR0cHM6Ly93d3cubGl2ZXJwb29sLmNvbS5teC90aWVuZGEvcGRwL0xhdmFkb3JhLVdpbmlhLTE2LWtnLWJsYW5jYS1EV0YtREczMjFBV1czLzEwODI1NTA2MTE5MzM2MTg=;SEM;2021-10-08;2021-05-02;;933618;;;;LIVERPOOL;MX;2021-10-08 03:43;WINIA;Lavadora Winia 16 kg blanca DWF-DG321AWW3;https://www.liverpool.com.mx/tienda/pdp/Lavadora-Winia-16-kg-blanca-DWF-DG321AWW3/1082550611;WM;5;https://www.liverpool.com.mx/
821;aHR0cHM6Ly93d3cubGl2ZXJwb29sLmNvbS5teC90aWVuZGEvcGRwL0xhdmFkb3JhLVdpbmlhLTE2LWtnLWJsYW5jYS1EV0YtREczMjFBV1czLzEwODI1NTA2MTE5MjUxNzE=;SEM;2021-10-08;2021-04-28;;925171;;;;LIVERPOOL;MX;2021-10-08 03:43;WINIA;Lavadora Winia 16 kg blanca DWF-DG321AWW3;https://www.liverpool.com.mx/tienda/pdp/Lavadora-Winia-16-kg-blanca-DWF-DG321AWW3/1082550611;WM;5;https://www.liverpool.com.mx/
822;aHR0cHM6Ly93d3cubGl2ZXJwb29sLmNvbS5teC90aWVuZGEvcGRwL0xhdmFkb3JhLVdpbmlhLTE2LWtnLWJsYW5jYS1EV0YtREczMjFBV1czLzEwODI1NTA2MTE5NTg1MzQ=;SEM;2021-10-08;2021-05-10;;958534;;;;LIVERPOOL;MX;2021-10-08 03:43;WINIA;Lavadora Winia 16 kg blanca DWF-DG321AWW3;https://www.liverpool.com.mx/tienda/pdp/Lavadora-Winia-16-kg-blanca-DWF-DG321AWW3/1082550611;WM;4;https://www.liverpool.com.mx/
823;aHR0cHM6Ly93d3cubGl2ZXJwb29sLmNvbS5teC90aWVuZGEvcGRwL0xhdmFkb3JhLVdpbmlhLTE2LWtnLWJsYW5jYS1EV0YtREczMjFBV1czLzEwODI1NTA2MTE5OTY0NTk=;SEM;2021-10-08;2021-05-23;;996459;;;;LIVERPOOL;MX;2021-10-08 03:43;WINIA;Lavadora Winia 16 kg blanca DWF-DG321AWW3;https://www.liverpool.com.mx/tienda/pdp/Lavadora-Winia-16-kg-blanca-DWF-DG321AWW3/1082550611;WM;4;https://www.liverpool.com.mx/
824;aHR0cHM6Ly93d3cubGl2ZXJwb29sLmNvbS5teC90aWVuZGEvcGRwL0xhdmFkb3JhLVdpbmlhLTE4LWtnLWJsYW5jYS1EV0YtREczNjFCV1cxLzEwODI1NTA4MjQ5MzQ3MA==;SEM;2021-10-08;2019-08-19;;93470;;;;LIVERPOOL;MX;2021-10-08 03:43;WINIA;Lavadora Winia 18 kg blanca DWF-DG361BWW1;https://www.liverpool.com.mx/tienda/pdp/Lavadora-Winia-18-kg-blanca-DWF-DG361BWW1/1082550824;WM;1;https://www.liverpool.com.mx/
825;aHR0cHM6Ly93d3cubGl2ZXJwb29sLmNvbS5teC90aWVuZGEvcGRwL0xhdmFkb3JhLVdpbmlhLTE4LWtnLWJsYW5jYS1EV0YtREczNjFCV1cxLzEwODI1NTA4MjQ1NTEzNg==;SEM;2021-10-08;2019-05-29;;55136;;;;LIVERPOOL;MX;2021-10-08 03:43;WINIA;Lavadora Winia 18 kg blanca DWF-DG361BWW1;https://www.liverpool.com.mx/tienda/pdp/Lavadora-Winia-18-kg-blanca-DWF-DG361BWW1/1082550824;WM;5;https://www.liverpool.com.mx/
826;aHR0cHM6Ly93d3cubGl2ZXJwb29sLmNvbS5teC90aWVuZGEvcGRwL0xhdmFkb3JhLVdpbmlhLTE4LWtnLWJsYW5jYS1EV0YtREczNjFCV1cxLzEwODI1NTA4MjQ2NjM3NQ==;SEM;2021-10-08;2019-06-22;;66375;;;;LIVERPOOL;MX;2021-10-08 03:43;WINIA;Lavadora Winia 18 kg blanca DWF-DG361BWW1;https://www.liverpool.com.mx/tienda/pdp/Lavadora-Winia-18-kg-blanca-DWF-DG361BWW1/1082550824;WM;5;https://www.liverpool.com.mx/
827;aHR0cHM6Ly93d3cubGl2ZXJwb29sLmNvbS5teC90aWVuZGEvcGRwL0xhdmFkb3JhLVdpbmlhLTE4LWtnLWJsYW5jYS1EV0YtREczNjFCV1cxLzEwODI1NTA4MjQyMTU5ODk=;SEM;2021-10-08;2020-04-14;;215989;;;;LIVERPOOL;MX;2021-10-08 03:43;WINIA;Lavadora Winia 18 kg blanca DWF-DG361BWW1;https://www.liverpool.com.mx/tienda/pdp/Lavadora-Winia-18-kg-blanca-DWF-DG361BWW1/1082550824;WM;1;https://www.liverpool.com.mx/
828;aHR0cHM6Ly93d3cubGl2ZXJwb29sLmNvbS5teC90aWVuZGEvcGRwL0xhdmFkb3JhLVdpbmlhLTE4LWtnLWJsYW5jYS1EV0YtREczNjFCV1cxLzEwODI1NTA4MjQxMDc1MjA=;SEM;2021-10-08;2019-09-21;;107520;;;;LIVERPOOL;MX;2021-10-08 03:43;WINIA;Lavadora Winia 18 kg blanca DWF-DG361BWW1;https://www.liverpool.com.mx/tienda/pdp/Lavadora-Winia-18-kg-blanca-DWF-DG361BWW1/1082550824;WM;1;https://www.liverpool.com.mx/
829;aHR0cHM6Ly93d3cubGl2ZXJwb29sLmNvbS5teC90aWVuZGEvcGRwL0xhdmFkb3JhLVdpbmlhLTE4LWtnLWJsYW5jYS1EV0YtREczNjFCV1cxLzEwODI1NTA4MjQ2NjgxNQ==;SEM;2021-10-08;2019-06-24;;66815;;;;LIVERPOOL;MX;2021-10-08 03:43;WINIA;Lavadora Winia 18 kg blanca DWF-DG361BWW1;https://www.liverpool.com.mx/tienda/pdp/Lavadora-Winia-18-kg-blanca-DWF-DG361BWW1/1082550824;WM;5;https://www.liverpool.com.mx/
830;aHR0cHM6Ly93d3cubGl2ZXJwb29sLmNvbS5teC90aWVuZGEvcGRwL0xhdmFkb3JhLVdpbmlhLTE4LWtnLWJsYW5jYS1EV0YtREczNjFCV1cxLzEwODI1NTA4MjQyODIwNTQ=;SEM;2021-10-08;2020-06-08;;282054;;;;LIVERPOOL;MX;2021-10-08 03:43;WINIA;Lavadora Winia 18 kg blanca DWF-DG361BWW1;https://www.liverpool.com.mx/tienda/pdp/Lavadora-Winia-18-kg-blanca-DWF-DG361BWW1/1082550824;WM;1;https://www.liverpool.com.mx/
831;aHR0cHM6Ly93d3cubGl2ZXJwb29sLmNvbS5teC90aWVuZGEvcGRwL0xhdmFkb3JhLVdpbmlhLTE4LWtnLWJsYW5jYS1EV0YtREczNjFCV1cxLzEwODI1NTA4MjQ2NjE0OQ==;SEM;2021-10-08;2019-06-21;;66149;;;;LIVERPOOL;MX;2021-10-08 03:43;WINIA;Lavadora Winia 18 kg blanca DWF-DG361BWW1;https://www.liverpool.com.mx/tienda/pdp/Lavadora-Winia-18-kg-blanca-DWF-DG361BWW1/1082550824;WM;5;https://www.liverpool.com.mx/
832;aHR0cHM6Ly93d3cubGl2ZXJwb29sLmNvbS5teC90aWVuZGEvcGRwL0xhdmFkb3JhLVdpbmlhLTE4LWtnLWJsYW5jYS1EV0YtREczNjFCV1cxLzEwODI1NTA4MjQzMzk5MjM=;SEM;2021-10-08;2020-06-26;;339923;;;;LIVERPOOL;MX;2021-10-08 03:43;WINIA;Lavadora Winia 18 kg blanca DWF-DG361BWW1;https://www.liverpool.com.mx/tienda/pdp/Lavadora-Winia-18-kg-blanca-DWF-DG361BWW1/1082550824;WM;5;https://www.liverpool.com.mx/
833;aHR0cHM6Ly93d3cubGl2ZXJwb29sLmNvbS5teC90aWVuZGEvcGRwL0xhdmFkb3JhLVdpbmlhLTE4LWtnLWJsYW5jYS1EV0YtREczNjFCV1cxLzEwODI1NTA4MjQ0ODMzODQ=;SEM;2021-10-08;2020-08-06;;483384;;;;LIVERPOOL;MX;2021-10-08 03:43;WINIA;Lavadora Winia 18 kg blanca DWF-DG361BWW1;https://www.liverpool.com.mx/tienda/pdp/Lavadora-Winia-18-kg-blanca-DWF-DG361BWW1/1082550824;WM;5;https://www.liverpool.com.mx/
834;aHR0cHM6Ly93d3cubGl2ZXJwb29sLmNvbS5teC90aWVuZGEvcGRwL0xhdmFkb3JhLVdpbmlhLTE4LWtnLWJsYW5jYS1EV0YtREczNjFCV1cxLzEwODI1NTA4MjQ0NzA5MzQ=;SEM;2021-10-08;2020-08-04;;470934;;;;LIVERPOOL;MX;2021-10-08 03:43;WINIA;Lavadora Winia 18 kg blanca DWF-DG361BWW1;https://www.liverpool.com.mx/tienda/pdp/Lavadora-Winia-18-kg-blanca-DWF-DG361BWW1/1082550824;WM;5;https://www.liverpool.com.mx/
835;aHR0cHM6Ly93d3cubGl2ZXJwb29sLmNvbS5teC90aWVuZGEvcGRwL0xhdmFkb3JhLVdpbmlhLTE4LWtnLWJsYW5jYS1EV0YtREczNjFCV1cxLzEwODI1NTA4MjQ2NDExOA==;SEM;2021-10-08;2019-06-18;;64118;;;;LIVERPOOL;MX;2021-10-08 03:43;WINIA;Lavadora Winia 18 kg blanca DWF-DG361BWW1;https://www.liverpool.com.mx/tienda/pdp/Lavadora-Winia-18-kg-blanca-DWF-DG361BWW1/1082550824;WM;4;https://www.liverpool.com.mx/
836;aHR0cHM6Ly93d3cubGl2ZXJwb29sLmNvbS5teC90aWVuZGEvcGRwL0xhdmFkb3JhLVdpbmlhLTE4LWtnLWJsYW5jYS1EV0YtREczNjFCV1cxLzEwODI1NTA4MjQ0Mzg1OTA=;SEM;2021-10-08;2020-07-29;;438590;;;;LIVERPOOL;MX;2021-10-08 03:43;WINIA;Lavadora Winia 18 kg blanca DWF-DG361BWW1;https://www.liverpool.com.mx/tienda/pdp/Lavadora-Winia-18-kg-blanca-DWF-DG361BWW1/1082550824;WM;5;https://www.liverpool.com.mx/
837;aHR0cHM6Ly93d3cubGl2ZXJwb29sLmNvbS5teC90aWVuZGEvcGRwL0xhdmFkb3JhLVdpbmlhLTE4LWtnLWJsYW5jYS1EV0YtREczNjFCV1cxLzEwODI1NTA4MjQzMzQ0NDk=;SEM;2021-10-08;2020-06-25;;334449;;;;LIVERPOOL;MX;2021-10-08 03:43;WINIA;Lavadora Winia 18 kg blanca DWF-DG361BWW1;https://www.liverpool.com.mx/tienda/pdp/Lavadora-Winia-18-kg-blanca-DWF-DG361BWW1/1082550824;WM;5;https://www.liverpool.com.mx/
838;aHR0cHM6Ly93d3cubGl2ZXJwb29sLmNvbS5teC90aWVuZGEvcGRwL0xhdmFkb3JhLVdpbmlhLTE4LWtnLWJsYW5jYS1EV0YtREczNjFCV1cxLzEwODI1NTA4MjQxMDI0Mzgz;SEM;2021-10-08;2021-06-02;;1024383;;;;LIVERPOOL;MX;2021-10-08 03:43;WINIA;Lavadora Winia 18 kg blanca DWF-DG361BWW1;https://www.liverpool.com.mx/tienda/pdp/Lavadora-Winia-18-kg-blanca-DWF-DG361BWW1/1082550824;WM;5;https://www.liverpool.com.mx/
839;aHR0cHM6Ly93d3cubGl2ZXJwb29sLmNvbS5teC90aWVuZGEvcGRwL0xhdmFkb3JhLVdpbmlhLTE4LWtnLWJsYW5jYS1EV0YtREczNjFCV1cxLzEwODI1NTA4MjQzMjg5MTA=;SEM;2021-10-08;2020-06-24;;328910;;;;LIVERPOOL;MX;2021-10-08 03:43;WINIA;Lavadora Winia 18 kg blanca DWF-DG361BWW1;https://www.liverpool.com.mx/tienda/pdp/Lavadora-Winia-18-kg-blanca-DWF-DG361BWW1/1082550824;WM;5;https://www.liverpool.com.mx/
840;aHR0cHM6Ly93d3cubGl2ZXJwb29sLmNvbS5teC90aWVuZGEvcGRwL0xhdmFkb3JhLVdpbmlhLTE4LWtnLWJsYW5jYS1EV0YtREczNjFCV1cxLzEwODI1NTA4MjQyNTkwMzc=;SEM;2021-10-08;2020-05-21;;259037;;;;LIVERPOOL;MX;2021-10-08 03:43;WINIA;Lavadora Winia 18 kg blanca DWF-DG361BWW1;https://www.liverpool.com.mx/tienda/pdp/Lavadora-Winia-18-kg-blanca-DWF-DG361BWW1/1082550824;WM;5;https://www.liverpool.com.mx/
841;aHR0cHM6Ly93d3cubGl2ZXJwb29sLmNvbS5teC90aWVuZGEvcGRwL0xhdmFkb3JhLVdpbmlhLTE4LWtnLWJsYW5jYS1EV0YtREczNjFCV1cxLzEwODI1NTA4MjQzODMyMDE=;SEM;2021-10-08;2020-07-11;;383201;;;;LIVERPOOL;MX;2021-10-08 03:43;WINIA;Lavadora Winia 18 kg blanca DWF-DG361BWW1;https://www.liverpool.com.mx/tienda/pdp/Lavadora-Winia-18-kg-blanca-DWF-DG361BWW1/1082550824;WM;5;https://www.liverpool.com.mx/
842;aHR0cHM6Ly93d3cubGl2ZXJwb29sLmNvbS5teC90aWVuZGEvcGRwL0xhdmFkb3JhLVdpbmlhLTE4LWtnLWJsYW5jYS1EV0YtREczNjFCV1cxLzEwODI1NTA4MjQzODc5Nzg=;SEM;2021-10-08;2020-07-12;;387978;;;;LIVERPOOL;MX;2021-10-08 03:43;WINIA;Lavadora Winia 18 kg blanca DWF-DG361BWW1;https://www.liverpool.com.mx/tienda/pdp/Lavadora-Winia-18-kg-blanca-DWF-DG361BWW1/1082550824;WM;3;https://www.liverpool.com.mx/
843;aHR0cHM6Ly93d3cubGl2ZXJwb29sLmNvbS5teC90aWVuZGEvcGRwL0xhdmFkb3JhLVdpbmlhLTE4LWtnLWJsYW5jYS1EV0YtREczNjFCV1cxLzEwODI1NTA4MjQyNzcxNDY=;SEM;2021-10-08;2020-06-03;;277146;;;;LIVERPOOL;MX;2021-10-08 03:43;WINIA;Lavadora Winia 18 kg blanca DWF-DG361BWW1;https://www.liverpool.com.mx/tienda/pdp/Lavadora-Winia-18-kg-blanca-DWF-DG361BWW1/1082550824;WM;3;https://www.liverpool.com.mx/
844;aHR0cHM6Ly93d3cubGl2ZXJwb29sLmNvbS5teC90aWVuZGEvcGRwL0xhdmFkb3JhLVdpbmlhLTE4LWtnLWJsYW5jYS1EV0YtREczNjFCV1cxLzEwODI1NTA4MjQxMzg3NTM=;SEM;2021-10-08;2019-11-24;;138753;;;;LIVERPOOL;MX;2021-10-08 03:43;WINIA;Lavadora Winia 18 kg blanca DWF-DG361BWW1;https://www.liverpool.com.mx/tienda/pdp/Lavadora-Winia-18-kg-blanca-DWF-DG361BWW1/1082550824;WM;5;https://www.liverpool.com.mx/
845;aHR0cHM6Ly93d3cubGl2ZXJwb29sLmNvbS5teC90aWVuZGEvcGRwL0xhdmFkb3JhLVdpbmlhLTE4LWtnLWJsYW5jYS1EV0YtREczNjFCV1cxLzEwODI1NTA4MjQyOTc0NzY=;SEM;2021-10-08;2020-06-11;;297476;;;;LIVERPOOL;MX;2021-10-08 03:43;WINIA;Lavadora Winia 18 kg blanca DWF-DG361BWW1;https://www.liverpool.com.mx/tienda/pdp/Lavadora-Winia-18-kg-blanca-DWF-DG361BWW1/1082550824;WM;5;https://www.liverpool.com.mx/
846;aHR0cHM6Ly93d3cubGl2ZXJwb29sLmNvbS5teC90aWVuZGEvcGRwL0xhdmFkb3JhLVdpbmlhLTE4LWtnLWJsYW5jYS1EV0YtREczNjFCV1cxLzEwODI1NTA4MjQxMjUzMTUx;SEM;2021-10-08;2021-09-07;;1253151;;;;LIVERPOOL;MX;2021-10-08 03:43;WINIA;Lavadora Winia 18 kg blanca DWF-DG361BWW1;https://www.liverpool.com.mx/tienda/pdp/Lavadora-Winia-18-kg-blanca-DWF-DG361BWW1/1082550824;WM;5;https://www.liverpool.com.mx/
847;aHR0cHM6Ly93d3cubGl2ZXJwb29sLmNvbS5teC90aWVuZGEvcGRwL0xhdmFkb3JhLVdpbmlhLTE4LWtnLWJsYW5jYS1EV0YtREczNjFCV1cxLzEwODI1NTA4MjQxMDM4OTI0;SEM;2021-10-08;2021-06-06;;1038924;;;;LIVERPOOL;MX;2021-10-08 03:43;WINIA;Lavadora Winia 18 kg blanca DWF-DG361BWW1;https://www.liverpool.com.mx/tienda/pdp/Lavadora-Winia-18-kg-blanca-DWF-DG361BWW1/1082550824;WM;5;https://www.liverpool.com.mx/
848;aHR0cHM6Ly93d3cubGl2ZXJwb29sLmNvbS5teC90aWVuZGEvcGRwL0xhdmFkb3JhLVdpbmlhLTE4LWtnLWJsYW5jYS1EV0YtREczNjFCV1cxLzEwODI1NTA4MjQyODE5NDQ=;SEM;2021-10-08;2020-06-07;;281944;;;;LIVERPOOL;MX;2021-10-08 03:43;WINIA;Lavadora Winia 18 kg blanca DWF-DG361BWW1;https://www.liverpool.com.mx/tienda/pdp/Lavadora-Winia-18-kg-blanca-DWF-DG361BWW1/1082550824;WM;5;https://www.liverpool.com.mx/
849;aHR0cHM6Ly93d3cubGl2ZXJwb29sLmNvbS5teC90aWVuZGEvcGRwL0xhdmFkb3JhLVdpbmlhLTE4LWtnLWJsYW5jYS1EV0YtREczNjFCV1cxLzEwODI1NTA4MjQxMDYwNjk4;SEM;2021-10-08;2021-06-13;;1060698;;;;LIVERPOOL;MX;2021-10-08 03:43;WINIA;Lavadora Winia 18 kg blanca DWF-DG361BWW1;https://www.liverpool.com.mx/tienda/pdp/Lavadora-Winia-18-kg-blanca-DWF-DG361BWW1/1082550824;WM;5;https://www.liverpool.com.mx/
850;aHR0cHM6Ly93d3cubGl2ZXJwb29sLmNvbS5teC90aWVuZGEvcGRwL0xhdmFkb3JhLVdpbmlhLTE4LWtnLWJsYW5jYS1EV0YtREczNjFCV1cxLzEwODI1NTA4MjQxMTEwODgz;SEM;2021-10-08;2021-06-29;;1110883;;;;LIVERPOOL;MX;2021-10-08 03:43;WINIA;Lavadora Winia 18 kg blanca DWF-DG361BWW1;https://www.liverpool.com.mx/tienda/pdp/Lavadora-Winia-18-kg-blanca-DWF-DG361BWW1/1082550824;WM;5;https://www.liverpool.com.mx/
851;aHR0cHM6Ly93d3cubGl2ZXJwb29sLmNvbS5teC90aWVuZGEvcGRwL0xhdmFkb3JhLVdpbmlhLTE4LWtnLWJsYW5jYS1EV0YtREczNjFCV1cxLzEwODI1NTA4MjQ0MTEyNDg=;SEM;2021-10-08;2020-07-20;;411248;;;;LIVERPOOL;MX;2021-10-08 03:43;WINIA;Lavadora Winia 18 kg blanca DWF-DG361BWW1;https://www.liverpool.com.mx/tienda/pdp/Lavadora-Winia-18-kg-blanca-DWF-DG361BWW1/1082550824;WM;5;https://www.liverpool.com.mx/
852;aHR0cHM6Ly93d3cubGl2ZXJwb29sLmNvbS5teC90aWVuZGEvcGRwL0xhdmFkb3JhLVdpbmlhLTE4LWtnLWJsYW5jYS1EV0YtREczNjFCV1cxLzEwODI1NTA4MjQyMzkyNTg=;SEM;2021-10-08;2020-05-05;;239258;;;;LIVERPOOL;MX;2021-10-08 03:43;WINIA;Lavadora Winia 18 kg blanca DWF-DG361BWW1;https://www.liverpool.com.mx/tienda/pdp/Lavadora-Winia-18-kg-blanca-DWF-DG361BWW1/1082550824;WM;5;https://www.liverpool.com.mx/
853;aHR0cHM6Ly93d3cubGl2ZXJwb29sLmNvbS5teC90aWVuZGEvcGRwL0xhdmFkb3JhLVdpbmlhLTE4LWtnLWJsYW5jYS1EV0YtREczNjFCV1cxLzEwODI1NTA4MjQxMTAzODI1;SEM;2021-10-08;2021-06-27;;1103825;;;;LIVERPOOL;MX;2021-10-08 03:43;WINIA;Lavadora Winia 18 kg blanca DWF-DG361BWW1;https://www.liverpool.com.mx/tienda/pdp/Lavadora-Winia-18-kg-blanca-DWF-DG361BWW1/1082550824;WM;5;https://www.liverpool.com.mx/
854;aHR0cHM6Ly93d3cubGl2ZXJwb29sLmNvbS5teC90aWVuZGEvcGRwL0xhdmFkb3JhLVdpbmlhLTE4LWtnLWJsYW5jYS1EV0YtREczNjFCV1cxLzEwODI1NTA4MjQxMDQ2OTk3;SEM;2021-10-08;2021-06-08;;1046997;;;;LIVERPOOL;MX;2021-10-08 03:43;WINIA;Lavadora Winia 18 kg blanca DWF-DG361BWW1;https://www.liverpool.com.mx/tienda/pdp/Lavadora-Winia-18-kg-blanca-DWF-DG361BWW1/1082550824;WM;5;https://www.liverpool.com.mx/
855;aHR0cHM6Ly93d3cubGl2ZXJwb29sLmNvbS5teC90aWVuZGEvcGRwL0xhdmFkb3JhLVdpbmlhLTE4LWtnLWJsYW5jYS1EV0YtREczNjFCV1cxLzEwODI1NTA4MjQxMDM4NTY0;SEM;2021-10-08;2021-06-06;;1038564;;;;LIVERPOOL;MX;2021-10-08 03:43;WINIA;Lavadora Winia 18 kg blanca DWF-DG361BWW1;https://www.liverpool.com.mx/tienda/pdp/Lavadora-Winia-18-kg-blanca-DWF-DG361BWW1/1082550824;WM;5;https://www.liverpool.com.mx/
856;aHR0cHM6Ly93d3cubGl2ZXJwb29sLmNvbS5teC90aWVuZGEvcGRwL0xhdmFkb3JhLVdpbmlhLTE4LWtnLWJsYW5jYS1EV0YtREczNjFCV1cxLzEwODI1NTA4MjQxMDQ5ODYw;SEM;2021-10-08;2021-06-09;;1049860;;;;LIVERPOOL;MX;2021-10-08 03:43;WINIA;Lavadora Winia 18 kg blanca DWF-DG361BWW1;https://www.liverpool.com.mx/tienda/pdp/Lavadora-Winia-18-kg-blanca-DWF-DG361BWW1/1082550824;WM;4;https://www.liverpool.com.mx/
857;aHR0cHM6Ly93d3cubGl2ZXJwb29sLmNvbS5teC90aWVuZGEvcGRwL0xhdmFkb3JhLVdpbmlhLTE4LWtnLWJsYW5jYS1EV0YtREczNjFCV1cxLzEwODI1NTA4MjQyODcwMDA=;SEM;2021-10-08;2020-06-10;;287000;;;;LIVERPOOL;MX;2021-10-08 03:43;WINIA;Lavadora Winia 18 kg blanca DWF-DG361BWW1;https://www.liverpool.com.mx/tienda/pdp/Lavadora-Winia-18-kg-blanca-DWF-DG361BWW1/1082550824;WM;4;https://www.liverpool.com.mx/
858;aHR0cHM6Ly93d3cubGl2ZXJwb29sLmNvbS5teC90aWVuZGEvcGRwL0xhdmFkb3JhLVdpbmlhLTE4LWtnLWJsYW5jYS1EV0YtREczNjFCV1cxLzEwODI1NTA4MjQ0OTM2MTQ=;SEM;2021-10-08;2020-08-07;;493614;;;;LIVERPOOL;MX;2021-10-08 03:43;WINIA;Lavadora Winia 18 kg blanca DWF-DG361BWW1;https://www.liverpool.com.mx/tienda/pdp/Lavadora-Winia-18-kg-blanca-DWF-DG361BWW1/1082550824;WM;4;https://www.liverpool.com.mx/
859;aHR0cHM6Ly93d3cubGl2ZXJwb29sLmNvbS5teC90aWVuZGEvcGRwL0xhdmFkb3JhLVdpbmlhLTE4LWtnLWJsYW5jYS1EV0YtREczNjFCV1cxLzEwODI1NTA4MjQxMTc3NDM4;SEM;2021-10-08;2021-07-31;;1177438;;;;LIVERPOOL;MX;2021-10-08 03:43;WINIA;Lavadora Winia 18 kg blanca DWF-DG361BWW1;https://www.liverpool.com.mx/tienda/pdp/Lavadora-Winia-18-kg-blanca-DWF-DG361BWW1/1082550824;WM;4;https://www.liverpool.com.mx/
860;aHR0cHM6Ly93d3cubGl2ZXJwb29sLmNvbS5teC90aWVuZGEvcGRwL0xhdmFkb3JhLVdpbmlhLTE4LWtnLWJsYW5jYS1EV0YtREczNjFCV1cxLzEwODI1NTA4MjQzMzAxMjE=;SEM;2021-10-08;2020-06-25;;330121;;;;LIVERPOOL;MX;2021-10-08 03:43;WINIA;Lavadora Winia 18 kg blanca DWF-DG361BWW1;https://www.liverpool.com.mx/tienda/pdp/Lavadora-Winia-18-kg-blanca-DWF-DG361BWW1/1082550824;WM;4;https://www.liverpool.com.mx/
861;aHR0cHM6Ly93d3cubGl2ZXJwb29sLmNvbS5teC90aWVuZGEvcGRwL0xhdmFkb3JhLVdpbmlhLTE4LWtnLWJsYW5jYS1EV0YtREczNjFCV1cxLzEwODI1NTA4MjQxMDc1MDMw;SEM;2021-10-08;2021-06-17;;1075030;;;;LIVERPOOL;MX;2021-10-08 03:43;WINIA;Lavadora Winia 18 kg blanca DWF-DG361BWW1;https://www.liverpool.com.mx/tienda/pdp/Lavadora-Winia-18-kg-blanca-DWF-DG361BWW1/1082550824;WM;3;https://www.liverpool.com.mx/
862;aHR0cHM6Ly93d3cubGl2ZXJwb29sLmNvbS5teC90aWVuZGEvcGRwL0xhdmFkb3JhLVdpbmlhLTE4LWtnLWJsYW5jYS1EV0YtREczNjFCV1cxLzEwODI1NTA4MjQzNDE3NjE=;SEM;2021-10-08;2020-06-27;;341761;;;;LIVERPOOL;MX;2021-10-08 03:43;WINIA;Lavadora Winia 18 kg blanca DWF-DG361BWW1;https://www.liverpool.com.mx/tienda/pdp/Lavadora-Winia-18-kg-blanca-DWF-DG361BWW1/1082550824;WM;5;https://www.liverpool.com.mx/
863;aHR0cHM6Ly93d3cubGl2ZXJwb29sLmNvbS5teC90aWVuZGEvcGRwL0xhdmFkb3JhLVdpbmlhLTE4LWtnLWJsYW5jYS1EV0YtREczNjFCV1cxLzEwODI1NTA4MjQzMDQ1MDk=;SEM;2021-10-08;2020-06-14;;304509;;;;LIVERPOOL;MX;2021-10-08 03:43;WINIA;Lavadora Winia 18 kg blanca DWF-DG361BWW1;https://www.liverpool.com.mx/tienda/pdp/Lavadora-Winia-18-kg-blanca-DWF-DG361BWW1/1082550824;WM;5;https://www.liverpool.com.mx/
864;aHR0cHM6Ly93d3cubGl2ZXJwb29sLmNvbS5teC90aWVuZGEvcGRwL0xhdmFkb3JhLVdpbmlhLTE4LWtnLWJsYW5jYS1EV0YtREczNjFCV1cxLzEwODI1NTA4MjQxMDQ2OTE4;SEM;2021-10-08;2021-06-08;;1046918;;;;LIVERPOOL;MX;2021-10-08 03:43;WINIA;Lavadora Winia 18 kg blanca DWF-DG361BWW1;https://www.liverpool.com.mx/tienda/pdp/Lavadora-Winia-18-kg-blanca-DWF-DG361BWW1/1082550824;WM;5;https://www.liverpool.com.mx/
865;aHR0cHM6Ly93d3cubGl2ZXJwb29sLmNvbS5teC90aWVuZGEvcGRwL0xhdmFkb3JhLVdpbmlhLTE4LWtnLWJsYW5jYS1EV0YtREczNjFCV1cxLzEwODI1NTA4MjQ2MjEyNQ==;SEM;2021-10-08;2019-06-14;;62125;;;;LIVERPOOL;MX;2021-10-08 03:43;WINIA;Lavadora Winia 18 kg blanca DWF-DG361BWW1;https://www.liverpool.com.mx/tienda/pdp/Lavadora-Winia-18-kg-blanca-DWF-DG361BWW1/1082550824;WM;1;https://www.liverpool.com.mx/
866;aHR0cHM6Ly93d3cubGl2ZXJwb29sLmNvbS5teC90aWVuZGEvcGRwL0xhdmFkb3JhLVdpbmlhLTE4LWtnLWJsYW5jYS1EV0YtREczNjFCV1cxLzEwODI1NTA4MjQxMDAyMjI=;SEM;2021-10-08;2019-09-05;;100222;;;;LIVERPOOL;MX;2021-10-08 03:43;WINIA;Lavadora Winia 18 kg blanca DWF-DG361BWW1;https://www.liverpool.com.mx/tienda/pdp/Lavadora-Winia-18-kg-blanca-DWF-DG361BWW1/1082550824;WM;5;https://www.liverpool.com.mx/
867;aHR0cHM6Ly93d3cubGl2ZXJwb29sLmNvbS5teC90aWVuZGEvcGRwL0xhdmFkb3JhLVdpbmlhLTIxLWtnLWdyaXMtb2JzY3Vyby1EV0YtREIxQjQyMUFCRFMxLzEwOTQ5NDkzNDAyMDg4NTM=;SEM;2021-10-08;2020-04-04;;208853;;;;LIVERPOOL;MX;2021-10-08 03:43;WINIA;Lavadora Winia 21 kg gris obscuro DWF-DB1B421ABDS1;https://www.liverpool.com.mx/tienda/pdp/Lavadora-Winia-21-kg-gris-obscuro-DWF-DB1B421ABDS1/1094949340;WM;5;https://www.liverpool.com.mx/
868;aHR0cHM6Ly93d3cubGl2ZXJwb29sLmNvbS5teC90aWVuZGEvcGRwL0xhdmFkb3JhLVdpbmlhLTIxLWtnLWdyaXMtb2JzY3Vyby1EV0YtREIxQjQyMUFCRFMxLzEwOTQ5NDkzNDAyNzM3ODQ=;SEM;2021-10-08;2020-05-31;;273784;;;;LIVERPOOL;MX;2021-10-08 03:43;WINIA;Lavadora Winia 21 kg gris obscuro DWF-DB1B421ABDS1;https://www.liverpool.com.mx/tienda/pdp/Lavadora-Winia-21-kg-gris-obscuro-DWF-DB1B421ABDS1/1094949340;WM;5;https://www.liverpool.com.mx/
869;aHR0cHM6Ly93d3cubGl2ZXJwb29sLmNvbS5teC90aWVuZGEvcGRwL0xhdmFkb3JhLVdpbmlhLTIxLWtnLWdyaXMtb2JzY3Vyby1EV0YtREIxQjQyMUFCRFMxLzEwOTQ5NDkzNDAyNzY3MTg=;SEM;2021-10-08;2020-06-03;;276718;;;;LIVERPOOL;MX;2021-10-08 03:43;WINIA;Lavadora Winia 21 kg gris obscuro DWF-DB1B421ABDS1;https://www.liverpool.com.mx/tienda/pdp/Lavadora-Winia-21-kg-gris-obscuro-DWF-DB1B421ABDS1/1094949340;WM;5;https://www.liverpool.com.mx/
870;aHR0cHM6Ly93d3cubGl2ZXJwb29sLmNvbS5teC90aWVuZGEvcGRwL0xhdmFkb3JhLVdpbmlhLTIxLWtnLWdyaXMtb2JzY3Vyby1EV0YtREIxQjQyMUFCRFMxLzEwOTQ5NDkzNDA0NDk5NDM=;SEM;2021-10-08;2020-07-31;;449943;;;;LIVERPOOL;MX;2021-10-08 03:43;WINIA;Lavadora Winia 21 kg gris obscuro DWF-DB1B421ABDS1;https://www.liverpool.com.mx/tienda/pdp/Lavadora-Winia-21-kg-gris-obscuro-DWF-DB1B421ABDS1/1094949340;WM;3;https://www.liverpool.com.mx/
871;aHR0cHM6Ly93d3cubGl2ZXJwb29sLmNvbS5teC90aWVuZGEvcGRwL0xhdmFkb3JhLVdpbmlhLTIxLWtnLWdyaXMtb2JzY3Vyby1EV0YtREIxQjQyMUFCRFMxLzEwOTQ5NDkzNDAzODQ2Mjg=;SEM;2021-10-08;2020-07-11;;384628;;;;LIVERPOOL;MX;2021-10-08 03:43;WINIA;Lavadora Winia 21 kg gris obscuro DWF-DB1B421ABDS1;https://www.liverpool.com.mx/tienda/pdp/Lavadora-Winia-21-kg-gris-obscuro-DWF-DB1B421ABDS1/1094949340;WM;5;https://www.liverpool.com.mx/
872;aHR0cHM6Ly93d3cubGl2ZXJwb29sLmNvbS5teC90aWVuZGEvcGRwL0xhdmFkb3JhLVdpbmlhLTIxLWtnLWdyaXMtb2JzY3Vyby1EV0YtREIxQjQyMUFCRFMxLzEwOTQ5NDkzNDAyMzY1ODM=;SEM;2021-10-08;2020-05-03;;236583;;;;LIVERPOOL;MX;2021-10-08 03:43;WINIA;Lavadora Winia 21 kg gris obscuro DWF-DB1B421ABDS1;https://www.liverpool.com.mx/tienda/pdp/Lavadora-Winia-21-kg-gris-obscuro-DWF-DB1B421ABDS1/1094949340;WM;5;https://www.liverpool.com.mx/
873;aHR0cHM6Ly93d3cubGl2ZXJwb29sLmNvbS5teC90aWVuZGEvcGRwL0xhdmFkb3JhLVdpbmlhLTIxLWtnLWdyaXMtb2JzY3Vyby1EV0YtREIxQjQyMUFCRFMxLzEwOTQ5NDkzNDA0NTc4OTA=;SEM;2021-10-08;2020-08-02;;457890;;;;LIVERPOOL;MX;2021-10-08 03:43;WINIA;Lavadora Winia 21 kg gris obscuro DWF-DB1B421ABDS1;https://www.liverpool.com.mx/tienda/pdp/Lavadora-Winia-21-kg-gris-obscuro-DWF-DB1B421ABDS1/1094949340;WM;5;https://www.liverpool.com.mx/
874;aHR0cHM6Ly93d3cubGl2ZXJwb29sLmNvbS5teC90aWVuZGEvcGRwL0xhdmFkb3JhLVdpbmlhLTIxLWtnLWdyaXMtb2JzY3Vyby1EV0YtREIxQjQyMUFCRFMxLzEwOTQ5NDkzNDA0NjcyNjE=;SEM;2021-10-08;2020-08-03;;467261;;;;LIVERPOOL;MX;2021-10-08 03:43;WINIA;Lavadora Winia 21 kg gris obscuro DWF-DB1B421ABDS1;https://www.liverpool.com.mx/tienda/pdp/Lavadora-Winia-21-kg-gris-obscuro-DWF-DB1B421ABDS1/1094949340;WM;1;https://www.liverpool.com.mx/
875;aHR0cHM6Ly93d3cubGl2ZXJwb29sLmNvbS5teC90aWVuZGEvcGRwL0xhdmFkb3JhLVdpbmlhLTIxLWtnLWdyaXMtb2JzY3Vyby1EV0YtREIxQjQyMUFCRFMxLzEwOTQ5NDkzNDA0Mzk3Njc=;SEM;2021-10-08;2020-07-29;;439767;;;;LIVERPOOL;MX;2021-10-08 03:43;WINIA;Lavadora Winia 21 kg gris obscuro DWF-DB1B421ABDS1;https://www.liverpool.com.mx/tienda/pdp/Lavadora-Winia-21-kg-gris-obscuro-DWF-DB1B421ABDS1/1094949340;WM;5;https://www.liverpool.com.mx/
876;aHR0cHM6Ly93d3cubGl2ZXJwb29sLmNvbS5teC90aWVuZGEvcGRwL0xhdmFkb3JhLVdpbmlhLTIxLWtnLWdyaXMtb2JzY3Vyby1EV0YtREIxQjQyMUFCRFMxLzEwOTQ5NDkzNDA0NDg3NDQ=;SEM;2021-10-08;2020-07-31;;448744;;;;LIVERPOOL;MX;2021-10-08 03:43;WINIA;Lavadora Winia 21 kg gris obscuro DWF-DB1B421ABDS1;https://www.liverpool.com.mx/tienda/pdp/Lavadora-Winia-21-kg-gris-obscuro-DWF-DB1B421ABDS1/1094949340;WM;3;https://www.liverpool.com.mx/
877;aHR0cHM6Ly93d3cubGl2ZXJwb29sLmNvbS5teC90aWVuZGEvcGRwL0xhdmFkb3JhLVdpbmlhLTIxLWtnLWdyaXMtb2JzY3Vyby1EV0YtREIxQjQyMUFCRFMxLzEwOTQ5NDkzNDA3NTM5MDU=;SEM;2021-10-08;2021-01-30;;753905;;;;LIVERPOOL;MX;2021-10-08 03:43;WINIA;Lavadora Winia 21 kg gris obscuro DWF-DB1B421ABDS1;https://www.liverpool.com.mx/tienda/pdp/Lavadora-Winia-21-kg-gris-obscuro-DWF-DB1B421ABDS1/1094949340;WM;5;https://www.liverpool.com.mx/
878;aHR0cHM6Ly93d3cubGl2ZXJwb29sLmNvbS5teC90aWVuZGEvcGRwL0xhdmFkb3JhLVdpbmlhLTIxLWtnLWdyaXMtb2JzY3Vyby1EV0YtREIxQjQyMUFCRFMxLzEwOTQ5NDkzNDA5MjM4MjQ=;SEM;2021-10-08;2021-04-27;;923824;;;;LIVERPOOL;MX;2021-10-08 03:43;WINIA;Lavadora Winia 21 kg gris obscuro DWF-DB1B421ABDS1;https://www.liverpool.com.mx/tienda/pdp/Lavadora-Winia-21-kg-gris-obscuro-DWF-DB1B421ABDS1/1094949340;WM;4;https://www.liverpool.com.mx/
879;aHR0cHM6Ly93d3cubGl2ZXJwb29sLmNvbS5teC90aWVuZGEvcGRwL0xhdmFkb3JhLVdpbmlhLTIxLWtnLWdyaXMtb2JzY3Vyby1EV0YtREIxQjQyMUFCRFMxLzEwOTQ5NDkzNDA4NDg2OTM=;SEM;2021-10-08;2021-03-15;;848693;;;;LIVERPOOL;MX;2021-10-08 03:43;WINIA;Lavadora Winia 21 kg gris obscuro DWF-DB1B421ABDS1;https://www.liverpool.com.mx/tienda/pdp/Lavadora-Winia-21-kg-gris-obscuro-DWF-DB1B421ABDS1/1094949340;WM;5;https://www.liverpool.com.mx/
880;aHR0cHM6Ly93d3cubGl2ZXJwb29sLmNvbS5teC90aWVuZGEvcGRwL0xhdmFkb3JhLVdpbmlhLTIxLWtnLWdyaXMtb2JzY3Vyby1EV0YtREIxQjQyMUFCRFMxLzEwOTQ5NDkzNDAxMTcyMTM5;SEM;2021-10-08;2021-07-29;;1172139;;;;LIVERPOOL;MX;2021-10-08 03:43;WINIA;Lavadora Winia 21 kg gris obscuro DWF-DB1B421ABDS1;https://www.liverpool.com.mx/tienda/pdp/Lavadora-Winia-21-kg-gris-obscuro-DWF-DB1B421ABDS1/1094949340;WM;5;https://www.liverpool.com.mx/
881;aHR0cHM6Ly93d3cubGl2ZXJwb29sLmNvbS5teC90aWVuZGEvcGRwL0xhdmFkb3JhLVdpbmlhLTIxLWtnLWdyaXMtb2JzY3Vyby1EV0YtREIxQjQyMUFCRFMxLzEwOTQ5NDkzNDA5MTE4MTU=;SEM;2021-10-08;2021-04-19;;911815;;;;LIVERPOOL;MX;2021-10-08 03:43;WINIA;Lavadora Winia 21 kg gris obscuro DWF-DB1B421ABDS1;https://www.liverpool.com.mx/tienda/pdp/Lavadora-Winia-21-kg-gris-obscuro-DWF-DB1B421ABDS1/1094949340;WM;5;https://www.liverpool.com.mx/
882;aHR0cHM6Ly93d3cubGl2ZXJwb29sLmNvbS5teC90aWVuZGEvcGRwL0xhdmFkb3JhLVdpbmlhLTIxLWtnLWdyaXMtb2JzY3Vyby1EV0YtREIxQjQyMUFCRFMxLzEwOTQ5NDkzNDA4NzQ1Mzk=;SEM;2021-10-08;2021-03-28;;874539;;;;LIVERPOOL;MX;2021-10-08 03:43;WINIA;Lavadora Winia 21 kg gris obscuro DWF-DB1B421ABDS1;https://www.liverpool.com.mx/tienda/pdp/Lavadora-Winia-21-kg-gris-obscuro-DWF-DB1B421ABDS1/1094949340;WM;4;https://www.liverpool.com.mx/
883;aHR0cHM6Ly93d3cubGl2ZXJwb29sLmNvbS5teC90aWVuZGEvcGRwL0xhdmFkb3JhLVdpbmlhLTIxLWtnLWdyaXMtb2JzY3Vyby1EV0YtREIxQjQyMUFCRFMxLzEwOTQ5NDkzNDA4MzIwODg=;SEM;2021-10-08;2021-03-07;;832088;;;;LIVERPOOL;MX;2021-10-08 03:43;WINIA;Lavadora Winia 21 kg gris obscuro DWF-DB1B421ABDS1;https://www.liverpool.com.mx/tienda/pdp/Lavadora-Winia-21-kg-gris-obscuro-DWF-DB1B421ABDS1/1094949340;WM;4;https://www.liverpool.com.mx/
884;aHR0cHM6Ly93d3cubGl2ZXJwb29sLmNvbS5teC90aWVuZGEvcGRwL0xhdmFkb3JhLVdpbmlhLTIxLWtnLWdyaXMtb2JzY3Vyby1EV0YtREIxQjQyMUFCRFMxLzEwOTQ5NDkzNDA3OTc1NTk=;SEM;2021-10-08;2021-02-20;;797559;;;;LIVERPOOL;MX;2021-10-08 03:43;WINIA;Lavadora Winia 21 kg gris obscuro DWF-DB1B421ABDS1;https://www.liverpool.com.mx/tienda/pdp/Lavadora-Winia-21-kg-gris-obscuro-DWF-DB1B421ABDS1/1094949340;WM;5;https://www.liverpool.com.mx/
885;aHR0cHM6Ly93d3cubGl2ZXJwb29sLmNvbS5teC90aWVuZGEvcGRwL0xhdmFkb3JhLVdpbmlhLTIxLWtnLWdyaXMtb2JzY3Vyby1EV0YtREIxQjQyMUFCRFMxLzEwOTQ5NDkzNDA3NzUzODM=;SEM;2021-10-08;2021-02-11;;775383;;;;LIVERPOOL;MX;2021-10-08 03:43;WINIA;Lavadora Winia 21 kg gris obscuro DWF-DB1B421ABDS1;https://www.liverpool.com.mx/tienda/pdp/Lavadora-Winia-21-kg-gris-obscuro-DWF-DB1B421ABDS1/1094949340;WM;4;https://www.liverpool.com.mx/
886;aHR0cHM6Ly93d3cubGl2ZXJwb29sLmNvbS5teC90aWVuZGEvcGRwL0xhdmFkb3JhLVdpbmlhLTIxLWtnLWdyaXMtb2JzY3Vyby1EV0YtREIxQjQyMUFCRFMxLzEwOTQ5NDkzNDA0MzUzNTY=;SEM;2021-10-08;2020-07-28;;435356;;;;LIVERPOOL;MX;2021-10-08 03:43;WINIA;Lavadora Winia 21 kg gris obscuro DWF-DB1B421ABDS1;https://www.liverpool.com.mx/tienda/pdp/Lavadora-Winia-21-kg-gris-obscuro-DWF-DB1B421ABDS1/1094949340;WM;3;https://www.liverpool.com.mx/
887;aHR0cHM6Ly93d3cubGl2ZXJwb29sLmNvbS5teC90aWVuZGEvcGRwL0xhdmFkb3JhLVdpbmlhLTIxLWtnLWdyaXMtb2JzY3Vyby1EV0YtREIxQjQyMUFCRFMxLzEwOTQ5NDkzNDA0NjI2NDE=;SEM;2021-10-08;2020-08-02;;462641;;;;LIVERPOOL;MX;2021-10-08 03:43;WINIA;Lavadora Winia 21 kg gris obscuro DWF-DB1B421ABDS1;https://www.liverpool.com.mx/tienda/pdp/Lavadora-Winia-21-kg-gris-obscuro-DWF-DB1B421ABDS1/1094949340;WM;5;https://www.liverpool.com.mx/
888;aHR0cHM6Ly93d3cubGl2ZXJwb29sLmNvbS5teC90aWVuZGEvcGRwL0xhdmFkb3JhLVdpbmlhLTIxLWtnLWdyaXMtb2JzY3Vyby1EV0YtREIxQjQyMUFCRFMxLzEwOTQ5NDkzNDA1NDY3OTI=;SEM;2021-10-08;2020-08-23;;546792;;;;LIVERPOOL;MX;2021-10-08 03:43;WINIA;Lavadora Winia 21 kg gris obscuro DWF-DB1B421ABDS1;https://www.liverpool.com.mx/tienda/pdp/Lavadora-Winia-21-kg-gris-obscuro-DWF-DB1B421ABDS1/1094949340;WM;5;https://www.liverpool.com.mx/
889;aHR0cHM6Ly93d3cubGl2ZXJwb29sLmNvbS5teC90aWVuZGEvcGRwL0xhdmFkb3JhLU1hYmUtMjIta2ctYXV0b20lQzMlQTF0aWNhLWNhcmdhLXN1cGVyaW9yLUxNQTcyMjE1V0JBQjBKQS8xMTA1MDI3OTExMTAwMjY3MQ==;SEM;2021-10-08;2021-05-25;;1002671;;;;LIVERPOOL;MX;2021-10-08 03:44;MABE;Lavadora Mabe 22 kg automática carga superior LMA72215WBAB0JA;https://www.liverpool.com.mx/tienda/pdp/Lavadora-Mabe-22-kg-autom%C3%A1tica-carga-superior-LMA72215WBAB0JA/1105027911;WM;5;https://www.liverpool.com.mx/
890;aHR0cHM6Ly93d3cubGl2ZXJwb29sLmNvbS5teC90aWVuZGEvcGRwL0xhdmFkb3JhLU1hYmUtMjIta2ctYXV0b20lQzMlQTF0aWNhLWNhcmdhLXN1cGVyaW9yLUxNQTcyMjE1V0JBQjBKQS8xMTA1MDI3OTExOTg4MTY4;SEM;2021-10-08;2021-05-20;;988168;;;;LIVERPOOL;MX;2021-10-08 03:44;MABE;Lavadora Mabe 22 kg automática carga superior LMA72215WBAB0JA;https://www.liverpool.com.mx/tienda/pdp/Lavadora-Mabe-22-kg-autom%C3%A1tica-carga-superior-LMA72215WBAB0JA/1105027911;WM;5;https://www.liverpool.com.mx/
891;aHR0cHM6Ly93d3cubGl2ZXJwb29sLmNvbS5teC90aWVuZGEvcGRwL0xhdmFkb3JhLU1hYmUtMjIta2ctYXV0b20lQzMlQTF0aWNhLWNhcmdhLXN1cGVyaW9yLUxNQTcyMjE1V0JBQjBKQS8xMTA1MDI3OTExOTkyMzc2;SEM;2021-10-08;2021-05-21;;992376;;;;LIVERPOOL;MX;2021-10-08 03:44;MABE;Lavadora Mabe 22 kg automática carga superior LMA72215WBAB0JA;https://www.liverpool.com.mx/tienda/pdp/Lavadora-Mabe-22-kg-autom%C3%A1tica-carga-superior-LMA72215WBAB0JA/1105027911;WM;5;https://www.liverpool.com.mx/
892;aHR0cHM6Ly93d3cubGl2ZXJwb29sLmNvbS5teC90aWVuZGEvcGRwL0xhdmFkb3JhLU1hYmUtMjIta2ctYXV0b20lQzMlQTF0aWNhLWNhcmdhLXN1cGVyaW9yLUxNQTcyMjE1V0JBQjBKQS8xMTA1MDI3OTExOTk5NDc3;SEM;2021-10-08;2021-05-24;;999477;;;;LIVERPOOL;MX;2021-10-08 03:44;MABE;Lavadora Mabe 22 kg automática carga superior LMA72215WBAB0JA;https://www.liverpool.com.mx/tienda/pdp/Lavadora-Mabe-22-kg-autom%C3%A1tica-carga-superior-LMA72215WBAB0JA/1105027911;WM;4;https://www.liverpool.com.mx/
893;aHR0cHM6Ly93d3cubGl2ZXJwb29sLmNvbS5teC90aWVuZGEvcGRwL0xhdmFkb3JhLU1hYmUtMjIta2ctYXV0b20lQzMlQTF0aWNhLWNhcmdhLXN1cGVyaW9yLUxNQTcyMjE1V0JBQjBKQS8xMTA1MDI3OTExMTA3MjkwNA==;SEM;2021-10-08;2021-06-16;;1072904;;;;LIVERPOOL;MX;2021-10-08 03:44;MABE;Lavadora Mabe 22 kg automática carga superior LMA72215WBAB0JA;https://www.liverpool.com.mx/tienda/pdp/Lavadora-Mabe-22-kg-autom%C3%A1tica-carga-superior-LMA72215WBAB0JA/1105027911;WM;5;https://www.liverpool.com.mx/
894;aHR0cHM6Ly93d3cubGl2ZXJwb29sLmNvbS5teC90aWVuZGEvcGRwL0xhdmFkb3JhLU1hYmUtMjIta2ctYXV0b20lQzMlQTF0aWNhLWNhcmdhLXN1cGVyaW9yLUxNQTcyMjE1V0JBQjBKQS8xMTA1MDI3OTExMTA4MDM0NQ==;SEM;2021-10-08;2021-06-19;;1080345;;;;LIVERPOOL;MX;2021-10-08 03:44;MABE;Lavadora Mabe 22 kg automática carga superior LMA72215WBAB0JA;https://www.liverpool.com.mx/tienda/pdp/Lavadora-Mabe-22-kg-autom%C3%A1tica-carga-superior-LMA72215WBAB0JA/1105027911;WM;5;https://www.liverpool.com.mx/
895;aHR0cHM6Ly93d3cubGl2ZXJwb29sLmNvbS5teC90aWVuZGEvcGRwL0xhdmFkb3JhLU1hYmUtMjIta2ctYXV0b20lQzMlQTF0aWNhLWNhcmdhLXN1cGVyaW9yLUxNQTcyMjE1V0JBQjBKQS8xMTA1MDI3OTExMTA3MzE4Ng==;SEM;2021-10-08;2021-06-16;;1073186;;;;LIVERPOOL;MX;2021-10-08 03:44;MABE;Lavadora Mabe 22 kg automática carga superior LMA72215WBAB0JA;https://www.liverpool.com.mx/tienda/pdp/Lavadora-Mabe-22-kg-autom%C3%A1tica-carga-superior-LMA72215WBAB0JA/1105027911;WM;5;https://www.liverpool.com.mx/
896;aHR0cHM6Ly93d3cubGl2ZXJwb29sLmNvbS5teC90aWVuZGEvcGRwL0xhdmFkb3JhLU1hYmUtMjIta2ctYXV0b20lQzMlQTF0aWNhLWNhcmdhLXN1cGVyaW9yLUxNQTcyMjE1V0JBQjBKQS8xMTA1MDI3OTExMTA3ODQyMg==;SEM;2021-10-08;2021-06-18;;1078422;;;;LIVERPOOL;MX;2021-10-08 03:44;MABE;Lavadora Mabe 22 kg automática carga superior LMA72215WBAB0JA;https://www.liverpool.com.mx/tienda/pdp/Lavadora-Mabe-22-kg-autom%C3%A1tica-carga-superior-LMA72215WBAB0JA/1105027911;WM;5;https://www.liverpool.com.mx/
897;aHR0cHM6Ly93d3cubGl2ZXJwb29sLmNvbS5teC90aWVuZGEvcGRwL0xhdmFkb3JhLU1hYmUtMjIta2ctYXV0b20lQzMlQTF0aWNhLWNhcmdhLXN1cGVyaW9yLUxNQTcyMjE1V0JBQjBKQS8xMTA1MDI3OTExMTEwNDU1Mw==;SEM;2021-10-08;2021-06-27;;1104553;;;;LIVERPOOL;MX;2021-10-08 03:44;MABE;Lavadora Mabe 22 kg automática carga superior LMA72215WBAB0JA;https://www.liverpool.com.mx/tienda/pdp/Lavadora-Mabe-22-kg-autom%C3%A1tica-carga-superior-LMA72215WBAB0JA/1105027911;WM;5;https://www.liverpool.com.mx/
898;aHR0cHM6Ly93d3cubGl2ZXJwb29sLmNvbS5teC90aWVuZGEvcGRwL0xhdmFkb3JhLU1hYmUtMjIta2ctYXV0b20lQzMlQTF0aWNhLWNhcmdhLXN1cGVyaW9yLUxNQTcyMjE1V0JBQjBKQS8xMTA1MDI3OTExMTA3ODIwMw==;SEM;2021-10-08;2021-06-18;;1078203;;;;LIVERPOOL;MX;2021-10-08 03:44;MABE;Lavadora Mabe 22 kg automática carga superior LMA72215WBAB0JA;https://www.liverpool.com.mx/tienda/pdp/Lavadora-Mabe-22-kg-autom%C3%A1tica-carga-superior-LMA72215WBAB0JA/1105027911;WM;5;https://www.liverpool.com.mx/
899;aHR0cHM6Ly93d3cubGl2ZXJwb29sLmNvbS5teC90aWVuZGEvcGRwL0xhdmFkb3JhLU1hYmUtMjIta2ctYXV0b20lQzMlQTF0aWNhLWNhcmdhLXN1cGVyaW9yLUxNQTcyMjE1V0JBQjBKQS8xMTA1MDI3OTExMTA4NDM3OA==;SEM;2021-10-08;2021-06-20;;1084378;;;;LIVERPOOL;MX;2021-10-08 03:44;MABE;Lavadora Mabe 22 kg automática carga superior LMA72215WBAB0JA;https://www.liverpool.com.mx/tienda/pdp/Lavadora-Mabe-22-kg-autom%C3%A1tica-carga-superior-LMA72215WBAB0JA/1105027911;WM;5;https://www.liverpool.com.mx/
900;aHR0cHM6Ly93d3cubGl2ZXJwb29sLmNvbS5teC90aWVuZGEvcGRwL0xhdmFkb3JhLU1hYmUtMjIta2ctYXV0b20lQzMlQTF0aWNhLWNhcmdhLXN1cGVyaW9yLUxNQTcyMjE1V0JBQjBKQS8xMTA1MDI3OTExMTAxMTk2Mg==;SEM;2021-10-08;2021-05-29;;1011962;;;;LIVERPOOL;MX;2021-10-08 03:44;MABE;Lavadora Mabe 22 kg automática carga superior LMA72215WBAB0JA;https://www.liverpool.com.mx/tienda/pdp/Lavadora-Mabe-22-kg-autom%C3%A1tica-carga-superior-LMA72215WBAB0JA/1105027911;WM;5;https://www.liverpool.com.mx/
901;aHR0cHM6Ly93d3cubGl2ZXJwb29sLmNvbS5teC90aWVuZGEvcGRwL0xhdmFkb3JhLVdpbmlhLTE5LWtnLWJsYW5jYS1EV0YtREcxQjM4NkNXVzMvMTA1NzA3MjcwNTIwNTMzNQ==;SEM;2021-10-08;2020-03-28;;205335;;;;LIVERPOOL;MX;2021-10-08 03:44;WINIA;Lavadora Winia 19 kg blanca DWF-DG1B386CWW3;https://www.liverpool.com.mx/tienda/pdp/Lavadora-Winia-19-kg-blanca-DWF-DG1B386CWW3/1057072705;WM;5;https://www.liverpool.com.mx/
902;aHR0cHM6Ly93d3cubGl2ZXJwb29sLmNvbS5teC90aWVuZGEvcGRwL0xhdmFkb3JhLVdpbmlhLTE5LWtnLWJsYW5jYS1EV0YtREcxQjM4NkNXVzMvMTA1NzA3MjcwNTc3MzkzMA==;SEM;2021-10-08;2021-02-11;;773930;;;;LIVERPOOL;MX;2021-10-08 03:44;WINIA;Lavadora Winia 19 kg blanca DWF-DG1B386CWW3;https://www.liverpool.com.mx/tienda/pdp/Lavadora-Winia-19-kg-blanca-DWF-DG1B386CWW3/1057072705;WM;5;https://www.liverpool.com.mx/
903;aHR0cHM6Ly93d3cubGl2ZXJwb29sLmNvbS5teC90aWVuZGEvcGRwL0xhdmFkb3JhLVdpbmlhLTE5LWtnLWJsYW5jYS1EV0YtREcxQjM4NkNXVzMvMTA1NzA3MjcwNTIxNzE4OA==;SEM;2021-10-08;2020-04-15;;217188;;;;LIVERPOOL;MX;2021-10-08 03:44;WINIA;Lavadora Winia 19 kg blanca DWF-DG1B386CWW3;https://www.liverpool.com.mx/tienda/pdp/Lavadora-Winia-19-kg-blanca-DWF-DG1B386CWW3/1057072705;WM;5;https://www.liverpool.com.mx/
904;aHR0cHM6Ly93d3cubGl2ZXJwb29sLmNvbS5teC90aWVuZGEvcGRwL0xhdmFkb3JhLVdpbmlhLTE5LWtnLWJsYW5jYS1EV0YtREcxQjM4NkNXVzMvMTA1NzA3MjcwNTExMjU4Mzk=;SEM;2021-10-08;2021-07-06;;1125839;;;;LIVERPOOL;MX;2021-10-08 03:44;WINIA;Lavadora Winia 19 kg blanca DWF-DG1B386CWW3;https://www.liverpool.com.mx/tienda/pdp/Lavadora-Winia-19-kg-blanca-DWF-DG1B386CWW3/1057072705;WM;5;https://www.liverpool.com.mx/
905;aHR0cHM6Ly93d3cubGl2ZXJwb29sLmNvbS5teC90aWVuZGEvcGRwL0xhdmFkb3JhLVdpbmlhLTE5LWtnLWJsYW5jYS1EV0YtREcxQjM4NkNXVzMvMTA1NzA3MjcwNTIwMjUzMA==;SEM;2021-10-08;2020-03-22;;202530;;;;LIVERPOOL;MX;2021-10-08 03:44;WINIA;Lavadora Winia 19 kg blanca DWF-DG1B386CWW3;https://www.liverpool.com.mx/tienda/pdp/Lavadora-Winia-19-kg-blanca-DWF-DG1B386CWW3/1057072705;WM;5;https://www.liverpool.com.mx/
906;aHR0cHM6Ly93d3cubGl2ZXJwb29sLmNvbS5teC90aWVuZGEvcGRwL0xhdmFkb3JhLVdpbmlhLTE5LWtnLWJsYW5jYS1EV0YtREcxQjM4NkNXVzMvMTA1NzA3MjcwNTEwMzU2NTQ=;SEM;2021-10-08;2021-06-05;;1035654;;;;LIVERPOOL;MX;2021-10-08 03:44;WINIA;Lavadora Winia 19 kg blanca DWF-DG1B386CWW3;https://www.liverpool.com.mx/tienda/pdp/Lavadora-Winia-19-kg-blanca-DWF-DG1B386CWW3/1057072705;WM;5;https://www.liverpool.com.mx/
907;aHR0cHM6Ly93d3cubGl2ZXJwb29sLmNvbS5teC90aWVuZGEvcGRwL0xhdmFkb3JhLVdpbmlhLTE5LWtnLWJsYW5jYS1EV0YtREcxQjM4NkNXVzMvMTA1NzA3MjcwNTEwNDUxMjU=;SEM;2021-10-08;2021-06-08;;1045125;;;;LIVERPOOL;MX;2021-10-08 03:44;WINIA;Lavadora Winia 19 kg blanca DWF-DG1B386CWW3;https://www.liverpool.com.mx/tienda/pdp/Lavadora-Winia-19-kg-blanca-DWF-DG1B386CWW3/1057072705;WM;4;https://www.liverpool.com.mx/
908;aHR0cHM6Ly93d3cubGl2ZXJwb29sLmNvbS5teC90aWVuZGEvcGRwL0xhdmFkb3JhLVdpbmlhLTE5LWtnLWJsYW5jYS1EV0YtREcxQjM4NkNXVzMvMTA1NzA3MjcwNTc1MjcxMw==;SEM;2021-10-08;2021-01-29;;752713;;;;LIVERPOOL;MX;2021-10-08 03:44;WINIA;Lavadora Winia 19 kg blanca DWF-DG1B386CWW3;https://www.liverpool.com.mx/tienda/pdp/Lavadora-Winia-19-kg-blanca-DWF-DG1B386CWW3/1057072705;WM;2;https://www.liverpool.com.mx/
909;aHR0cHM6Ly93d3cubGl2ZXJwb29sLmNvbS5teC90aWVuZGEvcGRwL0xhdmFkb3JhLVdpbmlhLTE5LWtnLWJsYW5jYS1EV0YtREcxQjM4NkNXVzMvMTA1NzA3MjcwNTEzNDY2Nw==;SEM;2021-10-08;2019-11-17;;134667;;;;LIVERPOOL;MX;2021-10-08 03:44;WINIA;Lavadora Winia 19 kg blanca DWF-DG1B386CWW3;https://www.liverpool.com.mx/tienda/pdp/Lavadora-Winia-19-kg-blanca-DWF-DG1B386CWW3/1057072705;WM;5;https://www.liverpool.com.mx/
910;aHR0cHM6Ly93d3cubGl2ZXJwb29sLmNvbS5teC90aWVuZGEvcGRwL0xhdmFkb3JhLVdpbmlhLTE5LWtnLWJsYW5jYS1EV0YtREcxQjM4NkNXVzMvMTA1NzA3MjcwNTIxNzY3MQ==;SEM;2021-10-08;2020-04-16;;217671;;;;LIVERPOOL;MX;2021-10-08 03:44;WINIA;Lavadora Winia 19 kg blanca DWF-DG1B386CWW3;https://www.liverpool.com.mx/tienda/pdp/Lavadora-Winia-19-kg-blanca-DWF-DG1B386CWW3/1057072705;WM;5;https://www.liverpool.com.mx/
911;aHR0cHM6Ly93d3cubGl2ZXJwb29sLmNvbS5teC90aWVuZGEvcGRwL0xhdmFkb3JhLVdpbmlhLTE5LWtnLWJsYW5jYS1EV0YtREcxQjM4NkNXVzMvMTA1NzA3MjcwNTI1MDc4;SEM;2021-10-08;2019-02-25;;25078;;;;LIVERPOOL;MX;2021-10-08 03:44;WINIA;Lavadora Winia 19 kg blanca DWF-DG1B386CWW3;https://www.liverpool.com.mx/tienda/pdp/Lavadora-Winia-19-kg-blanca-DWF-DG1B386CWW3/1057072705;WM;5;https://www.liverpool.com.mx/
912;aHR0cHM6Ly93d3cubGl2ZXJwb29sLmNvbS5teC90aWVuZGEvcGRwL0xhdmFkb3JhLUxHLTIyLWtnLXBsYXRhLVdNMjJWVjJTNkIvMTA5MTE2MTc5MjQwMTQ3Mw==;SEM;2021-10-08;2020-07-16;;401473;;;;LIVERPOOL;MX;2021-10-08 03:45;LG;Lavadora LG 22 kg plata WM22VV2S6B;https://www.liverpool.com.mx/tienda/pdp/Lavadora-LG-22-kg-plata-WM22VV2S6B/1091161792;WM;5;https://www.liverpool.com.mx/
913;aHR0cHM6Ly93d3cubGl2ZXJwb29sLmNvbS5teC90aWVuZGEvcGRwL0xhdmFkb3JhLUxHLTIyLWtnLXBsYXRhLVdNMjJWVjJTNkIvMTA5MTE2MTc5MjQwMDM5NA==;SEM;2021-10-08;2020-07-15;;400394;;;;LIVERPOOL;MX;2021-10-08 03:45;LG;Lavadora LG 22 kg plata WM22VV2S6B;https://www.liverpool.com.mx/tienda/pdp/Lavadora-LG-22-kg-plata-WM22VV2S6B/1091161792;WM;5;https://www.liverpool.com.mx/
914;aHR0cHM6Ly93d3cubGl2ZXJwb29sLmNvbS5teC90aWVuZGEvcGRwL0xhdmFkb3JhLUxHLTIyLWtnLXBsYXRhLVdNMjJWVjJTNkIvMTA5MTE2MTc5MjQ3MTMyMQ==;SEM;2021-10-08;2020-08-04;;471321;;;;LIVERPOOL;MX;2021-10-08 03:45;LG;Lavadora LG 22 kg plata WM22VV2S6B;https://www.liverpool.com.mx/tienda/pdp/Lavadora-LG-22-kg-plata-WM22VV2S6B/1091161792;WM;5;https://www.liverpool.com.mx/
915;aHR0cHM6Ly93d3cubGl2ZXJwb29sLmNvbS5teC90aWVuZGEvcGRwL0xhdmFkb3JhLUxHLTIyLWtnLXBsYXRhLVdNMjJWVjJTNkIvMTA5MTE2MTc5MjQ4MDE2OA==;SEM;2021-10-08;2020-08-05;;480168;;;;LIVERPOOL;MX;2021-10-08 03:45;LG;Lavadora LG 22 kg plata WM22VV2S6B;https://www.liverpool.com.mx/tienda/pdp/Lavadora-LG-22-kg-plata-WM22VV2S6B/1091161792;WM;5;https://www.liverpool.com.mx/
916;aHR0cHM6Ly93d3cubGl2ZXJwb29sLmNvbS5teC90aWVuZGEvcGRwL0xhdmFkb3JhLU1hYmUtMjIta2ctYXV0b20lQzMlQTF0aWNhLWNhcmdhLXN1cGVyaW9yLUxNQTcyMjE1V0JBQjAvMTEwNDQ4NDQzMDEyMzIxNTM=;SEM;2021-10-08;2021-08-27;;1232153;;;;LIVERPOOL;MX;2021-10-08 03:46;MABE;Lavadora Mabe 22 kg automática carga superior LMA72215WBAB0;https://www.liverpool.com.mx/tienda/pdp/Lavadora-Mabe-22-kg-autom%C3%A1tica-carga-superior-LMA72215WBAB0/1104484430;WM;5;https://www.liverpool.com.mx/
917;aHR0cHM6Ly93d3cubGl2ZXJwb29sLmNvbS5teC90aWVuZGEvcGRwL0xhdmFkb3JhLU1hYmUtMjIta2ctYXV0b20lQzMlQTF0aWNhLWNhcmdhLXN1cGVyaW9yLUxNQTcyMjE1V0JBQjAvMTEwNDQ4NDQzMDEyNDc3NzU=;SEM;2021-10-08;2021-09-05;;1247775;;;;LIVERPOOL;MX;2021-10-08 03:46;MABE;Lavadora Mabe 22 kg automática carga superior LMA72215WBAB0;https://www.liverpool.com.mx/tienda/pdp/Lavadora-Mabe-22-kg-autom%C3%A1tica-carga-superior-LMA72215WBAB0/1104484430;WM;5;https://www.liverpool.com.mx/
918;aHR0cHM6Ly93d3cubGl2ZXJwb29sLmNvbS5teC90aWVuZGEvcGRwL0xhdmFkb3JhLU1hYmUtMjIta2ctYXV0b20lQzMlQTF0aWNhLWNhcmdhLXN1cGVyaW9yLUxNQTcyMjE1V0JBQjAvMTEwNDQ4NDQzMDEwMjA0NzA=;SEM;2021-10-08;2021-05-31;;1020470;;;;LIVERPOOL;MX;2021-10-08 03:46;MABE;Lavadora Mabe 22 kg automática carga superior LMA72215WBAB0;https://www.liverpool.com.mx/tienda/pdp/Lavadora-Mabe-22-kg-autom%C3%A1tica-carga-superior-LMA72215WBAB0/1104484430;WM;5;https://www.liverpool.com.mx/
919;aHR0cHM6Ly93d3cubGl2ZXJwb29sLmNvbS5teC90aWVuZGEvcGRwL0xhdmFkb3JhLU1hYmUtMjIta2ctYXV0b20lQzMlQTF0aWNhLWNhcmdhLXN1cGVyaW9yLUxNQTcyMjE1V0JBQjAvMTEwNDQ4NDQzMDEyNjU3MjU=;SEM;2021-10-08;2021-09-15;;1265725;;;;LIVERPOOL;MX;2021-10-08 03:46;MABE;Lavadora Mabe 22 kg automática carga superior LMA72215WBAB0;https://www.liverpool.com.mx/tienda/pdp/Lavadora-Mabe-22-kg-autom%C3%A1tica-carga-superior-LMA72215WBAB0/1104484430;WM;5;https://www.liverpool.com.mx/
920;aHR0cHM6Ly93d3cubGl2ZXJwb29sLmNvbS5teC90aWVuZGEvcGRwL0xhdmFkb3JhLU1hYmUtMjIta2ctYXV0b20lQzMlQTF0aWNhLWNhcmdhLXN1cGVyaW9yLUxNQTcyMjE1V0JBQjAvMTEwNDQ4NDQzMDEyMzE5NjA=;SEM;2021-10-08;2021-08-27;;1231960;;;;LIVERPOOL;MX;2021-10-08 03:46;MABE;Lavadora Mabe 22 kg automática carga superior LMA72215WBAB0;https://www.liverpool.com.mx/tienda/pdp/Lavadora-Mabe-22-kg-autom%C3%A1tica-carga-superior-LMA72215WBAB0/1104484430;WM;5;https://www.liverpool.com.mx/
921;aHR0cHM6Ly93d3cubGl2ZXJwb29sLmNvbS5teC90aWVuZGEvcGRwL0xhdmFkb3JhLU1hYmUtMjIta2ctYXV0b20lQzMlQTF0aWNhLWNhcmdhLXN1cGVyaW9yLUxNQTcyMjE1V0JBQjAvMTEwNDQ4NDQzMDExMjUyNDc=;SEM;2021-10-08;2021-07-05;;1125247;;;;LIVERPOOL;MX;2021-10-08 03:46;MABE;Lavadora Mabe 22 kg automática carga superior LMA72215WBAB0;https://www.liverpool.com.mx/tienda/pdp/Lavadora-Mabe-22-kg-autom%C3%A1tica-carga-superior-LMA72215WBAB0/1104484430;WM;5;https://www.liverpool.com.mx/
922;aHR0cHM6Ly93d3cubGl2ZXJwb29sLmNvbS5teC90aWVuZGEvcGRwL0xhdmFkb3JhLU1hYmUtMjIta2ctYXV0b20lQzMlQTF0aWNhLWNhcmdhLXN1cGVyaW9yLUxNQTcyMjE1V0JBQjAvMTEwNDQ4NDQzMDEwMjEzNDk=;SEM;2021-10-08;2021-06-01;;1021349;;;;LIVERPOOL;MX;2021-10-08 03:46;MABE;Lavadora Mabe 22 kg automática carga superior LMA72215WBAB0;https://www.liverpool.com.mx/tienda/pdp/Lavadora-Mabe-22-kg-autom%C3%A1tica-carga-superior-LMA72215WBAB0/1104484430;WM;5;https://www.liverpool.com.mx/
923;aHR0cHM6Ly93d3cubGl2ZXJwb29sLmNvbS5teC90aWVuZGEvcGRwL0xhdmFkb3JhLU1hYmUtMjIta2ctYXV0b20lQzMlQTF0aWNhLWNhcmdhLXN1cGVyaW9yLUxNQTcyMjE1V0JBQjAvMTEwNDQ4NDQzMDEwNTU4MjE=;SEM;2021-10-08;2021-06-11;;1055821;;;;LIVERPOOL;MX;2021-10-08 03:46;MABE;Lavadora Mabe 22 kg automática carga superior LMA72215WBAB0;https://www.liverpool.com.mx/tienda/pdp/Lavadora-Mabe-22-kg-autom%C3%A1tica-carga-superior-LMA72215WBAB0/1104484430;WM;5;https://www.liverpool.com.mx/
924;aHR0cHM6Ly93d3cubGl2ZXJwb29sLmNvbS5teC90aWVuZGEvcGRwL0xhdmFkb3JhLU1hYmUtMjIta2ctYXV0b20lQzMlQTF0aWNhLWNhcmdhLXN1cGVyaW9yLUxNQTcyMjE1V0JBQjAvMTEwNDQ4NDQzMDEwMjY5NzY=;SEM;2021-10-08;2021-06-03;;1026976;;;;LIVERPOOL;MX;2021-10-08 03:46;MABE;Lavadora Mabe 22 kg automática carga superior LMA72215WBAB0;https://www.liverpool.com.mx/tienda/pdp/Lavadora-Mabe-22-kg-autom%C3%A1tica-carga-superior-LMA72215WBAB0/1104484430;WM;5;https://www.liverpool.com.mx/
925;aHR0cHM6Ly93d3cubGl2ZXJwb29sLmNvbS5teC90aWVuZGEvcGRwL0NvbWJvLWRlLUxhdmFkb3JhLSstU2VjYWRvcmEtTWFiZS1ibGFuY28tTE1INzAyMDFTTUcxN1I4LzEwODY4ODI2NDMyMjQ1ODM=;SEM;2021-10-08;2020-04-23;;224583;;;;LIVERPOOL;MX;2021-10-08 03:47;MABE;Combo de Lavadora + Secadora Mabe blanco LMH70201SMG17R8;https://www.liverpool.com.mx/tienda/pdp/Combo-de-Lavadora-+-Secadora-Mabe-blanco-LMH70201SMG17R8/1086882643;WM;5;https://www.liverpool.com.mx/
926;aHR0cHM6Ly93d3cubGl2ZXJwb29sLmNvbS5teC90aWVuZGEvcGRwL1NldC1kZS1UZWwlQzMlQTlmb25vcy1JbmFsJUMzJUExbWJyaWNvcy1QYW5hc29uaWMvMTAwMjYxODI3MDEzMDkwNzM=;SEM;2021-10-08;2021-10-07;;1309073;;;;LIVERPOOL;MX;2021-10-08 02:32;PANASONIC;Set de Teléfonos Inalámbricos Panasonic;https://www.liverpool.com.mx/tienda/pdp/Set-de-Tel%C3%A9fonos-Inal%C3%A1mbricos-Panasonic/1002618270;WM;5;https://www.liverpool.com.mx/
927;aHR0cHM6Ly93d3cubGl2ZXJwb29sLmNvbS5teC90aWVuZGEvcGRwL0VzdHVmYS1kZS1waXNvLU1heXRhZy1hLWdhcy0zMC1wdWxnYWRhcy1NRjgwMDBTLzEwNDY2OTY2OTMxMzcyNDA=;SEM;2021-10-08;2019-11-21;;137240;;;;LIVERPOOL;MX;2021-10-08 02:33;MAYTAG;Estufa de piso Maytag a gas 30 pulgadas MF8000S;https://www.liverpool.com.mx/tienda/pdp/Estufa-de-piso-Maytag-a-gas-30-pulgadas-MF8000S/1046696693;WM;1;https://www.liverpool.com.mx/
928;aHR0cHM6Ly93d3cubGl2ZXJwb29sLmNvbS5teC90aWVuZGEvcGRwL0VzdHVmYS1kZS1waXNvLU1heXRhZy1hLWdhcy0zMC1wdWxnYWRhcy1NRjgwMDBTLzEwNDY2OTY2OTMxMjM1NTU=;SEM;2021-10-08;2019-10-25;;123555;;;;LIVERPOOL;MX;2021-10-08 02:33;MAYTAG;Estufa de piso Maytag a gas 30 pulgadas MF8000S;https://www.liverpool.com.mx/tienda/pdp/Estufa-de-piso-Maytag-a-gas-30-pulgadas-MF8000S/1046696693;WM;5;https://www.liverpool.com.mx/
929;aHR0cHM6Ly93d3cubGl2ZXJwb29sLmNvbS5teC90aWVuZGEvcGRwL0VzdHVmYS1kZS1waXNvLU1heXRhZy1hLWdhcy0zMC1wdWxnYWRhcy1NRjgwMDBTLzEwNDY2OTY2OTM2MTk5OTQ=;SEM;2021-10-08;2020-10-02;;619994;;;;LIVERPOOL;MX;2021-10-08 02:33;MAYTAG;Estufa de piso Maytag a gas 30 pulgadas MF8000S;https://www.liverpool.com.mx/tienda/pdp/Estufa-de-piso-Maytag-a-gas-30-pulgadas-MF8000S/1046696693;WM;2;https://www.liverpool.com.mx/
930;aHR0cHM6Ly93d3cubGl2ZXJwb29sLmNvbS5teC90aWVuZGEvcGRwL0VzdHVmYS1kZS1waXNvLU1heXRhZy1hLWdhcy0zMC1wdWxnYWRhcy1NRjgwMDBTLzEwNDY2OTY2OTM2MzU2MzA=;SEM;2021-10-08;2020-10-24;;635630;;;;LIVERPOOL;MX;2021-10-08 02:33;MAYTAG;Estufa de piso Maytag a gas 30 pulgadas MF8000S;https://www.liverpool.com.mx/tienda/pdp/Estufa-de-piso-Maytag-a-gas-30-pulgadas-MF8000S/1046696693;WM;3;https://www.liverpool.com.mx/
931;aHR0cHM6Ly93d3cubGl2ZXJwb29sLmNvbS5teC90aWVuZGEvcGRwL0VzdHVmYS1kZS1waXNvLU1heXRhZy1hLWdhcy0zMC1wdWxnYWRhcy1NRjgwMDBTLzEwNDY2OTY2OTMxMjg1MjY3;SEM;2021-10-08;2021-09-25;;1285267;;;;LIVERPOOL;MX;2021-10-08 02:33;MAYTAG;Estufa de piso Maytag a gas 30 pulgadas MF8000S;https://www.liverpool.com.mx/tienda/pdp/Estufa-de-piso-Maytag-a-gas-30-pulgadas-MF8000S/1046696693;WM;5;https://www.liverpool.com.mx/
932;aHR0cHM6Ly93d3cubGl2ZXJwb29sLmNvbS5teC90aWVuZGEvcGRwL0VzdHVmYS1kZS1waXNvLU1heXRhZy1hLWdhcy0zMC1wdWxnYWRhcy1NRjgwMDBTLzEwNDY2OTY2OTMxMjc2NTcx;SEM;2021-10-08;2021-09-20;;1276571;;;;LIVERPOOL;MX;2021-10-08 02:33;MAYTAG;Estufa de piso Maytag a gas 30 pulgadas MF8000S;https://www.liverpool.com.mx/tienda/pdp/Estufa-de-piso-Maytag-a-gas-30-pulgadas-MF8000S/1046696693;WM;5;https://www.liverpool.com.mx/
933;aHR0cHM6Ly93d3cubGl2ZXJwb29sLmNvbS5teC90aWVuZGEvcGRwL0VzdHVmYS1kZS1waXNvLU1heXRhZy1hLWdhcy0zMC1wdWxnYWRhcy1NRjgwMDBTLzEwNDY2OTY2OTMxMDczMA==;SEM;2021-10-08;2018-11-20;;10730;;;;LIVERPOOL;MX;2021-10-08 02:33;MAYTAG;Estufa de piso Maytag a gas 30 pulgadas MF8000S;https://www.liverpool.com.mx/tienda/pdp/Estufa-de-piso-Maytag-a-gas-30-pulgadas-MF8000S/1046696693;WM;5;https://www.liverpool.com.mx/
934;aHR0cHM6Ly93d3cubGl2ZXJwb29sLmNvbS5teC90aWVuZGEvcGRwL2xhdmFkb3JhLXBhbmFzb25pYy0xOC1rZy1ibGFuY2EtbmEtdzE4MHgxbG14LzEwOTA3OTkyNjIyMDAzNzc=;SEM;2021-10-08;2020-03-17;;200377;;;;LIVERPOOL;MX;2021-10-08 03:02;PANASONIC;Lavadora Panasonic 18 kg blanca NA-W180X1LMX;https://www.liverpool.com.mx/tienda/pdp/lavadora-panasonic-18-kg-blanca-na-w180x1lmx/1090799262;WM;5;https://www.liverpool.com.mx/
935;aHR0cHM6Ly93d3cubGl2ZXJwb29sLmNvbS5teC90aWVuZGEvcGRwL2xhdmFkb3JhLXBhbmFzb25pYy0xOC1rZy1ibGFuY2EtbmEtdzE4MHgxbG14LzEwOTA3OTkyNjIyNTM0ODY=;SEM;2021-10-08;2020-05-16;;253486;;;;LIVERPOOL;MX;2021-10-08 03:02;PANASONIC;Lavadora Panasonic 18 kg blanca NA-W180X1LMX;https://www.liverpool.com.mx/tienda/pdp/lavadora-panasonic-18-kg-blanca-na-w180x1lmx/1090799262;WM;1;https://www.liverpool.com.mx/
936;aHR0cHM6Ly93d3cubGl2ZXJwb29sLmNvbS5teC90aWVuZGEvcGRwL2xhdmFkb3JhLXBhbmFzb25pYy0xOC1rZy1ibGFuY2EtbmEtdzE4MHgxbG14LzEwOTA3OTkyNjIyOTAwNjk=;SEM;2021-10-08;2020-06-10;;290069;;;;LIVERPOOL;MX;2021-10-08 03:02;PANASONIC;Lavadora Panasonic 18 kg blanca NA-W180X1LMX;https://www.liverpool.com.mx/tienda/pdp/lavadora-panasonic-18-kg-blanca-na-w180x1lmx/1090799262;WM;5;https://www.liverpool.com.mx/
937;aHR0cHM6Ly93d3cubGl2ZXJwb29sLmNvbS5teC90aWVuZGEvcGRwL2xhdmFkb3JhLXBhbmFzb25pYy0xOC1rZy1ibGFuY2EtbmEtdzE4MHgxbG14LzEwOTA3OTkyNjI0MDk5NTI=;SEM;2021-10-08;2020-07-20;;409952;;;;LIVERPOOL;MX;2021-10-08 03:02;PANASONIC;Lavadora Panasonic 18 kg blanca NA-W180X1LMX;https://www.liverpool.com.mx/tienda/pdp/lavadora-panasonic-18-kg-blanca-na-w180x1lmx/1090799262;WM;5;https://www.liverpool.com.mx/
938;aHR0cHM6Ly93d3cubGl2ZXJwb29sLmNvbS5teC90aWVuZGEvcGRwL2xhdmFkb3JhLXBhbmFzb25pYy0xOC1rZy1ibGFuY2EtbmEtdzE4MHgxbG14LzEwOTA3OTkyNjI5NDY0NzY=;SEM;2021-10-08;2021-05-06;;946476;;;;LIVERPOOL;MX;2021-10-08 03:02;PANASONIC;Lavadora Panasonic 18 kg blanca NA-W180X1LMX;https://www.liverpool.com.mx/tienda/pdp/lavadora-panasonic-18-kg-blanca-na-w180x1lmx/1090799262;WM;5;https://www.liverpool.com.mx/
939;aHR0cHM6Ly93d3cubGl2ZXJwb29sLmNvbS5teC90aWVuZGEvcGRwL2xhdmFkb3JhLXBhbmFzb25pYy0xOC1rZy1ibGFuY2EtbmEtdzE4MHgxbG14LzEwOTA3OTkyNjI4MDk3ODk=;SEM;2021-10-08;2021-02-24;;809789;;;;LIVERPOOL;MX;2021-10-08 03:02;PANASONIC;Lavadora Panasonic 18 kg blanca NA-W180X1LMX;https://www.liverpool.com.mx/tienda/pdp/lavadora-panasonic-18-kg-blanca-na-w180x1lmx/1090799262;WM;5;https://www.liverpool.com.mx/
940;aHR0cHM6Ly93d3cubGl2ZXJwb29sLmNvbS5teC90aWVuZGEvcGRwL2xhdmFkb3JhLXBhbmFzb25pYy0xOC1rZy1ibGFuY2EtbmEtdzE4MHgxbG14LzEwOTA3OTkyNjIxMjg3ODQx;SEM;2021-10-08;2021-09-27;;1287841;;;;LIVERPOOL;MX;2021-10-08 03:02;PANASONIC;Lavadora Panasonic 18 kg blanca NA-W180X1LMX;https://www.liverpool.com.mx/tienda/pdp/lavadora-panasonic-18-kg-blanca-na-w180x1lmx/1090799262;WM;5;https://www.liverpool.com.mx/
941;aHR0cHM6Ly93d3cubGl2ZXJwb29sLmNvbS5teC90aWVuZGEvcGRwL2xhdmFkb3JhLXBhbmFzb25pYy0xOC1rZy1ibGFuY2EtbmEtdzE4MHgxbG14LzEwOTA3OTkyNjIxMjY0ODQ1;SEM;2021-10-08;2021-09-14;;1264845;;;;LIVERPOOL;MX;2021-10-08 03:02;PANASONIC;Lavadora Panasonic 18 kg blanca NA-W180X1LMX;https://www.liverpool.com.mx/tienda/pdp/lavadora-panasonic-18-kg-blanca-na-w180x1lmx/1090799262;WM;5;https://www.liverpool.com.mx/
942;aHR0cHM6Ly93d3cubGl2ZXJwb29sLmNvbS5teC90aWVuZGEvcGRwL0xhdmFkb3JhLU1heXRhZy0yMC1rZy1hdXRvbSVDMyVBMXRpY2EtY2FyZ2Etc3VwZXJpb3ItN01NVldDNDY1SlcvMTA4NzI1MjIzNjExNDA2Mg==;SEM;2021-10-08;2019-10-05;;114062;;;;LIVERPOOL;MX;2021-10-08 03:19;MAYTAG;Lavadora Maytag 20 kg automática carga superior 7MMVWC465JW;https://www.liverpool.com.mx/tienda/pdp/Lavadora-Maytag-20-kg-autom%C3%A1tica-carga-superior-7MMVWC465JW/1087252236;WM;2;https://www.liverpool.com.mx/
943;aHR0cHM6Ly93d3cubGl2ZXJwb29sLmNvbS5teC90aWVuZGEvcGRwL0xhdmFkb3JhLU1heXRhZy0yMC1rZy1hdXRvbSVDMyVBMXRpY2EtY2FyZ2Etc3VwZXJpb3ItN01NVldDNDY1SlcvMTA4NzI1MjIzNjEzNTc1Mw==;SEM;2021-10-08;2019-11-19;;135753;;;;LIVERPOOL;MX;2021-10-08 03:19;MAYTAG;Lavadora Maytag 20 kg automática carga superior 7MMVWC465JW;https://www.liverpool.com.mx/tienda/pdp/Lavadora-Maytag-20-kg-autom%C3%A1tica-carga-superior-7MMVWC465JW/1087252236;WM;5;https://www.liverpool.com.mx/
944;aHR0cHM6Ly93d3cubGl2ZXJwb29sLmNvbS5teC90aWVuZGEvcGRwL0xhdmFkb3JhLU1heXRhZy0yMC1rZy1hdXRvbSVDMyVBMXRpY2EtY2FyZ2Etc3VwZXJpb3ItN01NVldDNDY1SlcvMTA4NzI1MjIzNjEyMzkzNQ==;SEM;2021-10-08;2019-10-26;;123935;;;;LIVERPOOL;MX;2021-10-08 03:19;MAYTAG;Lavadora Maytag 20 kg automática carga superior 7MMVWC465JW;https://www.liverpool.com.mx/tienda/pdp/Lavadora-Maytag-20-kg-autom%C3%A1tica-carga-superior-7MMVWC465JW/1087252236;WM;1;https://www.liverpool.com.mx/
945;aHR0cHM6Ly93d3cubGl2ZXJwb29sLmNvbS5teC90aWVuZGEvcGRwL0xhdmFkb3JhLU1heXRhZy0yMC1rZy1hdXRvbSVDMyVBMXRpY2EtY2FyZ2Etc3VwZXJpb3ItN01NVldDNDY1SlcvMTA4NzI1MjIzNjYwMTAxNw==;SEM;2021-10-08;2020-09-12;;601017;;;;LIVERPOOL;MX;2021-10-08 03:19;MAYTAG;Lavadora Maytag 20 kg automática carga superior 7MMVWC465JW;https://www.liverpool.com.mx/tienda/pdp/Lavadora-Maytag-20-kg-autom%C3%A1tica-carga-superior-7MMVWC465JW/1087252236;WM;5;https://www.liverpool.com.mx/
946;aHR0cHM6Ly93d3cubGl2ZXJwb29sLmNvbS5teC90aWVuZGEvcGRwL0xhdmFkb3JhLU1heXRhZy0yMC1rZy1hdXRvbSVDMyVBMXRpY2EtY2FyZ2Etc3VwZXJpb3ItN01NVldDNDY1SlcvMTA4NzI1MjIzNjEyODAzNw==;SEM;2021-10-08;2019-11-04;;128037;;;;LIVERPOOL;MX;2021-10-08 03:19;MAYTAG;Lavadora Maytag 20 kg automática carga superior 7MMVWC465JW;https://www.liverpool.com.mx/tienda/pdp/Lavadora-Maytag-20-kg-autom%C3%A1tica-carga-superior-7MMVWC465JW/1087252236;WM;5;https://www.liverpool.com.mx/
947;aHR0cHM6Ly93d3cubGl2ZXJwb29sLmNvbS5teC90aWVuZGEvcGRwL0xhdmFkb3JhLU1heXRhZy0yMC1rZy1hdXRvbSVDMyVBMXRpY2EtY2FyZ2Etc3VwZXJpb3ItN01NVldDNDY1SlcvMTA4NzI1MjIzNjE5NzUzMg==;SEM;2021-10-08;2020-03-10;;197532;;;;LIVERPOOL;MX;2021-10-08 03:19;MAYTAG;Lavadora Maytag 20 kg automática carga superior 7MMVWC465JW;https://www.liverpool.com.mx/tienda/pdp/Lavadora-Maytag-20-kg-autom%C3%A1tica-carga-superior-7MMVWC465JW/1087252236;WM;5;https://www.liverpool.com.mx/
948;aHR0cHM6Ly93d3cubGl2ZXJwb29sLmNvbS5teC90aWVuZGEvcGRwL0xhdmFkb3JhLU1heXRhZy0yMC1rZy1hdXRvbSVDMyVBMXRpY2EtY2FyZ2Etc3VwZXJpb3ItN01NVldDNDY1SlcvMTA4NzI1MjIzNjE0NDU1Mw==;SEM;2021-10-08;2019-12-04;;144553;;;;LIVERPOOL;MX;2021-10-08 03:19;MAYTAG;Lavadora Maytag 20 kg automática carga superior 7MMVWC465JW;https://www.liverpool.com.mx/tienda/pdp/Lavadora-Maytag-20-kg-autom%C3%A1tica-carga-superior-7MMVWC465JW/1087252236;WM;5;https://www.liverpool.com.mx/
949;aHR0cHM6Ly93d3cubGl2ZXJwb29sLmNvbS5teC90aWVuZGEvcGRwL0xhdmFkb3JhLU1heXRhZy0yMC1rZy1hdXRvbSVDMyVBMXRpY2EtY2FyZ2Etc3VwZXJpb3ItN01NVldDNDY1SlcvMTA4NzI1MjIzNjE1MjgxMw==;SEM;2021-10-08;2019-12-17;;152813;;;;LIVERPOOL;MX;2021-10-08 03:19;MAYTAG;Lavadora Maytag 20 kg automática carga superior 7MMVWC465JW;https://www.liverpool.com.mx/tienda/pdp/Lavadora-Maytag-20-kg-autom%C3%A1tica-carga-superior-7MMVWC465JW/1087252236;WM;1;https://www.liverpool.com.mx/
950;aHR0cHM6Ly93d3cubGl2ZXJwb29sLmNvbS5teC90aWVuZGEvcGRwL0xhdmFkb3JhLU1heXRhZy0yMC1rZy1hdXRvbSVDMyVBMXRpY2EtY2FyZ2Etc3VwZXJpb3ItN01NVldDNDY1SlcvMTA4NzI1MjIzNjIxMTAxMw==;SEM;2021-10-08;2020-04-08;;211013;;;;LIVERPOOL;MX;2021-10-08 03:19;MAYTAG;Lavadora Maytag 20 kg automática carga superior 7MMVWC465JW;https://www.liverpool.com.mx/tienda/pdp/Lavadora-Maytag-20-kg-autom%C3%A1tica-carga-superior-7MMVWC465JW/1087252236;WM;5;https://www.liverpool.com.mx/
951;aHR0cHM6Ly93d3cubGl2ZXJwb29sLmNvbS5teC90aWVuZGEvcGRwL0xhdmFkb3JhLU1heXRhZy0yMC1rZy1hdXRvbSVDMyVBMXRpY2EtY2FyZ2Etc3VwZXJpb3ItN01NVldDNDY1SlcvMTA4NzI1MjIzNjEyNDIwNQ==;SEM;2021-10-08;2019-10-27;;124205;;;;LIVERPOOL;MX;2021-10-08 03:19;MAYTAG;Lavadora Maytag 20 kg automática carga superior 7MMVWC465JW;https://www.liverpool.com.mx/tienda/pdp/Lavadora-Maytag-20-kg-autom%C3%A1tica-carga-superior-7MMVWC465JW/1087252236;WM;5;https://www.liverpool.com.mx/
952;aHR0cHM6Ly93d3cubGl2ZXJwb29sLmNvbS5teC90aWVuZGEvcGRwL0xhdmFkb3JhLU1heXRhZy0yMC1rZy1hdXRvbSVDMyVBMXRpY2EtY2FyZ2Etc3VwZXJpb3ItN01NVldDNDY1SlcvMTA4NzI1MjIzNjgxMTMwMQ==;SEM;2021-10-08;2021-02-26;;811301;;;;LIVERPOOL;MX;2021-10-08 03:19;MAYTAG;Lavadora Maytag 20 kg automática carga superior 7MMVWC465JW;https://www.liverpool.com.mx/tienda/pdp/Lavadora-Maytag-20-kg-autom%C3%A1tica-carga-superior-7MMVWC465JW/1087252236;WM;5;https://www.liverpool.com.mx/
953;aHR0cHM6Ly93d3cubGl2ZXJwb29sLmNvbS5teC90aWVuZGEvcGRwL0xhdmFkb3JhLU1heXRhZy0yMC1rZy1hdXRvbSVDMyVBMXRpY2EtY2FyZ2Etc3VwZXJpb3ItN01NVldDNDY1SlcvMTA4NzI1MjIzNjE1MzQyNQ==;SEM;2021-10-08;2019-12-19;;153425;;;;LIVERPOOL;MX;2021-10-08 03:19;MAYTAG;Lavadora Maytag 20 kg automática carga superior 7MMVWC465JW;https://www.liverpool.com.mx/tienda/pdp/Lavadora-Maytag-20-kg-autom%C3%A1tica-carga-superior-7MMVWC465JW/1087252236;WM;2;https://www.liverpool.com.mx/
954;aHR0cHM6Ly93d3cubGl2ZXJwb29sLmNvbS5teC90aWVuZGEvcGRwL0xhdmFkb3JhLU1heXRhZy0yMC1rZy1hdXRvbSVDMyVBMXRpY2EtY2FyZ2Etc3VwZXJpb3ItN01NVldDNDY1SlcvMTA4NzI1MjIzNjE4NjMzOQ==;SEM;2021-10-08;2020-02-15;;186339;;;;LIVERPOOL;MX;2021-10-08 03:19;MAYTAG;Lavadora Maytag 20 kg automática carga superior 7MMVWC465JW;https://www.liverpool.com.mx/tienda/pdp/Lavadora-Maytag-20-kg-autom%C3%A1tica-carga-superior-7MMVWC465JW/1087252236;WM;5;https://www.liverpool.com.mx/
955;aHR0cHM6Ly93d3cubGl2ZXJwb29sLmNvbS5teC90aWVuZGEvcGRwL0xhdmFkb3JhLU1heXRhZy0yMC1rZy1hdXRvbSVDMyVBMXRpY2EtY2FyZ2Etc3VwZXJpb3ItN01NVldDNDY1SlcvMTA4NzI1MjIzNjYwMzcxOA==;SEM;2021-10-08;2020-09-14;;603718;;;;LIVERPOOL;MX;2021-10-08 03:19;MAYTAG;Lavadora Maytag 20 kg automática carga superior 7MMVWC465JW;https://www.liverpool.com.mx/tienda/pdp/Lavadora-Maytag-20-kg-autom%C3%A1tica-carga-superior-7MMVWC465JW/1087252236;WM;5;https://www.liverpool.com.mx/
956;aHR0cHM6Ly93d3cubGl2ZXJwb29sLmNvbS5teC90aWVuZGEvcGRwL0xhdmFkb3JhLU1heXRhZy0yMC1rZy1hdXRvbSVDMyVBMXRpY2EtY2FyZ2Etc3VwZXJpb3ItN01NVldDNDY1SlcvMTA4NzI1MjIzNjExMDM5NQ==;SEM;2021-10-08;2019-09-27;;110395;;;;LIVERPOOL;MX;2021-10-08 03:19;MAYTAG;Lavadora Maytag 20 kg automática carga superior 7MMVWC465JW;https://www.liverpool.com.mx/tienda/pdp/Lavadora-Maytag-20-kg-autom%C3%A1tica-carga-superior-7MMVWC465JW/1087252236;WM;5;https://www.liverpool.com.mx/
957;aHR0cHM6Ly93d3cubGl2ZXJwb29sLmNvbS5teC90aWVuZGEvcGRwL0xhdmFkb3JhLU1heXRhZy0yMC1rZy1hdXRvbSVDMyVBMXRpY2EtY2FyZ2Etc3VwZXJpb3ItN01NVldDNDY1SlcvMTA4NzI1MjIzNjUxMTU5Mg==;SEM;2021-10-08;2020-08-11;;511592;;;;LIVERPOOL;MX;2021-10-08 03:19;MAYTAG;Lavadora Maytag 20 kg automática carga superior 7MMVWC465JW;https://www.liverpool.com.mx/tienda/pdp/Lavadora-Maytag-20-kg-autom%C3%A1tica-carga-superior-7MMVWC465JW/1087252236;WM;5;https://www.liverpool.com.mx/
958;aHR0cHM6Ly93d3cubGl2ZXJwb29sLmNvbS5teC90aWVuZGEvcGRwL0xhdmFkb3JhLU1heXRhZy0yMC1rZy1hdXRvbSVDMyVBMXRpY2EtY2FyZ2Etc3VwZXJpb3ItN01NVldDNDY1SlcvMTA4NzI1MjIzNjE1NzM2MQ==;SEM;2021-10-08;2019-12-27;;157361;;;;LIVERPOOL;MX;2021-10-08 03:19;MAYTAG;Lavadora Maytag 20 kg automática carga superior 7MMVWC465JW;https://www.liverpool.com.mx/tienda/pdp/Lavadora-Maytag-20-kg-autom%C3%A1tica-carga-superior-7MMVWC465JW/1087252236;WM;4;https://www.liverpool.com.mx/
959;aHR0cHM6Ly93d3cubGl2ZXJwb29sLmNvbS5teC90aWVuZGEvcGRwL0xhdmFkb3JhLU1heXRhZy0yMC1rZy1hdXRvbSVDMyVBMXRpY2EtY2FyZ2Etc3VwZXJpb3ItN01NVldDNDY1SlcvMTA4NzI1MjIzNjU4MzMzOA==;SEM;2021-10-08;2020-09-05;;583338;;;;LIVERPOOL;MX;2021-10-08 03:19;MAYTAG;Lavadora Maytag 20 kg automática carga superior 7MMVWC465JW;https://www.liverpool.com.mx/tienda/pdp/Lavadora-Maytag-20-kg-autom%C3%A1tica-carga-superior-7MMVWC465JW/1087252236;WM;5;https://www.liverpool.com.mx/
960;aHR0cHM6Ly93d3cubGl2ZXJwb29sLmNvbS5teC90aWVuZGEvcGRwL0xhdmFkb3JhLU1heXRhZy0yMC1rZy1hdXRvbSVDMyVBMXRpY2EtY2FyZ2Etc3VwZXJpb3ItN01NVldDNDY1SlcvMTA4NzI1MjIzNjIxNDYwNA==;SEM;2021-10-08;2020-04-12;;214604;;;;LIVERPOOL;MX;2021-10-08 03:19;MAYTAG;Lavadora Maytag 20 kg automática carga superior 7MMVWC465JW;https://www.liverpool.com.mx/tienda/pdp/Lavadora-Maytag-20-kg-autom%C3%A1tica-carga-superior-7MMVWC465JW/1087252236;WM;1;https://www.liverpool.com.mx/
961;aHR0cHM6Ly93d3cubGl2ZXJwb29sLmNvbS5teC90aWVuZGEvcGRwL0xhdmFkb3JhLU1heXRhZy0yMC1rZy1hdXRvbSVDMyVBMXRpY2EtY2FyZ2Etc3VwZXJpb3ItN01NVldDNDY1SlcvMTA4NzI1MjIzNjIwMDQyOQ==;SEM;2021-10-08;2020-03-18;;200429;;;;LIVERPOOL;MX;2021-10-08 03:19;MAYTAG;Lavadora Maytag 20 kg automática carga superior 7MMVWC465JW;https://www.liverpool.com.mx/tienda/pdp/Lavadora-Maytag-20-kg-autom%C3%A1tica-carga-superior-7MMVWC465JW/1087252236;WM;1;https://www.liverpool.com.mx/
962;aHR0cHM6Ly93d3cubGl2ZXJwb29sLmNvbS5teC90aWVuZGEvcGRwL0xhdmFkb3JhLU1heXRhZy0yMC1rZy1hdXRvbSVDMyVBMXRpY2EtY2FyZ2Etc3VwZXJpb3ItN01NVldDNDY1SlcvMTA4NzI1MjIzNjUwMTY1Nw==;SEM;2021-10-08;2020-08-09;;501657;;;;LIVERPOOL;MX;2021-10-08 03:19;MAYTAG;Lavadora Maytag 20 kg automática carga superior 7MMVWC465JW;https://www.liverpool.com.mx/tienda/pdp/Lavadora-Maytag-20-kg-autom%C3%A1tica-carga-superior-7MMVWC465JW/1087252236;WM;5;https://www.liverpool.com.mx/
963;aHR0cHM6Ly93d3cubGl2ZXJwb29sLmNvbS5teC90aWVuZGEvcGRwL0xhdmFkb3JhLU1heXRhZy0yMC1rZy1hdXRvbSVDMyVBMXRpY2EtY2FyZ2Etc3VwZXJpb3ItN01NVldDNDY1SlcvMTA4NzI1MjIzNjI2ODU1NA==;SEM;2021-10-08;2020-05-28;;268554;;;;LIVERPOOL;MX;2021-10-08 03:19;MAYTAG;Lavadora Maytag 20 kg automática carga superior 7MMVWC465JW;https://www.liverpool.com.mx/tienda/pdp/Lavadora-Maytag-20-kg-autom%C3%A1tica-carga-superior-7MMVWC465JW/1087252236;WM;5;https://www.liverpool.com.mx/
964;aHR0cHM6Ly93d3cubGl2ZXJwb29sLmNvbS5teC90aWVuZGEvcGRwL0xhdmFkb3JhLU1heXRhZy0yMC1rZy1hdXRvbSVDMyVBMXRpY2EtY2FyZ2Etc3VwZXJpb3ItN01NVldDNDY1SlcvMTA4NzI1MjIzNjE2MzA2MA==;SEM;2021-10-08;2020-01-07;;163060;;;;LIVERPOOL;MX;2021-10-08 03:19;MAYTAG;Lavadora Maytag 20 kg automática carga superior 7MMVWC465JW;https://www.liverpool.com.mx/tienda/pdp/Lavadora-Maytag-20-kg-autom%C3%A1tica-carga-superior-7MMVWC465JW/1087252236;WM;5;https://www.liverpool.com.mx/
965;aHR0cHM6Ly93d3cubGl2ZXJwb29sLmNvbS5teC90aWVuZGEvcGRwL0xhdmFkb3JhLU1heXRhZy0yMC1rZy1hdXRvbSVDMyVBMXRpY2EtY2FyZ2Etc3VwZXJpb3ItN01NVldDNDY1SlcvMTA4NzI1MjIzNjU2NDgzOA==;SEM;2021-10-08;2020-08-30;;564838;;;;LIVERPOOL;MX;2021-10-08 03:19;MAYTAG;Lavadora Maytag 20 kg automática carga superior 7MMVWC465JW;https://www.liverpool.com.mx/tienda/pdp/Lavadora-Maytag-20-kg-autom%C3%A1tica-carga-superior-7MMVWC465JW/1087252236;WM;2;https://www.liverpool.com.mx/
966;aHR0cHM6Ly93d3cubGl2ZXJwb29sLmNvbS5teC90aWVuZGEvcGRwL0xhdmFkb3JhLU1heXRhZy0yMC1rZy1hdXRvbSVDMyVBMXRpY2EtY2FyZ2Etc3VwZXJpb3ItN01NVldDNDY1SlcvMTA4NzI1MjIzNjQ5OTMzNw==;SEM;2021-10-08;2020-08-08;;499337;;;;LIVERPOOL;MX;2021-10-08 03:19;MAYTAG;Lavadora Maytag 20 kg automática carga superior 7MMVWC465JW;https://www.liverpool.com.mx/tienda/pdp/Lavadora-Maytag-20-kg-autom%C3%A1tica-carga-superior-7MMVWC465JW/1087252236;WM;5;https://www.liverpool.com.mx/
967;aHR0cHM6Ly93d3cubGl2ZXJwb29sLmNvbS5teC90aWVuZGEvcGRwL0xhdmFkb3JhLU1heXRhZy0yMC1rZy1hdXRvbSVDMyVBMXRpY2EtY2FyZ2Etc3VwZXJpb3ItN01NVldDNDY1SlcvMTA4NzI1MjIzNjE1MDMxMg==;SEM;2021-10-08;2019-12-13;;150312;;;;LIVERPOOL;MX;2021-10-08 03:19;MAYTAG;Lavadora Maytag 20 kg automática carga superior 7MMVWC465JW;https://www.liverpool.com.mx/tienda/pdp/Lavadora-Maytag-20-kg-autom%C3%A1tica-carga-superior-7MMVWC465JW/1087252236;WM;1;https://www.liverpool.com.mx/
968;aHR0cHM6Ly93d3cubGl2ZXJwb29sLmNvbS5teC90aWVuZGEvcGRwL0xhdmFkb3JhLU1heXRhZy0yMC1rZy1hdXRvbSVDMyVBMXRpY2EtY2FyZ2Etc3VwZXJpb3ItN01NVldDNDY1SlcvMTA4NzI1MjIzNjI0NDgxNw==;SEM;2021-10-08;2020-05-09;;244817;;;;LIVERPOOL;MX;2021-10-08 03:19;MAYTAG;Lavadora Maytag 20 kg automática carga superior 7MMVWC465JW;https://www.liverpool.com.mx/tienda/pdp/Lavadora-Maytag-20-kg-autom%C3%A1tica-carga-superior-7MMVWC465JW/1087252236;WM;1;https://www.liverpool.com.mx/
969;aHR0cHM6Ly93d3cubGl2ZXJwb29sLmNvbS5teC90aWVuZGEvcGRwL0xhdmFkb3JhLU1heXRhZy0yMC1rZy1hdXRvbSVDMyVBMXRpY2EtY2FyZ2Etc3VwZXJpb3ItN01NVldDNDY1SlcvMTA4NzI1MjIzNjIwMDU1Mw==;SEM;2021-10-08;2020-03-18;;200553;;;;LIVERPOOL;MX;2021-10-08 03:19;MAYTAG;Lavadora Maytag 20 kg automática carga superior 7MMVWC465JW;https://www.liverpool.com.mx/tienda/pdp/Lavadora-Maytag-20-kg-autom%C3%A1tica-carga-superior-7MMVWC465JW/1087252236;WM;1;https://www.liverpool.com.mx/
970;aHR0cHM6Ly93d3cubGl2ZXJwb29sLmNvbS5teC90aWVuZGEvcGRwL0xhdmFkb3JhLU1heXRhZy0yMC1rZy1hdXRvbSVDMyVBMXRpY2EtY2FyZ2Etc3VwZXJpb3ItN01NVldDNDY1SlcvMTA4NzI1MjIzNjQ4MTg1Ng==;SEM;2021-10-08;2020-08-05;;481856;;;;LIVERPOOL;MX;2021-10-08 03:19;MAYTAG;Lavadora Maytag 20 kg automática carga superior 7MMVWC465JW;https://www.liverpool.com.mx/tienda/pdp/Lavadora-Maytag-20-kg-autom%C3%A1tica-carga-superior-7MMVWC465JW/1087252236;WM;5;https://www.liverpool.com.mx/
971;aHR0cHM6Ly93d3cubGl2ZXJwb29sLmNvbS5teC90aWVuZGEvcGRwL0xhdmFkb3JhLU1heXRhZy0yMC1rZy1hdXRvbSVDMyVBMXRpY2EtY2FyZ2Etc3VwZXJpb3ItN01NVldDNDY1SlcvMTA4NzI1MjIzNjM0MzQxNw==;SEM;2021-10-08;2020-06-27;;343417;;;;LIVERPOOL;MX;2021-10-08 03:19;MAYTAG;Lavadora Maytag 20 kg automática carga superior 7MMVWC465JW;https://www.liverpool.com.mx/tienda/pdp/Lavadora-Maytag-20-kg-autom%C3%A1tica-carga-superior-7MMVWC465JW/1087252236;WM;4;https://www.liverpool.com.mx/
972;aHR0cHM6Ly93d3cubGl2ZXJwb29sLmNvbS5teC90aWVuZGEvcGRwL0xhdmFkb3JhLU1heXRhZy0yMC1rZy1hdXRvbSVDMyVBMXRpY2EtY2FyZ2Etc3VwZXJpb3ItN01NVldDNDY1SlcvMTA4NzI1MjIzNjI2NDE1MQ==;SEM;2021-10-08;2020-05-24;;264151;;;;LIVERPOOL;MX;2021-10-08 03:19;MAYTAG;Lavadora Maytag 20 kg automática carga superior 7MMVWC465JW;https://www.liverpool.com.mx/tienda/pdp/Lavadora-Maytag-20-kg-autom%C3%A1tica-carga-superior-7MMVWC465JW/1087252236;WM;1;https://www.liverpool.com.mx/
973;aHR0cHM6Ly93d3cubGl2ZXJwb29sLmNvbS5teC90aWVuZGEvcGRwL0xhdmFkb3JhLU1heXRhZy0yMC1rZy1hdXRvbSVDMyVBMXRpY2EtY2FyZ2Etc3VwZXJpb3ItN01NVldDNDY1SlcvMTA4NzI1MjIzNjEyNzQ5Nw==;SEM;2021-10-08;2019-11-03;;127497;;;;LIVERPOOL;MX;2021-10-08 03:19;MAYTAG;Lavadora Maytag 20 kg automática carga superior 7MMVWC465JW;https://www.liverpool.com.mx/tienda/pdp/Lavadora-Maytag-20-kg-autom%C3%A1tica-carga-superior-7MMVWC465JW/1087252236;WM;5;https://www.liverpool.com.mx/
974;aHR0cHM6Ly93d3cubGl2ZXJwb29sLmNvbS5teC90aWVuZGEvcGRwL0xhdmFkb3JhLU1heXRhZy0yMC1rZy1hdXRvbSVDMyVBMXRpY2EtY2FyZ2Etc3VwZXJpb3ItN01NVldDNDY1SlcvMTA4NzI1MjIzNjE3OTQ5NQ==;SEM;2021-10-08;2020-02-03;;179495;;;;LIVERPOOL;MX;2021-10-08 03:19;MAYTAG;Lavadora Maytag 20 kg automática carga superior 7MMVWC465JW;https://www.liverpool.com.mx/tienda/pdp/Lavadora-Maytag-20-kg-autom%C3%A1tica-carga-superior-7MMVWC465JW/1087252236;WM;5;https://www.liverpool.com.mx/
975;aHR0cHM6Ly93d3cubGl2ZXJwb29sLmNvbS5teC90aWVuZGEvcGRwL0xhdmFkb3JhLU1heXRhZy0yMC1rZy1hdXRvbSVDMyVBMXRpY2EtY2FyZ2Etc3VwZXJpb3ItN01NVldDNDY1SlcvMTA4NzI1MjIzNjUwNTc0Nw==;SEM;2021-10-08;2020-08-10;;505747;;;;LIVERPOOL;MX;2021-10-08 03:19;MAYTAG;Lavadora Maytag 20 kg automática carga superior 7MMVWC465JW;https://www.liverpool.com.mx/tienda/pdp/Lavadora-Maytag-20-kg-autom%C3%A1tica-carga-superior-7MMVWC465JW/1087252236;WM;5;https://www.liverpool.com.mx/
976;aHR0cHM6Ly93d3cubGl2ZXJwb29sLmNvbS5teC90aWVuZGEvcGRwL0xhdmFkb3JhLU1heXRhZy0yMC1rZy1hdXRvbSVDMyVBMXRpY2EtY2FyZ2Etc3VwZXJpb3ItN01NVldDNDY1SlcvMTA4NzI1MjIzNjQ2Mzc4OQ==;SEM;2021-10-08;2020-08-03;;463789;;;;LIVERPOOL;MX;2021-10-08 03:19;MAYTAG;Lavadora Maytag 20 kg automática carga superior 7MMVWC465JW;https://www.liverpool.com.mx/tienda/pdp/Lavadora-Maytag-20-kg-autom%C3%A1tica-carga-superior-7MMVWC465JW/1087252236;WM;5;https://www.liverpool.com.mx/
977;aHR0cHM6Ly93d3cubGl2ZXJwb29sLmNvbS5teC90aWVuZGEvcGRwL0xhdmFkb3JhLU1heXRhZy0yMC1rZy1hdXRvbSVDMyVBMXRpY2EtY2FyZ2Etc3VwZXJpb3ItN01NVldDNDY1SlcvMTA4NzI1MjIzNjMxMDAwNw==;SEM;2021-10-08;2020-06-17;;310007;;;;LIVERPOOL;MX;2021-10-08 03:19;MAYTAG;Lavadora Maytag 20 kg automática carga superior 7MMVWC465JW;https://www.liverpool.com.mx/tienda/pdp/Lavadora-Maytag-20-kg-autom%C3%A1tica-carga-superior-7MMVWC465JW/1087252236;WM;5;https://www.liverpool.com.mx/
978;aHR0cHM6Ly93d3cubGl2ZXJwb29sLmNvbS5teC90aWVuZGEvcGRwL0xhdmFkb3JhLU1heXRhZy0yMC1rZy1hdXRvbSVDMyVBMXRpY2EtY2FyZ2Etc3VwZXJpb3ItN01NVldDNDY1SlcvMTA4NzI1MjIzNjg1MTIxMg==;SEM;2021-10-08;2021-03-16;;851212;;;;LIVERPOOL;MX;2021-10-08 03:19;MAYTAG;Lavadora Maytag 20 kg automática carga superior 7MMVWC465JW;https://www.liverpool.com.mx/tienda/pdp/Lavadora-Maytag-20-kg-autom%C3%A1tica-carga-superior-7MMVWC465JW/1087252236;WM;5;https://www.liverpool.com.mx/
979;aHR0cHM6Ly93d3cubGl2ZXJwb29sLmNvbS5teC90aWVuZGEvcGRwL0xhdmFkb3JhLU1heXRhZy0yMC1rZy1hdXRvbSVDMyVBMXRpY2EtY2FyZ2Etc3VwZXJpb3ItN01NVldDNDY1SlcvMTA4NzI1MjIzNjQwODI1OQ==;SEM;2021-10-08;2020-07-19;;408259;;;;LIVERPOOL;MX;2021-10-08 03:19;MAYTAG;Lavadora Maytag 20 kg automática carga superior 7MMVWC465JW;https://www.liverpool.com.mx/tienda/pdp/Lavadora-Maytag-20-kg-autom%C3%A1tica-carga-superior-7MMVWC465JW/1087252236;WM;5;https://www.liverpool.com.mx/
980;aHR0cHM6Ly93d3cubGl2ZXJwb29sLmNvbS5teC90aWVuZGEvcGRwL0xhdmFkb3JhLU1heXRhZy0yMC1rZy1hdXRvbSVDMyVBMXRpY2EtY2FyZ2Etc3VwZXJpb3ItN01NVldDNDY1SlcvMTA4NzI1MjIzNjQ3MTUxMQ==;SEM;2021-10-08;2020-08-04;;471511;;;;LIVERPOOL;MX;2021-10-08 03:19;MAYTAG;Lavadora Maytag 20 kg automática carga superior 7MMVWC465JW;https://www.liverpool.com.mx/tienda/pdp/Lavadora-Maytag-20-kg-autom%C3%A1tica-carga-superior-7MMVWC465JW/1087252236;WM;5;https://www.liverpool.com.mx/
981;aHR0cHM6Ly93d3cubGl2ZXJwb29sLmNvbS5teC90aWVuZGEvcGRwL0xhdmFkb3JhLU1heXRhZy0yMC1rZy1hdXRvbSVDMyVBMXRpY2EtY2FyZ2Etc3VwZXJpb3ItN01NVldDNDY1SlcvMTA4NzI1MjIzNjEyMTY2Mg==;SEM;2021-10-08;2019-10-21;;121662;;;;LIVERPOOL;MX;2021-10-08 03:19;MAYTAG;Lavadora Maytag 20 kg automática carga superior 7MMVWC465JW;https://www.liverpool.com.mx/tienda/pdp/Lavadora-Maytag-20-kg-autom%C3%A1tica-carga-superior-7MMVWC465JW/1087252236;WM;4;https://www.liverpool.com.mx/
982;aHR0cHM6Ly93d3cubGl2ZXJwb29sLmNvbS5teC90aWVuZGEvcGRwL0xhdmFkb3JhLU1heXRhZy0yMC1rZy1hdXRvbSVDMyVBMXRpY2EtY2FyZ2Etc3VwZXJpb3ItN01NVldDNDY1SlcvMTA4NzI1MjIzNjI1MDAwNw==;SEM;2021-10-08;2020-05-13;;250007;;;;LIVERPOOL;MX;2021-10-08 03:19;MAYTAG;Lavadora Maytag 20 kg automática carga superior 7MMVWC465JW;https://www.liverpool.com.mx/tienda/pdp/Lavadora-Maytag-20-kg-autom%C3%A1tica-carga-superior-7MMVWC465JW/1087252236;WM;3;https://www.liverpool.com.mx/
983;aHR0cHM6Ly93d3cubGl2ZXJwb29sLmNvbS5teC90aWVuZGEvcGRwL0xhdmFkb3JhLU1heXRhZy0yMC1rZy1hdXRvbSVDMyVBMXRpY2EtY2FyZ2Etc3VwZXJpb3ItN01NVldDNDY1SlcvMTA4NzI1MjIzNjY1OTEwNQ==;SEM;2021-10-08;2020-11-27;;659105;;;;LIVERPOOL;MX;2021-10-08 03:19;MAYTAG;Lavadora Maytag 20 kg automática carga superior 7MMVWC465JW;https://www.liverpool.com.mx/tienda/pdp/Lavadora-Maytag-20-kg-autom%C3%A1tica-carga-superior-7MMVWC465JW/1087252236;WM;2;https://www.liverpool.com.mx/
984;aHR0cHM6Ly93d3cubGl2ZXJwb29sLmNvbS5teC90aWVuZGEvcGRwL0xhdmFkb3JhLU1heXRhZy0yMC1rZy1hdXRvbSVDMyVBMXRpY2EtY2FyZ2Etc3VwZXJpb3ItN01NVldDNDY1SlcvMTA4NzI1MjIzNjkyMTcwNQ==;SEM;2021-10-08;2021-04-26;;921705;;;;LIVERPOOL;MX;2021-10-08 03:19;MAYTAG;Lavadora Maytag 20 kg automática carga superior 7MMVWC465JW;https://www.liverpool.com.mx/tienda/pdp/Lavadora-Maytag-20-kg-autom%C3%A1tica-carga-superior-7MMVWC465JW/1087252236;WM;5;https://www.liverpool.com.mx/
985;aHR0cHM6Ly93d3cubGl2ZXJwb29sLmNvbS5teC90aWVuZGEvcGRwL0xhdmFkb3JhLU1heXRhZy0yMC1rZy1hdXRvbSVDMyVBMXRpY2EtY2FyZ2Etc3VwZXJpb3ItN01NVldDNDY1SlcvMTA4NzI1MjIzNjQzNjYzNQ==;SEM;2021-10-08;2020-07-29;;436635;;;;LIVERPOOL;MX;2021-10-08 03:19;MAYTAG;Lavadora Maytag 20 kg automática carga superior 7MMVWC465JW;https://www.liverpool.com.mx/tienda/pdp/Lavadora-Maytag-20-kg-autom%C3%A1tica-carga-superior-7MMVWC465JW/1087252236;WM;5;https://www.liverpool.com.mx/
986;aHR0cHM6Ly93d3cubGl2ZXJwb29sLmNvbS5teC90aWVuZGEvcGRwL0xhdmFkb3JhLU1heXRhZy0yMC1rZy1hdXRvbSVDMyVBMXRpY2EtY2FyZ2Etc3VwZXJpb3ItN01NVldDNDY1SlcvMTA4NzI1MjIzNjE5MTY1Ng==;SEM;2021-10-08;2020-02-26;;191656;;;;LIVERPOOL;MX;2021-10-08 03:19;MAYTAG;Lavadora Maytag 20 kg automática carga superior 7MMVWC465JW;https://www.liverpool.com.mx/tienda/pdp/Lavadora-Maytag-20-kg-autom%C3%A1tica-carga-superior-7MMVWC465JW/1087252236;WM;5;https://www.liverpool.com.mx/
987;aHR0cHM6Ly93d3cubGl2ZXJwb29sLmNvbS5teC90aWVuZGEvcGRwL0xhdmFkb3JhLU1heXRhZy0yMC1rZy1hdXRvbSVDMyVBMXRpY2EtY2FyZ2Etc3VwZXJpb3ItN01NVldDNDY1SlcvMTA4NzI1MjIzNjQ5Nzg0MQ==;SEM;2021-10-08;2020-08-08;;497841;;;;LIVERPOOL;MX;2021-10-08 03:19;MAYTAG;Lavadora Maytag 20 kg automática carga superior 7MMVWC465JW;https://www.liverpool.com.mx/tienda/pdp/Lavadora-Maytag-20-kg-autom%C3%A1tica-carga-superior-7MMVWC465JW/1087252236;WM;5;https://www.liverpool.com.mx/
988;aHR0cHM6Ly93d3cubGl2ZXJwb29sLmNvbS5teC90aWVuZGEvcGRwL0xhdmFkb3JhLU1heXRhZy0yMC1rZy1hdXRvbSVDMyVBMXRpY2EtY2FyZ2Etc3VwZXJpb3ItN01NVldDNDY1SlcvMTA4NzI1MjIzNjg0MjE3OA==;SEM;2021-10-08;2021-03-12;;842178;;;;LIVERPOOL;MX;2021-10-08 03:19;MAYTAG;Lavadora Maytag 20 kg automática carga superior 7MMVWC465JW;https://www.liverpool.com.mx/tienda/pdp/Lavadora-Maytag-20-kg-autom%C3%A1tica-carga-superior-7MMVWC465JW/1087252236;WM;5;https://www.liverpool.com.mx/
989;aHR0cHM6Ly93d3cubGl2ZXJwb29sLmNvbS5teC90aWVuZGEvcGRwL0xhdmFkb3JhLU1heXRhZy0yMC1rZy1hdXRvbSVDMyVBMXRpY2EtY2FyZ2Etc3VwZXJpb3ItN01NVldDNDY1SlcvMTA4NzI1MjIzNjE2Njc3MQ==;SEM;2021-10-08;2020-01-13;;166771;;;;LIVERPOOL;MX;2021-10-08 03:20;MAYTAG;Lavadora Maytag 20 kg automática carga superior 7MMVWC465JW;https://www.liverpool.com.mx/tienda/pdp/Lavadora-Maytag-20-kg-autom%C3%A1tica-carga-superior-7MMVWC465JW/1087252236;WM;4;https://www.liverpool.com.mx/
990;aHR0cHM6Ly93d3cubGl2ZXJwb29sLmNvbS5teC90aWVuZGEvcGRwL0xhdmFkb3JhLU1heXRhZy0yMC1rZy1hdXRvbSVDMyVBMXRpY2EtY2FyZ2Etc3VwZXJpb3ItN01NVldDNDY1SlcvMTA4NzI1MjIzNjc3NDk3MQ==;SEM;2021-10-08;2021-02-11;;774971;;;;LIVERPOOL;MX;2021-10-08 03:20;MAYTAG;Lavadora Maytag 20 kg automática carga superior 7MMVWC465JW;https://www.liverpool.com.mx/tienda/pdp/Lavadora-Maytag-20-kg-autom%C3%A1tica-carga-superior-7MMVWC465JW/1087252236;WM;5;https://www.liverpool.com.mx/
991;aHR0cHM6Ly93d3cubGl2ZXJwb29sLmNvbS5teC90aWVuZGEvcGRwL0xhdmFkb3JhLU1heXRhZy0yMC1rZy1hdXRvbSVDMyVBMXRpY2EtY2FyZ2Etc3VwZXJpb3ItN01NVldDNDY1SlcvMTA4NzI1MjIzNjQ4NzgzMw==;SEM;2021-10-08;2020-08-07;;487833;;;;LIVERPOOL;MX;2021-10-08 03:20;MAYTAG;Lavadora Maytag 20 kg automática carga superior 7MMVWC465JW;https://www.liverpool.com.mx/tienda/pdp/Lavadora-Maytag-20-kg-autom%C3%A1tica-carga-superior-7MMVWC465JW/1087252236;WM;5;https://www.liverpool.com.mx/
992;aHR0cHM6Ly93d3cubGl2ZXJwb29sLmNvbS5teC90aWVuZGEvcGRwL0xhdmFkb3JhLU1heXRhZy0yMy1rZy1ibGFuY2EtN01NVldDNTY1RlcvMTA2ODMyNzk0MjU3NDMz;SEM;2021-10-08;2019-06-04;;57433;;;;LIVERPOOL;MX;2021-10-08 03:20;MAYTAG;Lavadora Maytag 23 kg blanca 7MMVWC565FW;https://www.liverpool.com.mx/tienda/pdp/Lavadora-Maytag-23-kg-blanca-7MMVWC565FW/1068327942;WM;5;https://www.liverpool.com.mx/
993;aHR0cHM6Ly93d3cubGl2ZXJwb29sLmNvbS5teC90aWVuZGEvcGRwL0xhdmFkb3JhLU1heXRhZy0yMy1rZy1ibGFuY2EtN01NVldDNTY1RlcvMTA2ODMyNzk0MjE2OTY1NQ==;SEM;2021-10-08;2020-01-17;;169655;;;;LIVERPOOL;MX;2021-10-08 03:20;MAYTAG;Lavadora Maytag 23 kg blanca 7MMVWC565FW;https://www.liverpool.com.mx/tienda/pdp/Lavadora-Maytag-23-kg-blanca-7MMVWC565FW/1068327942;WM;5;https://www.liverpool.com.mx/
994;aHR0cHM6Ly93d3cubGl2ZXJwb29sLmNvbS5teC90aWVuZGEvcGRwL0xhdmFkb3JhLU1heXRhZy0yMy1rZy1ibGFuY2EtN01NVldDNTY1RlcvMTA2ODMyNzk0MjczNDE3Nw==;SEM;2021-10-08;2021-01-18;;734177;;;;LIVERPOOL;MX;2021-10-08 03:20;MAYTAG;Lavadora Maytag 23 kg blanca 7MMVWC565FW;https://www.liverpool.com.mx/tienda/pdp/Lavadora-Maytag-23-kg-blanca-7MMVWC565FW/1068327942;WM;5;https://www.liverpool.com.mx/
995;aHR0cHM6Ly93d3cubGl2ZXJwb29sLmNvbS5teC90aWVuZGEvcGRwL0xhdmFkb3JhLU1heXRhZy0yMy1rZy1ibGFuY2EtN01NVldDNTY1RlcvMTA2ODMyNzk0MjEzNTA0Mg==;SEM;2021-10-08;2019-11-18;;135042;;;;LIVERPOOL;MX;2021-10-08 03:20;MAYTAG;Lavadora Maytag 23 kg blanca 7MMVWC565FW;https://www.liverpool.com.mx/tienda/pdp/Lavadora-Maytag-23-kg-blanca-7MMVWC565FW/1068327942;WM;2;https://www.liverpool.com.mx/
996;aHR0cHM6Ly93d3cubGl2ZXJwb29sLmNvbS5teC90aWVuZGEvcGRwL0xhdmFkb3JhLU1heXRhZy0yMy1rZy1ibGFuY2EtN01NVldDNTY1RlcvMTA2ODMyNzk0MjI4MzA2OQ==;SEM;2021-10-08;2020-06-08;;283069;;;;LIVERPOOL;MX;2021-10-08 03:20;MAYTAG;Lavadora Maytag 23 kg blanca 7MMVWC565FW;https://www.liverpool.com.mx/tienda/pdp/Lavadora-Maytag-23-kg-blanca-7MMVWC565FW/1068327942;WM;1;https://www.liverpool.com.mx/
997;aHR0cHM6Ly93d3cubGl2ZXJwb29sLmNvbS5teC90aWVuZGEvcGRwL0xhdmFkb3JhLU1heXRhZy0yMy1rZy1ibGFuY2EtN01NVldDNTY1RlcvMTA2ODMyNzk0MjExODEyMA==;SEM;2021-10-08;2019-10-13;;118120;;;;LIVERPOOL;MX;2021-10-08 03:20;MAYTAG;Lavadora Maytag 23 kg blanca 7MMVWC565FW;https://www.liverpool.com.mx/tienda/pdp/Lavadora-Maytag-23-kg-blanca-7MMVWC565FW/1068327942;WM;1;https://www.liverpool.com.mx/
998;aHR0cHM6Ly93d3cubGl2ZXJwb29sLmNvbS5teC90aWVuZGEvcGRwL0xhdmFkb3JhLU1heXRhZy0yMy1rZy1ibGFuY2EtN01NVldDNTY1RlcvMTA2ODMyNzk0MjEwMjI5Mg==;SEM;2021-10-08;2019-09-09;;102292;;;;LIVERPOOL;MX;2021-10-08 03:20;MAYTAG;Lavadora Maytag 23 kg blanca 7MMVWC565FW;https://www.liverpool.com.mx/tienda/pdp/Lavadora-Maytag-23-kg-blanca-7MMVWC565FW/1068327942;WM;5;https://www.liverpool.com.mx/
999;aHR0cHM6Ly93d3cubGl2ZXJwb29sLmNvbS5teC90aWVuZGEvcGRwL0xhdmFkb3JhLU1heXRhZy0yMy1rZy1ibGFuY2EtN01NVldDNTY1RlcvMTA2ODMyNzk0MjE4OTE2OA==;SEM;2021-10-08;2020-02-20;;189168;;;;LIVERPOOL;MX;2021-10-08 03:20;MAYTAG;Lavadora Maytag 23 kg blanca 7MMVWC565FW;https://www.liverpool.com.mx/tienda/pdp/Lavadora-Maytag-23-kg-blanca-7MMVWC565FW/1068327942;WM;5;https://www.liverpool.com.mx/
1000;aHR0cHM6Ly93d3cubGl2ZXJwb29sLmNvbS5teC90aWVuZGEvcGRwL0xhdmFkb3JhLU1heXRhZy0yMy1rZy1ibGFuY2EtN01NVldDNTY1RlcvMTA2ODMyNzk0MjYzMjQ3OQ==;SEM;2021-10-08;2020-10-18;;632479;;;;LIVERPOOL;MX;2021-10-08 03:20;MAYTAG;Lavadora Maytag 23 kg blanca 7MMVWC565FW;https://www.liverpool.com.mx/tienda/pdp/Lavadora-Maytag-23-kg-blanca-7MMVWC565FW/1068327942;WM;5;https://www.liverpool.com.mx/
1001;aHR0cHM6Ly93d3cubGl2ZXJwb29sLmNvbS5teC90aWVuZGEvcGRwL0xhdmFkb3JhLU1heXRhZy0yMy1rZy1ibGFuY2EtN01NVldDNTY1RlcvMTA2ODMyNzk0MjI2NjExMw==;SEM;2021-10-08;2020-05-26;;266113;;;;LIVERPOOL;MX;2021-10-08 03:20;MAYTAG;Lavadora Maytag 23 kg blanca 7MMVWC565FW;https://www.liverpool.com.mx/tienda/pdp/Lavadora-Maytag-23-kg-blanca-7MMVWC565FW/1068327942;WM;2;https://www.liverpool.com.mx/
1002;aHR0cHM6Ly93d3cubGl2ZXJwb29sLmNvbS5teC90aWVuZGEvcGRwL0xhdmFkb3JhLU1heXRhZy0yMy1rZy1ibGFuY2EtN01NVldDNTY1RlcvMTA2ODMyNzk0MjQ4Nzg1OA==;SEM;2021-10-08;2020-08-07;;487858;;;;LIVERPOOL;MX;2021-10-08 03:20;MAYTAG;Lavadora Maytag 23 kg blanca 7MMVWC565FW;https://www.liverpool.com.mx/tienda/pdp/Lavadora-Maytag-23-kg-blanca-7MMVWC565FW/1068327942;WM;4;https://www.liverpool.com.mx/
1003;aHR0cHM6Ly93d3cubGl2ZXJwb29sLmNvbS5teC90aWVuZGEvcGRwL0xhdmFkb3JhLU1heXRhZy0yMy1rZy1ibGFuY2EtN01NVldDNTY1RlcvMTA2ODMyNzk0Mjg0MDY1Ng==;SEM;2021-10-08;2021-03-11;;840656;;;;LIVERPOOL;MX;2021-10-08 03:20;MAYTAG;Lavadora Maytag 23 kg blanca 7MMVWC565FW;https://www.liverpool.com.mx/tienda/pdp/Lavadora-Maytag-23-kg-blanca-7MMVWC565FW/1068327942;WM;5;https://www.liverpool.com.mx/
1004;aHR0cHM6Ly93d3cubGl2ZXJwb29sLmNvbS5teC90aWVuZGEvcGRwL0xhdmFkb3JhLU1heXRhZy0yMy1rZy1ibGFuY2EtN01NVldDNTY1RlcvMTA2ODMyNzk0MjExNDA2NQ==;SEM;2021-10-08;2019-10-05;;114065;;;;LIVERPOOL;MX;2021-10-08 03:20;MAYTAG;Lavadora Maytag 23 kg blanca 7MMVWC565FW;https://www.liverpool.com.mx/tienda/pdp/Lavadora-Maytag-23-kg-blanca-7MMVWC565FW/1068327942;WM;5;https://www.liverpool.com.mx/
1005;aHR0cHM6Ly93d3cubGl2ZXJwb29sLmNvbS5teC90aWVuZGEvcGRwL0xhdmFkb3JhLU1heXRhZy0yMy1rZy1ibGFuY2EtN01NVldDNTY1RlcvMTA2ODMyNzk0MjMyMzYwNQ==;SEM;2021-10-08;2020-06-22;;323605;;;;LIVERPOOL;MX;2021-10-08 03:20;MAYTAG;Lavadora Maytag 23 kg blanca 7MMVWC565FW;https://www.liverpool.com.mx/tienda/pdp/Lavadora-Maytag-23-kg-blanca-7MMVWC565FW/1068327942;WM;5;https://www.liverpool.com.mx/
1006;aHR0cHM6Ly93d3cubGl2ZXJwb29sLmNvbS5teC90aWVuZGEvcGRwL0xhdmFkb3JhLU1heXRhZy0yMy1rZy1ibGFuY2EtN01NVldDNTY1RlcvMTA2ODMyNzk0MjM0OTU0MA==;SEM;2021-10-08;2020-06-29;;349540;;;;LIVERPOOL;MX;2021-10-08 03:20;MAYTAG;Lavadora Maytag 23 kg blanca 7MMVWC565FW;https://www.liverpool.com.mx/tienda/pdp/Lavadora-Maytag-23-kg-blanca-7MMVWC565FW/1068327942;WM;5;https://www.liverpool.com.mx/
1007;aHR0cHM6Ly93d3cubGl2ZXJwb29sLmNvbS5teC90aWVuZGEvcGRwL0xhdmFkb3JhLU1heXRhZy0yMy1rZy1ibGFuY2EtN01NVldDNTY1RlcvMTA2ODMyNzk0MjQ3ODQ1MA==;SEM;2021-10-08;2020-08-05;;478450;;;;LIVERPOOL;MX;2021-10-08 03:20;MAYTAG;Lavadora Maytag 23 kg blanca 7MMVWC565FW;https://www.liverpool.com.mx/tienda/pdp/Lavadora-Maytag-23-kg-blanca-7MMVWC565FW/1068327942;WM;5;https://www.liverpool.com.mx/
1008;aHR0cHM6Ly93d3cubGl2ZXJwb29sLmNvbS5teC90aWVuZGEvcGRwL0xhdmFkb3JhLU1heXRhZy0yMy1rZy1ibGFuY2EtN01NVldDNTY1RlcvMTA2ODMyNzk0MjMzNDU4Mg==;SEM;2021-10-08;2020-06-25;;334582;;;;LIVERPOOL;MX;2021-10-08 03:20;MAYTAG;Lavadora Maytag 23 kg blanca 7MMVWC565FW;https://www.liverpool.com.mx/tienda/pdp/Lavadora-Maytag-23-kg-blanca-7MMVWC565FW/1068327942;WM;2;https://www.liverpool.com.mx/
1009;aHR0cHM6Ly93d3cubGl2ZXJwb29sLmNvbS5teC90aWVuZGEvcGRwL0xhdmFkb3JhLU1heXRhZy0yMy1rZy1ibGFuY2EtN01NVldDNTY1RlcvMTA2ODMyNzk0MjI3Njk0Mw==;SEM;2021-10-08;2020-06-03;;276943;;;;LIVERPOOL;MX;2021-10-08 03:20;MAYTAG;Lavadora Maytag 23 kg blanca 7MMVWC565FW;https://www.liverpool.com.mx/tienda/pdp/Lavadora-Maytag-23-kg-blanca-7MMVWC565FW/1068327942;WM;1;https://www.liverpool.com.mx/
1010;aHR0cHM6Ly93d3cubGl2ZXJwb29sLmNvbS5teC90aWVuZGEvcGRwL0xhdmFkb3JhLU1heXRhZy0yMy1rZy1ibGFuY2EtN01NVldDNTY1RlcvMTA2ODMyNzk0MjU2MDQ0Mw==;SEM;2021-10-08;2020-08-28;;560443;;;;LIVERPOOL;MX;2021-10-08 03:20;MAYTAG;Lavadora Maytag 23 kg blanca 7MMVWC565FW;https://www.liverpool.com.mx/tienda/pdp/Lavadora-Maytag-23-kg-blanca-7MMVWC565FW/1068327942;WM;5;https://www.liverpool.com.mx/
1011;aHR0cHM6Ly93d3cubGl2ZXJwb29sLmNvbS5teC90aWVuZGEvcGRwL0xhdmFkb3JhLU1heXRhZy0yMy1rZy1ibGFuY2EtN01NVldDNTY1RlcvMTA2ODMyNzk0Mjg0MDUyNg==;SEM;2021-10-08;2021-03-11;;840526;;;;LIVERPOOL;MX;2021-10-08 03:20;MAYTAG;Lavadora Maytag 23 kg blanca 7MMVWC565FW;https://www.liverpool.com.mx/tienda/pdp/Lavadora-Maytag-23-kg-blanca-7MMVWC565FW/1068327942;WM;5;https://www.liverpool.com.mx/
1012;aHR0cHM6Ly93d3cubGl2ZXJwb29sLmNvbS5teC90aWVuZGEvcGRwL0xhdmFkb3JhLU1heXRhZy0yMy1rZy1ibGFuY2EtN01NVldDNTY1RlcvMTA2ODMyNzk0MjUzNDkzNg==;SEM;2021-10-08;2020-08-19;;534936;;;;LIVERPOOL;MX;2021-10-08 03:20;MAYTAG;Lavadora Maytag 23 kg blanca 7MMVWC565FW;https://www.liverpool.com.mx/tienda/pdp/Lavadora-Maytag-23-kg-blanca-7MMVWC565FW/1068327942;WM;5;https://www.liverpool.com.mx/
1013;aHR0cHM6Ly93d3cubGl2ZXJwb29sLmNvbS5teC90aWVuZGEvcGRwL0xhdmFkb3JhLU1heXRhZy0yMy1rZy1ibGFuY2EtN01NVldDNTY1RlcvMTA2ODMyNzk0MjYwNzY3MA==;SEM;2021-10-08;2020-09-18;;607670;;;;LIVERPOOL;MX;2021-10-08 03:20;MAYTAG;Lavadora Maytag 23 kg blanca 7MMVWC565FW;https://www.liverpool.com.mx/tienda/pdp/Lavadora-Maytag-23-kg-blanca-7MMVWC565FW/1068327942;WM;5;https://www.liverpool.com.mx/
1014;aHR0cHM6Ly93d3cubGl2ZXJwb29sLmNvbS5teC90aWVuZGEvcGRwL0xhdmFkb3JhLU1heXRhZy0yMy1rZy1ibGFuY2EtN01NVldDNTY1RlcvMTA2ODMyNzk0MjMwMjU1Nw==;SEM;2021-10-08;2020-06-13;;302557;;;;LIVERPOOL;MX;2021-10-08 03:20;MAYTAG;Lavadora Maytag 23 kg blanca 7MMVWC565FW;https://www.liverpool.com.mx/tienda/pdp/Lavadora-Maytag-23-kg-blanca-7MMVWC565FW/1068327942;WM;5;https://www.liverpool.com.mx/
1015;aHR0cHM6Ly93d3cubGl2ZXJwb29sLmNvbS5teC90aWVuZGEvcGRwL0xhdmFkb3JhLU1heXRhZy0yMy1rZy1ibGFuY2EtN01NVldDNTY1RlcvMTA2ODMyNzk0MjE3OTQ4NQ==;SEM;2021-10-08;2020-02-03;;179485;;;;LIVERPOOL;MX;2021-10-08 03:20;MAYTAG;Lavadora Maytag 23 kg blanca 7MMVWC565FW;https://www.liverpool.com.mx/tienda/pdp/Lavadora-Maytag-23-kg-blanca-7MMVWC565FW/1068327942;WM;5;https://www.liverpool.com.mx/
1016;aHR0cHM6Ly93d3cubGl2ZXJwb29sLmNvbS5teC90aWVuZGEvcGRwL0xhdmFkb3JhLU1heXRhZy0yMy1rZy1ibGFuY2EtN01NVldDNTY1RlcvMTA2ODMyNzk0MjIxMDUyMg==;SEM;2021-10-08;2020-04-07;;210522;;;;LIVERPOOL;MX;2021-10-08 03:20;MAYTAG;Lavadora Maytag 23 kg blanca 7MMVWC565FW;https://www.liverpool.com.mx/tienda/pdp/Lavadora-Maytag-23-kg-blanca-7MMVWC565FW/1068327942;WM;5;https://www.liverpool.com.mx/
1017;aHR0cHM6Ly93d3cubGl2ZXJwb29sLmNvbS5teC90aWVuZGEvcGRwL0xhdmFkb3JhLU1heXRhZy0yMy1rZy1ibGFuY2EtN01NVldDNTY1RlcvMTA2ODMyNzk0MjM1ODY3NA==;SEM;2021-10-08;2020-07-01;;358674;;;;LIVERPOOL;MX;2021-10-08 03:20;MAYTAG;Lavadora Maytag 23 kg blanca 7MMVWC565FW;https://www.liverpool.com.mx/tienda/pdp/Lavadora-Maytag-23-kg-blanca-7MMVWC565FW/1068327942;WM;5;https://www.liverpool.com.mx/
1018;aHR0cHM6Ly93d3cubGl2ZXJwb29sLmNvbS5teC90aWVuZGEvcGRwL0xhdmFkb3JhLU1heXRhZy0yMy1rZy1ibGFuY2EtN01NVldDNTY1RlcvMTA2ODMyNzk0MjkwMTAxMw==;SEM;2021-10-08;2021-04-12;;901013;;;;LIVERPOOL;MX;2021-10-08 03:20;MAYTAG;Lavadora Maytag 23 kg blanca 7MMVWC565FW;https://www.liverpool.com.mx/tienda/pdp/Lavadora-Maytag-23-kg-blanca-7MMVWC565FW/1068327942;WM;5;https://www.liverpool.com.mx/
1019;aHR0cHM6Ly93d3cubGl2ZXJwb29sLmNvbS5teC90aWVuZGEvcGRwL0xhdmFkb3JhLU1heXRhZy0yMy1rZy1ibGFuY2EtN01NVldDNTY1RlcvMTA2ODMyNzk0MjM0MzY4Mw==;SEM;2021-10-08;2020-06-27;;343683;;;;LIVERPOOL;MX;2021-10-08 03:20;MAYTAG;Lavadora Maytag 23 kg blanca 7MMVWC565FW;https://www.liverpool.com.mx/tienda/pdp/Lavadora-Maytag-23-kg-blanca-7MMVWC565FW/1068327942;WM;4;https://www.liverpool.com.mx/
1020;aHR0cHM6Ly93d3cubGl2ZXJwb29sLmNvbS5teC90aWVuZGEvcGRwL0xhdmFkb3JhLU1heXRhZy0yMy1rZy1ibGFuY2EtN01NVldDNTY1RlcvMTA2ODMyNzk0MjQ2NDcxMg==;SEM;2021-10-08;2020-08-03;;464712;;;;LIVERPOOL;MX;2021-10-08 03:20;MAYTAG;Lavadora Maytag 23 kg blanca 7MMVWC565FW;https://www.liverpool.com.mx/tienda/pdp/Lavadora-Maytag-23-kg-blanca-7MMVWC565FW/1068327942;WM;1;https://www.liverpool.com.mx/
1021;aHR0cHM6Ly93d3cubGl2ZXJwb29sLmNvbS5teC90aWVuZGEvcGRwL0xhdmFkb3JhLU1heXRhZy0yMy1rZy1ibGFuY2EtN01NVldDNTY1RlcvMTA2ODMyNzk0MjQ2MTU3Mg==;SEM;2021-10-08;2020-08-02;;461572;;;;LIVERPOOL;MX;2021-10-08 03:20;MAYTAG;Lavadora Maytag 23 kg blanca 7MMVWC565FW;https://www.liverpool.com.mx/tienda/pdp/Lavadora-Maytag-23-kg-blanca-7MMVWC565FW/1068327942;WM;5;https://www.liverpool.com.mx/
1022;aHR0cHM6Ly93d3cubGl2ZXJwb29sLmNvbS5teC90aWVuZGEvcGRwL0xhdmFkb3JhLU1heXRhZy0yMy1rZy1ibGFuY2EtN01NVldDNTY1RlcvMTA2ODMyNzk0MjM1MjgzMg==;SEM;2021-10-08;2020-06-30;;352832;;;;LIVERPOOL;MX;2021-10-08 03:20;MAYTAG;Lavadora Maytag 23 kg blanca 7MMVWC565FW;https://www.liverpool.com.mx/tienda/pdp/Lavadora-Maytag-23-kg-blanca-7MMVWC565FW/1068327942;WM;5;https://www.liverpool.com.mx/
1023;aHR0cHM6Ly93d3cubGl2ZXJwb29sLmNvbS5teC90aWVuZGEvcGRwL0xhdmFkb3JhLU1heXRhZy0yMy1rZy1ibGFuY2EtN01NVldDNTY1RlcvMTA2ODMyNzk0MjYxNzI5NQ==;SEM;2021-10-08;2020-09-29;;617295;;;;LIVERPOOL;MX;2021-10-08 03:20;MAYTAG;Lavadora Maytag 23 kg blanca 7MMVWC565FW;https://www.liverpool.com.mx/tienda/pdp/Lavadora-Maytag-23-kg-blanca-7MMVWC565FW/1068327942;WM;5;https://www.liverpool.com.mx/
1024;aHR0cHM6Ly93d3cubGl2ZXJwb29sLmNvbS5teC90aWVuZGEvcGRwL0xhdmFkb3JhLU1heXRhZy0yMy1rZy1ibGFuY2EtN01NVldDNTY1RlcvMTA2ODMyNzk0MjQ1MDQzNA==;SEM;2021-10-08;2020-07-31;;450434;;;;LIVERPOOL;MX;2021-10-08 03:20;MAYTAG;Lavadora Maytag 23 kg blanca 7MMVWC565FW;https://www.liverpool.com.mx/tienda/pdp/Lavadora-Maytag-23-kg-blanca-7MMVWC565FW/1068327942;WM;5;https://www.liverpool.com.mx/
1025;aHR0cHM6Ly93d3cubGl2ZXJwb29sLmNvbS5teC90aWVuZGEvcGRwL0xhdmFkb3JhLU1heXRhZy0yMy1rZy1ibGFuY2EtN01NVldDNTY1RlcvMTA2ODMyNzk0MjUyNTQ2Mw==;SEM;2021-10-08;2020-08-17;;525463;;;;LIVERPOOL;MX;2021-10-08 03:20;MAYTAG;Lavadora Maytag 23 kg blanca 7MMVWC565FW;https://www.liverpool.com.mx/tienda/pdp/Lavadora-Maytag-23-kg-blanca-7MMVWC565FW/1068327942;WM;5;https://www.liverpool.com.mx/
1026;aHR0cHM6Ly93d3cubGl2ZXJwb29sLmNvbS5teC90aWVuZGEvcGRwL0xhdmFkb3JhLU1heXRhZy0yMy1rZy1ibGFuY2EtN01NVldDNTY1RlcvMTA2ODMyNzk0MjkwOTczNA==;SEM;2021-10-08;2021-04-18;;909734;;;;LIVERPOOL;MX;2021-10-08 03:20;MAYTAG;Lavadora Maytag 23 kg blanca 7MMVWC565FW;https://www.liverpool.com.mx/tienda/pdp/Lavadora-Maytag-23-kg-blanca-7MMVWC565FW/1068327942;WM;5;https://www.liverpool.com.mx/
1027;aHR0cHM6Ly93d3cubGl2ZXJwb29sLmNvbS5teC90aWVuZGEvcGRwL0xhdmFkb3JhLU1heXRhZy0yMy1rZy1ibGFuY2EtN01NVldDNTY1RlcvMTA2ODMyNzk0MjkwMzQxNw==;SEM;2021-10-08;2021-04-14;;903417;;;;LIVERPOOL;MX;2021-10-08 03:20;MAYTAG;Lavadora Maytag 23 kg blanca 7MMVWC565FW;https://www.liverpool.com.mx/tienda/pdp/Lavadora-Maytag-23-kg-blanca-7MMVWC565FW/1068327942;WM;5;https://www.liverpool.com.mx/
1028;aHR0cHM6Ly93d3cubGl2ZXJwb29sLmNvbS5teC90aWVuZGEvcGRwL0xhdmFkb3JhLU1heXRhZy0yMy1rZy1ibGFuY2EtN01NVldDNTY1RlcvMTA2ODMyNzk0MjI5NzA2NQ==;SEM;2021-10-08;2020-06-11;;297065;;;;LIVERPOOL;MX;2021-10-08 03:20;MAYTAG;Lavadora Maytag 23 kg blanca 7MMVWC565FW;https://www.liverpool.com.mx/tienda/pdp/Lavadora-Maytag-23-kg-blanca-7MMVWC565FW/1068327942;WM;5;https://www.liverpool.com.mx/
1029;aHR0cHM6Ly93d3cubGl2ZXJwb29sLmNvbS5teC90aWVuZGEvcGRwL0xhdmFkb3JhLU1heXRhZy0yMy1rZy1ibGFuY2EtN01NVldDNTY1RlcvMTA2ODMyNzk0MjM2NjUxMQ==;SEM;2021-10-08;2020-07-06;;366511;;;;LIVERPOOL;MX;2021-10-08 03:20;MAYTAG;Lavadora Maytag 23 kg blanca 7MMVWC565FW;https://www.liverpool.com.mx/tienda/pdp/Lavadora-Maytag-23-kg-blanca-7MMVWC565FW/1068327942;WM;5;https://www.liverpool.com.mx/
1030;aHR0cHM6Ly93d3cubGl2ZXJwb29sLmNvbS5teC90aWVuZGEvcGRwL0xhdmFkb3JhLU1heXRhZy0yMy1rZy1ibGFuY2EtN01NVldDNTY1RlcvMTA2ODMyNzk0MjI4NTc0MA==;SEM;2021-10-08;2020-06-10;;285740;;;;LIVERPOOL;MX;2021-10-08 03:20;MAYTAG;Lavadora Maytag 23 kg blanca 7MMVWC565FW;https://www.liverpool.com.mx/tienda/pdp/Lavadora-Maytag-23-kg-blanca-7MMVWC565FW/1068327942;WM;5;https://www.liverpool.com.mx/
1031;aHR0cHM6Ly93d3cubGl2ZXJwb29sLmNvbS5teC90aWVuZGEvcGRwL0xhdmFkb3JhLU1heXRhZy0yMy1rZy1ibGFuY2EtN01NVldDNTY1RlcvMTA2ODMyNzk0MjQ5NzcwOA==;SEM;2021-10-08;2020-08-08;;497708;;;;LIVERPOOL;MX;2021-10-08 03:20;MAYTAG;Lavadora Maytag 23 kg blanca 7MMVWC565FW;https://www.liverpool.com.mx/tienda/pdp/Lavadora-Maytag-23-kg-blanca-7MMVWC565FW/1068327942;WM;5;https://www.liverpool.com.mx/
1032;aHR0cHM6Ly93d3cubGl2ZXJwb29sLmNvbS5teC90aWVuZGEvcGRwL0xhdmFkb3JhLU1heXRhZy0yMy1rZy1ibGFuY2EtN01NVldDNTY1RlcvMTA2ODMyNzk0MjY5NzM5MA==;SEM;2021-10-08;2020-12-29;;697390;;;;LIVERPOOL;MX;2021-10-08 03:20;MAYTAG;Lavadora Maytag 23 kg blanca 7MMVWC565FW;https://www.liverpool.com.mx/tienda/pdp/Lavadora-Maytag-23-kg-blanca-7MMVWC565FW/1068327942;WM;5;https://www.liverpool.com.mx/
1033;aHR0cHM6Ly93d3cubGl2ZXJwb29sLmNvbS5teC90aWVuZGEvcGRwL0xhdmFkb3JhLU1heXRhZy0yMy1rZy1ibGFuY2EtN01NVldDNTY1RlcvMTA2ODMyNzk0MjQ2Njc1Nw==;SEM;2021-10-08;2020-08-03;;466757;;;;LIVERPOOL;MX;2021-10-08 03:20;MAYTAG;Lavadora Maytag 23 kg blanca 7MMVWC565FW;https://www.liverpool.com.mx/tienda/pdp/Lavadora-Maytag-23-kg-blanca-7MMVWC565FW/1068327942;WM;5;https://www.liverpool.com.mx/
1034;aHR0cHM6Ly93d3cubGl2ZXJwb29sLmNvbS5teC90aWVuZGEvcGRwL0xhdmFkb3JhLU1heXRhZy0yMy1rZy1ibGFuY2EtN01NVldDNTY1RlcvMTA2ODMyNzk0MjU1MDAyNA==;SEM;2021-10-08;2020-08-24;;550024;;;;LIVERPOOL;MX;2021-10-08 03:20;MAYTAG;Lavadora Maytag 23 kg blanca 7MMVWC565FW;https://www.liverpool.com.mx/tienda/pdp/Lavadora-Maytag-23-kg-blanca-7MMVWC565FW/1068327942;WM;5;https://www.liverpool.com.mx/
1035;aHR0cHM6Ly93d3cubGl2ZXJwb29sLmNvbS5teC90aWVuZGEvcGRwL0xhdmFkb3JhLU1heXRhZy0yMy1rZy1ibGFuY2EtN01NVldDNTY1RlcvMTA2ODMyNzk0MjgzNjAzNA==;SEM;2021-10-08;2021-03-08;;836034;;;;LIVERPOOL;MX;2021-10-08 03:20;MAYTAG;Lavadora Maytag 23 kg blanca 7MMVWC565FW;https://www.liverpool.com.mx/tienda/pdp/Lavadora-Maytag-23-kg-blanca-7MMVWC565FW/1068327942;WM;5;https://www.liverpool.com.mx/
1036;aHR0cHM6Ly93d3cubGl2ZXJwb29sLmNvbS5teC90aWVuZGEvcGRwL0xhdmFkb3JhLU1heXRhZy0yMy1rZy1ibGFuY2EtN01NVldDNTY1RlcvMTA2ODMyNzk0MjUxNjU0OA==;SEM;2021-10-08;2020-08-13;;516548;;;;LIVERPOOL;MX;2021-10-08 03:20;MAYTAG;Lavadora Maytag 23 kg blanca 7MMVWC565FW;https://www.liverpool.com.mx/tienda/pdp/Lavadora-Maytag-23-kg-blanca-7MMVWC565FW/1068327942;WM;5;https://www.liverpool.com.mx/
1037;aHR0cHM6Ly93d3cubGl2ZXJwb29sLmNvbS5teC90aWVuZGEvcGRwL0xhdmFkb3JhLU1heXRhZy0yMy1rZy1ibGFuY2EtN01NVldDNTY1RlcvMTA2ODMyNzk0MjEwMjM0MzA=;SEM;2021-10-08;2021-06-01;;1023430;;;;LIVERPOOL;MX;2021-10-08 03:20;MAYTAG;Lavadora Maytag 23 kg blanca 7MMVWC565FW;https://www.liverpool.com.mx/tienda/pdp/Lavadora-Maytag-23-kg-blanca-7MMVWC565FW/1068327942;WM;5;https://www.liverpool.com.mx/
1038;aHR0cHM6Ly93d3cubGl2ZXJwb29sLmNvbS5teC90aWVuZGEvcGRwL0xhdmFkb3JhLU1heXRhZy0yMy1rZy1ibGFuY2EtN01NVldDNTY1RlcvMTA2ODMyNzk0MjMzMjYxNQ==;SEM;2021-10-08;2020-06-25;;332615;;;;LIVERPOOL;MX;2021-10-08 03:20;MAYTAG;Lavadora Maytag 23 kg blanca 7MMVWC565FW;https://www.liverpool.com.mx/tienda/pdp/Lavadora-Maytag-23-kg-blanca-7MMVWC565FW/1068327942;WM;4;https://www.liverpool.com.mx/
1039;aHR0cHM6Ly93d3cubGl2ZXJwb29sLmNvbS5teC90aWVuZGEvcGRwL0xhdmFkb3JhLU1heXRhZy0yMy1rZy1ibGFuY2EtN01NVldDNTY1RlcvMTA2ODMyNzk0MjEwMDM1NDQ=;SEM;2021-10-08;2021-05-26;;1003544;;;;LIVERPOOL;MX;2021-10-08 03:20;MAYTAG;Lavadora Maytag 23 kg blanca 7MMVWC565FW;https://www.liverpool.com.mx/tienda/pdp/Lavadora-Maytag-23-kg-blanca-7MMVWC565FW/1068327942;WM;5;https://www.liverpool.com.mx/
1040;aHR0cHM6Ly93d3cubGl2ZXJwb29sLmNvbS5teC90aWVuZGEvcGRwL0xhdmFkb3JhLU1heXRhZy0yMy1rZy1ibGFuY2EtN01NVldDNTY1RlcvMTA2ODMyNzk0Mjk3NDkwNw==;SEM;2021-10-08;2021-05-15;;974907;;;;LIVERPOOL;MX;2021-10-08 03:20;MAYTAG;Lavadora Maytag 23 kg blanca 7MMVWC565FW;https://www.liverpool.com.mx/tienda/pdp/Lavadora-Maytag-23-kg-blanca-7MMVWC565FW/1068327942;WM;5;https://www.liverpool.com.mx/
1041;aHR0cHM6Ly93d3cubGl2ZXJwb29sLmNvbS5teC90aWVuZGEvcGRwL0xhdmFkb3JhLU1heXRhZy0yMy1rZy1ibGFuY2EtN01NVldDNTY1RlcvMTA2ODMyNzk0MjEwMjg0MzU=;SEM;2021-10-08;2021-06-03;;1028435;;;;LIVERPOOL;MX;2021-10-08 03:20;MAYTAG;Lavadora Maytag 23 kg blanca 7MMVWC565FW;https://www.liverpool.com.mx/tienda/pdp/Lavadora-Maytag-23-kg-blanca-7MMVWC565FW/1068327942;WM;5;https://www.liverpool.com.mx/
1042;aHR0cHM6Ly93d3cubGl2ZXJwb29sLmNvbS5teC90aWVuZGEvcGRwL0xhdmFkb3JhLU1heXRhZy0yMi1rZy1ncmlzLWFjZXJvLTdNTUhXNjYyMUhDLzEwODIyMDk1NTM5MDQxMw==;SEM;2021-10-08;2019-08-13;;90413;;;;LIVERPOOL;MX;2021-10-08 03:32;MAYTAG;Lavadora Maytag 22 kg gris acero 7MMHW6621HC;https://www.liverpool.com.mx/tienda/pdp/Lavadora-Maytag-22-kg-gris-acero-7MMHW6621HC/1082209553;WM;5;https://www.liverpool.com.mx/
1043;aHR0cHM6Ly93d3cubGl2ZXJwb29sLmNvbS5teC90aWVuZGEvcGRwL0xhdmFkb3JhLU1heXRhZy0yMi1rZy1ncmlzLWFjZXJvLTdNTUhXNjYyMUhDLzEwODIyMDk1NTMxNDM0MTY=;SEM;2021-10-08;2019-12-02;;143416;;;;LIVERPOOL;MX;2021-10-08 03:32;MAYTAG;Lavadora Maytag 22 kg gris acero 7MMHW6621HC;https://www.liverpool.com.mx/tienda/pdp/Lavadora-Maytag-22-kg-gris-acero-7MMHW6621HC/1082209553;WM;5;https://www.liverpool.com.mx/
1044;aHR0cHM6Ly93d3cubGl2ZXJwb29sLmNvbS5teC90aWVuZGEvcGRwL0xhdmFkb3JhLU1heXRhZy0yMi1rZy1ncmlzLWFjZXJvLTdNTUhXNjYyMUhDLzEwODIyMDk1NTMxMTgzNzM=;SEM;2021-10-08;2019-10-14;;118373;;;;LIVERPOOL;MX;2021-10-08 03:32;MAYTAG;Lavadora Maytag 22 kg gris acero 7MMHW6621HC;https://www.liverpool.com.mx/tienda/pdp/Lavadora-Maytag-22-kg-gris-acero-7MMHW6621HC/1082209553;WM;5;https://www.liverpool.com.mx/
1045;aHR0cHM6Ly93d3cubGl2ZXJwb29sLmNvbS5teC90aWVuZGEvcGRwL0xhdmFkb3JhLU1heXRhZy0yMi1rZy1ncmlzLWFjZXJvLTdNTUhXNjYyMUhDLzEwODIyMDk1NTMyNTExMzM=;SEM;2021-10-08;2020-05-14;;251133;;;;LIVERPOOL;MX;2021-10-08 03:32;MAYTAG;Lavadora Maytag 22 kg gris acero 7MMHW6621HC;https://www.liverpool.com.mx/tienda/pdp/Lavadora-Maytag-22-kg-gris-acero-7MMHW6621HC/1082209553;WM;5;https://www.liverpool.com.mx/
1046;aHR0cHM6Ly93d3cubGl2ZXJwb29sLmNvbS5teC90aWVuZGEvcGRwL0xhdmFkb3JhLU1heXRhZy0yMi1rZy1ncmlzLWFjZXJvLTdNTUhXNjYyMUhDLzEwODIyMDk1NTM2NDk5ODk=;SEM;2021-10-08;2020-11-16;;649989;;;;LIVERPOOL;MX;2021-10-08 03:32;MAYTAG;Lavadora Maytag 22 kg gris acero 7MMHW6621HC;https://www.liverpool.com.mx/tienda/pdp/Lavadora-Maytag-22-kg-gris-acero-7MMHW6621HC/1082209553;WM;5;https://www.liverpool.com.mx/
1047;aHR0cHM6Ly93d3cubGl2ZXJwb29sLmNvbS5teC90aWVuZGEvcGRwL0xhdmFkb3JhLU1heXRhZy0yMi1rZy1ncmlzLWFjZXJvLTdNTUhXNjYyMUhDLzEwODIyMDk1NTMzMTAwNjk=;SEM;2021-10-08;2020-06-17;;310069;;;;LIVERPOOL;MX;2021-10-08 03:32;MAYTAG;Lavadora Maytag 22 kg gris acero 7MMHW6621HC;https://www.liverpool.com.mx/tienda/pdp/Lavadora-Maytag-22-kg-gris-acero-7MMHW6621HC/1082209553;WM;4;https://www.liverpool.com.mx/
1048;aHR0cHM6Ly93d3cubGl2ZXJwb29sLmNvbS5teC90aWVuZGEvcGRwL0xhdmFkb3JhLU1heXRhZy0yMi1rZy1ncmlzLWFjZXJvLTdNTUhXNjYyMUhDLzEwODIyMDk1NTM4NjgzMzE=;SEM;2021-10-08;2021-03-25;;868331;;;;LIVERPOOL;MX;2021-10-08 03:32;MAYTAG;Lavadora Maytag 22 kg gris acero 7MMHW6621HC;https://www.liverpool.com.mx/tienda/pdp/Lavadora-Maytag-22-kg-gris-acero-7MMHW6621HC/1082209553;WM;5;https://www.liverpool.com.mx/
1049;aHR0cHM6Ly93d3cubGl2ZXJwb29sLmNvbS5teC90aWVuZGEvcGRwL0xhdmFkb3JhLU1heXRhZy0yMi1rZy1ncmlzLWFjZXJvLTdNTUhXNjYyMUhDLzEwODIyMDk1NTMxMjM2NzA4;SEM;2021-10-08;2021-08-29;;1236708;;;;LIVERPOOL;MX;2021-10-08 03:32;MAYTAG;Lavadora Maytag 22 kg gris acero 7MMHW6621HC;https://www.liverpool.com.mx/tienda/pdp/Lavadora-Maytag-22-kg-gris-acero-7MMHW6621HC/1082209553;WM;4;https://www.liverpool.com.mx/
1050;aHR0cHM6Ly93d3cubGl2ZXJwb29sLmNvbS5teC90aWVuZGEvcGRwL0xhdmFkb3JhLU1heXRhZy0yMi1rZy1ncmlzLWFjZXJvLTdNTUhXNjYyMUhDLzEwODIyMDk1NTM5MDk5Mzc=;SEM;2021-10-08;2021-04-18;;909937;;;;LIVERPOOL;MX;2021-10-08 03:32;MAYTAG;Lavadora Maytag 22 kg gris acero 7MMHW6621HC;https://www.liverpool.com.mx/tienda/pdp/Lavadora-Maytag-22-kg-gris-acero-7MMHW6621HC/1082209553;WM;5;https://www.liverpool.com.mx/
1051;aHR0cHM6Ly93d3cubGl2ZXJwb29sLmNvbS5teC90aWVuZGEvcGRwL0xhdmFkb3JhLU1heXRhZy0yMi1rZy1ncmlzLWFjZXJvLTdNTUhXNjYyMUhDLzEwODIyMDk1NTMzNTA2MjQ=;SEM;2021-10-08;2020-06-29;;350624;;;;LIVERPOOL;MX;2021-10-08 03:32;MAYTAG;Lavadora Maytag 22 kg gris acero 7MMHW6621HC;https://www.liverpool.com.mx/tienda/pdp/Lavadora-Maytag-22-kg-gris-acero-7MMHW6621HC/1082209553;WM;5;https://www.liverpool.com.mx/
1052;aHR0cHM6Ly93d3cubGl2ZXJwb29sLmNvbS5teC90aWVuZGEvcGRwL0xhdmFkb3JhLU1heXRhZy0yMi1rZy1ncmlzLWFjZXJvLTdNTUhXNjYyMUhDLzEwODIyMDk1NTM1MTQ0MTI=;SEM;2021-10-08;2020-08-12;;514412;;;;LIVERPOOL;MX;2021-10-08 03:32;MAYTAG;Lavadora Maytag 22 kg gris acero 7MMHW6621HC;https://www.liverpool.com.mx/tienda/pdp/Lavadora-Maytag-22-kg-gris-acero-7MMHW6621HC/1082209553;WM;5;https://www.liverpool.com.mx/
1053;aHR0cHM6Ly93d3cubGl2ZXJwb29sLmNvbS5teC90aWVuZGEvcGRwL0xhdmFkb3JhLU1heXRhZy0yMi1rZy1ncmlzLWFjZXJvLTdNTUhXNjYyMUhDLzEwODIyMDk1NTM2NDQyNDY=;SEM;2021-10-08;2020-11-09;;644246;;;;LIVERPOOL;MX;2021-10-08 03:32;MAYTAG;Lavadora Maytag 22 kg gris acero 7MMHW6621HC;https://www.liverpool.com.mx/tienda/pdp/Lavadora-Maytag-22-kg-gris-acero-7MMHW6621HC/1082209553;WM;5;https://www.liverpool.com.mx/
1054;aHR0cHM6Ly93d3cubGl2ZXJwb29sLmNvbS5teC90aWVuZGEvcGRwL0xhdmFkb3JhLU1heXRhZy0yMi1rZy1ncmlzLWFjZXJvLTdNTUhXNjYyMUhDLzEwODIyMDk1NTMzMTk3Mzk=;SEM;2021-10-08;2020-06-22;;319739;;;;LIVERPOOL;MX;2021-10-08 03:32;MAYTAG;Lavadora Maytag 22 kg gris acero 7MMHW6621HC;https://www.liverpool.com.mx/tienda/pdp/Lavadora-Maytag-22-kg-gris-acero-7MMHW6621HC/1082209553;WM;5;https://www.liverpool.com.mx/
1055;aHR0cHM6Ly93d3cubGl2ZXJwb29sLmNvbS5teC90aWVuZGEvcGRwL0xhdmFkb3JhLU1heXRhZy0yMi1rZy1ncmlzLWFjZXJvLTdNTUhXNjYyMUhDLzEwODIyMDk1NTMxNzE5NzQ=;SEM;2021-10-08;2020-01-21;;171974;;;;LIVERPOOL;MX;2021-10-08 03:32;MAYTAG;Lavadora Maytag 22 kg gris acero 7MMHW6621HC;https://www.liverpool.com.mx/tienda/pdp/Lavadora-Maytag-22-kg-gris-acero-7MMHW6621HC/1082209553;WM;5;https://www.liverpool.com.mx/
1056;aHR0cHM6Ly93d3cubGl2ZXJwb29sLmNvbS5teC90aWVuZGEvcGRwL0xhdmFkb3JhLU1heXRhZy0yMi1rZy1ncmlzLWFjZXJvLTdNTUhXNjYyMUhDLzEwODIyMDk1NTMxNjU2NzY=;SEM;2021-10-08;2020-01-11;;165676;;;;LIVERPOOL;MX;2021-10-08 03:32;MAYTAG;Lavadora Maytag 22 kg gris acero 7MMHW6621HC;https://www.liverpool.com.mx/tienda/pdp/Lavadora-Maytag-22-kg-gris-acero-7MMHW6621HC/1082209553;WM;5;https://www.liverpool.com.mx/
1057;aHR0cHM6Ly93d3cubGl2ZXJwb29sLmNvbS5teC90aWVuZGEvcGRwL0xhdmFkb3JhLVBhbmFzb25pYy0xNi1rZy1ibGFuY2EtTkEtVzE2MFgxQk1YLzEwOTA3OTkyNzEyMTc1NDc=;SEM;2021-10-08;2020-04-16;;217547;;;;LIVERPOOL;MX;2021-10-08 03:33;PANASONIC;Lavadora Panasonic 16 kg blanca NA-W160X1BMX;https://www.liverpool.com.mx/tienda/pdp/Lavadora-Panasonic-16-kg-blanca-NA-W160X1BMX/1090799271;WM;5;https://www.liverpool.com.mx/
1058;aHR0cHM6Ly93d3cubGl2ZXJwb29sLmNvbS5teC90aWVuZGEvcGRwL0xhdmFkb3JhLVBhbmFzb25pYy0xNi1rZy1ibGFuY2EtTkEtVzE2MFgxQk1YLzEwOTA3OTkyNzEyNjI0MzI=;SEM;2021-10-08;2020-05-23;;262432;;;;LIVERPOOL;MX;2021-10-08 03:33;PANASONIC;Lavadora Panasonic 16 kg blanca NA-W160X1BMX;https://www.liverpool.com.mx/tienda/pdp/Lavadora-Panasonic-16-kg-blanca-NA-W160X1BMX/1090799271;WM;5;https://www.liverpool.com.mx/
1059;aHR0cHM6Ly93d3cubGl2ZXJwb29sLmNvbS5teC90aWVuZGEvcGRwL0xhdmFkb3JhLVBhbmFzb25pYy0xNi1rZy1ibGFuY2EtTkEtVzE2MFgxQk1YLzEwOTA3OTkyNzEyMTkyMTk=;SEM;2021-10-08;2020-04-17;;219219;;;;LIVERPOOL;MX;2021-10-08 03:33;PANASONIC;Lavadora Panasonic 16 kg blanca NA-W160X1BMX;https://www.liverpool.com.mx/tienda/pdp/Lavadora-Panasonic-16-kg-blanca-NA-W160X1BMX/1090799271;WM;5;https://www.liverpool.com.mx/
1060;aHR0cHM6Ly93d3cubGl2ZXJwb29sLmNvbS5teC90aWVuZGEvcGRwL0xhdmFkb3JhLVBhbmFzb25pYy0xNi1rZy1ibGFuY2EtTkEtVzE2MFgxQk1YLzEwOTA3OTkyNzEyODk3ODI=;SEM;2021-10-08;2020-06-10;;289782;;;;LIVERPOOL;MX;2021-10-08 03:33;PANASONIC;Lavadora Panasonic 16 kg blanca NA-W160X1BMX;https://www.liverpool.com.mx/tienda/pdp/Lavadora-Panasonic-16-kg-blanca-NA-W160X1BMX/1090799271;WM;5;https://www.liverpool.com.mx/
1061;aHR0cHM6Ly93d3cubGl2ZXJwb29sLmNvbS5teC90aWVuZGEvcGRwL0xhdmFkb3JhLVBhbmFzb25pYy0xNi1rZy1ibGFuY2EtTkEtVzE2MFgxQk1YLzEwOTA3OTkyNzEzNTE0ODM=;SEM;2021-10-08;2020-06-29;;351483;;;;LIVERPOOL;MX;2021-10-08 03:33;PANASONIC;Lavadora Panasonic 16 kg blanca NA-W160X1BMX;https://www.liverpool.com.mx/tienda/pdp/Lavadora-Panasonic-16-kg-blanca-NA-W160X1BMX/1090799271;WM;5;https://www.liverpool.com.mx/
1062;aHR0cHM6Ly93d3cubGl2ZXJwb29sLmNvbS5teC90aWVuZGEvcGRwL0xhdmFkb3JhLVBhbmFzb25pYy0xNi1rZy1ibGFuY2EtTkEtVzE2MFgxQk1YLzEwOTA3OTkyNzEyOTc0NzQ=;SEM;2021-10-08;2020-06-11;;297474;;;;LIVERPOOL;MX;2021-10-08 03:33;PANASONIC;Lavadora Panasonic 16 kg blanca NA-W160X1BMX;https://www.liverpool.com.mx/tienda/pdp/Lavadora-Panasonic-16-kg-blanca-NA-W160X1BMX/1090799271;WM;5;https://www.liverpool.com.mx/
1063;aHR0cHM6Ly93d3cubGl2ZXJwb29sLmNvbS5teC90aWVuZGEvcGRwL0xhdmFkb3JhLVBhbmFzb25pYy0xNi1rZy1ibGFuY2EtTkEtVzE2MFgxQk1YLzEwOTA3OTkyNzEyNTE2MDk=;SEM;2021-10-08;2020-05-14;;251609;;;;LIVERPOOL;MX;2021-10-08 03:33;PANASONIC;Lavadora Panasonic 16 kg blanca NA-W160X1BMX;https://www.liverpool.com.mx/tienda/pdp/Lavadora-Panasonic-16-kg-blanca-NA-W160X1BMX/1090799271;WM;5;https://www.liverpool.com.mx/
1064;aHR0cHM6Ly93d3cubGl2ZXJwb29sLmNvbS5teC90aWVuZGEvcGRwL0xhdmFkb3JhLVBhbmFzb25pYy0xNi1rZy1ibGFuY2EtTkEtVzE2MFgxQk1YLzEwOTA3OTkyNzE2NjQ0NjY=;SEM;2021-10-08;2020-12-05;;664466;;;;LIVERPOOL;MX;2021-10-08 03:33;PANASONIC;Lavadora Panasonic 16 kg blanca NA-W160X1BMX;https://www.liverpool.com.mx/tienda/pdp/Lavadora-Panasonic-16-kg-blanca-NA-W160X1BMX/1090799271;WM;1;https://www.liverpool.com.mx/
1065;aHR0cHM6Ly93d3cubGl2ZXJwb29sLmNvbS5teC90aWVuZGEvcGRwL0xhdmFkb3JhLVBhbmFzb25pYy0xNi1rZy1ibGFuY2EtTkEtVzE2MFgxQk1YLzEwOTA3OTkyNzE5NTIyMDM=;SEM;2021-10-08;2021-05-08;;952203;;;;LIVERPOOL;MX;2021-10-08 03:33;PANASONIC;Lavadora Panasonic 16 kg blanca NA-W160X1BMX;https://www.liverpool.com.mx/tienda/pdp/Lavadora-Panasonic-16-kg-blanca-NA-W160X1BMX/1090799271;WM;5;https://www.liverpool.com.mx/
1066;aHR0cHM6Ly93d3cubGl2ZXJwb29sLmNvbS5teC90aWVuZGEvcGRwL0xhdmFkb3JhLVBhbmFzb25pYy0xNi1rZy1ibGFuY2EtTkEtVzE2MFgxQk1YLzEwOTA3OTkyNzE2ODM0MDU=;SEM;2021-10-08;2020-12-24;;683405;;;;LIVERPOOL;MX;2021-10-08 03:33;PANASONIC;Lavadora Panasonic 16 kg blanca NA-W160X1BMX;https://www.liverpool.com.mx/tienda/pdp/Lavadora-Panasonic-16-kg-blanca-NA-W160X1BMX/1090799271;WM;5;https://www.liverpool.com.mx/
1067;aHR0cHM6Ly93d3cubGl2ZXJwb29sLmNvbS5teC90aWVuZGEvcGRwL0xhdmFkb3JhLVBhbmFzb25pYy0xNi1rZy1ibGFuY2EtTkEtVzE2MFgxQk1YLzEwOTA3OTkyNzE3NTA1MjU=;SEM;2021-10-08;2021-01-28;;750525;;;;LIVERPOOL;MX;2021-10-08 03:33;PANASONIC;Lavadora Panasonic 16 kg blanca NA-W160X1BMX;https://www.liverpool.com.mx/tienda/pdp/Lavadora-Panasonic-16-kg-blanca-NA-W160X1BMX/1090799271;WM;5;https://www.liverpool.com.mx/
1068;aHR0cHM6Ly93d3cubGl2ZXJwb29sLmNvbS5teC90aWVuZGEvcGRwL0xhdmFkb3JhLVBhbmFzb25pYy0xNi1rZy1ibGFuY2EtTkEtVzE2MFgxQk1YLzEwOTA3OTkyNzE3MDUzMjc=;SEM;2021-10-08;2021-01-02;;705327;;;;LIVERPOOL;MX;2021-10-08 03:33;PANASONIC;Lavadora Panasonic 16 kg blanca NA-W160X1BMX;https://www.liverpool.com.mx/tienda/pdp/Lavadora-Panasonic-16-kg-blanca-NA-W160X1BMX/1090799271;WM;5;https://www.liverpool.com.mx/
1069;aHR0cHM6Ly93d3cubGl2ZXJwb29sLmNvbS5teC90aWVuZGEvcGRwL0xhdmFkb3JhLVBhbmFzb25pYy0xNi1rZy1ibGFuY2EtTkEtVzE2MFgxQk1YLzEwOTA3OTkyNzE5MzkxNTc=;SEM;2021-10-08;2021-05-04;;939157;;;;LIVERPOOL;MX;2021-10-08 03:33;PANASONIC;Lavadora Panasonic 16 kg blanca NA-W160X1BMX;https://www.liverpool.com.mx/tienda/pdp/Lavadora-Panasonic-16-kg-blanca-NA-W160X1BMX/1090799271;WM;5;https://www.liverpool.com.mx/
1070;aHR0cHM6Ly93d3cubGl2ZXJwb29sLmNvbS5teC90aWVuZGEvcGRwL0xhdmFkb3JhLVBhbmFzb25pYy0xNi1rZy1ibGFuY2EtTkEtVzE2MFgxQk1YLzEwOTA3OTkyNzE1MDAwMTc=;SEM;2021-10-08;2020-08-09;;500017;;;;LIVERPOOL;MX;2021-10-08 03:33;PANASONIC;Lavadora Panasonic 16 kg blanca NA-W160X1BMX;https://www.liverpool.com.mx/tienda/pdp/Lavadora-Panasonic-16-kg-blanca-NA-W160X1BMX/1090799271;WM;4;https://www.liverpool.com.mx/
1071;aHR0cHM6Ly93d3cubGl2ZXJwb29sLmNvbS5teC90aWVuZGEvcGRwL0xhdmFkb3JhLVBhbmFzb25pYy0xNi1rZy1ibGFuY2EtTkEtVzE2MFgxQk1YLzEwOTA3OTkyNzEzNzA4NTM=;SEM;2021-10-08;2020-07-08;;370853;;;;LIVERPOOL;MX;2021-10-08 03:33;PANASONIC;Lavadora Panasonic 16 kg blanca NA-W160X1BMX;https://www.liverpool.com.mx/tienda/pdp/Lavadora-Panasonic-16-kg-blanca-NA-W160X1BMX/1090799271;WM;5;https://www.liverpool.com.mx/
1072;aHR0cHM6Ly93d3cubGl2ZXJwb29sLmNvbS5teC90aWVuZGEvcGRwL0xhdmFkb3JhLVBhbmFzb25pYy0xNi1rZy1ibGFuY2EtTkEtVzE2MFgxQk1YLzEwOTA3OTkyNzE2NDc5MjI=;SEM;2021-10-08;2020-11-13;;647922;;;;LIVERPOOL;MX;2021-10-08 03:33;PANASONIC;Lavadora Panasonic 16 kg blanca NA-W160X1BMX;https://www.liverpool.com.mx/tienda/pdp/Lavadora-Panasonic-16-kg-blanca-NA-W160X1BMX/1090799271;WM;2;https://www.liverpool.com.mx/
1073;aHR0cHM6Ly93d3cubGl2ZXJwb29sLmNvbS5teC90aWVuZGEvcGRwL0xhdmFkb3JhLVBhbmFzb25pYy0xOC1rZy1ibGFuY2EtTkEtVzE4MFgxTE1YLzEwOTA3OTkyNjIyMDAzNzc=;SEM;2021-10-08;2020-03-17;;200377;;;;LIVERPOOL;MX;2021-10-08 03:37;PANASONIC;Lavadora Panasonic 18 kg blanca NA-W180X1LMX;https://www.liverpool.com.mx/tienda/pdp/Lavadora-Panasonic-18-kg-blanca-NA-W180X1LMX/1090799262;WM;5;https://www.liverpool.com.mx/
1074;aHR0cHM6Ly93d3cubGl2ZXJwb29sLmNvbS5teC90aWVuZGEvcGRwL0xhdmFkb3JhLVBhbmFzb25pYy0xOC1rZy1ibGFuY2EtTkEtVzE4MFgxTE1YLzEwOTA3OTkyNjIyNTM0ODY=;SEM;2021-10-08;2020-05-16;;253486;;;;LIVERPOOL;MX;2021-10-08 03:37;PANASONIC;Lavadora Panasonic 18 kg blanca NA-W180X1LMX;https://www.liverpool.com.mx/tienda/pdp/Lavadora-Panasonic-18-kg-blanca-NA-W180X1LMX/1090799262;WM;1;https://www.liverpool.com.mx/
1075;aHR0cHM6Ly93d3cubGl2ZXJwb29sLmNvbS5teC90aWVuZGEvcGRwL0xhdmFkb3JhLVBhbmFzb25pYy0xOC1rZy1ibGFuY2EtTkEtVzE4MFgxTE1YLzEwOTA3OTkyNjIyOTAwNjk=;SEM;2021-10-08;2020-06-10;;290069;;;;LIVERPOOL;MX;2021-10-08 03:37;PANASONIC;Lavadora Panasonic 18 kg blanca NA-W180X1LMX;https://www.liverpool.com.mx/tienda/pdp/Lavadora-Panasonic-18-kg-blanca-NA-W180X1LMX/1090799262;WM;5;https://www.liverpool.com.mx/
1076;aHR0cHM6Ly93d3cubGl2ZXJwb29sLmNvbS5teC90aWVuZGEvcGRwL0xhdmFkb3JhLVBhbmFzb25pYy0xOC1rZy1ibGFuY2EtTkEtVzE4MFgxTE1YLzEwOTA3OTkyNjI0MDk5NTI=;SEM;2021-10-08;2020-07-20;;409952;;;;LIVERPOOL;MX;2021-10-08 03:37;PANASONIC;Lavadora Panasonic 18 kg blanca NA-W180X1LMX;https://www.liverpool.com.mx/tienda/pdp/Lavadora-Panasonic-18-kg-blanca-NA-W180X1LMX/1090799262;WM;5;https://www.liverpool.com.mx/
1077;aHR0cHM6Ly93d3cubGl2ZXJwb29sLmNvbS5teC90aWVuZGEvcGRwL0xhdmFkb3JhLVBhbmFzb25pYy0xOC1rZy1ibGFuY2EtTkEtVzE4MFgxTE1YLzEwOTA3OTkyNjI5NDY0NzY=;SEM;2021-10-08;2021-05-06;;946476;;;;LIVERPOOL;MX;2021-10-08 03:37;PANASONIC;Lavadora Panasonic 18 kg blanca NA-W180X1LMX;https://www.liverpool.com.mx/tienda/pdp/Lavadora-Panasonic-18-kg-blanca-NA-W180X1LMX/1090799262;WM;5;https://www.liverpool.com.mx/
1078;aHR0cHM6Ly93d3cubGl2ZXJwb29sLmNvbS5teC90aWVuZGEvcGRwL0xhdmFkb3JhLVBhbmFzb25pYy0xOC1rZy1ibGFuY2EtTkEtVzE4MFgxTE1YLzEwOTA3OTkyNjI4MDk3ODk=;SEM;2021-10-08;2021-02-24;;809789;;;;LIVERPOOL;MX;2021-10-08 03:37;PANASONIC;Lavadora Panasonic 18 kg blanca NA-W180X1LMX;https://www.liverpool.com.mx/tienda/pdp/Lavadora-Panasonic-18-kg-blanca-NA-W180X1LMX/1090799262;WM;5;https://www.liverpool.com.mx/
1079;aHR0cHM6Ly93d3cubGl2ZXJwb29sLmNvbS5teC90aWVuZGEvcGRwL0xhdmFkb3JhLVBhbmFzb25pYy0xOC1rZy1ibGFuY2EtTkEtVzE4MFgxTE1YLzEwOTA3OTkyNjIxMjg3ODQx;SEM;2021-10-08;2021-09-27;;1287841;;;;LIVERPOOL;MX;2021-10-08 03:37;PANASONIC;Lavadora Panasonic 18 kg blanca NA-W180X1LMX;https://www.liverpool.com.mx/tienda/pdp/Lavadora-Panasonic-18-kg-blanca-NA-W180X1LMX/1090799262;WM;5;https://www.liverpool.com.mx/
1080;aHR0cHM6Ly93d3cubGl2ZXJwb29sLmNvbS5teC90aWVuZGEvcGRwL0xhdmFkb3JhLVBhbmFzb25pYy0xOC1rZy1ibGFuY2EtTkEtVzE4MFgxTE1YLzEwOTA3OTkyNjIxMjY0ODQ1;SEM;2021-10-08;2021-09-14;;1264845;;;;LIVERPOOL;MX;2021-10-08 03:37;PANASONIC;Lavadora Panasonic 18 kg blanca NA-W180X1LMX;https://www.liverpool.com.mx/tienda/pdp/Lavadora-Panasonic-18-kg-blanca-NA-W180X1LMX/1090799262;WM;5;https://www.liverpool.com.mx/
1081;aHR0cHM6Ly93d3cubGl2ZXJwb29sLmNvbS5teC90aWVuZGEvcGRwL0xhdmFkb3JhLVBhbmFzb25pYy0xOS1rZy1hdXRvbSVDMyVBMXRpY2EtY2FyZ2Etc3VwZXJpb3ItTkEtRjE5MEg3VE1YLzExMDA4MjMyODExMDgxMDg5;SEM;2021-10-08;2021-06-19;;1081089;;;;LIVERPOOL;MX;2021-10-08 03:45;PANASONIC;Lavadora Panasonic 19 kg automática carga superior NA-F190H7TMX;https://www.liverpool.com.mx/tienda/pdp/Lavadora-Panasonic-19-kg-autom%C3%A1tica-carga-superior-NA-F190H7TMX/1100823281;WM;5;https://www.liverpool.com.mx/
1082;aHR0cHM6Ly93d3cubGl2ZXJwb29sLmNvbS5teC90aWVuZGEvcGRwL0xhdmFkb3JhLVBhbmFzb25pYy0xOS1rZy1hdXRvbSVDMyVBMXRpY2EtY2FyZ2Etc3VwZXJpb3ItTkEtRjE5MEg3VE1YLzExMDA4MjMyODExMTM5MjEz;SEM;2021-10-08;2021-07-12;;1139213;;;;LIVERPOOL;MX;2021-10-08 03:45;PANASONIC;Lavadora Panasonic 19 kg automática carga superior NA-F190H7TMX;https://www.liverpool.com.mx/tienda/pdp/Lavadora-Panasonic-19-kg-autom%C3%A1tica-carga-superior-NA-F190H7TMX/1100823281;WM;5;https://www.liverpool.com.mx/
1083;aHR0cHM6Ly93d3cubGl2ZXJwb29sLmNvbS5teC90aWVuZGEvcGRwL0xhdmFkb3JhLVBhbmFzb25pYy0xOS1rZy1hdXRvbSVDMyVBMXRpY2EtY2FyZ2Etc3VwZXJpb3ItTkEtRjE5MEg3VE1YLzExMDA4MjMyODE3NzUzMzE=;SEM;2021-10-08;2021-02-11;;775331;;;;LIVERPOOL;MX;2021-10-08 03:45;PANASONIC;Lavadora Panasonic 19 kg automática carga superior NA-F190H7TMX;https://www.liverpool.com.mx/tienda/pdp/Lavadora-Panasonic-19-kg-autom%C3%A1tica-carga-superior-NA-F190H7TMX/1100823281;WM;5;https://www.liverpool.com.mx/
1084;aHR0cHM6Ly93d3cubGl2ZXJwb29sLmNvbS5teC90aWVuZGEvcGRwL0xhdmFkb3JhLU1heXRhZy0yMi1rZy1ibGFuY2EtN01NSFc2NjIxSFcvMTA4MTAzNDgxNDc1MzA3Ng==;SEM;2021-10-08;2021-01-29;;753076;;;;LIVERPOOL;MX;2021-10-08 03:45;MAYTAG;Lavadora Maytag 22 kg blanca 7MMHW6621HW;https://www.liverpool.com.mx/tienda/pdp/Lavadora-Maytag-22-kg-blanca-7MMHW6621HW/1081034814;WM;5;https://www.liverpool.com.mx/
1085;aHR0cHM6Ly93d3cubGl2ZXJwb29sLmNvbS5teC90aWVuZGEvcGRwL0xhdmFkb3JhLVBhbmFzb25pYy0xOC1wbGF0ZWFkYS1OQS1GMTgwSDdMTVgvMTA4MTgzMjI3MzEyMzExNQ==;SEM;2021-10-08;2019-10-24;;123115;;;;LIVERPOOL;MX;2021-10-08 03:47;PANASONIC;Lavadora Panasonic 18 plateada NA-F180H7LMX;https://www.liverpool.com.mx/tienda/pdp/Lavadora-Panasonic-18-plateada-NA-F180H7LMX/1081832273;WM;1;https://www.liverpool.com.mx/
1086;aHR0cHM6Ly93d3cubGl2ZXJwb29sLmNvbS5teC90aWVuZGEvcGRwL0xhdmFkb3JhLVBhbmFzb25pYy0xOC1wbGF0ZWFkYS1OQS1GMTgwSDdMTVgvMTA4MTgzMjI3MzE0MzY2Mw==;SEM;2021-10-08;2019-12-02;;143663;;;;LIVERPOOL;MX;2021-10-08 03:47;PANASONIC;Lavadora Panasonic 18 plateada NA-F180H7LMX;https://www.liverpool.com.mx/tienda/pdp/Lavadora-Panasonic-18-plateada-NA-F180H7LMX/1081832273;WM;5;https://www.liverpool.com.mx/
1087;aHR0cHM6Ly93d3cubGl2ZXJwb29sLmNvbS5teC90aWVuZGEvcGRwL0xhdmFkb3JhLVBhbmFzb25pYy0xOC1wbGF0ZWFkYS1OQS1GMTgwSDdMTVgvMTA4MTgzMjI3MzI4OTgyNA==;SEM;2021-10-08;2020-06-10;;289824;;;;LIVERPOOL;MX;2021-10-08 03:47;PANASONIC;Lavadora Panasonic 18 plateada NA-F180H7LMX;https://www.liverpool.com.mx/tienda/pdp/Lavadora-Panasonic-18-plateada-NA-F180H7LMX/1081832273;WM;5;https://www.liverpool.com.mx/
1088;aHR0cHM6Ly93d3cubGl2ZXJwb29sLmNvbS5teC90aWVuZGEvcGRwL0xhdmFkb3JhLVBhbmFzb25pYy0xOC1wbGF0ZWFkYS1OQS1GMTgwSDdMTVgvMTA4MTgzMjI3MzU4ODU4OQ==;SEM;2021-10-08;2020-09-07;;588589;;;;LIVERPOOL;MX;2021-10-08 03:47;PANASONIC;Lavadora Panasonic 18 plateada NA-F180H7LMX;https://www.liverpool.com.mx/tienda/pdp/Lavadora-Panasonic-18-plateada-NA-F180H7LMX/1081832273;WM;5;https://www.liverpool.com.mx/
1089;aHR0cHM6Ly93d3cubGl2ZXJwb29sLmNvbS5teC90aWVuZGEvcGRwL0xhdmFkb3JhLVBhbmFzb25pYy0xOC1wbGF0ZWFkYS1OQS1GMTgwSDdMTVgvMTA4MTgzMjI3MzEzOTczOA==;SEM;2021-10-08;2019-11-26;;139738;;;;LIVERPOOL;MX;2021-10-08 03:47;PANASONIC;Lavadora Panasonic 18 plateada NA-F180H7LMX;https://www.liverpool.com.mx/tienda/pdp/Lavadora-Panasonic-18-plateada-NA-F180H7LMX/1081832273;WM;5;https://www.liverpool.com.mx/
1090;aHR0cHM6Ly93d3cubGl2ZXJwb29sLmNvbS5teC90aWVuZGEvcGRwL0xhdmFkb3JhLVBhbmFzb25pYy0xOC1wbGF0ZWFkYS1OQS1GMTgwSDdMTVgvMTA4MTgzMjI3MzE0NjkyMg==;SEM;2021-10-08;2019-12-07;;146922;;;;LIVERPOOL;MX;2021-10-08 03:47;PANASONIC;Lavadora Panasonic 18 plateada NA-F180H7LMX;https://www.liverpool.com.mx/tienda/pdp/Lavadora-Panasonic-18-plateada-NA-F180H7LMX/1081832273;WM;5;https://www.liverpool.com.mx/
1091;aHR0cHM6Ly93d3cubGl2ZXJwb29sLmNvbS5teC90aWVuZGEvcGRwL0xhdmFkb3JhLVBhbmFzb25pYy0xOC1wbGF0ZWFkYS1OQS1GMTgwSDdMTVgvMTA4MTgzMjI3MzUwODk1OQ==;SEM;2021-10-08;2020-08-10;;508959;;;;LIVERPOOL;MX;2021-10-08 03:47;PANASONIC;Lavadora Panasonic 18 plateada NA-F180H7LMX;https://www.liverpool.com.mx/tienda/pdp/Lavadora-Panasonic-18-plateada-NA-F180H7LMX/1081832273;WM;1;https://www.liverpool.com.mx/
1092;aHR0cHM6Ly93d3cubGl2ZXJwb29sLmNvbS5teC90aWVuZGEvcGRwL0xhdmFkb3JhLVBhbmFzb25pYy0xOC1wbGF0ZWFkYS1OQS1GMTgwSDdMTVgvMTA4MTgzMjI3MzIzOTk5MA==;SEM;2021-10-08;2020-05-06;;239990;;;;LIVERPOOL;MX;2021-10-08 03:47;PANASONIC;Lavadora Panasonic 18 plateada NA-F180H7LMX;https://www.liverpool.com.mx/tienda/pdp/Lavadora-Panasonic-18-plateada-NA-F180H7LMX/1081832273;WM;5;https://www.liverpool.com.mx/
1093;aHR0cHM6Ly93d3cubGl2ZXJwb29sLmNvbS5teC90aWVuZGEvcGRwL0xhdmFkb3JhLVBhbmFzb25pYy0xOC1wbGF0ZWFkYS1OQS1GMTgwSDdMTVgvMTA4MTgzMjI3Mzk1MDk0MQ==;SEM;2021-10-08;2021-05-08;;950941;;;;LIVERPOOL;MX;2021-10-08 03:47;PANASONIC;Lavadora Panasonic 18 plateada NA-F180H7LMX;https://www.liverpool.com.mx/tienda/pdp/Lavadora-Panasonic-18-plateada-NA-F180H7LMX/1081832273;WM;5;https://www.liverpool.com.mx/
1094;aHR0cHM6Ly93d3cubGl2ZXJwb29sLmNvbS5teC90aWVuZGEvcGRwL0xhdmFkb3JhLVBhbmFzb25pYy0xOC1wbGF0ZWFkYS1OQS1GMTgwSDdMTVgvMTA4MTgzMjI3MzYyMjc3NQ==;SEM;2021-10-08;2020-10-05;;622775;;;;LIVERPOOL;MX;2021-10-08 03:47;PANASONIC;Lavadora Panasonic 18 plateada NA-F180H7LMX;https://www.liverpool.com.mx/tienda/pdp/Lavadora-Panasonic-18-plateada-NA-F180H7LMX/1081832273;WM;5;https://www.liverpool.com.mx/
1095;aHR0cHM6Ly93d3cubGl2ZXJwb29sLmNvbS5teC90aWVuZGEvcGRwL0xhdmFkb3JhLVBhbmFzb25pYy0xOC1wbGF0ZWFkYS1OQS1GMTgwSDdMTVgvMTA4MTgzMjI3MzQ3MDk1NA==;SEM;2021-10-08;2020-08-04;;470954;;;;LIVERPOOL;MX;2021-10-08 03:47;PANASONIC;Lavadora Panasonic 18 plateada NA-F180H7LMX;https://www.liverpool.com.mx/tienda/pdp/Lavadora-Panasonic-18-plateada-NA-F180H7LMX/1081832273;WM;4;https://www.liverpool.com.mx/
1096;aHR0cHM6Ly93d3cubGl2ZXJwb29sLmNvbS5teC90aWVuZGEvcGRwL0xhdmFkb3JhLVBhbmFzb25pYy0xOC1wbGF0ZWFkYS1OQS1GMTgwSDdMTVgvMTA4MTgzMjI3MzU1OTM3Ng==;SEM;2021-10-08;2020-08-27;;559376;;;;LIVERPOOL;MX;2021-10-08 03:47;PANASONIC;Lavadora Panasonic 18 plateada NA-F180H7LMX;https://www.liverpool.com.mx/tienda/pdp/Lavadora-Panasonic-18-plateada-NA-F180H7LMX/1081832273;WM;2;https://www.liverpool.com.mx/
1097;aHR0cHM6Ly93d3cubGl2ZXJwb29sLmNvbS5teC90aWVuZGEvcGRwL0xhdmFkb3JhLVBhbmFzb25pYy0xOC1wbGF0ZWFkYS1OQS1GMTgwSDdMTVgvMTA4MTgzMjI3MzI4OTc5Mg==;SEM;2021-10-08;2020-06-10;;289792;;;;LIVERPOOL;MX;2021-10-08 03:47;PANASONIC;Lavadora Panasonic 18 plateada NA-F180H7LMX;https://www.liverpool.com.mx/tienda/pdp/Lavadora-Panasonic-18-plateada-NA-F180H7LMX/1081832273;WM;5;https://www.liverpool.com.mx/
1098;aHR0cHM6Ly93d3cubGl2ZXJwb29sLmNvbS5teC90aWVuZGEvcGRwL2xhdmFkb3JhLXNhbXN1bmctMjEta2ctYXV0b20lQzMlQTF0aWNhLWNhcmdhLXN1cGVyaW9yLXdhMjFhMzM0MWd3L2F4LzExMDY1OTI3MzYxMzA1NzQ3;SEM;2021-10-09;2021-10-06;;1305747;;;;LIVERPOOL;MX;2021-10-09 04:00;SAMSUNG;Lavadora Samsung 21 kg automática carga superior WA21A3341GW/AX;https://www.liverpool.com.mx/tienda/pdp/lavadora-samsung-21-kg-autom%C3%A1tica-carga-superior-wa21a3341gw/ax/1106592736;WM;5;https://www.liverpool.com.mx/
1099;aHR0cHM6Ly93d3cubGl2ZXJwb29sLmNvbS5teC90aWVuZGEvcGRwL0xhdmFkb3JhLVNhbXN1bmctMjQta2ctYXV0b20lQzMlQTF0aWNhLWNhcmdhLXN1cGVyaW9yLVdBMjRSNzQ1MEFXL0FYLzEwODU0MDUyNjQyMDMxMTc=;SEM;2021-10-09;2020-03-23;;203117;;;;LIVERPOOL;MX;2021-10-09 04:29;SAMSUNG;Lavadora Samsung 24 kg automática carga superior WA24R7450AW/AX;https://www.liverpool.com.mx/tienda/pdp/Lavadora-Samsung-24-kg-autom%C3%A1tica-carga-superior-WA24R7450AW/AX/1085405264;WM;5;https://www.liverpool.com.mx/
1100;aHR0cHM6Ly93d3cubGl2ZXJwb29sLmNvbS5teC90aWVuZGEvcGRwL0xhdmFkb3JhLVNhbXN1bmctMjQta2ctYXV0b20lQzMlQTF0aWNhLWNhcmdhLXN1cGVyaW9yLVdBMjRSNzQ1MEFXL0FYLzEwODU0MDUyNjQxOTcxNjQ=;SEM;2021-10-09;2020-03-09;;197164;;;;LIVERPOOL;MX;2021-10-09 04:29;SAMSUNG;Lavadora Samsung 24 kg automática carga superior WA24R7450AW/AX;https://www.liverpool.com.mx/tienda/pdp/Lavadora-Samsung-24-kg-autom%C3%A1tica-carga-superior-WA24R7450AW/AX/1085405264;WM;5;https://www.liverpool.com.mx/
1101;aHR0cHM6Ly93d3cubGl2ZXJwb29sLmNvbS5teC90aWVuZGEvcGRwL0xhdmFkb3JhLVNhbXN1bmctMjQta2ctYXV0b20lQzMlQTF0aWNhLWNhcmdhLXN1cGVyaW9yLVdBMjRSNzQ1MEFXL0FYLzEwODU0MDUyNjQ0NzEzMDY=;SEM;2021-10-09;2020-08-04;;471306;;;;LIVERPOOL;MX;2021-10-09 04:29;SAMSUNG;Lavadora Samsung 24 kg automática carga superior WA24R7450AW/AX;https://www.liverpool.com.mx/tienda/pdp/Lavadora-Samsung-24-kg-autom%C3%A1tica-carga-superior-WA24R7450AW/AX/1085405264;WM;5;https://www.liverpool.com.mx/
1102;aHR0cHM6Ly93d3cubGl2ZXJwb29sLmNvbS5teC90aWVuZGEvcGRwL0xhdmFkb3JhLVNhbXN1bmctMjQta2ctYXV0b20lQzMlQTF0aWNhLWNhcmdhLXN1cGVyaW9yLVdBMjRSNzQ1MEFXL0FYLzEwODU0MDUyNjQzNDIxMDA=;SEM;2021-10-09;2020-06-27;;342100;;;;LIVERPOOL;MX;2021-10-09 04:29;SAMSUNG;Lavadora Samsung 24 kg automática carga superior WA24R7450AW/AX;https://www.liverpool.com.mx/tienda/pdp/Lavadora-Samsung-24-kg-autom%C3%A1tica-carga-superior-WA24R7450AW/AX/1085405264;WM;5;https://www.liverpool.com.mx/
1103;aHR0cHM6Ly93d3cubGl2ZXJwb29sLmNvbS5teC90aWVuZGEvcGRwL0xhdmFkb3JhLVNhbXN1bmctMjQta2ctYXV0b20lQzMlQTF0aWNhLWNhcmdhLXN1cGVyaW9yLVdBMjRSNzQ1MEFXL0FYLzEwODU0MDUyNjQ0MTU2Mzc=;SEM;2021-10-09;2020-07-21;;415637;;;;LIVERPOOL;MX;2021-10-09 04:29;SAMSUNG;Lavadora Samsung 24 kg automática carga superior WA24R7450AW/AX;https://www.liverpool.com.mx/tienda/pdp/Lavadora-Samsung-24-kg-autom%C3%A1tica-carga-superior-WA24R7450AW/AX/1085405264;WM;5;https://www.liverpool.com.mx/
1104;aHR0cHM6Ly93d3cubGl2ZXJwb29sLmNvbS5teC90aWVuZGEvcGRwL0xhdmFkb3JhLVNhbXN1bmctMjQta2ctYXV0b20lQzMlQTF0aWNhLWNhcmdhLXN1cGVyaW9yLVdBMjRSNzQ1MEFXL0FYLzEwODU0MDUyNjQzOTIwODI=;SEM;2021-10-09;2020-07-13;;392082;;;;LIVERPOOL;MX;2021-10-09 04:29;SAMSUNG;Lavadora Samsung 24 kg automática carga superior WA24R7450AW/AX;https://www.liverpool.com.mx/tienda/pdp/Lavadora-Samsung-24-kg-autom%C3%A1tica-carga-superior-WA24R7450AW/AX/1085405264;WM;4;https://www.liverpool.com.mx/
1105;aHR0cHM6Ly93d3cubGl2ZXJwb29sLmNvbS5teC90aWVuZGEvcGRwL0xhdmFkb3JhLVNhbXN1bmctMjQta2ctYXV0b20lQzMlQTF0aWNhLWNhcmdhLXN1cGVyaW9yLVdBMjRSNzQ1MEFXL0FYLzEwODU0MDUyNjQzNTg0MDE=;SEM;2021-10-09;2020-07-01;;358401;;;;LIVERPOOL;MX;2021-10-09 04:29;SAMSUNG;Lavadora Samsung 24 kg automática carga superior WA24R7450AW/AX;https://www.liverpool.com.mx/tienda/pdp/Lavadora-Samsung-24-kg-autom%C3%A1tica-carga-superior-WA24R7450AW/AX/1085405264;WM;5;https://www.liverpool.com.mx/
1106;aHR0cHM6Ly93d3cubGl2ZXJwb29sLmNvbS5teC90aWVuZGEvcGRwL0xhdmFkb3JhLVNhbXN1bmctMjQta2ctYXV0b20lQzMlQTF0aWNhLWNhcmdhLXN1cGVyaW9yLVdBMjRSNzQ1MEFXL0FYLzEwODU0MDUyNjQyMDI0MDc=;SEM;2021-10-09;2020-03-22;;202407;;;;LIVERPOOL;MX;2021-10-09 04:29;SAMSUNG;Lavadora Samsung 24 kg automática carga superior WA24R7450AW/AX;https://www.liverpool.com.mx/tienda/pdp/Lavadora-Samsung-24-kg-autom%C3%A1tica-carga-superior-WA24R7450AW/AX/1085405264;WM;5;https://www.liverpool.com.mx/
1107;aHR0cHM6Ly93d3cubGl2ZXJwb29sLmNvbS5teC90aWVuZGEvcGRwL0xhdmFkb3JhLVNhbXN1bmctMjQta2ctYXV0b20lQzMlQTF0aWNhLWNhcmdhLXN1cGVyaW9yLVdBMjRSNzQ1MEFXL0FYLzEwODU0MDUyNjQ4OTYyNjQ=;SEM;2021-10-09;2021-04-10;;896264;;;;LIVERPOOL;MX;2021-10-09 04:29;SAMSUNG;Lavadora Samsung 24 kg automática carga superior WA24R7450AW/AX;https://www.liverpool.com.mx/tienda/pdp/Lavadora-Samsung-24-kg-autom%C3%A1tica-carga-superior-WA24R7450AW/AX/1085405264;WM;5;https://www.liverpool.com.mx/
1108;aHR0cHM6Ly93d3cubGl2ZXJwb29sLmNvbS5teC90aWVuZGEvcGRwL0xhdmFkb3JhLVNhbXN1bmctMjQta2ctYXV0b20lQzMlQTF0aWNhLWNhcmdhLXN1cGVyaW9yLVdBMjRSNzQ1MEFXL0FYLzEwODU0MDUyNjQ0NzAwNzM=;SEM;2021-10-09;2020-08-04;;470073;;;;LIVERPOOL;MX;2021-10-09 04:29;SAMSUNG;Lavadora Samsung 24 kg automática carga superior WA24R7450AW/AX;https://www.liverpool.com.mx/tienda/pdp/Lavadora-Samsung-24-kg-autom%C3%A1tica-carga-superior-WA24R7450AW/AX/1085405264;WM;5;https://www.liverpool.com.mx/
1109;aHR0cHM6Ly93d3cubGl2ZXJwb29sLmNvbS5teC90aWVuZGEvcGRwL0xhdmFkb3JhLVNhbXN1bmctMjQta2ctYXV0b20lQzMlQTF0aWNhLWNhcmdhLXN1cGVyaW9yLVdBMjRSNzQ1MEFXL0FYLzEwODU0MDUyNjQ0NzczNTU=;SEM;2021-10-09;2020-08-05;;477355;;;;LIVERPOOL;MX;2021-10-09 04:29;SAMSUNG;Lavadora Samsung 24 kg automática carga superior WA24R7450AW/AX;https://www.liverpool.com.mx/tienda/pdp/Lavadora-Samsung-24-kg-autom%C3%A1tica-carga-superior-WA24R7450AW/AX/1085405264;WM;5;https://www.liverpool.com.mx/
1110;aHR0cHM6Ly93d3cubGl2ZXJwb29sLmNvbS5teC90aWVuZGEvcGRwL0xhdmFkb3JhLVNhbXN1bmctMjQta2ctYXV0b20lQzMlQTF0aWNhLWNhcmdhLXN1cGVyaW9yLVdBMjRSNzQ1MEFXL0FYLzEwODU0MDUyNjQxMDAwNDUy;SEM;2021-10-09;2021-05-24;;1000452;;;;LIVERPOOL;MX;2021-10-09 04:29;SAMSUNG;Lavadora Samsung 24 kg automática carga superior WA24R7450AW/AX;https://www.liverpool.com.mx/tienda/pdp/Lavadora-Samsung-24-kg-autom%C3%A1tica-carga-superior-WA24R7450AW/AX/1085405264;WM;5;https://www.liverpool.com.mx/
1111;aHR0cHM6Ly93d3cubGl2ZXJwb29sLmNvbS5teC90aWVuZGEvcGRwL0xhdmFkb3JhLVNhbXN1bmctMjQta2ctYXV0b20lQzMlQTF0aWNhLWNhcmdhLXN1cGVyaW9yLVdBMjRSNzQ1MEFXL0FYLzEwODU0MDUyNjQ4NzY3NDQ=;SEM;2021-10-09;2021-03-29;;876744;;;;LIVERPOOL;MX;2021-10-09 04:29;SAMSUNG;Lavadora Samsung 24 kg automática carga superior WA24R7450AW/AX;https://www.liverpool.com.mx/tienda/pdp/Lavadora-Samsung-24-kg-autom%C3%A1tica-carga-superior-WA24R7450AW/AX/1085405264;WM;5;https://www.liverpool.com.mx/
1112;aHR0cHM6Ly93d3cubGl2ZXJwb29sLmNvbS5teC90aWVuZGEvcGRwL0xhdmFkb3JhLVNhbXN1bmctMjQta2ctYXV0b20lQzMlQTF0aWNhLWNhcmdhLXN1cGVyaW9yLVdBMjRSNzQ1MEFXL0FYLzEwODU0MDUyNjQyMDU4MjM=;SEM;2021-10-09;2020-03-29;;205823;;;;LIVERPOOL;MX;2021-10-09 04:29;SAMSUNG;Lavadora Samsung 24 kg automática carga superior WA24R7450AW/AX;https://www.liverpool.com.mx/tienda/pdp/Lavadora-Samsung-24-kg-autom%C3%A1tica-carga-superior-WA24R7450AW/AX/1085405264;WM;5;https://www.liverpool.com.mx/
1113;aHR0cHM6Ly93d3cubGl2ZXJwb29sLmNvbS5teC90aWVuZGEvcGRwL0xhdmFkb3JhLVNhbXN1bmctMjQta2ctYXV0b20lQzMlQTF0aWNhLWNhcmdhLXN1cGVyaW9yLVdBMjRSNzQ1MEFXL0FYLzEwODU0MDUyNjQ5NzY5NDY=;SEM;2021-10-09;2021-05-16;;976946;;;;LIVERPOOL;MX;2021-10-09 04:29;SAMSUNG;Lavadora Samsung 24 kg automática carga superior WA24R7450AW/AX;https://www.liverpool.com.mx/tienda/pdp/Lavadora-Samsung-24-kg-autom%C3%A1tica-carga-superior-WA24R7450AW/AX/1085405264;WM;5;https://www.liverpool.com.mx/
1114;aHR0cHM6Ly93d3cubGl2ZXJwb29sLmNvbS5teC90aWVuZGEvcGRwL0xhdmFkb3JhLVNhbXN1bmctMjQta2ctYXV0b20lQzMlQTF0aWNhLWNhcmdhLXN1cGVyaW9yLVdBMjRSNzQ1MEFXL0FYLzEwODU0MDUyNjQ0NTkxNzc=;SEM;2021-10-09;2020-08-02;;459177;;;;LIVERPOOL;MX;2021-10-09 04:29;SAMSUNG;Lavadora Samsung 24 kg automática carga superior WA24R7450AW/AX;https://www.liverpool.com.mx/tienda/pdp/Lavadora-Samsung-24-kg-autom%C3%A1tica-carga-superior-WA24R7450AW/AX/1085405264;WM;5;https://www.liverpool.com.mx/
1115;aHR0cHM6Ly93d3cubGl2ZXJwb29sLmNvbS5teC90aWVuZGEvcGRwL0xhdmFkb3JhLVNhbXN1bmctMjQta2ctYXV0b20lQzMlQTF0aWNhLWNhcmdhLXN1cGVyaW9yLVdBMjRSNzQ1MEFXL0FYLzEwODU0MDUyNjQxMTU3ODEx;SEM;2021-10-09;2021-07-22;;1157811;;;;LIVERPOOL;MX;2021-10-09 04:29;SAMSUNG;Lavadora Samsung 24 kg automática carga superior WA24R7450AW/AX;https://www.liverpool.com.mx/tienda/pdp/Lavadora-Samsung-24-kg-autom%C3%A1tica-carga-superior-WA24R7450AW/AX/1085405264;WM;5;https://www.liverpool.com.mx/
1116;aHR0cHM6Ly93d3cubGl2ZXJwb29sLmNvbS5teC90aWVuZGEvcGRwL0xhdmFkb3JhLVNhbXN1bmctMjQta2ctYXV0b20lQzMlQTF0aWNhLWNhcmdhLXN1cGVyaW9yLVdBMjRSNzQ1MEFXL0FYLzEwODU0MDUyNjQzMjE5OTY=;SEM;2021-10-09;2020-06-22;;321996;;;;LIVERPOOL;MX;2021-10-09 04:29;SAMSUNG;Lavadora Samsung 24 kg automática carga superior WA24R7450AW/AX;https://www.liverpool.com.mx/tienda/pdp/Lavadora-Samsung-24-kg-autom%C3%A1tica-carga-superior-WA24R7450AW/AX/1085405264;WM;5;https://www.liverpool.com.mx/
1117;aHR0cHM6Ly93d3cubGl2ZXJwb29sLmNvbS5teC90aWVuZGEvcGRwL0xhdmFkb3JhLVNhbXN1bmctMjQta2ctYXV0b20lQzMlQTF0aWNhLWNhcmdhLXN1cGVyaW9yLVdBMjRSNzQ1MEFXL0FYLzEwODU0MDUyNjQ5NTI4MTQ=;SEM;2021-10-09;2021-05-08;;952814;;;;LIVERPOOL;MX;2021-10-09 04:29;SAMSUNG;Lavadora Samsung 24 kg automática carga superior WA24R7450AW/AX;https://www.liverpool.com.mx/tienda/pdp/Lavadora-Samsung-24-kg-autom%C3%A1tica-carga-superior-WA24R7450AW/AX/1085405264;WM;5;https://www.liverpool.com.mx/
1118;aHR0cHM6Ly93d3cubGl2ZXJwb29sLmNvbS5teC90aWVuZGEvcGRwL0xhdmFkb3JhLVNhbXN1bmctMjQta2ctYXV0b20lQzMlQTF0aWNhLWNhcmdhLXN1cGVyaW9yLVdBMjRSNzQ1MEFXL0FYLzEwODU0MDUyNjQ5MDk2MDg=;SEM;2021-10-09;2021-04-18;;909608;;;;LIVERPOOL;MX;2021-10-09 04:29;SAMSUNG;Lavadora Samsung 24 kg automática carga superior WA24R7450AW/AX;https://www.liverpool.com.mx/tienda/pdp/Lavadora-Samsung-24-kg-autom%C3%A1tica-carga-superior-WA24R7450AW/AX/1085405264;WM;4;https://www.liverpool.com.mx/
1119;aHR0cHM6Ly93d3cubGl2ZXJwb29sLmNvbS5teC90aWVuZGEvcGRwL0xhdmFkb3JhLVNhbXN1bmctMjQta2ctYXV0b20lQzMlQTF0aWNhLWNhcmdhLXN1cGVyaW9yLVdBMjRSNzQ1MEFXL0FYLzEwODU0MDUyNjQ4NDY2ODk=;SEM;2021-10-09;2021-03-14;;846689;;;;LIVERPOOL;MX;2021-10-09 04:29;SAMSUNG;Lavadora Samsung 24 kg automática carga superior WA24R7450AW/AX;https://www.liverpool.com.mx/tienda/pdp/Lavadora-Samsung-24-kg-autom%C3%A1tica-carga-superior-WA24R7450AW/AX/1085405264;WM;4;https://www.liverpool.com.mx/
1120;aHR0cHM6Ly93d3cubGl2ZXJwb29sLmNvbS5teC90aWVuZGEvcGRwL0xhdmFkb3JhLVNhbXN1bmctMjQta2ctYXV0b20lQzMlQTF0aWNhLWNhcmdhLXN1cGVyaW9yLVdBMjRSNzQ1MEFXL0FYLzEwODU0MDUyNjQ5NDU0MDU=;SEM;2021-10-09;2021-05-06;;945405;;;;LIVERPOOL;MX;2021-10-09 04:29;SAMSUNG;Lavadora Samsung 24 kg automática carga superior WA24R7450AW/AX;https://www.liverpool.com.mx/tienda/pdp/Lavadora-Samsung-24-kg-autom%C3%A1tica-carga-superior-WA24R7450AW/AX/1085405264;WM;4;https://www.liverpool.com.mx/
1121;aHR0cHM6Ly93d3cubGl2ZXJwb29sLmNvbS5teC90aWVuZGEvcGRwL0xhdmFkb3JhLVNhbXN1bmctMjQta2ctYXV0b20lQzMlQTF0aWNhLWNhcmdhLXN1cGVyaW9yLVdBMjRSNzQ1MEFXL0FYLzEwODU0MDUyNjQzMTg2ODg=;SEM;2021-10-09;2020-06-21;;318688;;;;LIVERPOOL;MX;2021-10-09 04:29;SAMSUNG;Lavadora Samsung 24 kg automática carga superior WA24R7450AW/AX;https://www.liverpool.com.mx/tienda/pdp/Lavadora-Samsung-24-kg-autom%C3%A1tica-carga-superior-WA24R7450AW/AX/1085405264;WM;3;https://www.liverpool.com.mx/
1122;aHR0cHM6Ly93d3cubGl2ZXJwb29sLmNvbS5teC90aWVuZGEvcGRwL0xhdmFkb3JhLVNhbXN1bmctMjQta2ctYXV0b20lQzMlQTF0aWNhLWNhcmdhLXN1cGVyaW9yLVdBMjRSNzQ1MEFXL0FYLzEwODU0MDUyNjQ4NjkzMTI=;SEM;2021-10-09;2021-03-26;;869312;;;;LIVERPOOL;MX;2021-10-09 04:29;SAMSUNG;Lavadora Samsung 24 kg automática carga superior WA24R7450AW/AX;https://www.liverpool.com.mx/tienda/pdp/Lavadora-Samsung-24-kg-autom%C3%A1tica-carga-superior-WA24R7450AW/AX/1085405264;WM;5;https://www.liverpool.com.mx/
1123;aHR0cHM6Ly93d3cubGl2ZXJwb29sLmNvbS5teC90aWVuZGEvcGRwL0xhdmFkb3JhLVNhbXN1bmctMjQta2ctYXV0b20lQzMlQTF0aWNhLWNhcmdhLXN1cGVyaW9yLVdBMjRSNzQ1MEFXL0FYLzEwODU0MDUyNjQzMjY4Njk=;SEM;2021-10-09;2020-06-24;;326869;;;;LIVERPOOL;MX;2021-10-09 04:29;SAMSUNG;Lavadora Samsung 24 kg automática carga superior WA24R7450AW/AX;https://www.liverpool.com.mx/tienda/pdp/Lavadora-Samsung-24-kg-autom%C3%A1tica-carga-superior-WA24R7450AW/AX/1085405264;WM;4;https://www.liverpool.com.mx/
1124;aHR0cHM6Ly93d3cubGl2ZXJwb29sLmNvbS5teC90aWVuZGEvcGRwL0xhdmFkb3JhLVNhbXN1bmctMjQta2ctYXV0b20lQzMlQTF0aWNhLWNhcmdhLXN1cGVyaW9yLVdBMjRSNzQ1MEFXL0FYLzEwODU0MDUyNjQ5MDE2Ng==;SEM;2021-10-09;2019-08-12;;90166;;;;LIVERPOOL;MX;2021-10-09 04:29;SAMSUNG;Lavadora Samsung 24 kg automática carga superior WA24R7450AW/AX;https://www.liverpool.com.mx/tienda/pdp/Lavadora-Samsung-24-kg-autom%C3%A1tica-carga-superior-WA24R7450AW/AX/1085405264;WM;5;https://www.liverpool.com.mx/
1125;aHR0cHM6Ly93d3cubGl2ZXJwb29sLmNvbS5teC90aWVuZGEvcGRwL0xhdmFkb3JhLVNhbXN1bmctMTkta2ctYmxhbmNhLVdBMTlUNjI2MEJXL0FYLzEwOTUyNDUyMzEzNDAyNzE=;SEM;2021-10-09;2020-06-26;;340271;;;;LIVERPOOL;MX;2021-10-09 04:30;SAMSUNG;Lavadora Samsung 19 kg blanca WA19T6260BW/AX;https://www.liverpool.com.mx/tienda/pdp/Lavadora-Samsung-19-kg-blanca-WA19T6260BW/AX/1095245231;WM;5;https://www.liverpool.com.mx/
1126;aHR0cHM6Ly93d3cubGl2ZXJwb29sLmNvbS5teC90aWVuZGEvcGRwL0xhdmFkb3JhLVNhbXN1bmctMTkta2ctYmxhbmNhLVdBMTlUNjI2MEJXL0FYLzEwOTUyNDUyMzE2NTM2MDk=;SEM;2021-10-09;2020-11-20;;653609;;;;LIVERPOOL;MX;2021-10-09 04:30;SAMSUNG;Lavadora Samsung 19 kg blanca WA19T6260BW/AX;https://www.liverpool.com.mx/tienda/pdp/Lavadora-Samsung-19-kg-blanca-WA19T6260BW/AX/1095245231;WM;5;https://www.liverpool.com.mx/
1127;aHR0cHM6Ly93d3cubGl2ZXJwb29sLmNvbS5teC90aWVuZGEvcGRwL0xhdmFkb3JhLVNhbXN1bmctMTkta2ctYmxhbmNhLVdBMTlUNjI2MEJXL0FYLzEwOTUyNDUyMzEzNDk4Mzk=;SEM;2021-10-09;2020-06-29;;349839;;;;LIVERPOOL;MX;2021-10-09 04:30;SAMSUNG;Lavadora Samsung 19 kg blanca WA19T6260BW/AX;https://www.liverpool.com.mx/tienda/pdp/Lavadora-Samsung-19-kg-blanca-WA19T6260BW/AX/1095245231;WM;5;https://www.liverpool.com.mx/
1128;aHR0cHM6Ly93d3cubGl2ZXJwb29sLmNvbS5teC90aWVuZGEvcGRwL0xhdmFkb3JhLVNhbXN1bmctMTkta2ctYmxhbmNhLVdBMTlUNjI2MEJXL0FYLzEwOTUyNDUyMzE3NjY4MTk=;SEM;2021-10-09;2021-02-07;;766819;;;;LIVERPOOL;MX;2021-10-09 04:30;SAMSUNG;Lavadora Samsung 19 kg blanca WA19T6260BW/AX;https://www.liverpool.com.mx/tienda/pdp/Lavadora-Samsung-19-kg-blanca-WA19T6260BW/AX/1095245231;WM;5;https://www.liverpool.com.mx/
1129;aHR0cHM6Ly93d3cubGl2ZXJwb29sLmNvbS5teC90aWVuZGEvcGRwL0xhdmFkb3JhLVNhbXN1bmctMTkta2ctYmxhbmNhLVdBMTlUNjI2MEJXL0FYLzEwOTUyNDUyMzE4NjUxNTg=;SEM;2021-10-09;2021-03-23;;865158;;;;LIVERPOOL;MX;2021-10-09 04:30;SAMSUNG;Lavadora Samsung 19 kg blanca WA19T6260BW/AX;https://www.liverpool.com.mx/tienda/pdp/Lavadora-Samsung-19-kg-blanca-WA19T6260BW/AX/1095245231;WM;5;https://www.liverpool.com.mx/
1130;aHR0cHM6Ly93d3cubGl2ZXJwb29sLmNvbS5teC90aWVuZGEvcGRwL0xhdmFkb3JhLVNhbXN1bmctMTkta2ctYmxhbmNhLVdBMTlUNjI2MEJXL0FYLzEwOTUyNDUyMzE4Njg1ODA=;SEM;2021-10-09;2021-03-25;;868580;;;;LIVERPOOL;MX;2021-10-09 04:30;SAMSUNG;Lavadora Samsung 19 kg blanca WA19T6260BW/AX;https://www.liverpool.com.mx/tienda/pdp/Lavadora-Samsung-19-kg-blanca-WA19T6260BW/AX/1095245231;WM;5;https://www.liverpool.com.mx/
1131;aHR0cHM6Ly93d3cubGl2ZXJwb29sLmNvbS5teC90aWVuZGEvcGRwL0xhdmFkb3JhLVNhbXN1bmctMTkta2ctYmxhbmNhLVdBMTlUNjI2MEJXL0FYLzEwOTUyNDUyMzExMjAzNTE0;SEM;2021-10-09;2021-08-12;;1203514;;;;LIVERPOOL;MX;2021-10-09 04:30;SAMSUNG;Lavadora Samsung 19 kg blanca WA19T6260BW/AX;https://www.liverpool.com.mx/tienda/pdp/Lavadora-Samsung-19-kg-blanca-WA19T6260BW/AX/1095245231;WM;5;https://www.liverpool.com.mx/
1132;aHR0cHM6Ly93d3cubGl2ZXJwb29sLmNvbS5teC90aWVuZGEvcGRwL0xhdmFkb3JhLVNhbXN1bmctMTkta2ctYmxhbmNhLVdBMTlUNjI2MEJXL0FYLzEwOTUyNDUyMzExMTI4NTQ3;SEM;2021-10-09;2021-07-07;;1128547;;;;LIVERPOOL;MX;2021-10-09 04:30;SAMSUNG;Lavadora Samsung 19 kg blanca WA19T6260BW/AX;https://www.liverpool.com.mx/tienda/pdp/Lavadora-Samsung-19-kg-blanca-WA19T6260BW/AX/1095245231;WM;5;https://www.liverpool.com.mx/
1133;aHR0cHM6Ly93d3cubGl2ZXJwb29sLmNvbS5teC90aWVuZGEvcGRwL0xhdmFkb3JhLVNhbXN1bmctMTkta2ctYmxhbmNhLVdBMTlUNjI2MEJXL0FYLzEwOTUyNDUyMzExMjI5NzYz;SEM;2021-10-09;2021-08-26;;1229763;;;;LIVERPOOL;MX;2021-10-09 04:30;SAMSUNG;Lavadora Samsung 19 kg blanca WA19T6260BW/AX;https://www.liverpool.com.mx/tienda/pdp/Lavadora-Samsung-19-kg-blanca-WA19T6260BW/AX/1095245231;WM;5;https://www.liverpool.com.mx/
1134;aHR0cHM6Ly93d3cubGl2ZXJwb29sLmNvbS5teC90aWVuZGEvcGRwL0xhdmFkb3JhLVNhbXN1bmctMTkta2ctYmxhbmNhLVdBMTlUNjI2MEJXL0FYLzEwOTUyNDUyMzExMjQ5MjQ3;SEM;2021-10-09;2021-09-05;;1249247;;;;LIVERPOOL;MX;2021-10-09 04:30;SAMSUNG;Lavadora Samsung 19 kg blanca WA19T6260BW/AX;https://www.liverpool.com.mx/tienda/pdp/Lavadora-Samsung-19-kg-blanca-WA19T6260BW/AX/1095245231;WM;4;https://www.liverpool.com.mx/
1135;aHR0cHM6Ly93d3cubGl2ZXJwb29sLmNvbS5teC90aWVuZGEvcGRwL0xhdmFkb3JhLVNhbXN1bmctMTkta2ctYmxhbmNhLVdBMTlUNjI2MEJXL0FYLzEwOTUyNDUyMzExMTI5NDUw;SEM;2021-10-09;2021-07-08;;1129450;;;;LIVERPOOL;MX;2021-10-09 04:30;SAMSUNG;Lavadora Samsung 19 kg blanca WA19T6260BW/AX;https://www.liverpool.com.mx/tienda/pdp/Lavadora-Samsung-19-kg-blanca-WA19T6260BW/AX/1095245231;WM;4;https://www.liverpool.com.mx/
1136;aHR0cHM6Ly93d3cubGl2ZXJwb29sLmNvbS5teC90aWVuZGEvcGRwL0xhdmFkb3JhLVNhbXN1bmctMTkta2ctYmxhbmNhLVdBMTlUNjI2MEJXL0FYLzEwOTUyNDUyMzE3NDk5MjE=;SEM;2021-10-09;2021-01-28;;749921;;;;LIVERPOOL;MX;2021-10-09 04:30;SAMSUNG;Lavadora Samsung 19 kg blanca WA19T6260BW/AX;https://www.liverpool.com.mx/tienda/pdp/Lavadora-Samsung-19-kg-blanca-WA19T6260BW/AX/1095245231;WM;5;https://www.liverpool.com.mx/
1137;aHR0cHM6Ly93d3cubGl2ZXJwb29sLmNvbS5teC90aWVuZGEvcGRwL0xhdmFkb3JhLVNhbXN1bmctMTkta2ctYmxhbmNhLVdBMTlUNjI2MEJXL0FYLzEwOTUyNDUyMzE5NzkxNzQ=;SEM;2021-10-09;2021-05-16;;979174;;;;LIVERPOOL;MX;2021-10-09 04:30;SAMSUNG;Lavadora Samsung 19 kg blanca WA19T6260BW/AX;https://www.liverpool.com.mx/tienda/pdp/Lavadora-Samsung-19-kg-blanca-WA19T6260BW/AX/1095245231;WM;5;https://www.liverpool.com.mx/
1138;aHR0cHM6Ly93d3cubGl2ZXJwb29sLmNvbS5teC90aWVuZGEvcGRwL0xhdmFkb3JhLVNhbXN1bmctMTkta2ctYmxhbmNhLVdBMTlUNjI2MEJXL0FYLzEwOTUyNDUyMzE5MDM5Mzg=;SEM;2021-10-09;2021-04-14;;903938;;;;LIVERPOOL;MX;2021-10-09 04:30;SAMSUNG;Lavadora Samsung 19 kg blanca WA19T6260BW/AX;https://www.liverpool.com.mx/tienda/pdp/Lavadora-Samsung-19-kg-blanca-WA19T6260BW/AX/1095245231;WM;5;https://www.liverpool.com.mx/
1139;aHR0cHM6Ly93d3cubGl2ZXJwb29sLmNvbS5teC90aWVuZGEvcGRwL0xhdmFkb3JhLVNhbXN1bmctMTkta2ctYmxhbmNhLVdBMTlUNjI2MEJXL0FYLzEwOTUyNDUyMzE5NzI0NDI=;SEM;2021-10-09;2021-05-15;;972442;;;;LIVERPOOL;MX;2021-10-09 04:30;SAMSUNG;Lavadora Samsung 19 kg blanca WA19T6260BW/AX;https://www.liverpool.com.mx/tienda/pdp/Lavadora-Samsung-19-kg-blanca-WA19T6260BW/AX/1095245231;WM;4;https://www.liverpool.com.mx/
1140;aHR0cHM6Ly93d3cubGl2ZXJwb29sLmNvbS5teC90aWVuZGEvcGRwL0xhdmFkb3JhLVNhbXN1bmctMTkta2ctYmxhbmNhLVdBMTlUNjI2MEJXL0FYLzEwOTUyNDUyMzE5ODI0NzA=;SEM;2021-10-09;2021-05-17;;982470;;;;LIVERPOOL;MX;2021-10-09 04:30;SAMSUNG;Lavadora Samsung 19 kg blanca WA19T6260BW/AX;https://www.liverpool.com.mx/tienda/pdp/Lavadora-Samsung-19-kg-blanca-WA19T6260BW/AX/1095245231;WM;4;https://www.liverpool.com.mx/
1141;aHR0cHM6Ly93d3cubGl2ZXJwb29sLmNvbS5teC90aWVuZGEvcGRwL0xhdmFkb3JhLVNhbXN1bmctMTcta2ctZ3Jpcy1XYTE3dDYyNjBieS9heC8xMDk3NzkzMDgxNjg2ODAz;SEM;2021-10-09;2020-12-25;;686803;;;;LIVERPOOL;MX;2021-10-09 04:33;SAMSUNG;Lavadora Samsung 17 kg gris Wa17t6260by/ax;https://www.liverpool.com.mx/tienda/pdp/Lavadora-Samsung-17-kg-gris-Wa17t6260by/ax/1097793081;WM;5;https://www.liverpool.com.mx/
1142;aHR0cHM6Ly93d3cubGl2ZXJwb29sLmNvbS5teC90aWVuZGEvcGRwL0xhdmFkb3JhLVNhbXN1bmctMTcta2ctZ3Jpcy1XYTE3dDYyNjBieS9heC8xMDk3NzkzMDgxMTE5ODE4Mg==;SEM;2021-10-09;2021-08-09;;1198182;;;;LIVERPOOL;MX;2021-10-09 04:33;SAMSUNG;Lavadora Samsung 17 kg gris Wa17t6260by/ax;https://www.liverpool.com.mx/tienda/pdp/Lavadora-Samsung-17-kg-gris-Wa17t6260by/ax/1097793081;WM;5;https://www.liverpool.com.mx/
1143;aHR0cHM6Ly93d3cubGl2ZXJwb29sLmNvbS5teC90aWVuZGEvcGRwL0xhdmFkb3JhLVNhbXN1bmctMTcta2ctZ3Jpcy1XYTE3dDYyNjBieS9heC8xMDk3NzkzMDgxMTMwNjY5Nw==;SEM;2021-10-09;2021-10-06;;1306697;;;;LIVERPOOL;MX;2021-10-09 04:33;SAMSUNG;Lavadora Samsung 17 kg gris Wa17t6260by/ax;https://www.liverpool.com.mx/tienda/pdp/Lavadora-Samsung-17-kg-gris-Wa17t6260by/ax/1097793081;WM;5;https://www.liverpool.com.mx/
1144;aHR0cHM6Ly93d3cubGl2ZXJwb29sLmNvbS5teC90aWVuZGEvcGRwL0xhdmFkb3JhLVNhbXN1bmctMTcta2ctZ3Jpcy1XYTE3dDYyNjBieS9heC8xMDk3NzkzMDgxMTA1ODY1Mg==;SEM;2021-10-09;2021-06-12;;1058652;;;;LIVERPOOL;MX;2021-10-09 04:33;SAMSUNG;Lavadora Samsung 17 kg gris Wa17t6260by/ax;https://www.liverpool.com.mx/tienda/pdp/Lavadora-Samsung-17-kg-gris-Wa17t6260by/ax/1097793081;WM;5;https://www.liverpool.com.mx/
1145;aHR0cHM6Ly93d3cubGl2ZXJwb29sLmNvbS5teC90aWVuZGEvcGRwL0xhdmFkb3JhLVNhbXN1bmctMTcta2ctZ3Jpcy1XYTE3dDYyNjBieS9heC8xMDk3NzkzMDgxMTI5NTQ3NA==;SEM;2021-10-09;2021-10-02;;1295474;;;;LIVERPOOL;MX;2021-10-09 04:33;SAMSUNG;Lavadora Samsung 17 kg gris Wa17t6260by/ax;https://www.liverpool.com.mx/tienda/pdp/Lavadora-Samsung-17-kg-gris-Wa17t6260by/ax/1097793081;WM;5;https://www.liverpool.com.mx/
1146;aHR0cHM6Ly93d3cubGl2ZXJwb29sLmNvbS5teC90aWVuZGEvcGRwL0xhdmFkb3JhLVNhbXN1bmctMTcta2ctZ3Jpcy1XYTE3dDYyNjBieS9heC8xMDk3NzkzMDgxMTExMTc0Nw==;SEM;2021-10-09;2021-06-30;;1111747;;;;LIVERPOOL;MX;2021-10-09 04:33;SAMSUNG;Lavadora Samsung 17 kg gris Wa17t6260by/ax;https://www.liverpool.com.mx/tienda/pdp/Lavadora-Samsung-17-kg-gris-Wa17t6260by/ax/1097793081;WM;5;https://www.liverpool.com.mx/
1147;aHR0cHM6Ly93d3cubGl2ZXJwb29sLmNvbS5teC90aWVuZGEvcGRwL0xhdmFkb3JhLVNhbXN1bmctMTcta2ctZ3Jpcy1XYTE3dDYyNjBieS9heC8xMDk3NzkzMDgxMTE2MTg1Mw==;SEM;2021-10-09;2021-07-24;;1161853;;;;LIVERPOOL;MX;2021-10-09 04:33;SAMSUNG;Lavadora Samsung 17 kg gris Wa17t6260by/ax;https://www.liverpool.com.mx/tienda/pdp/Lavadora-Samsung-17-kg-gris-Wa17t6260by/ax/1097793081;WM;4;https://www.liverpool.com.mx/
1148;aHR0cHM6Ly93d3cubGl2ZXJwb29sLmNvbS5teC90aWVuZGEvcGRwL0xhdmFkb3JhLVNhbXN1bmctMTcta2ctZ3Jpcy1XYTE3dDYyNjBieS9heC8xMDk3NzkzMDgxMTMwMTUwNw==;SEM;2021-10-09;2021-10-04;;1301507;;;;LIVERPOOL;MX;2021-10-09 04:33;SAMSUNG;Lavadora Samsung 17 kg gris Wa17t6260by/ax;https://www.liverpool.com.mx/tienda/pdp/Lavadora-Samsung-17-kg-gris-Wa17t6260by/ax/1097793081;WM;5;https://www.liverpool.com.mx/
1149;aHR0cHM6Ly93d3cubGl2ZXJwb29sLmNvbS5teC90aWVuZGEvcGRwL0xhdmFkb3JhLVNhbXN1bmctMTcta2ctZ3Jpcy1XYTE3dDYyNjBieS9heC8xMDk3NzkzMDgxNzA4OTc3;SEM;2021-10-09;2021-01-03;;708977;;;;LIVERPOOL;MX;2021-10-09 04:33;SAMSUNG;Lavadora Samsung 17 kg gris Wa17t6260by/ax;https://www.liverpool.com.mx/tienda/pdp/Lavadora-Samsung-17-kg-gris-Wa17t6260by/ax/1097793081;WM;5;https://www.liverpool.com.mx/
1150;aHR0cHM6Ly93d3cubGl2ZXJwb29sLmNvbS5teC90aWVuZGEvcGRwL0xhdmFkb3JhLVNhbXN1bmctMTcta2ctZ3Jpcy1XYTE3dDYyNjBieS9heC8xMDk3NzkzMDgxOTk5MDQ2;SEM;2021-10-09;2021-05-24;;999046;;;;LIVERPOOL;MX;2021-10-09 04:33;SAMSUNG;Lavadora Samsung 17 kg gris Wa17t6260by/ax;https://www.liverpool.com.mx/tienda/pdp/Lavadora-Samsung-17-kg-gris-Wa17t6260by/ax/1097793081;WM;4;https://www.liverpool.com.mx/
1151;aHR0cHM6Ly93d3cubGl2ZXJwb29sLmNvbS5teC90aWVuZGEvcGRwL0xhdmFkb3JhLVNhbXN1bmctMTcta2ctZ3Jpcy1XYTE3dDYyNjBieS9heC8xMDk3NzkzMDgxOTQ0MDkx;SEM;2021-10-09;2021-05-06;;944091;;;;LIVERPOOL;MX;2021-10-09 04:33;SAMSUNG;Lavadora Samsung 17 kg gris Wa17t6260by/ax;https://www.liverpool.com.mx/tienda/pdp/Lavadora-Samsung-17-kg-gris-Wa17t6260by/ax/1097793081;WM;5;https://www.liverpool.com.mx/
1152;aHR0cHM6Ly93d3cubGl2ZXJwb29sLmNvbS5teC90aWVuZGEvcGRwL0xhdmFkb3JhLVNhbXN1bmctMTcta2ctZ3Jpcy1XYTE3dDYyNjBieS9heC8xMDk3NzkzMDgxOTYzNjY3;SEM;2021-10-09;2021-05-12;;963667;;;;LIVERPOOL;MX;2021-10-09 04:33;SAMSUNG;Lavadora Samsung 17 kg gris Wa17t6260by/ax;https://www.liverpool.com.mx/tienda/pdp/Lavadora-Samsung-17-kg-gris-Wa17t6260by/ax/1097793081;WM;5;https://www.liverpool.com.mx/
1153;aHR0cHM6Ly93d3cubGl2ZXJwb29sLmNvbS5teC90aWVuZGEvcGRwL0NvbWJvLUxhdmFkb3JhLSstU2VjYWRvcmEtU2Ftc3VuZy1jYXJnYS1mcm9udGFsLWJsYW5jby1GLVdEMjBUNjAwMFdDUC8xMTAwMTU2ODYxNzU1MjUy;SEM;2021-10-09;2021-01-30;;755252;;;;LIVERPOOL;MX;2021-10-09 04:36;SAMSUNG;Combo Lavadora + Secadora Samsung carga frontal blanco F-WD20T6000WCP;https://www.liverpool.com.mx/tienda/pdp/Combo-Lavadora-+-Secadora-Samsung-carga-frontal-blanco-F-WD20T6000WCP/1100156861;WM;5;https://www.liverpool.com.mx/
1154;aHR0cHM6Ly93d3cubGl2ZXJwb29sLmNvbS5teC90aWVuZGEvcGRwL0xhdmFkb3JhLVNhbXN1bmctMjEta2ctYXV0b20lQzMlQTF0aWNhLWNhcmdhLXN1cGVyaW9yLVdBMjFBMzM0MUdXL0FYLzExMDY1OTI3MzYxMjYxNDAx;SEM;2021-10-09;2021-09-12;;1261401;;;;LIVERPOOL;MX;2021-10-09 04:41;SAMSUNG;Lavadora Samsung 21 kg automática carga superior WA21A3341GW/AX;https://www.liverpool.com.mx/tienda/pdp/Lavadora-Samsung-21-kg-autom%C3%A1tica-carga-superior-WA21A3341GW/AX/1106592736;WM;5;https://www.liverpool.com.mx/
1155;aHR0cHM6Ly93d3cubGl2ZXJwb29sLmNvbS5teC90aWVuZGEvcGRwL0xhdmFkb3JhLVNhbXN1bmctMjEta2ctYXV0b20lQzMlQTF0aWNhLWNhcmdhLXN1cGVyaW9yLVdBMjFBMzM0MUdXL0FYLzExMDY1OTI3MzYxMjkxMDc3;SEM;2021-10-09;2021-09-29;;1291077;;;;LIVERPOOL;MX;2021-10-09 04:41;SAMSUNG;Lavadora Samsung 21 kg automática carga superior WA21A3341GW/AX;https://www.liverpool.com.mx/tienda/pdp/Lavadora-Samsung-21-kg-autom%C3%A1tica-carga-superior-WA21A3341GW/AX/1106592736;WM;5;https://www.liverpool.com.mx/
1156;aHR0cHM6Ly93d3cubGl2ZXJwb29sLmNvbS5teC90aWVuZGEvcGRwL0xhdmFkb3JhLVNhbXN1bmctMjEta2ctYXV0b20lQzMlQTF0aWNhLWNhcmdhLXN1cGVyaW9yLVdBMjFBMzM0MUdXL0FYLzExMDY1OTI3MzYxMzA1NzQ3;SEM;2021-10-09;2021-10-06;;1305747;;;;LIVERPOOL;MX;2021-10-09 04:41;SAMSUNG;Lavadora Samsung 21 kg automática carga superior WA21A3341GW/AX;https://www.liverpool.com.mx/tienda/pdp/Lavadora-Samsung-21-kg-autom%C3%A1tica-carga-superior-WA21A3341GW/AX/1106592736;WM;5;https://www.liverpool.com.mx/
1157;aHR0cHM6Ly93d3cubGl2ZXJwb29sLmNvbS5teC90aWVuZGEvcGRwL0xhdmFkb3JhLVNhbXN1bmctMjIta2ctbmVncmEtRi1XRjIyUjYyNzBWQ1AvMTA5OTk2NTg4MjczNTc5Nw==;SEM;2021-10-09;2021-01-19;;735797;;;;LIVERPOOL;MX;2021-10-09 04:47;SAMSUNG;Lavadora Samsung 22 kg negra F-WF22R6270VCP;https://www.liverpool.com.mx/tienda/pdp/Lavadora-Samsung-22-kg-negra-F-WF22R6270VCP/1099965882;WM;4;https://www.liverpool.com.mx/
1158;aHR0cHM6Ly93d3cubGl2ZXJwb29sLmNvbS5teC90aWVuZGEvcGRwL0xhdmFkb3JhLVNhbXN1bmctMjIta2ctbmVncmEtRi1XRjIyUjYyNzBWQ1AvMTA5OTk2NTg4MjY0Njc3Mw==;SEM;2021-10-09;2020-11-12;;646773;;;;LIVERPOOL;MX;2021-10-09 04:47;SAMSUNG;Lavadora Samsung 22 kg negra F-WF22R6270VCP;https://www.liverpool.com.mx/tienda/pdp/Lavadora-Samsung-22-kg-negra-F-WF22R6270VCP/1099965882;WM;5;https://www.liverpool.com.mx/
1159;aHR0cHM6Ly93d3cubGl2ZXJwb29sLmNvbS5teC90aWVuZGEvcGRwL1JlZnJpZ2VyYWRvci1HRS1Qcm9maWxlLTI0LXBpZXMtYyVDMyVCQWJpY29zLU5vLUZyb3N0LVBOTTI1RlNLQ1NTLzEwNDY3MTk3MDczOTE4NTg=;SEM;2021-10-09;2020-07-13;;391858;;;;LIVERPOOL;MX;2021-10-09 03:43;GE;Refrigerador GE Profile 24 pies cúbicos No Frost PNM25FSKCSS;https://www.liverpool.com.mx/tienda/pdp/Refrigerador-GE-Profile-24-pies-c%C3%BAbicos-No-Frost-PNM25FSKCSS/1046719707;WM;5;https://www.liverpool.com.mx/
1160;aHR0cHM6Ly93d3cubGl2ZXJwb29sLmNvbS5teC90aWVuZGEvcGRwL1JlZnJpZ2VyYWRvci1HRS1Qcm9maWxlLTI0LXBpZXMtYyVDMyVCQWJpY29zLU5vLUZyb3N0LVBOTTI1RlNLQ1NTLzEwNDY3MTk3MDc0NzI0OTY=;SEM;2021-10-09;2020-08-04;;472496;;;;LIVERPOOL;MX;2021-10-09 03:43;GE;Refrigerador GE Profile 24 pies cúbicos No Frost PNM25FSKCSS;https://www.liverpool.com.mx/tienda/pdp/Refrigerador-GE-Profile-24-pies-c%C3%BAbicos-No-Frost-PNM25FSKCSS/1046719707;WM;5;https://www.liverpool.com.mx/
1161;aHR0cHM6Ly93d3cubGl2ZXJwb29sLmNvbS5teC90aWVuZGEvcGRwL2xhdmFkb3JhLW1hYmUtMjAta2ctZ3Jpcy1vYnNjdXJvLWxtYTcwMjAwd2RhYjEvMTA5NjIwMzk1NzEzMDkxMjY=;SEM;2021-10-09;2021-10-07;;1309126;;;;LIVERPOOL;MX;2021-10-09 04:12;MABE;Lavadora Mabe 20 kg gris obscuro LMA70200WDAB1;https://www.liverpool.com.mx/tienda/pdp/lavadora-mabe-20-kg-gris-obscuro-lma70200wdab1/1096203957;WM;5;https://www.liverpool.com.mx/
1162;aHR0cHM6Ly93d3cubGl2ZXJwb29sLmNvbS5teC90aWVuZGEvcGRwL2xhdmFkb3JhLWxnLTE5LWtnLXJvamEtd3QxOXJzYi8xMDkxMTYyOTI2MjA4OTAy;SEM;2021-10-09;2020-04-05;;208902;;;;LIVERPOOL;MX;2021-10-09 04:13;LG;Lavadora LG 19 kg roja WT19RSB;https://www.liverpool.com.mx/tienda/pdp/lavadora-lg-19-kg-roja-wt19rsb/1091162926;WM;1;https://www.liverpool.com.mx/
1163;aHR0cHM6Ly93d3cubGl2ZXJwb29sLmNvbS5teC90aWVuZGEvcGRwL2xhdmFkb3JhLWxnLTE5LWtnLXJvamEtd3QxOXJzYi8xMDkxMTYyOTI2MTkwNjc4;SEM;2021-10-09;2020-02-24;;190678;;;;LIVERPOOL;MX;2021-10-09 04:13;LG;Lavadora LG 19 kg roja WT19RSB;https://www.liverpool.com.mx/tienda/pdp/lavadora-lg-19-kg-roja-wt19rsb/1091162926;WM;5;https://www.liverpool.com.mx/
1164;aHR0cHM6Ly93d3cubGl2ZXJwb29sLmNvbS5teC90aWVuZGEvcGRwL2xhdmFkb3JhLWxnLTE5LWtnLXJvamEtd3QxOXJzYi8xMDkxMTYyOTI2MjU5MTI5;SEM;2021-10-09;2020-05-21;;259129;;;;LIVERPOOL;MX;2021-10-09 04:13;LG;Lavadora LG 19 kg roja WT19RSB;https://www.liverpool.com.mx/tienda/pdp/lavadora-lg-19-kg-roja-wt19rsb/1091162926;WM;5;https://www.liverpool.com.mx/
1165;aHR0cHM6Ly93d3cubGl2ZXJwb29sLmNvbS5teC90aWVuZGEvcGRwL2xhdmFkb3JhLWxnLTE5LWtnLXJvamEtd3QxOXJzYi8xMDkxMTYyOTI2NDc5Njk1;SEM;2021-10-09;2020-08-05;;479695;;;;LIVERPOOL;MX;2021-10-09 04:13;LG;Lavadora LG 19 kg roja WT19RSB;https://www.liverpool.com.mx/tienda/pdp/lavadora-lg-19-kg-roja-wt19rsb/1091162926;WM;5;https://www.liverpool.com.mx/
1166;aHR0cHM6Ly93d3cubGl2ZXJwb29sLmNvbS5teC90aWVuZGEvcGRwL2xhdmFkb3JhLWxnLTE5LWtnLXJvamEtd3QxOXJzYi8xMDkxMTYyOTI2NDExMjAy;SEM;2021-10-09;2020-07-20;;411202;;;;LIVERPOOL;MX;2021-10-09 04:13;LG;Lavadora LG 19 kg roja WT19RSB;https://www.liverpool.com.mx/tienda/pdp/lavadora-lg-19-kg-roja-wt19rsb/1091162926;WM;1;https://www.liverpool.com.mx/
1167;aHR0cHM6Ly93d3cubGl2ZXJwb29sLmNvbS5teC90aWVuZGEvcGRwL2xhdmFkb3JhLWxnLTE5LWtnLXJvamEtd3QxOXJzYi8xMDkxMTYyOTI2MjU5NTM1;SEM;2021-10-09;2020-05-21;;259535;;;;LIVERPOOL;MX;2021-10-09 04:13;LG;Lavadora LG 19 kg roja WT19RSB;https://www.liverpool.com.mx/tienda/pdp/lavadora-lg-19-kg-roja-wt19rsb/1091162926;WM;5;https://www.liverpool.com.mx/
1168;aHR0cHM6Ly93d3cubGl2ZXJwb29sLmNvbS5teC90aWVuZGEvcGRwL2xhdmFkb3JhLWxnLTE5LWtnLXJvamEtd3QxOXJzYi8xMDkxMTYyOTI2MjUwMDc1;SEM;2021-10-09;2020-05-13;;250075;;;;LIVERPOOL;MX;2021-10-09 04:13;LG;Lavadora LG 19 kg roja WT19RSB;https://www.liverpool.com.mx/tienda/pdp/lavadora-lg-19-kg-roja-wt19rsb/1091162926;WM;4;https://www.liverpool.com.mx/
1169;aHR0cHM6Ly93d3cubGl2ZXJwb29sLmNvbS5teC90aWVuZGEvcGRwL2xhdmFkb3JhLWxnLTE5LWtnLXJvamEtd3QxOXJzYi8xMDkxMTYyOTI2MjU5MTMx;SEM;2021-10-09;2020-05-21;;259131;;;;LIVERPOOL;MX;2021-10-09 04:13;LG;Lavadora LG 19 kg roja WT19RSB;https://www.liverpool.com.mx/tienda/pdp/lavadora-lg-19-kg-roja-wt19rsb/1091162926;WM;5;https://www.liverpool.com.mx/
1170;aHR0cHM6Ly93d3cubGl2ZXJwb29sLmNvbS5teC90aWVuZGEvcGRwL2xhdmFkb3JhLWxnLTE5LWtnLXJvamEtd3QxOXJzYi8xMDkxMTYyOTI2MjQyMDI4;SEM;2021-10-09;2020-05-07;;242028;;;;LIVERPOOL;MX;2021-10-09 04:13;LG;Lavadora LG 19 kg roja WT19RSB;https://www.liverpool.com.mx/tienda/pdp/lavadora-lg-19-kg-roja-wt19rsb/1091162926;WM;5;https://www.liverpool.com.mx/
1171;aHR0cHM6Ly93d3cubGl2ZXJwb29sLmNvbS5teC90aWVuZGEvcGRwL2xhdmFkb3JhLWxnLTE5LWtnLXJvamEtd3QxOXJzYi8xMDkxMTYyOTI2MjU5MTI4;SEM;2021-10-09;2020-05-21;;259128;;;;LIVERPOOL;MX;2021-10-09 04:13;LG;Lavadora LG 19 kg roja WT19RSB;https://www.liverpool.com.mx/tienda/pdp/lavadora-lg-19-kg-roja-wt19rsb/1091162926;WM;5;https://www.liverpool.com.mx/
1172;aHR0cHM6Ly93d3cubGl2ZXJwb29sLmNvbS5teC90aWVuZGEvcGRwL2xhdmFkb3JhLWxnLTE5LWtnLXJvamEtd3QxOXJzYi8xMDkxMTYyOTI2MjU5NDc2;SEM;2021-10-09;2020-05-21;;259476;;;;LIVERPOOL;MX;2021-10-09 04:13;LG;Lavadora LG 19 kg roja WT19RSB;https://www.liverpool.com.mx/tienda/pdp/lavadora-lg-19-kg-roja-wt19rsb/1091162926;WM;5;https://www.liverpool.com.mx/
1173;aHR0cHM6Ly93d3cubGl2ZXJwb29sLmNvbS5teC90aWVuZGEvcGRwL2xhdmFkb3JhLWxnLTE5LWtnLXJvamEtd3QxOXJzYi8xMDkxMTYyOTI2MzQyMzA2;SEM;2021-10-09;2020-06-27;;342306;;;;LIVERPOOL;MX;2021-10-09 04:13;LG;Lavadora LG 19 kg roja WT19RSB;https://www.liverpool.com.mx/tienda/pdp/lavadora-lg-19-kg-roja-wt19rsb/1091162926;WM;5;https://www.liverpool.com.mx/
1174;aHR0cHM6Ly93d3cubGl2ZXJwb29sLmNvbS5teC90aWVuZGEvcGRwL2xhdmFkb3JhLWxnLTE5LWtnLXJvamEtd3QxOXJzYi8xMDkxMTYyOTI2NTc2NTc3;SEM;2021-10-09;2020-09-02;;576577;;;;LIVERPOOL;MX;2021-10-09 04:13;LG;Lavadora LG 19 kg roja WT19RSB;https://www.liverpool.com.mx/tienda/pdp/lavadora-lg-19-kg-roja-wt19rsb/1091162926;WM;5;https://www.liverpool.com.mx/
1175;aHR0cHM6Ly93d3cubGl2ZXJwb29sLmNvbS5teC90aWVuZGEvcGRwL2xhdmFkb3JhLWxnLTE5LWtnLXJvamEtd3QxOXJzYi8xMDkxMTYyOTI2MjU5MTYx;SEM;2021-10-09;2020-05-21;;259161;;;;LIVERPOOL;MX;2021-10-09 04:13;LG;Lavadora LG 19 kg roja WT19RSB;https://www.liverpool.com.mx/tienda/pdp/lavadora-lg-19-kg-roja-wt19rsb/1091162926;WM;5;https://www.liverpool.com.mx/
1176;aHR0cHM6Ly93d3cubGl2ZXJwb29sLmNvbS5teC90aWVuZGEvcGRwL2xhdmFkb3JhLWxnLTE5LWtnLXJvamEtd3QxOXJzYi8xMDkxMTYyOTI2NDM1MDcy;SEM;2021-10-09;2020-07-28;;435072;;;;LIVERPOOL;MX;2021-10-09 04:13;LG;Lavadora LG 19 kg roja WT19RSB;https://www.liverpool.com.mx/tienda/pdp/lavadora-lg-19-kg-roja-wt19rsb/1091162926;WM;5;https://www.liverpool.com.mx/
1177;aHR0cHM6Ly93d3cubGl2ZXJwb29sLmNvbS5teC90aWVuZGEvcGRwL2xhdmFkb3JhLWxnLTE5LWtnLXJvamEtd3QxOXJzYi8xMDkxMTYyOTI2MjU5MzA2;SEM;2021-10-09;2020-05-21;;259306;;;;LIVERPOOL;MX;2021-10-09 04:13;LG;Lavadora LG 19 kg roja WT19RSB;https://www.liverpool.com.mx/tienda/pdp/lavadora-lg-19-kg-roja-wt19rsb/1091162926;WM;5;https://www.liverpool.com.mx/
1178;aHR0cHM6Ly93d3cubGl2ZXJwb29sLmNvbS5teC90aWVuZGEvcGRwL2xhdmFkb3JhLWxnLTE5LWtnLXJvamEtd3QxOXJzYi8xMDkxMTYyOTI2MjU5MzEy;SEM;2021-10-09;2020-05-21;;259312;;;;LIVERPOOL;MX;2021-10-09 04:13;LG;Lavadora LG 19 kg roja WT19RSB;https://www.liverpool.com.mx/tienda/pdp/lavadora-lg-19-kg-roja-wt19rsb/1091162926;WM;5;https://www.liverpool.com.mx/
1179;aHR0cHM6Ly93d3cubGl2ZXJwb29sLmNvbS5teC90aWVuZGEvcGRwL2xhdmFkb3JhLWxnLTE5LWtnLXJvamEtd3QxOXJzYi8xMDkxMTYyOTI2MjU5MTM0;SEM;2021-10-09;2020-05-21;;259134;;;;LIVERPOOL;MX;2021-10-09 04:13;LG;Lavadora LG 19 kg roja WT19RSB;https://www.liverpool.com.mx/tienda/pdp/lavadora-lg-19-kg-roja-wt19rsb/1091162926;WM;5;https://www.liverpool.com.mx/
1180;aHR0cHM6Ly93d3cubGl2ZXJwb29sLmNvbS5teC90aWVuZGEvcGRwL2xhdmFkb3JhLWxnLTE5LWtnLXJvamEtd3QxOXJzYi8xMDkxMTYyOTI2OTEyNDQ4;SEM;2021-10-09;2021-04-19;;912448;;;;LIVERPOOL;MX;2021-10-09 04:13;LG;Lavadora LG 19 kg roja WT19RSB;https://www.liverpool.com.mx/tienda/pdp/lavadora-lg-19-kg-roja-wt19rsb/1091162926;WM;5;https://www.liverpool.com.mx/
1181;aHR0cHM6Ly93d3cubGl2ZXJwb29sLmNvbS5teC90aWVuZGEvcGRwL2xhdmFkb3JhLWxnLTE5LWtnLXJvamEtd3QxOXJzYi8xMDkxMTYyOTI2MTAyNTM4Mg==;SEM;2021-10-09;2021-06-02;;1025382;;;;LIVERPOOL;MX;2021-10-09 04:13;LG;Lavadora LG 19 kg roja WT19RSB;https://www.liverpool.com.mx/tienda/pdp/lavadora-lg-19-kg-roja-wt19rsb/1091162926;WM;5;https://www.liverpool.com.mx/
1182;aHR0cHM6Ly93d3cubGl2ZXJwb29sLmNvbS5teC90aWVuZGEvcGRwL2xhdmFkb3JhLWxnLTE5LWtnLXJvamEtd3QxOXJzYi8xMDkxMTYyOTI2OTI5MTc2;SEM;2021-10-09;2021-05-01;;929176;;;;LIVERPOOL;MX;2021-10-09 04:13;LG;Lavadora LG 19 kg roja WT19RSB;https://www.liverpool.com.mx/tienda/pdp/lavadora-lg-19-kg-roja-wt19rsb/1091162926;WM;5;https://www.liverpool.com.mx/
1183;aHR0cHM6Ly93d3cubGl2ZXJwb29sLmNvbS5teC90aWVuZGEvcGRwL2xhdmFkb3JhLWxnLTE5LWtnLXJvamEtd3QxOXJzYi8xMDkxMTYyOTI2NDM3NjU2;SEM;2021-10-09;2020-07-29;;437656;;;;LIVERPOOL;MX;2021-10-09 04:13;LG;Lavadora LG 19 kg roja WT19RSB;https://www.liverpool.com.mx/tienda/pdp/lavadora-lg-19-kg-roja-wt19rsb/1091162926;WM;5;https://www.liverpool.com.mx/
1184;aHR0cHM6Ly93d3cubGl2ZXJwb29sLmNvbS5teC90aWVuZGEvcGRwL2xhdmFkb3JhLWxnLTE5LWtnLXJvamEtd3QxOXJzYi8xMDkxMTYyOTI2MTIzODQ2MA==;SEM;2021-10-09;2021-08-30;;1238460;;;;LIVERPOOL;MX;2021-10-09 04:13;LG;Lavadora LG 19 kg roja WT19RSB;https://www.liverpool.com.mx/tienda/pdp/lavadora-lg-19-kg-roja-wt19rsb/1091162926;WM;5;https://www.liverpool.com.mx/
1185;aHR0cHM6Ly93d3cubGl2ZXJwb29sLmNvbS5teC90aWVuZGEvcGRwL2xhdmFkb3JhLWxnLTE5LWtnLXJvamEtd3QxOXJzYi8xMDkxMTYyOTI2MTI1NTg3Mg==;SEM;2021-10-09;2021-09-09;;1255872;;;;LIVERPOOL;MX;2021-10-09 04:13;LG;Lavadora LG 19 kg roja WT19RSB;https://www.liverpool.com.mx/tienda/pdp/lavadora-lg-19-kg-roja-wt19rsb/1091162926;WM;5;https://www.liverpool.com.mx/
1186;aHR0cHM6Ly93d3cubGl2ZXJwb29sLmNvbS5teC90aWVuZGEvcGRwL2xhdmFkb3JhLWxnLTE5LWtnLXJvamEtd3QxOXJzYi8xMDkxMTYyOTI2OTUzNTk3;SEM;2021-10-09;2021-05-08;;953597;;;;LIVERPOOL;MX;2021-10-09 04:13;LG;Lavadora LG 19 kg roja WT19RSB;https://www.liverpool.com.mx/tienda/pdp/lavadora-lg-19-kg-roja-wt19rsb/1091162926;WM;5;https://www.liverpool.com.mx/
1187;aHR0cHM6Ly93d3cubGl2ZXJwb29sLmNvbS5teC90aWVuZGEvcGRwL2xhdmFkb3JhLWxnLTE5LWtnLXJvamEtd3QxOXJzYi8xMDkxMTYyOTI2ODgxNzIx;SEM;2021-10-09;2021-04-01;;881721;;;;LIVERPOOL;MX;2021-10-09 04:13;LG;Lavadora LG 19 kg roja WT19RSB;https://www.liverpool.com.mx/tienda/pdp/lavadora-lg-19-kg-roja-wt19rsb/1091162926;WM;4;https://www.liverpool.com.mx/
1188;aHR0cHM6Ly93d3cubGl2ZXJwb29sLmNvbS5teC90aWVuZGEvcGRwL2xhdmFkb3JhLWxnLTE5LWtnLXJvamEtd3QxOXJzYi8xMDkxMTYyOTI2MTI4NjcyNA==;SEM;2021-10-09;2021-09-26;;1286724;;;;LIVERPOOL;MX;2021-10-09 04:13;LG;Lavadora LG 19 kg roja WT19RSB;https://www.liverpool.com.mx/tienda/pdp/lavadora-lg-19-kg-roja-wt19rsb/1091162926;WM;4;https://www.liverpool.com.mx/
1189;aHR0cHM6Ly93d3cubGl2ZXJwb29sLmNvbS5teC90aWVuZGEvcGRwL2xhdmFkb3JhLWxnLTE5LWtnLXJvamEtd3QxOXJzYi8xMDkxMTYyOTI2OTY0NTA0;SEM;2021-10-09;2021-05-12;;964504;;;;LIVERPOOL;MX;2021-10-09 04:13;LG;Lavadora LG 19 kg roja WT19RSB;https://www.liverpool.com.mx/tienda/pdp/lavadora-lg-19-kg-roja-wt19rsb/1091162926;WM;4;https://www.liverpool.com.mx/
1190;aHR0cHM6Ly93d3cubGl2ZXJwb29sLmNvbS5teC90aWVuZGEvcGRwL2xhdmFkb3JhLWxnLTE5LWtnLXJvamEtd3QxOXJzYi8xMDkxMTYyOTI2MzkyMDI2;SEM;2021-10-09;2020-07-13;;392026;;;;LIVERPOOL;MX;2021-10-09 04:13;LG;Lavadora LG 19 kg roja WT19RSB;https://www.liverpool.com.mx/tienda/pdp/lavadora-lg-19-kg-roja-wt19rsb/1091162926;WM;5;https://www.liverpool.com.mx/
1191;aHR0cHM6Ly93d3cubGl2ZXJwb29sLmNvbS5teC90aWVuZGEvcGRwL2xhdmFkb3JhLWxnLTE5LWtnLXJvamEtd3QxOXJzYi8xMDkxMTYyOTI2MTI2NzA3OQ==;SEM;2021-10-09;2021-09-16;;1267079;;;;LIVERPOOL;MX;2021-10-09 04:13;LG;Lavadora LG 19 kg roja WT19RSB;https://www.liverpool.com.mx/tienda/pdp/lavadora-lg-19-kg-roja-wt19rsb/1091162926;WM;5;https://www.liverpool.com.mx/
1192;aHR0cHM6Ly93d3cubGl2ZXJwb29sLmNvbS5teC90aWVuZGEvcGRwL2xhdmFkb3JhLWxnLTE5LWtnLXJvamEtd3QxOXJzYi8xMDkxMTYyOTI2MjA3NzYx;SEM;2021-10-09;2020-04-02;;207761;;;;LIVERPOOL;MX;2021-10-09 04:13;LG;Lavadora LG 19 kg roja WT19RSB;https://www.liverpool.com.mx/tienda/pdp/lavadora-lg-19-kg-roja-wt19rsb/1091162926;WM;5;https://www.liverpool.com.mx/
1193;aHR0cHM6Ly93d3cubGl2ZXJwb29sLmNvbS5teC90aWVuZGEvcGRwL2xhdmFkb3JhLWxnLTE5LWtnLXJvamEtd3QxOXJzYi8xMDkxMTYyOTI2MjU4OTc1;SEM;2021-10-09;2020-05-21;;258975;;;;LIVERPOOL;MX;2021-10-09 04:13;LG;Lavadora LG 19 kg roja WT19RSB;https://www.liverpool.com.mx/tienda/pdp/lavadora-lg-19-kg-roja-wt19rsb/1091162926;WM;5;https://www.liverpool.com.mx/
1194;aHR0cHM6Ly93d3cubGl2ZXJwb29sLmNvbS5teC90aWVuZGEvcGRwL2xhdmFkb3JhLWxnLTE5LWtnLXJvamEtd3QxOXJzYi8xMDkxMTYyOTI2NjcxODM5;SEM;2021-10-09;2020-12-20;;671839;;;;LIVERPOOL;MX;2021-10-09 04:13;LG;Lavadora LG 19 kg roja WT19RSB;https://www.liverpool.com.mx/tienda/pdp/lavadora-lg-19-kg-roja-wt19rsb/1091162926;WM;5;https://www.liverpool.com.mx/
1195;aHR0cHM6Ly93d3cubGl2ZXJwb29sLmNvbS5teC90aWVuZGEvcGRwL2xhdmFkb3JhLWxnLTE5LWtnLXJvamEtd3QxOXJzYi8xMDkxMTYyOTI2MTMyNjU5;SEM;2021-10-09;2019-11-13;;132659;;;;LIVERPOOL;MX;2021-10-09 04:13;LG;Lavadora LG 19 kg roja WT19RSB;https://www.liverpool.com.mx/tienda/pdp/lavadora-lg-19-kg-roja-wt19rsb/1091162926;WM;5;https://www.liverpool.com.mx/
1196;aHR0cHM6Ly93d3cubGl2ZXJwb29sLmNvbS5teC90aWVuZGEvcGRwL0xhdmFkb3JhLU1hYmUtMjQta2ctYmxhbmNhLUxNQTc0MjE1V0JBQjAvMTA5NzMwNjQ3NDYyMTEyOA==;SEM;2021-10-09;2020-10-03;;621128;;;;LIVERPOOL;MX;2021-10-09 04:25;MABE;Lavadora Mabe 24 kg blanca LMA74215WBAB0;https://www.liverpool.com.mx/tienda/pdp/Lavadora-Mabe-24-kg-blanca-LMA74215WBAB0/1097306474;WM;5;https://www.liverpool.com.mx/
1197;aHR0cHM6Ly93d3cubGl2ZXJwb29sLmNvbS5teC90aWVuZGEvcGRwL0xhdmFkb3JhLU1hYmUtMjQta2ctYmxhbmNhLUxNQTc0MjE1V0JBQjAvMTA5NzMwNjQ3NDc2Njk1MA==;SEM;2021-10-09;2021-02-07;;766950;;;;LIVERPOOL;MX;2021-10-09 04:25;MABE;Lavadora Mabe 24 kg blanca LMA74215WBAB0;https://www.liverpool.com.mx/tienda/pdp/Lavadora-Mabe-24-kg-blanca-LMA74215WBAB0/1097306474;WM;5;https://www.liverpool.com.mx/
1198;aHR0cHM6Ly93d3cubGl2ZXJwb29sLmNvbS5teC90aWVuZGEvcGRwL0xhdmFkb3JhLU1hYmUtMjQta2ctYmxhbmNhLUxNQTc0MjE1V0JBQjAvMTA5NzMwNjQ3NDU4MTA4Ng==;SEM;2021-10-09;2020-09-04;;581086;;;;LIVERPOOL;MX;2021-10-09 04:25;MABE;Lavadora Mabe 24 kg blanca LMA74215WBAB0;https://www.liverpool.com.mx/tienda/pdp/Lavadora-Mabe-24-kg-blanca-LMA74215WBAB0/1097306474;WM;4;https://www.liverpool.com.mx/
1199;aHR0cHM6Ly93d3cubGl2ZXJwb29sLmNvbS5teC90aWVuZGEvcGRwL0xhdmFkb3JhLU1hYmUtMjQta2ctYmxhbmNhLUxNQTc0MjE1V0JBQjAvMTA5NzMwNjQ3NDU3MDM5MQ==;SEM;2021-10-09;2020-08-31;;570391;;;;LIVERPOOL;MX;2021-10-09 04:25;MABE;Lavadora Mabe 24 kg blanca LMA74215WBAB0;https://www.liverpool.com.mx/tienda/pdp/Lavadora-Mabe-24-kg-blanca-LMA74215WBAB0/1097306474;WM;3;https://www.liverpool.com.mx/
1200;aHR0cHM6Ly93d3cubGl2ZXJwb29sLmNvbS5teC90aWVuZGEvcGRwL0xhdmFkb3JhLU1hYmUtMjQta2ctYmxhbmNhLUxNQTc0MjE1V0JBQjAvMTA5NzMwNjQ3NDc2NzYyNA==;SEM;2021-10-09;2021-02-07;;767624;;;;LIVERPOOL;MX;2021-10-09 04:25;MABE;Lavadora Mabe 24 kg blanca LMA74215WBAB0;https://www.liverpool.com.mx/tienda/pdp/Lavadora-Mabe-24-kg-blanca-LMA74215WBAB0/1097306474;WM;5;https://www.liverpool.com.mx/
1201;aHR0cHM6Ly93d3cubGl2ZXJwb29sLmNvbS5teC90aWVuZGEvcGRwL0xhdmFkb3JhLU1hYmUtMjQta2ctYmxhbmNhLUxNQTc0MjE1V0JBQjAvMTA5NzMwNjQ3NDgwMTkwMw==;SEM;2021-10-09;2021-02-21;;801903;;;;LIVERPOOL;MX;2021-10-09 04:25;MABE;Lavadora Mabe 24 kg blanca LMA74215WBAB0;https://www.liverpool.com.mx/tienda/pdp/Lavadora-Mabe-24-kg-blanca-LMA74215WBAB0/1097306474;WM;5;https://www.liverpool.com.mx/
1202;aHR0cHM6Ly93d3cubGl2ZXJwb29sLmNvbS5teC90aWVuZGEvcGRwL0xhdmFkb3JhLU1hYmUtMjQta2ctYmxhbmNhLUxNQTc0MjE1V0JBQjAvMTA5NzMwNjQ3NDQyOTQxOQ==;SEM;2021-10-09;2020-07-27;;429419;;;;LIVERPOOL;MX;2021-10-09 04:25;MABE;Lavadora Mabe 24 kg blanca LMA74215WBAB0;https://www.liverpool.com.mx/tienda/pdp/Lavadora-Mabe-24-kg-blanca-LMA74215WBAB0/1097306474;WM;1;https://www.liverpool.com.mx/
1203;aHR0cHM6Ly93d3cubGl2ZXJwb29sLmNvbS5teC90aWVuZGEvcGRwL0xhdmFkb3JhLU1hYmUtMjQta2ctYmxhbmNhLUxNQTc0MjE1V0JBQjAvMTA5NzMwNjQ3NDgwNjk3Mg==;SEM;2021-10-09;2021-02-23;;806972;;;;LIVERPOOL;MX;2021-10-09 04:25;MABE;Lavadora Mabe 24 kg blanca LMA74215WBAB0;https://www.liverpool.com.mx/tienda/pdp/Lavadora-Mabe-24-kg-blanca-LMA74215WBAB0/1097306474;WM;5;https://www.liverpool.com.mx/
1204;aHR0cHM6Ly93d3cubGl2ZXJwb29sLmNvbS5teC90aWVuZGEvcGRwL0xhdmFkb3JhLU1hYmUtMjQta2ctYmxhbmNhLUxNQTc0MjE1V0JBQjAvMTA5NzMwNjQ3NDk0Njk0Ng==;SEM;2021-10-09;2021-05-07;;946946;;;;LIVERPOOL;MX;2021-10-09 04:25;MABE;Lavadora Mabe 24 kg blanca LMA74215WBAB0;https://www.liverpool.com.mx/tienda/pdp/Lavadora-Mabe-24-kg-blanca-LMA74215WBAB0/1097306474;WM;5;https://www.liverpool.com.mx/
1205;aHR0cHM6Ly93d3cubGl2ZXJwb29sLmNvbS5teC90aWVuZGEvcGRwL0xhdmFkb3JhLU1hYmUtMjQta2ctYmxhbmNhLUxNQTc0MjE1V0JBQjAvMTA5NzMwNjQ3NDEwNDIxODE=;SEM;2021-10-09;2021-06-07;;1042181;;;;LIVERPOOL;MX;2021-10-09 04:25;MABE;Lavadora Mabe 24 kg blanca LMA74215WBAB0;https://www.liverpool.com.mx/tienda/pdp/Lavadora-Mabe-24-kg-blanca-LMA74215WBAB0/1097306474;WM;5;https://www.liverpool.com.mx/
1206;aHR0cHM6Ly93d3cubGl2ZXJwb29sLmNvbS5teC90aWVuZGEvcGRwL0xhdmFkb3JhLU1hYmUtMjQta2ctYmxhbmNhLUxNQTc0MjE1V0JBQjAvMTA5NzMwNjQ3NDkxODU1Mw==;SEM;2021-10-09;2021-04-24;;918553;;;;LIVERPOOL;MX;2021-10-09 04:25;MABE;Lavadora Mabe 24 kg blanca LMA74215WBAB0;https://www.liverpool.com.mx/tienda/pdp/Lavadora-Mabe-24-kg-blanca-LMA74215WBAB0/1097306474;WM;5;https://www.liverpool.com.mx/
1207;aHR0cHM6Ly93d3cubGl2ZXJwb29sLmNvbS5teC90aWVuZGEvcGRwL0xhdmFkb3JhLU1hYmUtMjQta2ctYmxhbmNhLUxNQTc0MjE1V0JBQjAvMTA5NzMwNjQ3NDgxOTMyNw==;SEM;2021-10-09;2021-03-01;;819327;;;;LIVERPOOL;MX;2021-10-09 04:25;MABE;Lavadora Mabe 24 kg blanca LMA74215WBAB0;https://www.liverpool.com.mx/tienda/pdp/Lavadora-Mabe-24-kg-blanca-LMA74215WBAB0/1097306474;WM;5;https://www.liverpool.com.mx/
1208;aHR0cHM6Ly93d3cubGl2ZXJwb29sLmNvbS5teC90aWVuZGEvcGRwL0xhdmFkb3JhLU1hYmUtMjQta2ctYmxhbmNhLUxNQTc0MjE1V0JBQjAvMTA5NzMwNjQ3NDkyNDgxMw==;SEM;2021-10-09;2021-04-28;;924813;;;;LIVERPOOL;MX;2021-10-09 04:25;MABE;Lavadora Mabe 24 kg blanca LMA74215WBAB0;https://www.liverpool.com.mx/tienda/pdp/Lavadora-Mabe-24-kg-blanca-LMA74215WBAB0/1097306474;WM;5;https://www.liverpool.com.mx/
1209;aHR0cHM6Ly93d3cubGl2ZXJwb29sLmNvbS5teC90aWVuZGEvcGRwL0xhdmFkb3JhLU1hYmUtMjQta2ctYmxhbmNhLUxNQTc0MjE1V0JBQjAvMTA5NzMwNjQ3NDkwMjgwMg==;SEM;2021-10-09;2021-04-14;;902802;;;;LIVERPOOL;MX;2021-10-09 04:25;MABE;Lavadora Mabe 24 kg blanca LMA74215WBAB0;https://www.liverpool.com.mx/tienda/pdp/Lavadora-Mabe-24-kg-blanca-LMA74215WBAB0/1097306474;WM;5;https://www.liverpool.com.mx/
1210;aHR0cHM6Ly93d3cubGl2ZXJwb29sLmNvbS5teC90aWVuZGEvcGRwL0xhdmFkb3JhLU1hYmUtMjQta2ctYmxhbmNhLUxNQTc0MjE1V0JBQjAvMTA5NzMwNjQ3NDEwMzc5Nzk=;SEM;2021-10-09;2021-06-05;;1037979;;;;LIVERPOOL;MX;2021-10-09 04:25;MABE;Lavadora Mabe 24 kg blanca LMA74215WBAB0;https://www.liverpool.com.mx/tienda/pdp/Lavadora-Mabe-24-kg-blanca-LMA74215WBAB0/1097306474;WM;5;https://www.liverpool.com.mx/
1211;aHR0cHM6Ly93d3cubGl2ZXJwb29sLmNvbS5teC90aWVuZGEvcGRwL0xhdmFkb3JhLU1hYmUtMjQta2ctYmxhbmNhLUxNQTc0MjE1V0JBQjAvMTA5NzMwNjQ3NDc3MjUxMg==;SEM;2021-10-09;2021-02-11;;772512;;;;LIVERPOOL;MX;2021-10-09 04:25;MABE;Lavadora Mabe 24 kg blanca LMA74215WBAB0;https://www.liverpool.com.mx/tienda/pdp/Lavadora-Mabe-24-kg-blanca-LMA74215WBAB0/1097306474;WM;5;https://www.liverpool.com.mx/
1212;aHR0cHM6Ly93d3cubGl2ZXJwb29sLmNvbS5teC90aWVuZGEvcGRwL0xhdmFkb3JhLU1hYmUtMjQta2ctYmxhbmNhLUxNQTc0MjE1V0JBQjAvMTA5NzMwNjQ3NDEyNDI0MDU=;SEM;2021-10-09;2021-09-02;;1242405;;;;LIVERPOOL;MX;2021-10-09 04:25;MABE;Lavadora Mabe 24 kg blanca LMA74215WBAB0;https://www.liverpool.com.mx/tienda/pdp/Lavadora-Mabe-24-kg-blanca-LMA74215WBAB0/1097306474;WM;5;https://www.liverpool.com.mx/
1213;aHR0cHM6Ly93d3cubGl2ZXJwb29sLmNvbS5teC90aWVuZGEvcGRwL0xhdmFkb3JhLU1hYmUtMjQta2ctYmxhbmNhLUxNQTc0MjE1V0JBQjAvMTA5NzMwNjQ3NDg3NTMwNA==;SEM;2021-10-09;2021-03-28;;875304;;;;LIVERPOOL;MX;2021-10-09 04:25;MABE;Lavadora Mabe 24 kg blanca LMA74215WBAB0;https://www.liverpool.com.mx/tienda/pdp/Lavadora-Mabe-24-kg-blanca-LMA74215WBAB0/1097306474;WM;5;https://www.liverpool.com.mx/
1214;aHR0cHM6Ly93d3cubGl2ZXJwb29sLmNvbS5teC90aWVuZGEvcGRwL0xhdmFkb3JhLU1hYmUtMjQta2ctYmxhbmNhLUxNQTc0MjE1V0JBQjAvMTA5NzMwNjQ3NDc3ODc5Mw==;SEM;2021-10-09;2021-02-12;;778793;;;;LIVERPOOL;MX;2021-10-09 04:25;MABE;Lavadora Mabe 24 kg blanca LMA74215WBAB0;https://www.liverpool.com.mx/tienda/pdp/Lavadora-Mabe-24-kg-blanca-LMA74215WBAB0/1097306474;WM;5;https://www.liverpool.com.mx/
1215;aHR0cHM6Ly93d3cubGl2ZXJwb29sLmNvbS5teC90aWVuZGEvcGRwL0xhdmFkb3JhLU1hYmUtMjQta2ctYmxhbmNhLUxNQTc0MjE1V0JBQjAvMTA5NzMwNjQ3NDg5MzIyNg==;SEM;2021-10-09;2021-04-08;;893226;;;;LIVERPOOL;MX;2021-10-09 04:25;MABE;Lavadora Mabe 24 kg blanca LMA74215WBAB0;https://www.liverpool.com.mx/tienda/pdp/Lavadora-Mabe-24-kg-blanca-LMA74215WBAB0/1097306474;WM;5;https://www.liverpool.com.mx/
1216;aHR0cHM6Ly93d3cubGl2ZXJwb29sLmNvbS5teC90aWVuZGEvcGRwL0xhdmFkb3JhLU1hYmUtMjQta2ctYmxhbmNhLUxNQTc0MjE1V0JBQjAvMTA5NzMwNjQ3NDEyNDgwNDY=;SEM;2021-10-09;2021-09-05;;1248046;;;;LIVERPOOL;MX;2021-10-09 04:25;MABE;Lavadora Mabe 24 kg blanca LMA74215WBAB0;https://www.liverpool.com.mx/tienda/pdp/Lavadora-Mabe-24-kg-blanca-LMA74215WBAB0/1097306474;WM;5;https://www.liverpool.com.mx/
1217;aHR0cHM6Ly93d3cubGl2ZXJwb29sLmNvbS5teC90aWVuZGEvcGRwL0xhdmFkb3JhLU1hYmUtMjQta2ctYmxhbmNhLUxNQTc0MjE1V0JBQjAvMTA5NzMwNjQ3NDEwNjM0NzI=;SEM;2021-10-09;2021-06-13;;1063472;;;;LIVERPOOL;MX;2021-10-09 04:25;MABE;Lavadora Mabe 24 kg blanca LMA74215WBAB0;https://www.liverpool.com.mx/tienda/pdp/Lavadora-Mabe-24-kg-blanca-LMA74215WBAB0/1097306474;WM;5;https://www.liverpool.com.mx/
1218;aHR0cHM6Ly93d3cubGl2ZXJwb29sLmNvbS5teC90aWVuZGEvcGRwL0xhdmFkb3JhLU1hYmUtMjQta2ctYmxhbmNhLUxNQTc0MjE1V0JBQjAvMTA5NzMwNjQ3NDEyODU2ODU=;SEM;2021-10-09;2021-09-26;;1285685;;;;LIVERPOOL;MX;2021-10-09 04:25;MABE;Lavadora Mabe 24 kg blanca LMA74215WBAB0;https://www.liverpool.com.mx/tienda/pdp/Lavadora-Mabe-24-kg-blanca-LMA74215WBAB0/1097306474;WM;5;https://www.liverpool.com.mx/
1219;aHR0cHM6Ly93d3cubGl2ZXJwb29sLmNvbS5teC90aWVuZGEvcGRwL0xhdmFkb3JhLU1hYmUtMjQta2ctYmxhbmNhLUxNQTc0MjE1V0JBQjAvMTA5NzMwNjQ3NDEyOTE1Nzk=;SEM;2021-10-09;2021-09-29;;1291579;;;;LIVERPOOL;MX;2021-10-09 04:25;MABE;Lavadora Mabe 24 kg blanca LMA74215WBAB0;https://www.liverpool.com.mx/tienda/pdp/Lavadora-Mabe-24-kg-blanca-LMA74215WBAB0/1097306474;WM;5;https://www.liverpool.com.mx/
1220;aHR0cHM6Ly93d3cubGl2ZXJwb29sLmNvbS5teC90aWVuZGEvcGRwL0xhdmFkb3JhLU1hYmUtMjQta2ctYmxhbmNhLUxNQTc0MjE1V0JBQjAvMTA5NzMwNjQ3NDEyOTY5NjY=;SEM;2021-10-09;2021-10-02;;1296966;;;;LIVERPOOL;MX;2021-10-09 04:25;MABE;Lavadora Mabe 24 kg blanca LMA74215WBAB0;https://www.liverpool.com.mx/tienda/pdp/Lavadora-Mabe-24-kg-blanca-LMA74215WBAB0/1097306474;WM;5;https://www.liverpool.com.mx/
1221;aHR0cHM6Ly93d3cubGl2ZXJwb29sLmNvbS5teC90aWVuZGEvcGRwL0xhdmFkb3JhLU1hYmUtMjQta2ctYmxhbmNhLUxNQTc0MjE1V0JBQjAvMTA5NzMwNjQ3NDExMTA2MjE=;SEM;2021-10-09;2021-06-29;;1110621;;;;LIVERPOOL;MX;2021-10-09 04:25;MABE;Lavadora Mabe 24 kg blanca LMA74215WBAB0;https://www.liverpool.com.mx/tienda/pdp/Lavadora-Mabe-24-kg-blanca-LMA74215WBAB0/1097306474;WM;5;https://www.liverpool.com.mx/
1222;aHR0cHM6Ly93d3cubGl2ZXJwb29sLmNvbS5teC90aWVuZGEvcGRwL0xhdmFkb3JhLU1hYmUtMjQta2ctYmxhbmNhLUxNQTc0MjE1V0JBQjAvMTA5NzMwNjQ3NDExNDM5MzE=;SEM;2021-10-09;2021-07-15;;1143931;;;;LIVERPOOL;MX;2021-10-09 04:25;MABE;Lavadora Mabe 24 kg blanca LMA74215WBAB0;https://www.liverpool.com.mx/tienda/pdp/Lavadora-Mabe-24-kg-blanca-LMA74215WBAB0/1097306474;WM;5;https://www.liverpool.com.mx/
1223;aHR0cHM6Ly93d3cubGl2ZXJwb29sLmNvbS5teC90aWVuZGEvcGRwL0xhdmFkb3JhLU1hYmUtMjQta2ctYmxhbmNhLUxNQTc0MjE1V0JBQjAvMTA5NzMwNjQ3NDc5OTEwMw==;SEM;2021-10-09;2021-02-20;;799103;;;;LIVERPOOL;MX;2021-10-09 04:25;MABE;Lavadora Mabe 24 kg blanca LMA74215WBAB0;https://www.liverpool.com.mx/tienda/pdp/Lavadora-Mabe-24-kg-blanca-LMA74215WBAB0/1097306474;WM;5;https://www.liverpool.com.mx/
1224;aHR0cHM6Ly93d3cubGl2ZXJwb29sLmNvbS5teC90aWVuZGEvcGRwL0xhdmFkb3JhLU1hYmUtMjQta2ctYmxhbmNhLUxNQTc0MjE1V0JBQjAvMTA5NzMwNjQ3NDcyODQ1Mw==;SEM;2021-10-09;2021-01-13;;728453;;;;LIVERPOOL;MX;2021-10-09 04:25;MABE;Lavadora Mabe 24 kg blanca LMA74215WBAB0;https://www.liverpool.com.mx/tienda/pdp/Lavadora-Mabe-24-kg-blanca-LMA74215WBAB0/1097306474;WM;5;https://www.liverpool.com.mx/
1225;aHR0cHM6Ly93d3cubGl2ZXJwb29sLmNvbS5teC90aWVuZGEvcGRwL0xhdmFkb3JhLU1hYmUtMjQta2ctYmxhbmNhLUxNQTc0MjE1V0JBQjAvMTA5NzMwNjQ3NDc5MjQ2MA==;SEM;2021-10-09;2021-02-18;;792460;;;;LIVERPOOL;MX;2021-10-09 04:25;MABE;Lavadora Mabe 24 kg blanca LMA74215WBAB0;https://www.liverpool.com.mx/tienda/pdp/Lavadora-Mabe-24-kg-blanca-LMA74215WBAB0/1097306474;WM;5;https://www.liverpool.com.mx/
1226;aHR0cHM6Ly93d3cubGl2ZXJwb29sLmNvbS5teC90aWVuZGEvcGRwL0xhdmFkb3JhLU1hYmUtMjQta2ctYmxhbmNhLUxNQTc0MjE1V0JBQjAvMTA5NzMwNjQ3NDkwMTI2MQ==;SEM;2021-10-09;2021-04-13;;901261;;;;LIVERPOOL;MX;2021-10-09 04:25;MABE;Lavadora Mabe 24 kg blanca LMA74215WBAB0;https://www.liverpool.com.mx/tienda/pdp/Lavadora-Mabe-24-kg-blanca-LMA74215WBAB0/1097306474;WM;5;https://www.liverpool.com.mx/
1227;aHR0cHM6Ly93d3cubGl2ZXJwb29sLmNvbS5teC90aWVuZGEvcGRwL0xhdmFkb3JhLU1hYmUtMjQta2ctYmxhbmNhLUxNQTc0MjE1V0JBQjAvMTA5NzMwNjQ3NDEyNTQ1NDk=;SEM;2021-10-09;2021-09-08;;1254549;;;;LIVERPOOL;MX;2021-10-09 04:25;MABE;Lavadora Mabe 24 kg blanca LMA74215WBAB0;https://www.liverpool.com.mx/tienda/pdp/Lavadora-Mabe-24-kg-blanca-LMA74215WBAB0/1097306474;WM;5;https://www.liverpool.com.mx/
1228;aHR0cHM6Ly93d3cubGl2ZXJwb29sLmNvbS5teC90aWVuZGEvcGRwL0xhdmFkb3JhLU1hYmUtMjQta2ctYmxhbmNhLUxNQTc0MjE1V0JBQjAvMTA5NzMwNjQ3NDc4ODYzMg==;SEM;2021-10-09;2021-02-16;;788632;;;;LIVERPOOL;MX;2021-10-09 04:25;MABE;Lavadora Mabe 24 kg blanca LMA74215WBAB0;https://www.liverpool.com.mx/tienda/pdp/Lavadora-Mabe-24-kg-blanca-LMA74215WBAB0/1097306474;WM;5;https://www.liverpool.com.mx/
1229;aHR0cHM6Ly93d3cubGl2ZXJwb29sLmNvbS5teC90aWVuZGEvcGRwL0xhdmFkb3JhLU1hYmUtMjQta2ctYmxhbmNhLUxNQTc0MjE1V0JBQjAvMTA5NzMwNjQ3NDEyOTYyODI=;SEM;2021-10-09;2021-10-02;;1296282;;;;LIVERPOOL;MX;2021-10-09 04:25;MABE;Lavadora Mabe 24 kg blanca LMA74215WBAB0;https://www.liverpool.com.mx/tienda/pdp/Lavadora-Mabe-24-kg-blanca-LMA74215WBAB0/1097306474;WM;5;https://www.liverpool.com.mx/
1230;aHR0cHM6Ly93d3cubGl2ZXJwb29sLmNvbS5teC90aWVuZGEvcGRwL0xhdmFkb3JhLU1hYmUtMjQta2ctYmxhbmNhLUxNQTc0MjE1V0JBQjAvMTA5NzMwNjQ3NDEwMTExMTA=;SEM;2021-10-09;2021-05-29;;1011110;;;;LIVERPOOL;MX;2021-10-09 04:25;MABE;Lavadora Mabe 24 kg blanca LMA74215WBAB0;https://www.liverpool.com.mx/tienda/pdp/Lavadora-Mabe-24-kg-blanca-LMA74215WBAB0/1097306474;WM;5;https://www.liverpool.com.mx/
1231;aHR0cHM6Ly93d3cubGl2ZXJwb29sLmNvbS5teC90aWVuZGEvcGRwL0xhdmFkb3JhLU1hYmUtMjQta2ctYmxhbmNhLUxNQTc0MjE1V0JBQjAvMTA5NzMwNjQ3NDg5NDEzMQ==;SEM;2021-10-09;2021-04-09;;894131;;;;LIVERPOOL;MX;2021-10-09 04:25;MABE;Lavadora Mabe 24 kg blanca LMA74215WBAB0;https://www.liverpool.com.mx/tienda/pdp/Lavadora-Mabe-24-kg-blanca-LMA74215WBAB0/1097306474;WM;5;https://www.liverpool.com.mx/
1232;aHR0cHM6Ly93d3cubGl2ZXJwb29sLmNvbS5teC90aWVuZGEvcGRwL0xhdmFkb3JhLU1hYmUtMjQta2ctYmxhbmNhLUxNQTc0MjE1V0JBQjAvMTA5NzMwNjQ3NDc0Mzg2MA==;SEM;2021-10-09;2021-01-24;;743860;;;;LIVERPOOL;MX;2021-10-09 04:25;MABE;Lavadora Mabe 24 kg blanca LMA74215WBAB0;https://www.liverpool.com.mx/tienda/pdp/Lavadora-Mabe-24-kg-blanca-LMA74215WBAB0/1097306474;WM;5;https://www.liverpool.com.mx/
1233;aHR0cHM6Ly93d3cubGl2ZXJwb29sLmNvbS5teC90aWVuZGEvcGRwL0xhdmFkb3JhLU1hYmUtMjQta2ctYmxhbmNhLUxNQTc0MjE1V0JBQjAvMTA5NzMwNjQ3NDkwODIyMw==;SEM;2021-10-09;2021-04-17;;908223;;;;LIVERPOOL;MX;2021-10-09 04:25;MABE;Lavadora Mabe 24 kg blanca LMA74215WBAB0;https://www.liverpool.com.mx/tienda/pdp/Lavadora-Mabe-24-kg-blanca-LMA74215WBAB0/1097306474;WM;5;https://www.liverpool.com.mx/
1234;aHR0cHM6Ly93d3cubGl2ZXJwb29sLmNvbS5teC90aWVuZGEvcGRwL0xhdmFkb3JhLU1hYmUtMjQta2ctYmxhbmNhLUxNQTc0MjE1V0JBQjAvMTA5NzMwNjQ3NDkxMDI3Mg==;SEM;2021-10-09;2021-04-18;;910272;;;;LIVERPOOL;MX;2021-10-09 04:25;MABE;Lavadora Mabe 24 kg blanca LMA74215WBAB0;https://www.liverpool.com.mx/tienda/pdp/Lavadora-Mabe-24-kg-blanca-LMA74215WBAB0/1097306474;WM;5;https://www.liverpool.com.mx/
1235;aHR0cHM6Ly93d3cubGl2ZXJwb29sLmNvbS5teC90aWVuZGEvcGRwL0xhdmFkb3JhLU1hYmUtMjQta2ctYmxhbmNhLUxNQTc0MjE1V0JBQjAvMTA5NzMwNjQ3NDEwODM2MTY=;SEM;2021-10-09;2021-06-20;;1083616;;;;LIVERPOOL;MX;2021-10-09 04:25;MABE;Lavadora Mabe 24 kg blanca LMA74215WBAB0;https://www.liverpool.com.mx/tienda/pdp/Lavadora-Mabe-24-kg-blanca-LMA74215WBAB0/1097306474;WM;5;https://www.liverpool.com.mx/
1236;aHR0cHM6Ly93d3cubGl2ZXJwb29sLmNvbS5teC90aWVuZGEvcGRwL0xhdmFkb3JhLU1hYmUtMjQta2ctYmxhbmNhLUxNQTc0MjE1V0JBQjAvMTA5NzMwNjQ3NDEwNTQ3MTM=;SEM;2021-10-09;2021-06-11;;1054713;;;;LIVERPOOL;MX;2021-10-09 04:25;MABE;Lavadora Mabe 24 kg blanca LMA74215WBAB0;https://www.liverpool.com.mx/tienda/pdp/Lavadora-Mabe-24-kg-blanca-LMA74215WBAB0/1097306474;WM;5;https://www.liverpool.com.mx/
1237;aHR0cHM6Ly93d3cubGl2ZXJwb29sLmNvbS5teC90aWVuZGEvcGRwL0xhdmFkb3JhLU1hYmUtMjQta2ctYmxhbmNhLUxNQTc0MjE1V0JBQjAvMTA5NzMwNjQ3NDEwNzYzODM=;SEM;2021-10-09;2021-06-17;;1076383;;;;LIVERPOOL;MX;2021-10-09 04:25;MABE;Lavadora Mabe 24 kg blanca LMA74215WBAB0;https://www.liverpool.com.mx/tienda/pdp/Lavadora-Mabe-24-kg-blanca-LMA74215WBAB0/1097306474;WM;4;https://www.liverpool.com.mx/
1238;aHR0cHM6Ly93d3cubGl2ZXJwb29sLmNvbS5teC90aWVuZGEvcGRwL0xhdmFkb3JhLU1hYmUtMjQta2ctYmxhbmNhLUxNQTc0MjE1V0JBQjAvMTA5NzMwNjQ3NDEwODEwMTg=;SEM;2021-10-09;2021-06-19;;1081018;;;;LIVERPOOL;MX;2021-10-09 04:25;MABE;Lavadora Mabe 24 kg blanca LMA74215WBAB0;https://www.liverpool.com.mx/tienda/pdp/Lavadora-Mabe-24-kg-blanca-LMA74215WBAB0/1097306474;WM;4;https://www.liverpool.com.mx/
1239;aHR0cHM6Ly93d3cubGl2ZXJwb29sLmNvbS5teC90aWVuZGEvcGRwL0xhdmFkb3JhLU1hYmUtMjQta2ctYmxhbmNhLUxNQTc0MjE1V0JBQjAvMTA5NzMwNjQ3NDkxMTgzNQ==;SEM;2021-10-09;2021-04-19;;911835;;;;LIVERPOOL;MX;2021-10-09 04:25;MABE;Lavadora Mabe 24 kg blanca LMA74215WBAB0;https://www.liverpool.com.mx/tienda/pdp/Lavadora-Mabe-24-kg-blanca-LMA74215WBAB0/1097306474;WM;4;https://www.liverpool.com.mx/
1240;aHR0cHM6Ly93d3cubGl2ZXJwb29sLmNvbS5teC90aWVuZGEvcGRwL0xhdmFkb3JhLU1hYmUtMjQta2ctYmxhbmNhLUxNQTc0MjE1V0JBQjAvMTA5NzMwNjQ3NDY1ODk2NQ==;SEM;2021-10-09;2020-11-27;;658965;;;;LIVERPOOL;MX;2021-10-09 04:25;MABE;Lavadora Mabe 24 kg blanca LMA74215WBAB0;https://www.liverpool.com.mx/tienda/pdp/Lavadora-Mabe-24-kg-blanca-LMA74215WBAB0/1097306474;WM;5;https://www.liverpool.com.mx/
1241;aHR0cHM6Ly93d3cubGl2ZXJwb29sLmNvbS5teC90aWVuZGEvcGRwL0xhdmFkb3JhLU1hYmUtMjQta2ctYmxhbmNhLUxNQTc0MjE1V0JBQjAvMTA5NzMwNjQ3NDcyMjY5OA==;SEM;2021-10-09;2021-01-10;;722698;;;;LIVERPOOL;MX;2021-10-09 04:25;MABE;Lavadora Mabe 24 kg blanca LMA74215WBAB0;https://www.liverpool.com.mx/tienda/pdp/Lavadora-Mabe-24-kg-blanca-LMA74215WBAB0/1097306474;WM;4;https://www.liverpool.com.mx/
1242;aHR0cHM6Ly93d3cubGl2ZXJwb29sLmNvbS5teC90aWVuZGEvcGRwL0xhdmFkb3JhLU1hYmUtMjQta2ctYmxhbmNhLUxNQTc0MjE1V0JBQjAvMTA5NzMwNjQ3NDUxMjQxOQ==;SEM;2021-10-09;2020-08-11;;512419;;;;LIVERPOOL;MX;2021-10-09 04:25;MABE;Lavadora Mabe 24 kg blanca LMA74215WBAB0;https://www.liverpool.com.mx/tienda/pdp/Lavadora-Mabe-24-kg-blanca-LMA74215WBAB0/1097306474;WM;5;https://www.liverpool.com.mx/
1243;aHR0cHM6Ly93d3cubGl2ZXJwb29sLmNvbS5teC90aWVuZGEvcGRwL0xhdmFkb3JhLU1hYmUtMjQta2ctYmxhbmNhLUxNQTc0MjE1V0JBQjAvMTA5NzMwNjQ3NDczNjk4NA==;SEM;2021-10-09;2021-01-20;;736984;;;;LIVERPOOL;MX;2021-10-09 04:25;MABE;Lavadora Mabe 24 kg blanca LMA74215WBAB0;https://www.liverpool.com.mx/tienda/pdp/Lavadora-Mabe-24-kg-blanca-LMA74215WBAB0/1097306474;WM;5;https://www.liverpool.com.mx/
1244;aHR0cHM6Ly93d3cubGl2ZXJwb29sLmNvbS5teC90aWVuZGEvcGRwL0xhdmFkb3JhLU1hYmUtMjQta2ctYmxhbmNhLUxNQTc0MjE1V0JBQjAvMTA5NzMwNjQ3NDU4ODk0Nw==;SEM;2021-10-09;2020-09-07;;588947;;;;LIVERPOOL;MX;2021-10-09 04:25;MABE;Lavadora Mabe 24 kg blanca LMA74215WBAB0;https://www.liverpool.com.mx/tienda/pdp/Lavadora-Mabe-24-kg-blanca-LMA74215WBAB0/1097306474;WM;5;https://www.liverpool.com.mx/
1245;aHR0cHM6Ly93d3cubGl2ZXJwb29sLmNvbS5teC90aWVuZGEvcGRwL0xhdmFkb3JhLU1hYmUtMjQta2ctYmxhbmNhLUxNQTc0MjE1V0JBQjAvMTA5NzMwNjQ3NDU3NjU0MA==;SEM;2021-10-09;2020-09-02;;576540;;;;LIVERPOOL;MX;2021-10-09 04:25;MABE;Lavadora Mabe 24 kg blanca LMA74215WBAB0;https://www.liverpool.com.mx/tienda/pdp/Lavadora-Mabe-24-kg-blanca-LMA74215WBAB0/1097306474;WM;5;https://www.liverpool.com.mx/
1246;aHR0cHM6Ly93d3cubGl2ZXJwb29sLmNvbS5teC90aWVuZGEvcGRwL0xhdmFkb3JhLVdpbmlhLTIxLWtnLWJsYW5jYS1EV0YtREIxQjQyMUFTUFcxLzEwOTQ5NDkzNTgyMzMxNTE=;SEM;2021-10-09;2020-05-01;;233151;;;;LIVERPOOL;MX;2021-10-09 04:27;WINIA;Lavadora Winia 21 kg blanca DWF-DB1B421ASPW1;https://www.liverpool.com.mx/tienda/pdp/Lavadora-Winia-21-kg-blanca-DWF-DB1B421ASPW1/1094949358;WM;5;https://www.liverpool.com.mx/
1247;aHR0cHM6Ly93d3cubGl2ZXJwb29sLmNvbS5teC90aWVuZGEvcGRwL0xhdmFkb3JhLVdpbmlhLTIxLWtnLWJsYW5jYS1EV0YtREIxQjQyMUFTUFcxLzEwOTQ5NDkzNTgyNTk0MDY=;SEM;2021-10-09;2020-05-21;;259406;;;;LIVERPOOL;MX;2021-10-09 04:27;WINIA;Lavadora Winia 21 kg blanca DWF-DB1B421ASPW1;https://www.liverpool.com.mx/tienda/pdp/Lavadora-Winia-21-kg-blanca-DWF-DB1B421ASPW1/1094949358;WM;5;https://www.liverpool.com.mx/
1248;aHR0cHM6Ly93d3cubGl2ZXJwb29sLmNvbS5teC90aWVuZGEvcGRwL0xhdmFkb3JhLVdpbmlhLTIxLWtnLWJsYW5jYS1EV0YtREIxQjQyMUFTUFcxLzEwOTQ5NDkzNTgyNTk1MzQ=;SEM;2021-10-09;2020-05-21;;259534;;;;LIVERPOOL;MX;2021-10-09 04:27;WINIA;Lavadora Winia 21 kg blanca DWF-DB1B421ASPW1;https://www.liverpool.com.mx/tienda/pdp/Lavadora-Winia-21-kg-blanca-DWF-DB1B421ASPW1/1094949358;WM;5;https://www.liverpool.com.mx/
1249;aHR0cHM6Ly93d3cubGl2ZXJwb29sLmNvbS5teC90aWVuZGEvcGRwL0xhdmFkb3JhLVdpbmlhLTIxLWtnLWJsYW5jYS1EV0YtREIxQjQyMUFTUFcxLzEwOTQ5NDkzNTgyMjA5MDg=;SEM;2021-10-09;2020-04-19;;220908;;;;LIVERPOOL;MX;2021-10-09 04:27;WINIA;Lavadora Winia 21 kg blanca DWF-DB1B421ASPW1;https://www.liverpool.com.mx/tienda/pdp/Lavadora-Winia-21-kg-blanca-DWF-DB1B421ASPW1/1094949358;WM;5;https://www.liverpool.com.mx/
1250;aHR0cHM6Ly93d3cubGl2ZXJwb29sLmNvbS5teC90aWVuZGEvcGRwL0xhdmFkb3JhLVdpbmlhLTIxLWtnLWJsYW5jYS1EV0YtREIxQjQyMUFTUFcxLzEwOTQ5NDkzNTgzMDExMjk=;SEM;2021-10-09;2020-06-12;;301129;;;;LIVERPOOL;MX;2021-10-09 04:27;WINIA;Lavadora Winia 21 kg blanca DWF-DB1B421ASPW1;https://www.liverpool.com.mx/tienda/pdp/Lavadora-Winia-21-kg-blanca-DWF-DB1B421ASPW1/1094949358;WM;5;https://www.liverpool.com.mx/
1251;aHR0cHM6Ly93d3cubGl2ZXJwb29sLmNvbS5teC90aWVuZGEvcGRwL0xhdmFkb3JhLVdpbmlhLTIxLWtnLWJsYW5jYS1EV0YtREIxQjQyMUFTUFcxLzEwOTQ5NDkzNTgzMDcwNzk=;SEM;2021-10-09;2020-06-15;;307079;;;;LIVERPOOL;MX;2021-10-09 04:27;WINIA;Lavadora Winia 21 kg blanca DWF-DB1B421ASPW1;https://www.liverpool.com.mx/tienda/pdp/Lavadora-Winia-21-kg-blanca-DWF-DB1B421ASPW1/1094949358;WM;4;https://www.liverpool.com.mx/
1252;aHR0cHM6Ly93d3cubGl2ZXJwb29sLmNvbS5teC90aWVuZGEvcGRwL0xhdmFkb3JhLVdpbmlhLTIxLWtnLWJsYW5jYS1EV0YtREIxQjQyMUFTUFcxLzEwOTQ5NDkzNTg1NTY3NjM=;SEM;2021-10-09;2020-08-26;;556763;;;;LIVERPOOL;MX;2021-10-09 04:27;WINIA;Lavadora Winia 21 kg blanca DWF-DB1B421ASPW1;https://www.liverpool.com.mx/tienda/pdp/Lavadora-Winia-21-kg-blanca-DWF-DB1B421ASPW1/1094949358;WM;5;https://www.liverpool.com.mx/
1253;aHR0cHM6Ly93d3cubGl2ZXJwb29sLmNvbS5teC90aWVuZGEvcGRwL0xhdmFkb3JhLVdpbmlhLTIxLWtnLWJsYW5jYS1EV0YtREIxQjQyMUFTUFcxLzEwOTQ5NDkzNTg0Njg0NTc=;SEM;2021-10-09;2020-08-03;;468457;;;;LIVERPOOL;MX;2021-10-09 04:28;WINIA;Lavadora Winia 21 kg blanca DWF-DB1B421ASPW1;https://www.liverpool.com.mx/tienda/pdp/Lavadora-Winia-21-kg-blanca-DWF-DB1B421ASPW1/1094949358;WM;5;https://www.liverpool.com.mx/
1254;aHR0cHM6Ly93d3cubGl2ZXJwb29sLmNvbS5teC90aWVuZGEvcGRwL0xhdmFkb3JhLVdpbmlhLTIxLWtnLWJsYW5jYS1EV0YtREIxQjQyMUFTUFcxLzEwOTQ5NDkzNTgzNzE2MDI=;SEM;2021-10-09;2020-07-08;;371602;;;;LIVERPOOL;MX;2021-10-09 04:28;WINIA;Lavadora Winia 21 kg blanca DWF-DB1B421ASPW1;https://www.liverpool.com.mx/tienda/pdp/Lavadora-Winia-21-kg-blanca-DWF-DB1B421ASPW1/1094949358;WM;5;https://www.liverpool.com.mx/
1255;aHR0cHM6Ly93d3cubGl2ZXJwb29sLmNvbS5teC90aWVuZGEvcGRwL0xhdmFkb3JhLVdpbmlhLTIxLWtnLWJsYW5jYS1EV0YtREIxQjQyMUFTUFcxLzEwOTQ5NDkzNTg0OTkzNjA=;SEM;2021-10-09;2020-08-08;;499360;;;;LIVERPOOL;MX;2021-10-09 04:28;WINIA;Lavadora Winia 21 kg blanca DWF-DB1B421ASPW1;https://www.liverpool.com.mx/tienda/pdp/Lavadora-Winia-21-kg-blanca-DWF-DB1B421ASPW1/1094949358;WM;5;https://www.liverpool.com.mx/
1256;aHR0cHM6Ly93d3cubGl2ZXJwb29sLmNvbS5teC90aWVuZGEvcGRwL0xhdmFkb3JhLVdpbmlhLTIxLWtnLWJsYW5jYS1EV0YtREIxQjQyMUFTUFcxLzEwOTQ5NDkzNTg1MTA0NTI=;SEM;2021-10-09;2020-08-11;;510452;;;;LIVERPOOL;MX;2021-10-09 04:28;WINIA;Lavadora Winia 21 kg blanca DWF-DB1B421ASPW1;https://www.liverpool.com.mx/tienda/pdp/Lavadora-Winia-21-kg-blanca-DWF-DB1B421ASPW1/1094949358;WM;5;https://www.liverpool.com.mx/
1257;aHR0cHM6Ly93d3cubGl2ZXJwb29sLmNvbS5teC90aWVuZGEvcGRwL0xhdmFkb3JhLVdpbmlhLTIxLWtnLWJsYW5jYS1EV0YtREIxQjQyMUFTUFcxLzEwOTQ5NDkzNTgyMzk4ODI=;SEM;2021-10-09;2020-05-06;;239882;;;;LIVERPOOL;MX;2021-10-09 04:28;WINIA;Lavadora Winia 21 kg blanca DWF-DB1B421ASPW1;https://www.liverpool.com.mx/tienda/pdp/Lavadora-Winia-21-kg-blanca-DWF-DB1B421ASPW1/1094949358;WM;5;https://www.liverpool.com.mx/
1258;aHR0cHM6Ly93d3cubGl2ZXJwb29sLmNvbS5teC90aWVuZGEvcGRwL0xhdmFkb3JhLVdpbmlhLTIxLWtnLWJsYW5jYS1EV0YtREIxQjQyMUFTUFcxLzEwOTQ5NDkzNTg0NjgzNTM=;SEM;2021-10-09;2020-08-03;;468353;;;;LIVERPOOL;MX;2021-10-09 04:28;WINIA;Lavadora Winia 21 kg blanca DWF-DB1B421ASPW1;https://www.liverpool.com.mx/tienda/pdp/Lavadora-Winia-21-kg-blanca-DWF-DB1B421ASPW1/1094949358;WM;5;https://www.liverpool.com.mx/
1259;aHR0cHM6Ly93d3cubGl2ZXJwb29sLmNvbS5teC90aWVuZGEvcGRwL0xhdmFkb3JhLVdpbmlhLTIxLWtnLWJsYW5jYS1EV0YtREIxQjQyMUFTUFcxLzEwOTQ5NDkzNTg0MzQwOTA=;SEM;2021-10-09;2020-07-28;;434090;;;;LIVERPOOL;MX;2021-10-09 04:28;WINIA;Lavadora Winia 21 kg blanca DWF-DB1B421ASPW1;https://www.liverpool.com.mx/tienda/pdp/Lavadora-Winia-21-kg-blanca-DWF-DB1B421ASPW1/1094949358;WM;5;https://www.liverpool.com.mx/
1260;aHR0cHM6Ly93d3cubGl2ZXJwb29sLmNvbS5teC90aWVuZGEvcGRwL0xhdmFkb3JhLVdpbmlhLTIxLWtnLWJsYW5jYS1EV0YtREIxQjQyMUFTUFcxLzEwOTQ5NDkzNTg0MTUxNDk=;SEM;2021-10-09;2020-07-21;;415149;;;;LIVERPOOL;MX;2021-10-09 04:28;WINIA;Lavadora Winia 21 kg blanca DWF-DB1B421ASPW1;https://www.liverpool.com.mx/tienda/pdp/Lavadora-Winia-21-kg-blanca-DWF-DB1B421ASPW1/1094949358;WM;5;https://www.liverpool.com.mx/
1261;aHR0cHM6Ly93d3cubGl2ZXJwb29sLmNvbS5teC90aWVuZGEvcGRwL0xhdmFkb3JhLVdpbmlhLTIxLWtnLWJsYW5jYS1EV0YtREIxQjQyMUFTUFcxLzEwOTQ5NDkzNTg0NzAwMzE=;SEM;2021-10-09;2020-08-04;;470031;;;;LIVERPOOL;MX;2021-10-09 04:28;WINIA;Lavadora Winia 21 kg blanca DWF-DB1B421ASPW1;https://www.liverpool.com.mx/tienda/pdp/Lavadora-Winia-21-kg-blanca-DWF-DB1B421ASPW1/1094949358;WM;5;https://www.liverpool.com.mx/
1262;aHR0cHM6Ly93d3cubGl2ZXJwb29sLmNvbS5teC90aWVuZGEvcGRwL0xhdmFkb3JhLVdpbmlhLTIxLWtnLWJsYW5jYS1EV0YtREIxQjQyMUFTUFcxLzEwOTQ5NDkzNTg5MzQ3NDE=;SEM;2021-10-09;2021-05-02;;934741;;;;LIVERPOOL;MX;2021-10-09 04:28;WINIA;Lavadora Winia 21 kg blanca DWF-DB1B421ASPW1;https://www.liverpool.com.mx/tienda/pdp/Lavadora-Winia-21-kg-blanca-DWF-DB1B421ASPW1/1094949358;WM;5;https://www.liverpool.com.mx/
1263;aHR0cHM6Ly93d3cubGl2ZXJwb29sLmNvbS5teC90aWVuZGEvcGRwL0xhdmFkb3JhLVdpbmlhLTIxLWtnLWJsYW5jYS1EV0YtREIxQjQyMUFTUFcxLzEwOTQ5NDkzNTg0MDgwNDg=;SEM;2021-10-09;2020-07-19;;408048;;;;LIVERPOOL;MX;2021-10-09 04:28;WINIA;Lavadora Winia 21 kg blanca DWF-DB1B421ASPW1;https://www.liverpool.com.mx/tienda/pdp/Lavadora-Winia-21-kg-blanca-DWF-DB1B421ASPW1/1094949358;WM;5;https://www.liverpool.com.mx/
1264;aHR0cHM6Ly93d3cubGl2ZXJwb29sLmNvbS5teC90aWVuZGEvcGRwL0xhdmFkb3JhLVdpbmlhLTIxLWtnLWJsYW5jYS1EV0YtREIxQjQyMUFTUFcxLzEwOTQ5NDkzNTg1NzAzNTM=;SEM;2021-10-09;2020-08-31;;570353;;;;LIVERPOOL;MX;2021-10-09 04:28;WINIA;Lavadora Winia 21 kg blanca DWF-DB1B421ASPW1;https://www.liverpool.com.mx/tienda/pdp/Lavadora-Winia-21-kg-blanca-DWF-DB1B421ASPW1/1094949358;WM;5;https://www.liverpool.com.mx/
1265;aHR0cHM6Ly93d3cubGl2ZXJwb29sLmNvbS5teC90aWVuZGEvcGRwL0xhdmFkb3JhLVdpbmlhLTIxLWtnLWJsYW5jYS1EV0YtREIxQjQyMUFTUFcxLzEwOTQ5NDkzNTg4ODU1Mjg=;SEM;2021-10-09;2021-04-03;;885528;;;;LIVERPOOL;MX;2021-10-09 04:28;WINIA;Lavadora Winia 21 kg blanca DWF-DB1B421ASPW1;https://www.liverpool.com.mx/tienda/pdp/Lavadora-Winia-21-kg-blanca-DWF-DB1B421ASPW1/1094949358;WM;5;https://www.liverpool.com.mx/
1266;aHR0cHM6Ly93d3cubGl2ZXJwb29sLmNvbS5teC90aWVuZGEvcGRwL0xhdmFkb3JhLVdpbmlhLTIxLWtnLWJsYW5jYS1EV0YtREIxQjQyMUFTUFcxLzEwOTQ5NDkzNTg5NzgyMzk=;SEM;2021-10-09;2021-05-16;;978239;;;;LIVERPOOL;MX;2021-10-09 04:28;WINIA;Lavadora Winia 21 kg blanca DWF-DB1B421ASPW1;https://www.liverpool.com.mx/tienda/pdp/Lavadora-Winia-21-kg-blanca-DWF-DB1B421ASPW1/1094949358;WM;5;https://www.liverpool.com.mx/
1267;aHR0cHM6Ly93d3cubGl2ZXJwb29sLmNvbS5teC90aWVuZGEvcGRwL0xhdmFkb3JhLVdpbmlhLTIxLWtnLWJsYW5jYS1EV0YtREIxQjQyMUFTUFcxLzEwOTQ5NDkzNTg5NTgwNDA=;SEM;2021-10-09;2021-05-10;;958040;;;;LIVERPOOL;MX;2021-10-09 04:28;WINIA;Lavadora Winia 21 kg blanca DWF-DB1B421ASPW1;https://www.liverpool.com.mx/tienda/pdp/Lavadora-Winia-21-kg-blanca-DWF-DB1B421ASPW1/1094949358;WM;5;https://www.liverpool.com.mx/
1268;aHR0cHM6Ly93d3cubGl2ZXJwb29sLmNvbS5teC90aWVuZGEvcGRwL0xhdmFkb3JhLVdpbmlhLTIxLWtnLWJsYW5jYS1EV0YtREIxQjQyMUFTUFcxLzEwOTQ5NDkzNTg0MzkxNzc=;SEM;2021-10-09;2020-07-29;;439177;;;;LIVERPOOL;MX;2021-10-09 04:28;WINIA;Lavadora Winia 21 kg blanca DWF-DB1B421ASPW1;https://www.liverpool.com.mx/tienda/pdp/Lavadora-Winia-21-kg-blanca-DWF-DB1B421ASPW1/1094949358;WM;5;https://www.liverpool.com.mx/
1269;aHR0cHM6Ly93d3cubGl2ZXJwb29sLmNvbS5teC90aWVuZGEvcGRwL0xhdmFkb3JhLVdpbmlhLTIxLWtnLWJsYW5jYS1EV0YtREIxQjQyMUFTUFcxLzEwOTQ5NDkzNTg4OTEzMDU=;SEM;2021-10-09;2021-04-07;;891305;;;;LIVERPOOL;MX;2021-10-09 04:28;WINIA;Lavadora Winia 21 kg blanca DWF-DB1B421ASPW1;https://www.liverpool.com.mx/tienda/pdp/Lavadora-Winia-21-kg-blanca-DWF-DB1B421ASPW1/1094949358;WM;5;https://www.liverpool.com.mx/
1270;aHR0cHM6Ly93d3cubGl2ZXJwb29sLmNvbS5teC90aWVuZGEvcGRwL0xhdmFkb3JhLVdpbmlhLTIxLWtnLWJsYW5jYS1EV0YtREIxQjQyMUFTUFcxLzEwOTQ5NDkzNTg3ODY2NTI=;SEM;2021-10-09;2021-02-16;;786652;;;;LIVERPOOL;MX;2021-10-09 04:28;WINIA;Lavadora Winia 21 kg blanca DWF-DB1B421ASPW1;https://www.liverpool.com.mx/tienda/pdp/Lavadora-Winia-21-kg-blanca-DWF-DB1B421ASPW1/1094949358;WM;4;https://www.liverpool.com.mx/
1271;aHR0cHM6Ly93d3cubGl2ZXJwb29sLmNvbS5teC90aWVuZGEvcGRwL0xhdmFkb3JhLVdpbmlhLTIxLWtnLWJsYW5jYS1EV0YtREIxQjQyMUFTUFcxLzEwOTQ5NDkzNTgxMDg4NTcw;SEM;2021-10-09;2021-06-21;;1088570;;;;LIVERPOOL;MX;2021-10-09 04:28;WINIA;Lavadora Winia 21 kg blanca DWF-DB1B421ASPW1;https://www.liverpool.com.mx/tienda/pdp/Lavadora-Winia-21-kg-blanca-DWF-DB1B421ASPW1/1094949358;WM;5;https://www.liverpool.com.mx/
1272;aHR0cHM6Ly93d3cubGl2ZXJwb29sLmNvbS5teC90aWVuZGEvcGRwL0xhdmFkb3JhLVdpbmlhLTIxLWtnLWJsYW5jYS1EV0YtREIxQjQyMUFTUFcxLzEwOTQ5NDkzNTgzMDk1NzM=;SEM;2021-10-09;2020-06-17;;309573;;;;LIVERPOOL;MX;2021-10-09 04:28;WINIA;Lavadora Winia 21 kg blanca DWF-DB1B421ASPW1;https://www.liverpool.com.mx/tienda/pdp/Lavadora-Winia-21-kg-blanca-DWF-DB1B421ASPW1/1094949358;WM;4;https://www.liverpool.com.mx/
1273;aHR0cHM6Ly93d3cubGl2ZXJwb29sLmNvbS5teC90aWVuZGEvcGRwL0xhdmFkb3JhLVdpbmlhLTIxLWtnLWJsYW5jYS1EV0YtREIxQjQyMUFTUFcxLzEwOTQ5NDkzNTgxMDAxNjcw;SEM;2021-10-09;2021-05-25;;1001670;;;;LIVERPOOL;MX;2021-10-09 04:28;WINIA;Lavadora Winia 21 kg blanca DWF-DB1B421ASPW1;https://www.liverpool.com.mx/tienda/pdp/Lavadora-Winia-21-kg-blanca-DWF-DB1B421ASPW1/1094949358;WM;5;https://www.liverpool.com.mx/
1274;aHR0cHM6Ly93d3cubGl2ZXJwb29sLmNvbS5teC90aWVuZGEvcGRwL0xhdmFkb3JhLVdpbmlhLTIxLWtnLWJsYW5jYS1EV0YtREIxQjQyMUFTUFcxLzEwOTQ5NDkzNTgxMTI0ODMz;SEM;2021-10-09;2021-07-05;;1124833;;;;LIVERPOOL;MX;2021-10-09 04:28;WINIA;Lavadora Winia 21 kg blanca DWF-DB1B421ASPW1;https://www.liverpool.com.mx/tienda/pdp/Lavadora-Winia-21-kg-blanca-DWF-DB1B421ASPW1/1094949358;WM;5;https://www.liverpool.com.mx/
1275;aHR0cHM6Ly93d3cubGl2ZXJwb29sLmNvbS5teC90aWVuZGEvcGRwL0xhdmFkb3JhLVdpbmlhLTIxLWtnLWJsYW5jYS1EV0YtREIxQjQyMUFTUFcxLzEwOTQ5NDkzNTg1NzU3NDY=;SEM;2021-10-09;2020-09-02;;575746;;;;LIVERPOOL;MX;2021-10-09 04:28;WINIA;Lavadora Winia 21 kg blanca DWF-DB1B421ASPW1;https://www.liverpool.com.mx/tienda/pdp/Lavadora-Winia-21-kg-blanca-DWF-DB1B421ASPW1/1094949358;WM;1;https://www.liverpool.com.mx/
1276;aHR0cHM6Ly93d3cubGl2ZXJwb29sLmNvbS5teC90aWVuZGEvcGRwL0xhdmFkb3JhLVdpbmlhLTIxLWtnLWJsYW5jYS1EV0YtREIxQjQyMUFTUFcxLzEwOTQ5NDkzNTg0NTE0OTc=;SEM;2021-10-09;2020-07-31;;451497;;;;LIVERPOOL;MX;2021-10-09 04:28;WINIA;Lavadora Winia 21 kg blanca DWF-DB1B421ASPW1;https://www.liverpool.com.mx/tienda/pdp/Lavadora-Winia-21-kg-blanca-DWF-DB1B421ASPW1/1094949358;WM;1;https://www.liverpool.com.mx/
1277;aHR0cHM6Ly93d3cubGl2ZXJwb29sLmNvbS5teC90aWVuZGEvcGRwL0xhdmFkb3JhLVdpbmlhLTIxLWtnLWJsYW5jYS1EV0YtREIxQjQyMUFTUFcxLzEwOTQ5NDkzNTgyNDY1MTM=;SEM;2021-10-09;2020-05-11;;246513;;;;LIVERPOOL;MX;2021-10-09 04:28;WINIA;Lavadora Winia 21 kg blanca DWF-DB1B421ASPW1;https://www.liverpool.com.mx/tienda/pdp/Lavadora-Winia-21-kg-blanca-DWF-DB1B421ASPW1/1094949358;WM;5;https://www.liverpool.com.mx/
1278;aHR0cHM6Ly93d3cubGl2ZXJwb29sLmNvbS5teC90aWVuZGEvcGRwL0xhdmFkb3JhLVdpbmlhLTIxLWtnLWJsYW5jYS1EV0YtREIxQjQyMUFTUFcxLzEwOTQ5NDkzNTgxMDE0Mzc2;SEM;2021-10-09;2021-05-29;;1014376;;;;LIVERPOOL;MX;2021-10-09 04:28;WINIA;Lavadora Winia 21 kg blanca DWF-DB1B421ASPW1;https://www.liverpool.com.mx/tienda/pdp/Lavadora-Winia-21-kg-blanca-DWF-DB1B421ASPW1/1094949358;WM;4;https://www.liverpool.com.mx/
1279;aHR0cHM6Ly93d3cubGl2ZXJwb29sLmNvbS5teC90aWVuZGEvcGRwL0xhdmFkb3JhLVdpbmlhLTIxLWtnLWJsYW5jYS1EV0YtREIxQjQyMUFTUFcxLzEwOTQ5NDkzNTg2MjQ3MTg=;SEM;2021-10-09;2020-10-07;;624718;;;;LIVERPOOL;MX;2021-10-09 04:28;WINIA;Lavadora Winia 21 kg blanca DWF-DB1B421ASPW1;https://www.liverpool.com.mx/tienda/pdp/Lavadora-Winia-21-kg-blanca-DWF-DB1B421ASPW1/1094949358;WM;5;https://www.liverpool.com.mx/
1280;aHR0cHM6Ly93d3cubGl2ZXJwb29sLmNvbS5teC90aWVuZGEvcGRwL0xhdmFkb3JhLVdpbmlhLTIxLWtnLWJsYW5jYS1EV0YtREIxQjQyMUFTUFcxLzEwOTQ5NDkzNTgyNTk0MDA=;SEM;2021-10-09;2020-05-21;;259400;;;;LIVERPOOL;MX;2021-10-09 04:28;WINIA;Lavadora Winia 21 kg blanca DWF-DB1B421ASPW1;https://www.liverpool.com.mx/tienda/pdp/Lavadora-Winia-21-kg-blanca-DWF-DB1B421ASPW1/1094949358;WM;5;https://www.liverpool.com.mx/
1281;aHR0cHM6Ly93d3cubGl2ZXJwb29sLmNvbS5teC90aWVuZGEvcGRwL0xhdmFkb3JhLU1hYmUtMjAta2ctZ3Jpcy1vYnNjdXJvLUxNQTcwMjAwV0RBQjEvMTA5NjIwMzk1NzU2OTU5OQ==;SEM;2021-10-09;2020-08-31;;569599;;;;LIVERPOOL;MX;2021-10-09 04:29;MABE;Lavadora Mabe 20 kg gris obscuro LMA70200WDAB1;https://www.liverpool.com.mx/tienda/pdp/Lavadora-Mabe-20-kg-gris-obscuro-LMA70200WDAB1/1096203957;WM;5;https://www.liverpool.com.mx/
1282;aHR0cHM6Ly93d3cubGl2ZXJwb29sLmNvbS5teC90aWVuZGEvcGRwL0xhdmFkb3JhLU1hYmUtMjAta2ctZ3Jpcy1vYnNjdXJvLUxNQTcwMjAwV0RBQjEvMTA5NjIwMzk1NzQ1NDk3OA==;SEM;2021-10-09;2020-08-01;;454978;;;;LIVERPOOL;MX;2021-10-09 04:29;MABE;Lavadora Mabe 20 kg gris obscuro LMA70200WDAB1;https://www.liverpool.com.mx/tienda/pdp/Lavadora-Mabe-20-kg-gris-obscuro-LMA70200WDAB1/1096203957;WM;5;https://www.liverpool.com.mx/
1283;aHR0cHM6Ly93d3cubGl2ZXJwb29sLmNvbS5teC90aWVuZGEvcGRwL0xhdmFkb3JhLU1hYmUtMjAta2ctZ3Jpcy1vYnNjdXJvLUxNQTcwMjAwV0RBQjEvMTA5NjIwMzk1NzEwMDM4MTI=;SEM;2021-10-09;2021-05-26;;1003812;;;;LIVERPOOL;MX;2021-10-09 04:29;MABE;Lavadora Mabe 20 kg gris obscuro LMA70200WDAB1;https://www.liverpool.com.mx/tienda/pdp/Lavadora-Mabe-20-kg-gris-obscuro-LMA70200WDAB1/1096203957;WM;5;https://www.liverpool.com.mx/
1284;aHR0cHM6Ly93d3cubGl2ZXJwb29sLmNvbS5teC90aWVuZGEvcGRwL0xhdmFkb3JhLU1hYmUtMjAta2ctZ3Jpcy1vYnNjdXJvLUxNQTcwMjAwV0RBQjEvMTA5NjIwMzk1NzM2NDc4MQ==;SEM;2021-10-09;2020-07-04;;364781;;;;LIVERPOOL;MX;2021-10-09 04:29;MABE;Lavadora Mabe 20 kg gris obscuro LMA70200WDAB1;https://www.liverpool.com.mx/tienda/pdp/Lavadora-Mabe-20-kg-gris-obscuro-LMA70200WDAB1/1096203957;WM;1;https://www.liverpool.com.mx/
1285;aHR0cHM6Ly93d3cubGl2ZXJwb29sLmNvbS5teC90aWVuZGEvcGRwL0xhdmFkb3JhLU1hYmUtMjAta2ctZ3Jpcy1vYnNjdXJvLUxNQTcwMjAwV0RBQjEvMTA5NjIwMzk1NzEwMDg2NDM=;SEM;2021-10-09;2021-05-28;;1008643;;;;LIVERPOOL;MX;2021-10-09 04:29;MABE;Lavadora Mabe 20 kg gris obscuro LMA70200WDAB1;https://www.liverpool.com.mx/tienda/pdp/Lavadora-Mabe-20-kg-gris-obscuro-LMA70200WDAB1/1096203957;WM;5;https://www.liverpool.com.mx/
1286;aHR0cHM6Ly93d3cubGl2ZXJwb29sLmNvbS5teC90aWVuZGEvcGRwL0xhdmFkb3JhLU1hYmUtMjAta2ctZ3Jpcy1vYnNjdXJvLUxNQTcwMjAwV0RBQjEvMTA5NjIwMzk1NzEzMDA1MjA=;SEM;2021-10-09;2021-10-04;;1300520;;;;LIVERPOOL;MX;2021-10-09 04:29;MABE;Lavadora Mabe 20 kg gris obscuro LMA70200WDAB1;https://www.liverpool.com.mx/tienda/pdp/Lavadora-Mabe-20-kg-gris-obscuro-LMA70200WDAB1/1096203957;WM;5;https://www.liverpool.com.mx/
1287;aHR0cHM6Ly93d3cubGl2ZXJwb29sLmNvbS5teC90aWVuZGEvcGRwL0xhdmFkb3JhLU1hYmUtMjAta2ctZ3Jpcy1vYnNjdXJvLUxNQTcwMjAwV0RBQjEvMTA5NjIwMzk1NzEyODY1MDc=;SEM;2021-10-09;2021-09-26;;1286507;;;;LIVERPOOL;MX;2021-10-09 04:29;MABE;Lavadora Mabe 20 kg gris obscuro LMA70200WDAB1;https://www.liverpool.com.mx/tienda/pdp/Lavadora-Mabe-20-kg-gris-obscuro-LMA70200WDAB1/1096203957;WM;5;https://www.liverpool.com.mx/
1288;aHR0cHM6Ly93d3cubGl2ZXJwb29sLmNvbS5teC90aWVuZGEvcGRwL0xhdmFkb3JhLU1hYmUtMjAta2ctZ3Jpcy1vYnNjdXJvLUxNQTcwMjAwV0RBQjEvMTA5NjIwMzk1NzEyOTU1NDU=;SEM;2021-10-09;2021-10-02;;1295545;;;;LIVERPOOL;MX;2021-10-09 04:29;MABE;Lavadora Mabe 20 kg gris obscuro LMA70200WDAB1;https://www.liverpool.com.mx/tienda/pdp/Lavadora-Mabe-20-kg-gris-obscuro-LMA70200WDAB1/1096203957;WM;5;https://www.liverpool.com.mx/
1289;aHR0cHM6Ly93d3cubGl2ZXJwb29sLmNvbS5teC90aWVuZGEvcGRwL0xhdmFkb3JhLU1hYmUtMjAta2ctZ3Jpcy1vYnNjdXJvLUxNQTcwMjAwV0RBQjEvMTA5NjIwMzk1NzEzMDkxMjY=;SEM;2021-10-09;2021-10-07;;1309126;;;;LIVERPOOL;MX;2021-10-09 04:29;MABE;Lavadora Mabe 20 kg gris obscuro LMA70200WDAB1;https://www.liverpool.com.mx/tienda/pdp/Lavadora-Mabe-20-kg-gris-obscuro-LMA70200WDAB1/1096203957;WM;5;https://www.liverpool.com.mx/
1290;aHR0cHM6Ly93d3cubGl2ZXJwb29sLmNvbS5teC90aWVuZGEvcGRwL0xhdmFkb3JhLU1hYmUtMjAta2ctZ3Jpcy1vYnNjdXJvLUxNQTcwMjAwV0RBQjEvMTA5NjIwMzk1NzEyMjM5NDM=;SEM;2021-10-09;2021-08-22;;1223943;;;;LIVERPOOL;MX;2021-10-09 04:29;MABE;Lavadora Mabe 20 kg gris obscuro LMA70200WDAB1;https://www.liverpool.com.mx/tienda/pdp/Lavadora-Mabe-20-kg-gris-obscuro-LMA70200WDAB1/1096203957;WM;4;https://www.liverpool.com.mx/
1291;aHR0cHM6Ly93d3cubGl2ZXJwb29sLmNvbS5teC90aWVuZGEvcGRwL0xhdmFkb3JhLU1hYmUtMjAta2ctZ3Jpcy1vYnNjdXJvLUxNQTcwMjAwV0RBQjEvMTA5NjIwMzk1NzExMjMzNDI=;SEM;2021-10-09;2021-07-05;;1123342;;;;LIVERPOOL;MX;2021-10-09 04:29;MABE;Lavadora Mabe 20 kg gris obscuro LMA70200WDAB1;https://www.liverpool.com.mx/tienda/pdp/Lavadora-Mabe-20-kg-gris-obscuro-LMA70200WDAB1/1096203957;WM;5;https://www.liverpool.com.mx/
1292;aHR0cHM6Ly93d3cubGl2ZXJwb29sLmNvbS5teC90aWVuZGEvcGRwL0xhdmFkb3JhLU1hYmUtMjAta2ctZ3Jpcy1vYnNjdXJvLUxNQTcwMjAwV0RBQjEvMTA5NjIwMzk1NzExMjg3OTc=;SEM;2021-10-09;2021-07-07;;1128797;;;;LIVERPOOL;MX;2021-10-09 04:29;MABE;Lavadora Mabe 20 kg gris obscuro LMA70200WDAB1;https://www.liverpool.com.mx/tienda/pdp/Lavadora-Mabe-20-kg-gris-obscuro-LMA70200WDAB1/1096203957;WM;5;https://www.liverpool.com.mx/
1293;aHR0cHM6Ly93d3cubGl2ZXJwb29sLmNvbS5teC90aWVuZGEvcGRwL0xhdmFkb3JhLU1hYmUtMjAta2ctZ3Jpcy1vYnNjdXJvLUxNQTcwMjAwV0RBQjEvMTA5NjIwMzk1NzIzNjM3MQ==;SEM;2021-10-09;2020-05-03;;236371;;;;LIVERPOOL;MX;2021-10-09 04:29;MABE;Lavadora Mabe 20 kg gris obscuro LMA70200WDAB1;https://www.liverpool.com.mx/tienda/pdp/Lavadora-Mabe-20-kg-gris-obscuro-LMA70200WDAB1/1096203957;WM;5;https://www.liverpool.com.mx/
1294;aHR0cHM6Ly93d3cubGl2ZXJwb29sLmNvbS5teC90aWVuZGEvcGRwL0xhdmFkb3JhLU1hYmUtMjEta2ctYXV0b20lQzMlQTF0aWNhLWNhcmdhLXN1cGVyaW9yLUxNQTcxMjE0VkJBQjAvMTEwMTgxMjkyNDcxMjkwNA==;SEM;2021-10-09;2021-01-04;;712904;;;;LIVERPOOL;MX;2021-10-09 04:30;MABE;Lavadora Mabe 21 kg automática carga superior LMA71214VBAB0;https://www.liverpool.com.mx/tienda/pdp/Lavadora-Mabe-21-kg-autom%C3%A1tica-carga-superior-LMA71214VBAB0/1101812924;WM;4;https://www.liverpool.com.mx/
1295;aHR0cHM6Ly93d3cubGl2ZXJwb29sLmNvbS5teC90aWVuZGEvcGRwL0xhdmFkb3JhLU1hYmUtMjEta2ctYXV0b20lQzMlQTF0aWNhLWNhcmdhLXN1cGVyaW9yLUxNQTcxMjE0VkJBQjAvMTEwMTgxMjkyNDc0OTg0Mw==;SEM;2021-10-09;2021-01-28;;749843;;;;LIVERPOOL;MX;2021-10-09 04:30;MABE;Lavadora Mabe 21 kg automática carga superior LMA71214VBAB0;https://www.liverpool.com.mx/tienda/pdp/Lavadora-Mabe-21-kg-autom%C3%A1tica-carga-superior-LMA71214VBAB0/1101812924;WM;5;https://www.liverpool.com.mx/
1296;aHR0cHM6Ly93d3cubGl2ZXJwb29sLmNvbS5teC90aWVuZGEvcGRwL0xhdmFkb3JhLU1hYmUtMjEta2ctYXV0b20lQzMlQTF0aWNhLWNhcmdhLXN1cGVyaW9yLUxNQTcxMjE0VkJBQjAvMTEwMTgxMjkyNDc5MTQ4OQ==;SEM;2021-10-09;2021-02-18;;791489;;;;LIVERPOOL;MX;2021-10-09 04:30;MABE;Lavadora Mabe 21 kg automática carga superior LMA71214VBAB0;https://www.liverpool.com.mx/tienda/pdp/Lavadora-Mabe-21-kg-autom%C3%A1tica-carga-superior-LMA71214VBAB0/1101812924;WM;5;https://www.liverpool.com.mx/
1297;aHR0cHM6Ly93d3cubGl2ZXJwb29sLmNvbS5teC90aWVuZGEvcGRwL0xhdmFkb3JhLU1hYmUtMjEta2ctYXV0b20lQzMlQTF0aWNhLWNhcmdhLXN1cGVyaW9yLUxNQTcxMjE0VkJBQjAvMTEwMTgxMjkyNDc1Mjc4NA==;SEM;2021-10-09;2021-01-29;;752784;;;;LIVERPOOL;MX;2021-10-09 04:30;MABE;Lavadora Mabe 21 kg automática carga superior LMA71214VBAB0;https://www.liverpool.com.mx/tienda/pdp/Lavadora-Mabe-21-kg-autom%C3%A1tica-carga-superior-LMA71214VBAB0/1101812924;WM;5;https://www.liverpool.com.mx/
1298;aHR0cHM6Ly93d3cubGl2ZXJwb29sLmNvbS5teC90aWVuZGEvcGRwL0xhdmFkb3JhLU1hYmUtMjEta2ctYXV0b20lQzMlQTF0aWNhLWNhcmdhLXN1cGVyaW9yLUxNQTcxMjE0VkJBQjAvMTEwMTgxMjkyNDc0ODk4MA==;SEM;2021-10-09;2021-01-27;;748980;;;;LIVERPOOL;MX;2021-10-09 04:30;MABE;Lavadora Mabe 21 kg automática carga superior LMA71214VBAB0;https://www.liverpool.com.mx/tienda/pdp/Lavadora-Mabe-21-kg-autom%C3%A1tica-carga-superior-LMA71214VBAB0/1101812924;WM;4;https://www.liverpool.com.mx/
1299;aHR0cHM6Ly93d3cubGl2ZXJwb29sLmNvbS5teC90aWVuZGEvcGRwL0xhdmFkb3JhLU1hYmUtMjEta2ctYXV0b20lQzMlQTF0aWNhLWNhcmdhLXN1cGVyaW9yLUxNQTcxMjE0VkJBQjAvMTEwMTgxMjkyNDc4MzIzMw==;SEM;2021-10-09;2021-02-14;;783233;;;;LIVERPOOL;MX;2021-10-09 04:30;MABE;Lavadora Mabe 21 kg automática carga superior LMA71214VBAB0;https://www.liverpool.com.mx/tienda/pdp/Lavadora-Mabe-21-kg-autom%C3%A1tica-carga-superior-LMA71214VBAB0/1101812924;WM;5;https://www.liverpool.com.mx/
1300;aHR0cHM6Ly93d3cubGl2ZXJwb29sLmNvbS5teC90aWVuZGEvcGRwL0xhdmFkb3JhLU1hYmUtMjEta2ctYXV0b20lQzMlQTF0aWNhLWNhcmdhLXN1cGVyaW9yLUxNQTcxMjE0VkJBQjAvMTEwMTgxMjkyNDc2NTYyMA==;SEM;2021-10-09;2021-02-06;;765620;;;;LIVERPOOL;MX;2021-10-09 04:30;MABE;Lavadora Mabe 21 kg automática carga superior LMA71214VBAB0;https://www.liverpool.com.mx/tienda/pdp/Lavadora-Mabe-21-kg-autom%C3%A1tica-carga-superior-LMA71214VBAB0/1101812924;WM;5;https://www.liverpool.com.mx/
1301;aHR0cHM6Ly93d3cubGl2ZXJwb29sLmNvbS5teC90aWVuZGEvcGRwL0xhdmFkb3JhLU1hYmUtMjEta2ctYXV0b20lQzMlQTF0aWNhLWNhcmdhLXN1cGVyaW9yLUxNQTcxMjE0VkJBQjAvMTEwMTgxMjkyNDgwNzQxMA==;SEM;2021-10-09;2021-02-23;;807410;;;;LIVERPOOL;MX;2021-10-09 04:30;MABE;Lavadora Mabe 21 kg automática carga superior LMA71214VBAB0;https://www.liverpool.com.mx/tienda/pdp/Lavadora-Mabe-21-kg-autom%C3%A1tica-carga-superior-LMA71214VBAB0/1101812924;WM;4;https://www.liverpool.com.mx/
1302;aHR0cHM6Ly93d3cubGl2ZXJwb29sLmNvbS5teC90aWVuZGEvcGRwL0xhdmFkb3JhLU1hYmUtMjEta2ctYXV0b20lQzMlQTF0aWNhLWNhcmdhLXN1cGVyaW9yLUxNQTcxMjE0VkJBQjAvMTEwMTgxMjkyNDg2MjY3Ng==;SEM;2021-10-09;2021-03-22;;862676;;;;LIVERPOOL;MX;2021-10-09 04:30;MABE;Lavadora Mabe 21 kg automática carga superior LMA71214VBAB0;https://www.liverpool.com.mx/tienda/pdp/Lavadora-Mabe-21-kg-autom%C3%A1tica-carga-superior-LMA71214VBAB0/1101812924;WM;5;https://www.liverpool.com.mx/
1303;aHR0cHM6Ly93d3cubGl2ZXJwb29sLmNvbS5teC90aWVuZGEvcGRwL0xhdmFkb3JhLU1hYmUtMjEta2ctYXV0b20lQzMlQTF0aWNhLWNhcmdhLXN1cGVyaW9yLUxNQTcxMjE0VkJBQjAvMTEwMTgxMjkyNDkxMDg2Ng==;SEM;2021-10-09;2021-04-18;;910866;;;;LIVERPOOL;MX;2021-10-09 04:30;MABE;Lavadora Mabe 21 kg automática carga superior LMA71214VBAB0;https://www.liverpool.com.mx/tienda/pdp/Lavadora-Mabe-21-kg-autom%C3%A1tica-carga-superior-LMA71214VBAB0/1101812924;WM;5;https://www.liverpool.com.mx/
1304;aHR0cHM6Ly93d3cubGl2ZXJwb29sLmNvbS5teC90aWVuZGEvcGRwL0xhdmFkb3JhLU1hYmUtMjEta2ctYXV0b20lQzMlQTF0aWNhLWNhcmdhLXN1cGVyaW9yLUxNQTcxMjE0VkJBQjAvMTEwMTgxMjkyNDkxODEzMA==;SEM;2021-10-09;2021-04-24;;918130;;;;LIVERPOOL;MX;2021-10-09 04:30;MABE;Lavadora Mabe 21 kg automática carga superior LMA71214VBAB0;https://www.liverpool.com.mx/tienda/pdp/Lavadora-Mabe-21-kg-autom%C3%A1tica-carga-superior-LMA71214VBAB0/1101812924;WM;5;https://www.liverpool.com.mx/
1305;aHR0cHM6Ly93d3cubGl2ZXJwb29sLmNvbS5teC90aWVuZGEvcGRwL0xhdmFkb3JhLU1hYmUtMjEta2ctYXV0b20lQzMlQTF0aWNhLWNhcmdhLXN1cGVyaW9yLUxNQTcxMjE0VkJBQjAvMTEwMTgxMjkyNDc3ODc2MA==;SEM;2021-10-09;2021-02-12;;778760;;;;LIVERPOOL;MX;2021-10-09 04:30;MABE;Lavadora Mabe 21 kg automática carga superior LMA71214VBAB0;https://www.liverpool.com.mx/tienda/pdp/Lavadora-Mabe-21-kg-autom%C3%A1tica-carga-superior-LMA71214VBAB0/1101812924;WM;5;https://www.liverpool.com.mx/
1306;aHR0cHM6Ly93d3cubGl2ZXJwb29sLmNvbS5teC90aWVuZGEvcGRwL0xhdmFkb3JhLU1hYmUtMjEta2ctYXV0b20lQzMlQTF0aWNhLWNhcmdhLXN1cGVyaW9yLUxNQTcxMjE0VkJBQjAvMTEwMTgxMjkyNDkyOTM1Mg==;SEM;2021-10-09;2021-05-01;;929352;;;;LIVERPOOL;MX;2021-10-09 04:30;MABE;Lavadora Mabe 21 kg automática carga superior LMA71214VBAB0;https://www.liverpool.com.mx/tienda/pdp/Lavadora-Mabe-21-kg-autom%C3%A1tica-carga-superior-LMA71214VBAB0/1101812924;WM;5;https://www.liverpool.com.mx/
1307;aHR0cHM6Ly93d3cubGl2ZXJwb29sLmNvbS5teC90aWVuZGEvcGRwL0xhdmFkb3JhLU1hYmUtMjEta2ctYXV0b20lQzMlQTF0aWNhLWNhcmdhLXN1cGVyaW9yLUxNQTcxMjE0VkJBQjAvMTEwMTgxMjkyNDkyNDc0Ng==;SEM;2021-10-09;2021-04-28;;924746;;;;LIVERPOOL;MX;2021-10-09 04:30;MABE;Lavadora Mabe 21 kg automática carga superior LMA71214VBAB0;https://www.liverpool.com.mx/tienda/pdp/Lavadora-Mabe-21-kg-autom%C3%A1tica-carga-superior-LMA71214VBAB0/1101812924;WM;5;https://www.liverpool.com.mx/
1308;aHR0cHM6Ly93d3cubGl2ZXJwb29sLmNvbS5teC90aWVuZGEvcGRwL0xhdmFkb3JhLU1hYmUtMjEta2ctYXV0b20lQzMlQTF0aWNhLWNhcmdhLXN1cGVyaW9yLUxNQTcxMjE0VkJBQjAvMTEwMTgxMjkyNDgyNTIxMw==;SEM;2021-10-09;2021-03-04;;825213;;;;LIVERPOOL;MX;2021-10-09 04:30;MABE;Lavadora Mabe 21 kg automática carga superior LMA71214VBAB0;https://www.liverpool.com.mx/tienda/pdp/Lavadora-Mabe-21-kg-autom%C3%A1tica-carga-superior-LMA71214VBAB0/1101812924;WM;5;https://www.liverpool.com.mx/
1309;aHR0cHM6Ly93d3cubGl2ZXJwb29sLmNvbS5teC90aWVuZGEvcGRwL0xhdmFkb3JhLU1hYmUtMjEta2ctYXV0b20lQzMlQTF0aWNhLWNhcmdhLXN1cGVyaW9yLUxNQTcxMjE0VkJBQjAvMTEwMTgxMjkyNDkxNTk3NA==;SEM;2021-10-09;2021-04-22;;915974;;;;LIVERPOOL;MX;2021-10-09 04:30;MABE;Lavadora Mabe 21 kg automática carga superior LMA71214VBAB0;https://www.liverpool.com.mx/tienda/pdp/Lavadora-Mabe-21-kg-autom%C3%A1tica-carga-superior-LMA71214VBAB0/1101812924;WM;5;https://www.liverpool.com.mx/
1310;aHR0cHM6Ly93d3cubGl2ZXJwb29sLmNvbS5teC90aWVuZGEvcGRwL0xhdmFkb3JhLU1hYmUtMjEta2ctYXV0b20lQzMlQTF0aWNhLWNhcmdhLXN1cGVyaW9yLUxNQTcxMjE0VkJBQjAvMTEwMTgxMjkyNDkxNjA1OA==;SEM;2021-10-09;2021-04-22;;916058;;;;LIVERPOOL;MX;2021-10-09 04:30;MABE;Lavadora Mabe 21 kg automática carga superior LMA71214VBAB0;https://www.liverpool.com.mx/tienda/pdp/Lavadora-Mabe-21-kg-autom%C3%A1tica-carga-superior-LMA71214VBAB0/1101812924;WM;5;https://www.liverpool.com.mx/
1311;aHR0cHM6Ly93d3cubGl2ZXJwb29sLmNvbS5teC90aWVuZGEvcGRwL0xhdmFkb3JhLU1hYmUtMjEta2ctYXV0b20lQzMlQTF0aWNhLWNhcmdhLXN1cGVyaW9yLUxNQTcxMjE0VkJBQjAvMTEwMTgxMjkyNDgyMjQxNA==;SEM;2021-10-09;2021-03-02;;822414;;;;LIVERPOOL;MX;2021-10-09 04:30;MABE;Lavadora Mabe 21 kg automática carga superior LMA71214VBAB0;https://www.liverpool.com.mx/tienda/pdp/Lavadora-Mabe-21-kg-autom%C3%A1tica-carga-superior-LMA71214VBAB0/1101812924;WM;5;https://www.liverpool.com.mx/
1312;aHR0cHM6Ly93d3cubGl2ZXJwb29sLmNvbS5teC90aWVuZGEvcGRwL0xhdmFkb3JhLU1hYmUtMjEta2ctYXV0b20lQzMlQTF0aWNhLWNhcmdhLXN1cGVyaW9yLUxNQTcxMjE0VkJBQjAvMTEwMTgxMjkyNDkxMDgxMQ==;SEM;2021-10-09;2021-04-18;;910811;;;;LIVERPOOL;MX;2021-10-09 04:30;MABE;Lavadora Mabe 21 kg automática carga superior LMA71214VBAB0;https://www.liverpool.com.mx/tienda/pdp/Lavadora-Mabe-21-kg-autom%C3%A1tica-carga-superior-LMA71214VBAB0/1101812924;WM;5;https://www.liverpool.com.mx/
1313;aHR0cHM6Ly93d3cubGl2ZXJwb29sLmNvbS5teC90aWVuZGEvcGRwL0xhdmFkb3JhLU1hYmUtMjEta2ctYXV0b20lQzMlQTF0aWNhLWNhcmdhLXN1cGVyaW9yLUxNQTcxMjE0VkJBQjAvMTEwMTgxMjkyNDkwOTgzNQ==;SEM;2021-10-09;2021-04-18;;909835;;;;LIVERPOOL;MX;2021-10-09 04:30;MABE;Lavadora Mabe 21 kg automática carga superior LMA71214VBAB0;https://www.liverpool.com.mx/tienda/pdp/Lavadora-Mabe-21-kg-autom%C3%A1tica-carga-superior-LMA71214VBAB0/1101812924;WM;5;https://www.liverpool.com.mx/
1314;aHR0cHM6Ly93d3cubGl2ZXJwb29sLmNvbS5teC90aWVuZGEvcGRwL0xhdmFkb3JhLU1hYmUtMjEta2ctYXV0b20lQzMlQTF0aWNhLWNhcmdhLXN1cGVyaW9yLUxNQTcxMjE0VkJBQjAvMTEwMTgxMjkyNDg5ODMyMA==;SEM;2021-10-09;2021-04-11;;898320;;;;LIVERPOOL;MX;2021-10-09 04:30;MABE;Lavadora Mabe 21 kg automática carga superior LMA71214VBAB0;https://www.liverpool.com.mx/tienda/pdp/Lavadora-Mabe-21-kg-autom%C3%A1tica-carga-superior-LMA71214VBAB0/1101812924;WM;5;https://www.liverpool.com.mx/
1315;aHR0cHM6Ly93d3cubGl2ZXJwb29sLmNvbS5teC90aWVuZGEvcGRwL0xhdmFkb3JhLU1hYmUtMjEta2ctYXV0b20lQzMlQTF0aWNhLWNhcmdhLXN1cGVyaW9yLUxNQTcxMjE0VkJBQjAvMTEwMTgxMjkyNDkwNzAyOQ==;SEM;2021-10-09;2021-04-17;;907029;;;;LIVERPOOL;MX;2021-10-09 04:30;MABE;Lavadora Mabe 21 kg automática carga superior LMA71214VBAB0;https://www.liverpool.com.mx/tienda/pdp/Lavadora-Mabe-21-kg-autom%C3%A1tica-carga-superior-LMA71214VBAB0/1101812924;WM;5;https://www.liverpool.com.mx/
1316;aHR0cHM6Ly93d3cubGl2ZXJwb29sLmNvbS5teC90aWVuZGEvcGRwL0xhdmFkb3JhLU1hYmUtMjEta2ctYXV0b20lQzMlQTF0aWNhLWNhcmdhLXN1cGVyaW9yLUxNQTcxMjE0VkJBQjAvMTEwMTgxMjkyNDg1Njg4Mw==;SEM;2021-10-09;2021-03-20;;856883;;;;LIVERPOOL;MX;2021-10-09 04:30;MABE;Lavadora Mabe 21 kg automática carga superior LMA71214VBAB0;https://www.liverpool.com.mx/tienda/pdp/Lavadora-Mabe-21-kg-autom%C3%A1tica-carga-superior-LMA71214VBAB0/1101812924;WM;5;https://www.liverpool.com.mx/
1317;aHR0cHM6Ly93d3cubGl2ZXJwb29sLmNvbS5teC90aWVuZGEvcGRwL0xhdmFkb3JhLU1hYmUtMjEta2ctYXV0b20lQzMlQTF0aWNhLWNhcmdhLXN1cGVyaW9yLUxNQTcxMjE0VkJBQjAvMTEwMTgxMjkyNDg5ODM1Nw==;SEM;2021-10-09;2021-04-11;;898357;;;;LIVERPOOL;MX;2021-10-09 04:30;MABE;Lavadora Mabe 21 kg automática carga superior LMA71214VBAB0;https://www.liverpool.com.mx/tienda/pdp/Lavadora-Mabe-21-kg-autom%C3%A1tica-carga-superior-LMA71214VBAB0/1101812924;WM;5;https://www.liverpool.com.mx/
1318;aHR0cHM6Ly93d3cubGl2ZXJwb29sLmNvbS5teC90aWVuZGEvcGRwL0xhdmFkb3JhLU1hYmUtMjEta2ctYXV0b20lQzMlQTF0aWNhLWNhcmdhLXN1cGVyaW9yLUxNQTcxMjE0VkJBQjAvMTEwMTgxMjkyNDkwODA4OA==;SEM;2021-10-09;2021-04-17;;908088;;;;LIVERPOOL;MX;2021-10-09 04:30;MABE;Lavadora Mabe 21 kg automática carga superior LMA71214VBAB0;https://www.liverpool.com.mx/tienda/pdp/Lavadora-Mabe-21-kg-autom%C3%A1tica-carga-superior-LMA71214VBAB0/1101812924;WM;5;https://www.liverpool.com.mx/
1319;aHR0cHM6Ly93d3cubGl2ZXJwb29sLmNvbS5teC90aWVuZGEvcGRwL0xhdmFkb3JhLU1hYmUtMjEta2ctYXV0b20lQzMlQTF0aWNhLWNhcmdhLXN1cGVyaW9yLUxNQTcxMjE0VkJBQjAvMTEwMTgxMjkyNDkxMDM5Nw==;SEM;2021-10-09;2021-04-18;;910397;;;;LIVERPOOL;MX;2021-10-09 04:30;MABE;Lavadora Mabe 21 kg automática carga superior LMA71214VBAB0;https://www.liverpool.com.mx/tienda/pdp/Lavadora-Mabe-21-kg-autom%C3%A1tica-carga-superior-LMA71214VBAB0/1101812924;WM;5;https://www.liverpool.com.mx/
1320;aHR0cHM6Ly93d3cubGl2ZXJwb29sLmNvbS5teC90aWVuZGEvcGRwL0xhdmFkb3JhLU1hYmUtMjEta2ctYXV0b20lQzMlQTF0aWNhLWNhcmdhLXN1cGVyaW9yLUxNQTcxMjE0VkJBQjAvMTEwMTgxMjkyNDkwODEzOA==;SEM;2021-10-09;2021-04-17;;908138;;;;LIVERPOOL;MX;2021-10-09 04:30;MABE;Lavadora Mabe 21 kg automática carga superior LMA71214VBAB0;https://www.liverpool.com.mx/tienda/pdp/Lavadora-Mabe-21-kg-autom%C3%A1tica-carga-superior-LMA71214VBAB0/1101812924;WM;5;https://www.liverpool.com.mx/
1321;aHR0cHM6Ly93d3cubGl2ZXJwb29sLmNvbS5teC90aWVuZGEvcGRwL0xhdmFkb3JhLU1hYmUtMjEta2ctYXV0b20lQzMlQTF0aWNhLWNhcmdhLXN1cGVyaW9yLUxNQTcxMjE0VkJBQjAvMTEwMTgxMjkyNDg5NDgyOQ==;SEM;2021-10-09;2021-04-09;;894829;;;;LIVERPOOL;MX;2021-10-09 04:30;MABE;Lavadora Mabe 21 kg automática carga superior LMA71214VBAB0;https://www.liverpool.com.mx/tienda/pdp/Lavadora-Mabe-21-kg-autom%C3%A1tica-carga-superior-LMA71214VBAB0/1101812924;WM;5;https://www.liverpool.com.mx/
1322;aHR0cHM6Ly93d3cubGl2ZXJwb29sLmNvbS5teC90aWVuZGEvcGRwL0xhdmFkb3JhLU1hYmUtMjEta2ctYXV0b20lQzMlQTF0aWNhLWNhcmdhLXN1cGVyaW9yLUxNQTcxMjE0VkJBQjAvMTEwMTgxMjkyNDkxMjUwMA==;SEM;2021-10-09;2021-04-19;;912500;;;;LIVERPOOL;MX;2021-10-09 04:30;MABE;Lavadora Mabe 21 kg automática carga superior LMA71214VBAB0;https://www.liverpool.com.mx/tienda/pdp/Lavadora-Mabe-21-kg-autom%C3%A1tica-carga-superior-LMA71214VBAB0/1101812924;WM;5;https://www.liverpool.com.mx/
1323;aHR0cHM6Ly93d3cubGl2ZXJwb29sLmNvbS5teC90aWVuZGEvcGRwL0xhdmFkb3JhLU1hYmUtMjEta2ctYXV0b20lQzMlQTF0aWNhLWNhcmdhLXN1cGVyaW9yLUxNQTcxMjE0VkJBQjAvMTEwMTgxMjkyNDg1NTY3Mg==;SEM;2021-10-09;2021-03-19;;855672;;;;LIVERPOOL;MX;2021-10-09 04:30;MABE;Lavadora Mabe 21 kg automática carga superior LMA71214VBAB0;https://www.liverpool.com.mx/tienda/pdp/Lavadora-Mabe-21-kg-autom%C3%A1tica-carga-superior-LMA71214VBAB0/1101812924;WM;5;https://www.liverpool.com.mx/
1324;aHR0cHM6Ly93d3cubGl2ZXJwb29sLmNvbS5teC90aWVuZGEvcGRwL0xhdmFkb3JhLU1hYmUtMjEta2ctYXV0b20lQzMlQTF0aWNhLWNhcmdhLXN1cGVyaW9yLUxNQTcxMjE0VkJBQjAvMTEwMTgxMjkyNDkwODY2OA==;SEM;2021-10-09;2021-04-17;;908668;;;;LIVERPOOL;MX;2021-10-09 04:30;MABE;Lavadora Mabe 21 kg automática carga superior LMA71214VBAB0;https://www.liverpool.com.mx/tienda/pdp/Lavadora-Mabe-21-kg-autom%C3%A1tica-carga-superior-LMA71214VBAB0/1101812924;WM;5;https://www.liverpool.com.mx/
1325;aHR0cHM6Ly93d3cubGl2ZXJwb29sLmNvbS5teC90aWVuZGEvcGRwL0xhdmFkb3JhLU1hYmUtMjEta2ctYXV0b20lQzMlQTF0aWNhLWNhcmdhLXN1cGVyaW9yLUxNQTcxMjE0VkJBQjAvMTEwMTgxMjkyNDkwOTQ1Nw==;SEM;2021-10-09;2021-04-18;;909457;;;;LIVERPOOL;MX;2021-10-09 04:30;MABE;Lavadora Mabe 21 kg automática carga superior LMA71214VBAB0;https://www.liverpool.com.mx/tienda/pdp/Lavadora-Mabe-21-kg-autom%C3%A1tica-carga-superior-LMA71214VBAB0/1101812924;WM;5;https://www.liverpool.com.mx/
1326;aHR0cHM6Ly93d3cubGl2ZXJwb29sLmNvbS5teC90aWVuZGEvcGRwL0xhdmFkb3JhLU1hYmUtMjEta2ctYXV0b20lQzMlQTF0aWNhLWNhcmdhLXN1cGVyaW9yLUxNQTcxMjE0VkJBQjAvMTEwMTgxMjkyNDg5NDEwOA==;SEM;2021-10-09;2021-04-09;;894108;;;;LIVERPOOL;MX;2021-10-09 04:30;MABE;Lavadora Mabe 21 kg automática carga superior LMA71214VBAB0;https://www.liverpool.com.mx/tienda/pdp/Lavadora-Mabe-21-kg-autom%C3%A1tica-carga-superior-LMA71214VBAB0/1101812924;WM;5;https://www.liverpool.com.mx/
1327;aHR0cHM6Ly93d3cubGl2ZXJwb29sLmNvbS5teC90aWVuZGEvcGRwL0xhdmFkb3JhLU1hYmUtMjEta2ctYXV0b20lQzMlQTF0aWNhLWNhcmdhLXN1cGVyaW9yLUxNQTcxMjE0VkJBQjAvMTEwMTgxMjkyNDg3MTU5NA==;SEM;2021-10-09;2021-03-27;;871594;;;;LIVERPOOL;MX;2021-10-09 04:30;MABE;Lavadora Mabe 21 kg automática carga superior LMA71214VBAB0;https://www.liverpool.com.mx/tienda/pdp/Lavadora-Mabe-21-kg-autom%C3%A1tica-carga-superior-LMA71214VBAB0/1101812924;WM;5;https://www.liverpool.com.mx/
1328;aHR0cHM6Ly93d3cubGl2ZXJwb29sLmNvbS5teC90aWVuZGEvcGRwL0xhdmFkb3JhLU1hYmUtMjEta2ctYXV0b20lQzMlQTF0aWNhLWNhcmdhLXN1cGVyaW9yLUxNQTcxMjE0VkJBQjAvMTEwMTgxMjkyNDkxMjA2Ng==;SEM;2021-10-09;2021-04-19;;912066;;;;LIVERPOOL;MX;2021-10-09 04:30;MABE;Lavadora Mabe 21 kg automática carga superior LMA71214VBAB0;https://www.liverpool.com.mx/tienda/pdp/Lavadora-Mabe-21-kg-autom%C3%A1tica-carga-superior-LMA71214VBAB0/1101812924;WM;5;https://www.liverpool.com.mx/
1329;aHR0cHM6Ly93d3cubGl2ZXJwb29sLmNvbS5teC90aWVuZGEvcGRwL0xhdmFkb3JhLU1hYmUtMjEta2ctYXV0b20lQzMlQTF0aWNhLWNhcmdhLXN1cGVyaW9yLUxNQTcxMjE0VkJBQjAvMTEwMTgxMjkyNDg2NDk2OA==;SEM;2021-10-09;2021-03-23;;864968;;;;LIVERPOOL;MX;2021-10-09 04:30;MABE;Lavadora Mabe 21 kg automática carga superior LMA71214VBAB0;https://www.liverpool.com.mx/tienda/pdp/Lavadora-Mabe-21-kg-autom%C3%A1tica-carga-superior-LMA71214VBAB0/1101812924;WM;5;https://www.liverpool.com.mx/
1330;aHR0cHM6Ly93d3cubGl2ZXJwb29sLmNvbS5teC90aWVuZGEvcGRwL0xhdmFkb3JhLU1hYmUtMjEta2ctYXV0b20lQzMlQTF0aWNhLWNhcmdhLXN1cGVyaW9yLUxNQTcxMjE0VkJBQjAvMTEwMTgxMjkyNDg2MzcwOA==;SEM;2021-10-09;2021-03-22;;863708;;;;LIVERPOOL;MX;2021-10-09 04:30;MABE;Lavadora Mabe 21 kg automática carga superior LMA71214VBAB0;https://www.liverpool.com.mx/tienda/pdp/Lavadora-Mabe-21-kg-autom%C3%A1tica-carga-superior-LMA71214VBAB0/1101812924;WM;5;https://www.liverpool.com.mx/
1331;aHR0cHM6Ly93d3cubGl2ZXJwb29sLmNvbS5teC90aWVuZGEvcGRwL0xhdmFkb3JhLU1hYmUtMjEta2ctYXV0b20lQzMlQTF0aWNhLWNhcmdhLXN1cGVyaW9yLUxNQTcxMjE0VkJBQjAvMTEwMTgxMjkyNDg2NTYxOQ==;SEM;2021-10-09;2021-03-24;;865619;;;;LIVERPOOL;MX;2021-10-09 04:30;MABE;Lavadora Mabe 21 kg automática carga superior LMA71214VBAB0;https://www.liverpool.com.mx/tienda/pdp/Lavadora-Mabe-21-kg-autom%C3%A1tica-carga-superior-LMA71214VBAB0/1101812924;WM;4;https://www.liverpool.com.mx/
1332;aHR0cHM6Ly93d3cubGl2ZXJwb29sLmNvbS5teC90aWVuZGEvcGRwL0xhdmFkb3JhLU1hYmUtMjEta2ctYXV0b20lQzMlQTF0aWNhLWNhcmdhLXN1cGVyaW9yLUxNQTcxMjE0VkJBQjAvMTEwMTgxMjkyNDg4MTk1NQ==;SEM;2021-10-09;2021-04-01;;881955;;;;LIVERPOOL;MX;2021-10-09 04:30;MABE;Lavadora Mabe 21 kg automática carga superior LMA71214VBAB0;https://www.liverpool.com.mx/tienda/pdp/Lavadora-Mabe-21-kg-autom%C3%A1tica-carga-superior-LMA71214VBAB0/1101812924;WM;3;https://www.liverpool.com.mx/
1333;aHR0cHM6Ly93d3cubGl2ZXJwb29sLmNvbS5teC90aWVuZGEvcGRwL0xhdmFkb3JhLU1hYmUtMjEta2ctYXV0b20lQzMlQTF0aWNhLWNhcmdhLXN1cGVyaW9yLUxNQTcxMjE0VkJBQjAvMTEwMTgxMjkyNDEwNTc3OTQ=;SEM;2021-10-09;2021-06-12;;1057794;;;;LIVERPOOL;MX;2021-10-09 04:30;MABE;Lavadora Mabe 21 kg automática carga superior LMA71214VBAB0;https://www.liverpool.com.mx/tienda/pdp/Lavadora-Mabe-21-kg-autom%C3%A1tica-carga-superior-LMA71214VBAB0/1101812924;WM;5;https://www.liverpool.com.mx/
1334;aHR0cHM6Ly93d3cubGl2ZXJwb29sLmNvbS5teC90aWVuZGEvcGRwL0xhdmFkb3JhLU1hYmUtMjEta2ctYXV0b20lQzMlQTF0aWNhLWNhcmdhLXN1cGVyaW9yLUxNQTcxMjE0VkJBQjAvMTEwMTgxMjkyNDEwNDM3MTk=;SEM;2021-10-09;2021-06-07;;1043719;;;;LIVERPOOL;MX;2021-10-09 04:30;MABE;Lavadora Mabe 21 kg automática carga superior LMA71214VBAB0;https://www.liverpool.com.mx/tienda/pdp/Lavadora-Mabe-21-kg-autom%C3%A1tica-carga-superior-LMA71214VBAB0/1101812924;WM;5;https://www.liverpool.com.mx/
1335;aHR0cHM6Ly93d3cubGl2ZXJwb29sLmNvbS5teC90aWVuZGEvcGRwL0xhdmFkb3JhLU1hYmUtMjEta2ctYXV0b20lQzMlQTF0aWNhLWNhcmdhLXN1cGVyaW9yLUxNQTcxMjE0VkJBQjAvMTEwMTgxMjkyNDg5MjE3Mg==;SEM;2021-10-09;2021-04-08;;892172;;;;LIVERPOOL;MX;2021-10-09 04:30;MABE;Lavadora Mabe 21 kg automática carga superior LMA71214VBAB0;https://www.liverpool.com.mx/tienda/pdp/Lavadora-Mabe-21-kg-autom%C3%A1tica-carga-superior-LMA71214VBAB0/1101812924;WM;5;https://www.liverpool.com.mx/
1336;aHR0cHM6Ly93d3cubGl2ZXJwb29sLmNvbS5teC90aWVuZGEvcGRwL0xhdmFkb3JhLU1hYmUtMjEta2ctYXV0b20lQzMlQTF0aWNhLWNhcmdhLXN1cGVyaW9yLUxNQTcxMjE0VkJBQjAvMTEwMTgxMjkyNDg0MjAwMg==;SEM;2021-10-09;2021-03-12;;842002;;;;LIVERPOOL;MX;2021-10-09 04:30;MABE;Lavadora Mabe 21 kg automática carga superior LMA71214VBAB0;https://www.liverpool.com.mx/tienda/pdp/Lavadora-Mabe-21-kg-autom%C3%A1tica-carga-superior-LMA71214VBAB0/1101812924;WM;5;https://www.liverpool.com.mx/
1337;aHR0cHM6Ly93d3cubGl2ZXJwb29sLmNvbS5teC90aWVuZGEvcGRwL0xhdmFkb3JhLU1hYmUtMjEta2ctYXV0b20lQzMlQTF0aWNhLWNhcmdhLXN1cGVyaW9yLUxNQTcxMjE0VkJBQjAvMTEwMTgxMjkyNDEzMDg2OTg=;SEM;2021-10-09;2021-10-07;;1308698;;;;LIVERPOOL;MX;2021-10-09 04:30;MABE;Lavadora Mabe 21 kg automática carga superior LMA71214VBAB0;https://www.liverpool.com.mx/tienda/pdp/Lavadora-Mabe-21-kg-autom%C3%A1tica-carga-superior-LMA71214VBAB0/1101812924;WM;5;https://www.liverpool.com.mx/
1338;aHR0cHM6Ly93d3cubGl2ZXJwb29sLmNvbS5teC90aWVuZGEvcGRwL0xhdmFkb3JhLU1hYmUtMjEta2ctYXV0b20lQzMlQTF0aWNhLWNhcmdhLXN1cGVyaW9yLUxNQTcxMjE0VkJBQjAvMTEwMTgxMjkyNDkwMzk3OQ==;SEM;2021-10-09;2021-04-15;;903979;;;;LIVERPOOL;MX;2021-10-09 04:30;MABE;Lavadora Mabe 21 kg automática carga superior LMA71214VBAB0;https://www.liverpool.com.mx/tienda/pdp/Lavadora-Mabe-21-kg-autom%C3%A1tica-carga-superior-LMA71214VBAB0/1101812924;WM;5;https://www.liverpool.com.mx/
1339;aHR0cHM6Ly93d3cubGl2ZXJwb29sLmNvbS5teC90aWVuZGEvcGRwL0xhdmFkb3JhLU1hYmUtMjEta2ctYXV0b20lQzMlQTF0aWNhLWNhcmdhLXN1cGVyaW9yLUxNQTcxMjE0VkJBQjAvMTEwMTgxMjkyNDEwNDI3MzI=;SEM;2021-10-09;2021-06-07;;1042732;;;;LIVERPOOL;MX;2021-10-09 04:30;MABE;Lavadora Mabe 21 kg automática carga superior LMA71214VBAB0;https://www.liverpool.com.mx/tienda/pdp/Lavadora-Mabe-21-kg-autom%C3%A1tica-carga-superior-LMA71214VBAB0/1101812924;WM;5;https://www.liverpool.com.mx/
1340;aHR0cHM6Ly93d3cubGl2ZXJwb29sLmNvbS5teC90aWVuZGEvcGRwL0xhdmFkb3JhLU1hYmUtMjEta2ctYXV0b20lQzMlQTF0aWNhLWNhcmdhLXN1cGVyaW9yLUxNQTcxMjE0VkJBQjAvMTEwMTgxMjkyNDEwODYyNTk=;SEM;2021-10-09;2021-06-21;;1086259;;;;LIVERPOOL;MX;2021-10-09 04:30;MABE;Lavadora Mabe 21 kg automática carga superior LMA71214VBAB0;https://www.liverpool.com.mx/tienda/pdp/Lavadora-Mabe-21-kg-autom%C3%A1tica-carga-superior-LMA71214VBAB0/1101812924;WM;5;https://www.liverpool.com.mx/
1341;aHR0cHM6Ly93d3cubGl2ZXJwb29sLmNvbS5teC90aWVuZGEvcGRwL0xhdmFkb3JhLU1hYmUtMjEta2ctYXV0b20lQzMlQTF0aWNhLWNhcmdhLXN1cGVyaW9yLUxNQTcxMjE0VkJBQjAvMTEwMTgxMjkyNDc4MjkwNA==;SEM;2021-10-09;2021-02-14;;782904;;;;LIVERPOOL;MX;2021-10-09 04:30;MABE;Lavadora Mabe 21 kg automática carga superior LMA71214VBAB0;https://www.liverpool.com.mx/tienda/pdp/Lavadora-Mabe-21-kg-autom%C3%A1tica-carga-superior-LMA71214VBAB0/1101812924;WM;5;https://www.liverpool.com.mx/
1342;aHR0cHM6Ly93d3cubGl2ZXJwb29sLmNvbS5teC90aWVuZGEvcGRwL0xhdmFkb3JhLU1hYmUtMjEta2ctYXV0b20lQzMlQTF0aWNhLWNhcmdhLXN1cGVyaW9yLUxNQTcxMjE0VkJBQjAvMTEwMTgxMjkyNDg5ODM2NQ==;SEM;2021-10-09;2021-04-11;;898365;;;;LIVERPOOL;MX;2021-10-09 04:30;MABE;Lavadora Mabe 21 kg automática carga superior LMA71214VBAB0;https://www.liverpool.com.mx/tienda/pdp/Lavadora-Mabe-21-kg-autom%C3%A1tica-carga-superior-LMA71214VBAB0/1101812924;WM;5;https://www.liverpool.com.mx/
1343;aHR0cHM6Ly93d3cubGl2ZXJwb29sLmNvbS5teC90aWVuZGEvcGRwL0xhdmFkb3JhLU1hYmUtMjEta2ctYXV0b20lQzMlQTF0aWNhLWNhcmdhLXN1cGVyaW9yLUxNQTcxMjE0VkJBQjAvMTEwMTgxMjkyNDEyMTE5ODE=;SEM;2021-10-09;2021-08-16;;1211981;;;;LIVERPOOL;MX;2021-10-09 04:30;MABE;Lavadora Mabe 21 kg automática carga superior LMA71214VBAB0;https://www.liverpool.com.mx/tienda/pdp/Lavadora-Mabe-21-kg-autom%C3%A1tica-carga-superior-LMA71214VBAB0/1101812924;WM;5;https://www.liverpool.com.mx/
1344;aHR0cHM6Ly93d3cubGl2ZXJwb29sLmNvbS5teC90aWVuZGEvcGRwL0xhdmFkb3JhLU1hYmUtMTgta2ctYmxhbmNhLUxNRDgxMjRQQkFCMC8xMDg1NjE4NDQ2MTE4MzMz;SEM;2021-10-09;2019-10-14;;118333;;;;LIVERPOOL;MX;2021-10-09 04:31;MABE;Lavadora Mabe 18 kg blanca LMD8124PBAB0;https://www.liverpool.com.mx/tienda/pdp/Lavadora-Mabe-18-kg-blanca-LMD8124PBAB0/1085618446;WM;5;https://www.liverpool.com.mx/
1345;aHR0cHM6Ly93d3cubGl2ZXJwb29sLmNvbS5teC90aWVuZGEvcGRwL0xhdmFkb3JhLU1hYmUtMTgta2ctYmxhbmNhLUxNRDgxMjRQQkFCMC8xMDg1NjE4NDQ2NzA1MzQ3;SEM;2021-10-09;2021-01-02;;705347;;;;LIVERPOOL;MX;2021-10-09 04:31;MABE;Lavadora Mabe 18 kg blanca LMD8124PBAB0;https://www.liverpool.com.mx/tienda/pdp/Lavadora-Mabe-18-kg-blanca-LMD8124PBAB0/1085618446;WM;5;https://www.liverpool.com.mx/
1346;aHR0cHM6Ly93d3cubGl2ZXJwb29sLmNvbS5teC90aWVuZGEvcGRwL0xhdmFkb3JhLU1hYmUtMTgta2ctYmxhbmNhLUxNRDgxMjRQQkFCMC8xMDg1NjE4NDQ2NDY0OTE1;SEM;2021-10-09;2020-08-03;;464915;;;;LIVERPOOL;MX;2021-10-09 04:31;MABE;Lavadora Mabe 18 kg blanca LMD8124PBAB0;https://www.liverpool.com.mx/tienda/pdp/Lavadora-Mabe-18-kg-blanca-LMD8124PBAB0/1085618446;WM;1;https://www.liverpool.com.mx/
1347;aHR0cHM6Ly93d3cubGl2ZXJwb29sLmNvbS5teC90aWVuZGEvcGRwL0xhdmFkb3JhLU1hYmUtMTgta2ctYmxhbmNhLUxNRDgxMjRQQkFCMC8xMDg1NjE4NDQ2MTIzNjMw;SEM;2021-10-09;2019-10-26;;123630;;;;LIVERPOOL;MX;2021-10-09 04:31;MABE;Lavadora Mabe 18 kg blanca LMD8124PBAB0;https://www.liverpool.com.mx/tienda/pdp/Lavadora-Mabe-18-kg-blanca-LMD8124PBAB0/1085618446;WM;5;https://www.liverpool.com.mx/
1348;aHR0cHM6Ly93d3cubGl2ZXJwb29sLmNvbS5teC90aWVuZGEvcGRwL0xhdmFkb3JhLU1hYmUtMTgta2ctYmxhbmNhLUxNRDgxMjRQQkFCMC8xMDg1NjE4NDQ2MTkxMzA0;SEM;2021-10-09;2020-02-25;;191304;;;;LIVERPOOL;MX;2021-10-09 04:31;MABE;Lavadora Mabe 18 kg blanca LMD8124PBAB0;https://www.liverpool.com.mx/tienda/pdp/Lavadora-Mabe-18-kg-blanca-LMD8124PBAB0/1085618446;WM;5;https://www.liverpool.com.mx/
1349;aHR0cHM6Ly93d3cubGl2ZXJwb29sLmNvbS5teC90aWVuZGEvcGRwL0xhdmFkb3JhLU1hYmUtMTgta2ctYmxhbmNhLUxNRDgxMjRQQkFCMC8xMDg1NjE4NDQ2MTc3NzIy;SEM;2021-10-09;2020-01-31;;177722;;;;LIVERPOOL;MX;2021-10-09 04:31;MABE;Lavadora Mabe 18 kg blanca LMD8124PBAB0;https://www.liverpool.com.mx/tienda/pdp/Lavadora-Mabe-18-kg-blanca-LMD8124PBAB0/1085618446;WM;5;https://www.liverpool.com.mx/
1350;aHR0cHM6Ly93d3cubGl2ZXJwb29sLmNvbS5teC90aWVuZGEvcGRwL0xhdmFkb3JhLU1hYmUtMTgta2ctYmxhbmNhLUxNRDgxMjRQQkFCMC8xMDg1NjE4NDQ2MjI1NDE1;SEM;2021-10-09;2020-04-24;;225415;;;;LIVERPOOL;MX;2021-10-09 04:31;MABE;Lavadora Mabe 18 kg blanca LMD8124PBAB0;https://www.liverpool.com.mx/tienda/pdp/Lavadora-Mabe-18-kg-blanca-LMD8124PBAB0/1085618446;WM;5;https://www.liverpool.com.mx/
1351;aHR0cHM6Ly93d3cubGl2ZXJwb29sLmNvbS5teC90aWVuZGEvcGRwL0xhdmFkb3JhLU1hYmUtMTgta2ctYmxhbmNhLUxNRDgxMjRQQkFCMC8xMDg1NjE4NDQ2MjY0NTI3;SEM;2021-10-09;2020-05-25;;264527;;;;LIVERPOOL;MX;2021-10-09 04:31;MABE;Lavadora Mabe 18 kg blanca LMD8124PBAB0;https://www.liverpool.com.mx/tienda/pdp/Lavadora-Mabe-18-kg-blanca-LMD8124PBAB0/1085618446;WM;5;https://www.liverpool.com.mx/
1352;aHR0cHM6Ly93d3cubGl2ZXJwb29sLmNvbS5teC90aWVuZGEvcGRwL0xhdmFkb3JhLU1hYmUtMTgta2ctYmxhbmNhLUxNRDgxMjRQQkFCMC8xMDg1NjE4NDQ2NTcxMTMz;SEM;2021-10-09;2020-08-31;;571133;;;;LIVERPOOL;MX;2021-10-09 04:31;MABE;Lavadora Mabe 18 kg blanca LMD8124PBAB0;https://www.liverpool.com.mx/tienda/pdp/Lavadora-Mabe-18-kg-blanca-LMD8124PBAB0/1085618446;WM;5;https://www.liverpool.com.mx/
1353;aHR0cHM6Ly93d3cubGl2ZXJwb29sLmNvbS5teC90aWVuZGEvcGRwL0xhdmFkb3JhLU1hYmUtMTgta2ctYmxhbmNhLUxNRDgxMjRQQkFCMC8xMDg1NjE4NDQ2MzkwMzg0;SEM;2021-10-09;2020-07-12;;390384;;;;LIVERPOOL;MX;2021-10-09 04:31;MABE;Lavadora Mabe 18 kg blanca LMD8124PBAB0;https://www.liverpool.com.mx/tienda/pdp/Lavadora-Mabe-18-kg-blanca-LMD8124PBAB0/1085618446;WM;5;https://www.liverpool.com.mx/
1354;aHR0cHM6Ly93d3cubGl2ZXJwb29sLmNvbS5teC90aWVuZGEvcGRwL0xhdmFkb3JhLU1hYmUtMTgta2ctYmxhbmNhLUxNRDgxMjRQQkFCMC8xMDg1NjE4NDQ2MzQ1OTc3;SEM;2021-10-09;2020-06-28;;345977;;;;LIVERPOOL;MX;2021-10-09 04:31;MABE;Lavadora Mabe 18 kg blanca LMD8124PBAB0;https://www.liverpool.com.mx/tienda/pdp/Lavadora-Mabe-18-kg-blanca-LMD8124PBAB0/1085618446;WM;5;https://www.liverpool.com.mx/
1355;aHR0cHM6Ly93d3cubGl2ZXJwb29sLmNvbS5teC90aWVuZGEvcGRwL0xhdmFkb3JhLU1hYmUtMTgta2ctYmxhbmNhLUxNRDgxMjRQQkFCMC8xMDg1NjE4NDQ2NDMwNjg2;SEM;2021-10-09;2020-07-27;;430686;;;;LIVERPOOL;MX;2021-10-09 04:31;MABE;Lavadora Mabe 18 kg blanca LMD8124PBAB0;https://www.liverpool.com.mx/tienda/pdp/Lavadora-Mabe-18-kg-blanca-LMD8124PBAB0/1085618446;WM;3;https://www.liverpool.com.mx/
1356;aHR0cHM6Ly93d3cubGl2ZXJwb29sLmNvbS5teC90aWVuZGEvcGRwL0xhdmFkb3JhLU1hYmUtMTgta2ctYmxhbmNhLUxNRDgxMjRQQkFCMC8xMDg1NjE4NDQ2NjYzNjE3;SEM;2021-10-09;2020-12-04;;663617;;;;LIVERPOOL;MX;2021-10-09 04:31;MABE;Lavadora Mabe 18 kg blanca LMD8124PBAB0;https://www.liverpool.com.mx/tienda/pdp/Lavadora-Mabe-18-kg-blanca-LMD8124PBAB0/1085618446;WM;5;https://www.liverpool.com.mx/
1357;aHR0cHM6Ly93d3cubGl2ZXJwb29sLmNvbS5teC90aWVuZGEvcGRwL0xhdmFkb3JhLU1hYmUtMTgta2ctYmxhbmNhLUxNRDgxMjRQQkFCMC8xMDg1NjE4NDQ2MTMzNTEz;SEM;2021-10-09;2019-11-15;;133513;;;;LIVERPOOL;MX;2021-10-09 04:31;MABE;Lavadora Mabe 18 kg blanca LMD8124PBAB0;https://www.liverpool.com.mx/tienda/pdp/Lavadora-Mabe-18-kg-blanca-LMD8124PBAB0/1085618446;WM;5;https://www.liverpool.com.mx/
1358;aHR0cHM6Ly93d3cubGl2ZXJwb29sLmNvbS5teC90aWVuZGEvcGRwL0xhdmFkb3JhLU1hYmUtMTgta2ctYmxhbmNhLUxNRDgxMjRQQkFCMC8xMDg1NjE4NDQ2NTc5NzUy;SEM;2021-10-09;2020-09-03;;579752;;;;LIVERPOOL;MX;2021-10-09 04:31;MABE;Lavadora Mabe 18 kg blanca LMD8124PBAB0;https://www.liverpool.com.mx/tienda/pdp/Lavadora-Mabe-18-kg-blanca-LMD8124PBAB0/1085618446;WM;5;https://www.liverpool.com.mx/
1359;aHR0cHM6Ly93d3cubGl2ZXJwb29sLmNvbS5teC90aWVuZGEvcGRwL0xhdmFkb3JhLU1hYmUtMTgta2ctYmxhbmNhLUxNRDgxMjRQQkFCMC8xMDg1NjE4NDQ2MzkxODcy;SEM;2021-10-09;2020-07-13;;391872;;;;LIVERPOOL;MX;2021-10-09 04:31;MABE;Lavadora Mabe 18 kg blanca LMD8124PBAB0;https://www.liverpool.com.mx/tienda/pdp/Lavadora-Mabe-18-kg-blanca-LMD8124PBAB0/1085618446;WM;5;https://www.liverpool.com.mx/
1360;aHR0cHM6Ly93d3cubGl2ZXJwb29sLmNvbS5teC90aWVuZGEvcGRwL0xhdmFkb3JhLU1hYmUtMTgta2ctYmxhbmNhLUxNRDgxMjRQQkFCMC8xMDg1NjE4NDQ2MTkwMjQx;SEM;2021-10-09;2020-02-23;;190241;;;;LIVERPOOL;MX;2021-10-09 04:31;MABE;Lavadora Mabe 18 kg blanca LMD8124PBAB0;https://www.liverpool.com.mx/tienda/pdp/Lavadora-Mabe-18-kg-blanca-LMD8124PBAB0/1085618446;WM;4;https://www.liverpool.com.mx/
1361;aHR0cHM6Ly93d3cubGl2ZXJwb29sLmNvbS5teC90aWVuZGEvcGRwL0xhdmFkb3JhLU1hYmUtMTgta2ctYmxhbmNhLUxNRDgxMjRQQkFCMC8xMDg1NjE4NDQ2MTg5OTgx;SEM;2021-10-09;2020-02-22;;189981;;;;LIVERPOOL;MX;2021-10-09 04:31;MABE;Lavadora Mabe 18 kg blanca LMD8124PBAB0;https://www.liverpool.com.mx/tienda/pdp/Lavadora-Mabe-18-kg-blanca-LMD8124PBAB0/1085618446;WM;5;https://www.liverpool.com.mx/
1362;aHR0cHM6Ly93d3cubGl2ZXJwb29sLmNvbS5teC90aWVuZGEvcGRwL0xhdmFkb3JhLU1hYmUtMTgta2ctYmxhbmNhLUxNRDgxMjRQQkFCMC8xMDg1NjE4NDQ2MzA4Nzc1;SEM;2021-10-09;2020-06-16;;308775;;;;LIVERPOOL;MX;2021-10-09 04:31;MABE;Lavadora Mabe 18 kg blanca LMD8124PBAB0;https://www.liverpool.com.mx/tienda/pdp/Lavadora-Mabe-18-kg-blanca-LMD8124PBAB0/1085618446;WM;5;https://www.liverpool.com.mx/
1363;aHR0cHM6Ly93d3cubGl2ZXJwb29sLmNvbS5teC90aWVuZGEvcGRwL0xhdmFkb3JhLUxHLTIyLWtnLXBsYXRhLVdNMjJWVjJTNi8xMDkxMTYxODA2Mzk1MjUx;SEM;2021-10-09;2020-07-13;;395251;;;;LIVERPOOL;MX;2021-10-09 04:36;LG;Lavadora LG 22 kg plata WM22VV2S6;https://www.liverpool.com.mx/tienda/pdp/Lavadora-LG-22-kg-plata-WM22VV2S6/1091161806;WM;5;https://www.liverpool.com.mx/
1364;aHR0cHM6Ly93d3cubGl2ZXJwb29sLmNvbS5teC90aWVuZGEvcGRwL0xhdmFkb3JhLUxHLTIyLWtnLXBsYXRhLVdNMjJWVjJTNi8xMDkxMTYxODA2NjMwMzgy;SEM;2021-10-09;2020-10-14;;630382;;;;LIVERPOOL;MX;2021-10-09 04:36;LG;Lavadora LG 22 kg plata WM22VV2S6;https://www.liverpool.com.mx/tienda/pdp/Lavadora-LG-22-kg-plata-WM22VV2S6/1091161806;WM;5;https://www.liverpool.com.mx/
1365;aHR0cHM6Ly93d3cubGl2ZXJwb29sLmNvbS5teC90aWVuZGEvcGRwL0xhdmFkb3JhLUxHLTIyLWtnLXBsYXRhLVdNMjJWVjJTNi8xMDkxMTYxODA2NDQ1NTg4;SEM;2021-10-09;2020-07-30;;445588;;;;LIVERPOOL;MX;2021-10-09 04:36;LG;Lavadora LG 22 kg plata WM22VV2S6;https://www.liverpool.com.mx/tienda/pdp/Lavadora-LG-22-kg-plata-WM22VV2S6/1091161806;WM;5;https://www.liverpool.com.mx/
1366;aHR0cHM6Ly93d3cubGl2ZXJwb29sLmNvbS5teC90aWVuZGEvcGRwL0xhdmFkb3JhLUxHLTIyLWtnLXBsYXRhLVdNMjJWVjJTNi8xMDkxMTYxODA2Njg4ODM4;SEM;2021-10-09;2020-12-26;;688838;;;;LIVERPOOL;MX;2021-10-09 04:36;LG;Lavadora LG 22 kg plata WM22VV2S6;https://www.liverpool.com.mx/tienda/pdp/Lavadora-LG-22-kg-plata-WM22VV2S6/1091161806;WM;5;https://www.liverpool.com.mx/
1367;aHR0cHM6Ly93d3cubGl2ZXJwb29sLmNvbS5teC90aWVuZGEvcGRwL0xhdmFkb3JhLUxHLTIyLWtnLXBsYXRhLVdNMjJWVjJTNi8xMDkxMTYxODA2NjMwNTQ2;SEM;2021-10-09;2020-10-15;;630546;;;;LIVERPOOL;MX;2021-10-09 04:36;LG;Lavadora LG 22 kg plata WM22VV2S6;https://www.liverpool.com.mx/tienda/pdp/Lavadora-LG-22-kg-plata-WM22VV2S6/1091161806;WM;4;https://www.liverpool.com.mx/
1368;aHR0cHM6Ly93d3cubGl2ZXJwb29sLmNvbS5teC90aWVuZGEvcGRwL0xhdmFkb3JhLUxHLTIyLWtnLXBsYXRhLVdNMjJWVjJTNi8xMDkxMTYxODA2NjMwNjg2;SEM;2021-10-09;2020-10-15;;630686;;;;LIVERPOOL;MX;2021-10-09 04:36;LG;Lavadora LG 22 kg plata WM22VV2S6;https://www.liverpool.com.mx/tienda/pdp/Lavadora-LG-22-kg-plata-WM22VV2S6/1091161806;WM;5;https://www.liverpool.com.mx/
1369;aHR0cHM6Ly93d3cubGl2ZXJwb29sLmNvbS5teC90aWVuZGEvcGRwL0xhdmFkb3JhLUxHLTIyLWtnLXBsYXRhLVdNMjJWVjJTNi8xMDkxMTYxODA2NzE5MjU1;SEM;2021-10-09;2021-01-08;;719255;;;;LIVERPOOL;MX;2021-10-09 04:36;LG;Lavadora LG 22 kg plata WM22VV2S6;https://www.liverpool.com.mx/tienda/pdp/Lavadora-LG-22-kg-plata-WM22VV2S6/1091161806;WM;5;https://www.liverpool.com.mx/
1370;aHR0cHM6Ly93d3cubGl2ZXJwb29sLmNvbS5teC90aWVuZGEvcGRwL0xhdmFkb3JhLUxHLTIyLWtnLXBsYXRhLVdNMjJWVjJTNi8xMDkxMTYxODA2MTI4MTM2NQ==;SEM;2021-10-09;2021-09-23;;1281365;;;;LIVERPOOL;MX;2021-10-09 04:36;LG;Lavadora LG 22 kg plata WM22VV2S6;https://www.liverpool.com.mx/tienda/pdp/Lavadora-LG-22-kg-plata-WM22VV2S6/1091161806;WM;4;https://www.liverpool.com.mx/
1371;aHR0cHM6Ly93d3cubGl2ZXJwb29sLmNvbS5teC90aWVuZGEvcGRwL0xhdmFkb3JhLUxHLTIyLWtnLXBsYXRhLVdNMjJWVjJTNi8xMDkxMTYxODA2MTExMjYyOQ==;SEM;2021-10-09;2021-06-30;;1112629;;;;LIVERPOOL;MX;2021-10-09 04:36;LG;Lavadora LG 22 kg plata WM22VV2S6;https://www.liverpool.com.mx/tienda/pdp/Lavadora-LG-22-kg-plata-WM22VV2S6/1091161806;WM;5;https://www.liverpool.com.mx/
1372;aHR0cHM6Ly93d3cubGl2ZXJwb29sLmNvbS5teC90aWVuZGEvcGRwL0NvbWJvLWRlLWxhdmFkb3JhLSstSmFiJUMzJUIzbi1NYWJlLUxNQTcxMjE1VkJBQjBKQS8xMTAwMDA2MTM0NjUyNDU3;SEM;2021-10-09;2020-11-19;;652457;;;;LIVERPOOL;MX;2021-10-09 04:37;MABE;Combo de lavadora + Jabón Mabe LMA71215VBAB0JA;https://www.liverpool.com.mx/tienda/pdp/Combo-de-lavadora-+-Jab%C3%B3n-Mabe-LMA71215VBAB0JA/1100006134;WM;4;https://www.liverpool.com.mx/
1373;aHR0cHM6Ly93d3cubGl2ZXJwb29sLmNvbS5teC90aWVuZGEvcGRwL0xhdmFkb3JhLUxHLVR3aW4tV2FzaC1NaW5pLTMuNS1rZy1wbGF0YS1XRDEwMENWLzEwNDcwMjk2ODIyMjI4Njg=;SEM;2021-10-09;2020-04-21;;222868;;;;LIVERPOOL;MX;2021-10-09 04:47;LG;Lavadora LG Twin Wash Mini 3.5 kg plata WD100CV;https://www.liverpool.com.mx/tienda/pdp/Lavadora-LG-Twin-Wash-Mini-3.5-kg-plata-WD100CV/1047029682;WM;5;https://www.liverpool.com.mx/
1374;aHR0cHM6Ly93d3cubGl2ZXJwb29sLmNvbS5teC90aWVuZGEvcGRwL0xhdmFkb3JhLUxHLVR3aW4tV2FzaC1NaW5pLTMuNS1rZy1wbGF0YS1XRDEwMENWLzEwNDcwMjk2ODI0NjE1NTc=;SEM;2021-10-09;2020-08-02;;461557;;;;LIVERPOOL;MX;2021-10-09 04:47;LG;Lavadora LG Twin Wash Mini 3.5 kg plata WD100CV;https://www.liverpool.com.mx/tienda/pdp/Lavadora-LG-Twin-Wash-Mini-3.5-kg-plata-WD100CV/1047029682;WM;5;https://www.liverpool.com.mx/
1375;aHR0cHM6Ly93d3cubGl2ZXJwb29sLmNvbS5teC90aWVuZGEvcGRwL0xhdmFkb3JhLUxHLVR3aW4tV2FzaC1NaW5pLTMuNS1rZy1wbGF0YS1XRDEwMENWLzEwNDcwMjk2ODIxNzczNTI=;SEM;2021-10-09;2020-01-30;;177352;;;;LIVERPOOL;MX;2021-10-09 04:47;LG;Lavadora LG Twin Wash Mini 3.5 kg plata WD100CV;https://www.liverpool.com.mx/tienda/pdp/Lavadora-LG-Twin-Wash-Mini-3.5-kg-plata-WD100CV/1047029682;WM;5;https://www.liverpool.com.mx/
1376;aHR0cHM6Ly93d3cubGl2ZXJwb29sLmNvbS5teC90aWVuZGEvcGRwL0xhdmFkb3JhLUxHLVR3aW4tV2FzaC1NaW5pLTMuNS1rZy1wbGF0YS1XRDEwMENWLzEwNDcwMjk2ODI5OTM0OTI=;SEM;2021-10-09;2021-05-22;;993492;;;;LIVERPOOL;MX;2021-10-09 04:47;LG;Lavadora LG Twin Wash Mini 3.5 kg plata WD100CV;https://www.liverpool.com.mx/tienda/pdp/Lavadora-LG-Twin-Wash-Mini-3.5-kg-plata-WD100CV/1047029682;WM;5;https://www.liverpool.com.mx/
1377;aHR0cHM6Ly93d3cubGl2ZXJwb29sLmNvbS5teC90aWVuZGEvcGRwL0xhdmFkb3JhLUxHLVR3aW4tV2FzaC1NaW5pLTMuNS1rZy1wbGF0YS1XRDEwMENWLzEwNDcwMjk2ODI4MTY2NzM=;SEM;2021-10-09;2021-02-28;;816673;;;;LIVERPOOL;MX;2021-10-09 04:47;LG;Lavadora LG Twin Wash Mini 3.5 kg plata WD100CV;https://www.liverpool.com.mx/tienda/pdp/Lavadora-LG-Twin-Wash-Mini-3.5-kg-plata-WD100CV/1047029682;WM;5;https://www.liverpool.com.mx/
1378;aHR0cHM6Ly93d3cubGl2ZXJwb29sLmNvbS5teC90aWVuZGEvcGRwL0xhdmFkb3JhLUxHLVR3aW4tV2FzaC1NaW5pLTMuNS1rZy1wbGF0YS1XRDEwMENWLzEwNDcwMjk2ODI3NzEzODA=;SEM;2021-10-09;2021-02-10;;771380;;;;LIVERPOOL;MX;2021-10-09 04:47;LG;Lavadora LG Twin Wash Mini 3.5 kg plata WD100CV;https://www.liverpool.com.mx/tienda/pdp/Lavadora-LG-Twin-Wash-Mini-3.5-kg-plata-WD100CV/1047029682;WM;5;https://www.liverpool.com.mx/
1379;aHR0cHM6Ly93d3cubGl2ZXJwb29sLmNvbS5teC90aWVuZGEvcGRwL0xhdmFkb3JhLUxHLVR3aW4tV2FzaC1NaW5pLTMuNS1rZy1wbGF0YS1XRDEwMENWLzEwNDcwMjk2ODIxNDU3ODA=;SEM;2021-10-09;2019-12-05;;145780;;;;LIVERPOOL;MX;2021-10-09 04:47;LG;Lavadora LG Twin Wash Mini 3.5 kg plata WD100CV;https://www.liverpool.com.mx/tienda/pdp/Lavadora-LG-Twin-Wash-Mini-3.5-kg-plata-WD100CV/1047029682;WM;5;https://www.liverpool.com.mx/
1380;aHR0cHM6Ly93d3cubGl2ZXJwb29sLmNvbS5teC90aWVuZGEvcGRwL0NlbnRyby1kZS1MYXZhZG8tTEctR2FzL0VsJUMzJUE5Y3RyaWNvLVdhc2hUb3dlci1jb24tSW50ZWxpZ2VuY2lhLUFydGlmaWNpYWwtMjIta2ctV0syMldTNi8xMTAzNjE5ODYyMTI1NzcyMA==;SEM;2021-10-09;2021-09-10;;1257720;;;;LIVERPOOL;MX;2021-10-09 04:51;LG;Centro de Lavado LG Gas/Eléctrico WashTower con Inteligencia Artificial 22 kg WK22WS6;https://www.liverpool.com.mx/tienda/pdp/Centro-de-Lavado-LG-Gas/El%C3%A9ctrico-WashTower-con-Inteligencia-Artificial-22-kg-WK22WS6/1103619862;WM;5;https://www.liverpool.com.mx/
1381;aHR0cHM6Ly93d3cubGl2ZXJwb29sLmNvbS5teC90aWVuZGEvcGRwL0NlbnRyby1kZS1MYXZhZG8tTEctR2FzL0VsJUMzJUE5Y3RyaWNvLVdhc2hUb3dlci1jb24tSW50ZWxpZ2VuY2lhLUFydGlmaWNpYWwtMjIta2ctV0syMldTNi8xMTAzNjE5ODYyODAxMjIx;SEM;2021-10-09;2021-02-21;;801221;;;;LIVERPOOL;MX;2021-10-09 04:51;LG;Centro de Lavado LG Gas/Eléctrico WashTower con Inteligencia Artificial 22 kg WK22WS6;https://www.liverpool.com.mx/tienda/pdp/Centro-de-Lavado-LG-Gas/El%C3%A9ctrico-WashTower-con-Inteligencia-Artificial-22-kg-WK22WS6/1103619862;WM;5;https://www.liverpool.com.mx/
1382;aHR0cHM6Ly93d3cubGl2ZXJwb29sLmNvbS5teC90aWVuZGEvcGRwL0xhdmFzZWNhZG9yYS1MRy1lbCVDMyVBOWN0cmljYS0xNi1rZy1XRDE2V0cyUzYvMTEwNTA5NDU0Njk1ODAwMQ==;SEM;2021-10-09;2021-05-10;;958001;;;;LIVERPOOL;MX;2021-10-09 04:55;LG;Lavasecadora LG eléctrica 16 kg WD16WG2S6;https://www.liverpool.com.mx/tienda/pdp/Lavasecadora-LG-el%C3%A9ctrica-16-kg-WD16WG2S6/1105094546;WM;5;https://www.liverpool.com.mx/
1383;aHR0cHM6Ly93d3cubGl2ZXJwb29sLmNvbS5teC90aWVuZGEvcGRwL0xhdmFzZWNhZG9yYS1MRy1lbCVDMyVBOWN0cmljYS0xNi1rZy1XRDE2V0cyUzYvMTEwNTA5NDU0NjEzMDUwODI=;SEM;2021-10-09;2021-10-06;;1305082;;;;LIVERPOOL;MX;2021-10-09 04:55;LG;Lavasecadora LG eléctrica 16 kg WD16WG2S6;https://www.liverpool.com.mx/tienda/pdp/Lavasecadora-LG-el%C3%A9ctrica-16-kg-WD16WG2S6/1105094546;WM;5;https://www.liverpool.com.mx/
1384;aHR0cHM6Ly93d3cubGl2ZXJwb29sLmNvbS5teC90aWVuZGEvcGRwL0xhdmFzZWNhZG9yYS1MRy1lbCVDMyVBOWN0cmljYS0xNi1rZy1XRDE2V0cyUzYvMTEwNTA5NDU0NjEwNTMzNDc=;SEM;2021-10-09;2021-06-10;;1053347;;;;LIVERPOOL;MX;2021-10-09 04:55;LG;Lavasecadora LG eléctrica 16 kg WD16WG2S6;https://www.liverpool.com.mx/tienda/pdp/Lavasecadora-LG-el%C3%A9ctrica-16-kg-WD16WG2S6/1105094546;WM;4;https://www.liverpool.com.mx/
1385;aHR0cHM6Ly93d3cubGl2ZXJwb29sLmNvbS5teC90aWVuZGEvcGRwL0xhdmFzZWNhZG9yYS1MRy1lbCVDMyVBOWN0cmljYS0xNi1rZy1XRDE2V0cyUzYvMTEwNTA5NDU0NjEzMDkyMzg=;SEM;2021-10-09;2021-10-07;;1309238;;;;LIVERPOOL;MX;2021-10-09 04:55;LG;Lavasecadora LG eléctrica 16 kg WD16WG2S6;https://www.liverpool.com.mx/tienda/pdp/Lavasecadora-LG-el%C3%A9ctrica-16-kg-WD16WG2S6/1105094546;WM;5;https://www.liverpool.com.mx/
1386;aHR0cHM6Ly93d3cubGl2ZXJwb29sLmNvbS5teC90aWVuZGEvcGRwL0xhdmFzZWNhZG9yYS1MRy1lbCVDMyVBOWN0cmljYS0xNi1rZy1XRDE2V0cyUzYvMTEwNTA5NDU0NjEwNDUwNjM=;SEM;2021-10-09;2021-06-07;;1045063;;;;LIVERPOOL;MX;2021-10-09 04:55;LG;Lavasecadora LG eléctrica 16 kg WD16WG2S6;https://www.liverpool.com.mx/tienda/pdp/Lavasecadora-LG-el%C3%A9ctrica-16-kg-WD16WG2S6/1105094546;WM;5;https://www.liverpool.com.mx/
1387;aHR0cHM6Ly93d3cubGl2ZXJwb29sLmNvbS5teC90aWVuZGEvcGRwL0xhdmFzZWNhZG9yYS1MRy1lbCVDMyVBOWN0cmljYS0xNi1rZy1XRDE2V0cyUzYvMTEwNTA5NDU0Njk2MjMxMg==;SEM;2021-10-09;2021-05-11;;962312;;;;LIVERPOOL;MX;2021-10-09 04:55;LG;Lavasecadora LG eléctrica 16 kg WD16WG2S6;https://www.liverpool.com.mx/tienda/pdp/Lavasecadora-LG-el%C3%A9ctrica-16-kg-WD16WG2S6/1105094546;WM;5;https://www.liverpool.com.mx/
1388;aHR0cHM6Ly93d3cubGl2ZXJwb29sLmNvbS5teC90aWVuZGEvcGRwL0xhdmFzZWNhZG9yYS1MRy1lbCVDMyVBOWN0cmljYS0xNi1rZy1XRDE2V0cyUzYvMTEwNTA5NDU0Njk5MjM5NQ==;SEM;2021-10-09;2021-05-22;;992395;;;;LIVERPOOL;MX;2021-10-09 04:55;LG;Lavasecadora LG eléctrica 16 kg WD16WG2S6;https://www.liverpool.com.mx/tienda/pdp/Lavasecadora-LG-el%C3%A9ctrica-16-kg-WD16WG2S6/1105094546;WM;5;https://www.liverpool.com.mx/
1389;aHR0cHM6Ly93d3cubGl2ZXJwb29sLmNvbS5teC90aWVuZGEvcGRwL0xhdmFzZWNhZG9yYS1MRy1lbCVDMyVBOWN0cmljYS0xNi1rZy1XRDE2V0cyUzYvMTEwNTA5NDU0Njk4NDA0NQ==;SEM;2021-10-09;2021-05-18;;984045;;;;LIVERPOOL;MX;2021-10-09 04:55;LG;Lavasecadora LG eléctrica 16 kg WD16WG2S6;https://www.liverpool.com.mx/tienda/pdp/Lavasecadora-LG-el%C3%A9ctrica-16-kg-WD16WG2S6/1105094546;WM;5;https://www.liverpool.com.mx/
1390;aHR0cHM6Ly93d3cubGl2ZXJwb29sLmNvbS5teC90aWVuZGEvcGRwL1JlZnJpZ2VyYWRvci1HRS1Qcm9maWxlLTI0LXBpZXMtYyVDMyVCQWJpY29zLU5vLUZyb3N0LVBOTTI1RlNLQ1NTLzEwNDY3MTk3MDcxMjkxMQ==;SEM;2021-10-09;2018-12-07;;12911;;;;LIVERPOOL;MX;2021-10-09 03:43;GE;Refrigerador GE Profile 24 pies cúbicos No Frost PNM25FSKCSS;https://www.liverpool.com.mx/tienda/pdp/Refrigerador-GE-Profile-24-pies-c%C3%BAbicos-No-Frost-PNM25FSKCSS/1046719707;WM;5;https://www.liverpool.com.mx/
1391;aHR0cHM6Ly93d3cubGl2ZXJwb29sLmNvbS5teC90aWVuZGEvcGRwL1JlZnJpZ2VyYWRvci1HRS1Qcm9maWxlLTI0LXBpZXMtYyVDMyVCQWJpY29zLU5vLUZyb3N0LVBOTTI1RlNLQ1NTLzEwNDY3MTk3MDcyNTg0OTU=;SEM;2021-10-09;2020-05-20;;258495;;;;LIVERPOOL;MX;2021-10-09 03:43;GE;Refrigerador GE Profile 24 pies cúbicos No Frost PNM25FSKCSS;https://www.liverpool.com.mx/tienda/pdp/Refrigerador-GE-Profile-24-pies-c%C3%BAbicos-No-Frost-PNM25FSKCSS/1046719707;WM;5;https://www.liverpool.com.mx/
1392;aHR0cHM6Ly93d3cubGl2ZXJwb29sLmNvbS5teC90aWVuZGEvcGRwL1JlZnJpZ2VyYWRvci1HRS1Qcm9maWxlLTI0LXBpZXMtYyVDMyVCQWJpY29zLU5vLUZyb3N0LVBOTTI1RlNLQ1NTLzEwNDY3MTk3MDcxMDI0NTA=;SEM;2021-10-09;2019-09-09;;102450;;;;LIVERPOOL;MX;2021-10-09 03:43;GE;Refrigerador GE Profile 24 pies cúbicos No Frost PNM25FSKCSS;https://www.liverpool.com.mx/tienda/pdp/Refrigerador-GE-Profile-24-pies-c%C3%BAbicos-No-Frost-PNM25FSKCSS/1046719707;WM;5;https://www.liverpool.com.mx/
1393;aHR0cHM6Ly93d3cubGl2ZXJwb29sLmNvbS5teC90aWVuZGEvcGRwL1JlZnJpZ2VyYWRvci1HRS1Qcm9maWxlLTI0LXBpZXMtYyVDMyVCQWJpY29zLU5vLUZyb3N0LVBOTTI1RlNLQ1NTLzEwNDY3MTk3MDcxMDQwNTc=;SEM;2021-10-09;2019-09-13;;104057;;;;LIVERPOOL;MX;2021-10-09 03:43;GE;Refrigerador GE Profile 24 pies cúbicos No Frost PNM25FSKCSS;https://www.liverpool.com.mx/tienda/pdp/Refrigerador-GE-Profile-24-pies-c%C3%BAbicos-No-Frost-PNM25FSKCSS/1046719707;WM;1;https://www.liverpool.com.mx/
1394;aHR0cHM6Ly93d3cubGl2ZXJwb29sLmNvbS5teC90aWVuZGEvcGRwL1JlZnJpZ2VyYWRvci1HRS1Qcm9maWxlLTI0LXBpZXMtYyVDMyVCQWJpY29zLU5vLUZyb3N0LVBOTTI1RlNLQ1NTLzEwNDY3MTk3MDcyOTA2OTQ=;SEM;2021-10-09;2020-06-10;;290694;;;;LIVERPOOL;MX;2021-10-09 03:43;GE;Refrigerador GE Profile 24 pies cúbicos No Frost PNM25FSKCSS;https://www.liverpool.com.mx/tienda/pdp/Refrigerador-GE-Profile-24-pies-c%C3%BAbicos-No-Frost-PNM25FSKCSS/1046719707;WM;1;https://www.liverpool.com.mx/
1395;aHR0cHM6Ly93d3cubGl2ZXJwb29sLmNvbS5teC90aWVuZGEvcGRwL1JlZnJpZ2VyYWRvci1HRS1Qcm9maWxlLTI0LXBpZXMtYyVDMyVCQWJpY29zLU5vLUZyb3N0LVBOTTI1RlNLQ1NTLzEwNDY3MTk3MDczMTk3MDk=;SEM;2021-10-09;2020-06-22;;319709;;;;LIVERPOOL;MX;2021-10-09 03:43;GE;Refrigerador GE Profile 24 pies cúbicos No Frost PNM25FSKCSS;https://www.liverpool.com.mx/tienda/pdp/Refrigerador-GE-Profile-24-pies-c%C3%BAbicos-No-Frost-PNM25FSKCSS/1046719707;WM;5;https://www.liverpool.com.mx/
1396;aHR0cHM6Ly93d3cubGl2ZXJwb29sLmNvbS5teC90aWVuZGEvcGRwL1JlZnJpZ2VyYWRvci1HRS1Qcm9maWxlLTI0LXBpZXMtYyVDMyVCQWJpY29zLU5vLUZyb3N0LVBOTTI1RlNLQ1NTLzEwNDY3MTk3MDcyNTI1Mjk=;SEM;2021-10-09;2020-05-15;;252529;;;;LIVERPOOL;MX;2021-10-09 03:43;GE;Refrigerador GE Profile 24 pies cúbicos No Frost PNM25FSKCSS;https://www.liverpool.com.mx/tienda/pdp/Refrigerador-GE-Profile-24-pies-c%C3%BAbicos-No-Frost-PNM25FSKCSS/1046719707;WM;2;https://www.liverpool.com.mx/
1397;aHR0cHM6Ly93d3cubGl2ZXJwb29sLmNvbS5teC90aWVuZGEvcGRwL1JlZnJpZ2VyYWRvci1HRS1Qcm9maWxlLTI0LXBpZXMtYyVDMyVCQWJpY29zLU5vLUZyb3N0LVBOTTI1RlNLQ1NTLzEwNDY3MTk3MDcyMTYyMDk=;SEM;2021-10-09;2020-04-14;;216209;;;;LIVERPOOL;MX;2021-10-09 03:43;GE;Refrigerador GE Profile 24 pies cúbicos No Frost PNM25FSKCSS;https://www.liverpool.com.mx/tienda/pdp/Refrigerador-GE-Profile-24-pies-c%C3%BAbicos-No-Frost-PNM25FSKCSS/1046719707;WM;4;https://www.liverpool.com.mx/
1398;aHR0cHM6Ly93d3cubGl2ZXJwb29sLmNvbS5teC90aWVuZGEvcGRwL1JlZnJpZ2VyYWRvci1HRS1Qcm9maWxlLTI0LXBpZXMtYyVDMyVCQWJpY29zLU5vLUZyb3N0LVBOTTI1RlNLQ1NTLzEwNDY3MTk3MDc0ODA1MTI=;SEM;2021-10-09;2020-08-05;;480512;;;;LIVERPOOL;MX;2021-10-09 03:43;GE;Refrigerador GE Profile 24 pies cúbicos No Frost PNM25FSKCSS;https://www.liverpool.com.mx/tienda/pdp/Refrigerador-GE-Profile-24-pies-c%C3%BAbicos-No-Frost-PNM25FSKCSS/1046719707;WM;5;https://www.liverpool.com.mx/
1399;aHR0cHM6Ly93d3cubGl2ZXJwb29sLmNvbS5teC90aWVuZGEvcGRwL1JlZnJpZ2VyYWRvci1HRS1Qcm9maWxlLTI0LXBpZXMtYyVDMyVCQWJpY29zLU5vLUZyb3N0LVBOTTI1RlNLQ1NTLzEwNDY3MTk3MDc0MTI5MzM=;SEM;2021-10-09;2020-07-21;;412933;;;;LIVERPOOL;MX;2021-10-09 03:43;GE;Refrigerador GE Profile 24 pies cúbicos No Frost PNM25FSKCSS;https://www.liverpool.com.mx/tienda/pdp/Refrigerador-GE-Profile-24-pies-c%C3%BAbicos-No-Frost-PNM25FSKCSS/1046719707;WM;5;https://www.liverpool.com.mx/
1400;aHR0cHM6Ly93d3cubGl2ZXJwb29sLmNvbS5teC90aWVuZGEvcGRwL1JlZnJpZ2VyYWRvci1HRS1Qcm9maWxlLTI0LXBpZXMtYyVDMyVCQWJpY29zLU5vLUZyb3N0LVBOTTI1RlNLQ1NTLzEwNDY3MTk3MDczMTQ3OTA=;SEM;2021-10-09;2020-06-21;;314790;;;;LIVERPOOL;MX;2021-10-09 03:43;GE;Refrigerador GE Profile 24 pies cúbicos No Frost PNM25FSKCSS;https://www.liverpool.com.mx/tienda/pdp/Refrigerador-GE-Profile-24-pies-c%C3%BAbicos-No-Frost-PNM25FSKCSS/1046719707;WM;4;https://www.liverpool.com.mx/
1401;aHR0cHM6Ly93d3cubGl2ZXJwb29sLmNvbS5teC90aWVuZGEvcGRwL1JlZnJpZ2VyYWRvci1HRS1Qcm9maWxlLTI0LXBpZXMtYyVDMyVCQWJpY29zLU5vLUZyb3N0LVBOTTI1RlNLQ1NTLzEwNDY3MTk3MDcyODYzMzk=;SEM;2021-10-09;2020-06-10;;286339;;;;LIVERPOOL;MX;2021-10-09 03:43;GE;Refrigerador GE Profile 24 pies cúbicos No Frost PNM25FSKCSS;https://www.liverpool.com.mx/tienda/pdp/Refrigerador-GE-Profile-24-pies-c%C3%BAbicos-No-Frost-PNM25FSKCSS/1046719707;WM;3;https://www.liverpool.com.mx/
1402;aHR0cHM6Ly93d3cubGl2ZXJwb29sLmNvbS5teC90aWVuZGEvcGRwL1JlZnJpZ2VyYWRvci1HRS1Qcm9maWxlLTI0LXBpZXMtYyVDMyVCQWJpY29zLU5vLUZyb3N0LVBOTTI1RlNLQ1NTLzEwNDY3MTk3MDc0NTUzNTA=;SEM;2021-10-09;2020-08-01;;455350;;;;LIVERPOOL;MX;2021-10-09 03:43;GE;Refrigerador GE Profile 24 pies cúbicos No Frost PNM25FSKCSS;https://www.liverpool.com.mx/tienda/pdp/Refrigerador-GE-Profile-24-pies-c%C3%BAbicos-No-Frost-PNM25FSKCSS/1046719707;WM;5;https://www.liverpool.com.mx/
1403;aHR0cHM6Ly93d3cubGl2ZXJwb29sLmNvbS5teC90aWVuZGEvcGRwL1JlZnJpZ2VyYWRvci1HRS1Qcm9maWxlLTI0LXBpZXMtYyVDMyVCQWJpY29zLU5vLUZyb3N0LVBOTTI1RlNLQ1NTLzEwNDY3MTk3MDcyOTYwNjk=;SEM;2021-10-09;2020-06-11;;296069;;;;LIVERPOOL;MX;2021-10-09 03:43;GE;Refrigerador GE Profile 24 pies cúbicos No Frost PNM25FSKCSS;https://www.liverpool.com.mx/tienda/pdp/Refrigerador-GE-Profile-24-pies-c%C3%BAbicos-No-Frost-PNM25FSKCSS/1046719707;WM;5;https://www.liverpool.com.mx/
1404;aHR0cHM6Ly93d3cubGl2ZXJwb29sLmNvbS5teC90aWVuZGEvcGRwL1JlZnJpZ2VyYWRvci1HRS1Qcm9maWxlLTI0LXBpZXMtYyVDMyVCQWJpY29zLU5vLUZyb3N0LVBOTTI1RlNLQ1NTLzEwNDY3MTk3MDc2Njk4NjI=;SEM;2021-10-09;2020-12-16;;669862;;;;LIVERPOOL;MX;2021-10-09 03:43;GE;Refrigerador GE Profile 24 pies cúbicos No Frost PNM25FSKCSS;https://www.liverpool.com.mx/tienda/pdp/Refrigerador-GE-Profile-24-pies-c%C3%BAbicos-No-Frost-PNM25FSKCSS/1046719707;WM;5;https://www.liverpool.com.mx/
1405;aHR0cHM6Ly93d3cubGl2ZXJwb29sLmNvbS5teC90aWVuZGEvcGRwL1JlZnJpZ2VyYWRvci1HRS1Qcm9maWxlLTI0LXBpZXMtYyVDMyVCQWJpY29zLU5vLUZyb3N0LVBOTTI1RlNLQ1NTLzEwNDY3MTk3MDc0MTgyMTc=;SEM;2021-10-09;2020-07-22;;418217;;;;LIVERPOOL;MX;2021-10-09 03:43;GE;Refrigerador GE Profile 24 pies cúbicos No Frost PNM25FSKCSS;https://www.liverpool.com.mx/tienda/pdp/Refrigerador-GE-Profile-24-pies-c%C3%BAbicos-No-Frost-PNM25FSKCSS/1046719707;WM;5;https://www.liverpool.com.mx/
1406;aHR0cHM6Ly93d3cubGl2ZXJwb29sLmNvbS5teC90aWVuZGEvcGRwL1JlZnJpZ2VyYWRvci1HRS1Qcm9maWxlLTI0LXBpZXMtYyVDMyVCQWJpY29zLU5vLUZyb3N0LVBOTTI1RlNLQ1NTLzEwNDY3MTk3MDczODQ5ODk=;SEM;2021-10-09;2020-07-11;;384989;;;;LIVERPOOL;MX;2021-10-09 03:43;GE;Refrigerador GE Profile 24 pies cúbicos No Frost PNM25FSKCSS;https://www.liverpool.com.mx/tienda/pdp/Refrigerador-GE-Profile-24-pies-c%C3%BAbicos-No-Frost-PNM25FSKCSS/1046719707;WM;5;https://www.liverpool.com.mx/
1407;aHR0cHM6Ly93d3cubGl2ZXJwb29sLmNvbS5teC90aWVuZGEvcGRwL1JlZnJpZ2VyYWRvci1HRS1Qcm9maWxlLTI0LXBpZXMtYyVDMyVCQWJpY29zLU5vLUZyb3N0LVBOTTI1RlNLQ1NTLzEwNDY3MTk3MDc0MDU5ODY=;SEM;2021-10-09;2020-07-18;;405986;;;;LIVERPOOL;MX;2021-10-09 03:43;GE;Refrigerador GE Profile 24 pies cúbicos No Frost PNM25FSKCSS;https://www.liverpool.com.mx/tienda/pdp/Refrigerador-GE-Profile-24-pies-c%C3%BAbicos-No-Frost-PNM25FSKCSS/1046719707;WM;5;https://www.liverpool.com.mx/
1408;aHR0cHM6Ly93d3cubGl2ZXJwb29sLmNvbS5teC90aWVuZGEvcGRwL1JlZnJpZ2VyYWRvci1HRS1Qcm9maWxlLTI0LXBpZXMtYyVDMyVCQWJpY29zLU5vLUZyb3N0LVBOTTI1RlNLQ1NTLzEwNDY3MTk3MDc0OTY0MDM=;SEM;2021-10-09;2020-08-08;;496403;;;;LIVERPOOL;MX;2021-10-09 03:43;GE;Refrigerador GE Profile 24 pies cúbicos No Frost PNM25FSKCSS;https://www.liverpool.com.mx/tienda/pdp/Refrigerador-GE-Profile-24-pies-c%C3%BAbicos-No-Frost-PNM25FSKCSS/1046719707;WM;5;https://www.liverpool.com.mx/
1409;aHR0cHM6Ly93d3cubGl2ZXJwb29sLmNvbS5teC90aWVuZGEvcGRwL1JlZnJpZ2VyYWRvci1HRS1Qcm9maWxlLTI0LXBpZXMtYyVDMyVCQWJpY29zLU5vLUZyb3N0LVBOTTI1RlNLQ1NTLzEwNDY3MTk3MDc2NDg4MDM=;SEM;2021-10-09;2020-11-15;;648803;;;;LIVERPOOL;MX;2021-10-09 03:43;GE;Refrigerador GE Profile 24 pies cúbicos No Frost PNM25FSKCSS;https://www.liverpool.com.mx/tienda/pdp/Refrigerador-GE-Profile-24-pies-c%C3%BAbicos-No-Frost-PNM25FSKCSS/1046719707;WM;5;https://www.liverpool.com.mx/
1410;aHR0cHM6Ly93d3cubGl2ZXJwb29sLmNvbS5teC90aWVuZGEvcGRwL1JlZnJpZ2VyYWRvci1HRS1Qcm9maWxlLTI0LXBpZXMtYyVDMyVCQWJpY29zLU5vLUZyb3N0LVBOTTI1RlNLQ1NTLzEwNDY3MTk3MDc5ODU3Mzk=;SEM;2021-10-09;2021-05-19;;985739;;;;LIVERPOOL;MX;2021-10-09 03:43;GE;Refrigerador GE Profile 24 pies cúbicos No Frost PNM25FSKCSS;https://www.liverpool.com.mx/tienda/pdp/Refrigerador-GE-Profile-24-pies-c%C3%BAbicos-No-Frost-PNM25FSKCSS/1046719707;WM;5;https://www.liverpool.com.mx/
1411;aHR0cHM6Ly93d3cubGl2ZXJwb29sLmNvbS5teC90aWVuZGEvcGRwL1JlZnJpZ2VyYWRvci1HRS1Qcm9maWxlLTI0LXBpZXMtYyVDMyVCQWJpY29zLU5vLUZyb3N0LVBOTTI1RlNLQ1NTLzEwNDY3MTk3MDc0OTMyMg==;SEM;2021-10-09;2019-05-15;;49322;;;;LIVERPOOL;MX;2021-10-09 03:43;GE;Refrigerador GE Profile 24 pies cúbicos No Frost PNM25FSKCSS;https://www.liverpool.com.mx/tienda/pdp/Refrigerador-GE-Profile-24-pies-c%C3%BAbicos-No-Frost-PNM25FSKCSS/1046719707;WM;5;https://www.liverpool.com.mx/
1412;aHR0cHM6Ly93d3cubGl2ZXJwb29sLmNvbS5teC90aWVuZGEvcGRwL1JlZnJpZ2VyYWRvci1HRS1Qcm9maWxlLTI0LXBpZXMtYyVDMyVCQWJpY29zLU5vLUZyb3N0LVBOTTI1RlNLQ1NTLzEwNDY3MTk3MDcxMjk1NTk4;SEM;2021-10-09;2021-10-02;;1295598;;;;LIVERPOOL;MX;2021-10-09 03:43;GE;Refrigerador GE Profile 24 pies cúbicos No Frost PNM25FSKCSS;https://www.liverpool.com.mx/tienda/pdp/Refrigerador-GE-Profile-24-pies-c%C3%BAbicos-No-Frost-PNM25FSKCSS/1046719707;WM;5;https://www.liverpool.com.mx/
1413;aHR0cHM6Ly93d3cubGl2ZXJwb29sLmNvbS5teC90aWVuZGEvcGRwL1JlZnJpZ2VyYWRvci1HRS1Qcm9maWxlLTI0LXBpZXMtYyVDMyVCQWJpY29zLU5vLUZyb3N0LVBOTTI1RlNLQ1NTLzEwNDY3MTk3MDcxMzA2ODYz;SEM;2021-10-09;2021-10-06;;1306863;;;;LIVERPOOL;MX;2021-10-09 03:43;GE;Refrigerador GE Profile 24 pies cúbicos No Frost PNM25FSKCSS;https://www.liverpool.com.mx/tienda/pdp/Refrigerador-GE-Profile-24-pies-c%C3%BAbicos-No-Frost-PNM25FSKCSS/1046719707;WM;5;https://www.liverpool.com.mx/
1414;aHR0cHM6Ly93d3cubGl2ZXJwb29sLmNvbS5teC90aWVuZGEvcGRwL1JlZnJpZ2VyYWRvci1HRS1Qcm9maWxlLTI0LXBpZXMtYyVDMyVCQWJpY29zLU5vLUZyb3N0LVBOTTI1RlNLQ1NTLzEwNDY3MTk3MDc1MTQyMjM=;SEM;2021-10-09;2020-08-12;;514223;;;;LIVERPOOL;MX;2021-10-09 03:43;GE;Refrigerador GE Profile 24 pies cúbicos No Frost PNM25FSKCSS;https://www.liverpool.com.mx/tienda/pdp/Refrigerador-GE-Profile-24-pies-c%C3%BAbicos-No-Frost-PNM25FSKCSS/1046719707;WM;5;https://www.liverpool.com.mx/
1415;aHR0cHM6Ly93d3cubGl2ZXJwb29sLmNvbS5teC90aWVuZGEvcGRwL1JlZnJpZ2VyYWRvci1HRS1Qcm9maWxlLTI0LXBpZXMtYyVDMyVCQWJpY29zLU5vLUZyb3N0LVBOTTI1RlNLQ1NTLzEwNDY3MTk3MDc1ODUwNjM=;SEM;2021-10-09;2020-09-06;;585063;;;;LIVERPOOL;MX;2021-10-09 03:43;GE;Refrigerador GE Profile 24 pies cúbicos No Frost PNM25FSKCSS;https://www.liverpool.com.mx/tienda/pdp/Refrigerador-GE-Profile-24-pies-c%C3%BAbicos-No-Frost-PNM25FSKCSS/1046719707;WM;4;https://www.liverpool.com.mx/
1416;aHR0cHM6Ly93d3cubGl2ZXJwb29sLmNvbS5teC90aWVuZGEvcGRwL0xhdmFkb3JhLU1heXRhZy0yOS1rZy1hdXRvbSVDMyVBMXRpY2EtY2FyZ2Etc3VwZXJpb3ItN01NVlc3MjMwTEMvMTEwNzgxMjUyNzExOTMwODY=;SEM;2021-10-09;2021-08-07;;1193086;;;;LIVERPOOL;MX;2021-10-09 04:40;MAYTAG;Lavadora Maytag 29 kg automática carga superior 7MMVW7230LC;https://www.liverpool.com.mx/tienda/pdp/Lavadora-Maytag-29-kg-autom%C3%A1tica-carga-superior-7MMVW7230LC/1107812527;WM;5;https://www.liverpool.com.mx/
1417;aHR0cHM6Ly93d3cubGl2ZXJwb29sLmNvbS5teC90aWVuZGEvcGRwL0xhdmFkb3JhLU1heXRhZy0yOS1rZy1hdXRvbSVDMyVBMXRpY2EtY2FyZ2Etc3VwZXJpb3ItN01NVlc3MjMwTEMvMTEwNzgxMjUyNzEyODIwMTg=;SEM;2021-10-09;2021-09-24;;1282018;;;;LIVERPOOL;MX;2021-10-09 04:40;MAYTAG;Lavadora Maytag 29 kg automática carga superior 7MMVW7230LC;https://www.liverpool.com.mx/tienda/pdp/Lavadora-Maytag-29-kg-autom%C3%A1tica-carga-superior-7MMVW7230LC/1107812527;WM;5;https://www.liverpool.com.mx/
1418;aHR0cHM6Ly93d3cubGl2ZXJwb29sLmNvbS5teC90aWVuZGEvcGRwL0hvcm5vLWRlLW1pY3Jvb25kYXMtZGUtY29udmVjY2klQzMlQjNuLWNvbi1ncmlsbC1TYW1zdW5nLW1vZGVsby1NQzMySzcwNTVDVC9BWC8xMDU1MzA1NDYwMTMxMjQ2NQ==;SEM;2021-10-10;2021-10-09;;1312465;;;;LIVERPOOL;MX;2021-10-10 04:30;SAMSUNG;Horno de microondas de convección con grill Samsung modelo MC32K7055CT/AX;https://www.liverpool.com.mx/tienda/pdp/Horno-de-microondas-de-convecci%C3%B3n-con-grill-Samsung-modelo-MC32K7055CT/AX/1055305460;WM;5;https://www.liverpool.com.mx/
1419;aHR0cHM6Ly93d3cubGl2ZXJwb29sLmNvbS5teC90aWVuZGEvcGRwL0xhdmFkb3JhLU1hYmUtMjAta2ctYXV0b20lQzMlQTF0aWNhLWNhcmdhci1zdXBlcmlvci1MTUE3MDIxNVdCQUIwLzExMDQ1Mzc0OTU5OTE5MDc=;SEM;2021-10-10;2021-05-21;;991907;;;;LIVERPOOL;MX;2021-10-10 04:34;MABE;Lavadora Mabe 20 kg automática cargar superior LMA70215WBAB0;https://www.liverpool.com.mx/tienda/pdp/Lavadora-Mabe-20-kg-autom%C3%A1tica-cargar-superior-LMA70215WBAB0/1104537495;WM;5;https://www.liverpool.com.mx/
1420;aHR0cHM6Ly93d3cubGl2ZXJwb29sLmNvbS5teC90aWVuZGEvcGRwL0xhdmFkb3JhLU1hYmUtMjAta2ctYXV0b20lQzMlQTF0aWNhLWNhcmdhci1zdXBlcmlvci1MTUE3MDIxNVdCQUIwLzExMDQ1Mzc0OTUxMDM1Nzkx;SEM;2021-10-10;2021-06-05;;1035791;;;;LIVERPOOL;MX;2021-10-10 04:34;MABE;Lavadora Mabe 20 kg automática cargar superior LMA70215WBAB0;https://www.liverpool.com.mx/tienda/pdp/Lavadora-Mabe-20-kg-autom%C3%A1tica-cargar-superior-LMA70215WBAB0/1104537495;WM;5;https://www.liverpool.com.mx/
1421;aHR0cHM6Ly93d3cubGl2ZXJwb29sLmNvbS5teC90aWVuZGEvcGRwL0xhdmFkb3JhLUxHLTE3LWtnLWJsYW5jYS1XVDE3V1NCLzEwNjA0MDY3Mzg0MjIy;SEM;2021-10-10;2018-10-22;;4222;;;;LIVERPOOL;MX;2021-10-10 04:34;LG;Lavadora LG 17 kg blanca WT17WSB;https://www.liverpool.com.mx/tienda/pdp/Lavadora-LG-17-kg-blanca-WT17WSB/1060406738;WM;5;https://www.liverpool.com.mx/
1422;aHR0cHM6Ly93d3cubGl2ZXJwb29sLmNvbS5teC90aWVuZGEvcGRwL0xhdmFkb3JhLUxHLTE3LWtnLWJsYW5jYS1XVDE3V1NCLzEwNjA0MDY3Mzg0NTI3Nw==;SEM;2021-10-10;2019-05-01;;45277;;;;LIVERPOOL;MX;2021-10-10 04:34;LG;Lavadora LG 17 kg blanca WT17WSB;https://www.liverpool.com.mx/tienda/pdp/Lavadora-LG-17-kg-blanca-WT17WSB/1060406738;WM;5;https://www.liverpool.com.mx/
1423;aHR0cHM6Ly93d3cubGl2ZXJwb29sLmNvbS5teC90aWVuZGEvcGRwL0xhdmFkb3JhLUxHLTE3LWtnLWJsYW5jYS1XVDE3V1NCLzEwNjA0MDY3MzgyMDYyNDg=;SEM;2021-10-10;2020-03-30;;206248;;;;LIVERPOOL;MX;2021-10-10 04:34;LG;Lavadora LG 17 kg blanca WT17WSB;https://www.liverpool.com.mx/tienda/pdp/Lavadora-LG-17-kg-blanca-WT17WSB/1060406738;WM;5;https://www.liverpool.com.mx/
1424;aHR0cHM6Ly93d3cubGl2ZXJwb29sLmNvbS5teC90aWVuZGEvcGRwL0xhdmFkb3JhLUxHLTE3LWtnLWJsYW5jYS1XVDE3V1NCLzEwNjA0MDY3MzgxNjU1Mw==;SEM;2021-10-10;2019-02-02;;16553;;;;LIVERPOOL;MX;2021-10-10 04:34;LG;Lavadora LG 17 kg blanca WT17WSB;https://www.liverpool.com.mx/tienda/pdp/Lavadora-LG-17-kg-blanca-WT17WSB/1060406738;WM;5;https://www.liverpool.com.mx/
1425;aHR0cHM6Ly93d3cubGl2ZXJwb29sLmNvbS5teC90aWVuZGEvcGRwL0xhdmFkb3JhLUxHLTE3LWtnLWJsYW5jYS1XVDE3V1NCLzEwNjA0MDY3MzgxNDkwMjY=;SEM;2021-10-10;2019-12-10;;149026;;;;LIVERPOOL;MX;2021-10-10 04:34;LG;Lavadora LG 17 kg blanca WT17WSB;https://www.liverpool.com.mx/tienda/pdp/Lavadora-LG-17-kg-blanca-WT17WSB/1060406738;WM;3;https://www.liverpool.com.mx/
1426;aHR0cHM6Ly93d3cubGl2ZXJwb29sLmNvbS5teC90aWVuZGEvcGRwL0xhdmFkb3JhLUxHLTE3LWtnLWJsYW5jYS1XVDE3V1NCLzEwNjA0MDY3MzgxMTg4Mzc=;SEM;2021-10-10;2019-10-15;;118837;;;;LIVERPOOL;MX;2021-10-10 04:34;LG;Lavadora LG 17 kg blanca WT17WSB;https://www.liverpool.com.mx/tienda/pdp/Lavadora-LG-17-kg-blanca-WT17WSB/1060406738;WM;5;https://www.liverpool.com.mx/
1427;aHR0cHM6Ly93d3cubGl2ZXJwb29sLmNvbS5teC90aWVuZGEvcGRwL0xhdmFkb3JhLUxHLTE3LWtnLWJsYW5jYS1XVDE3V1NCLzEwNjA0MDY3MzgxMzY1MzE=;SEM;2021-10-10;2019-11-20;;136531;;;;LIVERPOOL;MX;2021-10-10 04:34;LG;Lavadora LG 17 kg blanca WT17WSB;https://www.liverpool.com.mx/tienda/pdp/Lavadora-LG-17-kg-blanca-WT17WSB/1060406738;WM;5;https://www.liverpool.com.mx/
1428;aHR0cHM6Ly93d3cubGl2ZXJwb29sLmNvbS5teC90aWVuZGEvcGRwL0xhdmFkb3JhLUxHLTE3LWtnLWJsYW5jYS1XVDE3V1NCLzEwNjA0MDY3Mzg4NDgwOQ==;SEM;2021-10-10;2019-08-02;;84809;;;;LIVERPOOL;MX;2021-10-10 04:34;LG;Lavadora LG 17 kg blanca WT17WSB;https://www.liverpool.com.mx/tienda/pdp/Lavadora-LG-17-kg-blanca-WT17WSB/1060406738;WM;5;https://www.liverpool.com.mx/
1429;aHR0cHM6Ly93d3cubGl2ZXJwb29sLmNvbS5teC90aWVuZGEvcGRwL0xhdmFkb3JhLUxHLTE3LWtnLWJsYW5jYS1XVDE3V1NCLzEwNjA0MDY3Mzg2Mzk3Mzk=;SEM;2021-10-10;2020-10-31;;639739;;;;LIVERPOOL;MX;2021-10-10 04:34;LG;Lavadora LG 17 kg blanca WT17WSB;https://www.liverpool.com.mx/tienda/pdp/Lavadora-LG-17-kg-blanca-WT17WSB/1060406738;WM;5;https://www.liverpool.com.mx/
1430;aHR0cHM6Ly93d3cubGl2ZXJwb29sLmNvbS5teC90aWVuZGEvcGRwL0xhdmFkb3JhLUxHLTE3LWtnLWJsYW5jYS1XVDE3V1NCLzEwNjA0MDY3Mzg0MDg2MDA=;SEM;2021-10-10;2020-07-19;;408600;;;;LIVERPOOL;MX;2021-10-10 04:34;LG;Lavadora LG 17 kg blanca WT17WSB;https://www.liverpool.com.mx/tienda/pdp/Lavadora-LG-17-kg-blanca-WT17WSB/1060406738;WM;4;https://www.liverpool.com.mx/
1431;aHR0cHM6Ly93d3cubGl2ZXJwb29sLmNvbS5teC90aWVuZGEvcGRwL0xhdmFkb3JhLUxHLTE3LWtnLWJsYW5jYS1XVDE3V1NCLzEwNjA0MDY3MzgzNjYzNw==;SEM;2021-10-10;2019-04-03;;36637;;;;LIVERPOOL;MX;2021-10-10 04:34;LG;Lavadora LG 17 kg blanca WT17WSB;https://www.liverpool.com.mx/tienda/pdp/Lavadora-LG-17-kg-blanca-WT17WSB/1060406738;WM;5;https://www.liverpool.com.mx/
1432;aHR0cHM6Ly93d3cubGl2ZXJwb29sLmNvbS5teC90aWVuZGEvcGRwL0xhdmFkb3JhLUxHLTE3LWtnLWJsYW5jYS1XVDE3V1NCLzEwNjA0MDY3MzgxMjM5MA==;SEM;2021-10-10;2018-11-30;;12390;;;;LIVERPOOL;MX;2021-10-10 04:34;LG;Lavadora LG 17 kg blanca WT17WSB;https://www.liverpool.com.mx/tienda/pdp/Lavadora-LG-17-kg-blanca-WT17WSB/1060406738;WM;5;https://www.liverpool.com.mx/
1433;aHR0cHM6Ly93d3cubGl2ZXJwb29sLmNvbS5teC90aWVuZGEvcGRwL0xhdmFkb3JhLUxHLTE3LWtnLWJsYW5jYS1XVDE3V1NCLzEwNjA0MDY3MzgzNzQ0MzM=;SEM;2021-10-10;2020-07-09;;374433;;;;LIVERPOOL;MX;2021-10-10 04:34;LG;Lavadora LG 17 kg blanca WT17WSB;https://www.liverpool.com.mx/tienda/pdp/Lavadora-LG-17-kg-blanca-WT17WSB/1060406738;WM;5;https://www.liverpool.com.mx/
1434;aHR0cHM6Ly93d3cubGl2ZXJwb29sLmNvbS5teC90aWVuZGEvcGRwL0xhdmFkb3JhLUxHLTE3LWtnLWJsYW5jYS1XVDE3V1NCLzEwNjA0MDY3Mzg2NjQxMzY=;SEM;2021-10-10;2020-12-05;;664136;;;;LIVERPOOL;MX;2021-10-10 04:34;LG;Lavadora LG 17 kg blanca WT17WSB;https://www.liverpool.com.mx/tienda/pdp/Lavadora-LG-17-kg-blanca-WT17WSB/1060406738;WM;5;https://www.liverpool.com.mx/
1435;aHR0cHM6Ly93d3cubGl2ZXJwb29sLmNvbS5teC90aWVuZGEvcGRwL0xhdmFkb3JhLUxHLTE3LWtnLWJsYW5jYS1XVDE3V1NCLzEwNjA0MDY3MzgxMDgyODY=;SEM;2021-10-10;2019-09-23;;108286;;;;LIVERPOOL;MX;2021-10-10 04:34;LG;Lavadora LG 17 kg blanca WT17WSB;https://www.liverpool.com.mx/tienda/pdp/Lavadora-LG-17-kg-blanca-WT17WSB/1060406738;WM;5;https://www.liverpool.com.mx/
1436;aHR0cHM6Ly93d3cubGl2ZXJwb29sLmNvbS5teC90aWVuZGEvcGRwL0xhdmFkb3JhLUxHLTE3LWtnLWJsYW5jYS1XVDE3V1NCLzEwNjA0MDY3MzgxODIyNjY=;SEM;2021-10-10;2020-02-07;;182266;;;;LIVERPOOL;MX;2021-10-10 04:34;LG;Lavadora LG 17 kg blanca WT17WSB;https://www.liverpool.com.mx/tienda/pdp/Lavadora-LG-17-kg-blanca-WT17WSB/1060406738;WM;1;https://www.liverpool.com.mx/
1437;aHR0cHM6Ly93d3cubGl2ZXJwb29sLmNvbS5teC90aWVuZGEvcGRwL0xhdmFkb3JhLUxHLTE3LWtnLWJsYW5jYS1XVDE3V1NCLzEwNjA0MDY3Mzg1OTA4MDA=;SEM;2021-10-10;2020-09-07;;590800;;;;LIVERPOOL;MX;2021-10-10 04:34;LG;Lavadora LG 17 kg blanca WT17WSB;https://www.liverpool.com.mx/tienda/pdp/Lavadora-LG-17-kg-blanca-WT17WSB/1060406738;WM;5;https://www.liverpool.com.mx/
1438;aHR0cHM6Ly93d3cubGl2ZXJwb29sLmNvbS5teC90aWVuZGEvcGRwL0xhdmFkb3JhLUxHLTE3LWtnLWJsYW5jYS1XVDE3V1NCLzEwNjA0MDY3Mzg0NDM3NTY=;SEM;2021-10-10;2020-07-30;;443756;;;;LIVERPOOL;MX;2021-10-10 04:34;LG;Lavadora LG 17 kg blanca WT17WSB;https://www.liverpool.com.mx/tienda/pdp/Lavadora-LG-17-kg-blanca-WT17WSB/1060406738;WM;4;https://www.liverpool.com.mx/
1439;aHR0cHM6Ly93d3cubGl2ZXJwb29sLmNvbS5teC90aWVuZGEvcGRwL0xhdmFkb3JhLUxHLTE3LWtnLWJsYW5jYS1XVDE3V1NCLzEwNjA0MDY3Mzg3MDkyNg==;SEM;2021-10-10;2019-07-04;;70926;;;;LIVERPOOL;MX;2021-10-10 04:34;LG;Lavadora LG 17 kg blanca WT17WSB;https://www.liverpool.com.mx/tienda/pdp/Lavadora-LG-17-kg-blanca-WT17WSB/1060406738;WM;5;https://www.liverpool.com.mx/
1440;aHR0cHM6Ly93d3cubGl2ZXJwb29sLmNvbS5teC90aWVuZGEvcGRwL0xhdmFkb3JhLUxHLTE3LWtnLWJsYW5jYS1XVDE3V1NCLzEwNjA0MDY3Mzg1MzExMjI=;SEM;2021-10-10;2020-08-19;;531122;;;;LIVERPOOL;MX;2021-10-10 04:34;LG;Lavadora LG 17 kg blanca WT17WSB;https://www.liverpool.com.mx/tienda/pdp/Lavadora-LG-17-kg-blanca-WT17WSB/1060406738;WM;5;https://www.liverpool.com.mx/
1441;aHR0cHM6Ly93d3cubGl2ZXJwb29sLmNvbS5teC90aWVuZGEvcGRwL0xhdmFkb3JhLUxHLTE3LWtnLWJsYW5jYS1XVDE3V1NCLzEwNjA0MDY3MzgyNTkyNTc=;SEM;2021-10-10;2020-05-21;;259257;;;;LIVERPOOL;MX;2021-10-10 04:34;LG;Lavadora LG 17 kg blanca WT17WSB;https://www.liverpool.com.mx/tienda/pdp/Lavadora-LG-17-kg-blanca-WT17WSB/1060406738;WM;5;https://www.liverpool.com.mx/
1442;aHR0cHM6Ly93d3cubGl2ZXJwb29sLmNvbS5teC90aWVuZGEvcGRwL0xhdmFkb3JhLUxHLTE3LWtnLWJsYW5jYS1XVDE3V1NCLzEwNjA0MDY3Mzg5MTExMjA=;SEM;2021-10-10;2021-04-19;;911120;;;;LIVERPOOL;MX;2021-10-10 04:34;LG;Lavadora LG 17 kg blanca WT17WSB;https://www.liverpool.com.mx/tienda/pdp/Lavadora-LG-17-kg-blanca-WT17WSB/1060406738;WM;5;https://www.liverpool.com.mx/
1443;aHR0cHM6Ly93d3cubGl2ZXJwb29sLmNvbS5teC90aWVuZGEvcGRwL0xhdmFkb3JhLUxHLTE3LWtnLWJsYW5jYS1XVDE3V1NCLzEwNjA0MDY3MzgxNDc4MzU=;SEM;2021-10-10;2019-12-09;;147835;;;;LIVERPOOL;MX;2021-10-10 04:34;LG;Lavadora LG 17 kg blanca WT17WSB;https://www.liverpool.com.mx/tienda/pdp/Lavadora-LG-17-kg-blanca-WT17WSB/1060406738;WM;5;https://www.liverpool.com.mx/
1444;aHR0cHM6Ly93d3cubGl2ZXJwb29sLmNvbS5teC90aWVuZGEvcGRwL0xhdmFkb3JhLUxHLTE3LWtnLWJsYW5jYS1XVDE3V1NCLzEwNjA0MDY3Mzg3MTE1NjA=;SEM;2021-10-10;2021-01-03;;711560;;;;LIVERPOOL;MX;2021-10-10 04:34;LG;Lavadora LG 17 kg blanca WT17WSB;https://www.liverpool.com.mx/tienda/pdp/Lavadora-LG-17-kg-blanca-WT17WSB/1060406738;WM;5;https://www.liverpool.com.mx/
1445;aHR0cHM6Ly93d3cubGl2ZXJwb29sLmNvbS5teC90aWVuZGEvcGRwL0xhdmFkb3JhLUxHLTE3LWtnLWJsYW5jYS1XVDE3V1NCLzEwNjA0MDY3MzgxOTk5NTc=;SEM;2021-10-10;2020-03-17;;199957;;;;LIVERPOOL;MX;2021-10-10 04:34;LG;Lavadora LG 17 kg blanca WT17WSB;https://www.liverpool.com.mx/tienda/pdp/Lavadora-LG-17-kg-blanca-WT17WSB/1060406738;WM;5;https://www.liverpool.com.mx/
1446;aHR0cHM6Ly93d3cubGl2ZXJwb29sLmNvbS5teC90aWVuZGEvcGRwL0xhdmFkb3JhLUxHLTE3LWtnLWJsYW5jYS1XVDE3V1NCLzEwNjA0MDY3MzgxOTM4NDM=;SEM;2021-10-10;2020-03-02;;193843;;;;LIVERPOOL;MX;2021-10-10 04:34;LG;Lavadora LG 17 kg blanca WT17WSB;https://www.liverpool.com.mx/tienda/pdp/Lavadora-LG-17-kg-blanca-WT17WSB/1060406738;WM;5;https://www.liverpool.com.mx/
1447;aHR0cHM6Ly93d3cubGl2ZXJwb29sLmNvbS5teC90aWVuZGEvcGRwL0xhdmFkb3JhLUxHLTE3LWtnLWJsYW5jYS1XVDE3V1NCLzEwNjA0MDY3Mzg0NTkzMzM=;SEM;2021-10-10;2020-08-02;;459333;;;;LIVERPOOL;MX;2021-10-10 04:34;LG;Lavadora LG 17 kg blanca WT17WSB;https://www.liverpool.com.mx/tienda/pdp/Lavadora-LG-17-kg-blanca-WT17WSB/1060406738;WM;5;https://www.liverpool.com.mx/
1448;aHR0cHM6Ly93d3cubGl2ZXJwb29sLmNvbS5teC90aWVuZGEvcGRwL0xhdmFkb3JhLUxHLTE3LWtnLWJsYW5jYS1XVDE3V1NCLzEwNjA0MDY3MzgxMDA3NDI=;SEM;2021-10-10;2019-09-06;;100742;;;;LIVERPOOL;MX;2021-10-10 04:34;LG;Lavadora LG 17 kg blanca WT17WSB;https://www.liverpool.com.mx/tienda/pdp/Lavadora-LG-17-kg-blanca-WT17WSB/1060406738;WM;5;https://www.liverpool.com.mx/
1449;aHR0cHM6Ly93d3cubGl2ZXJwb29sLmNvbS5teC90aWVuZGEvcGRwL0xhdmFkb3JhLUxHLTE3LWtnLWJsYW5jYS1XVDE3V1NCLzEwNjA0MDY3Mzg1NjM2MTM=;SEM;2021-10-10;2020-08-29;;563613;;;;LIVERPOOL;MX;2021-10-10 04:34;LG;Lavadora LG 17 kg blanca WT17WSB;https://www.liverpool.com.mx/tienda/pdp/Lavadora-LG-17-kg-blanca-WT17WSB/1060406738;WM;5;https://www.liverpool.com.mx/
1450;aHR0cHM6Ly93d3cubGl2ZXJwb29sLmNvbS5teC90aWVuZGEvcGRwL0xhdmFkb3JhLUxHLTE3LWtnLWJsYW5jYS1XVDE3V1NCLzEwNjA0MDY3Mzg5NDg5NjY=;SEM;2021-10-10;2021-05-07;;948966;;;;LIVERPOOL;MX;2021-10-10 04:34;LG;Lavadora LG 17 kg blanca WT17WSB;https://www.liverpool.com.mx/tienda/pdp/Lavadora-LG-17-kg-blanca-WT17WSB/1060406738;WM;5;https://www.liverpool.com.mx/
1451;aHR0cHM6Ly93d3cubGl2ZXJwb29sLmNvbS5teC90aWVuZGEvcGRwL0xhdmFkb3JhLUxHLTE3LWtnLWJsYW5jYS1XVDE3V1NCLzEwNjA0MDY3Mzg3MTQ3NjE=;SEM;2021-10-10;2021-01-05;;714761;;;;LIVERPOOL;MX;2021-10-10 04:34;LG;Lavadora LG 17 kg blanca WT17WSB;https://www.liverpool.com.mx/tienda/pdp/Lavadora-LG-17-kg-blanca-WT17WSB/1060406738;WM;5;https://www.liverpool.com.mx/
1452;aHR0cHM6Ly93d3cubGl2ZXJwb29sLmNvbS5teC90aWVuZGEvcGRwL0xhdmFkb3JhLUxHLTE3LWtnLWJsYW5jYS1XVDE3V1NCLzEwNjA0MDY3Mzg4MTMxMjM=;SEM;2021-10-10;2021-02-26;;813123;;;;LIVERPOOL;MX;2021-10-10 04:34;LG;Lavadora LG 17 kg blanca WT17WSB;https://www.liverpool.com.mx/tienda/pdp/Lavadora-LG-17-kg-blanca-WT17WSB/1060406738;WM;5;https://www.liverpool.com.mx/
1453;aHR0cHM6Ly93d3cubGl2ZXJwb29sLmNvbS5teC90aWVuZGEvcGRwL0xhdmFkb3JhLUxHLTE3LWtnLWJsYW5jYS1XVDE3V1NCLzEwNjA0MDY3Mzg4NzYzODE=;SEM;2021-10-10;2021-03-29;;876381;;;;LIVERPOOL;MX;2021-10-10 04:34;LG;Lavadora LG 17 kg blanca WT17WSB;https://www.liverpool.com.mx/tienda/pdp/Lavadora-LG-17-kg-blanca-WT17WSB/1060406738;WM;5;https://www.liverpool.com.mx/
1454;aHR0cHM6Ly93d3cubGl2ZXJwb29sLmNvbS5teC90aWVuZGEvcGRwL0xhdmFkb3JhLUxHLTE3LWtnLWJsYW5jYS1XVDE3V1NCLzEwNjA0MDY3MzgxMTkyNjM3;SEM;2021-10-10;2021-08-07;;1192637;;;;LIVERPOOL;MX;2021-10-10 04:34;LG;Lavadora LG 17 kg blanca WT17WSB;https://www.liverpool.com.mx/tienda/pdp/Lavadora-LG-17-kg-blanca-WT17WSB/1060406738;WM;5;https://www.liverpool.com.mx/
1455;aHR0cHM6Ly93d3cubGl2ZXJwb29sLmNvbS5teC90aWVuZGEvcGRwL0xhdmFkb3JhLUxHLTE3LWtnLWJsYW5jYS1XVDE3V1NCLzEwNjA0MDY3Mzg1NTY5OTY=;SEM;2021-10-10;2020-08-27;;556996;;;;LIVERPOOL;MX;2021-10-10 04:34;LG;Lavadora LG 17 kg blanca WT17WSB;https://www.liverpool.com.mx/tienda/pdp/Lavadora-LG-17-kg-blanca-WT17WSB/1060406738;WM;5;https://www.liverpool.com.mx/
1456;aHR0cHM6Ly93d3cubGl2ZXJwb29sLmNvbS5teC90aWVuZGEvcGRwL0xhdmFkb3JhLUxHLTE3LWtnLWJsYW5jYS1XVDE3V1NCLzEwNjA0MDY3Mzg3Nzg3NDQ=;SEM;2021-10-10;2021-02-12;;778744;;;;LIVERPOOL;MX;2021-10-10 04:34;LG;Lavadora LG 17 kg blanca WT17WSB;https://www.liverpool.com.mx/tienda/pdp/Lavadora-LG-17-kg-blanca-WT17WSB/1060406738;WM;5;https://www.liverpool.com.mx/
1457;aHR0cHM6Ly93d3cubGl2ZXJwb29sLmNvbS5teC90aWVuZGEvcGRwL0xhdmFkb3JhLUxHLTE3LWtnLWJsYW5jYS1XVDE3V1NCLzEwNjA0MDY3Mzg4MTU2Mjc=;SEM;2021-10-10;2021-02-27;;815627;;;;LIVERPOOL;MX;2021-10-10 04:34;LG;Lavadora LG 17 kg blanca WT17WSB;https://www.liverpool.com.mx/tienda/pdp/Lavadora-LG-17-kg-blanca-WT17WSB/1060406738;WM;5;https://www.liverpool.com.mx/
1458;aHR0cHM6Ly93d3cubGl2ZXJwb29sLmNvbS5teC90aWVuZGEvcGRwL0xhdmFkb3JhLUxHLTE3LWtnLWJsYW5jYS1XVDE3V1NCLzEwNjA0MDY3MzgxMTUwMjE5;SEM;2021-10-10;2021-07-18;;1150219;;;;LIVERPOOL;MX;2021-10-10 04:34;LG;Lavadora LG 17 kg blanca WT17WSB;https://www.liverpool.com.mx/tienda/pdp/Lavadora-LG-17-kg-blanca-WT17WSB/1060406738;WM;5;https://www.liverpool.com.mx/
1459;aHR0cHM6Ly93d3cubGl2ZXJwb29sLmNvbS5teC90aWVuZGEvcGRwL0xhdmFkb3JhLUxHLTE3LWtnLWJsYW5jYS1XVDE3V1NCLzEwNjA0MDY3Mzg3OTkyNDQ=;SEM;2021-10-10;2021-02-20;;799244;;;;LIVERPOOL;MX;2021-10-10 04:34;LG;Lavadora LG 17 kg blanca WT17WSB;https://www.liverpool.com.mx/tienda/pdp/Lavadora-LG-17-kg-blanca-WT17WSB/1060406738;WM;5;https://www.liverpool.com.mx/
1460;aHR0cHM6Ly93d3cubGl2ZXJwb29sLmNvbS5teC90aWVuZGEvcGRwL0xhdmFkb3JhLUxHLTE3LWtnLWJsYW5jYS1XVDE3V1NCLzEwNjA0MDY3MzgxMDk4NzY4;SEM;2021-10-10;2021-06-25;;1098768;;;;LIVERPOOL;MX;2021-10-10 04:34;LG;Lavadora LG 17 kg blanca WT17WSB;https://www.liverpool.com.mx/tienda/pdp/Lavadora-LG-17-kg-blanca-WT17WSB/1060406738;WM;5;https://www.liverpool.com.mx/
1461;aHR0cHM6Ly93d3cubGl2ZXJwb29sLmNvbS5teC90aWVuZGEvcGRwL0xhdmFkb3JhLUxHLTE3LWtnLWJsYW5jYS1XVDE3V1NCLzEwNjA0MDY3Mzg5MTEzNzc=;SEM;2021-10-10;2021-04-19;;911377;;;;LIVERPOOL;MX;2021-10-10 04:34;LG;Lavadora LG 17 kg blanca WT17WSB;https://www.liverpool.com.mx/tienda/pdp/Lavadora-LG-17-kg-blanca-WT17WSB/1060406738;WM;5;https://www.liverpool.com.mx/
1462;aHR0cHM6Ly93d3cubGl2ZXJwb29sLmNvbS5teC90aWVuZGEvcGRwL0xhdmFkb3JhLUxHLTE3LWtnLWJsYW5jYS1XVDE3V1NCLzEwNjA0MDY3Mzg5NTk1MDY=;SEM;2021-10-10;2021-05-10;;959506;;;;LIVERPOOL;MX;2021-10-10 04:34;LG;Lavadora LG 17 kg blanca WT17WSB;https://www.liverpool.com.mx/tienda/pdp/Lavadora-LG-17-kg-blanca-WT17WSB/1060406738;WM;5;https://www.liverpool.com.mx/
1463;aHR0cHM6Ly93d3cubGl2ZXJwb29sLmNvbS5teC90aWVuZGEvcGRwL0xhdmFkb3JhLUxHLTE3LWtnLWJsYW5jYS1XVDE3V1NCLzEwNjA0MDY3MzgxMTIyMzYw;SEM;2021-10-10;2021-07-04;;1122360;;;;LIVERPOOL;MX;2021-10-10 04:34;LG;Lavadora LG 17 kg blanca WT17WSB;https://www.liverpool.com.mx/tienda/pdp/Lavadora-LG-17-kg-blanca-WT17WSB/1060406738;WM;5;https://www.liverpool.com.mx/
1464;aHR0cHM6Ly93d3cubGl2ZXJwb29sLmNvbS5teC90aWVuZGEvcGRwL0xhdmFkb3JhLUxHLTE3LWtnLWJsYW5jYS1XVDE3V1NCLzEwNjA0MDY3MzgxMjczNDI4;SEM;2021-10-10;2021-09-19;;1273428;;;;LIVERPOOL;MX;2021-10-10 04:34;LG;Lavadora LG 17 kg blanca WT17WSB;https://www.liverpool.com.mx/tienda/pdp/Lavadora-LG-17-kg-blanca-WT17WSB/1060406738;WM;5;https://www.liverpool.com.mx/
1465;aHR0cHM6Ly93d3cubGl2ZXJwb29sLmNvbS5teC90aWVuZGEvcGRwL0xhdmFkb3JhLUxHLTE3LWtnLWJsYW5jYS1XVDE3V1NCLzEwNjA0MDY3MzgxMjQwNjk2;SEM;2021-10-10;2021-09-01;;1240696;;;;LIVERPOOL;MX;2021-10-10 04:34;LG;Lavadora LG 17 kg blanca WT17WSB;https://www.liverpool.com.mx/tienda/pdp/Lavadora-LG-17-kg-blanca-WT17WSB/1060406738;WM;5;https://www.liverpool.com.mx/
1466;aHR0cHM6Ly93d3cubGl2ZXJwb29sLmNvbS5teC90aWVuZGEvcGRwL0xhdmFkb3JhLUxHLTE3LWtnLWJsYW5jYS1XVDE3V1NCLzEwNjA0MDY3MzgxOTEzNTM=;SEM;2021-10-10;2020-02-25;;191353;;;;LIVERPOOL;MX;2021-10-10 04:34;LG;Lavadora LG 17 kg blanca WT17WSB;https://www.liverpool.com.mx/tienda/pdp/Lavadora-LG-17-kg-blanca-WT17WSB/1060406738;WM;5;https://www.liverpool.com.mx/
1467;aHR0cHM6Ly93d3cubGl2ZXJwb29sLmNvbS5teC90aWVuZGEvcGRwL0xhdmFkb3JhLUxHLTE3LWtnLWJsYW5jYS1XVDE3V1NCLzEwNjA0MDY3Mzg5Nzk1ODE=;SEM;2021-10-10;2021-05-16;;979581;;;;LIVERPOOL;MX;2021-10-10 04:34;LG;Lavadora LG 17 kg blanca WT17WSB;https://www.liverpool.com.mx/tienda/pdp/Lavadora-LG-17-kg-blanca-WT17WSB/1060406738;WM;5;https://www.liverpool.com.mx/
1468;aHR0cHM6Ly93d3cubGl2ZXJwb29sLmNvbS5teC90aWVuZGEvcGRwL0xhdmFkb3JhLUxHLTE3LWtnLWJsYW5jYS1XVDE3V1NCLzEwNjA0MDY3Mzg0NjU1NDU=;SEM;2021-10-10;2020-08-03;;465545;;;;LIVERPOOL;MX;2021-10-10 04:34;LG;Lavadora LG 17 kg blanca WT17WSB;https://www.liverpool.com.mx/tienda/pdp/Lavadora-LG-17-kg-blanca-WT17WSB/1060406738;WM;5;https://www.liverpool.com.mx/
1469;aHR0cHM6Ly93d3cubGl2ZXJwb29sLmNvbS5teC90aWVuZGEvcGRwL0xhdmFkb3JhLUxHLTE3LWtnLWJsYW5jYS1XVDE3V1NCLzEwNjA0MDY3Mzg1MTUyMTU=;SEM;2021-10-10;2020-08-12;;515215;;;;LIVERPOOL;MX;2021-10-10 04:34;LG;Lavadora LG 17 kg blanca WT17WSB;https://www.liverpool.com.mx/tienda/pdp/Lavadora-LG-17-kg-blanca-WT17WSB/1060406738;WM;5;https://www.liverpool.com.mx/
1470;aHR0cHM6Ly93d3cubGl2ZXJwb29sLmNvbS5teC90aWVuZGEvcGRwL0xhdmFkb3JhLUxHLTE3LWtnLWJsYW5jYS1XVDE3V1NCLzEwNjA0MDY3Mzg1NDY5NzE=;SEM;2021-10-10;2020-08-23;;546971;;;;LIVERPOOL;MX;2021-10-10 04:34;LG;Lavadora LG 17 kg blanca WT17WSB;https://www.liverpool.com.mx/tienda/pdp/Lavadora-LG-17-kg-blanca-WT17WSB/1060406738;WM;5;https://www.liverpool.com.mx/
1471;aHR0cHM6Ly93d3cubGl2ZXJwb29sLmNvbS5teC90aWVuZGEvcGRwL2xhdmFkb3JhLXNhbXN1bmctMTkta2ctbmVncmEtd2ExOXQ2MjYwYnYvYXgvMTA5ODEwNTc4MjEzMTM0MTE=;SEM;2021-10-10;2021-10-09;;1313411;;;;LIVERPOOL;MX;2021-10-10 05:06;SAMSUNG;Lavadora Samsung 19 kg negra WA19T6260BV/AX;https://www.liverpool.com.mx/tienda/pdp/lavadora-samsung-19-kg-negra-wa19t6260bv/ax/1098105782;WM;5;https://www.liverpool.com.mx/
1472;aHR0cHM6Ly93d3cubGl2ZXJwb29sLmNvbS5teC90aWVuZGEvcGRwL2xhdmFkb3JhLW1hYmUtMjAta2ctYXV0b20lQzMlQTF0aWNhLWNhcmdhci1zdXBlcmlvci1sbWE3MDIxNXdiYWIwLzExMDQ1Mzc0OTUxMzEzODQw;SEM;2021-10-10;2021-10-09;;1313840;;;;LIVERPOOL;MX;2021-10-10 05:13;MABE;Lavadora Mabe 20 kg automática cargar superior LMA70215WBAB0;https://www.liverpool.com.mx/tienda/pdp/lavadora-mabe-20-kg-autom%C3%A1tica-cargar-superior-lma70215wbab0/1104537495;WM;5;https://www.liverpool.com.mx/
1473;aHR0cHM6Ly93d3cubGl2ZXJwb29sLmNvbS5teC90aWVuZGEvcGRwL2xhdmFkb3JhLWxnLTE4LWtnLWF1dG9tJUMzJUExdGljYS1jYXJnYS1zdXBlcmlvci13dDE4bWJiLzExMDAwNzM2MDUxMzEyNTM3;SEM;2021-10-10;2021-10-09;;1312537;;;;LIVERPOOL;MX;2021-10-10 05:29;LG;Lavadora LG 18 kg automática carga superior WT18MBB;https://www.liverpool.com.mx/tienda/pdp/lavadora-lg-18-kg-autom%C3%A1tica-carga-superior-wt18mbb/1100073605;WM;5;https://www.liverpool.com.mx/
1474;aHR0cHM6Ly93d3cubGl2ZXJwb29sLmNvbS5teC90aWVuZGEvcGRwL2xhdmFkb3JhLWxnLTIxLWtnLWF1dG9tJUMzJUExdGljYS1jYXJnYS1zdXBlcmlvci13dDIxd3Q2aGthLzExMDYzNTEzODExMzE0NzY3;SEM;2021-10-10;2021-10-09;;1314767;;;;LIVERPOOL;MX;2021-10-10 05:34;LG;Lavadora LG 21 kg automática carga superior WT21WT6HKA;https://www.liverpool.com.mx/tienda/pdp/lavadora-lg-21-kg-autom%C3%A1tica-carga-superior-wt21wt6hka/1106351381;WM;5;https://www.liverpool.com.mx/
1475;aHR0cHM6Ly93d3cubGl2ZXJwb29sLmNvbS5teC90aWVuZGEvcGRwL2xhdmFkb3JhLXNhbXN1bmctMjIta2ctYXV0b20lQzMlQTF0aWNhLWNhcmdhLXN1cGVyaW9yLXdhMjJhMzM1MGd3L2F4LzExMDY1OTIzNzAxMzA2NzAz;SEM;2021-10-10;2021-10-06;;1306703;;;;LIVERPOOL;MX;2021-10-10 05:35;SAMSUNG;Lavadora Samsung 22 kg automática carga superior WA22A3350GW/AX;https://www.liverpool.com.mx/tienda/pdp/lavadora-samsung-22-kg-autom%C3%A1tica-carga-superior-wa22a3350gw/ax/1106592370;WM;5;https://www.liverpool.com.mx/
1476;aHR0cHM6Ly93d3cubGl2ZXJwb29sLmNvbS5teC90aWVuZGEvcGRwL2xhdmFkb3JhLWxnLTE4LWtnLW5lZ3JhLXd0MThtYmIvMTEwMDA3MzYwNTEzMTI1Mzc=;SEM;2021-10-10;2021-10-09;;1312537;;;;LIVERPOOL;MX;2021-10-10 05:40;LG;Lavadora LG 18 kg negra WT18MBB;https://www.liverpool.com.mx/tienda/pdp/lavadora-lg-18-kg-negra-wt18mbb/1100073605;WM;5;https://www.liverpool.com.mx/
1477;aHR0cHM6Ly93d3cubGl2ZXJwb29sLmNvbS5teC90aWVuZGEvcGRwL2xhdmFkb3JhLW1hYmUtMTkta2ctYXV0b20lQzMlQTF0aWNhLWNhcmdhLXN1cGVyaW9yLWxtYTc5MTE0d2JhazAvMTEwNDQ4MzU1NzEzMTYyOTk=;SEM;2021-10-11;2021-10-10;;1316299;;;;LIVERPOOL;MX;2021-10-11 08:45;MABE;Lavadora Mabe 19 kg automática carga superior LMA79114WBAK0;https://www.liverpool.com.mx/tienda/pdp/lavadora-mabe-19-kg-autom%C3%A1tica-carga-superior-lma79114wbak0/1104483557;WM;5;https://www.liverpool.com.mx/
1478;aHR0cHM6Ly93d3cubGl2ZXJwb29sLmNvbS5teC90aWVuZGEvcGRwL2xhdmFkb3JhLWxnLTIyLWtnLWJsYW5jYS13dDIyd3M2aC8xMDg1Nzg2NTYwMTIzNTQ2Ng==;SEM;2021-10-11;2021-08-29;;1235466;;;;LIVERPOOL;MX;2021-10-11 08:56;LG;Lavadora LG 22 kg blanca WT22WS6H;https://www.liverpool.com.mx/tienda/pdp/lavadora-lg-22-kg-blanca-wt22ws6h/1085786560;WM;5;https://www.liverpool.com.mx/
1479;aHR0cHM6Ly93d3cubGl2ZXJwb29sLmNvbS5teC90aWVuZGEvcGRwL2xhdmFkb3JhLWxnLTIwLWtnLWF1dG9tJUMzJUExdGljYS1jYXJnYS1mcm9udGFsLXdtMjB3djI2Mi8xMDUzMDg5NjAzMTMwNzI4MA==;SEM;2021-10-11;2021-10-07;;1307280;;;;LIVERPOOL;MX;2021-10-11 09:07;LG;Lavadora LG 20 kg automática carga frontal WM20WV262;https://www.liverpool.com.mx/tienda/pdp/lavadora-lg-20-kg-autom%C3%A1tica-carga-frontal-wm20wv262/1053089603;WM;5;https://www.liverpool.com.mx/
1480;aHR0cHM6Ly93d3cubGl2ZXJwb29sLmNvbS5teC90aWVuZGEvcGRwL0xhdmFkb3JhLUxHLTE4LWtnLWF1dG9tJUMzJUExdGljYS1jYXJnYS1zdXBlcmlvci1XVDE4TUJCLzExMDAwNzM2MDUxMzEyNTM3;SEM;2021-10-11;2021-10-09;;1312537;;;;LIVERPOOL;MX;2021-10-11 09:19;LG;Lavadora LG 18 kg automática carga superior WT18MBB;https://www.liverpool.com.mx/tienda/pdp/Lavadora-LG-18-kg-autom%C3%A1tica-carga-superior-WT18MBB/1100073605;WM;5;https://www.liverpool.com.mx/
1481;aHR0cHM6Ly93d3cubGl2ZXJwb29sLmNvbS5teC90aWVuZGEvcGRwL0xhdmFkb3JhLVNhbXN1bmctMTcta2ctbmVncmEtV0ExN1Q2MjYwQlYvQVgvMTA5NTI0NTIyMjEzMjAyNzI=;SEM;2021-10-12;2021-10-11;;1320272;;;;LIVERPOOL;MX;2021-10-12 04:23;SAMSUNG;Lavadora Samsung 17 kg negra WA17T6260BV/AX;https://www.liverpool.com.mx/tienda/pdp/Lavadora-Samsung-17-kg-negra-WA17T6260BV/AX/1095245222;WM;5;https://www.liverpool.com.mx/
1482;aHR0cHM6Ly93d3cubGl2ZXJwb29sLmNvbS5teC90aWVuZGEvcGRwL0xhdmFkb3JhLU1hYmUtMjAta2ctYXV0b20lQzMlQTF0aWNhLWNhcmdhci1zdXBlcmlvci1MTUE3MDIxNVdCQUIwLzExMDQ1Mzc0OTU5NjQxNTI=;SEM;2021-10-12;2021-05-12;;964152;;;;LIVERPOOL;MX;2021-10-12 04:24;MABE;Lavadora Mabe 20 kg automática cargar superior LMA70215WBAB0;https://www.liverpool.com.mx/tienda/pdp/Lavadora-Mabe-20-kg-autom%C3%A1tica-cargar-superior-LMA70215WBAB0/1104537495;WM;5;https://www.liverpool.com.mx/
1483;aHR0cHM6Ly93d3cubGl2ZXJwb29sLmNvbS5teC90aWVuZGEvcGRwL0xhdmFkb3JhLU1hYmUtMjAta2ctYXV0b20lQzMlQTF0aWNhLWNhcmdhci1zdXBlcmlvci1MTUE3MDIxNVdCQUIwLzExMDQ1Mzc0OTUxMTY5Njgz;SEM;2021-10-12;2021-07-28;;1169683;;;;LIVERPOOL;MX;2021-10-12 04:24;MABE;Lavadora Mabe 20 kg automática cargar superior LMA70215WBAB0;https://www.liverpool.com.mx/tienda/pdp/Lavadora-Mabe-20-kg-autom%C3%A1tica-cargar-superior-LMA70215WBAB0/1104537495;WM;5;https://www.liverpool.com.mx/
1484;aHR0cHM6Ly93d3cubGl2ZXJwb29sLmNvbS5teC90aWVuZGEvcGRwL0xhdmFkb3JhLU1hYmUtMjAta2ctYXV0b20lQzMlQTF0aWNhLWNhcmdhci1zdXBlcmlvci1MTUE3MDIxNVdCQUIwLzExMDQ1Mzc0OTUxMDU3MTI3;SEM;2021-10-12;2021-06-12;;1057127;;;;LIVERPOOL;MX;2021-10-12 04:24;MABE;Lavadora Mabe 20 kg automática cargar superior LMA70215WBAB0;https://www.liverpool.com.mx/tienda/pdp/Lavadora-Mabe-20-kg-autom%C3%A1tica-cargar-superior-LMA70215WBAB0/1104537495;WM;5;https://www.liverpool.com.mx/
1485;aHR0cHM6Ly93d3cubGl2ZXJwb29sLmNvbS5teC90aWVuZGEvcGRwL0xhdmFkb3JhLU1hYmUtMjAta2ctYXV0b20lQzMlQTF0aWNhLWNhcmdhci1zdXBlcmlvci1MTUE3MDIxNVdCQUIwLzExMDQ1Mzc0OTU5NTg1Mjc=;SEM;2021-10-12;2021-05-10;;958527;;;;LIVERPOOL;MX;2021-10-12 04:24;MABE;Lavadora Mabe 20 kg automática cargar superior LMA70215WBAB0;https://www.liverpool.com.mx/tienda/pdp/Lavadora-Mabe-20-kg-autom%C3%A1tica-cargar-superior-LMA70215WBAB0/1104537495;WM;4;https://www.liverpool.com.mx/
1486;aHR0cHM6Ly93d3cubGl2ZXJwb29sLmNvbS5teC90aWVuZGEvcGRwL0xhdmFkb3JhLU1hYmUtMjAta2ctYXV0b20lQzMlQTF0aWNhLWNhcmdhci1zdXBlcmlvci1MTUE3MDIxNVdCQUIwLzExMDQ1Mzc0OTUxMTUyMDU5;SEM;2021-10-12;2021-07-19;;1152059;;;;LIVERPOOL;MX;2021-10-12 04:24;MABE;Lavadora Mabe 20 kg automática cargar superior LMA70215WBAB0;https://www.liverpool.com.mx/tienda/pdp/Lavadora-Mabe-20-kg-autom%C3%A1tica-cargar-superior-LMA70215WBAB0/1104537495;WM;5;https://www.liverpool.com.mx/
1487;aHR0cHM6Ly93d3cubGl2ZXJwb29sLmNvbS5teC90aWVuZGEvcGRwL0xhdmFkb3JhLU1hYmUtMjAta2ctYXV0b20lQzMlQTF0aWNhLWNhcmdhci1zdXBlcmlvci1MTUE3MDIxNVdCQUIwLzExMDQ1Mzc0OTU5OTAwMTI=;SEM;2021-10-12;2021-05-21;;990012;;;;LIVERPOOL;MX;2021-10-12 04:24;MABE;Lavadora Mabe 20 kg automática cargar superior LMA70215WBAB0;https://www.liverpool.com.mx/tienda/pdp/Lavadora-Mabe-20-kg-autom%C3%A1tica-cargar-superior-LMA70215WBAB0/1104537495;WM;5;https://www.liverpool.com.mx/
1488;aHR0cHM6Ly93d3cubGl2ZXJwb29sLmNvbS5teC90aWVuZGEvcGRwL0xhdmFkb3JhLU1hYmUtMjAta2ctYXV0b20lQzMlQTF0aWNhLWNhcmdhci1zdXBlcmlvci1MTUE3MDIxNVdCQUIwLzExMDQ1Mzc0OTUxMTQ4OTk3;SEM;2021-10-12;2021-07-17;;1148997;;;;LIVERPOOL;MX;2021-10-12 04:24;MABE;Lavadora Mabe 20 kg automática cargar superior LMA70215WBAB0;https://www.liverpool.com.mx/tienda/pdp/Lavadora-Mabe-20-kg-autom%C3%A1tica-cargar-superior-LMA70215WBAB0/1104537495;WM;5;https://www.liverpool.com.mx/
1489;aHR0cHM6Ly93d3cubGl2ZXJwb29sLmNvbS5teC90aWVuZGEvcGRwL0xhdmFkb3JhLU1hYmUtMjAta2ctYXV0b20lQzMlQTF0aWNhLWNhcmdhci1zdXBlcmlvci1MTUE3MDIxNVdCQUIwLzExMDQ1Mzc0OTUxMjcyNjY5;SEM;2021-10-12;2021-09-19;;1272669;;;;LIVERPOOL;MX;2021-10-12 04:24;MABE;Lavadora Mabe 20 kg automática cargar superior LMA70215WBAB0;https://www.liverpool.com.mx/tienda/pdp/Lavadora-Mabe-20-kg-autom%C3%A1tica-cargar-superior-LMA70215WBAB0/1104537495;WM;5;https://www.liverpool.com.mx/
1490;aHR0cHM6Ly93d3cubGl2ZXJwb29sLmNvbS5teC90aWVuZGEvcGRwL0xhdmFkb3JhLU1hYmUtMjAta2ctYXV0b20lQzMlQTF0aWNhLWNhcmdhci1zdXBlcmlvci1MTUE3MDIxNVdCQUIwLzExMDQ1Mzc0OTUxMjE4OTQ0;SEM;2021-10-12;2021-08-19;;1218944;;;;LIVERPOOL;MX;2021-10-12 04:24;MABE;Lavadora Mabe 20 kg automática cargar superior LMA70215WBAB0;https://www.liverpool.com.mx/tienda/pdp/Lavadora-Mabe-20-kg-autom%C3%A1tica-cargar-superior-LMA70215WBAB0/1104537495;WM;5;https://www.liverpool.com.mx/
1491;aHR0cHM6Ly93d3cubGl2ZXJwb29sLmNvbS5teC90aWVuZGEvcGRwL0xhdmFkb3JhLU1hYmUtMjAta2ctYXV0b20lQzMlQTF0aWNhLWNhcmdhci1zdXBlcmlvci1MTUE3MDIxNVdCQUIwLzExMDQ1Mzc0OTUxMDY0MjA3;SEM;2021-10-12;2021-06-14;;1064207;;;;LIVERPOOL;MX;2021-10-12 04:24;MABE;Lavadora Mabe 20 kg automática cargar superior LMA70215WBAB0;https://www.liverpool.com.mx/tienda/pdp/Lavadora-Mabe-20-kg-autom%C3%A1tica-cargar-superior-LMA70215WBAB0/1104537495;WM;5;https://www.liverpool.com.mx/
1492;aHR0cHM6Ly93d3cubGl2ZXJwb29sLmNvbS5teC90aWVuZGEvcGRwL0xhdmFkb3JhLU1hYmUtMjAta2ctYXV0b20lQzMlQTF0aWNhLWNhcmdhci1zdXBlcmlvci1MTUE3MDIxNVdCQUIwLzExMDQ1Mzc0OTUxMjUyODk2;SEM;2021-10-12;2021-09-07;;1252896;;;;LIVERPOOL;MX;2021-10-12 04:24;MABE;Lavadora Mabe 20 kg automática cargar superior LMA70215WBAB0;https://www.liverpool.com.mx/tienda/pdp/Lavadora-Mabe-20-kg-autom%C3%A1tica-cargar-superior-LMA70215WBAB0/1104537495;WM;5;https://www.liverpool.com.mx/
1493;aHR0cHM6Ly93d3cubGl2ZXJwb29sLmNvbS5teC90aWVuZGEvcGRwL0xhdmFkb3JhLU1hYmUtMjAta2ctYXV0b20lQzMlQTF0aWNhLWNhcmdhci1zdXBlcmlvci1MTUE3MDIxNVdCQUIwLzExMDQ1Mzc0OTUxMTM1NjQ4;SEM;2021-10-12;2021-07-10;;1135648;;;;LIVERPOOL;MX;2021-10-12 04:24;MABE;Lavadora Mabe 20 kg automática cargar superior LMA70215WBAB0;https://www.liverpool.com.mx/tienda/pdp/Lavadora-Mabe-20-kg-autom%C3%A1tica-cargar-superior-LMA70215WBAB0/1104537495;WM;5;https://www.liverpool.com.mx/
1494;aHR0cHM6Ly93d3cubGl2ZXJwb29sLmNvbS5teC90aWVuZGEvcGRwL0xhdmFkb3JhLU1hYmUtMjAta2ctYXV0b20lQzMlQTF0aWNhLWNhcmdhci1zdXBlcmlvci1MTUE3MDIxNVdCQUIwLzExMDQ1Mzc0OTUxMjQ2NzU5;SEM;2021-10-12;2021-09-04;;1246759;;;;LIVERPOOL;MX;2021-10-12 04:24;MABE;Lavadora Mabe 20 kg automática cargar superior LMA70215WBAB0;https://www.liverpool.com.mx/tienda/pdp/Lavadora-Mabe-20-kg-autom%C3%A1tica-cargar-superior-LMA70215WBAB0/1104537495;WM;5;https://www.liverpool.com.mx/
1495;aHR0cHM6Ly93d3cubGl2ZXJwb29sLmNvbS5teC90aWVuZGEvcGRwL0xhdmFkb3JhLU1hYmUtMjAta2ctYXV0b20lQzMlQTF0aWNhLWNhcmdhci1zdXBlcmlvci1MTUE3MDIxNVdCQUIwLzExMDQ1Mzc0OTUxMTM3OTYz;SEM;2021-10-12;2021-07-11;;1137963;;;;LIVERPOOL;MX;2021-10-12 04:24;MABE;Lavadora Mabe 20 kg automática cargar superior LMA70215WBAB0;https://www.liverpool.com.mx/tienda/pdp/Lavadora-Mabe-20-kg-autom%C3%A1tica-cargar-superior-LMA70215WBAB0/1104537495;WM;5;https://www.liverpool.com.mx/
1496;aHR0cHM6Ly93d3cubGl2ZXJwb29sLmNvbS5teC90aWVuZGEvcGRwL0xhdmFkb3JhLU1hYmUtMjAta2ctYXV0b20lQzMlQTF0aWNhLWNhcmdhci1zdXBlcmlvci1MTUE3MDIxNVdCQUIwLzExMDQ1Mzc0OTUxMzEzODQw;SEM;2021-10-12;2021-10-09;;1313840;;;;LIVERPOOL;MX;2021-10-12 04:24;MABE;Lavadora Mabe 20 kg automática cargar superior LMA70215WBAB0;https://www.liverpool.com.mx/tienda/pdp/Lavadora-Mabe-20-kg-autom%C3%A1tica-cargar-superior-LMA70215WBAB0/1104537495;WM;5;https://www.liverpool.com.mx/
1497;aHR0cHM6Ly93d3cubGl2ZXJwb29sLmNvbS5teC90aWVuZGEvcGRwL0xhdmFkb3JhLU1hYmUtMjAta2ctYXV0b20lQzMlQTF0aWNhLWNhcmdhci1zdXBlcmlvci1MTUE3MDIxNVdCQUIwLzExMDQ1Mzc0OTUxMjgyMzU0;SEM;2021-10-12;2021-09-24;;1282354;;;;LIVERPOOL;MX;2021-10-12 04:24;MABE;Lavadora Mabe 20 kg automática cargar superior LMA70215WBAB0;https://www.liverpool.com.mx/tienda/pdp/Lavadora-Mabe-20-kg-autom%C3%A1tica-cargar-superior-LMA70215WBAB0/1104537495;WM;5;https://www.liverpool.com.mx/
1498;aHR0cHM6Ly93d3cubGl2ZXJwb29sLmNvbS5teC90aWVuZGEvcGRwL0xhdmFkb3JhLU1hYmUtMjAta2ctYXV0b20lQzMlQTF0aWNhLWNhcmdhci1zdXBlcmlvci1MTUE3MDIxNVdCQUIwLzExMDQ1Mzc0OTUxMjU0OTcy;SEM;2021-10-12;2021-09-08;;1254972;;;;LIVERPOOL;MX;2021-10-12 04:24;MABE;Lavadora Mabe 20 kg automática cargar superior LMA70215WBAB0;https://www.liverpool.com.mx/tienda/pdp/Lavadora-Mabe-20-kg-autom%C3%A1tica-cargar-superior-LMA70215WBAB0/1104537495;WM;5;https://www.liverpool.com.mx/
1499;aHR0cHM6Ly93d3cubGl2ZXJwb29sLmNvbS5teC90aWVuZGEvcGRwL0xhdmFkb3JhLU1hYmUtMjAta2ctYXV0b20lQzMlQTF0aWNhLWNhcmdhci1zdXBlcmlvci1MTUE3MDIxNVdCQUIwLzExMDQ1Mzc0OTUxMjY4MzEw;SEM;2021-10-12;2021-09-16;;1268310;;;;LIVERPOOL;MX;2021-10-12 04:24;MABE;Lavadora Mabe 20 kg automática cargar superior LMA70215WBAB0;https://www.liverpool.com.mx/tienda/pdp/Lavadora-Mabe-20-kg-autom%C3%A1tica-cargar-superior-LMA70215WBAB0/1104537495;WM;5;https://www.liverpool.com.mx/
1500;aHR0cHM6Ly93d3cubGl2ZXJwb29sLmNvbS5teC90aWVuZGEvcGRwL0xhdmFkb3JhLU1hYmUtMjAta2ctYXV0b20lQzMlQTF0aWNhLWNhcmdhci1zdXBlcmlvci1MTUE3MDIxNVdCQUIwLzExMDQ1Mzc0OTUxMTE2MDAy;SEM;2021-10-12;2021-07-02;;1116002;;;;LIVERPOOL;MX;2021-10-12 04:24;MABE;Lavadora Mabe 20 kg automática cargar superior LMA70215WBAB0;https://www.liverpool.com.mx/tienda/pdp/Lavadora-Mabe-20-kg-autom%C3%A1tica-cargar-superior-LMA70215WBAB0/1104537495;WM;5;https://www.liverpool.com.mx/
1501;aHR0cHM6Ly93d3cubGl2ZXJwb29sLmNvbS5teC90aWVuZGEvcGRwL0xhdmFkb3JhLU1hYmUtMjAta2ctYXV0b20lQzMlQTF0aWNhLWNhcmdhci1zdXBlcmlvci1MTUE3MDIxNVdCQUIwLzExMDQ1Mzc0OTUxMTQ5Mjg2;SEM;2021-10-12;2021-07-17;;1149286;;;;LIVERPOOL;MX;2021-10-12 04:24;MABE;Lavadora Mabe 20 kg automática cargar superior LMA70215WBAB0;https://www.liverpool.com.mx/tienda/pdp/Lavadora-Mabe-20-kg-autom%C3%A1tica-cargar-superior-LMA70215WBAB0/1104537495;WM;5;https://www.liverpool.com.mx/
1502;aHR0cHM6Ly93d3cubGl2ZXJwb29sLmNvbS5teC90aWVuZGEvcGRwL0xhdmFkb3JhLU1hYmUtMjAta2ctYXV0b20lQzMlQTF0aWNhLWNhcmdhci1zdXBlcmlvci1MTUE3MDIxNVdCQUIwLzExMDQ1Mzc0OTUxMDMzMDYz;SEM;2021-10-12;2021-06-04;;1033063;;;;LIVERPOOL;MX;2021-10-12 04:24;MABE;Lavadora Mabe 20 kg automática cargar superior LMA70215WBAB0;https://www.liverpool.com.mx/tienda/pdp/Lavadora-Mabe-20-kg-autom%C3%A1tica-cargar-superior-LMA70215WBAB0/1104537495;WM;5;https://www.liverpool.com.mx/
1503;aHR0cHM6Ly93d3cubGl2ZXJwb29sLmNvbS5teC90aWVuZGEvcGRwL0xhdmFkb3JhLU1hYmUtMjAta2ctYXV0b20lQzMlQTF0aWNhLWNhcmdhci1zdXBlcmlvci1MTUE3MDIxNVdCQUIwLzExMDQ1Mzc0OTUxMjU4ODcz;SEM;2021-10-12;2021-09-11;;1258873;;;;LIVERPOOL;MX;2021-10-12 04:24;MABE;Lavadora Mabe 20 kg automática cargar superior LMA70215WBAB0;https://www.liverpool.com.mx/tienda/pdp/Lavadora-Mabe-20-kg-autom%C3%A1tica-cargar-superior-LMA70215WBAB0/1104537495;WM;5;https://www.liverpool.com.mx/
1504;aHR0cHM6Ly93d3cubGl2ZXJwb29sLmNvbS5teC90aWVuZGEvcGRwL0xhdmFkb3JhLU1hYmUtMjAta2ctYXV0b20lQzMlQTF0aWNhLWNhcmdhci1zdXBlcmlvci1MTUE3MDIxNVdCQUIwLzExMDQ1Mzc0OTUxMTU2NzI5;SEM;2021-10-12;2021-07-21;;1156729;;;;LIVERPOOL;MX;2021-10-12 04:24;MABE;Lavadora Mabe 20 kg automática cargar superior LMA70215WBAB0;https://www.liverpool.com.mx/tienda/pdp/Lavadora-Mabe-20-kg-autom%C3%A1tica-cargar-superior-LMA70215WBAB0/1104537495;WM;5;https://www.liverpool.com.mx/
1505;aHR0cHM6Ly93d3cubGl2ZXJwb29sLmNvbS5teC90aWVuZGEvcGRwL0xhdmFkb3JhLU1hYmUtMjAta2ctYXV0b20lQzMlQTF0aWNhLWNhcmdhci1zdXBlcmlvci1MTUE3MDIxNVdCQUIwLzExMDQ1Mzc0OTUxMDg5MTUx;SEM;2021-10-12;2021-06-21;;1089151;;;;LIVERPOOL;MX;2021-10-12 04:24;MABE;Lavadora Mabe 20 kg automática cargar superior LMA70215WBAB0;https://www.liverpool.com.mx/tienda/pdp/Lavadora-Mabe-20-kg-autom%C3%A1tica-cargar-superior-LMA70215WBAB0/1104537495;WM;5;https://www.liverpool.com.mx/
1506;aHR0cHM6Ly93d3cubGl2ZXJwb29sLmNvbS5teC90aWVuZGEvcGRwL0xhdmFkb3JhLU1hYmUtMjAta2ctYXV0b20lQzMlQTF0aWNhLWNhcmdhci1zdXBlcmlvci1MTUE3MDIxNVdCQUIwLzExMDQ1Mzc0OTUxMDc2MDk2;SEM;2021-10-12;2021-06-17;;1076096;;;;LIVERPOOL;MX;2021-10-12 04:24;MABE;Lavadora Mabe 20 kg automática cargar superior LMA70215WBAB0;https://www.liverpool.com.mx/tienda/pdp/Lavadora-Mabe-20-kg-autom%C3%A1tica-cargar-superior-LMA70215WBAB0/1104537495;WM;5;https://www.liverpool.com.mx/
1507;aHR0cHM6Ly93d3cubGl2ZXJwb29sLmNvbS5teC90aWVuZGEvcGRwL0xhdmFkb3JhLU1hYmUtMjAta2ctYXV0b20lQzMlQTF0aWNhLWNhcmdhci1zdXBlcmlvci1MTUE3MDIxNVdCQUIwLzExMDQ1Mzc0OTUxMjYxNDYy;SEM;2021-10-12;2021-09-12;;1261462;;;;LIVERPOOL;MX;2021-10-12 04:24;MABE;Lavadora Mabe 20 kg automática cargar superior LMA70215WBAB0;https://www.liverpool.com.mx/tienda/pdp/Lavadora-Mabe-20-kg-autom%C3%A1tica-cargar-superior-LMA70215WBAB0/1104537495;WM;5;https://www.liverpool.com.mx/
1508;aHR0cHM6Ly93d3cubGl2ZXJwb29sLmNvbS5teC90aWVuZGEvcGRwL0xhdmFkb3JhLU1hYmUtMjAta2ctYXV0b20lQzMlQTF0aWNhLWNhcmdhci1zdXBlcmlvci1MTUE3MDIxNVdCQUIwLzExMDQ1Mzc0OTUxMTQ4NTcx;SEM;2021-10-12;2021-07-17;;1148571;;;;LIVERPOOL;MX;2021-10-12 04:24;MABE;Lavadora Mabe 20 kg automática cargar superior LMA70215WBAB0;https://www.liverpool.com.mx/tienda/pdp/Lavadora-Mabe-20-kg-autom%C3%A1tica-cargar-superior-LMA70215WBAB0/1104537495;WM;5;https://www.liverpool.com.mx/
1509;aHR0cHM6Ly93d3cubGl2ZXJwb29sLmNvbS5teC90aWVuZGEvcGRwL0xhdmFkb3JhLU1hYmUtMjAta2ctYXV0b20lQzMlQTF0aWNhLWNhcmdhci1zdXBlcmlvci1MTUE3MDIxNVdCQUIwLzExMDQ1Mzc0OTUxMjQ3NDA1;SEM;2021-10-12;2021-09-04;;1247405;;;;LIVERPOOL;MX;2021-10-12 04:24;MABE;Lavadora Mabe 20 kg automática cargar superior LMA70215WBAB0;https://www.liverpool.com.mx/tienda/pdp/Lavadora-Mabe-20-kg-autom%C3%A1tica-cargar-superior-LMA70215WBAB0/1104537495;WM;5;https://www.liverpool.com.mx/
1510;aHR0cHM6Ly93d3cubGl2ZXJwb29sLmNvbS5teC90aWVuZGEvcGRwL0xhdmFkb3JhLU1hYmUtMjAta2ctYXV0b20lQzMlQTF0aWNhLWNhcmdhci1zdXBlcmlvci1MTUE3MDIxNVdCQUIwLzExMDQ1Mzc0OTUxMjMyNTU4;SEM;2021-10-12;2021-08-27;;1232558;;;;LIVERPOOL;MX;2021-10-12 04:24;MABE;Lavadora Mabe 20 kg automática cargar superior LMA70215WBAB0;https://www.liverpool.com.mx/tienda/pdp/Lavadora-Mabe-20-kg-autom%C3%A1tica-cargar-superior-LMA70215WBAB0/1104537495;WM;5;https://www.liverpool.com.mx/
1511;aHR0cHM6Ly93d3cubGl2ZXJwb29sLmNvbS5teC90aWVuZGEvcGRwL0xhdmFkb3JhLU1hYmUtMjAta2ctYXV0b20lQzMlQTF0aWNhLWNhcmdhci1zdXBlcmlvci1MTUE3MDIxNVdCQUIwLzExMDQ1Mzc0OTUxMjgxOTc0;SEM;2021-10-12;2021-09-24;;1281974;;;;LIVERPOOL;MX;2021-10-12 04:24;MABE;Lavadora Mabe 20 kg automática cargar superior LMA70215WBAB0;https://www.liverpool.com.mx/tienda/pdp/Lavadora-Mabe-20-kg-autom%C3%A1tica-cargar-superior-LMA70215WBAB0/1104537495;WM;5;https://www.liverpool.com.mx/
1512;aHR0cHM6Ly93d3cubGl2ZXJwb29sLmNvbS5teC90aWVuZGEvcGRwL0xhdmFkb3JhLU1hYmUtMjAta2ctYXV0b20lQzMlQTF0aWNhLWNhcmdhci1zdXBlcmlvci1MTUE3MDIxNVdCQUIwLzExMDQ1Mzc0OTUxMjY0MDYz;SEM;2021-10-12;2021-09-13;;1264063;;;;LIVERPOOL;MX;2021-10-12 04:24;MABE;Lavadora Mabe 20 kg automática cargar superior LMA70215WBAB0;https://www.liverpool.com.mx/tienda/pdp/Lavadora-Mabe-20-kg-autom%C3%A1tica-cargar-superior-LMA70215WBAB0/1104537495;WM;5;https://www.liverpool.com.mx/
1513;aHR0cHM6Ly93d3cubGl2ZXJwb29sLmNvbS5teC90aWVuZGEvcGRwL0xhdmFkb3JhLU1hYmUtMjAta2ctYXV0b20lQzMlQTF0aWNhLWNhcmdhci1zdXBlcmlvci1MTUE3MDIxNVdCQUIwLzExMDQ1Mzc0OTUxMjgwNzA4;SEM;2021-10-12;2021-09-23;;1280708;;;;LIVERPOOL;MX;2021-10-12 04:24;MABE;Lavadora Mabe 20 kg automática cargar superior LMA70215WBAB0;https://www.liverpool.com.mx/tienda/pdp/Lavadora-Mabe-20-kg-autom%C3%A1tica-cargar-superior-LMA70215WBAB0/1104537495;WM;5;https://www.liverpool.com.mx/
1514;aHR0cHM6Ly93d3cubGl2ZXJwb29sLmNvbS5teC90aWVuZGEvcGRwL0xhdmFkb3JhLU1hYmUtMjAta2ctYXV0b20lQzMlQTF0aWNhLWNhcmdhci1zdXBlcmlvci1MTUE3MDIxNVdCQUIwLzExMDQ1Mzc0OTUxMjgxMjIx;SEM;2021-10-12;2021-09-23;;1281221;;;;LIVERPOOL;MX;2021-10-12 04:24;MABE;Lavadora Mabe 20 kg automática cargar superior LMA70215WBAB0;https://www.liverpool.com.mx/tienda/pdp/Lavadora-Mabe-20-kg-autom%C3%A1tica-cargar-superior-LMA70215WBAB0/1104537495;WM;5;https://www.liverpool.com.mx/
1515;aHR0cHM6Ly93d3cubGl2ZXJwb29sLmNvbS5teC90aWVuZGEvcGRwL0xhdmFkb3JhLU1hYmUtMjAta2ctYXV0b20lQzMlQTF0aWNhLWNhcmdhci1zdXBlcmlvci1MTUE3MDIxNVdCQUIwLzExMDQ1Mzc0OTUxMjYwNDg2;SEM;2021-10-12;2021-09-12;;1260486;;;;LIVERPOOL;MX;2021-10-12 04:24;MABE;Lavadora Mabe 20 kg automática cargar superior LMA70215WBAB0;https://www.liverpool.com.mx/tienda/pdp/Lavadora-Mabe-20-kg-autom%C3%A1tica-cargar-superior-LMA70215WBAB0/1104537495;WM;5;https://www.liverpool.com.mx/
1516;aHR0cHM6Ly93d3cubGl2ZXJwb29sLmNvbS5teC90aWVuZGEvcGRwL0xhdmFkb3JhLU1hYmUtMjAta2ctYXV0b20lQzMlQTF0aWNhLWNhcmdhci1zdXBlcmlvci1MTUE3MDIxNVdCQUIwLzExMDQ1Mzc0OTUxMjIzMTEy;SEM;2021-10-12;2021-08-21;;1223112;;;;LIVERPOOL;MX;2021-10-12 04:24;MABE;Lavadora Mabe 20 kg automática cargar superior LMA70215WBAB0;https://www.liverpool.com.mx/tienda/pdp/Lavadora-Mabe-20-kg-autom%C3%A1tica-cargar-superior-LMA70215WBAB0/1104537495;WM;5;https://www.liverpool.com.mx/
1517;aHR0cHM6Ly93d3cubGl2ZXJwb29sLmNvbS5teC90aWVuZGEvcGRwL0xhdmFkb3JhLU1hYmUtMjAta2ctYXV0b20lQzMlQTF0aWNhLWNhcmdhci1zdXBlcmlvci1MTUE3MDIxNVdCQUIwLzExMDQ1Mzc0OTUxMjQzMDgx;SEM;2021-10-12;2021-09-02;;1243081;;;;LIVERPOOL;MX;2021-10-12 04:24;MABE;Lavadora Mabe 20 kg automática cargar superior LMA70215WBAB0;https://www.liverpool.com.mx/tienda/pdp/Lavadora-Mabe-20-kg-autom%C3%A1tica-cargar-superior-LMA70215WBAB0/1104537495;WM;5;https://www.liverpool.com.mx/
1518;aHR0cHM6Ly93d3cubGl2ZXJwb29sLmNvbS5teC90aWVuZGEvcGRwL0xhdmFkb3JhLU1hYmUtMjAta2ctYXV0b20lQzMlQTF0aWNhLWNhcmdhci1zdXBlcmlvci1MTUE3MDIxNVdCQUIwLzExMDQ1Mzc0OTUxMjUxMjc0;SEM;2021-10-12;2021-09-06;;1251274;;;;LIVERPOOL;MX;2021-10-12 04:24;MABE;Lavadora Mabe 20 kg automática cargar superior LMA70215WBAB0;https://www.liverpool.com.mx/tienda/pdp/Lavadora-Mabe-20-kg-autom%C3%A1tica-cargar-superior-LMA70215WBAB0/1104537495;WM;5;https://www.liverpool.com.mx/
1519;aHR0cHM6Ly93d3cubGl2ZXJwb29sLmNvbS5teC90aWVuZGEvcGRwL0xhdmFkb3JhLU1hYmUtMjAta2ctYXV0b20lQzMlQTF0aWNhLWNhcmdhci1zdXBlcmlvci1MTUE3MDIxNVdCQUIwLzExMDQ1Mzc0OTUxMDI3Nzk0;SEM;2021-10-12;2021-06-03;;1027794;;;;LIVERPOOL;MX;2021-10-12 04:24;MABE;Lavadora Mabe 20 kg automática cargar superior LMA70215WBAB0;https://www.liverpool.com.mx/tienda/pdp/Lavadora-Mabe-20-kg-autom%C3%A1tica-cargar-superior-LMA70215WBAB0/1104537495;WM;5;https://www.liverpool.com.mx/
1520;aHR0cHM6Ly93d3cubGl2ZXJwb29sLmNvbS5teC90aWVuZGEvcGRwL0xhdmFkb3JhLU1hYmUtMjAta2ctYXV0b20lQzMlQTF0aWNhLWNhcmdhci1zdXBlcmlvci1MTUE3MDIxNVdCQUIwLzExMDQ1Mzc0OTUxMDgzMDkx;SEM;2021-10-12;2021-06-19;;1083091;;;;LIVERPOOL;MX;2021-10-12 04:24;MABE;Lavadora Mabe 20 kg automática cargar superior LMA70215WBAB0;https://www.liverpool.com.mx/tienda/pdp/Lavadora-Mabe-20-kg-autom%C3%A1tica-cargar-superior-LMA70215WBAB0/1104537495;WM;5;https://www.liverpool.com.mx/
1521;aHR0cHM6Ly93d3cubGl2ZXJwb29sLmNvbS5teC90aWVuZGEvcGRwL0xhdmFkb3JhLU1hYmUtMjAta2ctYXV0b20lQzMlQTF0aWNhLWNhcmdhci1zdXBlcmlvci1MTUE3MDIxNVdCQUIwLzExMDQ1Mzc0OTUxMTkyNDA5;SEM;2021-10-12;2021-08-07;;1192409;;;;LIVERPOOL;MX;2021-10-12 04:24;MABE;Lavadora Mabe 20 kg automática cargar superior LMA70215WBAB0;https://www.liverpool.com.mx/tienda/pdp/Lavadora-Mabe-20-kg-autom%C3%A1tica-cargar-superior-LMA70215WBAB0/1104537495;WM;5;https://www.liverpool.com.mx/
1522;aHR0cHM6Ly93d3cubGl2ZXJwb29sLmNvbS5teC90aWVuZGEvcGRwL0xhdmFkb3JhLU1hYmUtMjAta2ctYXV0b20lQzMlQTF0aWNhLWNhcmdhci1zdXBlcmlvci1MTUE3MDIxNVdCQUIwLzExMDQ1Mzc0OTUxMTg0NDc1;SEM;2021-10-12;2021-08-04;;1184475;;;;LIVERPOOL;MX;2021-10-12 04:24;MABE;Lavadora Mabe 20 kg automática cargar superior LMA70215WBAB0;https://www.liverpool.com.mx/tienda/pdp/Lavadora-Mabe-20-kg-autom%C3%A1tica-cargar-superior-LMA70215WBAB0/1104537495;WM;5;https://www.liverpool.com.mx/
1523;aHR0cHM6Ly93d3cubGl2ZXJwb29sLmNvbS5teC90aWVuZGEvcGRwL0xhdmFkb3JhLU1hYmUtMjAta2ctYXV0b20lQzMlQTF0aWNhLWNhcmdhci1zdXBlcmlvci1MTUE3MDIxNVdCQUIwLzExMDQ1Mzc0OTUxMTM0NTYy;SEM;2021-10-12;2021-07-10;;1134562;;;;LIVERPOOL;MX;2021-10-12 04:24;MABE;Lavadora Mabe 20 kg automática cargar superior LMA70215WBAB0;https://www.liverpool.com.mx/tienda/pdp/Lavadora-Mabe-20-kg-autom%C3%A1tica-cargar-superior-LMA70215WBAB0/1104537495;WM;5;https://www.liverpool.com.mx/
1524;aHR0cHM6Ly93d3cubGl2ZXJwb29sLmNvbS5teC90aWVuZGEvcGRwL0xhdmFkb3JhLU1hYmUtMjAta2ctYXV0b20lQzMlQTF0aWNhLWNhcmdhci1zdXBlcmlvci1MTUE3MDIxNVdCQUIwLzExMDQ1Mzc0OTUxMDE5MTA4;SEM;2021-10-12;2021-05-31;;1019108;;;;LIVERPOOL;MX;2021-10-12 04:24;MABE;Lavadora Mabe 20 kg automática cargar superior LMA70215WBAB0;https://www.liverpool.com.mx/tienda/pdp/Lavadora-Mabe-20-kg-autom%C3%A1tica-cargar-superior-LMA70215WBAB0/1104537495;WM;5;https://www.liverpool.com.mx/
1525;aHR0cHM6Ly93d3cubGl2ZXJwb29sLmNvbS5teC90aWVuZGEvcGRwL0xhdmFkb3JhLU1hYmUtMjAta2ctYXV0b20lQzMlQTF0aWNhLWNhcmdhci1zdXBlcmlvci1MTUE3MDIxNVdCQUIwLzExMDQ1Mzc0OTUxMTAwNTIw;SEM;2021-10-12;2021-06-26;;1100520;;;;LIVERPOOL;MX;2021-10-12 04:24;MABE;Lavadora Mabe 20 kg automática cargar superior LMA70215WBAB0;https://www.liverpool.com.mx/tienda/pdp/Lavadora-Mabe-20-kg-autom%C3%A1tica-cargar-superior-LMA70215WBAB0/1104537495;WM;5;https://www.liverpool.com.mx/
1526;aHR0cHM6Ly93d3cubGl2ZXJwb29sLmNvbS5teC90aWVuZGEvcGRwL0xhdmFkb3JhLU1hYmUtMjAta2ctYXV0b20lQzMlQTF0aWNhLWNhcmdhci1zdXBlcmlvci1MTUE3MDIxNVdCQUIwLzExMDQ1Mzc0OTUxMTQ5Njc0;SEM;2021-10-12;2021-07-18;;1149674;;;;LIVERPOOL;MX;2021-10-12 04:24;MABE;Lavadora Mabe 20 kg automática cargar superior LMA70215WBAB0;https://www.liverpool.com.mx/tienda/pdp/Lavadora-Mabe-20-kg-autom%C3%A1tica-cargar-superior-LMA70215WBAB0/1104537495;WM;5;https://www.liverpool.com.mx/
1527;aHR0cHM6Ly93d3cubGl2ZXJwb29sLmNvbS5teC90aWVuZGEvcGRwL0xhdmFkb3JhLU1hYmUtMjAta2ctYXV0b20lQzMlQTF0aWNhLWNhcmdhci1zdXBlcmlvci1MTUE3MDIxNVdCQUIwLzExMDQ1Mzc0OTUxMTAyMDY3;SEM;2021-10-12;2021-06-26;;1102067;;;;LIVERPOOL;MX;2021-10-12 04:24;MABE;Lavadora Mabe 20 kg automática cargar superior LMA70215WBAB0;https://www.liverpool.com.mx/tienda/pdp/Lavadora-Mabe-20-kg-autom%C3%A1tica-cargar-superior-LMA70215WBAB0/1104537495;WM;5;https://www.liverpool.com.mx/
1528;aHR0cHM6Ly93d3cubGl2ZXJwb29sLmNvbS5teC90aWVuZGEvcGRwL0xhdmFkb3JhLU1hYmUtMjAta2ctYXV0b20lQzMlQTF0aWNhLWNhcmdhci1zdXBlcmlvci1MTUE3MDIxNVdCQUIwLzExMDQ1Mzc0OTUxMTQ1ODQ4;SEM;2021-10-12;2021-07-16;;1145848;;;;LIVERPOOL;MX;2021-10-12 04:24;MABE;Lavadora Mabe 20 kg automática cargar superior LMA70215WBAB0;https://www.liverpool.com.mx/tienda/pdp/Lavadora-Mabe-20-kg-autom%C3%A1tica-cargar-superior-LMA70215WBAB0/1104537495;WM;5;https://www.liverpool.com.mx/
1529;aHR0cHM6Ly93d3cubGl2ZXJwb29sLmNvbS5teC90aWVuZGEvcGRwL0xhdmFkb3JhLU1hYmUtMjAta2ctYXV0b20lQzMlQTF0aWNhLWNhcmdhci1zdXBlcmlvci1MTUE3MDIxNVdCQUIwLzExMDQ1Mzc0OTUxMTAxODE2;SEM;2021-10-12;2021-06-26;;1101816;;;;LIVERPOOL;MX;2021-10-12 04:24;MABE;Lavadora Mabe 20 kg automática cargar superior LMA70215WBAB0;https://www.liverpool.com.mx/tienda/pdp/Lavadora-Mabe-20-kg-autom%C3%A1tica-cargar-superior-LMA70215WBAB0/1104537495;WM;5;https://www.liverpool.com.mx/
1530;aHR0cHM6Ly93d3cubGl2ZXJwb29sLmNvbS5teC90aWVuZGEvcGRwL0NvbWJvLUxhdmFkb3JhLSstU2VjYWRvcmEtU2Ftc3VuZy1jYXJnYS1mcm9udGFsLWJsYW5jby1GLVdEMjBUNjAwMFdDUC8xMTAwMTU2ODYxOTkyNDU2;SEM;2021-10-12;2021-05-22;;992456;;;;LIVERPOOL;MX;2021-10-12 04:36;SAMSUNG;Combo Lavadora + Secadora Samsung carga frontal blanco F-WD20T6000WCP;https://www.liverpool.com.mx/tienda/pdp/Combo-Lavadora-+-Secadora-Samsung-carga-frontal-blanco-F-WD20T6000WCP/1100156861;WM;5;https://www.liverpool.com.mx/
1531;aHR0cHM6Ly93d3cubGl2ZXJwb29sLmNvbS5teC90aWVuZGEvcGRwL0NvbWJvLUxhdmFkb3JhLSstU2VjYWRvcmEtU2Ftc3VuZy1jYXJnYS1mcm9udGFsLWJsYW5jby1GLVdEMjBUNjAwMFdDUC8xMTAwMTU2ODYxMTA5NjUwNw==;SEM;2021-10-12;2021-06-24;;1096507;;;;LIVERPOOL;MX;2021-10-12 04:36;SAMSUNG;Combo Lavadora + Secadora Samsung carga frontal blanco F-WD20T6000WCP;https://www.liverpool.com.mx/tienda/pdp/Combo-Lavadora-+-Secadora-Samsung-carga-frontal-blanco-F-WD20T6000WCP/1100156861;WM;5;https://www.liverpool.com.mx/
1532;aHR0cHM6Ly93d3cubGl2ZXJwb29sLmNvbS5teC90aWVuZGEvcGRwL0NvbWJvLUxhdmFkb3JhLSstU2VjYWRvcmEtU2Ftc3VuZy1jYXJnYS1mcm9udGFsLWJsYW5jby1GLVdEMjBUNjAwMFdDUC8xMTAwMTU2ODYxODMzMjk0;SEM;2021-10-12;2021-03-07;;833294;;;;LIVERPOOL;MX;2021-10-12 04:36;SAMSUNG;Combo Lavadora + Secadora Samsung carga frontal blanco F-WD20T6000WCP;https://www.liverpool.com.mx/tienda/pdp/Combo-Lavadora-+-Secadora-Samsung-carga-frontal-blanco-F-WD20T6000WCP/1100156861;WM;5;https://www.liverpool.com.mx/
1533;aHR0cHM6Ly93d3cubGl2ZXJwb29sLmNvbS5teC90aWVuZGEvcGRwL0NvbWJvLUxhdmFkb3JhLSstU2VjYWRvcmEtU2Ftc3VuZy1jYXJnYS1mcm9udGFsLWJsYW5jby1GLVdEMjBUNjAwMFdDUC8xMTAwMTU2ODYxODc4MTU1;SEM;2021-10-12;2021-03-29;;878155;;;;LIVERPOOL;MX;2021-10-12 04:36;SAMSUNG;Combo Lavadora + Secadora Samsung carga frontal blanco F-WD20T6000WCP;https://www.liverpool.com.mx/tienda/pdp/Combo-Lavadora-+-Secadora-Samsung-carga-frontal-blanco-F-WD20T6000WCP/1100156861;WM;5;https://www.liverpool.com.mx/
1534;aHR0cHM6Ly93d3cubGl2ZXJwb29sLmNvbS5teC90aWVuZGEvcGRwL0NvbWJvLUxhdmFkb3JhLSstU2VjYWRvcmEtU2Ftc3VuZy1jYXJnYS1mcm9udGFsLWJsYW5jby1GLVdEMjBUNjAwMFdDUC8xMTAwMTU2ODYxMTE1MTk1Nw==;SEM;2021-10-12;2021-07-19;;1151957;;;;LIVERPOOL;MX;2021-10-12 04:36;SAMSUNG;Combo Lavadora + Secadora Samsung carga frontal blanco F-WD20T6000WCP;https://www.liverpool.com.mx/tienda/pdp/Combo-Lavadora-+-Secadora-Samsung-carga-frontal-blanco-F-WD20T6000WCP/1100156861;WM;5;https://www.liverpool.com.mx/
1535;aHR0cHM6Ly93d3cubGl2ZXJwb29sLmNvbS5teC90aWVuZGEvcGRwL0NvbWJvLUxhdmFkb3JhLSstU2VjYWRvcmEtU2Ftc3VuZy1jYXJnYS1mcm9udGFsLWJsYW5jby1GLVdEMjBUNjAwMFdDUC8xMTAwMTU2ODYxMTA5NDcwNQ==;SEM;2021-10-12;2021-06-24;;1094705;;;;LIVERPOOL;MX;2021-10-12 04:36;SAMSUNG;Combo Lavadora + Secadora Samsung carga frontal blanco F-WD20T6000WCP;https://www.liverpool.com.mx/tienda/pdp/Combo-Lavadora-+-Secadora-Samsung-carga-frontal-blanco-F-WD20T6000WCP/1100156861;WM;5;https://www.liverpool.com.mx/
1536;aHR0cHM6Ly93d3cubGl2ZXJwb29sLmNvbS5teC90aWVuZGEvcGRwL0NvbWJvLUxhdmFkb3JhLSstU2VjYWRvcmEtU2Ftc3VuZy1jYXJnYS1mcm9udGFsLWJsYW5jby1GLVdEMjBUNjAwMFdDUC8xMTAwMTU2ODYxODMxNDc3;SEM;2021-10-12;2021-03-06;;831477;;;;LIVERPOOL;MX;2021-10-12 04:36;SAMSUNG;Combo Lavadora + Secadora Samsung carga frontal blanco F-WD20T6000WCP;https://www.liverpool.com.mx/tienda/pdp/Combo-Lavadora-+-Secadora-Samsung-carga-frontal-blanco-F-WD20T6000WCP/1100156861;WM;5;https://www.liverpool.com.mx/
1537;aHR0cHM6Ly93d3cubGl2ZXJwb29sLmNvbS5teC90aWVuZGEvcGRwL0NvbWJvLUxhdmFkb3JhLSstU2VjYWRvcmEtU2Ftc3VuZy1jYXJnYS1mcm9udGFsLWJsYW5jby1GLVdEMjBUNjAwMFdDUC8xMTAwMTU2ODYxOTYzODEz;SEM;2021-10-12;2021-05-12;;963813;;;;LIVERPOOL;MX;2021-10-12 04:36;SAMSUNG;Combo Lavadora + Secadora Samsung carga frontal blanco F-WD20T6000WCP;https://www.liverpool.com.mx/tienda/pdp/Combo-Lavadora-+-Secadora-Samsung-carga-frontal-blanco-F-WD20T6000WCP/1100156861;WM;5;https://www.liverpool.com.mx/
1538;aHR0cHM6Ly93d3cubGl2ZXJwb29sLmNvbS5teC90aWVuZGEvcGRwL0NvbWJvLUxhdmFkb3JhLSstU2VjYWRvcmEtU2Ftc3VuZy1jYXJnYS1mcm9udGFsLWJsYW5jby1GLVdEMjBUNjAwMFdDUC8xMTAwMTU2ODYxNjY3NjIz;SEM;2021-10-12;2020-12-11;;667623;;;;LIVERPOOL;MX;2021-10-12 04:36;SAMSUNG;Combo Lavadora + Secadora Samsung carga frontal blanco F-WD20T6000WCP;https://www.liverpool.com.mx/tienda/pdp/Combo-Lavadora-+-Secadora-Samsung-carga-frontal-blanco-F-WD20T6000WCP/1100156861;WM;5;https://www.liverpool.com.mx/
1539;aHR0cHM6Ly93d3cubGl2ZXJwb29sLmNvbS5teC90aWVuZGEvcGRwL0NvbWJvLUxhdmFkb3JhLSstU2VjYWRvcmEtU2Ftc3VuZy1jYXJnYS1mcm9udGFsLWJsYW5jby1GLVdEMjBUNjAwMFdDUC8xMTAwMTU2ODYxNjQyMzk5;SEM;2021-10-12;2020-11-06;;642399;;;;LIVERPOOL;MX;2021-10-12 04:36;SAMSUNG;Combo Lavadora + Secadora Samsung carga frontal blanco F-WD20T6000WCP;https://www.liverpool.com.mx/tienda/pdp/Combo-Lavadora-+-Secadora-Samsung-carga-frontal-blanco-F-WD20T6000WCP/1100156861;WM;5;https://www.liverpool.com.mx/
1540;aHR0cHM6Ly93d3cubGl2ZXJwb29sLmNvbS5teC90aWVuZGEvcGRwL0xhdmFzZWNhZG9yYS1MRy1lbCVDMyVBOWN0cmljYS0yMi1rZy1XRDIyQlYyUzYvMTA5MzE1NjUwODEzMjAwMDY=;SEM;2021-10-12;2021-10-11;;1320006;;;;LIVERPOOL;MX;2021-10-12 04:40;LG;Lavasecadora LG eléctrica 22 kg WD22BV2S6;https://www.liverpool.com.mx/tienda/pdp/Lavasecadora-LG-el%C3%A9ctrica-22-kg-WD22BV2S6/1093156508;WM;5;https://www.liverpool.com.mx/
1541;aHR0cHM6Ly93d3cubGl2ZXJwb29sLmNvbS5teC90aWVuZGEvcGRwL0xhdmFkb3JhLU1heXRhZy0yOC1rZy1hdXRvbSVDMyVBMXRpY2EtY2FyZ2Etc3VwZXJpb3ItN01NVlc3MjMwTFcvMTEwNzgxMTE3MjEzMTc5MTc=;SEM;2021-10-12;2021-10-11;;1317917;;;;LIVERPOOL;MX;2021-10-12 04:42;MAYTAG;Lavadora Maytag 28 kg automática carga superior 7MMVW7230LW;https://www.liverpool.com.mx/tienda/pdp/Lavadora-Maytag-28-kg-autom%C3%A1tica-carga-superior-7MMVW7230LW/1107811172;WM;5;https://www.liverpool.com.mx/
1542;aHR0cHM6Ly93d3cubGl2ZXJwb29sLmNvbS5teC90aWVuZGEvcGRwL2NvbWJvLXJlZnJpZ2VyYWRvci0lMmItbGF2YWRvcmEtJTJiLW1pY3Jvb25kYXMtd2luaWEtZGZyNDA1NDBnbmR4L2R3ZmRnMWIzODZjc3cva29yMW4zYTAvMTA2MjU5MTE1MDEzMDk3NTk=;SEM;2021-10-12;2021-10-08;;1309759;;;;LIVERPOOL;MX;2021-10-12 05:02;WINIA;Combo Refrigerador + Lavadora + Microondas Winia DFR40540GNDX/DWFDG1B386CSW/KOR1N3A0;https://www.liverpool.com.mx/tienda/pdp/combo-refrigerador-%2b-lavadora-%2b-microondas-winia-dfr40540gndx/dwfdg1b386csw/kor1n3a0/1062591150;WM;5;https://www.liverpool.com.mx/
1543;aHR0cHM6Ly93d3cubGl2ZXJwb29sLmNvbS5teC90aWVuZGEvcGRwL2NvbWJvLXJlZnJpZ2VyYWRvci0lMmItbGF2YWRvcmEtJTJiLW1pY3Jvb25kYXMtd2luaWEtZGZyNDA1NDBnbmR4L2R3ZmRnMWIzODZjc3cva29yMW4zYTAvMTA2MjU5MTE1MDEzMDk3NjA=;SEM;2021-10-12;2021-10-08;;1309760;;;;LIVERPOOL;MX;2021-10-12 05:02;WINIA;Combo Refrigerador + Lavadora + Microondas Winia DFR40540GNDX/DWFDG1B386CSW/KOR1N3A0;https://www.liverpool.com.mx/tienda/pdp/combo-refrigerador-%2b-lavadora-%2b-microondas-winia-dfr40540gndx/dwfdg1b386csw/kor1n3a0/1062591150;WM;5;https://www.liverpool.com.mx/
1544;aHR0cHM6Ly93d3cubGl2ZXJwb29sLmNvbS5teC90aWVuZGEvcGRwL2xhdmFkb3JhLXNhbXN1bmctMTcta2ctbmVncmEtd2ExN3Q2MjYwYnYvYXgvMTA5NTI0NTIyMjEzMjAyNzI=;SEM;2021-10-12;2021-10-11;;1320272;;;;LIVERPOOL;MX;2021-10-12 05:03;SAMSUNG;Lavadora Samsung 17 kg negra WA17T6260BV/AX;https://www.liverpool.com.mx/tienda/pdp/lavadora-samsung-17-kg-negra-wa17t6260bv/ax/1095245222;WM;5;https://www.liverpool.com.mx/
1545;aHR0cHM6Ly93d3cubGl2ZXJwb29sLmNvbS5teC90aWVuZGEvcGRwL2xhdmFzZWNhZG9yYS1sZy1lbCVDMyVBOWN0cmljYS0yMi1rZy13ZDIyYnYyczYvMTA5MzE1NjUwODEzMjAwMDY=;SEM;2021-10-12;2021-10-11;;1320006;;;;LIVERPOOL;MX;2021-10-12 05:09;LG;Lavasecadora LG eléctrica 22 kg WD22BV2S6;https://www.liverpool.com.mx/tienda/pdp/lavasecadora-lg-el%C3%A9ctrica-22-kg-wd22bv2s6/1093156508;WM;5;https://www.liverpool.com.mx/
1546;aHR0cHM6Ly93d3cubGl2ZXJwb29sLmNvbS5teC90aWVuZGEvcGRwL2xhdmFkb3JhLWxnLTIwLWtnLWF1dG9tJUMzJUExdGljYS1jYXJnYS1mcm9udGFsLXdtMjB3djI2Mi8xMDUzMDg5NjAzMTMxOTE2MA==;SEM;2021-10-12;2021-10-11;;1319160;;;;LIVERPOOL;MX;2021-10-12 05:20;LG;Lavadora LG 20 kg automática carga frontal WM20WV262;https://www.liverpool.com.mx/tienda/pdp/lavadora-lg-20-kg-autom%C3%A1tica-carga-frontal-wm20wv262/1053089603;WM;5;https://www.liverpool.com.mx/
1547;aHR0cHM6Ly93d3cubGl2ZXJwb29sLmNvbS5teC90aWVuZGEvcGRwL2xhdmFkb3JhLWxnLTIyLWtnLWJsYW5jYS13dDIyd3M2aC8xMDg1Nzg2NTYwNjM1ODg3;SEM;2021-10-11;2020-10-25;;635887;;;;LIVERPOOL;MX;2021-10-11 08:56;LG;Lavadora LG 22 kg blanca WT22WS6H;https://www.liverpool.com.mx/tienda/pdp/lavadora-lg-22-kg-blanca-wt22ws6h/1085786560;WM;5;https://www.liverpool.com.mx/
1548;aHR0cHM6Ly93d3cubGl2ZXJwb29sLmNvbS5teC90aWVuZGEvcGRwL2xhdmFkb3JhLWxnLTIyLWtnLWJsYW5jYS13dDIyd3M2aC8xMDg1Nzg2NTYwNTQ1OTAy;SEM;2021-10-11;2020-08-23;;545902;;;;LIVERPOOL;MX;2021-10-11 08:56;LG;Lavadora LG 22 kg blanca WT22WS6H;https://www.liverpool.com.mx/tienda/pdp/lavadora-lg-22-kg-blanca-wt22ws6h/1085786560;WM;5;https://www.liverpool.com.mx/
1549;aHR0cHM6Ly93d3cubGl2ZXJwb29sLmNvbS5teC90aWVuZGEvcGRwL2xhdmFkb3JhLWxnLTIyLWtnLWJsYW5jYS13dDIyd3M2aC8xMDg1Nzg2NTYwMTkwNDU3;SEM;2021-10-11;2020-02-23;;190457;;;;LIVERPOOL;MX;2021-10-11 08:56;LG;Lavadora LG 22 kg blanca WT22WS6H;https://www.liverpool.com.mx/tienda/pdp/lavadora-lg-22-kg-blanca-wt22ws6h/1085786560;WM;5;https://www.liverpool.com.mx/
1550;aHR0cHM6Ly93d3cubGl2ZXJwb29sLmNvbS5teC90aWVuZGEvcGRwL2xhdmFkb3JhLWxnLTIyLWtnLWJsYW5jYS13dDIyd3M2aC8xMDg1Nzg2NTYwNjk0OTYy;SEM;2021-10-11;2020-12-28;;694962;;;;LIVERPOOL;MX;2021-10-11 08:56;LG;Lavadora LG 22 kg blanca WT22WS6H;https://www.liverpool.com.mx/tienda/pdp/lavadora-lg-22-kg-blanca-wt22ws6h/1085786560;WM;5;https://www.liverpool.com.mx/
1551;aHR0cHM6Ly93d3cubGl2ZXJwb29sLmNvbS5teC90aWVuZGEvcGRwL2xhdmFkb3JhLWxnLTIyLWtnLWJsYW5jYS13dDIyd3M2aC8xMDg1Nzg2NTYwMzUzOTU5;SEM;2021-10-11;2020-06-30;;353959;;;;LIVERPOOL;MX;2021-10-11 08:56;LG;Lavadora LG 22 kg blanca WT22WS6H;https://www.liverpool.com.mx/tienda/pdp/lavadora-lg-22-kg-blanca-wt22ws6h/1085786560;WM;5;https://www.liverpool.com.mx/
1552;aHR0cHM6Ly93d3cubGl2ZXJwb29sLmNvbS5teC90aWVuZGEvcGRwL2xhdmFkb3JhLWxnLTIyLWtnLWJsYW5jYS13dDIyd3M2aC8xMDg1Nzg2NTYwMTAzMzAwMw==;SEM;2021-10-11;2021-06-04;;1033003;;;;LIVERPOOL;MX;2021-10-11 08:56;LG;Lavadora LG 22 kg blanca WT22WS6H;https://www.liverpool.com.mx/tienda/pdp/lavadora-lg-22-kg-blanca-wt22ws6h/1085786560;WM;5;https://www.liverpool.com.mx/
1553;aHR0cHM6Ly93d3cubGl2ZXJwb29sLmNvbS5teC90aWVuZGEvcGRwL2xhdmFkb3JhLWxnLTIyLWtnLWJsYW5jYS13dDIyd3M2aC8xMDg1Nzg2NTYwODczNzU5;SEM;2021-10-11;2021-03-28;;873759;;;;LIVERPOOL;MX;2021-10-11 08:56;LG;Lavadora LG 22 kg blanca WT22WS6H;https://www.liverpool.com.mx/tienda/pdp/lavadora-lg-22-kg-blanca-wt22ws6h/1085786560;WM;5;https://www.liverpool.com.mx/
1554;aHR0cHM6Ly93d3cubGl2ZXJwb29sLmNvbS5teC90aWVuZGEvcGRwL2xhdmFkb3JhLWxnLTIyLWtnLWJsYW5jYS13dDIyd3M2aC8xMDg1Nzg2NTYwMTEyNDQxNg==;SEM;2021-10-11;2021-07-05;;1124416;;;;LIVERPOOL;MX;2021-10-11 08:56;LG;Lavadora LG 22 kg blanca WT22WS6H;https://www.liverpool.com.mx/tienda/pdp/lavadora-lg-22-kg-blanca-wt22ws6h/1085786560;WM;5;https://www.liverpool.com.mx/
1555;aHR0cHM6Ly93d3cubGl2ZXJwb29sLmNvbS5teC90aWVuZGEvcGRwL2xhdmFkb3JhLWxnLTIyLWtnLWJsYW5jYS13dDIyd3M2aC8xMDg1Nzg2NTYwODQxOTQ1;SEM;2021-10-11;2021-03-12;;841945;;;;LIVERPOOL;MX;2021-10-11 08:56;LG;Lavadora LG 22 kg blanca WT22WS6H;https://www.liverpool.com.mx/tienda/pdp/lavadora-lg-22-kg-blanca-wt22ws6h/1085786560;WM;5;https://www.liverpool.com.mx/
1556;aHR0cHM6Ly93d3cubGl2ZXJwb29sLmNvbS5teC90aWVuZGEvcGRwL2xhdmFkb3JhLWxnLTIyLWtnLWJsYW5jYS13dDIyd3M2aC8xMDg1Nzg2NTYwNjk4ODUw;SEM;2021-10-11;2020-12-29;;698850;;;;LIVERPOOL;MX;2021-10-11 08:56;LG;Lavadora LG 22 kg blanca WT22WS6H;https://www.liverpool.com.mx/tienda/pdp/lavadora-lg-22-kg-blanca-wt22ws6h/1085786560;WM;5;https://www.liverpool.com.mx/
1557;aHR0cHM6Ly93d3cubGl2ZXJwb29sLmNvbS5teC90aWVuZGEvcGRwL2xhdmFkb3JhLWxnLTIyLWtnLWJsYW5jYS13dDIyd3M2aC8xMDg1Nzg2NTYwOTkxNDcz;SEM;2021-10-11;2021-05-21;;991473;;;;LIVERPOOL;MX;2021-10-11 08:56;LG;Lavadora LG 22 kg blanca WT22WS6H;https://www.liverpool.com.mx/tienda/pdp/lavadora-lg-22-kg-blanca-wt22ws6h/1085786560;WM;5;https://www.liverpool.com.mx/
1558;aHR0cHM6Ly93d3cubGl2ZXJwb29sLmNvbS5teC90aWVuZGEvcGRwL2xhdmFkb3JhLWxnLTIyLWtnLWJsYW5jYS13dDIyd3M2aC8xMDg1Nzg2NTYwMTE5OTk1Ng==;SEM;2021-10-11;2021-08-10;;1199956;;;;LIVERPOOL;MX;2021-10-11 08:56;LG;Lavadora LG 22 kg blanca WT22WS6H;https://www.liverpool.com.mx/tienda/pdp/lavadora-lg-22-kg-blanca-wt22ws6h/1085786560;WM;4;https://www.liverpool.com.mx/
1559;aHR0cHM6Ly93d3cubGl2ZXJwb29sLmNvbS5teC90aWVuZGEvcGRwL2xhdmFkb3JhLWxnLTIyLWtnLWJsYW5jYS13dDIyd3M2aC8xMDg1Nzg2NTYwNzY3ODY1;SEM;2021-10-11;2021-02-08;;767865;;;;LIVERPOOL;MX;2021-10-11 08:56;LG;Lavadora LG 22 kg blanca WT22WS6H;https://www.liverpool.com.mx/tienda/pdp/lavadora-lg-22-kg-blanca-wt22ws6h/1085786560;WM;4;https://www.liverpool.com.mx/
1560;aHR0cHM6Ly93d3cubGl2ZXJwb29sLmNvbS5teC90aWVuZGEvcGRwL2xhdmFkb3JhLWxnLTIyLWtnLWJsYW5jYS13dDIyd3M2aC8xMDg1Nzg2NTYwMTA1MzQwNA==;SEM;2021-10-11;2021-06-10;;1053404;;;;LIVERPOOL;MX;2021-10-11 08:56;LG;Lavadora LG 22 kg blanca WT22WS6H;https://www.liverpool.com.mx/tienda/pdp/lavadora-lg-22-kg-blanca-wt22ws6h/1085786560;WM;3;https://www.liverpool.com.mx/
1561;aHR0cHM6Ly93d3cubGl2ZXJwb29sLmNvbS5teC90aWVuZGEvcGRwL2xhdmFkb3JhLWxnLTIyLWtnLWJsYW5jYS13dDIyd3M2aC8xMDg1Nzg2NTYwMzI5MjAy;SEM;2021-10-11;2020-06-24;;329202;;;;LIVERPOOL;MX;2021-10-11 08:56;LG;Lavadora LG 22 kg blanca WT22WS6H;https://www.liverpool.com.mx/tienda/pdp/lavadora-lg-22-kg-blanca-wt22ws6h/1085786560;WM;5;https://www.liverpool.com.mx/
1562;aHR0cHM6Ly93d3cubGl2ZXJwb29sLmNvbS5teC90aWVuZGEvcGRwL2xhdmFkb3JhLWxnLTIyLWtnLWJsYW5jYS13dDIyd3M2aC8xMDg1Nzg2NTYwMjAxODQ0;SEM;2021-10-11;2020-03-21;;201844;;;;LIVERPOOL;MX;2021-10-11 08:56;LG;Lavadora LG 22 kg blanca WT22WS6H;https://www.liverpool.com.mx/tienda/pdp/lavadora-lg-22-kg-blanca-wt22ws6h/1085786560;WM;5;https://www.liverpool.com.mx/
1563;aHR0cHM6Ly93d3cubGl2ZXJwb29sLmNvbS5teC90aWVuZGEvcGRwL2xhdmFzZWNhZG9yYS1sZy1lbCVDMyVBOWN0cmljYS0xNi1rZy13ZDE2d2cyczYvMTEwNTA5NDU0NjEzMDUwODI=;SEM;2021-10-11;2021-10-06;;1305082;;;;LIVERPOOL;MX;2021-10-11 09:14;LG;Lavasecadora LG eléctrica 16 kg WD16WG2S6;https://www.liverpool.com.mx/tienda/pdp/lavasecadora-lg-el%C3%A9ctrica-16-kg-wd16wg2s6/1105094546;WM;5;https://www.liverpool.com.mx/
1564;aHR0cHM6Ly93d3cubGl2ZXJwb29sLmNvbS5teC90aWVuZGEvcGRwL2xhdmFzZWNhZG9yYS1sZy1lbCVDMyVBOWN0cmljYS0xNi1rZy13ZDE2d2cyczYvMTEwNTA5NDU0NjEzMDkyMzg=;SEM;2021-10-11;2021-10-07;;1309238;;;;LIVERPOOL;MX;2021-10-11 09:14;LG;Lavasecadora LG eléctrica 16 kg WD16WG2S6;https://www.liverpool.com.mx/tienda/pdp/lavasecadora-lg-el%C3%A9ctrica-16-kg-wd16wg2s6/1105094546;WM;5;https://www.liverpool.com.mx/
1565;aHR0cHM6Ly93d3cubGl2ZXJwb29sLmNvbS5teC90aWVuZGEvcGRwL0xhdmFkb3JhLVNhbXN1bmctMTkta2ctbmVncmEtV0ExOVQ2MjYwQlYvQVgvMTA5ODEwNTc4MjEzMTM0MTE=;SEM;2021-10-11;2021-10-09;;1313411;;;;LIVERPOOL;MX;2021-10-11 09:21;SAMSUNG;Lavadora Samsung 19 kg negra WA19T6260BV/AX;https://www.liverpool.com.mx/tienda/pdp/Lavadora-Samsung-19-kg-negra-WA19T6260BV/AX/1098105782;WM;5;https://www.liverpool.com.mx/
1566;aHR0cHM6Ly93d3cubGl2ZXJwb29sLmNvbS5teC90aWVuZGEvcGRwL0xhdmFkb3JhLUxHLTIxLWtnLWF1dG9tJUMzJUExdGljYS1jYXJnYS1zdXBlcmlvci1XVDIxV1Q2SEtBLzExMDYzNTEzODExMzE0NzY3;SEM;2021-10-11;2021-10-09;;1314767;;;;LIVERPOOL;MX;2021-10-11 09:32;LG;Lavadora LG 21 kg automática carga superior WT21WT6HKA;https://www.liverpool.com.mx/tienda/pdp/Lavadora-LG-21-kg-autom%C3%A1tica-carga-superior-WT21WT6HKA/1106351381;WM;5;https://www.liverpool.com.mx/
1567;aHR0cHM6Ly93d3cubGl2ZXJwb29sLmNvbS5teC90aWVuZGEvcGRwL0xhdmFkb3JhLU1hYmUtMTkta2ctYXV0b20lQzMlQTF0aWNhLWNhcmdhLXN1cGVyaW9yLUxNQTc5MTE0V0JBSzAvMTEwNDQ4MzU1NzEzMjA2MTk=;SEM;2021-10-13;2021-10-11;;1320619;;;;LIVERPOOL;MX;2021-10-13 04:15;MABE;Lavadora Mabe 19 kg automática carga superior LMA79114WBAK0;https://www.liverpool.com.mx/tienda/pdp/Lavadora-Mabe-19-kg-autom%C3%A1tica-carga-superior-LMA79114WBAK0/1104483557;WM;5;https://www.liverpool.com.mx/
1568;aHR0cHM6Ly93d3cubGl2ZXJwb29sLmNvbS5teC90aWVuZGEvcGRwL0xhdmFkb3JhLU1hYmUtMTkta2ctYXV0b20lQzMlQTF0aWNhLWNhcmdhLXN1cGVyaW9yLUxNQTc5MTE0V0JBSzAvMTEwNDQ4MzU1NzEzMTYyOTk=;SEM;2021-10-13;2021-10-10;;1316299;;;;LIVERPOOL;MX;2021-10-13 04:15;MABE;Lavadora Mabe 19 kg automática carga superior LMA79114WBAK0;https://www.liverpool.com.mx/tienda/pdp/Lavadora-Mabe-19-kg-autom%C3%A1tica-carga-superior-LMA79114WBAK0/1104483557;WM;5;https://www.liverpool.com.mx/
1569;aHR0cHM6Ly93d3cubGl2ZXJwb29sLmNvbS5teC90aWVuZGEvcGRwL2xhdmFkb3JhLWxnLTIwLWtnLWF1dG9tJUMzJUExdGljYS1jYXJnYS1mcm9udGFsLXdtMjB3djI2Mi8xMDUzMDg5NjAzMTMyMjA3OQ==;SEM;2021-10-13;2021-10-12;;1322079;;;;LIVERPOOL;MX;2021-10-13 04:48;LG;Lavadora LG 20 kg automática carga frontal WM20WV262;https://www.liverpool.com.mx/tienda/pdp/lavadora-lg-20-kg-autom%C3%A1tica-carga-frontal-wm20wv262/1053089603;WM;5;https://www.liverpool.com.mx/
1570;aHR0cHM6Ly93d3cubGl2ZXJwb29sLmNvbS5teC90aWVuZGEvcGRwL2xhdmFkb3JhLW1hYmUtMTkta2ctYXV0b20lQzMlQTF0aWNhLWNhcmdhLXN1cGVyaW9yLWxtYTc5MTE0d2JhazAvMTEwNDQ4MzU1NzEzMjA2MTk=;SEM;2021-10-13;2021-10-11;;1320619;;;;LIVERPOOL;MX;2021-10-13 04:51;MABE;Lavadora Mabe 19 kg automática carga superior LMA79114WBAK0;https://www.liverpool.com.mx/tienda/pdp/lavadora-mabe-19-kg-autom%C3%A1tica-carga-superior-lma79114wbak0/1104483557;WM;5;https://www.liverpool.com.mx/
1571;aHR0cHM6Ly93d3cubGl2ZXJwb29sLmNvbS5teC90aWVuZGEvcGRwL2xhdmFkb3JhLXNhbXN1bmctMjQta2ctbmVncmEtd2EyNHI3NDUwZ3YvYXgvMTA4NzUwODU2NzEzMTAyMjE=;SEM;2021-10-13;2021-10-08;;1310221;;;;LIVERPOOL;MX;2021-10-13 04:52;SAMSUNG;Lavadora Samsung 24 kg negra WA24R7450GV/AX;https://www.liverpool.com.mx/tienda/pdp/lavadora-samsung-24-kg-negra-wa24r7450gv/ax/1087508567;WM;5;https://www.liverpool.com.mx/
1572;aHR0cHM6Ly93d3cubGl2ZXJwb29sLmNvbS5teC90aWVuZGEvcGRwL2xhdmFkb3JhLW1heXRhZy0yOC1rZy1hdXRvbSVDMyVBMXRpY2EtY2FyZ2Etc3VwZXJpb3ItN21tdnc3MjMwbHcvMTEwNzgxMTE3MjEzMTc5MTc=;SEM;2021-10-13;2021-10-11;;1317917;;;;LIVERPOOL;MX;2021-10-13 04:55;MAYTAG;Lavadora Maytag 28 kg automática carga superior 7MMVW7230LW;https://www.liverpool.com.mx/tienda/pdp/lavadora-maytag-28-kg-autom%C3%A1tica-carga-superior-7mmvw7230lw/1107811172;WM;5;https://www.liverpool.com.mx/
1573;aHR0cHM6Ly93d3cubGl2ZXJwb29sLmNvbS5teC90aWVuZGEvcGRwL0Z1bmRhLTEyLXBhcmEtTGF2YWRvcmEtTEctMTcteS0xOC1rZy8xMDEwMzQzMDI2MTMyMDQ2Ng==;SEM;2021-10-14;2021-10-11;;1320466;;;;LIVERPOOL;MX;2021-10-14 03:38;LG;Funda 12 para Lavadora LG 17 y 18 kg;https://www.liverpool.com.mx/tienda/pdp/Funda-12-para-Lavadora-LG-17-y-18-kg/1010343026;WM;5;https://www.liverpool.com.mx/
1574;aHR0cHM6Ly93d3cubGl2ZXJwb29sLmNvbS5teC90aWVuZGEvcGRwL0Z1bmRhLTEyLXBhcmEtTGF2YWRvcmEtTEctMTcteS0xOC1rZy8xMDEwMzQzMDI2MTMxNjkzOQ==;SEM;2021-10-14;2021-10-10;;1316939;;;;LIVERPOOL;MX;2021-10-14 03:38;LG;Funda 12 para Lavadora LG 17 y 18 kg;https://www.liverpool.com.mx/tienda/pdp/Funda-12-para-Lavadora-LG-17-y-18-kg/1010343026;WM;5;https://www.liverpool.com.mx/
1575;aHR0cHM6Ly93d3cubGl2ZXJwb29sLmNvbS5teC90aWVuZGEvcGRwL2xhdmFkb3JhLWxnLTE2LjUta2ctd3AxN3dhci8xMTAwMTAyNzUzNjM5MTc4;SEM;2021-10-14;2020-10-30;;639178;;;;LIVERPOOL;MX;2021-10-14 04:17;LG;Lavadora LG 16.5 kg WP17WAR;https://www.liverpool.com.mx/tienda/pdp/lavadora-lg-16.5-kg-wp17war/1100102753;WM;5;https://www.liverpool.com.mx/
1576;aHR0cHM6Ly93d3cubGl2ZXJwb29sLmNvbS5teC90aWVuZGEvcGRwL0xhdmFkb3JhLUxHLTE2LjUta2ctV1AxN1dBUi8xMTAwMTAyNzUzNjM5MTc4;SEM;2021-10-14;2020-10-30;;639178;;;;LIVERPOOL;MX;2021-10-14 04:24;LG;Lavadora LG 16.5 kg WP17WAR;https://www.liverpool.com.mx/tienda/pdp/Lavadora-LG-16.5-kg-WP17WAR/1100102753;WM;5;https://www.liverpool.com.mx/
1577;aHR0cHM6Ly93d3cubGl2ZXJwb29sLmNvbS5teC90aWVuZGEvcGRwL0xhdmFkb3JhLUxHLTE2LjUta2ctV1AxN1dBUi8xMTAwMTAyNzUzODE1NjIz;SEM;2021-10-14;2021-02-27;;815623;;;;LIVERPOOL;MX;2021-10-14 04:24;LG;Lavadora LG 16.5 kg WP17WAR;https://www.liverpool.com.mx/tienda/pdp/Lavadora-LG-16.5-kg-WP17WAR/1100102753;WM;5;https://www.liverpool.com.mx/
1578;aHR0cHM6Ly93d3cubGl2ZXJwb29sLmNvbS5teC90aWVuZGEvcGRwL0xhdmFkb3JhLUxHLTE2LjUta2ctV1AxN1dBUi8xMTAwMTAyNzUzMTE0NjY1Mw==;SEM;2021-10-14;2021-07-16;;1146653;;;;LIVERPOOL;MX;2021-10-14 04:24;LG;Lavadora LG 16.5 kg WP17WAR;https://www.liverpool.com.mx/tienda/pdp/Lavadora-LG-16.5-kg-WP17WAR/1100102753;WM;5;https://www.liverpool.com.mx/
1579;aHR0cHM6Ly93d3cubGl2ZXJwb29sLmNvbS5teC90aWVuZGEvcGRwL0xhdmFkb3JhLUxHLTE2LjUta2ctV1AxN1dBUi8xMTAwMTAyNzUzOTU5NjE2;SEM;2021-10-14;2021-05-10;;959616;;;;LIVERPOOL;MX;2021-10-14 04:24;LG;Lavadora LG 16.5 kg WP17WAR;https://www.liverpool.com.mx/tienda/pdp/Lavadora-LG-16.5-kg-WP17WAR/1100102753;WM;5;https://www.liverpool.com.mx/
1580;aHR0cHM6Ly93d3cubGl2ZXJwb29sLmNvbS5teC90aWVuZGEvcGRwL0xhdmFkb3JhLUxHLTE2LjUta2ctV1AxN1dBUi8xMTAwMTAyNzUzODIwMjQ4;SEM;2021-10-14;2021-03-01;;820248;;;;LIVERPOOL;MX;2021-10-14 04:24;LG;Lavadora LG 16.5 kg WP17WAR;https://www.liverpool.com.mx/tienda/pdp/Lavadora-LG-16.5-kg-WP17WAR/1100102753;WM;5;https://www.liverpool.com.mx/
1581;aHR0cHM6Ly93d3cubGl2ZXJwb29sLmNvbS5teC90aWVuZGEvcGRwL0xhdmFkb3JhLUxHLTE2LjUta2ctV1AxN1dBUi8xMTAwMTAyNzUzMTA0Nzg0OA==;SEM;2021-10-14;2021-06-09;;1047848;;;;LIVERPOOL;MX;2021-10-14 04:24;LG;Lavadora LG 16.5 kg WP17WAR;https://www.liverpool.com.mx/tienda/pdp/Lavadora-LG-16.5-kg-WP17WAR/1100102753;WM;5;https://www.liverpool.com.mx/
1582;aHR0cHM6Ly93d3cubGl2ZXJwb29sLmNvbS5teC90aWVuZGEvcGRwL0xhdmFkb3JhLUxHLTE2LjUta2ctV1AxN1dBUi8xMTAwMTAyNzUzMTAwMDEzMQ==;SEM;2021-10-14;2021-05-24;;1000131;;;;LIVERPOOL;MX;2021-10-14 04:24;LG;Lavadora LG 16.5 kg WP17WAR;https://www.liverpool.com.mx/tienda/pdp/Lavadora-LG-16.5-kg-WP17WAR/1100102753;WM;5;https://www.liverpool.com.mx/
1583;aHR0cHM6Ly93d3cubGl2ZXJwb29sLmNvbS5teC90aWVuZGEvcGRwL0xhdmFkb3JhLUxHLTE2LjUta2ctV1AxN1dBUi8xMTAwMTAyNzUzODg2MDc0;SEM;2021-10-14;2021-04-03;;886074;;;;LIVERPOOL;MX;2021-10-14 04:24;LG;Lavadora LG 16.5 kg WP17WAR;https://www.liverpool.com.mx/tienda/pdp/Lavadora-LG-16.5-kg-WP17WAR/1100102753;WM;5;https://www.liverpool.com.mx/
1584;aHR0cHM6Ly93d3cubGl2ZXJwb29sLmNvbS5teC90aWVuZGEvcGRwL0xhdmFkb3JhLUxHLTE2LjUta2ctV1AxN1dBUi8xMTAwMTAyNzUzMTA3OTcxMQ==;SEM;2021-10-14;2021-06-19;;1079711;;;;LIVERPOOL;MX;2021-10-14 04:24;LG;Lavadora LG 16.5 kg WP17WAR;https://www.liverpool.com.mx/tienda/pdp/Lavadora-LG-16.5-kg-WP17WAR/1100102753;WM;5;https://www.liverpool.com.mx/
1585;aHR0cHM6Ly93d3cubGl2ZXJwb29sLmNvbS5teC90aWVuZGEvcGRwL0xhdmFkb3JhLUxHLTE2LjUta2ctV1AxN1dBUi8xMTAwMTAyNzUzOTA1MDcx;SEM;2021-10-14;2021-04-15;;905071;;;;LIVERPOOL;MX;2021-10-14 04:24;LG;Lavadora LG 16.5 kg WP17WAR;https://www.liverpool.com.mx/tienda/pdp/Lavadora-LG-16.5-kg-WP17WAR/1100102753;WM;5;https://www.liverpool.com.mx/
1586;aHR0cHM6Ly93d3cubGl2ZXJwb29sLmNvbS5teC90aWVuZGEvcGRwL0xhdmFkb3JhLUxHLTE2LjUta2ctV1AxN1dBUi8xMTAwMTAyNzUzODMyMjM1;SEM;2021-10-14;2021-03-07;;832235;;;;LIVERPOOL;MX;2021-10-14 04:24;LG;Lavadora LG 16.5 kg WP17WAR;https://www.liverpool.com.mx/tienda/pdp/Lavadora-LG-16.5-kg-WP17WAR/1100102753;WM;5;https://www.liverpool.com.mx/
1587;aHR0cHM6Ly93d3cubGl2ZXJwb29sLmNvbS5teC90aWVuZGEvcGRwL0xhdmFkb3JhLUxHLTE2LjUta2ctV1AxN1dBUi8xMTAwMTAyNzUzMTE0NTA5OA==;SEM;2021-10-14;2021-07-15;;1145098;;;;LIVERPOOL;MX;2021-10-14 04:24;LG;Lavadora LG 16.5 kg WP17WAR;https://www.liverpool.com.mx/tienda/pdp/Lavadora-LG-16.5-kg-WP17WAR/1100102753;WM;5;https://www.liverpool.com.mx/
1588;aHR0cHM6Ly93d3cubGl2ZXJwb29sLmNvbS5teC90aWVuZGEvcGRwL0xhdmFkb3JhLUxHLTE2LjUta2ctV1AxN1dBUi8xMTAwMTAyNzUzOTQ3MjE2;SEM;2021-10-14;2021-05-07;;947216;;;;LIVERPOOL;MX;2021-10-14 04:24;LG;Lavadora LG 16.5 kg WP17WAR;https://www.liverpool.com.mx/tienda/pdp/Lavadora-LG-16.5-kg-WP17WAR/1100102753;WM;5;https://www.liverpool.com.mx/
1589;aHR0cHM6Ly93d3cubGl2ZXJwb29sLmNvbS5teC90aWVuZGEvcGRwL0xhdmFkb3JhLUxHLTE2LjUta2ctV1AxN1dBUi8xMTAwMTAyNzUzMTIyNjA1OQ==;SEM;2021-10-14;2021-08-23;;1226059;;;;LIVERPOOL;MX;2021-10-14 04:24;LG;Lavadora LG 16.5 kg WP17WAR;https://www.liverpool.com.mx/tienda/pdp/Lavadora-LG-16.5-kg-WP17WAR/1100102753;WM;5;https://www.liverpool.com.mx/
1590;aHR0cHM6Ly93d3cubGl2ZXJwb29sLmNvbS5teC90aWVuZGEvcGRwL0xhdmFkb3JhLUxHLTE2LjUta2ctV1AxN1dBUi8xMTAwMTAyNzUzMTA3NTgyMA==;SEM;2021-10-14;2021-06-17;;1075820;;;;LIVERPOOL;MX;2021-10-14 04:24;LG;Lavadora LG 16.5 kg WP17WAR;https://www.liverpool.com.mx/tienda/pdp/Lavadora-LG-16.5-kg-WP17WAR/1100102753;WM;5;https://www.liverpool.com.mx/
1591;aHR0cHM6Ly93d3cubGl2ZXJwb29sLmNvbS5teC90aWVuZGEvcGRwL0xhdmFkb3JhLUxHLTE2LjUta2ctV1AxN1dBUi8xMTAwMTAyNzUzMTI2MDAzOQ==;SEM;2021-10-14;2021-09-11;;1260039;;;;LIVERPOOL;MX;2021-10-14 04:24;LG;Lavadora LG 16.5 kg WP17WAR;https://www.liverpool.com.mx/tienda/pdp/Lavadora-LG-16.5-kg-WP17WAR/1100102753;WM;5;https://www.liverpool.com.mx/
1592;aHR0cHM6Ly93d3cubGl2ZXJwb29sLmNvbS5teC90aWVuZGEvcGRwL0xhdmFkb3JhLUxHLTE2LjUta2ctV1AxN1dBUi8xMTAwMTAyNzUzNzk1NjU2;SEM;2021-10-14;2021-02-19;;795656;;;;LIVERPOOL;MX;2021-10-14 04:24;LG;Lavadora LG 16.5 kg WP17WAR;https://www.liverpool.com.mx/tienda/pdp/Lavadora-LG-16.5-kg-WP17WAR/1100102753;WM;5;https://www.liverpool.com.mx/
1593;aHR0cHM6Ly93d3cubGl2ZXJwb29sLmNvbS5teC90aWVuZGEvcGRwL0xhdmFkb3JhLUxHLTE2LjUta2ctV1AxN1dBUi8xMTAwMTAyNzUzMTA2NzM1MQ==;SEM;2021-10-14;2021-06-14;;1067351;;;;LIVERPOOL;MX;2021-10-14 04:24;LG;Lavadora LG 16.5 kg WP17WAR;https://www.liverpool.com.mx/tienda/pdp/Lavadora-LG-16.5-kg-WP17WAR/1100102753;WM;5;https://www.liverpool.com.mx/
1594;aHR0cHM6Ly93d3cubGl2ZXJwb29sLmNvbS5teC90aWVuZGEvcGRwL0xhdmFkb3JhLUxHLTE2LjUta2ctV1AxN1dBUi8xMTAwMTAyNzUzMTE4NzQ0Mg==;SEM;2021-10-14;2021-08-05;;1187442;;;;LIVERPOOL;MX;2021-10-14 04:24;LG;Lavadora LG 16.5 kg WP17WAR;https://www.liverpool.com.mx/tienda/pdp/Lavadora-LG-16.5-kg-WP17WAR/1100102753;WM;5;https://www.liverpool.com.mx/
1595;aHR0cHM6Ly93d3cubGl2ZXJwb29sLmNvbS5teC90aWVuZGEvcGRwL0xhdmFkb3JhLUxHLTE2LjUta2ctV1AxN1dBUi8xMTAwMTAyNzUzMTEyODU2Mg==;SEM;2021-10-14;2021-07-07;;1128562;;;;LIVERPOOL;MX;2021-10-14 04:24;LG;Lavadora LG 16.5 kg WP17WAR;https://www.liverpool.com.mx/tienda/pdp/Lavadora-LG-16.5-kg-WP17WAR/1100102753;WM;5;https://www.liverpool.com.mx/
1596;aHR0cHM6Ly93d3cubGl2ZXJwb29sLmNvbS5teC90aWVuZGEvcGRwL0xhdmFkb3JhLUxHLTE2LjUta2ctV1AxN1dBUi8xMTAwMTAyNzUzMTI3NjA2MA==;SEM;2021-10-14;2021-09-20;;1276060;;;;LIVERPOOL;MX;2021-10-14 04:24;LG;Lavadora LG 16.5 kg WP17WAR;https://www.liverpool.com.mx/tienda/pdp/Lavadora-LG-16.5-kg-WP17WAR/1100102753;WM;5;https://www.liverpool.com.mx/
1597;aHR0cHM6Ly93d3cubGl2ZXJwb29sLmNvbS5teC90aWVuZGEvcGRwL0xhdmFkb3JhLUxHLTE2LjUta2ctV1AxN1dBUi8xMTAwMTAyNzUzMTI2OTY4MQ==;SEM;2021-10-14;2021-09-17;;1269681;;;;LIVERPOOL;MX;2021-10-14 04:24;LG;Lavadora LG 16.5 kg WP17WAR;https://www.liverpool.com.mx/tienda/pdp/Lavadora-LG-16.5-kg-WP17WAR/1100102753;WM;5;https://www.liverpool.com.mx/
1598;aHR0cHM6Ly93d3cubGl2ZXJwb29sLmNvbS5teC90aWVuZGEvcGRwL0xhdmFkb3JhLUxHLTE2LjUta2ctV1AxN1dBUi8xMTAwMTAyNzUzMTA2NTkzNg==;SEM;2021-10-14;2021-06-14;;1065936;;;;LIVERPOOL;MX;2021-10-14 04:24;LG;Lavadora LG 16.5 kg WP17WAR;https://www.liverpool.com.mx/tienda/pdp/Lavadora-LG-16.5-kg-WP17WAR/1100102753;WM;5;https://www.liverpool.com.mx/
1599;aHR0cHM6Ly93d3cubGl2ZXJwb29sLmNvbS5teC90aWVuZGEvcGRwL0xhdmFkb3JhLUxHLTE2LjUta2ctV1AxN1dBUi8xMTAwMTAyNzUzODcwMzc5;SEM;2021-10-14;2021-03-26;;870379;;;;LIVERPOOL;MX;2021-10-14 04:24;LG;Lavadora LG 16.5 kg WP17WAR;https://www.liverpool.com.mx/tienda/pdp/Lavadora-LG-16.5-kg-WP17WAR/1100102753;WM;5;https://www.liverpool.com.mx/
1600;aHR0cHM6Ly93d3cubGl2ZXJwb29sLmNvbS5teC90aWVuZGEvcGRwL0xhdmFkb3JhLUxHLTE2LjUta2ctV1AxN1dBUi8xMTAwMTAyNzUzMTE0NzYzMA==;SEM;2021-10-14;2021-07-17;;1147630;;;;LIVERPOOL;MX;2021-10-14 04:24;LG;Lavadora LG 16.5 kg WP17WAR;https://www.liverpool.com.mx/tienda/pdp/Lavadora-LG-16.5-kg-WP17WAR/1100102753;WM;5;https://www.liverpool.com.mx/
1601;aHR0cHM6Ly93d3cubGl2ZXJwb29sLmNvbS5teC90aWVuZGEvcGRwL0xhdmFkb3JhLUxHLTE2LjUta2ctV1AxN1dBUi8xMTAwMTAyNzUzMTA2ODM0MA==;SEM;2021-10-14;2021-06-15;;1068340;;;;LIVERPOOL;MX;2021-10-14 04:24;LG;Lavadora LG 16.5 kg WP17WAR;https://www.liverpool.com.mx/tienda/pdp/Lavadora-LG-16.5-kg-WP17WAR/1100102753;WM;4;https://www.liverpool.com.mx/
1602;aHR0cHM6Ly93d3cubGl2ZXJwb29sLmNvbS5teC90aWVuZGEvcGRwL0xhdmFkb3JhLUxHLTE2LjUta2ctV1AxN1dBUi8xMTAwMTAyNzUzODIxMzkz;SEM;2021-10-14;2021-03-01;;821393;;;;LIVERPOOL;MX;2021-10-14 04:24;LG;Lavadora LG 16.5 kg WP17WAR;https://www.liverpool.com.mx/tienda/pdp/Lavadora-LG-16.5-kg-WP17WAR/1100102753;WM;4;https://www.liverpool.com.mx/
1603;aHR0cHM6Ly93d3cubGl2ZXJwb29sLmNvbS5teC90aWVuZGEvcGRwL0xhdmFkb3JhLUxHLTE2LjUta2ctV1AxN1dBUi8xMTAwMTAyNzUzMTI3NjMyOQ==;SEM;2021-10-14;2021-09-20;;1276329;;;;LIVERPOOL;MX;2021-10-14 04:24;LG;Lavadora LG 16.5 kg WP17WAR;https://www.liverpool.com.mx/tienda/pdp/Lavadora-LG-16.5-kg-WP17WAR/1100102753;WM;4;https://www.liverpool.com.mx/
1604;aHR0cHM6Ly93d3cubGl2ZXJwb29sLmNvbS5teC90aWVuZGEvcGRwL0xhdmFkb3JhLUxHLTE2LjUta2ctV1AxN1dBUi8xMTAwMTAyNzUzMTI3MzMyNg==;SEM;2021-10-14;2021-09-19;;1273326;;;;LIVERPOOL;MX;2021-10-14 04:24;LG;Lavadora LG 16.5 kg WP17WAR;https://www.liverpool.com.mx/tienda/pdp/Lavadora-LG-16.5-kg-WP17WAR/1100102753;WM;4;https://www.liverpool.com.mx/
1605;aHR0cHM6Ly93d3cubGl2ZXJwb29sLmNvbS5teC90aWVuZGEvcGRwL0xhdmFkb3JhLUxHLTE2LjUta2ctV1AxN1dBUi8xMTAwMTAyNzUzODEwMTQy;SEM;2021-10-14;2021-02-25;;810142;;;;LIVERPOOL;MX;2021-10-14 04:24;LG;Lavadora LG 16.5 kg WP17WAR;https://www.liverpool.com.mx/tienda/pdp/Lavadora-LG-16.5-kg-WP17WAR/1100102753;WM;5;https://www.liverpool.com.mx/
1606;aHR0cHM6Ly93d3cubGl2ZXJwb29sLmNvbS5teC90aWVuZGEvcGRwL0xhdmFkb3JhLUxHLTE2LjUta2ctV1AxN1dBUi8xMTAwMTAyNzUzNjQwNzc4;SEM;2021-10-14;2020-11-02;;640778;;;;LIVERPOOL;MX;2021-10-14 04:24;LG;Lavadora LG 16.5 kg WP17WAR;https://www.liverpool.com.mx/tienda/pdp/Lavadora-LG-16.5-kg-WP17WAR/1100102753;WM;4;https://www.liverpool.com.mx/
1607;aHR0cHM6Ly93d3cubGl2ZXJwb29sLmNvbS5teC90aWVuZGEvcGRwL0xhdmFkb3JhLU1hYmUtMjIta2ctYXV0b20lQzMlQTF0aWNhLWNhcmdhLXN1cGVyaW9yLUxNQTcyMjE1V0JBQjAvMTEwNDQ4NDQzMDEzMjQwMjU=;SEM;2021-10-14;2021-10-13;;1324025;;;;LIVERPOOL;MX;2021-10-14 04:33;MABE;Lavadora Mabe 22 kg automática carga superior LMA72215WBAB0;https://www.liverpool.com.mx/tienda/pdp/Lavadora-Mabe-22-kg-autom%C3%A1tica-carga-superior-LMA72215WBAB0/1104484430;WM;4;https://www.liverpool.com.mx/
1608;aHR0cHM6Ly93d3cuYW1hem9uLmNvbS5teC9XSU5JQS1MYXZhZG9yYS1BdXRvbSVDMyVBMXRpY2EtMThLRy1EV0YtREczNjFBR0cxL2RwL0IwOTNCOFI3NVAvUjJLVEJMN0JCWjhCMlc=;SEM;2021-10-14;2021-07-27;;R2KTBL7BBZ8B2W;;Compacta y práctica;De fácil uso;AMAZON;MX;2021-10-14 09:41;WINIA;WINIA Lavadora Automática 18KG DWF-DG361AGG1 Gris;https://www.amazon.com.mx/WINIA-Lavadora-Autom%C3%A1tica-18KG-DWF-DG361AGG1/dp/B093B8R75P/;WM;5.0 ;https://www.amazon.com.mx/
1609;aHR0cHM6Ly93d3cuYW1hem9uLmNvbS5teC9EYWV3b28tRFdGLURHMUIzODZDU1cxLUxhdmFkb3JhLUF1dG9tJUMzJUExdGljYS1CbGFuY28vZHAvQjA3SDZQQlo2UC9SMzdQSDUzWTc1VzlDSA==;SEM;2021-10-14;2021-07-05;;R37PH53Y75W9CH;;Es winnia y tiene abajo una parte de plástico y patas adaptables muy cómoda de instalar la tapa no tiene seguro y es trasparente pro lo que hace fácil agregar algo;Buena;AMAZON;MX;2021-10-14 09:42;DAEWOO;Daewoo DWF-DG1B386CSW1 Lavadora Automática 19 kg color Blanco;https://www.amazon.com.mx/Daewoo-DWF-DG1B386CSW1-Lavadora-Autom%C3%A1tica-Blanco/dp/B07H6PBZ6P/;WM;4.0 ;https://www.amazon.com.mx/
1610;aHR0cHM6Ly93d3cuYW1hem9uLmNvbS5teC9EYWV3b28tRFdGLURHMUIzODZDU1cxLUxhdmFkb3JhLUF1dG9tJUMzJUExdGljYS1CbGFuY28vZHAvQjA3SDZQQlo2UC9SM1ZNVjRKNzBJOENROQ==;SEM;2021-10-14;2020-11-11;;R3VMV4J70I8CQ9;;Que en la marca dice daewoo y llegó una vinia m e parece injusto y una falta de ética poner nombres que ko son correctos aunque el producto si realiza su función de forma correcta;Lo bue o y lo malo;AMAZON;MX;2021-10-14 09:42;DAEWOO;Daewoo DWF-DG1B386CSW1 Lavadora Automática 19 kg color Blanco;https://www.amazon.com.mx/Daewoo-DWF-DG1B386CSW1-Lavadora-Autom%C3%A1tica-Blanco/dp/B07H6PBZ6P/;WM;3.0 ;https://www.amazon.com.mx/
1611;aHR0cHM6Ly93d3cuYW1hem9uLmNvbS5teC9EYWV3b28tRFdGLVRFMTYxQUJXMS1MYXZhZG9yYS1BdXRvbSVDMyVBMXRpY2EtQmxhbmNvL2RwL0IwOEIxRjZYWlovUkRSTTdXNjBOMkhGTg==;SEM;2021-10-14;2021-10-03;;RDRM7W60N2HFN;;Súper fácil de instalar Capacidad perfecta para dos personas. Tamaño ideal para espacios pequeños. Te la recomiendo;La amo;AMAZON;MX;2021-10-14 09:42;DAEWOO;Daewoo DWF-TE161ABW1 Lavadora Automática 10kg color Blanco;https://www.amazon.com.mx/Daewoo-DWF-TE161ABW1-Lavadora-Autom%C3%A1tica-Blanco/dp/B08B1F6XZZ/;WM;5.0 ;https://www.amazon.com.mx/
1612;aHR0cHM6Ly93d3cuYW1hem9uLmNvbS5teC9EYWV3b28tRFdGLVRFMTYxQUJXMS1MYXZhZG9yYS1BdXRvbSVDMyVBMXRpY2EtQmxhbmNvL2RwL0IwOEIxRjZYWlovUjI1VldJMFc1TktHUDA=;SEM;2021-10-14;2021-09-27;;R25VWI0W5NKGP0;;No es la más barata pero funciona súper bien.;Es potente.;AMAZON;MX;2021-10-14 09:42;DAEWOO;Daewoo DWF-TE161ABW1 Lavadora Automática 10kg color Blanco;https://www.amazon.com.mx/Daewoo-DWF-TE161ABW1-Lavadora-Autom%C3%A1tica-Blanco/dp/B08B1F6XZZ/;WM;5.0 ;https://www.amazon.com.mx/
1613;aHR0cHM6Ly93d3cuYW1hem9uLmNvbS5teC9EYWV3b28tRFdGLVRFMTYxQUJXMS1MYXZhZG9yYS1BdXRvbSVDMyVBMXRpY2EtQmxhbmNvL2RwL0IwOEIxRjZYWlovUlZVU0o1TDRUNllYVw==;SEM;2021-10-14;2021-09-23;;RVUSJ5L4T6YXW;;Se desbalancea muy fácil. Hay que vigilar la con cargas de más de 8 kg. Más bien es para ropa pequeña y ligera. Si se desbalancea la carga entra en un ciclo de enjugue eterno y desperdicia agua;Pequeña y rápida;AMAZON;MX;2021-10-14 09:42;DAEWOO;Daewoo DWF-TE161ABW1 Lavadora Automática 10kg color Blanco;https://www.amazon.com.mx/Daewoo-DWF-TE161ABW1-Lavadora-Autom%C3%A1tica-Blanco/dp/B08B1F6XZZ/;WM;4.0 ;https://www.amazon.com.mx/
1614;aHR0cHM6Ly93d3cuYW1hem9uLmNvbS5teC9EYWV3b28tRFdGLVRFMTYxQUJXMS1MYXZhZG9yYS1BdXRvbSVDMyVBMXRpY2EtQmxhbmNvL2RwL0IwOEIxRjZYWlovUkJGREZSUEo2QlZMVA==;SEM;2021-10-14;2021-08-15;;RBFDFRPJ6BVLT;;Lava muy bien, buena potencia, ocupa muy poco espacio.;Buen producto, ocupa muy poco espacio.;AMAZON;MX;2021-10-14 09:42;DAEWOO;Daewoo DWF-TE161ABW1 Lavadora Automática 10kg color Blanco;https://www.amazon.com.mx/Daewoo-DWF-TE161ABW1-Lavadora-Autom%C3%A1tica-Blanco/dp/B08B1F6XZZ/;WM;4.0 ;https://www.amazon.com.mx/
1615;aHR0cHM6Ly93d3cuYW1hem9uLmNvbS5teC9EYWV3b28tRFdGLVRFMTYxQUJXMS1MYXZhZG9yYS1BdXRvbSVDMyVBMXRpY2EtQmxhbmNvL2RwL0IwOEIxRjZYWlovUjJaRVJZQ0ZCVTlLTU4=;SEM;2021-10-14;2021-08-12;;R2ZERYCFBU9KMN;;Me gustó muchísimo, es súper práctica para espacios pequeños, los modos automaticos están increibles, porque en verdad sólo presionas un botón y ya la lavadora hace todo.;Excelente para depas pequeños;AMAZON;MX;2021-10-14 09:42;DAEWOO;Daewoo DWF-TE161ABW1 Lavadora Automática 10kg color Blanco;https://www.amazon.com.mx/Daewoo-DWF-TE161ABW1-Lavadora-Autom%C3%A1tica-Blanco/dp/B08B1F6XZZ/;WM;5.0 ;https://www.amazon.com.mx/
1616;aHR0cHM6Ly93d3cuYW1hem9uLmNvbS5teC9EYWV3b28tRFdGLVRFMTYxQUJXMS1MYXZhZG9yYS1BdXRvbSVDMyVBMXRpY2EtQmxhbmNvL2RwL0IwOEIxRjZYWlovUjJMR0JRTldaQTVZTEc=;SEM;2021-10-14;2021-08-11;;R2LGBQNWZA5YLG;;Entrega oportuna, la caja y el producto en muy buen estado, cuando me la entregaron yo mismo pude guardarla dado que es pequeña no es pesada, para mi caso es ideal porque no ocupa mucho espacio en un departamento pequeño. Durante el tiempo que la he usado ha funcionado bastante bien, la recomiendo totalmente;Maravilloso producto;AMAZON;MX;2021-10-14 09:42;DAEWOO;Daewoo DWF-TE161ABW1 Lavadora Automática 10kg color Blanco;https://www.amazon.com.mx/Daewoo-DWF-TE161ABW1-Lavadora-Autom%C3%A1tica-Blanco/dp/B08B1F6XZZ/;WM;5.0 ;https://www.amazon.com.mx/
1617;aHR0cHM6Ly93d3cuYW1hem9uLmNvbS5teC9EYWV3b28tRFdGLVRFMTYxQUJXMS1MYXZhZG9yYS1BdXRvbSVDMyVBMXRpY2EtQmxhbmNvL2RwL0IwOEIxRjZYWlovUjJOQVNSQkVUMU5VTkU=;SEM;2021-10-14;2021-08-04;;R2NASRBET1NUNE;;A pesar de estar pequeña, lava bastante bien, es muy fácil de manejar y deja prácticamente seca la ropa.;Trabaja muy bien;AMAZON;MX;2021-10-14 09:42;DAEWOO;Daewoo DWF-TE161ABW1 Lavadora Automática 10kg color Blanco;https://www.amazon.com.mx/Daewoo-DWF-TE161ABW1-Lavadora-Autom%C3%A1tica-Blanco/dp/B08B1F6XZZ/;WM;5.0 ;https://www.amazon.com.mx/
1618;aHR0cHM6Ly93d3cuYW1hem9uLmNvbS5teC9EYWV3b28tRFdGLVRFMTYxQUJXMS1MYXZhZG9yYS1BdXRvbSVDMyVBMXRpY2EtQmxhbmNvL2RwL0IwOEIxRjZYWlovUkhMSzJIRlFRV0YzOQ==;SEM;2021-10-14;2021-07-30;;RHLK2HFQQWF39;;pequeñita, ligera, fácil de manejar de instalar, hermosa. La recomiendo;me encanto;AMAZON;MX;2021-10-14 09:42;DAEWOO;Daewoo DWF-TE161ABW1 Lavadora Automática 10kg color Blanco;https://www.amazon.com.mx/Daewoo-DWF-TE161ABW1-Lavadora-Autom%C3%A1tica-Blanco/dp/B08B1F6XZZ/;WM;5.0 ;https://www.amazon.com.mx/
1619;aHR0cHM6Ly93d3cuYW1hem9uLmNvbS5teC9EYWV3b28tRFdGLVRFMTYxQUJXMS1MYXZhZG9yYS1BdXRvbSVDMyVBMXRpY2EtQmxhbmNvL2RwL0IwOEIxRjZYWlovUjJXQkg2RzBaM0pXWTE=;SEM;2021-10-14;2021-07-24;;R2WBH6G0Z3JWY1;;Fue un regalo, y la persona quedó encantada, fácil de usar y buena;Buen producto;AMAZON;MX;2021-10-14 09:42;DAEWOO;Daewoo DWF-TE161ABW1 Lavadora Automática 10kg color Blanco;https://www.amazon.com.mx/Daewoo-DWF-TE161ABW1-Lavadora-Autom%C3%A1tica-Blanco/dp/B08B1F6XZZ/;WM;5.0 ;https://www.amazon.com.mx/
1620;aHR0cHM6Ly93d3cuYW1hem9uLmNvbS5teC9EYWV3b28tRFdGLVRFMTYxQUJXMS1MYXZhZG9yYS1BdXRvbSVDMyVBMXRpY2EtQmxhbmNvL2RwL0IwOEIxRjZYWlovUkE0UDlBVlJBNktUWA==;SEM;2021-10-14;2021-06-29;;RA4P9AVRA6KTX;;Your browser does not support HTML5 video. Pues esta compra me llego ayer, centrífuga muy bien pero al lavar solo hace esto, no lava con buena, pudiese apoyarme.;¿Cúal es la potencia adecuada para lavar?;AMAZON;MX;2021-10-14 09:42;DAEWOO;Daewoo DWF-TE161ABW1 Lavadora Automática 10kg color Blanco;https://www.amazon.com.mx/Daewoo-DWF-TE161ABW1-Lavadora-Autom%C3%A1tica-Blanco/dp/B08B1F6XZZ/;WM;1.0 ;https://www.amazon.com.mx/
1621;aHR0cHM6Ly93d3cuYW1hem9uLmNvbS5teC9EYWV3b28tRFdGLVRFMTYxQUJXMS1MYXZhZG9yYS1BdXRvbSVDMyVBMXRpY2EtQmxhbmNvL2RwL0IwOEIxRjZYWlovUlc3WlJETFhRQ1NaSg==;SEM;2021-10-14;2021-06-20;;RW7ZRDLXQCSZJ;;Tiene varias funciones, es muy fácil de usar y práctica para un departamento pequeño. También luce muy bien.;Muy práctica;AMAZON;MX;2021-10-14 09:43;DAEWOO;Daewoo DWF-TE161ABW1 Lavadora Automática 10kg color Blanco;https://www.amazon.com.mx/Daewoo-DWF-TE161ABW1-Lavadora-Autom%C3%A1tica-Blanco/dp/B08B1F6XZZ/;WM;5.0 ;https://www.amazon.com.mx/
1622;aHR0cHM6Ly93d3cuYW1hem9uLmNvbS5teC9EYWV3b28tRFdGLVRFMTYxQUJXMS1MYXZhZG9yYS1BdXRvbSVDMyVBMXRpY2EtQmxhbmNvL2RwL0IwOEIxRjZYWlovUjFGSFhLNjJWM1dGVjM=;SEM;2021-10-14;2021-06-03;;R1FHXK62V3WFV3;;Me encantó. Es mi tercera lavadora, todas de la misma marca (antes daewoo). Vendí la segunda porque no me cupo por la puerta ahora que me mudé, y esta cosita está per-fec-ta. Como nota adicional, estafeta se pasó. Me entregaron una caja golpeadísima.;Me encantó. Recomendadisima.;AMAZON;MX;2021-10-14 09:43;DAEWOO;Daewoo DWF-TE161ABW1 Lavadora Automática 10kg color Blanco;https://www.amazon.com.mx/Daewoo-DWF-TE161ABW1-Lavadora-Autom%C3%A1tica-Blanco/dp/B08B1F6XZZ/;WM;5.0 ;https://www.amazon.com.mx/
1623;aHR0cHM6Ly93d3cuYW1hem9uLmNvbS5teC9EYWV3b28tRFdGLVRFMTYxQUJXMS1MYXZhZG9yYS1BdXRvbSVDMyVBMXRpY2EtQmxhbmNvL2RwL0IwOEIxRjZYWlovUjFZQ1BJWldMMzdaUDA=;SEM;2021-10-14;2021-04-08;;R1YCPIZWL37ZP0;;El precio accesible . Es pequeña. Para cargas no muy grandes. Cabe en un espacio pequeño. Me gustó bastante. Envío rápido;Me gustó;AMAZON;MX;2021-10-14 09:43;DAEWOO;Daewoo DWF-TE161ABW1 Lavadora Automática 10kg color Blanco;https://www.amazon.com.mx/Daewoo-DWF-TE161ABW1-Lavadora-Autom%C3%A1tica-Blanco/dp/B08B1F6XZZ/;WM;4.0 ;https://www.amazon.com.mx/
1624;aHR0cHM6Ly93d3cuYW1hem9uLmNvbS5teC9EYWV3b28tRFdGLVRFMTYxQUJXMS1MYXZhZG9yYS1BdXRvbSVDMyVBMXRpY2EtQmxhbmNvL2RwL0IwOEIxRjZYWlovUjk3UUxNSDVNVVlDUg==;SEM;2021-10-14;2021-04-04;;R97QLMH5MUYCR;;Es pequeña, no pesa demasiado, puede cargarse sin problema entre dos personas, recién la probé y funciona perfecto. Ideal para una persona que vive en un departamento pequeño;Perfecta;AMAZON;MX;2021-10-14 09:43;DAEWOO;Daewoo DWF-TE161ABW1 Lavadora Automática 10kg color Blanco;https://www.amazon.com.mx/Daewoo-DWF-TE161ABW1-Lavadora-Autom%C3%A1tica-Blanco/dp/B08B1F6XZZ/;WM;5.0 ;https://www.amazon.com.mx/
1625;aHR0cHM6Ly93d3cuYW1hem9uLmNvbS5teC9EYWV3b28tRFdGLVRFMTYxQUJXMS1MYXZhZG9yYS1BdXRvbSVDMyVBMXRpY2EtQmxhbmNvL2RwL0IwOEIxRjZYWlovUjNFTExHM1NaUDBZMVU=;SEM;2021-10-14;2021-03-29;;R3ELLG3SZP0Y1U;;Me encanto esta súper padre el diseño funciona muy bien para tenerla en interiores con espacios pequeños la verdad me encanto llego con un ligero golpe que pienso es por la paquetería que no le da el cuidado necesario pero todo exelente estoy encantada la recomiendo;Recomendado;AMAZON;MX;2021-10-14 09:43;DAEWOO;Daewoo DWF-TE161ABW1 Lavadora Automática 10kg color Blanco;https://www.amazon.com.mx/Daewoo-DWF-TE161ABW1-Lavadora-Autom%C3%A1tica-Blanco/dp/B08B1F6XZZ/;WM;5.0 ;https://www.amazon.com.mx/
1626;aHR0cHM6Ly93d3cuYW1hem9uLmNvbS5teC9EYWV3b28tRFdGLVRFMTYxQUJXMS1MYXZhZG9yYS1BdXRvbSVDMyVBMXRpY2EtQmxhbmNvL2RwL0IwOEIxRjZYWlovUjE2UlEzMDhDTlo1Vzc=;SEM;2021-10-14;2021-03-28;;R16RQ308CNZ5W7;;Excelente producto. Buen tamaño para lugares de poco espacio. Muy práctica y muy efectiva. Lava, enguaja, centrifuga al 100%. Estoy encantada.;Excelente producto!;AMAZON;MX;2021-10-14 09:43;DAEWOO;Daewoo DWF-TE161ABW1 Lavadora Automática 10kg color Blanco;https://www.amazon.com.mx/Daewoo-DWF-TE161ABW1-Lavadora-Autom%C3%A1tica-Blanco/dp/B08B1F6XZZ/;WM;5.0 ;https://www.amazon.com.mx/
1627;aHR0cHM6Ly93d3cuYW1hem9uLmNvbS5teC9EYWV3b28tRFdGLVRFMTYxQUJXMS1MYXZhZG9yYS1BdXRvbSVDMyVBMXRpY2EtQmxhbmNvL2RwL0IwOEIxRjZYWlovUkpGQThTNUE5TDIyVQ==;SEM;2021-10-14;2021-03-02;;RJFA8S5A9L22U;;Mi lavadora llego golpeada, con en el embalaje maltratado. Estoy molesta.;Me llego en mal estado producto golpeado y empaque maltratado.;AMAZON;MX;2021-10-14 09:43;DAEWOO;Daewoo DWF-TE161ABW1 Lavadora Automática 10kg color Blanco;https://www.amazon.com.mx/Daewoo-DWF-TE161ABW1-Lavadora-Autom%C3%A1tica-Blanco/dp/B08B1F6XZZ/;WM;1.0 ;https://www.amazon.com.mx/
1628;aHR0cHM6Ly93d3cuYW1hem9uLmNvbS5teC9EYWV3b28tRFdGLVRFMTYxQUJXMS1MYXZhZG9yYS1BdXRvbSVDMyVBMXRpY2EtQmxhbmNvL2RwL0IwOEIxRjZYWlovUjJIOVQ4V0FVTEdZWFo=;SEM;2021-10-14;2020-11-19;;R2H9T8WAULGYXZ;;No pesa mucho por lo que es facil de instalar en departamentos y no consume mucho espacio, muy buenas opciones de lavado;Perfecta para espacios pequeños;AMAZON;MX;2021-10-14 09:43;DAEWOO;Daewoo DWF-TE161ABW1 Lavadora Automática 10kg color Blanco;https://www.amazon.com.mx/Daewoo-DWF-TE161ABW1-Lavadora-Autom%C3%A1tica-Blanco/dp/B08B1F6XZZ/;WM;5.0 ;https://www.amazon.com.mx/
1629;aHR0cHM6Ly93d3cuYW1hem9uLmNvbS5teC9EYWV3b28tRFdGLVRFMTYxQUJXMS1MYXZhZG9yYS1BdXRvbSVDMyVBMXRpY2EtQmxhbmNvL2RwL0IwOEIxRjZYWlovUjNQRzkzRkVRM05JUTc=;SEM;2021-10-14;2020-11-16;;R3PG93FEQ3NIQ7;;Es una lavadora pequeña, para casas o departamentos pequeños, cumple su función a la perfección. Ideal para personas que viven solas o para parejas sin hijos por su capacidad de lavado.;Pequeña pero funcional.;AMAZON;MX;2021-10-14 09:43;DAEWOO;Daewoo DWF-TE161ABW1 Lavadora Automática 10kg color Blanco;https://www.amazon.com.mx/Daewoo-DWF-TE161ABW1-Lavadora-Autom%C3%A1tica-Blanco/dp/B08B1F6XZZ/;WM;5.0 ;https://www.amazon.com.mx/
1630;aHR0cHM6Ly93d3cuYW1hem9uLmNvbS5teC9EYWV3b28tRFdGLVRFMTYxQUJXMS1MYXZhZG9yYS1BdXRvbSVDMyVBMXRpY2EtQmxhbmNvL2RwL0IwOEIxRjZYWlovUjNSS0owM0g3U0pJNVY=;SEM;2021-10-14;2020-10-15;;R3RKJ03H7SJI5V;;Me encanto por lo pequeña que es. La pude instalar yo sola y la amo.;La ame;AMAZON;MX;2021-10-14 09:43;DAEWOO;Daewoo DWF-TE161ABW1 Lavadora Automática 10kg color Blanco;https://www.amazon.com.mx/Daewoo-DWF-TE161ABW1-Lavadora-Autom%C3%A1tica-Blanco/dp/B08B1F6XZZ/;WM;5.0 ;https://www.amazon.com.mx/
1631;aHR0cHM6Ly93d3cuYW1hem9uLmNvbS5teC9MYXZhZG9yYS1NYW51YWwtMTMtR3Jpcy1BcHBsaWFuY2VzL2RwL0IwOTQ4Szg3OEwvUjJBWUo4OUhPWUFCQ0Q=;SEM;2021-10-14;2021-07-30;;R2AYJ89HOYABCD;;ME ENCANTO ES JUSTO LO QUE NECESITABA, UNA LAVADORA PRACTICA, FUERTE Y COMPACTA, MI PEDIDO LLEGO EN LA MISMA SEMANA EN PERFECTAS CONDICIONES Y EL PERSONAL DE PAQUETERIA ME MARCÓ, PARA CONFIRMAR LA ENTREGA;UNA LAVADORA RESISTENTE;AMAZON;MX;2021-10-14 09:44;MABE;Lavadora Manual 13 Kg Gris Ge Appliances;https://www.amazon.com.mx/Lavadora-Manual-13-Gris-Appliances/dp/B0948K878L/;WM;5.0 ;https://www.amazon.com.mx/
1632;aHR0cHM6Ly93d3cubGl2ZXJwb29sLmNvbS5teC90aWVuZGEvcGRwL2NvbWJvLWRlLWxhdmFkb3JhLSUyYi1zZWNhZG9yYS1sZy1jYXJnYS1mcm9udGFsLXdtMjJydjJzNi5kZjIycnYyLzEwNzc1NjM3NTYxMzI3MDEx;SEM;2021-10-15;2021-10-14;;1327011;;;;LIVERPOOL;MX;2021-10-15 05:15;LG;Combo de Lavadora + Secadora LG Carga Frontal WM22RV2S6.DF22RV2;https://www.liverpool.com.mx/tienda/pdp/combo-de-lavadora-%2b-secadora-lg-carga-frontal-wm22rv2s6.df22rv2/1077563756;WM;5;https://www.liverpool.com.mx/
1633;aHR0cHM6Ly93d3cubGl2ZXJwb29sLmNvbS5teC90aWVuZGEvcGRwL2xhdmFkb3JhLXNhbXN1bmctMTcta2ctZ3Jpcy13YTE3dDYyNjBieS9heC8xMDk3NzkzMDgxMTMxNTcwOQ==;SEM;2021-10-15;2021-10-10;;1315709;;;;LIVERPOOL;MX;2021-10-15 05:15;SAMSUNG;Lavadora Samsung 17 kg gris Wa17t6260by/ax;https://www.liverpool.com.mx/tienda/pdp/lavadora-samsung-17-kg-gris-wa17t6260by/ax/1097793081;WM;5;https://www.liverpool.com.mx/
1634;aHR0cHM6Ly93d3cubGl2ZXJwb29sLmNvbS5teC90aWVuZGEvcGRwL2xhdmFkb3JhLW1hYmUtMjQta2ctYXV0b20lQzMlQTF0aWNhLWNhcmdhLXN1cGVyaW9yLWxtYTc0MjE1d2RhYjAvMTEwNDQ4MzU0OTEzMTQ0MDE=;SEM;2021-10-15;2021-10-09;;1314401;;;;LIVERPOOL;MX;2021-10-15 05:26;MABE;Lavadora Mabe 24 kg automática carga superior LMA74215WDAB0;https://www.liverpool.com.mx/tienda/pdp/lavadora-mabe-24-kg-autom%C3%A1tica-carga-superior-lma74215wdab0/1104483549;WM;5;https://www.liverpool.com.mx/
1635;aHR0cHM6Ly93d3cubGl2ZXJwb29sLmNvbS5teC90aWVuZGEvcGRwL2xhdmFkb3JhLW1hYmUtMjAta2ctYXV0b20lQzMlQTF0aWNhLWNhcmdhci1zdXBlcmlvci1sbWE3MDIxNXdiYWIwLzExMDQ1Mzc0OTU5OTE0NTg=;SEM;2021-10-15;2021-05-21;;991458;;;;LIVERPOOL;MX;2021-10-15 05:27;MABE;Lavadora Mabe 20 kg automática cargar superior LMA70215WBAB0;https://www.liverpool.com.mx/tienda/pdp/lavadora-mabe-20-kg-autom%C3%A1tica-cargar-superior-lma70215wbab0/1104537495;WM;4;https://www.liverpool.com.mx/
1636;aHR0cHM6Ly93d3cubGl2ZXJwb29sLmNvbS5teC90aWVuZGEvcGRwL2xhdmFkb3JhLW1hYmUtMjAta2ctYXV0b20lQzMlQTF0aWNhLWNhcmdhci1zdXBlcmlvci1sbWE3MDIxNXdiYWIwLzExMDQ1Mzc0OTUxMzE0NjI2;SEM;2021-10-15;2021-10-09;;1314626;;;;LIVERPOOL;MX;2021-10-15 05:27;MABE;Lavadora Mabe 20 kg automática cargar superior LMA70215WBAB0;https://www.liverpool.com.mx/tienda/pdp/lavadora-mabe-20-kg-autom%C3%A1tica-cargar-superior-lma70215wbab0/1104537495;WM;5;https://www.liverpool.com.mx/
1637;aHR0cHM6Ly93d3cubGl2ZXJwb29sLmNvbS5teC90aWVuZGEvcGRwL2xhdmFkb3JhLW1pZGVhLTE2LWtnLXNlbWlhdXRvbSVDMyVBMXRpY2EtZG9ibGUtY2FyZ2EtbWx0dDE2bTJudWJ3LzExMDc5MjgwNzAxMzI1MDM2;SEM;2021-10-15;2021-10-14;;1325036;;;;LIVERPOOL;MX;2021-10-15 05:29;MIDEA;Lavadora Midea 16 kg semiautomática doble carga MLTT16M2NUBW;https://www.liverpool.com.mx/tienda/pdp/lavadora-midea-16-kg-semiautom%C3%A1tica-doble-carga-mltt16m2nubw/1107928070;WM;5;https://www.liverpool.com.mx/
1638;aHR0cHM6Ly93d3cubGl2ZXJwb29sLmNvbS5teC90aWVuZGEvcGRwL2xhdmFkb3JhLW1hYmUtMjIta2ctYXV0b20lQzMlQTF0aWNhLWNhcmdhLXN1cGVyaW9yLWxtYTcyMjE1d2JhYjAvMTEwNDQ4NDQzMDEzMjUwMzA=;SEM;2021-10-15;2021-10-14;;1325030;;;;LIVERPOOL;MX;2021-10-15 05:37;MABE;Lavadora Mabe 22 kg automática carga superior LMA72215WBAB0;https://www.liverpool.com.mx/tienda/pdp/lavadora-mabe-22-kg-autom%C3%A1tica-carga-superior-lma72215wbab0/1104484430;WM;5;https://www.liverpool.com.mx/
1639;aHR0cHM6Ly93d3cubGl2ZXJwb29sLmNvbS5teC90aWVuZGEvcGRwL2xhdmFkb3JhLW1hYmUtMjIta2ctYXV0b20lQzMlQTF0aWNhLWNhcmdhLXN1cGVyaW9yLWxtYTcyMjE1d2JhYjAvMTEwNDQ4NDQzMDEzMjQwMjU=;SEM;2021-10-15;2021-10-13;;1324025;;;;LIVERPOOL;MX;2021-10-15 05:37;MABE;Lavadora Mabe 22 kg automática carga superior LMA72215WBAB0;https://www.liverpool.com.mx/tienda/pdp/lavadora-mabe-22-kg-autom%C3%A1tica-carga-superior-lma72215wbab0/1104484430;WM;4;https://www.liverpool.com.mx/
1640;aHR0cHM6Ly93d3cubGl2ZXJwb29sLmNvbS5teC90aWVuZGEvcGRwL0xhdmFkb3JhLU1hYmUtMjAta2ctYXV0b20lQzMlQTF0aWNhLWNhcmdhci1zdXBlcmlvci1MTUE3MDIxNVdCQUIwLzExMDQ1Mzc0OTU5OTE0NTg=;SEM;2021-10-15;2021-05-21;;991458;;;;LIVERPOOL;MX;2021-10-15 06:06;MABE;Lavadora Mabe 20 kg automática cargar superior LMA70215WBAB0;https://www.liverpool.com.mx/tienda/pdp/Lavadora-Mabe-20-kg-autom%C3%A1tica-cargar-superior-LMA70215WBAB0/1104537495;WM;4;https://www.liverpool.com.mx/
1641;aHR0cHM6Ly93d3cubGl2ZXJwb29sLmNvbS5teC90aWVuZGEvcGRwL0xhdmFkb3JhLU1hYmUtMjAta2ctYXV0b20lQzMlQTF0aWNhLWNhcmdhci1zdXBlcmlvci1MTUE3MDIxNVdCQUIwLzExMDQ1Mzc0OTUxMzE0NjI2;SEM;2021-10-15;2021-10-09;;1314626;;;;LIVERPOOL;MX;2021-10-15 06:06;MABE;Lavadora Mabe 20 kg automática cargar superior LMA70215WBAB0;https://www.liverpool.com.mx/tienda/pdp/Lavadora-Mabe-20-kg-autom%C3%A1tica-cargar-superior-LMA70215WBAB0/1104537495;WM;5;https://www.liverpool.com.mx/
1642;aHR0cHM6Ly93d3cubGl2ZXJwb29sLmNvbS5teC90aWVuZGEvcGRwL0xhdmFkb3JhLVNhbXN1bmctMTcta2ctZ3Jpcy1XYTE3dDYyNjBieS9heC8xMDk3NzkzMDgxMTMxNTcwOQ==;SEM;2021-10-15;2021-10-10;;1315709;;;;LIVERPOOL;MX;2021-10-15 06:09;SAMSUNG;Lavadora Samsung 17 kg gris Wa17t6260by/ax;https://www.liverpool.com.mx/tienda/pdp/Lavadora-Samsung-17-kg-gris-Wa17t6260by/ax/1097793081;WM;5;https://www.liverpool.com.mx/
1643;aHR0cHM6Ly93d3cubGl2ZXJwb29sLmNvbS5teC90aWVuZGEvcGRwL0xhdmFkb3JhLU1hYmUtMjIta2ctYXV0b20lQzMlQTF0aWNhLWNhcmdhLXN1cGVyaW9yLUxNQTcyMjE1V0JBQjAvMTEwNDQ4NDQzMDEzMjUwMzA=;SEM;2021-10-15;2021-10-14;;1325030;;;;LIVERPOOL;MX;2021-10-15 06:09;MABE;Lavadora Mabe 22 kg automática carga superior LMA72215WBAB0;https://www.liverpool.com.mx/tienda/pdp/Lavadora-Mabe-22-kg-autom%C3%A1tica-carga-superior-LMA72215WBAB0/1104484430;WM;5;https://www.liverpool.com.mx/
1644;aHR0cHM6Ly93d3cubGl2ZXJwb29sLmNvbS5teC90aWVuZGEvcGRwL0xhdmFkb3JhLU1hYmUtMjQta2ctYXV0b20lQzMlQTF0aWNhLWNhcmdhLXN1cGVyaW9yLUxNQTc0MjE1V0RBQjAvMTEwNDQ4MzU0OTEyMjI0Mjg=;SEM;2021-10-15;2021-08-21;;1222428;;;;LIVERPOOL;MX;2021-10-15 06:10;MABE;Lavadora Mabe 24 kg automática carga superior LMA74215WDAB0;https://www.liverpool.com.mx/tienda/pdp/Lavadora-Mabe-24-kg-autom%C3%A1tica-carga-superior-LMA74215WDAB0/1104483549;WM;5;https://www.liverpool.com.mx/
1645;aHR0cHM6Ly93d3cubGl2ZXJwb29sLmNvbS5teC90aWVuZGEvcGRwL0xhdmFkb3JhLU1hYmUtMjQta2ctYXV0b20lQzMlQTF0aWNhLWNhcmdhLXN1cGVyaW9yLUxNQTc0MjE1V0RBQjAvMTEwNDQ4MzU0OTk3Mjk4NQ==;SEM;2021-10-15;2021-05-15;;972985;;;;LIVERPOOL;MX;2021-10-15 06:10;MABE;Lavadora Mabe 24 kg automática carga superior LMA74215WDAB0;https://www.liverpool.com.mx/tienda/pdp/Lavadora-Mabe-24-kg-autom%C3%A1tica-carga-superior-LMA74215WDAB0/1104483549;WM;5;https://www.liverpool.com.mx/
1646;aHR0cHM6Ly93d3cubGl2ZXJwb29sLmNvbS5teC90aWVuZGEvcGRwL0xhdmFkb3JhLU1hYmUtMjQta2ctYXV0b20lQzMlQTF0aWNhLWNhcmdhLXN1cGVyaW9yLUxNQTc0MjE1V0RBQjAvMTEwNDQ4MzU0OTEzMTQ0MDE=;SEM;2021-10-15;2021-10-09;;1314401;;;;LIVERPOOL;MX;2021-10-15 06:10;MABE;Lavadora Mabe 24 kg automática carga superior LMA74215WDAB0;https://www.liverpool.com.mx/tienda/pdp/Lavadora-Mabe-24-kg-autom%C3%A1tica-carga-superior-LMA74215WDAB0/1104483549;WM;5;https://www.liverpool.com.mx/
1647;aHR0cHM6Ly93d3cubGl2ZXJwb29sLmNvbS5teC90aWVuZGEvcGRwL0xhdmFkb3JhLU1hYmUtMjQta2ctYXV0b20lQzMlQTF0aWNhLWNhcmdhLXN1cGVyaW9yLUxNQTc0MjE1V0RBQjAvMTEwNDQ4MzU0OTEyNDc3MzI=;SEM;2021-10-15;2021-09-05;;1247732;;;;LIVERPOOL;MX;2021-10-15 06:10;MABE;Lavadora Mabe 24 kg automática carga superior LMA74215WDAB0;https://www.liverpool.com.mx/tienda/pdp/Lavadora-Mabe-24-kg-autom%C3%A1tica-carga-superior-LMA74215WDAB0/1104483549;WM;5;https://www.liverpool.com.mx/
1648;aHR0cHM6Ly93d3cubGl2ZXJwb29sLmNvbS5teC90aWVuZGEvcGRwL0xhdmFkb3JhLU1hYmUtMjQta2ctYXV0b20lQzMlQTF0aWNhLWNhcmdhLXN1cGVyaW9yLUxNQTc0MjE1V0RBQjAvMTEwNDQ4MzU0OTEyNDkyNzc=;SEM;2021-10-15;2021-09-05;;1249277;;;;LIVERPOOL;MX;2021-10-15 06:10;MABE;Lavadora Mabe 24 kg automática carga superior LMA74215WDAB0;https://www.liverpool.com.mx/tienda/pdp/Lavadora-Mabe-24-kg-autom%C3%A1tica-carga-superior-LMA74215WDAB0/1104483549;WM;5;https://www.liverpool.com.mx/
1649;aHR0cHM6Ly93d3cubGl2ZXJwb29sLmNvbS5teC90aWVuZGEvcGRwL0xhdmFkb3JhLU1hYmUtMjQta2ctYXV0b20lQzMlQTF0aWNhLWNhcmdhLXN1cGVyaW9yLUxNQTc0MjE1V0RBQjAvMTEwNDQ4MzU0OTEyODMyNjM=;SEM;2021-10-15;2021-09-25;;1283263;;;;LIVERPOOL;MX;2021-10-15 06:10;MABE;Lavadora Mabe 24 kg automática carga superior LMA74215WDAB0;https://www.liverpool.com.mx/tienda/pdp/Lavadora-Mabe-24-kg-autom%C3%A1tica-carga-superior-LMA74215WDAB0/1104483549;WM;5;https://www.liverpool.com.mx/
1650;aHR0cHM6Ly93d3cubGl2ZXJwb29sLmNvbS5teC90aWVuZGEvcGRwL0xhdmFkb3JhLU1hYmUtMjQta2ctYXV0b20lQzMlQTF0aWNhLWNhcmdhLXN1cGVyaW9yLUxNQTc0MjE1V0RBQjAvMTEwNDQ4MzU0OTExOTk4MDQ=;SEM;2021-10-15;2021-08-10;;1199804;;;;LIVERPOOL;MX;2021-10-15 06:10;MABE;Lavadora Mabe 24 kg automática carga superior LMA74215WDAB0;https://www.liverpool.com.mx/tienda/pdp/Lavadora-Mabe-24-kg-autom%C3%A1tica-carga-superior-LMA74215WDAB0/1104483549;WM;4;https://www.liverpool.com.mx/
1651;aHR0cHM6Ly93d3cubGl2ZXJwb29sLmNvbS5teC90aWVuZGEvcGRwL0xhdmFkb3JhLU1pZGVhLTE2LWtnLXNlbWlhdXRvbSVDMyVBMXRpY2EtZG9ibGUtY2FyZ2EtTUxUVDE2TTJOVUJXLzExMDc5MjgwNzAxMzI1MDM2;SEM;2021-10-15;2021-10-14;;1325036;;;;LIVERPOOL;MX;2021-10-15 06:11;MIDEA;Lavadora Midea 16 kg semiautomática doble carga MLTT16M2NUBW;https://www.liverpool.com.mx/tienda/pdp/Lavadora-Midea-16-kg-semiautom%C3%A1tica-doble-carga-MLTT16M2NUBW/1107928070;WM;5;https://www.liverpool.com.mx/
1652;aHR0cHM6Ly93d3cubGl2ZXJwb29sLmNvbS5teC90aWVuZGEvcGRwL0NvbWJvLWRlLUxhdmFkb3JhLSstU2VjYWRvcmEtTEctQ2FyZ2EtRnJvbnRhbC1XTTIyUlYyUzYuREYyMlJWMi8xMDc3NTYzNzU2MTMyNzAxMQ==;SEM;2021-10-15;2021-10-14;;1327011;;;;LIVERPOOL;MX;2021-10-15 06:12;LG;Combo de Lavadora + Secadora LG Carga Frontal WM22RV2S6.DF22RV2;https://www.liverpool.com.mx/tienda/pdp/Combo-de-Lavadora-+-Secadora-LG-Carga-Frontal-WM22RV2S6.DF22RV2/1077563756;WM;5;https://www.liverpool.com.mx/
1653;aHR0cHM6Ly93d3cubGl2ZXJwb29sLmNvbS5teC90aWVuZGEvcGRwL0NvbWJvLWRlLUxhdmFkb3JhLSstU2VjYWRvcmEtTWFiZS1ibGFuY28tTE1INzIyMDVTTUc0N044LzEwODY4ODI2MzUxNDI5ODE=;SEM;2021-10-15;2019-12-02;;142981;;;;LIVERPOOL;MX;2021-10-15 06:14;MABE;Combo de Lavadora + Secadora Mabe blanco LMH72205SMG47N8;https://www.liverpool.com.mx/tienda/pdp/Combo-de-Lavadora-+-Secadora-Mabe-blanco-LMH72205SMG47N8/1086882635;WM;5;https://www.liverpool.com.mx/
1654;aHR0cHM6Ly93d3cubGl2ZXJwb29sLmNvbS5teC90aWVuZGEvcGRwL2xhdmFkb3JhLWxnLTE2LjUta2ctd3AxN3dhci8xMTAwMTAyNzUzODE1NjIz;SEM;2021-10-16;2021-02-27;;815623;;;;LIVERPOOL;MX;2021-10-16 05:51;LG;Lavadora LG 16.5 kg WP17WAR;https://www.liverpool.com.mx/tienda/pdp/lavadora-lg-16.5-kg-wp17war/1100102753;WM;5;https://www.liverpool.com.mx/
1655;aHR0cHM6Ly93d3cubGl2ZXJwb29sLmNvbS5teC90aWVuZGEvcGRwL2xhdmFkb3JhLWxnLTE2LjUta2ctd3AxN3dhci8xMTAwMTAyNzUzMTE0NjY1Mw==;SEM;2021-10-16;2021-07-16;;1146653;;;;LIVERPOOL;MX;2021-10-16 05:51;LG;Lavadora LG 16.5 kg WP17WAR;https://www.liverpool.com.mx/tienda/pdp/lavadora-lg-16.5-kg-wp17war/1100102753;WM;5;https://www.liverpool.com.mx/
1656;aHR0cHM6Ly93d3cubGl2ZXJwb29sLmNvbS5teC90aWVuZGEvcGRwL2xhdmFkb3JhLWxnLTE2LjUta2ctd3AxN3dhci8xMTAwMTAyNzUzOTU5NjE2;SEM;2021-10-16;2021-05-10;;959616;;;;LIVERPOOL;MX;2021-10-16 05:51;LG;Lavadora LG 16.5 kg WP17WAR;https://www.liverpool.com.mx/tienda/pdp/lavadora-lg-16.5-kg-wp17war/1100102753;WM;5;https://www.liverpool.com.mx/
1657;aHR0cHM6Ly93d3cubGl2ZXJwb29sLmNvbS5teC90aWVuZGEvcGRwL2xhdmFkb3JhLWxnLTE2LjUta2ctd3AxN3dhci8xMTAwMTAyNzUzODIwMjQ4;SEM;2021-10-16;2021-03-01;;820248;;;;LIVERPOOL;MX;2021-10-16 05:51;LG;Lavadora LG 16.5 kg WP17WAR;https://www.liverpool.com.mx/tienda/pdp/lavadora-lg-16.5-kg-wp17war/1100102753;WM;5;https://www.liverpool.com.mx/
1658;aHR0cHM6Ly93d3cubGl2ZXJwb29sLmNvbS5teC90aWVuZGEvcGRwL2xhdmFkb3JhLWxnLTE2LjUta2ctd3AxN3dhci8xMTAwMTAyNzUzMTA0Nzg0OA==;SEM;2021-10-16;2021-06-09;;1047848;;;;LIVERPOOL;MX;2021-10-16 05:51;LG;Lavadora LG 16.5 kg WP17WAR;https://www.liverpool.com.mx/tienda/pdp/lavadora-lg-16.5-kg-wp17war/1100102753;WM;5;https://www.liverpool.com.mx/
1659;aHR0cHM6Ly93d3cubGl2ZXJwb29sLmNvbS5teC90aWVuZGEvcGRwL2xhdmFkb3JhLWxnLTE2LjUta2ctd3AxN3dhci8xMTAwMTAyNzUzMTAwMDEzMQ==;SEM;2021-10-16;2021-05-24;;1000131;;;;LIVERPOOL;MX;2021-10-16 05:51;LG;Lavadora LG 16.5 kg WP17WAR;https://www.liverpool.com.mx/tienda/pdp/lavadora-lg-16.5-kg-wp17war/1100102753;WM;5;https://www.liverpool.com.mx/
1660;aHR0cHM6Ly93d3cubGl2ZXJwb29sLmNvbS5teC90aWVuZGEvcGRwL2xhdmFkb3JhLWxnLTE2LjUta2ctd3AxN3dhci8xMTAwMTAyNzUzODg2MDc0;SEM;2021-10-16;2021-04-03;;886074;;;;LIVERPOOL;MX;2021-10-16 05:51;LG;Lavadora LG 16.5 kg WP17WAR;https://www.liverpool.com.mx/tienda/pdp/lavadora-lg-16.5-kg-wp17war/1100102753;WM;5;https://www.liverpool.com.mx/
1661;aHR0cHM6Ly93d3cubGl2ZXJwb29sLmNvbS5teC90aWVuZGEvcGRwL2xhdmFkb3JhLWxnLTE2LjUta2ctd3AxN3dhci8xMTAwMTAyNzUzMTA3OTcxMQ==;SEM;2021-10-16;2021-06-19;;1079711;;;;LIVERPOOL;MX;2021-10-16 05:51;LG;Lavadora LG 16.5 kg WP17WAR;https://www.liverpool.com.mx/tienda/pdp/lavadora-lg-16.5-kg-wp17war/1100102753;WM;5;https://www.liverpool.com.mx/
1662;aHR0cHM6Ly93d3cubGl2ZXJwb29sLmNvbS5teC90aWVuZGEvcGRwL2xhdmFkb3JhLWxnLTE2LjUta2ctd3AxN3dhci8xMTAwMTAyNzUzOTA1MDcx;SEM;2021-10-16;2021-04-15;;905071;;;;LIVERPOOL;MX;2021-10-16 05:51;LG;Lavadora LG 16.5 kg WP17WAR;https://www.liverpool.com.mx/tienda/pdp/lavadora-lg-16.5-kg-wp17war/1100102753;WM;5;https://www.liverpool.com.mx/
1663;aHR0cHM6Ly93d3cubGl2ZXJwb29sLmNvbS5teC90aWVuZGEvcGRwL2xhdmFkb3JhLWxnLTE2LjUta2ctd3AxN3dhci8xMTAwMTAyNzUzODMyMjM1;SEM;2021-10-16;2021-03-07;;832235;;;;LIVERPOOL;MX;2021-10-16 05:51;LG;Lavadora LG 16.5 kg WP17WAR;https://www.liverpool.com.mx/tienda/pdp/lavadora-lg-16.5-kg-wp17war/1100102753;WM;5;https://www.liverpool.com.mx/
1664;aHR0cHM6Ly93d3cubGl2ZXJwb29sLmNvbS5teC90aWVuZGEvcGRwL2xhdmFkb3JhLWxnLTE2LjUta2ctd3AxN3dhci8xMTAwMTAyNzUzMTE0NTA5OA==;SEM;2021-10-16;2021-07-15;;1145098;;;;LIVERPOOL;MX;2021-10-16 05:51;LG;Lavadora LG 16.5 kg WP17WAR;https://www.liverpool.com.mx/tienda/pdp/lavadora-lg-16.5-kg-wp17war/1100102753;WM;5;https://www.liverpool.com.mx/
1665;aHR0cHM6Ly93d3cubGl2ZXJwb29sLmNvbS5teC90aWVuZGEvcGRwL2xhdmFkb3JhLWxnLTE2LjUta2ctd3AxN3dhci8xMTAwMTAyNzUzOTQ3MjE2;SEM;2021-10-16;2021-05-07;;947216;;;;LIVERPOOL;MX;2021-10-16 05:51;LG;Lavadora LG 16.5 kg WP17WAR;https://www.liverpool.com.mx/tienda/pdp/lavadora-lg-16.5-kg-wp17war/1100102753;WM;5;https://www.liverpool.com.mx/
1666;aHR0cHM6Ly93d3cubGl2ZXJwb29sLmNvbS5teC90aWVuZGEvcGRwL2xhdmFkb3JhLWxnLTE2LjUta2ctd3AxN3dhci8xMTAwMTAyNzUzMTIyNjA1OQ==;SEM;2021-10-16;2021-08-23;;1226059;;;;LIVERPOOL;MX;2021-10-16 05:51;LG;Lavadora LG 16.5 kg WP17WAR;https://www.liverpool.com.mx/tienda/pdp/lavadora-lg-16.5-kg-wp17war/1100102753;WM;5;https://www.liverpool.com.mx/
1667;aHR0cHM6Ly93d3cubGl2ZXJwb29sLmNvbS5teC90aWVuZGEvcGRwL2xhdmFkb3JhLWxnLTE2LjUta2ctd3AxN3dhci8xMTAwMTAyNzUzMTA3NTgyMA==;SEM;2021-10-16;2021-06-17;;1075820;;;;LIVERPOOL;MX;2021-10-16 05:51;LG;Lavadora LG 16.5 kg WP17WAR;https://www.liverpool.com.mx/tienda/pdp/lavadora-lg-16.5-kg-wp17war/1100102753;WM;5;https://www.liverpool.com.mx/
1668;aHR0cHM6Ly93d3cubGl2ZXJwb29sLmNvbS5teC90aWVuZGEvcGRwL2xhdmFkb3JhLWxnLTE2LjUta2ctd3AxN3dhci8xMTAwMTAyNzUzMTI2MDAzOQ==;SEM;2021-10-16;2021-09-11;;1260039;;;;LIVERPOOL;MX;2021-10-16 05:51;LG;Lavadora LG 16.5 kg WP17WAR;https://www.liverpool.com.mx/tienda/pdp/lavadora-lg-16.5-kg-wp17war/1100102753;WM;5;https://www.liverpool.com.mx/
1669;aHR0cHM6Ly93d3cubGl2ZXJwb29sLmNvbS5teC90aWVuZGEvcGRwL2xhdmFkb3JhLWxnLTE2LjUta2ctd3AxN3dhci8xMTAwMTAyNzUzNzk1NjU2;SEM;2021-10-16;2021-02-19;;795656;;;;LIVERPOOL;MX;2021-10-16 05:51;LG;Lavadora LG 16.5 kg WP17WAR;https://www.liverpool.com.mx/tienda/pdp/lavadora-lg-16.5-kg-wp17war/1100102753;WM;5;https://www.liverpool.com.mx/
1670;aHR0cHM6Ly93d3cubGl2ZXJwb29sLmNvbS5teC90aWVuZGEvcGRwL2xhdmFkb3JhLWxnLTE2LjUta2ctd3AxN3dhci8xMTAwMTAyNzUzMTA2NzM1MQ==;SEM;2021-10-16;2021-06-14;;1067351;;;;LIVERPOOL;MX;2021-10-16 05:51;LG;Lavadora LG 16.5 kg WP17WAR;https://www.liverpool.com.mx/tienda/pdp/lavadora-lg-16.5-kg-wp17war/1100102753;WM;5;https://www.liverpool.com.mx/
1671;aHR0cHM6Ly93d3cubGl2ZXJwb29sLmNvbS5teC90aWVuZGEvcGRwL2xhdmFkb3JhLWxnLTE2LjUta2ctd3AxN3dhci8xMTAwMTAyNzUzMTE4NzQ0Mg==;SEM;2021-10-16;2021-08-05;;1187442;;;;LIVERPOOL;MX;2021-10-16 05:51;LG;Lavadora LG 16.5 kg WP17WAR;https://www.liverpool.com.mx/tienda/pdp/lavadora-lg-16.5-kg-wp17war/1100102753;WM;5;https://www.liverpool.com.mx/
1672;aHR0cHM6Ly93d3cubGl2ZXJwb29sLmNvbS5teC90aWVuZGEvcGRwL2xhdmFkb3JhLWxnLTE2LjUta2ctd3AxN3dhci8xMTAwMTAyNzUzMTEyODU2Mg==;SEM;2021-10-16;2021-07-07;;1128562;;;;LIVERPOOL;MX;2021-10-16 05:51;LG;Lavadora LG 16.5 kg WP17WAR;https://www.liverpool.com.mx/tienda/pdp/lavadora-lg-16.5-kg-wp17war/1100102753;WM;5;https://www.liverpool.com.mx/
1673;aHR0cHM6Ly93d3cubGl2ZXJwb29sLmNvbS5teC90aWVuZGEvcGRwL2xhdmFkb3JhLWxnLTE2LjUta2ctd3AxN3dhci8xMTAwMTAyNzUzMTI3NjA2MA==;SEM;2021-10-16;2021-09-20;;1276060;;;;LIVERPOOL;MX;2021-10-16 05:51;LG;Lavadora LG 16.5 kg WP17WAR;https://www.liverpool.com.mx/tienda/pdp/lavadora-lg-16.5-kg-wp17war/1100102753;WM;5;https://www.liverpool.com.mx/
1674;aHR0cHM6Ly93d3cubGl2ZXJwb29sLmNvbS5teC90aWVuZGEvcGRwL2xhdmFkb3JhLWxnLTE2LjUta2ctd3AxN3dhci8xMTAwMTAyNzUzMTI2OTY4MQ==;SEM;2021-10-16;2021-09-17;;1269681;;;;LIVERPOOL;MX;2021-10-16 05:51;LG;Lavadora LG 16.5 kg WP17WAR;https://www.liverpool.com.mx/tienda/pdp/lavadora-lg-16.5-kg-wp17war/1100102753;WM;5;https://www.liverpool.com.mx/
1675;aHR0cHM6Ly93d3cubGl2ZXJwb29sLmNvbS5teC90aWVuZGEvcGRwL2xhdmFkb3JhLWxnLTE2LjUta2ctd3AxN3dhci8xMTAwMTAyNzUzMTA2NTkzNg==;SEM;2021-10-16;2021-06-14;;1065936;;;;LIVERPOOL;MX;2021-10-16 05:51;LG;Lavadora LG 16.5 kg WP17WAR;https://www.liverpool.com.mx/tienda/pdp/lavadora-lg-16.5-kg-wp17war/1100102753;WM;5;https://www.liverpool.com.mx/
1676;aHR0cHM6Ly93d3cubGl2ZXJwb29sLmNvbS5teC90aWVuZGEvcGRwL2xhdmFkb3JhLWxnLTE2LjUta2ctd3AxN3dhci8xMTAwMTAyNzUzODcwMzc5;SEM;2021-10-16;2021-03-26;;870379;;;;LIVERPOOL;MX;2021-10-16 05:51;LG;Lavadora LG 16.5 kg WP17WAR;https://www.liverpool.com.mx/tienda/pdp/lavadora-lg-16.5-kg-wp17war/1100102753;WM;5;https://www.liverpool.com.mx/
1677;aHR0cHM6Ly93d3cubGl2ZXJwb29sLmNvbS5teC90aWVuZGEvcGRwL2xhdmFkb3JhLWxnLTE2LjUta2ctd3AxN3dhci8xMTAwMTAyNzUzMTE0NzYzMA==;SEM;2021-10-16;2021-07-17;;1147630;;;;LIVERPOOL;MX;2021-10-16 05:51;LG;Lavadora LG 16.5 kg WP17WAR;https://www.liverpool.com.mx/tienda/pdp/lavadora-lg-16.5-kg-wp17war/1100102753;WM;5;https://www.liverpool.com.mx/
1678;aHR0cHM6Ly93d3cubGl2ZXJwb29sLmNvbS5teC90aWVuZGEvcGRwL2xhdmFkb3JhLWxnLTE2LjUta2ctd3AxN3dhci8xMTAwMTAyNzUzMTA2ODM0MA==;SEM;2021-10-16;2021-06-15;;1068340;;;;LIVERPOOL;MX;2021-10-16 05:51;LG;Lavadora LG 16.5 kg WP17WAR;https://www.liverpool.com.mx/tienda/pdp/lavadora-lg-16.5-kg-wp17war/1100102753;WM;4;https://www.liverpool.com.mx/
1679;aHR0cHM6Ly93d3cubGl2ZXJwb29sLmNvbS5teC90aWVuZGEvcGRwL2xhdmFkb3JhLWxnLTE2LjUta2ctd3AxN3dhci8xMTAwMTAyNzUzODIxMzkz;SEM;2021-10-16;2021-03-01;;821393;;;;LIVERPOOL;MX;2021-10-16 05:51;LG;Lavadora LG 16.5 kg WP17WAR;https://www.liverpool.com.mx/tienda/pdp/lavadora-lg-16.5-kg-wp17war/1100102753;WM;4;https://www.liverpool.com.mx/
1680;aHR0cHM6Ly93d3cubGl2ZXJwb29sLmNvbS5teC90aWVuZGEvcGRwL2xhdmFkb3JhLWxnLTE2LjUta2ctd3AxN3dhci8xMTAwMTAyNzUzMTI3NjMyOQ==;SEM;2021-10-16;2021-09-20;;1276329;;;;LIVERPOOL;MX;2021-10-16 05:51;LG;Lavadora LG 16.5 kg WP17WAR;https://www.liverpool.com.mx/tienda/pdp/lavadora-lg-16.5-kg-wp17war/1100102753;WM;4;https://www.liverpool.com.mx/
1681;aHR0cHM6Ly93d3cubGl2ZXJwb29sLmNvbS5teC90aWVuZGEvcGRwL2xhdmFkb3JhLWxnLTE2LjUta2ctd3AxN3dhci8xMTAwMTAyNzUzMTI3MzMyNg==;SEM;2021-10-16;2021-09-19;;1273326;;;;LIVERPOOL;MX;2021-10-16 05:51;LG;Lavadora LG 16.5 kg WP17WAR;https://www.liverpool.com.mx/tienda/pdp/lavadora-lg-16.5-kg-wp17war/1100102753;WM;4;https://www.liverpool.com.mx/
1682;aHR0cHM6Ly93d3cubGl2ZXJwb29sLmNvbS5teC90aWVuZGEvcGRwL2xhdmFkb3JhLWxnLTE2LjUta2ctd3AxN3dhci8xMTAwMTAyNzUzODEwMTQy;SEM;2021-10-16;2021-02-25;;810142;;;;LIVERPOOL;MX;2021-10-16 05:51;LG;Lavadora LG 16.5 kg WP17WAR;https://www.liverpool.com.mx/tienda/pdp/lavadora-lg-16.5-kg-wp17war/1100102753;WM;5;https://www.liverpool.com.mx/
1683;aHR0cHM6Ly93d3cubGl2ZXJwb29sLmNvbS5teC90aWVuZGEvcGRwL2xhdmFkb3JhLWxnLTE2LjUta2ctd3AxN3dhci8xMTAwMTAyNzUzNjQwNzc4;SEM;2021-10-16;2020-11-02;;640778;;;;LIVERPOOL;MX;2021-10-16 05:51;LG;Lavadora LG 16.5 kg WP17WAR;https://www.liverpool.com.mx/tienda/pdp/lavadora-lg-16.5-kg-wp17war/1100102753;WM;4;https://www.liverpool.com.mx/
