;KEY;AP2;COLLECT_DATE;COMMENT_DATE;COMMENT_DISLIKE;COMMENT_ID;COMMENT_LIKE;COMMENT_TEXT;COMMENT_TITLE;COMPANY_NAME;COUNTRY;LAST_CRAWLER_DATE;PROD_BRAND;PROD_DESC;PROD_HREF;PRODUCT_TYPE;RATING_VALUE;SITE
0;aHR0cHM6Ly93d3cubGl2ZXJwb29sLmNvbS5teC90aWVuZGEvcGRwL1BhbnRhbGxhLVRDTC1MRUQtU21hcnQtVFYtZGUtMzItUHVsZ2FkYXMtSEQtMzJBMzQ1LWNvbi1BbmRyb2lkLVRWLzExMDk5OTI5NzIxMjk2Mjcz;SEM;2021-10-08;2021-10-02;;1296273;;;;LIVERPOOL;MX;2021-10-08 03:23;TCL;Pantalla TCL LED Smart TV de 32 Pulgadas HD 32A345 con Android TV;https://www.liverpool.com.mx/tienda/pdp/Pantalla-TCL-LED-Smart-TV-de-32-Pulgadas-HD-32A345-con-Android-TV/1109992972;CE;5;https://www.liverpool.com.mx/
1;aHR0cHM6Ly93d3cubGl2ZXJwb29sLmNvbS5teC90aWVuZGEvcGRwL1BhbnRhbGxhLVNhbXN1bmctTEVELVNtYXJ0LVRWLWRlLTc1LVB1bGdhZGFzLTRLLVVONzVBVTgwMDBGWFpYLzExMDUxNDI4NDIxMDQ0NzU2;SEM;2021-10-08;2021-06-07;;1044756;;;;LIVERPOOL;MX;2021-10-08 03:23;SAMSUNG;Pantalla Samsung LED Smart TV de 75 Pulgadas 4K UN75AU8000FXZX;https://www.liverpool.com.mx/tienda/pdp/Pantalla-Samsung-LED-Smart-TV-de-75-Pulgadas-4K-UN75AU8000FXZX/1105142842;CE;5;https://www.liverpool.com.mx/
2;aHR0cHM6Ly93d3cubGl2ZXJwb29sLmNvbS5teC90aWVuZGEvcGRwL1BhbnRhbGxhLVNhbXN1bmctTEVELVNtYXJ0LVRWLWRlLTc1LVB1bGdhZGFzLTRLLVVONzVBVTgwMDBGWFpYLzExMDUxNDI4NDIxMDEwMjIx;SEM;2021-10-08;2021-05-28;;1010221;;;;LIVERPOOL;MX;2021-10-08 03:23;SAMSUNG;Pantalla Samsung LED Smart TV de 75 Pulgadas 4K UN75AU8000FXZX;https://www.liverpool.com.mx/tienda/pdp/Pantalla-Samsung-LED-Smart-TV-de-75-Pulgadas-4K-UN75AU8000FXZX/1105142842;CE;4;https://www.liverpool.com.mx/
3;aHR0cHM6Ly93d3cubGl2ZXJwb29sLmNvbS5teC90aWVuZGEvcGRwL1BhbnRhbGxhLVNhbXN1bmctTEVELVNtYXJ0LVRWLWRlLTc1LVB1bGdhZGFzLTRLLVVONzVBVTgwMDBGWFpYLzExMDUxNDI4NDIxMDk5NTYz;SEM;2021-10-08;2021-06-26;;1099563;;;;LIVERPOOL;MX;2021-10-08 03:23;SAMSUNG;Pantalla Samsung LED Smart TV de 75 Pulgadas 4K UN75AU8000FXZX;https://www.liverpool.com.mx/tienda/pdp/Pantalla-Samsung-LED-Smart-TV-de-75-Pulgadas-4K-UN75AU8000FXZX/1105142842;CE;5;https://www.liverpool.com.mx/
4;aHR0cHM6Ly93d3cubGl2ZXJwb29sLmNvbS5teC90aWVuZGEvcGRwL1BhbnRhbGxhLVNhbXN1bmctTEVELVNtYXJ0LVRWLWRlLTc1LVB1bGdhZGFzLTRLLVVONzVBVTgwMDBGWFpYLzExMDUxNDI4NDIxMTAyNjU4;SEM;2021-10-08;2021-06-26;;1102658;;;;LIVERPOOL;MX;2021-10-08 03:23;SAMSUNG;Pantalla Samsung LED Smart TV de 75 Pulgadas 4K UN75AU8000FXZX;https://www.liverpool.com.mx/tienda/pdp/Pantalla-Samsung-LED-Smart-TV-de-75-Pulgadas-4K-UN75AU8000FXZX/1105142842;CE;5;https://www.liverpool.com.mx/
5;aHR0cHM6Ly93d3cubGl2ZXJwb29sLmNvbS5teC90aWVuZGEvcGRwL1BhbnRhbGxhLVNhbXN1bmctTEVELVNtYXJ0LVRWLWRlLTc1LVB1bGdhZGFzLTRLLVVONzVBVTgwMDBGWFpYLzExMDUxNDI4NDIxMDg0OTA5;SEM;2021-10-08;2021-06-20;;1084909;;;;LIVERPOOL;MX;2021-10-08 03:23;SAMSUNG;Pantalla Samsung LED Smart TV de 75 Pulgadas 4K UN75AU8000FXZX;https://www.liverpool.com.mx/tienda/pdp/Pantalla-Samsung-LED-Smart-TV-de-75-Pulgadas-4K-UN75AU8000FXZX/1105142842;CE;5;https://www.liverpool.com.mx/
6;aHR0cHM6Ly93d3cubGl2ZXJwb29sLmNvbS5teC90aWVuZGEvcGRwL1BhbnRhbGxhLVNhbXN1bmctTEVELVNtYXJ0LVRWLWRlLTc1LVB1bGdhZGFzLTRLLVVONzVBVTgwMDBGWFpYLzExMDUxNDI4NDIxMDg1MTc0;SEM;2021-10-08;2021-06-20;;1085174;;;;LIVERPOOL;MX;2021-10-08 03:23;SAMSUNG;Pantalla Samsung LED Smart TV de 75 Pulgadas 4K UN75AU8000FXZX;https://www.liverpool.com.mx/tienda/pdp/Pantalla-Samsung-LED-Smart-TV-de-75-Pulgadas-4K-UN75AU8000FXZX/1105142842;CE;5;https://www.liverpool.com.mx/
7;aHR0cHM6Ly93d3cubGl2ZXJwb29sLmNvbS5teC90aWVuZGEvcGRwL1BhbnRhbGxhLVNhbXN1bmctTEVELVNtYXJ0LVRWLWRlLTc1LVB1bGdhZGFzLTRLLVVONzVBVTgwMDBGWFpYLzExMDUxNDI4NDIxMjY5NTI1;SEM;2021-10-08;2021-09-17;;1269525;;;;LIVERPOOL;MX;2021-10-08 03:23;SAMSUNG;Pantalla Samsung LED Smart TV de 75 Pulgadas 4K UN75AU8000FXZX;https://www.liverpool.com.mx/tienda/pdp/Pantalla-Samsung-LED-Smart-TV-de-75-Pulgadas-4K-UN75AU8000FXZX/1105142842;CE;5;https://www.liverpool.com.mx/
8;aHR0cHM6Ly93d3cubGl2ZXJwb29sLmNvbS5teC90aWVuZGEvcGRwL1BhbnRhbGxhLVNhbXN1bmctTEVELVNtYXJ0LVRWLWRlLTc1LVB1bGdhZGFzLTRLLVVONzVBVTgwMDBGWFpYLzExMDUxNDI4NDIxMTA2Nzc0;SEM;2021-10-08;2021-06-28;;1106774;;;;LIVERPOOL;MX;2021-10-08 03:23;SAMSUNG;Pantalla Samsung LED Smart TV de 75 Pulgadas 4K UN75AU8000FXZX;https://www.liverpool.com.mx/tienda/pdp/Pantalla-Samsung-LED-Smart-TV-de-75-Pulgadas-4K-UN75AU8000FXZX/1105142842;CE;5;https://www.liverpool.com.mx/
9;aHR0cHM6Ly93d3cubGl2ZXJwb29sLmNvbS5teC90aWVuZGEvcGRwL1BhbnRhbGxhLVNhbXN1bmctTEVELVNtYXJ0LVRWLWRlLTc1LVB1bGdhZGFzLTRLLVVONzVBVTgwMDBGWFpYLzExMDUxNDI4NDIxMjUxOTQ1;SEM;2021-10-08;2021-09-06;;1251945;;;;LIVERPOOL;MX;2021-10-08 03:23;SAMSUNG;Pantalla Samsung LED Smart TV de 75 Pulgadas 4K UN75AU8000FXZX;https://www.liverpool.com.mx/tienda/pdp/Pantalla-Samsung-LED-Smart-TV-de-75-Pulgadas-4K-UN75AU8000FXZX/1105142842;CE;5;https://www.liverpool.com.mx/
10;aHR0cHM6Ly93d3cubGl2ZXJwb29sLmNvbS5teC90aWVuZGEvcGRwL1BhbnRhbGxhLVNhbXN1bmctTEVELVNtYXJ0LVRWLWRlLTc1LVB1bGdhZGFzLTRLLVVONzVBVTgwMDBGWFpYLzExMDUxNDI4NDIxMDI0NDE2;SEM;2021-10-08;2021-06-02;;1024416;;;;LIVERPOOL;MX;2021-10-08 03:23;SAMSUNG;Pantalla Samsung LED Smart TV de 75 Pulgadas 4K UN75AU8000FXZX;https://www.liverpool.com.mx/tienda/pdp/Pantalla-Samsung-LED-Smart-TV-de-75-Pulgadas-4K-UN75AU8000FXZX/1105142842;CE;5;https://www.liverpool.com.mx/
11;aHR0cHM6Ly93d3cubGl2ZXJwb29sLmNvbS5teC90aWVuZGEvcGRwL1BhbnRhbGxhLVNhbXN1bmctTEVELVNtYXJ0LVRWLWRlLTc1LVB1bGdhZGFzLTRLLVVONzVBVTgwMDBGWFpYLzExMDUxNDI4NDIxMTIwNDQ2;SEM;2021-10-08;2021-07-03;;1120446;;;;LIVERPOOL;MX;2021-10-08 03:23;SAMSUNG;Pantalla Samsung LED Smart TV de 75 Pulgadas 4K UN75AU8000FXZX;https://www.liverpool.com.mx/tienda/pdp/Pantalla-Samsung-LED-Smart-TV-de-75-Pulgadas-4K-UN75AU8000FXZX/1105142842;CE;5;https://www.liverpool.com.mx/
12;aHR0cHM6Ly93d3cubGl2ZXJwb29sLmNvbS5teC90aWVuZGEvcGRwL1BhbnRhbGxhLVNhbXN1bmctTEVELVNtYXJ0LVRWLWRlLTc1LVB1bGdhZGFzLTRLLVVONzVBVTgwMDBGWFpYLzExMDUxNDI4NDIxMjY2NjQ0;SEM;2021-10-08;2021-09-15;;1266644;;;;LIVERPOOL;MX;2021-10-08 03:23;SAMSUNG;Pantalla Samsung LED Smart TV de 75 Pulgadas 4K UN75AU8000FXZX;https://www.liverpool.com.mx/tienda/pdp/Pantalla-Samsung-LED-Smart-TV-de-75-Pulgadas-4K-UN75AU8000FXZX/1105142842;CE;5;https://www.liverpool.com.mx/
13;aHR0cHM6Ly93d3cubGl2ZXJwb29sLmNvbS5teC90aWVuZGEvcGRwL1BhbnRhbGxhLVNhbXN1bmctTEVELVNtYXJ0LVRWLWRlLTc1LVB1bGdhZGFzLTRLLVVONzVBVTgwMDBGWFpYLzExMDUxNDI4NDIxMTA2MTUx;SEM;2021-10-08;2021-06-27;;1106151;;;;LIVERPOOL;MX;2021-10-08 03:23;SAMSUNG;Pantalla Samsung LED Smart TV de 75 Pulgadas 4K UN75AU8000FXZX;https://www.liverpool.com.mx/tienda/pdp/Pantalla-Samsung-LED-Smart-TV-de-75-Pulgadas-4K-UN75AU8000FXZX/1105142842;CE;5;https://www.liverpool.com.mx/
14;aHR0cHM6Ly93d3cubGl2ZXJwb29sLmNvbS5teC90aWVuZGEvcGRwL1BhbnRhbGxhLVNhbXN1bmctTEVELVNtYXJ0LVRWLWRlLTc1LVB1bGdhZGFzLTRLLVVONzVBVTgwMDBGWFpYLzExMDUxNDI4NDIxMDU1Mzk2;SEM;2021-10-08;2021-06-11;;1055396;;;;LIVERPOOL;MX;2021-10-08 03:23;SAMSUNG;Pantalla Samsung LED Smart TV de 75 Pulgadas 4K UN75AU8000FXZX;https://www.liverpool.com.mx/tienda/pdp/Pantalla-Samsung-LED-Smart-TV-de-75-Pulgadas-4K-UN75AU8000FXZX/1105142842;CE;4;https://www.liverpool.com.mx/
15;aHR0cHM6Ly93d3cubGl2ZXJwb29sLmNvbS5teC90aWVuZGEvcGRwL1BhbnRhbGxhLVNhbXN1bmctTEVELVNtYXJ0LVRWLWRlLTc1LVB1bGdhZGFzLTRLLVVONzVBVTgwMDBGWFpYLzExMDUxNDI4NDIxMTc4NjI3;SEM;2021-10-08;2021-08-01;;1178627;;;;LIVERPOOL;MX;2021-10-08 03:23;SAMSUNG;Pantalla Samsung LED Smart TV de 75 Pulgadas 4K UN75AU8000FXZX;https://www.liverpool.com.mx/tienda/pdp/Pantalla-Samsung-LED-Smart-TV-de-75-Pulgadas-4K-UN75AU8000FXZX/1105142842;CE;5;https://www.liverpool.com.mx/
16;aHR0cHM6Ly93d3cubGl2ZXJwb29sLmNvbS5teC90aWVuZGEvcGRwL1BhbnRhbGxhLVNhbXN1bmctTEVELVNtYXJ0LVRWLWRlLTc1LVB1bGdhZGFzLTRLLVVONzVBVTgwMDBGWFpYLzExMDUxNDI4NDIxMDM0NTcw;SEM;2021-10-08;2021-06-05;;1034570;;;;LIVERPOOL;MX;2021-10-08 03:23;SAMSUNG;Pantalla Samsung LED Smart TV de 75 Pulgadas 4K UN75AU8000FXZX;https://www.liverpool.com.mx/tienda/pdp/Pantalla-Samsung-LED-Smart-TV-de-75-Pulgadas-4K-UN75AU8000FXZX/1105142842;CE;5;https://www.liverpool.com.mx/
17;aHR0cHM6Ly93d3cubGl2ZXJwb29sLmNvbS5teC90aWVuZGEvcGRwL1BhbnRhbGxhLVNhbXN1bmctTEVELVNtYXJ0LVRWLWRlLTc1LVB1bGdhZGFzLTRLLVVONzVBVTgwMDBGWFpYLzExMDUxNDI4NDIxMDUxNzYz;SEM;2021-10-08;2021-06-10;;1051763;;;;LIVERPOOL;MX;2021-10-08 03:23;SAMSUNG;Pantalla Samsung LED Smart TV de 75 Pulgadas 4K UN75AU8000FXZX;https://www.liverpool.com.mx/tienda/pdp/Pantalla-Samsung-LED-Smart-TV-de-75-Pulgadas-4K-UN75AU8000FXZX/1105142842;CE;5;https://www.liverpool.com.mx/
18;aHR0cHM6Ly93d3cubGl2ZXJwb29sLmNvbS5teC90aWVuZGEvcGRwL1BhbnRhbGxhLVNhbXN1bmctTEVELVNtYXJ0LVRWLWRlLTc1LVB1bGdhZGFzLTRLLVVONzVBVTgwMDBGWFpYLzExMDUxNDI4NDIxMTg1NDE3;SEM;2021-10-08;2021-08-04;;1185417;;;;LIVERPOOL;MX;2021-10-08 03:23;SAMSUNG;Pantalla Samsung LED Smart TV de 75 Pulgadas 4K UN75AU8000FXZX;https://www.liverpool.com.mx/tienda/pdp/Pantalla-Samsung-LED-Smart-TV-de-75-Pulgadas-4K-UN75AU8000FXZX/1105142842;CE;5;https://www.liverpool.com.mx/
19;aHR0cHM6Ly93d3cubGl2ZXJwb29sLmNvbS5teC90aWVuZGEvcGRwL1BhbnRhbGxhLVNhbXN1bmctTEVELVNtYXJ0LVRWLWRlLTc1LVB1bGdhZGFzLTRLLVVONzVBVTgwMDBGWFpYLzExMDUxNDI4NDIxMDExMDI0;SEM;2021-10-08;2021-05-29;;1011024;;;;LIVERPOOL;MX;2021-10-08 03:23;SAMSUNG;Pantalla Samsung LED Smart TV de 75 Pulgadas 4K UN75AU8000FXZX;https://www.liverpool.com.mx/tienda/pdp/Pantalla-Samsung-LED-Smart-TV-de-75-Pulgadas-4K-UN75AU8000FXZX/1105142842;CE;5;https://www.liverpool.com.mx/
20;aHR0cHM6Ly93d3cubGl2ZXJwb29sLmNvbS5teC90aWVuZGEvcGRwL1BhbnRhbGxhLVNhbXN1bmctTEVELVNtYXJ0LVRWLWRlLTc1LVB1bGdhZGFzLTRLLVVONzVBVTgwMDBGWFpYLzExMDUxNDI4NDIxMDE4MTU4;SEM;2021-10-08;2021-05-31;;1018158;;;;LIVERPOOL;MX;2021-10-08 03:23;SAMSUNG;Pantalla Samsung LED Smart TV de 75 Pulgadas 4K UN75AU8000FXZX;https://www.liverpool.com.mx/tienda/pdp/Pantalla-Samsung-LED-Smart-TV-de-75-Pulgadas-4K-UN75AU8000FXZX/1105142842;CE;5;https://www.liverpool.com.mx/
21;aHR0cHM6Ly93d3cubGl2ZXJwb29sLmNvbS5teC90aWVuZGEvcGRwL1BhbnRhbGxhLVNhbXN1bmctTEVELVNtYXJ0LVRWLWRlLTc1LVB1bGdhZGFzLTRLLVVONzVBVTgwMDBGWFpYLzExMDUxNDI4NDIxMDMxMTU2;SEM;2021-10-08;2021-06-04;;1031156;;;;LIVERPOOL;MX;2021-10-08 03:23;SAMSUNG;Pantalla Samsung LED Smart TV de 75 Pulgadas 4K UN75AU8000FXZX;https://www.liverpool.com.mx/tienda/pdp/Pantalla-Samsung-LED-Smart-TV-de-75-Pulgadas-4K-UN75AU8000FXZX/1105142842;CE;5;https://www.liverpool.com.mx/
22;aHR0cHM6Ly93d3cubGl2ZXJwb29sLmNvbS5teC90aWVuZGEvcGRwL1BhbnRhbGxhLUhpc2Vuc2UtTEVELVNtYXJ0LVRWLWRlLTQzLXB1bGdhZGFzLU1vZGVsby00M0E2Ry8xMTA0MzI2MjQ5ODk2MjIz;SEM;2021-10-08;2021-04-10;;896223;;;;LIVERPOOL;MX;2021-10-08 03:23;HISENSE;Pantalla Hisense LED Smart TV de 43 pulgadas Modelo 43A6G;https://www.liverpool.com.mx/tienda/pdp/Pantalla-Hisense-LED-Smart-TV-de-43-pulgadas-Modelo-43A6G/1104326249;CE;5;https://www.liverpool.com.mx/
23;aHR0cHM6Ly93d3cubGl2ZXJwb29sLmNvbS5teC90aWVuZGEvcGRwL1BhbnRhbGxhLUhpc2Vuc2UtTEVELVNtYXJ0LVRWLWRlLTQzLXB1bGdhZGFzLU1vZGVsby00M0E2Ry8xMTA0MzI2MjQ5OTAwOTU4;SEM;2021-10-08;2021-04-12;;900958;;;;LIVERPOOL;MX;2021-10-08 03:23;HISENSE;Pantalla Hisense LED Smart TV de 43 pulgadas Modelo 43A6G;https://www.liverpool.com.mx/tienda/pdp/Pantalla-Hisense-LED-Smart-TV-de-43-pulgadas-Modelo-43A6G/1104326249;CE;5;https://www.liverpool.com.mx/
24;aHR0cHM6Ly93d3cubGl2ZXJwb29sLmNvbS5teC90aWVuZGEvcGRwL1BhbnRhbGxhLUhpc2Vuc2UtTEVELVNtYXJ0LVRWLWRlLTQzLXB1bGdhZGFzLU1vZGVsby00M0E2Ry8xMTA0MzI2MjQ5OTI2NTM4;SEM;2021-10-08;2021-04-29;;926538;;;;LIVERPOOL;MX;2021-10-08 03:23;HISENSE;Pantalla Hisense LED Smart TV de 43 pulgadas Modelo 43A6G;https://www.liverpool.com.mx/tienda/pdp/Pantalla-Hisense-LED-Smart-TV-de-43-pulgadas-Modelo-43A6G/1104326249;CE;5;https://www.liverpool.com.mx/
25;aHR0cHM6Ly93d3cubGl2ZXJwb29sLmNvbS5teC90aWVuZGEvcGRwL1BhbnRhbGxhLUhpc2Vuc2UtTEVELVNtYXJ0LVRWLWRlLTQzLXB1bGdhZGFzLU1vZGVsby00M0E2Ry8xMTA0MzI2MjQ5MTAwNDY2Ng==;SEM;2021-10-08;2021-05-26;;1004666;;;;LIVERPOOL;MX;2021-10-08 03:23;HISENSE;Pantalla Hisense LED Smart TV de 43 pulgadas Modelo 43A6G;https://www.liverpool.com.mx/tienda/pdp/Pantalla-Hisense-LED-Smart-TV-de-43-pulgadas-Modelo-43A6G/1104326249;CE;5;https://www.liverpool.com.mx/
26;aHR0cHM6Ly93d3cubGl2ZXJwb29sLmNvbS5teC90aWVuZGEvcGRwL1BhbnRhbGxhLUhpc2Vuc2UtTEVELVNtYXJ0LVRWLWRlLTQzLXB1bGdhZGFzLU1vZGVsby00M0E2Ry8xMTA0MzI2MjQ5MTIzMDQ1OQ==;SEM;2021-10-08;2021-08-26;;1230459;;;;LIVERPOOL;MX;2021-10-08 03:23;HISENSE;Pantalla Hisense LED Smart TV de 43 pulgadas Modelo 43A6G;https://www.liverpool.com.mx/tienda/pdp/Pantalla-Hisense-LED-Smart-TV-de-43-pulgadas-Modelo-43A6G/1104326249;CE;5;https://www.liverpool.com.mx/
27;aHR0cHM6Ly93d3cubGl2ZXJwb29sLmNvbS5teC90aWVuZGEvcGRwL1BhbnRhbGxhLUhpc2Vuc2UtTEVELVNtYXJ0LVRWLWRlLTQzLXB1bGdhZGFzLU1vZGVsby00M0E2Ry8xMTA0MzI2MjQ5MTExMzUzOA==;SEM;2021-10-08;2021-06-30;;1113538;;;;LIVERPOOL;MX;2021-10-08 03:23;HISENSE;Pantalla Hisense LED Smart TV de 43 pulgadas Modelo 43A6G;https://www.liverpool.com.mx/tienda/pdp/Pantalla-Hisense-LED-Smart-TV-de-43-pulgadas-Modelo-43A6G/1104326249;CE;5;https://www.liverpool.com.mx/
28;aHR0cHM6Ly93d3cubGl2ZXJwb29sLmNvbS5teC90aWVuZGEvcGRwL1BhbnRhbGxhLUhpc2Vuc2UtTEVELVNtYXJ0LVRWLWRlLTQzLXB1bGdhZGFzLU1vZGVsby00M0E2Ry8xMTA0MzI2MjQ5MTE4OTg5NA==;SEM;2021-10-08;2021-08-06;;1189894;;;;LIVERPOOL;MX;2021-10-08 03:23;HISENSE;Pantalla Hisense LED Smart TV de 43 pulgadas Modelo 43A6G;https://www.liverpool.com.mx/tienda/pdp/Pantalla-Hisense-LED-Smart-TV-de-43-pulgadas-Modelo-43A6G/1104326249;CE;5;https://www.liverpool.com.mx/
29;aHR0cHM6Ly93d3cubGl2ZXJwb29sLmNvbS5teC90aWVuZGEvcGRwL1BhbnRhbGxhLUhpc2Vuc2UtTEVELVNtYXJ0LVRWLWRlLTQzLXB1bGdhZGFzLU1vZGVsby00M0E2Ry8xMTA0MzI2MjQ5MTMwMTAwMA==;SEM;2021-10-08;2021-10-04;;1301000;;;;LIVERPOOL;MX;2021-10-08 03:23;HISENSE;Pantalla Hisense LED Smart TV de 43 pulgadas Modelo 43A6G;https://www.liverpool.com.mx/tienda/pdp/Pantalla-Hisense-LED-Smart-TV-de-43-pulgadas-Modelo-43A6G/1104326249;CE;5;https://www.liverpool.com.mx/
30;aHR0cHM6Ly93d3cubGl2ZXJwb29sLmNvbS5teC90aWVuZGEvcGRwL1BhbnRhbGxhLUhpc2Vuc2UtTEVELVNtYXJ0LVRWLWRlLTQzLXB1bGdhZGFzLU1vZGVsby00M0E2Ry8xMTA0MzI2MjQ5MTIxNjc3OQ==;SEM;2021-10-08;2021-08-18;;1216779;;;;LIVERPOOL;MX;2021-10-08 03:23;HISENSE;Pantalla Hisense LED Smart TV de 43 pulgadas Modelo 43A6G;https://www.liverpool.com.mx/tienda/pdp/Pantalla-Hisense-LED-Smart-TV-de-43-pulgadas-Modelo-43A6G/1104326249;CE;5;https://www.liverpool.com.mx/
31;aHR0cHM6Ly93d3cubGl2ZXJwb29sLmNvbS5teC90aWVuZGEvcGRwL1BhbnRhbGxhLUhpc2Vuc2UtTEVELVNtYXJ0LVRWLWRlLTQzLXB1bGdhZGFzLU1vZGVsby00M0E2Ry8xMTA0MzI2MjQ5MTIxNTUxMQ==;SEM;2021-10-08;2021-08-18;;1215511;;;;LIVERPOOL;MX;2021-10-08 03:23;HISENSE;Pantalla Hisense LED Smart TV de 43 pulgadas Modelo 43A6G;https://www.liverpool.com.mx/tienda/pdp/Pantalla-Hisense-LED-Smart-TV-de-43-pulgadas-Modelo-43A6G/1104326249;CE;5;https://www.liverpool.com.mx/
32;aHR0cHM6Ly93d3cubGl2ZXJwb29sLmNvbS5teC90aWVuZGEvcGRwL1BhbnRhbGxhLUhpc2Vuc2UtTEVELVNtYXJ0LVRWLWRlLTQzLXB1bGdhZGFzLU1vZGVsby00M0E2Ry8xMTA0MzI2MjQ5MTIwNjMwMg==;SEM;2021-10-08;2021-08-13;;1206302;;;;LIVERPOOL;MX;2021-10-08 03:23;HISENSE;Pantalla Hisense LED Smart TV de 43 pulgadas Modelo 43A6G;https://www.liverpool.com.mx/tienda/pdp/Pantalla-Hisense-LED-Smart-TV-de-43-pulgadas-Modelo-43A6G/1104326249;CE;5;https://www.liverpool.com.mx/
33;aHR0cHM6Ly93d3cubGl2ZXJwb29sLmNvbS5teC90aWVuZGEvcGRwL1BhbnRhbGxhLUhpc2Vuc2UtTEVELVNtYXJ0LVRWLWRlLTQzLXB1bGdhZGFzLU1vZGVsby00M0E2Ry8xMTA0MzI2MjQ5MTE1NDYxNA==;SEM;2021-10-08;2021-07-20;;1154614;;;;LIVERPOOL;MX;2021-10-08 03:23;HISENSE;Pantalla Hisense LED Smart TV de 43 pulgadas Modelo 43A6G;https://www.liverpool.com.mx/tienda/pdp/Pantalla-Hisense-LED-Smart-TV-de-43-pulgadas-Modelo-43A6G/1104326249;CE;5;https://www.liverpool.com.mx/
34;aHR0cHM6Ly93d3cubGl2ZXJwb29sLmNvbS5teC90aWVuZGEvcGRwL1BhbnRhbGxhLUhpc2Vuc2UtTEVELVNtYXJ0LVRWLWRlLTQzLXB1bGdhZGFzLU1vZGVsby00M0E2Ry8xMTA0MzI2MjQ5MTMwNTIwMA==;SEM;2021-10-08;2021-10-06;;1305200;;;;LIVERPOOL;MX;2021-10-08 03:23;HISENSE;Pantalla Hisense LED Smart TV de 43 pulgadas Modelo 43A6G;https://www.liverpool.com.mx/tienda/pdp/Pantalla-Hisense-LED-Smart-TV-de-43-pulgadas-Modelo-43A6G/1104326249;CE;5;https://www.liverpool.com.mx/
35;aHR0cHM6Ly93d3cubGl2ZXJwb29sLmNvbS5teC90aWVuZGEvcGRwL1BhbnRhbGxhLUhpc2Vuc2UtTEVELVNtYXJ0LVRWLWRlLTQzLXB1bGdhZGFzLU1vZGVsby00M0E2Ry8xMTA0MzI2MjQ5OTU0NTA0;SEM;2021-10-08;2021-05-09;;954504;;;;LIVERPOOL;MX;2021-10-08 03:23;HISENSE;Pantalla Hisense LED Smart TV de 43 pulgadas Modelo 43A6G;https://www.liverpool.com.mx/tienda/pdp/Pantalla-Hisense-LED-Smart-TV-de-43-pulgadas-Modelo-43A6G/1104326249;CE;5;https://www.liverpool.com.mx/
36;aHR0cHM6Ly93d3cubGl2ZXJwb29sLmNvbS5teC90aWVuZGEvcGRwL1BhbnRhbGxhLUhpc2Vuc2UtTEVELVNtYXJ0LVRWLWRlLTQzLXB1bGdhZGFzLU1vZGVsby00M0E2Ry8xMTA0MzI2MjQ5MTE4ODgyNg==;SEM;2021-10-08;2021-08-06;;1188826;;;;LIVERPOOL;MX;2021-10-08 03:23;HISENSE;Pantalla Hisense LED Smart TV de 43 pulgadas Modelo 43A6G;https://www.liverpool.com.mx/tienda/pdp/Pantalla-Hisense-LED-Smart-TV-de-43-pulgadas-Modelo-43A6G/1104326249;CE;5;https://www.liverpool.com.mx/
37;aHR0cHM6Ly93d3cubGl2ZXJwb29sLmNvbS5teC90aWVuZGEvcGRwL1BhbnRhbGxhLUhpc2Vuc2UtTEVELVNtYXJ0LVRWLWRlLTQzLXB1bGdhZGFzLU1vZGVsby00M0E2Ry8xMTA0MzI2MjQ5MTMwMTIxMQ==;SEM;2021-10-08;2021-10-04;;1301211;;;;LIVERPOOL;MX;2021-10-08 03:23;HISENSE;Pantalla Hisense LED Smart TV de 43 pulgadas Modelo 43A6G;https://www.liverpool.com.mx/tienda/pdp/Pantalla-Hisense-LED-Smart-TV-de-43-pulgadas-Modelo-43A6G/1104326249;CE;5;https://www.liverpool.com.mx/
38;aHR0cHM6Ly93d3cubGl2ZXJwb29sLmNvbS5teC90aWVuZGEvcGRwL1BhbnRhbGxhLUhpc2Vuc2UtTEVELVNtYXJ0LVRWLWRlLTQzLXB1bGdhZGFzLU1vZGVsby00M0E2Ry8xMTA0MzI2MjQ5MTA3MjM1NA==;SEM;2021-10-08;2021-06-16;;1072354;;;;LIVERPOOL;MX;2021-10-08 03:23;HISENSE;Pantalla Hisense LED Smart TV de 43 pulgadas Modelo 43A6G;https://www.liverpool.com.mx/tienda/pdp/Pantalla-Hisense-LED-Smart-TV-de-43-pulgadas-Modelo-43A6G/1104326249;CE;5;https://www.liverpool.com.mx/
39;aHR0cHM6Ly93d3cubGl2ZXJwb29sLmNvbS5teC90aWVuZGEvcGRwL1BhbnRhbGxhLUhpc2Vuc2UtTEVELVNtYXJ0LVRWLWRlLTQzLXB1bGdhZGFzLU1vZGVsby00M0E2Ry8xMTA0MzI2MjQ5MTE3Mjk3Ng==;SEM;2021-10-08;2021-07-29;;1172976;;;;LIVERPOOL;MX;2021-10-08 03:23;HISENSE;Pantalla Hisense LED Smart TV de 43 pulgadas Modelo 43A6G;https://www.liverpool.com.mx/tienda/pdp/Pantalla-Hisense-LED-Smart-TV-de-43-pulgadas-Modelo-43A6G/1104326249;CE;5;https://www.liverpool.com.mx/
40;aHR0cHM6Ly93d3cubGl2ZXJwb29sLmNvbS5teC90aWVuZGEvcGRwL1BhbnRhbGxhLUhpc2Vuc2UtTEVELVNtYXJ0LVRWLWRlLTQzLXB1bGdhZGFzLU1vZGVsby00M0E2Ry8xMTA0MzI2MjQ5MTMwMTc1Mw==;SEM;2021-10-08;2021-10-04;;1301753;;;;LIVERPOOL;MX;2021-10-08 03:23;HISENSE;Pantalla Hisense LED Smart TV de 43 pulgadas Modelo 43A6G;https://www.liverpool.com.mx/tienda/pdp/Pantalla-Hisense-LED-Smart-TV-de-43-pulgadas-Modelo-43A6G/1104326249;CE;5;https://www.liverpool.com.mx/
41;aHR0cHM6Ly93d3cubGl2ZXJwb29sLmNvbS5teC90aWVuZGEvcGRwL1BhbnRhbGxhLUhpc2Vuc2UtTEVELVNtYXJ0LVRWLWRlLTQzLXB1bGdhZGFzLU1vZGVsby00M0E2Ry8xMTA0MzI2MjQ5MTAzOTYxMg==;SEM;2021-10-08;2021-06-06;;1039612;;;;LIVERPOOL;MX;2021-10-08 03:23;HISENSE;Pantalla Hisense LED Smart TV de 43 pulgadas Modelo 43A6G;https://www.liverpool.com.mx/tienda/pdp/Pantalla-Hisense-LED-Smart-TV-de-43-pulgadas-Modelo-43A6G/1104326249;CE;5;https://www.liverpool.com.mx/
42;aHR0cHM6Ly93d3cubGl2ZXJwb29sLmNvbS5teC90aWVuZGEvcGRwL1BhbnRhbGxhLUhpc2Vuc2UtTEVELVNtYXJ0LVRWLWRlLTQzLXB1bGdhZGFzLU1vZGVsby00M0E2Ry8xMTA0MzI2MjQ5MTE0MjI4MA==;SEM;2021-10-08;2021-07-14;;1142280;;;;LIVERPOOL;MX;2021-10-08 03:23;HISENSE;Pantalla Hisense LED Smart TV de 43 pulgadas Modelo 43A6G;https://www.liverpool.com.mx/tienda/pdp/Pantalla-Hisense-LED-Smart-TV-de-43-pulgadas-Modelo-43A6G/1104326249;CE;4;https://www.liverpool.com.mx/
43;aHR0cHM6Ly93d3cubGl2ZXJwb29sLmNvbS5teC90aWVuZGEvcGRwL1BhbnRhbGxhLUhpc2Vuc2UtTEVELVNtYXJ0LVRWLWRlLTQzLXB1bGdhZGFzLU1vZGVsby00M0E2Ry8xMTA0MzI2MjQ5MTE1NTQzNw==;SEM;2021-10-08;2021-07-21;;1155437;;;;LIVERPOOL;MX;2021-10-08 03:23;HISENSE;Pantalla Hisense LED Smart TV de 43 pulgadas Modelo 43A6G;https://www.liverpool.com.mx/tienda/pdp/Pantalla-Hisense-LED-Smart-TV-de-43-pulgadas-Modelo-43A6G/1104326249;CE;4;https://www.liverpool.com.mx/
44;aHR0cHM6Ly93d3cubGl2ZXJwb29sLmNvbS5teC90aWVuZGEvcGRwL1BhbnRhbGxhLUhpc2Vuc2UtTEVELVNtYXJ0LVRWLWRlLTQzLXB1bGdhZGFzLU1vZGVsby00M0E2Ry8xMTA0MzI2MjQ5MTIzODE1NA==;SEM;2021-10-08;2021-08-30;;1238154;;;;LIVERPOOL;MX;2021-10-08 03:23;HISENSE;Pantalla Hisense LED Smart TV de 43 pulgadas Modelo 43A6G;https://www.liverpool.com.mx/tienda/pdp/Pantalla-Hisense-LED-Smart-TV-de-43-pulgadas-Modelo-43A6G/1104326249;CE;4;https://www.liverpool.com.mx/
45;aHR0cHM6Ly93d3cubGl2ZXJwb29sLmNvbS5teC90aWVuZGEvcGRwL1BhbnRhbGxhLUhpc2Vuc2UtTEVELVNtYXJ0LVRWLWRlLTQzLXB1bGdhZGFzLU1vZGVsby00M0E2Ry8xMTA0MzI2MjQ5MTI5NTI2OQ==;SEM;2021-10-08;2021-10-01;;1295269;;;;LIVERPOOL;MX;2021-10-08 03:23;HISENSE;Pantalla Hisense LED Smart TV de 43 pulgadas Modelo 43A6G;https://www.liverpool.com.mx/tienda/pdp/Pantalla-Hisense-LED-Smart-TV-de-43-pulgadas-Modelo-43A6G/1104326249;CE;4;https://www.liverpool.com.mx/
46;aHR0cHM6Ly93d3cubGl2ZXJwb29sLmNvbS5teC90aWVuZGEvcGRwL1BhbnRhbGxhLUhpc2Vuc2UtTEVELVNtYXJ0LVRWLWRlLTQzLXB1bGdhZGFzLU1vZGVsby00M0E2Ry8xMTA0MzI2MjQ5MTMwNzg3Nw==;SEM;2021-10-08;2021-10-07;;1307877;;;;LIVERPOOL;MX;2021-10-08 03:23;HISENSE;Pantalla Hisense LED Smart TV de 43 pulgadas Modelo 43A6G;https://www.liverpool.com.mx/tienda/pdp/Pantalla-Hisense-LED-Smart-TV-de-43-pulgadas-Modelo-43A6G/1104326249;CE;4;https://www.liverpool.com.mx/
47;aHR0cHM6Ly93d3cubGl2ZXJwb29sLmNvbS5teC90aWVuZGEvcGRwL1BhbnRhbGxhLUhpc2Vuc2UtTEVELVNtYXJ0LVRWLWRlLTQzLXB1bGdhZGFzLU1vZGVsby00M0E2Ry8xMTA0MzI2MjQ5MTIwMTAxNg==;SEM;2021-10-08;2021-08-11;;1201016;;;;LIVERPOOL;MX;2021-10-08 03:23;HISENSE;Pantalla Hisense LED Smart TV de 43 pulgadas Modelo 43A6G;https://www.liverpool.com.mx/tienda/pdp/Pantalla-Hisense-LED-Smart-TV-de-43-pulgadas-Modelo-43A6G/1104326249;CE;5;https://www.liverpool.com.mx/
48;aHR0cHM6Ly93d3cubGl2ZXJwb29sLmNvbS5teC90aWVuZGEvcGRwL1BhbnRhbGxhLUhpc2Vuc2UtTEVELVNtYXJ0LVRWLWRlLTQzLXB1bGdhZGFzLU1vZGVsby00M0E2Ry8xMTA0MzI2MjQ5MTE2MDY0NQ==;SEM;2021-10-08;2021-07-23;;1160645;;;;LIVERPOOL;MX;2021-10-08 03:23;HISENSE;Pantalla Hisense LED Smart TV de 43 pulgadas Modelo 43A6G;https://www.liverpool.com.mx/tienda/pdp/Pantalla-Hisense-LED-Smart-TV-de-43-pulgadas-Modelo-43A6G/1104326249;CE;4;https://www.liverpool.com.mx/
49;aHR0cHM6Ly93d3cubGl2ZXJwb29sLmNvbS5teC90aWVuZGEvcGRwL1BhbnRhbGxhLUhpc2Vuc2UtTEVELVNtYXJ0LVRWLWRlLTQzLXB1bGdhZGFzLU1vZGVsby00M0E2Ry8xMTA0MzI2MjQ5MTA3ODE3Nw==;SEM;2021-10-08;2021-06-18;;1078177;;;;LIVERPOOL;MX;2021-10-08 03:23;HISENSE;Pantalla Hisense LED Smart TV de 43 pulgadas Modelo 43A6G;https://www.liverpool.com.mx/tienda/pdp/Pantalla-Hisense-LED-Smart-TV-de-43-pulgadas-Modelo-43A6G/1104326249;CE;3;https://www.liverpool.com.mx/
50;aHR0cHM6Ly93d3cubGl2ZXJwb29sLmNvbS5teC90aWVuZGEvcGRwL1BhbnRhbGxhLVNhbXN1bmctTEVELVNtYXJ0LVRWLWRlLTY1LVB1bGdhZGFzLTRLLVVONjVBVTkwMDBGWFpYLzExMDYwMDgwMzExMjE5ODcz;SEM;2021-10-08;2021-08-20;;1219873;;;;LIVERPOOL;MX;2021-10-08 03:25;SAMSUNG;Pantalla Samsung LED Smart TV de 65 Pulgadas 4K UN65AU9000FXZX;https://www.liverpool.com.mx/tienda/pdp/Pantalla-Samsung-LED-Smart-TV-de-65-Pulgadas-4K-UN65AU9000FXZX/1106008031;CE;5;https://www.liverpool.com.mx/
51;aHR0cHM6Ly93d3cubGl2ZXJwb29sLmNvbS5teC90aWVuZGEvcGRwL1BhbnRhbGxhLVNhbXN1bmctTEVELVNtYXJ0LVRWLWRlLTY1LVB1bGdhZGFzLTRLLVVONjVBVTkwMDBGWFpYLzExMDYwMDgwMzExMDc0MzA5;SEM;2021-10-08;2021-06-17;;1074309;;;;LIVERPOOL;MX;2021-10-08 03:25;SAMSUNG;Pantalla Samsung LED Smart TV de 65 Pulgadas 4K UN65AU9000FXZX;https://www.liverpool.com.mx/tienda/pdp/Pantalla-Samsung-LED-Smart-TV-de-65-Pulgadas-4K-UN65AU9000FXZX/1106008031;CE;5;https://www.liverpool.com.mx/
52;aHR0cHM6Ly93d3cubGl2ZXJwb29sLmNvbS5teC90aWVuZGEvcGRwL1BhbnRhbGxhLVNhbXN1bmctTEVELVNtYXJ0LVRWLWRlLTY1LVB1bGdhZGFzLTRLLVVONjVBVTkwMDBGWFpYLzExMDYwMDgwMzExMjUxOTY4;SEM;2021-10-08;2021-09-06;;1251968;;;;LIVERPOOL;MX;2021-10-08 03:25;SAMSUNG;Pantalla Samsung LED Smart TV de 65 Pulgadas 4K UN65AU9000FXZX;https://www.liverpool.com.mx/tienda/pdp/Pantalla-Samsung-LED-Smart-TV-de-65-Pulgadas-4K-UN65AU9000FXZX/1106008031;CE;5;https://www.liverpool.com.mx/
53;aHR0cHM6Ly93d3cubGl2ZXJwb29sLmNvbS5teC90aWVuZGEvcGRwL1BhbnRhbGxhLVNhbXN1bmctTEVELVNtYXJ0LVRWLWRlLTY1LVB1bGdhZGFzLTRLLVVONjVBVTkwMDBGWFpYLzExMDYwMDgwMzExMDcwNTA5;SEM;2021-10-08;2021-06-16;;1070509;;;;LIVERPOOL;MX;2021-10-08 03:25;SAMSUNG;Pantalla Samsung LED Smart TV de 65 Pulgadas 4K UN65AU9000FXZX;https://www.liverpool.com.mx/tienda/pdp/Pantalla-Samsung-LED-Smart-TV-de-65-Pulgadas-4K-UN65AU9000FXZX/1106008031;CE;5;https://www.liverpool.com.mx/
54;aHR0cHM6Ly93d3cubGl2ZXJwb29sLmNvbS5teC90aWVuZGEvcGRwL1BhbnRhbGxhLUxHJUMyJUEwVUhEJUMyJUEwU21hcnQtVFYlQzIlQTBkZS01MC1wdWxnYWRhcy1BSS1UaGluUS00Sy01MFVQNzUwMFBTRi8xMTA2NjI3NTgxMTI1MzI1NA==;SEM;2021-10-08;2021-09-07;;1253254;;;;LIVERPOOL;MX;2021-10-08 03:25;LG;Pantalla LG UHD Smart TV de 50 pulgadas AI ThinQ 4K 50UP7500PSF;https://www.liverpool.com.mx/tienda/pdp/Pantalla-LG%C2%A0UHD%C2%A0Smart-TV%C2%A0de-50-pulgadas-AI-ThinQ-4K-50UP7500PSF/1106627581;CE;5;https://www.liverpool.com.mx/
55;aHR0cHM6Ly93d3cubGl2ZXJwb29sLmNvbS5teC90aWVuZGEvcGRwL1BhbnRhbGxhLUxHJUMyJUEwVUhEJUMyJUEwU21hcnQtVFYlQzIlQTBkZS01MC1wdWxnYWRhcy1BSS1UaGluUS00Sy01MFVQNzUwMFBTRi8xMTA2NjI3NTgxMTE1MDEwNw==;SEM;2021-10-08;2021-07-18;;1150107;;;;LIVERPOOL;MX;2021-10-08 03:25;LG;Pantalla LG UHD Smart TV de 50 pulgadas AI ThinQ 4K 50UP7500PSF;https://www.liverpool.com.mx/tienda/pdp/Pantalla-LG%C2%A0UHD%C2%A0Smart-TV%C2%A0de-50-pulgadas-AI-ThinQ-4K-50UP7500PSF/1106627581;CE;5;https://www.liverpool.com.mx/
56;aHR0cHM6Ly93d3cubGl2ZXJwb29sLmNvbS5teC90aWVuZGEvcGRwL1BhbnRhbGxhLUxHJUMyJUEwVUhEJUMyJUEwU21hcnQtVFYlQzIlQTBkZS01MC1wdWxnYWRhcy1BSS1UaGluUS00Sy01MFVQNzUwMFBTRi8xMTA2NjI3NTgxMTI4NjMzNg==;SEM;2021-10-08;2021-09-26;;1286336;;;;LIVERPOOL;MX;2021-10-08 03:25;LG;Pantalla LG UHD Smart TV de 50 pulgadas AI ThinQ 4K 50UP7500PSF;https://www.liverpool.com.mx/tienda/pdp/Pantalla-LG%C2%A0UHD%C2%A0Smart-TV%C2%A0de-50-pulgadas-AI-ThinQ-4K-50UP7500PSF/1106627581;CE;5;https://www.liverpool.com.mx/
57;aHR0cHM6Ly93d3cubGl2ZXJwb29sLmNvbS5teC90aWVuZGEvcGRwL1BhbnRhbGxhLUxHJUMyJUEwVUhEJUMyJUEwU21hcnQtVFYlQzIlQTBkZS01MC1wdWxnYWRhcy1BSS1UaGluUS00Sy01MFVQNzUwMFBTRi8xMTA2NjI3NTgxMTI2OTg3OQ==;SEM;2021-10-08;2021-09-17;;1269879;;;;LIVERPOOL;MX;2021-10-08 03:25;LG;Pantalla LG UHD Smart TV de 50 pulgadas AI ThinQ 4K 50UP7500PSF;https://www.liverpool.com.mx/tienda/pdp/Pantalla-LG%C2%A0UHD%C2%A0Smart-TV%C2%A0de-50-pulgadas-AI-ThinQ-4K-50UP7500PSF/1106627581;CE;5;https://www.liverpool.com.mx/
58;aHR0cHM6Ly93d3cubGl2ZXJwb29sLmNvbS5teC90aWVuZGEvcGRwL1BhbnRhbGxhLUxHJUMyJUEwVUhEJUMyJUEwU21hcnQtVFYlQzIlQTBkZS01MC1wdWxnYWRhcy1BSS1UaGluUS00Sy01MFVQNzUwMFBTRi8xMTA2NjI3NTgxMTI4NDUwNQ==;SEM;2021-10-08;2021-09-25;;1284505;;;;LIVERPOOL;MX;2021-10-08 03:25;LG;Pantalla LG UHD Smart TV de 50 pulgadas AI ThinQ 4K 50UP7500PSF;https://www.liverpool.com.mx/tienda/pdp/Pantalla-LG%C2%A0UHD%C2%A0Smart-TV%C2%A0de-50-pulgadas-AI-ThinQ-4K-50UP7500PSF/1106627581;CE;5;https://www.liverpool.com.mx/
59;aHR0cHM6Ly93d3cubGl2ZXJwb29sLmNvbS5teC90aWVuZGEvcGRwL1BhbnRhbGxhLUxHJUMyJUEwVUhEJUMyJUEwU21hcnQtVFYlQzIlQTBkZS01MC1wdWxnYWRhcy1BSS1UaGluUS00Sy01MFVQNzUwMFBTRi8xMTA2NjI3NTgxMTI4MTg5NQ==;SEM;2021-10-08;2021-09-24;;1281895;;;;LIVERPOOL;MX;2021-10-08 03:25;LG;Pantalla LG UHD Smart TV de 50 pulgadas AI ThinQ 4K 50UP7500PSF;https://www.liverpool.com.mx/tienda/pdp/Pantalla-LG%C2%A0UHD%C2%A0Smart-TV%C2%A0de-50-pulgadas-AI-ThinQ-4K-50UP7500PSF/1106627581;CE;4;https://www.liverpool.com.mx/
60;aHR0cHM6Ly93d3cubGl2ZXJwb29sLmNvbS5teC90aWVuZGEvcGRwL1BhbnRhbGxhLUxHJUMyJUEwVUhEJUMyJUEwU21hcnQtVFYlQzIlQTBkZS01MC1wdWxnYWRhcy1BSS1UaGluUS00Sy01MFVQNzUwMFBTRi8xMTA2NjI3NTgxMTA3MDM5MA==;SEM;2021-10-08;2021-06-16;;1070390;;;;LIVERPOOL;MX;2021-10-08 03:25;LG;Pantalla LG UHD Smart TV de 50 pulgadas AI ThinQ 4K 50UP7500PSF;https://www.liverpool.com.mx/tienda/pdp/Pantalla-LG%C2%A0UHD%C2%A0Smart-TV%C2%A0de-50-pulgadas-AI-ThinQ-4K-50UP7500PSF/1106627581;CE;4;https://www.liverpool.com.mx/
61;aHR0cHM6Ly93d3cubGl2ZXJwb29sLmNvbS5teC90aWVuZGEvcGRwL1BhbnRhbGxhLUxHJUMyJUEwTEVELVNtYXJ0LVRWJUMyJUEwZGUtODYtUHVsZ2FkYXMtQUktVGhpblEtNEstODZVUDgwNTBQU0IvMTEwNzg5MDcwNjExNTg4MDY=;SEM;2021-10-08;2021-07-22;;1158806;;;;LIVERPOOL;MX;2021-10-08 03:25;LG;Pantalla LG LED Smart TV de 86 Pulgadas AI ThinQ 4K 86UP8050PSB;https://www.liverpool.com.mx/tienda/pdp/Pantalla-LG%C2%A0LED-Smart-TV%C2%A0de-86-Pulgadas-AI-ThinQ-4K-86UP8050PSB/1107890706;CE;5;https://www.liverpool.com.mx/
62;aHR0cHM6Ly93d3cubGl2ZXJwb29sLmNvbS5teC90aWVuZGEvcGRwL1BhbnRhbGxhLUxHJUMyJUEwTEVELVNtYXJ0LVRWJUMyJUEwZGUtODYtUHVsZ2FkYXMtQUktVGhpblEtNEstODZVUDgwNTBQU0IvMTEwNzg5MDcwNjEyOTg5NTk=;SEM;2021-10-08;2021-10-03;;1298959;;;;LIVERPOOL;MX;2021-10-08 03:25;LG;Pantalla LG LED Smart TV de 86 Pulgadas AI ThinQ 4K 86UP8050PSB;https://www.liverpool.com.mx/tienda/pdp/Pantalla-LG%C2%A0LED-Smart-TV%C2%A0de-86-Pulgadas-AI-ThinQ-4K-86UP8050PSB/1107890706;CE;5;https://www.liverpool.com.mx/
63;aHR0cHM6Ly93d3cubGl2ZXJwb29sLmNvbS5teC90aWVuZGEvcGRwL1BhbnRhbGxhLUxHJUMyJUEwTEVELVNtYXJ0LVRWJUMyJUEwZGUtODYtUHVsZ2FkYXMtQUktVGhpblEtNEstODZVUDgwNTBQU0IvMTEwNzg5MDcwNjEyNzg2NTg=;SEM;2021-10-08;2021-09-22;;1278658;;;;LIVERPOOL;MX;2021-10-08 03:25;LG;Pantalla LG LED Smart TV de 86 Pulgadas AI ThinQ 4K 86UP8050PSB;https://www.liverpool.com.mx/tienda/pdp/Pantalla-LG%C2%A0LED-Smart-TV%C2%A0de-86-Pulgadas-AI-ThinQ-4K-86UP8050PSB/1107890706;CE;5;https://www.liverpool.com.mx/
64;aHR0cHM6Ly93d3cubGl2ZXJwb29sLmNvbS5teC90aWVuZGEvcGRwL1BhbnRhbGxhLUhpc2Vuc2UtU21hcnQtVFYtZGUtODUtUHVsZ2FkYXMtNEstVUhELTg1SDY1NzBHLzEwOTg0MTk3Nzk2Mzg4NTk=;SEM;2021-10-08;2020-10-29;;638859;;;;LIVERPOOL;MX;2021-10-08 03:54;HISENSE;Pantalla Hisense Smart TV de 85 Pulgadas 4K UHD 85H6570G;https://www.liverpool.com.mx/tienda/pdp/Pantalla-Hisense-Smart-TV-de-85-Pulgadas-4K-UHD-85H6570G/1098419779;CE;2;https://www.liverpool.com.mx/
65;aHR0cHM6Ly93d3cubGl2ZXJwb29sLmNvbS5teC90aWVuZGEvcGRwL1BhbnRhbGxhLUxHLUxFRC1TbWFydC1UVi1kZS0zMi1QdWxnYWRhcy1BSS1UaGluUSVDMiVBMEZIRCVDMiVBMDMyTE02MzBCUFVCLzEwODQ2Mzg5NTg2MzgyMDI=;SEM;2021-10-13;2020-10-29;;638202;;;;LIVERPOOL;MX;2021-10-13 03:43;LG;Pantalla LG LED Smart TV de 32 Pulgadas AI ThinQ FHD 32LM630BPUB;https://www.liverpool.com.mx/tienda/pdp/Pantalla-LG-LED-Smart-TV-de-32-Pulgadas-AI-ThinQ%C2%A0FHD%C2%A032LM630BPUB/1084638958;CE;5;https://www.liverpool.com.mx/
66;aHR0cHM6Ly93d3cubGl2ZXJwb29sLmNvbS5teC90aWVuZGEvcGRwL1BhbnRhbGxhLUhpc2Vuc2UtTEVELVNtYXJ0LVRWLWRlLTU1LXB1bGdhZGFzLTRLL1VsdHJhLUhELU1vZGVsby01NUE2Ry8xMTA0NDk3MzcwOTM3OTkx;SEM;2021-10-08;2021-05-03;;937991;;;;LIVERPOOL;MX;2021-10-08 03:22;HISENSE;Pantalla Hisense LED Smart TV de 55 pulgadas 4K/Ultra HD Modelo 55A6G;https://www.liverpool.com.mx/tienda/pdp/Pantalla-Hisense-LED-Smart-TV-de-55-pulgadas-4K/Ultra-HD-Modelo-55A6G/1104497370;CE;5;https://www.liverpool.com.mx/
67;aHR0cHM6Ly93d3cubGl2ZXJwb29sLmNvbS5teC90aWVuZGEvcGRwL1BhbnRhbGxhLUhpc2Vuc2UtTEVELVNtYXJ0LVRWLWRlLTU1LXB1bGdhZGFzLTRLL1VsdHJhLUhELU1vZGVsby01NUE2Ry8xMTA0NDk3MzcwMTI2NzM2NQ==;SEM;2021-10-08;2021-09-16;;1267365;;;;LIVERPOOL;MX;2021-10-08 03:22;HISENSE;Pantalla Hisense LED Smart TV de 55 pulgadas 4K/Ultra HD Modelo 55A6G;https://www.liverpool.com.mx/tienda/pdp/Pantalla-Hisense-LED-Smart-TV-de-55-pulgadas-4K/Ultra-HD-Modelo-55A6G/1104497370;CE;5;https://www.liverpool.com.mx/
68;aHR0cHM6Ly93d3cubGl2ZXJwb29sLmNvbS5teC90aWVuZGEvcGRwL1BhbnRhbGxhLUhpc2Vuc2UtTEVELVNtYXJ0LVRWLWRlLTU1LXB1bGdhZGFzLTRLL1VsdHJhLUhELU1vZGVsby01NUE2Ry8xMTA0NDk3MzcwMTMwMTI5Nw==;SEM;2021-10-08;2021-10-04;;1301297;;;;LIVERPOOL;MX;2021-10-08 03:22;HISENSE;Pantalla Hisense LED Smart TV de 55 pulgadas 4K/Ultra HD Modelo 55A6G;https://www.liverpool.com.mx/tienda/pdp/Pantalla-Hisense-LED-Smart-TV-de-55-pulgadas-4K/Ultra-HD-Modelo-55A6G/1104497370;CE;5;https://www.liverpool.com.mx/
69;aHR0cHM6Ly93d3cubGl2ZXJwb29sLmNvbS5teC90aWVuZGEvcGRwL1BhbnRhbGxhLUhpc2Vuc2UtTEVELVNtYXJ0LVRWLWRlLTU1LXB1bGdhZGFzLTRLL1VsdHJhLUhELU1vZGVsby01NUE2Ry8xMTA0NDk3MzcwMTI5OTE0MA==;SEM;2021-10-08;2021-10-03;;1299140;;;;LIVERPOOL;MX;2021-10-08 03:22;HISENSE;Pantalla Hisense LED Smart TV de 55 pulgadas 4K/Ultra HD Modelo 55A6G;https://www.liverpool.com.mx/tienda/pdp/Pantalla-Hisense-LED-Smart-TV-de-55-pulgadas-4K/Ultra-HD-Modelo-55A6G/1104497370;CE;5;https://www.liverpool.com.mx/
70;aHR0cHM6Ly93d3cubGl2ZXJwb29sLmNvbS5teC90aWVuZGEvcGRwL1BhbnRhbGxhLUhpc2Vuc2UtTEVELVNtYXJ0LVRWLWRlLTU1LXB1bGdhZGFzLTRLL1VsdHJhLUhELU1vZGVsby01NUE2Ry8xMTA0NDk3MzcwMTI3NjU3NQ==;SEM;2021-10-08;2021-09-20;;1276575;;;;LIVERPOOL;MX;2021-10-08 03:22;HISENSE;Pantalla Hisense LED Smart TV de 55 pulgadas 4K/Ultra HD Modelo 55A6G;https://www.liverpool.com.mx/tienda/pdp/Pantalla-Hisense-LED-Smart-TV-de-55-pulgadas-4K/Ultra-HD-Modelo-55A6G/1104497370;CE;4;https://www.liverpool.com.mx/
71;aHR0cHM6Ly93d3cubGl2ZXJwb29sLmNvbS5teC90aWVuZGEvcGRwL1BhbnRhbGxhLUhpc2Vuc2UtTEVELVNtYXJ0LVRWLWRlLTU1LXB1bGdhZGFzLTRLL1VsdHJhLUhELU1vZGVsby01NUE2Ry8xMTA0NDk3MzcwMTI4NzIwNg==;SEM;2021-10-08;2021-09-26;;1287206;;;;LIVERPOOL;MX;2021-10-08 03:22;HISENSE;Pantalla Hisense LED Smart TV de 55 pulgadas 4K/Ultra HD Modelo 55A6G;https://www.liverpool.com.mx/tienda/pdp/Pantalla-Hisense-LED-Smart-TV-de-55-pulgadas-4K/Ultra-HD-Modelo-55A6G/1104497370;CE;5;https://www.liverpool.com.mx/
72;aHR0cHM6Ly93d3cubGl2ZXJwb29sLmNvbS5teC90aWVuZGEvcGRwL1BhbnRhbGxhLVNhbXN1bmctTEVELVNtYXJ0LVRWLWRlLTU1LVB1bGdhZGFzLTRLLVVONTVBVTgwMDBGWFpYLzExMDYwMDg0NTcxMDcwMzA3;SEM;2021-10-08;2021-06-16;;1070307;;;;LIVERPOOL;MX;2021-10-08 03:22;SAMSUNG;Pantalla Samsung LED Smart TV de 55 Pulgadas 4K UN55AU8000FXZX;https://www.liverpool.com.mx/tienda/pdp/Pantalla-Samsung-LED-Smart-TV-de-55-Pulgadas-4K-UN55AU8000FXZX/1106008457;CE;5;https://www.liverpool.com.mx/
73;aHR0cHM6Ly93d3cubGl2ZXJwb29sLmNvbS5teC90aWVuZGEvcGRwL1BhbnRhbGxhLVRDTC1MRUQtU21hcnQtVFYtZGUtNTUtcHVsZ2FkYXMtNEsvVWx0cmEtSEQtTW9kZWxvLTU1QTQzNS8xMDk3NzQ2MDMyNjUyMzA1;SEM;2021-10-08;2020-11-19;;652305;;;;LIVERPOOL;MX;2021-10-08 03:24;TCL;Pantalla TCL LED Smart TV de 55 pulgadas 4K/Ultra HD Modelo 55A435;https://www.liverpool.com.mx/tienda/pdp/Pantalla-TCL-LED-Smart-TV-de-55-pulgadas-4K/Ultra-HD-Modelo-55A435/1097746032;CE;5;https://www.liverpool.com.mx/
74;aHR0cHM6Ly93d3cubGl2ZXJwb29sLmNvbS5teC90aWVuZGEvcGRwL1BhbnRhbGxhLVRDTC1MRUQtU21hcnQtVFYtZGUtNTUtcHVsZ2FkYXMtNEsvVWx0cmEtSEQtTW9kZWxvLTU1QTQzNS8xMDk3NzQ2MDMyNTE4MzE2;SEM;2021-10-08;2020-08-13;;518316;;;;LIVERPOOL;MX;2021-10-08 03:24;TCL;Pantalla TCL LED Smart TV de 55 pulgadas 4K/Ultra HD Modelo 55A435;https://www.liverpool.com.mx/tienda/pdp/Pantalla-TCL-LED-Smart-TV-de-55-pulgadas-4K/Ultra-HD-Modelo-55A435/1097746032;CE;5;https://www.liverpool.com.mx/
75;aHR0cHM6Ly93d3cubGl2ZXJwb29sLmNvbS5teC90aWVuZGEvcGRwL1BhbnRhbGxhLVRDTC1MRUQtU21hcnQtVFYtZGUtNTUtcHVsZ2FkYXMtNEsvVWx0cmEtSEQtTW9kZWxvLTU1QTQzNS8xMDk3NzQ2MDMyNjYyMjY5;SEM;2021-10-08;2020-12-02;;662269;;;;LIVERPOOL;MX;2021-10-08 03:24;TCL;Pantalla TCL LED Smart TV de 55 pulgadas 4K/Ultra HD Modelo 55A435;https://www.liverpool.com.mx/tienda/pdp/Pantalla-TCL-LED-Smart-TV-de-55-pulgadas-4K/Ultra-HD-Modelo-55A435/1097746032;CE;5;https://www.liverpool.com.mx/
76;aHR0cHM6Ly93d3cubGl2ZXJwb29sLmNvbS5teC90aWVuZGEvcGRwL1BhbnRhbGxhLVRDTC1MRUQtU21hcnQtVFYtZGUtNTUtcHVsZ2FkYXMtNEsvVWx0cmEtSEQtTW9kZWxvLTU1QTQzNS8xMDk3NzQ2MDMyNjU4ODY2;SEM;2021-10-08;2020-11-27;;658866;;;;LIVERPOOL;MX;2021-10-08 03:24;TCL;Pantalla TCL LED Smart TV de 55 pulgadas 4K/Ultra HD Modelo 55A435;https://www.liverpool.com.mx/tienda/pdp/Pantalla-TCL-LED-Smart-TV-de-55-pulgadas-4K/Ultra-HD-Modelo-55A435/1097746032;CE;5;https://www.liverpool.com.mx/
77;aHR0cHM6Ly93d3cubGl2ZXJwb29sLmNvbS5teC90aWVuZGEvcGRwL1BhbnRhbGxhLVRDTC1MRUQtU21hcnQtVFYtZGUtNTUtcHVsZ2FkYXMtNEsvVWx0cmEtSEQtTW9kZWxvLTU1QTQzNS8xMDk3NzQ2MDMyNjYzMTU0;SEM;2021-10-08;2020-12-03;;663154;;;;LIVERPOOL;MX;2021-10-08 03:24;TCL;Pantalla TCL LED Smart TV de 55 pulgadas 4K/Ultra HD Modelo 55A435;https://www.liverpool.com.mx/tienda/pdp/Pantalla-TCL-LED-Smart-TV-de-55-pulgadas-4K/Ultra-HD-Modelo-55A435/1097746032;CE;5;https://www.liverpool.com.mx/
78;aHR0cHM6Ly93d3cubGl2ZXJwb29sLmNvbS5teC90aWVuZGEvcGRwL1BhbnRhbGxhLVRDTC1MRUQtU21hcnQtVFYtZGUtNTUtcHVsZ2FkYXMtNEsvVWx0cmEtSEQtTW9kZWxvLTU1QTQzNS8xMDk3NzQ2MDMyNjc3MzE5;SEM;2021-10-08;2020-12-23;;677319;;;;LIVERPOOL;MX;2021-10-08 03:24;TCL;Pantalla TCL LED Smart TV de 55 pulgadas 4K/Ultra HD Modelo 55A435;https://www.liverpool.com.mx/tienda/pdp/Pantalla-TCL-LED-Smart-TV-de-55-pulgadas-4K/Ultra-HD-Modelo-55A435/1097746032;CE;5;https://www.liverpool.com.mx/
79;aHR0cHM6Ly93d3cubGl2ZXJwb29sLmNvbS5teC90aWVuZGEvcGRwL1BhbnRhbGxhLVRDTC1MRUQtU21hcnQtVFYtZGUtNTUtcHVsZ2FkYXMtNEsvVWx0cmEtSEQtTW9kZWxvLTU1QTQzNS8xMDk3NzQ2MDMyNjQ1MTI4;SEM;2021-10-08;2020-11-10;;645128;;;;LIVERPOOL;MX;2021-10-08 03:24;TCL;Pantalla TCL LED Smart TV de 55 pulgadas 4K/Ultra HD Modelo 55A435;https://www.liverpool.com.mx/tienda/pdp/Pantalla-TCL-LED-Smart-TV-de-55-pulgadas-4K/Ultra-HD-Modelo-55A435/1097746032;CE;5;https://www.liverpool.com.mx/
80;aHR0cHM6Ly93d3cubGl2ZXJwb29sLmNvbS5teC90aWVuZGEvcGRwL1BhbnRhbGxhLVRDTC1MRUQtU21hcnQtVFYtZGUtNTUtcHVsZ2FkYXMtNEsvVWx0cmEtSEQtTW9kZWxvLTU1QTQzNS8xMDk3NzQ2MDMyNjI1OTgz;SEM;2021-10-08;2020-10-09;;625983;;;;LIVERPOOL;MX;2021-10-08 03:24;TCL;Pantalla TCL LED Smart TV de 55 pulgadas 4K/Ultra HD Modelo 55A435;https://www.liverpool.com.mx/tienda/pdp/Pantalla-TCL-LED-Smart-TV-de-55-pulgadas-4K/Ultra-HD-Modelo-55A435/1097746032;CE;5;https://www.liverpool.com.mx/
81;aHR0cHM6Ly93d3cubGl2ZXJwb29sLmNvbS5teC90aWVuZGEvcGRwL1BhbnRhbGxhLVRDTC1MRUQtU21hcnQtVFYtZGUtNTUtcHVsZ2FkYXMtNEsvVWx0cmEtSEQtTW9kZWxvLTU1QTQzNS8xMDk3NzQ2MDMyNjY3Mzc5;SEM;2021-10-08;2020-12-11;;667379;;;;LIVERPOOL;MX;2021-10-08 03:24;TCL;Pantalla TCL LED Smart TV de 55 pulgadas 4K/Ultra HD Modelo 55A435;https://www.liverpool.com.mx/tienda/pdp/Pantalla-TCL-LED-Smart-TV-de-55-pulgadas-4K/Ultra-HD-Modelo-55A435/1097746032;CE;5;https://www.liverpool.com.mx/
82;aHR0cHM6Ly93d3cubGl2ZXJwb29sLmNvbS5teC90aWVuZGEvcGRwL1BhbnRhbGxhLVRDTC1MRUQtU21hcnQtVFYtZGUtNTUtcHVsZ2FkYXMtNEsvVWx0cmEtSEQtTW9kZWxvLTU1QTQzNS8xMDk3NzQ2MDMyNjMzNDY2;SEM;2021-10-08;2020-10-20;;633466;;;;LIVERPOOL;MX;2021-10-08 03:24;TCL;Pantalla TCL LED Smart TV de 55 pulgadas 4K/Ultra HD Modelo 55A435;https://www.liverpool.com.mx/tienda/pdp/Pantalla-TCL-LED-Smart-TV-de-55-pulgadas-4K/Ultra-HD-Modelo-55A435/1097746032;CE;5;https://www.liverpool.com.mx/
83;aHR0cHM6Ly93d3cubGl2ZXJwb29sLmNvbS5teC90aWVuZGEvcGRwL1BhbnRhbGxhLVRDTC1MRUQtU21hcnQtVFYtZGUtNTUtcHVsZ2FkYXMtNEsvVWx0cmEtSEQtTW9kZWxvLTU1QTQzNS8xMDk3NzQ2MDMyNjM1MDUy;SEM;2021-10-08;2020-10-23;;635052;;;;LIVERPOOL;MX;2021-10-08 03:24;TCL;Pantalla TCL LED Smart TV de 55 pulgadas 4K/Ultra HD Modelo 55A435;https://www.liverpool.com.mx/tienda/pdp/Pantalla-TCL-LED-Smart-TV-de-55-pulgadas-4K/Ultra-HD-Modelo-55A435/1097746032;CE;5;https://www.liverpool.com.mx/
84;aHR0cHM6Ly93d3cubGl2ZXJwb29sLmNvbS5teC90aWVuZGEvcGRwL1BhbnRhbGxhLVRDTC1MRUQtU21hcnQtVFYtZGUtNTUtcHVsZ2FkYXMtNEsvVWx0cmEtSEQtTW9kZWxvLTU1QTQzNS8xMDk3NzQ2MDMyNjE3Mzkz;SEM;2021-10-08;2020-09-29;;617393;;;;LIVERPOOL;MX;2021-10-08 03:24;TCL;Pantalla TCL LED Smart TV de 55 pulgadas 4K/Ultra HD Modelo 55A435;https://www.liverpool.com.mx/tienda/pdp/Pantalla-TCL-LED-Smart-TV-de-55-pulgadas-4K/Ultra-HD-Modelo-55A435/1097746032;CE;5;https://www.liverpool.com.mx/
85;aHR0cHM6Ly93d3cubGl2ZXJwb29sLmNvbS5teC90aWVuZGEvcGRwL1BhbnRhbGxhLVRDTC1MRUQtU21hcnQtVFYtZGUtNTUtcHVsZ2FkYXMtNEsvVWx0cmEtSEQtTW9kZWxvLTU1QTQzNS8xMDk3NzQ2MDMyNjA0MzQ0;SEM;2021-10-08;2020-09-15;;604344;;;;LIVERPOOL;MX;2021-10-08 03:24;TCL;Pantalla TCL LED Smart TV de 55 pulgadas 4K/Ultra HD Modelo 55A435;https://www.liverpool.com.mx/tienda/pdp/Pantalla-TCL-LED-Smart-TV-de-55-pulgadas-4K/Ultra-HD-Modelo-55A435/1097746032;CE;5;https://www.liverpool.com.mx/
86;aHR0cHM6Ly93d3cubGl2ZXJwb29sLmNvbS5teC90aWVuZGEvcGRwL1BhbnRhbGxhLVRDTC1MRUQtU21hcnQtVFYtZGUtNTUtcHVsZ2FkYXMtNEsvVWx0cmEtSEQtTW9kZWxvLTU1QTQzNS8xMDk3NzQ2MDMyNjM3MTEy;SEM;2021-10-08;2020-10-27;;637112;;;;LIVERPOOL;MX;2021-10-08 03:24;TCL;Pantalla TCL LED Smart TV de 55 pulgadas 4K/Ultra HD Modelo 55A435;https://www.liverpool.com.mx/tienda/pdp/Pantalla-TCL-LED-Smart-TV-de-55-pulgadas-4K/Ultra-HD-Modelo-55A435/1097746032;CE;5;https://www.liverpool.com.mx/
87;aHR0cHM6Ly93d3cubGl2ZXJwb29sLmNvbS5teC90aWVuZGEvcGRwL1BhbnRhbGxhLVRDTC1MRUQtU21hcnQtVFYtZGUtNTUtcHVsZ2FkYXMtNEsvVWx0cmEtSEQtTW9kZWxvLTU1QTQzNS8xMDk3NzQ2MDMyNjE4NzQ0;SEM;2021-10-08;2020-10-01;;618744;;;;LIVERPOOL;MX;2021-10-08 03:24;TCL;Pantalla TCL LED Smart TV de 55 pulgadas 4K/Ultra HD Modelo 55A435;https://www.liverpool.com.mx/tienda/pdp/Pantalla-TCL-LED-Smart-TV-de-55-pulgadas-4K/Ultra-HD-Modelo-55A435/1097746032;CE;5;https://www.liverpool.com.mx/
88;aHR0cHM6Ly93d3cubGl2ZXJwb29sLmNvbS5teC90aWVuZGEvcGRwL1BhbnRhbGxhLVRDTC1MRUQtU21hcnQtVFYtZGUtNTUtcHVsZ2FkYXMtNEsvVWx0cmEtSEQtTW9kZWxvLTU1QTQzNS8xMDk3NzQ2MDMyOTk3Mzgy;SEM;2021-10-08;2021-05-23;;997382;;;;LIVERPOOL;MX;2021-10-08 03:24;TCL;Pantalla TCL LED Smart TV de 55 pulgadas 4K/Ultra HD Modelo 55A435;https://www.liverpool.com.mx/tienda/pdp/Pantalla-TCL-LED-Smart-TV-de-55-pulgadas-4K/Ultra-HD-Modelo-55A435/1097746032;CE;5;https://www.liverpool.com.mx/
89;aHR0cHM6Ly93d3cubGl2ZXJwb29sLmNvbS5teC90aWVuZGEvcGRwL1BhbnRhbGxhLVRDTC1MRUQtU21hcnQtVFYtZGUtNTUtcHVsZ2FkYXMtNEsvVWx0cmEtSEQtTW9kZWxvLTU1QTQzNS8xMDk3NzQ2MDMyNjE0NDI4;SEM;2021-10-08;2020-09-25;;614428;;;;LIVERPOOL;MX;2021-10-08 03:24;TCL;Pantalla TCL LED Smart TV de 55 pulgadas 4K/Ultra HD Modelo 55A435;https://www.liverpool.com.mx/tienda/pdp/Pantalla-TCL-LED-Smart-TV-de-55-pulgadas-4K/Ultra-HD-Modelo-55A435/1097746032;CE;5;https://www.liverpool.com.mx/
90;aHR0cHM6Ly93d3cubGl2ZXJwb29sLmNvbS5teC90aWVuZGEvcGRwL1BhbnRhbGxhLVRDTC1MRUQtU21hcnQtVFYtZGUtNTUtcHVsZ2FkYXMtNEsvVWx0cmEtSEQtTW9kZWxvLTU1QTQzNS8xMDk3NzQ2MDMyNjI0OTk1;SEM;2021-10-08;2020-10-08;;624995;;;;LIVERPOOL;MX;2021-10-08 03:24;TCL;Pantalla TCL LED Smart TV de 55 pulgadas 4K/Ultra HD Modelo 55A435;https://www.liverpool.com.mx/tienda/pdp/Pantalla-TCL-LED-Smart-TV-de-55-pulgadas-4K/Ultra-HD-Modelo-55A435/1097746032;CE;5;https://www.liverpool.com.mx/
91;aHR0cHM6Ly93d3cubGl2ZXJwb29sLmNvbS5teC90aWVuZGEvcGRwL1BhbnRhbGxhLVRDTC1MRUQtU21hcnQtVFYtZGUtNTUtcHVsZ2FkYXMtNEsvVWx0cmEtSEQtTW9kZWxvLTU1QTQzNS8xMDk3NzQ2MDMyNjU4ODAw;SEM;2021-10-08;2020-11-27;;658800;;;;LIVERPOOL;MX;2021-10-08 03:24;TCL;Pantalla TCL LED Smart TV de 55 pulgadas 4K/Ultra HD Modelo 55A435;https://www.liverpool.com.mx/tienda/pdp/Pantalla-TCL-LED-Smart-TV-de-55-pulgadas-4K/Ultra-HD-Modelo-55A435/1097746032;CE;5;https://www.liverpool.com.mx/
92;aHR0cHM6Ly93d3cubGl2ZXJwb29sLmNvbS5teC90aWVuZGEvcGRwL1BhbnRhbGxhLVRDTC1MRUQtU21hcnQtVFYtZGUtNTUtcHVsZ2FkYXMtNEsvVWx0cmEtSEQtTW9kZWxvLTU1QTQzNS8xMDk3NzQ2MDMyNjA2NjM3;SEM;2021-10-08;2020-09-17;;606637;;;;LIVERPOOL;MX;2021-10-08 03:24;TCL;Pantalla TCL LED Smart TV de 55 pulgadas 4K/Ultra HD Modelo 55A435;https://www.liverpool.com.mx/tienda/pdp/Pantalla-TCL-LED-Smart-TV-de-55-pulgadas-4K/Ultra-HD-Modelo-55A435/1097746032;CE;5;https://www.liverpool.com.mx/
93;aHR0cHM6Ly93d3cubGl2ZXJwb29sLmNvbS5teC90aWVuZGEvcGRwL1BhbnRhbGxhLVRDTC1MRUQtU21hcnQtVFYtZGUtNTUtcHVsZ2FkYXMtNEsvVWx0cmEtSEQtTW9kZWxvLTU1QTQzNS8xMDk3NzQ2MDMyNjEwNDk1;SEM;2021-10-08;2020-09-21;;610495;;;;LIVERPOOL;MX;2021-10-08 03:24;TCL;Pantalla TCL LED Smart TV de 55 pulgadas 4K/Ultra HD Modelo 55A435;https://www.liverpool.com.mx/tienda/pdp/Pantalla-TCL-LED-Smart-TV-de-55-pulgadas-4K/Ultra-HD-Modelo-55A435/1097746032;CE;5;https://www.liverpool.com.mx/
94;aHR0cHM6Ly93d3cubGl2ZXJwb29sLmNvbS5teC90aWVuZGEvcGRwL1BhbnRhbGxhLVRDTC1MRUQtU21hcnQtVFYtZGUtNTUtcHVsZ2FkYXMtNEsvVWx0cmEtSEQtTW9kZWxvLTU1QTQzNS8xMDk3NzQ2MDMyNzcwMjQ4;SEM;2021-10-08;2021-02-10;;770248;;;;LIVERPOOL;MX;2021-10-08 03:24;TCL;Pantalla TCL LED Smart TV de 55 pulgadas 4K/Ultra HD Modelo 55A435;https://www.liverpool.com.mx/tienda/pdp/Pantalla-TCL-LED-Smart-TV-de-55-pulgadas-4K/Ultra-HD-Modelo-55A435/1097746032;CE;5;https://www.liverpool.com.mx/
95;aHR0cHM6Ly93d3cubGl2ZXJwb29sLmNvbS5teC90aWVuZGEvcGRwL1BhbnRhbGxhLVRDTC1MRUQtU21hcnQtVFYtZGUtNTUtcHVsZ2FkYXMtNEsvVWx0cmEtSEQtTW9kZWxvLTU1QTQzNS8xMDk3NzQ2MDMyNjI5MjI5;SEM;2021-10-08;2020-10-13;;629229;;;;LIVERPOOL;MX;2021-10-08 03:24;TCL;Pantalla TCL LED Smart TV de 55 pulgadas 4K/Ultra HD Modelo 55A435;https://www.liverpool.com.mx/tienda/pdp/Pantalla-TCL-LED-Smart-TV-de-55-pulgadas-4K/Ultra-HD-Modelo-55A435/1097746032;CE;5;https://www.liverpool.com.mx/
96;aHR0cHM6Ly93d3cubGl2ZXJwb29sLmNvbS5teC90aWVuZGEvcGRwL1BhbnRhbGxhLVRDTC1MRUQtU21hcnQtVFYtZGUtNTUtcHVsZ2FkYXMtNEsvVWx0cmEtSEQtTW9kZWxvLTU1QTQzNS8xMDk3NzQ2MDMyNTkyODg4;SEM;2021-10-08;2020-09-08;;592888;;;;LIVERPOOL;MX;2021-10-08 03:24;TCL;Pantalla TCL LED Smart TV de 55 pulgadas 4K/Ultra HD Modelo 55A435;https://www.liverpool.com.mx/tienda/pdp/Pantalla-TCL-LED-Smart-TV-de-55-pulgadas-4K/Ultra-HD-Modelo-55A435/1097746032;CE;5;https://www.liverpool.com.mx/
97;aHR0cHM6Ly93d3cubGl2ZXJwb29sLmNvbS5teC90aWVuZGEvcGRwL1BhbnRhbGxhLVRDTC1MRUQtU21hcnQtVFYtZGUtNTUtcHVsZ2FkYXMtNEsvVWx0cmEtSEQtTW9kZWxvLTU1QTQzNS8xMDk3NzQ2MDMyODM4MTgx;SEM;2021-10-08;2021-03-10;;838181;;;;LIVERPOOL;MX;2021-10-08 03:24;TCL;Pantalla TCL LED Smart TV de 55 pulgadas 4K/Ultra HD Modelo 55A435;https://www.liverpool.com.mx/tienda/pdp/Pantalla-TCL-LED-Smart-TV-de-55-pulgadas-4K/Ultra-HD-Modelo-55A435/1097746032;CE;5;https://www.liverpool.com.mx/
98;aHR0cHM6Ly93d3cubGl2ZXJwb29sLmNvbS5teC90aWVuZGEvcGRwL1BhbnRhbGxhLVRDTC1MRUQtU21hcnQtVFYtZGUtNTUtcHVsZ2FkYXMtNEsvVWx0cmEtSEQtTW9kZWxvLTU1QTQzNS8xMDk3NzQ2MDMyOTgyNTY5;SEM;2021-10-08;2021-05-17;;982569;;;;LIVERPOOL;MX;2021-10-08 03:24;TCL;Pantalla TCL LED Smart TV de 55 pulgadas 4K/Ultra HD Modelo 55A435;https://www.liverpool.com.mx/tienda/pdp/Pantalla-TCL-LED-Smart-TV-de-55-pulgadas-4K/Ultra-HD-Modelo-55A435/1097746032;CE;5;https://www.liverpool.com.mx/
99;aHR0cHM6Ly93d3cubGl2ZXJwb29sLmNvbS5teC90aWVuZGEvcGRwL1BhbnRhbGxhLVRDTC1MRUQtU21hcnQtVFYtZGUtNTUtcHVsZ2FkYXMtNEsvVWx0cmEtSEQtTW9kZWxvLTU1QTQzNS8xMDk3NzQ2MDMyOTk1OTA1;SEM;2021-10-08;2021-05-22;;995905;;;;LIVERPOOL;MX;2021-10-08 03:24;TCL;Pantalla TCL LED Smart TV de 55 pulgadas 4K/Ultra HD Modelo 55A435;https://www.liverpool.com.mx/tienda/pdp/Pantalla-TCL-LED-Smart-TV-de-55-pulgadas-4K/Ultra-HD-Modelo-55A435/1097746032;CE;5;https://www.liverpool.com.mx/
100;aHR0cHM6Ly93d3cubGl2ZXJwb29sLmNvbS5teC90aWVuZGEvcGRwL1BhbnRhbGxhLVRDTC1MRUQtU21hcnQtVFYtZGUtNTUtcHVsZ2FkYXMtNEsvVWx0cmEtSEQtTW9kZWxvLTU1QTQzNS8xMDk3NzQ2MDMyMTA5OTExMw==;SEM;2021-10-08;2021-06-25;;1099113;;;;LIVERPOOL;MX;2021-10-08 03:24;TCL;Pantalla TCL LED Smart TV de 55 pulgadas 4K/Ultra HD Modelo 55A435;https://www.liverpool.com.mx/tienda/pdp/Pantalla-TCL-LED-Smart-TV-de-55-pulgadas-4K/Ultra-HD-Modelo-55A435/1097746032;CE;5;https://www.liverpool.com.mx/
101;aHR0cHM6Ly93d3cubGl2ZXJwb29sLmNvbS5teC90aWVuZGEvcGRwL1BhbnRhbGxhLVRDTC1MRUQtU21hcnQtVFYtZGUtNTUtcHVsZ2FkYXMtNEsvVWx0cmEtSEQtTW9kZWxvLTU1QTQzNS8xMDk3NzQ2MDMyNjQ2Nzcx;SEM;2021-10-08;2020-11-12;;646771;;;;LIVERPOOL;MX;2021-10-08 03:24;TCL;Pantalla TCL LED Smart TV de 55 pulgadas 4K/Ultra HD Modelo 55A435;https://www.liverpool.com.mx/tienda/pdp/Pantalla-TCL-LED-Smart-TV-de-55-pulgadas-4K/Ultra-HD-Modelo-55A435/1097746032;CE;5;https://www.liverpool.com.mx/
102;aHR0cHM6Ly93d3cubGl2ZXJwb29sLmNvbS5teC90aWVuZGEvcGRwL1BhbnRhbGxhLVRDTC1MRUQtU21hcnQtVFYtZGUtNTUtcHVsZ2FkYXMtNEsvVWx0cmEtSEQtTW9kZWxvLTU1QTQzNS8xMDk3NzQ2MDMyNjY5NTYx;SEM;2021-10-08;2020-12-15;;669561;;;;LIVERPOOL;MX;2021-10-08 03:24;TCL;Pantalla TCL LED Smart TV de 55 pulgadas 4K/Ultra HD Modelo 55A435;https://www.liverpool.com.mx/tienda/pdp/Pantalla-TCL-LED-Smart-TV-de-55-pulgadas-4K/Ultra-HD-Modelo-55A435/1097746032;CE;5;https://www.liverpool.com.mx/
103;aHR0cHM6Ly93d3cubGl2ZXJwb29sLmNvbS5teC90aWVuZGEvcGRwL1BhbnRhbGxhLVRDTC1MRUQtU21hcnQtVFYtZGUtNTUtcHVsZ2FkYXMtNEsvVWx0cmEtSEQtTW9kZWxvLTU1QTQzNS8xMDk3NzQ2MDMyNjQwODk4;SEM;2021-10-08;2020-11-03;;640898;;;;LIVERPOOL;MX;2021-10-08 03:24;TCL;Pantalla TCL LED Smart TV de 55 pulgadas 4K/Ultra HD Modelo 55A435;https://www.liverpool.com.mx/tienda/pdp/Pantalla-TCL-LED-Smart-TV-de-55-pulgadas-4K/Ultra-HD-Modelo-55A435/1097746032;CE;5;https://www.liverpool.com.mx/
104;aHR0cHM6Ly93d3cubGl2ZXJwb29sLmNvbS5teC90aWVuZGEvcGRwL1BhbnRhbGxhLVRDTC1MRUQtU21hcnQtVFYtZGUtNTUtcHVsZ2FkYXMtNEsvVWx0cmEtSEQtTW9kZWxvLTU1QTQzNS8xMDk3NzQ2MDMyNjAzMjky;SEM;2021-10-08;2020-09-14;;603292;;;;LIVERPOOL;MX;2021-10-08 03:24;TCL;Pantalla TCL LED Smart TV de 55 pulgadas 4K/Ultra HD Modelo 55A435;https://www.liverpool.com.mx/tienda/pdp/Pantalla-TCL-LED-Smart-TV-de-55-pulgadas-4K/Ultra-HD-Modelo-55A435/1097746032;CE;5;https://www.liverpool.com.mx/
105;aHR0cHM6Ly93d3cubGl2ZXJwb29sLmNvbS5teC90aWVuZGEvcGRwL1BhbnRhbGxhLVRDTC1MRUQtU21hcnQtVFYtZGUtNTUtcHVsZ2FkYXMtNEsvVWx0cmEtSEQtTW9kZWxvLTU1QTQzNS8xMDk3NzQ2MDMyNjMxMjA2;SEM;2021-10-08;2020-10-16;;631206;;;;LIVERPOOL;MX;2021-10-08 03:24;TCL;Pantalla TCL LED Smart TV de 55 pulgadas 4K/Ultra HD Modelo 55A435;https://www.liverpool.com.mx/tienda/pdp/Pantalla-TCL-LED-Smart-TV-de-55-pulgadas-4K/Ultra-HD-Modelo-55A435/1097746032;CE;5;https://www.liverpool.com.mx/
106;aHR0cHM6Ly93d3cubGl2ZXJwb29sLmNvbS5teC90aWVuZGEvcGRwL1BhbnRhbGxhLVRDTC1MRUQtU21hcnQtVFYtZGUtNTUtcHVsZ2FkYXMtNEsvVWx0cmEtSEQtTW9kZWxvLTU1QTQzNS8xMDk3NzQ2MDMyNjEyNTE5;SEM;2021-10-08;2020-09-23;;612519;;;;LIVERPOOL;MX;2021-10-08 03:24;TCL;Pantalla TCL LED Smart TV de 55 pulgadas 4K/Ultra HD Modelo 55A435;https://www.liverpool.com.mx/tienda/pdp/Pantalla-TCL-LED-Smart-TV-de-55-pulgadas-4K/Ultra-HD-Modelo-55A435/1097746032;CE;5;https://www.liverpool.com.mx/
107;aHR0cHM6Ly93d3cubGl2ZXJwb29sLmNvbS5teC90aWVuZGEvcGRwL1BhbnRhbGxhLVRDTC1MRUQtU21hcnQtVFYtZGUtNTUtcHVsZ2FkYXMtNEsvVWx0cmEtSEQtTW9kZWxvLTU1QTQzNS8xMDk3NzQ2MDMyNjQxOTY1;SEM;2021-10-08;2020-11-05;;641965;;;;LIVERPOOL;MX;2021-10-08 03:24;TCL;Pantalla TCL LED Smart TV de 55 pulgadas 4K/Ultra HD Modelo 55A435;https://www.liverpool.com.mx/tienda/pdp/Pantalla-TCL-LED-Smart-TV-de-55-pulgadas-4K/Ultra-HD-Modelo-55A435/1097746032;CE;5;https://www.liverpool.com.mx/
108;aHR0cHM6Ly93d3cubGl2ZXJwb29sLmNvbS5teC90aWVuZGEvcGRwL1BhbnRhbGxhLVRDTC1MRUQtU21hcnQtVFYtZGUtNTUtcHVsZ2FkYXMtNEsvVWx0cmEtSEQtTW9kZWxvLTU1QTQzNS8xMDk3NzQ2MDMyNjY2Mjkx;SEM;2021-10-08;2020-12-09;;666291;;;;LIVERPOOL;MX;2021-10-08 03:24;TCL;Pantalla TCL LED Smart TV de 55 pulgadas 4K/Ultra HD Modelo 55A435;https://www.liverpool.com.mx/tienda/pdp/Pantalla-TCL-LED-Smart-TV-de-55-pulgadas-4K/Ultra-HD-Modelo-55A435/1097746032;CE;5;https://www.liverpool.com.mx/
109;aHR0cHM6Ly93d3cubGl2ZXJwb29sLmNvbS5teC90aWVuZGEvcGRwL1BhbnRhbGxhLVRDTC1MRUQtU21hcnQtVFYtZGUtNTUtcHVsZ2FkYXMtNEsvVWx0cmEtSEQtTW9kZWxvLTU1QTQzNS8xMDk3NzQ2MDMyMTA4OTQ3MQ==;SEM;2021-10-08;2021-06-22;;1089471;;;;LIVERPOOL;MX;2021-10-08 03:24;TCL;Pantalla TCL LED Smart TV de 55 pulgadas 4K/Ultra HD Modelo 55A435;https://www.liverpool.com.mx/tienda/pdp/Pantalla-TCL-LED-Smart-TV-de-55-pulgadas-4K/Ultra-HD-Modelo-55A435/1097746032;CE;5;https://www.liverpool.com.mx/
110;aHR0cHM6Ly93d3cubGl2ZXJwb29sLmNvbS5teC90aWVuZGEvcGRwL1BhbnRhbGxhLVRDTC1MRUQtU21hcnQtVFYtZGUtNTUtcHVsZ2FkYXMtNEsvVWx0cmEtSEQtTW9kZWxvLTU1QTQzNS8xMDk3NzQ2MDMyNjU3MzUx;SEM;2021-10-08;2020-11-25;;657351;;;;LIVERPOOL;MX;2021-10-08 03:24;TCL;Pantalla TCL LED Smart TV de 55 pulgadas 4K/Ultra HD Modelo 55A435;https://www.liverpool.com.mx/tienda/pdp/Pantalla-TCL-LED-Smart-TV-de-55-pulgadas-4K/Ultra-HD-Modelo-55A435/1097746032;CE;5;https://www.liverpool.com.mx/
111;aHR0cHM6Ly93d3cubGl2ZXJwb29sLmNvbS5teC90aWVuZGEvcGRwL1BhbnRhbGxhLVRDTC1MRUQtU21hcnQtVFYtZGUtNTUtcHVsZ2FkYXMtNEsvVWx0cmEtSEQtTW9kZWxvLTU1QTQzNS8xMDk3NzQ2MDMyOTEwMjk0;SEM;2021-10-08;2021-04-18;;910294;;;;LIVERPOOL;MX;2021-10-08 03:24;TCL;Pantalla TCL LED Smart TV de 55 pulgadas 4K/Ultra HD Modelo 55A435;https://www.liverpool.com.mx/tienda/pdp/Pantalla-TCL-LED-Smart-TV-de-55-pulgadas-4K/Ultra-HD-Modelo-55A435/1097746032;CE;5;https://www.liverpool.com.mx/
112;aHR0cHM6Ly93d3cubGl2ZXJwb29sLmNvbS5teC90aWVuZGEvcGRwL1BhbnRhbGxhLVRDTC1MRUQtU21hcnQtVFYtZGUtNTUtcHVsZ2FkYXMtNEsvVWx0cmEtSEQtTW9kZWxvLTU1QTQzNS8xMDk3NzQ2MDMyNTk3NDc4;SEM;2021-10-08;2020-09-10;;597478;;;;LIVERPOOL;MX;2021-10-08 03:24;TCL;Pantalla TCL LED Smart TV de 55 pulgadas 4K/Ultra HD Modelo 55A435;https://www.liverpool.com.mx/tienda/pdp/Pantalla-TCL-LED-Smart-TV-de-55-pulgadas-4K/Ultra-HD-Modelo-55A435/1097746032;CE;5;https://www.liverpool.com.mx/
113;aHR0cHM6Ly93d3cubGl2ZXJwb29sLmNvbS5teC90aWVuZGEvcGRwL1BhbnRhbGxhLVRDTC1MRUQtU21hcnQtVFYtZGUtNTUtcHVsZ2FkYXMtNEsvVWx0cmEtSEQtTW9kZWxvLTU1QTQzNS8xMDk3NzQ2MDMyOTI0OTY1;SEM;2021-10-08;2021-04-28;;924965;;;;LIVERPOOL;MX;2021-10-08 03:24;TCL;Pantalla TCL LED Smart TV de 55 pulgadas 4K/Ultra HD Modelo 55A435;https://www.liverpool.com.mx/tienda/pdp/Pantalla-TCL-LED-Smart-TV-de-55-pulgadas-4K/Ultra-HD-Modelo-55A435/1097746032;CE;4;https://www.liverpool.com.mx/
114;aHR0cHM6Ly93d3cubGl2ZXJwb29sLmNvbS5teC90aWVuZGEvcGRwL1BhbnRhbGxhLVRDTC1MRUQtU21hcnQtVFYtZGUtNTUtcHVsZ2FkYXMtNEsvVWx0cmEtSEQtTW9kZWxvLTU1QTQzNS8xMDk3NzQ2MDMyMTI1NTY5NA==;SEM;2021-10-08;2021-09-09;;1255694;;;;LIVERPOOL;MX;2021-10-08 03:24;TCL;Pantalla TCL LED Smart TV de 55 pulgadas 4K/Ultra HD Modelo 55A435;https://www.liverpool.com.mx/tienda/pdp/Pantalla-TCL-LED-Smart-TV-de-55-pulgadas-4K/Ultra-HD-Modelo-55A435/1097746032;CE;5;https://www.liverpool.com.mx/
115;aHR0cHM6Ly93d3cubGl2ZXJwb29sLmNvbS5teC90aWVuZGEvcGRwL1BhbnRhbGxhLVRDTC1MRUQtU21hcnQtVFYtZGUtNTUtcHVsZ2FkYXMtNEsvVWx0cmEtSEQtTW9kZWxvLTU1QTQzNS8xMDk3NzQ2MDMyMTEyNjE2MQ==;SEM;2021-10-08;2021-07-06;;1126161;;;;LIVERPOOL;MX;2021-10-08 03:24;TCL;Pantalla TCL LED Smart TV de 55 pulgadas 4K/Ultra HD Modelo 55A435;https://www.liverpool.com.mx/tienda/pdp/Pantalla-TCL-LED-Smart-TV-de-55-pulgadas-4K/Ultra-HD-Modelo-55A435/1097746032;CE;5;https://www.liverpool.com.mx/
116;aHR0cHM6Ly93d3cubGl2ZXJwb29sLmNvbS5teC90aWVuZGEvcGRwL1BhbnRhbGxhLVRDTC1MRUQtU21hcnQtVFYtZGUtNTUtcHVsZ2FkYXMtNEsvVWx0cmEtSEQtTW9kZWxvLTU1QTQzNS8xMDk3NzQ2MDMyMTI1NTIxNg==;SEM;2021-10-08;2021-09-09;;1255216;;;;LIVERPOOL;MX;2021-10-08 03:24;TCL;Pantalla TCL LED Smart TV de 55 pulgadas 4K/Ultra HD Modelo 55A435;https://www.liverpool.com.mx/tienda/pdp/Pantalla-TCL-LED-Smart-TV-de-55-pulgadas-4K/Ultra-HD-Modelo-55A435/1097746032;CE;5;https://www.liverpool.com.mx/
117;aHR0cHM6Ly93d3cubGl2ZXJwb29sLmNvbS5teC90aWVuZGEvcGRwL1BhbnRhbGxhLVRDTC1MRUQtU21hcnQtVFYtZGUtNTUtcHVsZ2FkYXMtNEsvVWx0cmEtSEQtTW9kZWxvLTU1QTQzNS8xMDk3NzQ2MDMyODIzODYz;SEM;2021-10-08;2021-03-03;;823863;;;;LIVERPOOL;MX;2021-10-08 03:24;TCL;Pantalla TCL LED Smart TV de 55 pulgadas 4K/Ultra HD Modelo 55A435;https://www.liverpool.com.mx/tienda/pdp/Pantalla-TCL-LED-Smart-TV-de-55-pulgadas-4K/Ultra-HD-Modelo-55A435/1097746032;CE;5;https://www.liverpool.com.mx/
118;aHR0cHM6Ly93d3cubGl2ZXJwb29sLmNvbS5teC90aWVuZGEvcGRwL1BhbnRhbGxhLVRDTC1MRUQtU21hcnQtVFYtZGUtNTUtcHVsZ2FkYXMtNEsvVWx0cmEtSEQtTW9kZWxvLTU1QTQzNS8xMDk3NzQ2MDMyMTIzODU4Mw==;SEM;2021-10-08;2021-08-30;;1238583;;;;LIVERPOOL;MX;2021-10-08 03:24;TCL;Pantalla TCL LED Smart TV de 55 pulgadas 4K/Ultra HD Modelo 55A435;https://www.liverpool.com.mx/tienda/pdp/Pantalla-TCL-LED-Smart-TV-de-55-pulgadas-4K/Ultra-HD-Modelo-55A435/1097746032;CE;5;https://www.liverpool.com.mx/
119;aHR0cHM6Ly93d3cubGl2ZXJwb29sLmNvbS5teC90aWVuZGEvcGRwL1BhbnRhbGxhLVRDTC1MRUQtU21hcnQtVFYtZGUtNTUtcHVsZ2FkYXMtNEsvVWx0cmEtSEQtTW9kZWxvLTU1QTQzNS8xMDk3NzQ2MDMyMTE1MTgxMQ==;SEM;2021-10-08;2021-07-19;;1151811;;;;LIVERPOOL;MX;2021-10-08 03:24;TCL;Pantalla TCL LED Smart TV de 55 pulgadas 4K/Ultra HD Modelo 55A435;https://www.liverpool.com.mx/tienda/pdp/Pantalla-TCL-LED-Smart-TV-de-55-pulgadas-4K/Ultra-HD-Modelo-55A435/1097746032;CE;5;https://www.liverpool.com.mx/
120;aHR0cHM6Ly93d3cubGl2ZXJwb29sLmNvbS5teC90aWVuZGEvcGRwL1BhbnRhbGxhLVRDTC1MRUQtU21hcnQtVFYtZGUtNTUtcHVsZ2FkYXMtNEsvVWx0cmEtSEQtTW9kZWxvLTU1QTQzNS8xMDk3NzQ2MDMyODA4Mjc2;SEM;2021-10-08;2021-02-24;;808276;;;;LIVERPOOL;MX;2021-10-08 03:24;TCL;Pantalla TCL LED Smart TV de 55 pulgadas 4K/Ultra HD Modelo 55A435;https://www.liverpool.com.mx/tienda/pdp/Pantalla-TCL-LED-Smart-TV-de-55-pulgadas-4K/Ultra-HD-Modelo-55A435/1097746032;CE;5;https://www.liverpool.com.mx/
121;aHR0cHM6Ly93d3cubGl2ZXJwb29sLmNvbS5teC90aWVuZGEvcGRwL1BhbnRhbGxhLVRDTC1MRUQtU21hcnQtVFYtZGUtNTUtcHVsZ2FkYXMtNEsvVWx0cmEtSEQtTW9kZWxvLTU1QTQzNS8xMDk3NzQ2MDMyMTE1NjQzOQ==;SEM;2021-10-08;2021-07-21;;1156439;;;;LIVERPOOL;MX;2021-10-08 03:24;TCL;Pantalla TCL LED Smart TV de 55 pulgadas 4K/Ultra HD Modelo 55A435;https://www.liverpool.com.mx/tienda/pdp/Pantalla-TCL-LED-Smart-TV-de-55-pulgadas-4K/Ultra-HD-Modelo-55A435/1097746032;CE;5;https://www.liverpool.com.mx/
122;aHR0cHM6Ly93d3cubGl2ZXJwb29sLmNvbS5teC90aWVuZGEvcGRwL1BhbnRhbGxhLVRDTC1MRUQtU21hcnQtVFYtZGUtNTUtcHVsZ2FkYXMtNEsvVWx0cmEtSEQtTW9kZWxvLTU1QTQzNS8xMDk3NzQ2MDMyMTIxODY3MA==;SEM;2021-10-08;2021-08-19;;1218670;;;;LIVERPOOL;MX;2021-10-08 03:24;TCL;Pantalla TCL LED Smart TV de 55 pulgadas 4K/Ultra HD Modelo 55A435;https://www.liverpool.com.mx/tienda/pdp/Pantalla-TCL-LED-Smart-TV-de-55-pulgadas-4K/Ultra-HD-Modelo-55A435/1097746032;CE;5;https://www.liverpool.com.mx/
123;aHR0cHM6Ly93d3cubGl2ZXJwb29sLmNvbS5teC90aWVuZGEvcGRwL1BhbnRhbGxhLVNhbXN1bmctTEVELVNtYXJ0LVRWLWRlLTUwLVB1bGdhZGFzLTRLLVVONTBBVTkwMDBGWFpYLzExMDYwMDc4NzYxMjk2MjAx;SEM;2021-10-08;2021-10-02;;1296201;;;;LIVERPOOL;MX;2021-10-08 03:24;SAMSUNG;Pantalla Samsung LED Smart TV de 50 Pulgadas 4K UN50AU9000FXZX;https://www.liverpool.com.mx/tienda/pdp/Pantalla-Samsung-LED-Smart-TV-de-50-Pulgadas-4K-UN50AU9000FXZX/1106007876;CE;5;https://www.liverpool.com.mx/
124;aHR0cHM6Ly93d3cubGl2ZXJwb29sLmNvbS5teC90aWVuZGEvcGRwL1BhbnRhbGxhLVNhbXN1bmctTEVELVNtYXJ0LVRWLWRlLTUwLVB1bGdhZGFzLTRLLVVONTBBVTkwMDBGWFpYLzExMDYwMDc4NzYxMDg2MzUx;SEM;2021-10-08;2021-06-21;;1086351;;;;LIVERPOOL;MX;2021-10-08 03:24;SAMSUNG;Pantalla Samsung LED Smart TV de 50 Pulgadas 4K UN50AU9000FXZX;https://www.liverpool.com.mx/tienda/pdp/Pantalla-Samsung-LED-Smart-TV-de-50-Pulgadas-4K-UN50AU9000FXZX/1106007876;CE;5;https://www.liverpool.com.mx/
125;aHR0cHM6Ly93d3cubGl2ZXJwb29sLmNvbS5teC90aWVuZGEvcGRwL1BhbnRhbGxhLVNhbXN1bmctTEVELVNtYXJ0LVRWLWRlLTUwLVB1bGdhZGFzLTRLLVVONTBBVTkwMDBGWFpYLzExMDYwMDc4NzYxMzAzMDEz;SEM;2021-10-08;2021-10-05;;1303013;;;;LIVERPOOL;MX;2021-10-08 03:24;SAMSUNG;Pantalla Samsung LED Smart TV de 50 Pulgadas 4K UN50AU9000FXZX;https://www.liverpool.com.mx/tienda/pdp/Pantalla-Samsung-LED-Smart-TV-de-50-Pulgadas-4K-UN50AU9000FXZX/1106007876;CE;4;https://www.liverpool.com.mx/
126;aHR0cHM6Ly93d3cubGl2ZXJwb29sLmNvbS5teC90aWVuZGEvcGRwL1BhbnRhbGxhLVNhbXN1bmctTEVELVNtYXJ0LVRWLWRlLTUwLVB1bGdhZGFzLTRLLVVONTBBVTkwMDBGWFpYLzExMDYwMDc4NzYxMjUwODIx;SEM;2021-10-08;2021-09-06;;1250821;;;;LIVERPOOL;MX;2021-10-08 03:24;SAMSUNG;Pantalla Samsung LED Smart TV de 50 Pulgadas 4K UN50AU9000FXZX;https://www.liverpool.com.mx/tienda/pdp/Pantalla-Samsung-LED-Smart-TV-de-50-Pulgadas-4K-UN50AU9000FXZX/1106007876;CE;5;https://www.liverpool.com.mx/
127;aHR0cHM6Ly93d3cubGl2ZXJwb29sLmNvbS5teC90aWVuZGEvcGRwL1BhbnRhbGxhLVNhbXN1bmctTEVELVNtYXJ0LVRWLWRlLTUwLVB1bGdhZGFzLTRLLVVONTBBVTkwMDBGWFpYLzExMDYwMDc4NzYxMTQ1MTI0;SEM;2021-10-08;2021-07-15;;1145124;;;;LIVERPOOL;MX;2021-10-08 03:24;SAMSUNG;Pantalla Samsung LED Smart TV de 50 Pulgadas 4K UN50AU9000FXZX;https://www.liverpool.com.mx/tienda/pdp/Pantalla-Samsung-LED-Smart-TV-de-50-Pulgadas-4K-UN50AU9000FXZX/1106007876;CE;5;https://www.liverpool.com.mx/
128;aHR0cHM6Ly93d3cubGl2ZXJwb29sLmNvbS5teC90aWVuZGEvcGRwL1BhbnRhbGxhLVNvbnktTENELXNtYXJ0LVRWLWRlLTMyLXB1bGdhZGFzLUZVTEwtSEQtY29uLUxpbnV4LzEwNDc2Njk1NTAzMjcxMw==;SEM;2021-10-08;2019-03-24;;32713;;;;LIVERPOOL;MX;2021-10-08 03:29;SONY;Pantalla Sony LCD smart TV de 32 pulgadas FULL HD con Linux;https://www.liverpool.com.mx/tienda/pdp/Pantalla-Sony-LCD-smart-TV-de-32-pulgadas-FULL-HD-con-Linux/1047669550;CE;5;https://www.liverpool.com.mx/
129;aHR0cHM6Ly93d3cubGl2ZXJwb29sLmNvbS5teC90aWVuZGEvcGRwL1BhbnRhbGxhLVNvbnktTENELXNtYXJ0LVRWLWRlLTMyLXB1bGdhZGFzLUZVTEwtSEQtY29uLUxpbnV4LzEwNDc2Njk1NTA5Mjc0ODI=;SEM;2021-10-08;2021-04-30;;927482;;;;LIVERPOOL;MX;2021-10-08 03:29;SONY;Pantalla Sony LCD smart TV de 32 pulgadas FULL HD con Linux;https://www.liverpool.com.mx/tienda/pdp/Pantalla-Sony-LCD-smart-TV-de-32-pulgadas-FULL-HD-con-Linux/1047669550;CE;5;https://www.liverpool.com.mx/
130;aHR0cHM6Ly93d3cubGl2ZXJwb29sLmNvbS5teC90aWVuZGEvcGRwL1BhbnRhbGxhLVNvbnktTENELXNtYXJ0LVRWLWRlLTMyLXB1bGdhZGFzLUZVTEwtSEQtY29uLUxpbnV4LzEwNDc2Njk1NTA0NDc0MTE=;SEM;2021-10-08;2020-07-31;;447411;;;;LIVERPOOL;MX;2021-10-08 03:29;SONY;Pantalla Sony LCD smart TV de 32 pulgadas FULL HD con Linux;https://www.liverpool.com.mx/tienda/pdp/Pantalla-Sony-LCD-smart-TV-de-32-pulgadas-FULL-HD-con-Linux/1047669550;CE;1;https://www.liverpool.com.mx/
131;aHR0cHM6Ly93d3cubGl2ZXJwb29sLmNvbS5teC90aWVuZGEvcGRwL1BhbnRhbGxhLVNvbnktTENELXNtYXJ0LVRWLWRlLTMyLXB1bGdhZGFzLUZVTEwtSEQtY29uLUxpbnV4LzEwNDc2Njk1NTA2MDA1ODE=;SEM;2021-10-08;2020-09-12;;600581;;;;LIVERPOOL;MX;2021-10-08 03:29;SONY;Pantalla Sony LCD smart TV de 32 pulgadas FULL HD con Linux;https://www.liverpool.com.mx/tienda/pdp/Pantalla-Sony-LCD-smart-TV-de-32-pulgadas-FULL-HD-con-Linux/1047669550;CE;5;https://www.liverpool.com.mx/
132;aHR0cHM6Ly93d3cubGl2ZXJwb29sLmNvbS5teC90aWVuZGEvcGRwL1BhbnRhbGxhLVNvbnktTENELXNtYXJ0LVRWLWRlLTMyLXB1bGdhZGFzLUZVTEwtSEQtY29uLUxpbnV4LzEwNDc2Njk1NTA3MTQzMDI=;SEM;2021-10-08;2021-01-04;;714302;;;;LIVERPOOL;MX;2021-10-08 03:29;SONY;Pantalla Sony LCD smart TV de 32 pulgadas FULL HD con Linux;https://www.liverpool.com.mx/tienda/pdp/Pantalla-Sony-LCD-smart-TV-de-32-pulgadas-FULL-HD-con-Linux/1047669550;CE;5;https://www.liverpool.com.mx/
133;aHR0cHM6Ly93d3cubGl2ZXJwb29sLmNvbS5teC90aWVuZGEvcGRwL1BhbnRhbGxhLVNvbnktTENELXNtYXJ0LVRWLWRlLTMyLXB1bGdhZGFzLUZVTEwtSEQtY29uLUxpbnV4LzEwNDc2Njk1NTAyOTIzNzg=;SEM;2021-10-08;2020-06-10;;292378;;;;LIVERPOOL;MX;2021-10-08 03:29;SONY;Pantalla Sony LCD smart TV de 32 pulgadas FULL HD con Linux;https://www.liverpool.com.mx/tienda/pdp/Pantalla-Sony-LCD-smart-TV-de-32-pulgadas-FULL-HD-con-Linux/1047669550;CE;4;https://www.liverpool.com.mx/
134;aHR0cHM6Ly93d3cubGl2ZXJwb29sLmNvbS5teC90aWVuZGEvcGRwL1BhbnRhbGxhLVNvbnktTENELXNtYXJ0LVRWLWRlLTMyLXB1bGdhZGFzLUZVTEwtSEQtY29uLUxpbnV4LzEwNDc2Njk1NTA0MDYyNzI=;SEM;2021-10-08;2020-07-18;;406272;;;;LIVERPOOL;MX;2021-10-08 03:29;SONY;Pantalla Sony LCD smart TV de 32 pulgadas FULL HD con Linux;https://www.liverpool.com.mx/tienda/pdp/Pantalla-Sony-LCD-smart-TV-de-32-pulgadas-FULL-HD-con-Linux/1047669550;CE;5;https://www.liverpool.com.mx/
135;aHR0cHM6Ly93d3cubGl2ZXJwb29sLmNvbS5teC90aWVuZGEvcGRwL1BhbnRhbGxhLVNvbnktTENELXNtYXJ0LVRWLWRlLTMyLXB1bGdhZGFzLUZVTEwtSEQtY29uLUxpbnV4LzEwNDc2Njk1NTA1NzU1MDQ=;SEM;2021-10-08;2020-09-02;;575504;;;;LIVERPOOL;MX;2021-10-08 03:29;SONY;Pantalla Sony LCD smart TV de 32 pulgadas FULL HD con Linux;https://www.liverpool.com.mx/tienda/pdp/Pantalla-Sony-LCD-smart-TV-de-32-pulgadas-FULL-HD-con-Linux/1047669550;CE;5;https://www.liverpool.com.mx/
136;aHR0cHM6Ly93d3cubGl2ZXJwb29sLmNvbS5teC90aWVuZGEvcGRwL1BhbnRhbGxhLVNvbnktTENELXNtYXJ0LVRWLWRlLTMyLXB1bGdhZGFzLUZVTEwtSEQtY29uLUxpbnV4LzEwNDc2Njk1NTA0NTQxOTg=;SEM;2021-10-08;2020-08-01;;454198;;;;LIVERPOOL;MX;2021-10-08 03:29;SONY;Pantalla Sony LCD smart TV de 32 pulgadas FULL HD con Linux;https://www.liverpool.com.mx/tienda/pdp/Pantalla-Sony-LCD-smart-TV-de-32-pulgadas-FULL-HD-con-Linux/1047669550;CE;5;https://www.liverpool.com.mx/
137;aHR0cHM6Ly93d3cubGl2ZXJwb29sLmNvbS5teC90aWVuZGEvcGRwL1BhbnRhbGxhLVNvbnktTENELXNtYXJ0LVRWLWRlLTMyLXB1bGdhZGFzLUZVTEwtSEQtY29uLUxpbnV4LzEwNDc2Njk1NTAxMjQ4ODQ2;SEM;2021-10-08;2021-09-05;;1248846;;;;LIVERPOOL;MX;2021-10-08 03:29;SONY;Pantalla Sony LCD smart TV de 32 pulgadas FULL HD con Linux;https://www.liverpool.com.mx/tienda/pdp/Pantalla-Sony-LCD-smart-TV-de-32-pulgadas-FULL-HD-con-Linux/1047669550;CE;5;https://www.liverpool.com.mx/
138;aHR0cHM6Ly93d3cubGl2ZXJwb29sLmNvbS5teC90aWVuZGEvcGRwL1BhbnRhbGxhLVNvbnktTENELXNtYXJ0LVRWLWRlLTMyLXB1bGdhZGFzLUZVTEwtSEQtY29uLUxpbnV4LzEwNDc2Njk1NTAxMDY1NTUx;SEM;2021-10-08;2021-06-14;;1065551;;;;LIVERPOOL;MX;2021-10-08 03:29;SONY;Pantalla Sony LCD smart TV de 32 pulgadas FULL HD con Linux;https://www.liverpool.com.mx/tienda/pdp/Pantalla-Sony-LCD-smart-TV-de-32-pulgadas-FULL-HD-con-Linux/1047669550;CE;5;https://www.liverpool.com.mx/
139;aHR0cHM6Ly93d3cubGl2ZXJwb29sLmNvbS5teC90aWVuZGEvcGRwL1BhbnRhbGxhLVNvbnktTENELXNtYXJ0LVRWLWRlLTMyLXB1bGdhZGFzLUZVTEwtSEQtY29uLUxpbnV4LzEwNDc2Njk1NTAxMjk1MTk5;SEM;2021-10-08;2021-10-01;;1295199;;;;LIVERPOOL;MX;2021-10-08 03:29;SONY;Pantalla Sony LCD smart TV de 32 pulgadas FULL HD con Linux;https://www.liverpool.com.mx/tienda/pdp/Pantalla-Sony-LCD-smart-TV-de-32-pulgadas-FULL-HD-con-Linux/1047669550;CE;5;https://www.liverpool.com.mx/
140;aHR0cHM6Ly93d3cubGl2ZXJwb29sLmNvbS5teC90aWVuZGEvcGRwL1BhbnRhbGxhLVNvbnktTENELXNtYXJ0LVRWLWRlLTMyLXB1bGdhZGFzLUZVTEwtSEQtY29uLUxpbnV4LzEwNDc2Njk1NTAxMTEzNDM5;SEM;2021-10-08;2021-06-30;;1113439;;;;LIVERPOOL;MX;2021-10-08 03:29;SONY;Pantalla Sony LCD smart TV de 32 pulgadas FULL HD con Linux;https://www.liverpool.com.mx/tienda/pdp/Pantalla-Sony-LCD-smart-TV-de-32-pulgadas-FULL-HD-con-Linux/1047669550;CE;5;https://www.liverpool.com.mx/
141;aHR0cHM6Ly93d3cubGl2ZXJwb29sLmNvbS5teC90aWVuZGEvcGRwL1BhbnRhbGxhLVNvbnktTENELXNtYXJ0LVRWLWRlLTMyLXB1bGdhZGFzLUZVTEwtSEQtY29uLUxpbnV4LzEwNDc2Njk1NTA1NjYxMjg=;SEM;2021-10-08;2020-08-30;;566128;;;;LIVERPOOL;MX;2021-10-08 03:29;SONY;Pantalla Sony LCD smart TV de 32 pulgadas FULL HD con Linux;https://www.liverpool.com.mx/tienda/pdp/Pantalla-Sony-LCD-smart-TV-de-32-pulgadas-FULL-HD-con-Linux/1047669550;CE;5;https://www.liverpool.com.mx/
142;aHR0cHM6Ly93d3cubGl2ZXJwb29sLmNvbS5teC90aWVuZGEvcGRwL1BhbnRhbGxhLVNvbnktTENELXNtYXJ0LVRWLWRlLTMyLXB1bGdhZGFzLUZVTEwtSEQtY29uLUxpbnV4LzEwNDc2Njk1NTA1MzIzNzY=;SEM;2021-10-08;2020-08-19;;532376;;;;LIVERPOOL;MX;2021-10-08 03:29;SONY;Pantalla Sony LCD smart TV de 32 pulgadas FULL HD con Linux;https://www.liverpool.com.mx/tienda/pdp/Pantalla-Sony-LCD-smart-TV-de-32-pulgadas-FULL-HD-con-Linux/1047669550;CE;5;https://www.liverpool.com.mx/
143;aHR0cHM6Ly93d3cubGl2ZXJwb29sLmNvbS5teC90aWVuZGEvcGRwL1BhbnRhbGxhLVNvbnktTENELXNtYXJ0LVRWLWRlLTMyLXB1bGdhZGFzLUZVTEwtSEQtY29uLUxpbnV4LzEwNDc2Njk1NTA1NzY0NDM=;SEM;2021-10-08;2020-09-02;;576443;;;;LIVERPOOL;MX;2021-10-08 03:29;SONY;Pantalla Sony LCD smart TV de 32 pulgadas FULL HD con Linux;https://www.liverpool.com.mx/tienda/pdp/Pantalla-Sony-LCD-smart-TV-de-32-pulgadas-FULL-HD-con-Linux/1047669550;CE;5;https://www.liverpool.com.mx/
144;aHR0cHM6Ly93d3cubGl2ZXJwb29sLmNvbS5teC90aWVuZGEvcGRwL1BhbnRhbGxhLVNvbnktTENELXNtYXJ0LVRWLWRlLTMyLXB1bGdhZGFzLUZVTEwtSEQtY29uLUxpbnV4LzEwNDc2Njk1NTAxMDUxMzUy;SEM;2021-10-08;2021-06-10;;1051352;;;;LIVERPOOL;MX;2021-10-08 03:29;SONY;Pantalla Sony LCD smart TV de 32 pulgadas FULL HD con Linux;https://www.liverpool.com.mx/tienda/pdp/Pantalla-Sony-LCD-smart-TV-de-32-pulgadas-FULL-HD-con-Linux/1047669550;CE;5;https://www.liverpool.com.mx/
145;aHR0cHM6Ly93d3cubGl2ZXJwb29sLmNvbS5teC90aWVuZGEvcGRwL1BhbnRhbGxhLVNvbnktTENELXNtYXJ0LVRWLWRlLTMyLXB1bGdhZGFzLUZVTEwtSEQtY29uLUxpbnV4LzEwNDc2Njk1NTAxMDcyMDky;SEM;2021-10-08;2021-06-16;;1072092;;;;LIVERPOOL;MX;2021-10-08 03:29;SONY;Pantalla Sony LCD smart TV de 32 pulgadas FULL HD con Linux;https://www.liverpool.com.mx/tienda/pdp/Pantalla-Sony-LCD-smart-TV-de-32-pulgadas-FULL-HD-con-Linux/1047669550;CE;4;https://www.liverpool.com.mx/
146;aHR0cHM6Ly93d3cubGl2ZXJwb29sLmNvbS5teC90aWVuZGEvcGRwL1BhbnRhbGxhLVNvbnktTENELXNtYXJ0LVRWLWRlLTMyLXB1bGdhZGFzLUZVTEwtSEQtY29uLUxpbnV4LzEwNDc2Njk1NTAxMDA2MDQ5;SEM;2021-10-08;2021-05-27;;1006049;;;;LIVERPOOL;MX;2021-10-08 03:29;SONY;Pantalla Sony LCD smart TV de 32 pulgadas FULL HD con Linux;https://www.liverpool.com.mx/tienda/pdp/Pantalla-Sony-LCD-smart-TV-de-32-pulgadas-FULL-HD-con-Linux/1047669550;CE;5;https://www.liverpool.com.mx/
147;aHR0cHM6Ly93d3cubGl2ZXJwb29sLmNvbS5teC90aWVuZGEvcGRwL1BhbnRhbGxhLVNvbnktTENELXNtYXJ0LVRWLWRlLTMyLXB1bGdhZGFzLUZVTEwtSEQtY29uLUxpbnV4LzEwNDc2Njk1NTA5OTM4MTU=;SEM;2021-10-08;2021-05-22;;993815;;;;LIVERPOOL;MX;2021-10-08 03:29;SONY;Pantalla Sony LCD smart TV de 32 pulgadas FULL HD con Linux;https://www.liverpool.com.mx/tienda/pdp/Pantalla-Sony-LCD-smart-TV-de-32-pulgadas-FULL-HD-con-Linux/1047669550;CE;5;https://www.liverpool.com.mx/
148;aHR0cHM6Ly93d3cubGl2ZXJwb29sLmNvbS5teC90aWVuZGEvcGRwL1BhbnRhbGxhLVNvbnktTENELXNtYXJ0LVRWLWRlLTMyLXB1bGdhZGFzLUZVTEwtSEQtY29uLUxpbnV4LzEwNDc2Njk1NTAyODkzODE=;SEM;2021-10-08;2020-06-10;;289381;;;;LIVERPOOL;MX;2021-10-08 03:29;SONY;Pantalla Sony LCD smart TV de 32 pulgadas FULL HD con Linux;https://www.liverpool.com.mx/tienda/pdp/Pantalla-Sony-LCD-smart-TV-de-32-pulgadas-FULL-HD-con-Linux/1047669550;CE;5;https://www.liverpool.com.mx/
149;aHR0cHM6Ly93d3cubGl2ZXJwb29sLmNvbS5teC90aWVuZGEvcGRwL1BhbnRhbGxhLVNvbnktTENELXNtYXJ0LVRWLWRlLTMyLXB1bGdhZGFzLUZVTEwtSEQtY29uLUxpbnV4LzEwNDc2Njk1NTAyMjc4NzY=;SEM;2021-10-08;2020-04-26;;227876;;;;LIVERPOOL;MX;2021-10-08 03:29;SONY;Pantalla Sony LCD smart TV de 32 pulgadas FULL HD con Linux;https://www.liverpool.com.mx/tienda/pdp/Pantalla-Sony-LCD-smart-TV-de-32-pulgadas-FULL-HD-con-Linux/1047669550;CE;5;https://www.liverpool.com.mx/
150;aHR0cHM6Ly93d3cubGl2ZXJwb29sLmNvbS5teC90aWVuZGEvcGRwL1BhbnRhbGxhLVNvbnktTENELXNtYXJ0LVRWLWRlLTMyLXB1bGdhZGFzLUZVTEwtSEQtY29uLUxpbnV4LzEwNDc2Njk1NTAzNTYwMzU=;SEM;2021-10-08;2020-06-30;;356035;;;;LIVERPOOL;MX;2021-10-08 03:29;SONY;Pantalla Sony LCD smart TV de 32 pulgadas FULL HD con Linux;https://www.liverpool.com.mx/tienda/pdp/Pantalla-Sony-LCD-smart-TV-de-32-pulgadas-FULL-HD-con-Linux/1047669550;CE;5;https://www.liverpool.com.mx/
151;aHR0cHM6Ly93d3cubGl2ZXJwb29sLmNvbS5teC90aWVuZGEvcGRwL1BhbnRhbGxhLVRDTC1MRUQtU21hcnQtVFYtZGUtNTAtUHVsZ2FkYXMtNEsvVWx0cmEtSEQtY29uLUFuZHJvaWQtVFYvMTEwNTgyMjM2MzExMzcxMDM=;SEM;2021-10-08;2021-07-11;;1137103;;;;LIVERPOOL;MX;2021-10-08 03:29;TCL;Pantalla TCL LED Smart TV de 50 Pulgadas 4K/Ultra HD con Android TV;https://www.liverpool.com.mx/tienda/pdp/Pantalla-TCL-LED-Smart-TV-de-50-Pulgadas-4K/Ultra-HD-con-Android-TV/1105822363;CE;5;https://www.liverpool.com.mx/
152;aHR0cHM6Ly93d3cubGl2ZXJwb29sLmNvbS5teC90aWVuZGEvcGRwL1BhbnRhbGxhLVRDTC1MRUQtU21hcnQtVFYtZGUtNTAtUHVsZ2FkYXMtNEsvVWx0cmEtSEQtY29uLUFuZHJvaWQtVFYvMTEwNTgyMjM2MzExODg5NTE=;SEM;2021-10-08;2021-08-06;;1188951;;;;LIVERPOOL;MX;2021-10-08 03:29;TCL;Pantalla TCL LED Smart TV de 50 Pulgadas 4K/Ultra HD con Android TV;https://www.liverpool.com.mx/tienda/pdp/Pantalla-TCL-LED-Smart-TV-de-50-Pulgadas-4K/Ultra-HD-con-Android-TV/1105822363;CE;5;https://www.liverpool.com.mx/
153;aHR0cHM6Ly93d3cubGl2ZXJwb29sLmNvbS5teC90aWVuZGEvcGRwL1BhbnRhbGxhLUxHJUMyJUEwVUhELVNtYXJ0JUMyJUEwVFYtZGUtNzAtcHVsZ2FkYXMtQUktVGhpblEtNEstNzBVUDc3NTBQU0IvMTEwNjYyNzE4MTExNDY5OTA=;SEM;2021-10-08;2021-07-16;;1146990;;;;LIVERPOOL;MX;2021-10-08 03:29;LG;Pantalla LG UHD Smart TV de 70 pulgadas AI ThinQ 4K 70UP7750PSB;https://www.liverpool.com.mx/tienda/pdp/Pantalla-LG%C2%A0UHD-Smart%C2%A0TV-de-70-pulgadas-AI-ThinQ-4K-70UP7750PSB/1106627181;CE;5;https://www.liverpool.com.mx/
154;aHR0cHM6Ly93d3cubGl2ZXJwb29sLmNvbS5teC90aWVuZGEvcGRwL1BhbnRhbGxhLUxHJUMyJUEwVUhELVNtYXJ0JUMyJUEwVFYtZGUtNzAtcHVsZ2FkYXMtQUktVGhpblEtNEstNzBVUDc3NTBQU0IvMTEwNjYyNzE4MTExNzk2ODA=;SEM;2021-10-08;2021-08-01;;1179680;;;;LIVERPOOL;MX;2021-10-08 03:29;LG;Pantalla LG UHD Smart TV de 70 pulgadas AI ThinQ 4K 70UP7750PSB;https://www.liverpool.com.mx/tienda/pdp/Pantalla-LG%C2%A0UHD-Smart%C2%A0TV-de-70-pulgadas-AI-ThinQ-4K-70UP7750PSB/1106627181;CE;5;https://www.liverpool.com.mx/
155;aHR0cHM6Ly93d3cubGl2ZXJwb29sLmNvbS5teC90aWVuZGEvcGRwL1BhbnRhbGxhLUxHJUMyJUEwVUhELVNtYXJ0JUMyJUEwVFYtZGUtNzAtcHVsZ2FkYXMtQUktVGhpblEtNEstNzBVUDc3NTBQU0IvMTEwNjYyNzE4MTEyNTI2MTc=;SEM;2021-10-08;2021-09-07;;1252617;;;;LIVERPOOL;MX;2021-10-08 03:29;LG;Pantalla LG UHD Smart TV de 70 pulgadas AI ThinQ 4K 70UP7750PSB;https://www.liverpool.com.mx/tienda/pdp/Pantalla-LG%C2%A0UHD-Smart%C2%A0TV-de-70-pulgadas-AI-ThinQ-4K-70UP7750PSB/1106627181;CE;5;https://www.liverpool.com.mx/
156;aHR0cHM6Ly93d3cubGl2ZXJwb29sLmNvbS5teC90aWVuZGEvcGRwL1BhbnRhbGxhLUxHJUMyJUEwVUhELVNtYXJ0JUMyJUEwVFYtZGUtNzAtcHVsZ2FkYXMtQUktVGhpblEtNEstNzBVUDc3NTBQU0IvMTEwNjYyNzE4MTEyNjMwMzg=;SEM;2021-10-08;2021-09-13;;1263038;;;;LIVERPOOL;MX;2021-10-08 03:29;LG;Pantalla LG UHD Smart TV de 70 pulgadas AI ThinQ 4K 70UP7750PSB;https://www.liverpool.com.mx/tienda/pdp/Pantalla-LG%C2%A0UHD-Smart%C2%A0TV-de-70-pulgadas-AI-ThinQ-4K-70UP7750PSB/1106627181;CE;5;https://www.liverpool.com.mx/
157;aHR0cHM6Ly93d3cubGl2ZXJwb29sLmNvbS5teC90aWVuZGEvcGRwL1BhbnRhbGxhLUxHJUMyJUEwVUhELVNtYXJ0JUMyJUEwVFYtZGUtNzAtcHVsZ2FkYXMtQUktVGhpblEtNEstNzBVUDc3NTBQU0IvMTEwNjYyNzE4MTEyODQ4MDY=;SEM;2021-10-08;2021-09-25;;1284806;;;;LIVERPOOL;MX;2021-10-08 03:29;LG;Pantalla LG UHD Smart TV de 70 pulgadas AI ThinQ 4K 70UP7750PSB;https://www.liverpool.com.mx/tienda/pdp/Pantalla-LG%C2%A0UHD-Smart%C2%A0TV-de-70-pulgadas-AI-ThinQ-4K-70UP7750PSB/1106627181;CE;5;https://www.liverpool.com.mx/
158;aHR0cHM6Ly93d3cubGl2ZXJwb29sLmNvbS5teC90aWVuZGEvcGRwL1BhbnRhbGxhLUxHJUMyJUEwVUhELVNtYXJ0JUMyJUEwVFYtZGUtNzAtcHVsZ2FkYXMtQUktVGhpblEtNEstNzBVUDc3NTBQU0IvMTEwNjYyNzE4MTEyODQwNjg=;SEM;2021-10-08;2021-09-25;;1284068;;;;LIVERPOOL;MX;2021-10-08 03:29;LG;Pantalla LG UHD Smart TV de 70 pulgadas AI ThinQ 4K 70UP7750PSB;https://www.liverpool.com.mx/tienda/pdp/Pantalla-LG%C2%A0UHD-Smart%C2%A0TV-de-70-pulgadas-AI-ThinQ-4K-70UP7750PSB/1106627181;CE;5;https://www.liverpool.com.mx/
159;aHR0cHM6Ly93d3cubGl2ZXJwb29sLmNvbS5teC90aWVuZGEvcGRwL1BhbnRhbGxhLUxHJUMyJUEwVUhELVNtYXJ0JUMyJUEwVFYtZGUtNzAtcHVsZ2FkYXMtQUktVGhpblEtNEstNzBVUDc3NTBQU0IvMTEwNjYyNzE4MTExNDAzMTI=;SEM;2021-10-08;2021-07-12;;1140312;;;;LIVERPOOL;MX;2021-10-08 03:29;LG;Pantalla LG UHD Smart TV de 70 pulgadas AI ThinQ 4K 70UP7750PSB;https://www.liverpool.com.mx/tienda/pdp/Pantalla-LG%C2%A0UHD-Smart%C2%A0TV-de-70-pulgadas-AI-ThinQ-4K-70UP7750PSB/1106627181;CE;4;https://www.liverpool.com.mx/
160;aHR0cHM6Ly93d3cubGl2ZXJwb29sLmNvbS5teC90aWVuZGEvcGRwL1BhbnRhbGxhLUxHJUMyJUEwVUhEJUMyJUEwU21hcnQtVFYlQzIlQTBkZS01NS1wdWxnYWRhcy1UVi1BSS1UaGluUS00Sy01NVVQNzUwMFBTRi8xMTA2NjI3NTcyMTEyMzkwOA==;SEM;2021-10-08;2021-07-05;;1123908;;;;LIVERPOOL;MX;2021-10-08 03:29;LG;Pantalla LG UHD Smart TV de 55 pulgadas TV AI ThinQ 4K 55UP7500PSF;https://www.liverpool.com.mx/tienda/pdp/Pantalla-LG%C2%A0UHD%C2%A0Smart-TV%C2%A0de-55-pulgadas-TV-AI-ThinQ-4K-55UP7500PSF/1106627572;CE;5;https://www.liverpool.com.mx/
161;aHR0cHM6Ly93d3cubGl2ZXJwb29sLmNvbS5teC90aWVuZGEvcGRwL1BhbnRhbGxhLUxHJUMyJUEwVUhEJUMyJUEwU21hcnQtVFYlQzIlQTBkZS01NS1wdWxnYWRhcy1UVi1BSS1UaGluUS00Sy01NVVQNzUwMFBTRi8xMTA2NjI3NTcyMTIzNjUwMQ==;SEM;2021-10-08;2021-08-29;;1236501;;;;LIVERPOOL;MX;2021-10-08 03:29;LG;Pantalla LG UHD Smart TV de 55 pulgadas TV AI ThinQ 4K 55UP7500PSF;https://www.liverpool.com.mx/tienda/pdp/Pantalla-LG%C2%A0UHD%C2%A0Smart-TV%C2%A0de-55-pulgadas-TV-AI-ThinQ-4K-55UP7500PSF/1106627572;CE;5;https://www.liverpool.com.mx/
162;aHR0cHM6Ly93d3cubGl2ZXJwb29sLmNvbS5teC90aWVuZGEvcGRwL1BhbnRhbGxhLUxHJUMyJUEwVUhEJUMyJUEwU21hcnQtVFYlQzIlQTBkZS01NS1wdWxnYWRhcy1UVi1BSS1UaGluUS00Sy01NVVQNzUwMFBTRi8xMTA2NjI3NTcyMTI0MTEyNA==;SEM;2021-10-08;2021-09-01;;1241124;;;;LIVERPOOL;MX;2021-10-08 03:29;LG;Pantalla LG UHD Smart TV de 55 pulgadas TV AI ThinQ 4K 55UP7500PSF;https://www.liverpool.com.mx/tienda/pdp/Pantalla-LG%C2%A0UHD%C2%A0Smart-TV%C2%A0de-55-pulgadas-TV-AI-ThinQ-4K-55UP7500PSF/1106627572;CE;5;https://www.liverpool.com.mx/
163;aHR0cHM6Ly93d3cubGl2ZXJwb29sLmNvbS5teC90aWVuZGEvcGRwL1BhbnRhbGxhLUxHJUMyJUEwVUhEJUMyJUEwU21hcnQtVFYlQzIlQTBkZS01NS1wdWxnYWRhcy1UVi1BSS1UaGluUS00Sy01NVVQNzUwMFBTRi8xMTA2NjI3NTcyMTI2ODgxMw==;SEM;2021-10-08;2021-09-17;;1268813;;;;LIVERPOOL;MX;2021-10-08 03:29;LG;Pantalla LG UHD Smart TV de 55 pulgadas TV AI ThinQ 4K 55UP7500PSF;https://www.liverpool.com.mx/tienda/pdp/Pantalla-LG%C2%A0UHD%C2%A0Smart-TV%C2%A0de-55-pulgadas-TV-AI-ThinQ-4K-55UP7500PSF/1106627572;CE;4;https://www.liverpool.com.mx/
164;aHR0cHM6Ly93d3cubGl2ZXJwb29sLmNvbS5teC90aWVuZGEvcGRwL1BhbnRhbGxhLUxHJUMyJUEwVUhEJUMyJUEwU21hcnQtVFYlQzIlQTBkZS02MC1wdWxnYWRhcy1BSS1UaGluUS00Sy02MFVQODA1MFBTQi8xMTA2NjI3NjAyMTI4ODA0NA==;SEM;2021-10-08;2021-09-27;;1288044;;;;LIVERPOOL;MX;2021-10-08 03:30;LG;Pantalla LG UHD Smart TV de 60 pulgadas AI ThinQ 4K 60UP8050PSB;https://www.liverpool.com.mx/tienda/pdp/Pantalla-LG%C2%A0UHD%C2%A0Smart-TV%C2%A0de-60-pulgadas-AI-ThinQ-4K-60UP8050PSB/1106627602;CE;5;https://www.liverpool.com.mx/
165;aHR0cHM6Ly93d3cubGl2ZXJwb29sLmNvbS5teC90aWVuZGEvcGRwL1BhbnRhbGxhLUxHJUMyJUEwVUhEJUMyJUEwU21hcnQtVFYlQzIlQTBkZS02MC1wdWxnYWRhcy1BSS1UaGluUS00Sy02MFVQODA1MFBTQi8xMTA2NjI3NjAyMTI2ODk3OQ==;SEM;2021-10-08;2021-09-17;;1268979;;;;LIVERPOOL;MX;2021-10-08 03:30;LG;Pantalla LG UHD Smart TV de 60 pulgadas AI ThinQ 4K 60UP8050PSB;https://www.liverpool.com.mx/tienda/pdp/Pantalla-LG%C2%A0UHD%C2%A0Smart-TV%C2%A0de-60-pulgadas-AI-ThinQ-4K-60UP8050PSB/1106627602;CE;5;https://www.liverpool.com.mx/
166;aHR0cHM6Ly93d3cubGl2ZXJwb29sLmNvbS5teC90aWVuZGEvcGRwL1BhbnRhbGxhLUxHJUMyJUEwVUhEJUMyJUEwU21hcnQtVFYlQzIlQTBkZS02MC1wdWxnYWRhcy1BSS1UaGluUS00Sy02MFVQODA1MFBTQi8xMTA2NjI3NjAyMTE0MjAzMg==;SEM;2021-10-08;2021-07-14;;1142032;;;;LIVERPOOL;MX;2021-10-08 03:30;LG;Pantalla LG UHD Smart TV de 60 pulgadas AI ThinQ 4K 60UP8050PSB;https://www.liverpool.com.mx/tienda/pdp/Pantalla-LG%C2%A0UHD%C2%A0Smart-TV%C2%A0de-60-pulgadas-AI-ThinQ-4K-60UP8050PSB/1106627602;CE;5;https://www.liverpool.com.mx/
167;aHR0cHM6Ly93d3cubGl2ZXJwb29sLmNvbS5teC90aWVuZGEvcGRwL1BhbnRhbGxhLVNvbnktTENELVNtYXJ0LVRWLWRlLTQzLXB1bGdhZGFzLUZ1bGwtSEQtTW9kZWxvLUtETC00M1c2NjBHLzEwOTQ0MDEwODUyMjMyMzM=;SEM;2021-10-08;2020-04-22;;223233;;;;LIVERPOOL;MX;2021-10-08 03:30;SONY;Pantalla Sony LCD Smart TV de 43 pulgadas Full HD Modelo KDL-43W660G;https://www.liverpool.com.mx/tienda/pdp/Pantalla-Sony-LCD-Smart-TV-de-43-pulgadas-Full-HD-Modelo-KDL-43W660G/1094401085;CE;1;https://www.liverpool.com.mx/
168;aHR0cHM6Ly93d3cubGl2ZXJwb29sLmNvbS5teC90aWVuZGEvcGRwL1BhbnRhbGxhLVNvbnktTENELVNtYXJ0LVRWLWRlLTQzLXB1bGdhZGFzLUZ1bGwtSEQtTW9kZWxvLUtETC00M1c2NjBHLzEwOTQ0MDEwODU2MjMwNzI=;SEM;2021-10-08;2020-10-06;;623072;;;;LIVERPOOL;MX;2021-10-08 03:30;SONY;Pantalla Sony LCD Smart TV de 43 pulgadas Full HD Modelo KDL-43W660G;https://www.liverpool.com.mx/tienda/pdp/Pantalla-Sony-LCD-Smart-TV-de-43-pulgadas-Full-HD-Modelo-KDL-43W660G/1094401085;CE;3;https://www.liverpool.com.mx/
169;aHR0cHM6Ly93d3cubGl2ZXJwb29sLmNvbS5teC90aWVuZGEvcGRwL1BhbnRhbGxhLVNvbnktTENELVNtYXJ0LVRWLWRlLTQzLXB1bGdhZGFzLUZ1bGwtSEQtTW9kZWxvLUtETC00M1c2NjBHLzEwOTQ0MDEwODU1OTU4MzM=;SEM;2021-10-08;2020-09-09;;595833;;;;LIVERPOOL;MX;2021-10-08 03:30;SONY;Pantalla Sony LCD Smart TV de 43 pulgadas Full HD Modelo KDL-43W660G;https://www.liverpool.com.mx/tienda/pdp/Pantalla-Sony-LCD-Smart-TV-de-43-pulgadas-Full-HD-Modelo-KDL-43W660G/1094401085;CE;5;https://www.liverpool.com.mx/
170;aHR0cHM6Ly93d3cubGl2ZXJwb29sLmNvbS5teC90aWVuZGEvcGRwL1BhbnRhbGxhLVNvbnktTENELVNtYXJ0LVRWLWRlLTQzLXB1bGdhZGFzLUZ1bGwtSEQtTW9kZWxvLUtETC00M1c2NjBHLzEwOTQ0MDEwODUzMDQ3MjM=;SEM;2021-10-08;2020-06-14;;304723;;;;LIVERPOOL;MX;2021-10-08 03:30;SONY;Pantalla Sony LCD Smart TV de 43 pulgadas Full HD Modelo KDL-43W660G;https://www.liverpool.com.mx/tienda/pdp/Pantalla-Sony-LCD-Smart-TV-de-43-pulgadas-Full-HD-Modelo-KDL-43W660G/1094401085;CE;5;https://www.liverpool.com.mx/
171;aHR0cHM6Ly93d3cubGl2ZXJwb29sLmNvbS5teC90aWVuZGEvcGRwL1BhbnRhbGxhLVNvbnktTENELVNtYXJ0LVRWLWRlLTQzLXB1bGdhZGFzLUZ1bGwtSEQtTW9kZWxvLUtETC00M1c2NjBHLzEwOTQ0MDEwODU1NTQ2ODI=;SEM;2021-10-08;2020-08-26;;554682;;;;LIVERPOOL;MX;2021-10-08 03:30;SONY;Pantalla Sony LCD Smart TV de 43 pulgadas Full HD Modelo KDL-43W660G;https://www.liverpool.com.mx/tienda/pdp/Pantalla-Sony-LCD-Smart-TV-de-43-pulgadas-Full-HD-Modelo-KDL-43W660G/1094401085;CE;5;https://www.liverpool.com.mx/
172;aHR0cHM6Ly93d3cubGl2ZXJwb29sLmNvbS5teC90aWVuZGEvcGRwL1BhbnRhbGxhLVNvbnktTENELVNtYXJ0LVRWLWRlLTQzLXB1bGdhZGFzLUZ1bGwtSEQtTW9kZWxvLUtETC00M1c2NjBHLzEwOTQ0MDEwODU1NTc1NzM=;SEM;2021-10-08;2020-08-27;;557573;;;;LIVERPOOL;MX;2021-10-08 03:30;SONY;Pantalla Sony LCD Smart TV de 43 pulgadas Full HD Modelo KDL-43W660G;https://www.liverpool.com.mx/tienda/pdp/Pantalla-Sony-LCD-Smart-TV-de-43-pulgadas-Full-HD-Modelo-KDL-43W660G/1094401085;CE;5;https://www.liverpool.com.mx/
173;aHR0cHM6Ly93d3cubGl2ZXJwb29sLmNvbS5teC90aWVuZGEvcGRwL1BhbnRhbGxhLVNvbnktTENELVNtYXJ0LVRWLWRlLTQzLXB1bGdhZGFzLUZ1bGwtSEQtTW9kZWxvLUtETC00M1c2NjBHLzEwOTQ0MDEwODU3Njc1MDk=;SEM;2021-10-08;2021-02-07;;767509;;;;LIVERPOOL;MX;2021-10-08 03:30;SONY;Pantalla Sony LCD Smart TV de 43 pulgadas Full HD Modelo KDL-43W660G;https://www.liverpool.com.mx/tienda/pdp/Pantalla-Sony-LCD-Smart-TV-de-43-pulgadas-Full-HD-Modelo-KDL-43W660G/1094401085;CE;5;https://www.liverpool.com.mx/
174;aHR0cHM6Ly93d3cubGl2ZXJwb29sLmNvbS5teC90aWVuZGEvcGRwL1BhbnRhbGxhLVNvbnktTENELVNtYXJ0LVRWLWRlLTQzLXB1bGdhZGFzLUZ1bGwtSEQtTW9kZWxvLUtETC00M1c2NjBHLzEwOTQ0MDEwODU0NzkwMTY=;SEM;2021-10-08;2020-08-05;;479016;;;;LIVERPOOL;MX;2021-10-08 03:30;SONY;Pantalla Sony LCD Smart TV de 43 pulgadas Full HD Modelo KDL-43W660G;https://www.liverpool.com.mx/tienda/pdp/Pantalla-Sony-LCD-Smart-TV-de-43-pulgadas-Full-HD-Modelo-KDL-43W660G/1094401085;CE;5;https://www.liverpool.com.mx/
175;aHR0cHM6Ly93d3cubGl2ZXJwb29sLmNvbS5teC90aWVuZGEvcGRwL1BhbnRhbGxhLVNvbnktTENELVNtYXJ0LVRWLWRlLTQzLXB1bGdhZGFzLUZ1bGwtSEQtTW9kZWxvLUtETC00M1c2NjBHLzEwOTQ0MDEwODU3Mzc3MTc=;SEM;2021-10-08;2021-01-20;;737717;;;;LIVERPOOL;MX;2021-10-08 03:30;SONY;Pantalla Sony LCD Smart TV de 43 pulgadas Full HD Modelo KDL-43W660G;https://www.liverpool.com.mx/tienda/pdp/Pantalla-Sony-LCD-Smart-TV-de-43-pulgadas-Full-HD-Modelo-KDL-43W660G/1094401085;CE;5;https://www.liverpool.com.mx/
176;aHR0cHM6Ly93d3cubGl2ZXJwb29sLmNvbS5teC90aWVuZGEvcGRwL1BhbnRhbGxhLVNvbnktTENELVNtYXJ0LVRWLWRlLTQzLXB1bGdhZGFzLUZ1bGwtSEQtTW9kZWxvLUtETC00M1c2NjBHLzEwOTQ0MDEwODU1NTU0MTI=;SEM;2021-10-08;2020-08-26;;555412;;;;LIVERPOOL;MX;2021-10-08 03:30;SONY;Pantalla Sony LCD Smart TV de 43 pulgadas Full HD Modelo KDL-43W660G;https://www.liverpool.com.mx/tienda/pdp/Pantalla-Sony-LCD-Smart-TV-de-43-pulgadas-Full-HD-Modelo-KDL-43W660G/1094401085;CE;4;https://www.liverpool.com.mx/
177;aHR0cHM6Ly93d3cubGl2ZXJwb29sLmNvbS5teC90aWVuZGEvcGRwL1BhbnRhbGxhLVNvbnktTENELVNtYXJ0LVRWLWRlLTQzLXB1bGdhZGFzLUZ1bGwtSEQtTW9kZWxvLUtETC00M1c2NjBHLzEwOTQ0MDEwODU1MjM3OTU=;SEM;2021-10-08;2020-08-17;;523795;;;;LIVERPOOL;MX;2021-10-08 03:30;SONY;Pantalla Sony LCD Smart TV de 43 pulgadas Full HD Modelo KDL-43W660G;https://www.liverpool.com.mx/tienda/pdp/Pantalla-Sony-LCD-Smart-TV-de-43-pulgadas-Full-HD-Modelo-KDL-43W660G/1094401085;CE;5;https://www.liverpool.com.mx/
178;aHR0cHM6Ly93d3cubGl2ZXJwb29sLmNvbS5teC90aWVuZGEvcGRwL1BhbnRhbGxhLVNvbnktTENELVNtYXJ0LVRWLWRlLTQzLXB1bGdhZGFzLUZ1bGwtSEQtTW9kZWxvLUtETC00M1c2NjBHLzEwOTQ0MDEwODUzMTE4Mzk=;SEM;2021-10-08;2020-06-19;;311839;;;;LIVERPOOL;MX;2021-10-08 03:30;SONY;Pantalla Sony LCD Smart TV de 43 pulgadas Full HD Modelo KDL-43W660G;https://www.liverpool.com.mx/tienda/pdp/Pantalla-Sony-LCD-Smart-TV-de-43-pulgadas-Full-HD-Modelo-KDL-43W660G/1094401085;CE;5;https://www.liverpool.com.mx/
179;aHR0cHM6Ly93d3cubGl2ZXJwb29sLmNvbS5teC90aWVuZGEvcGRwL1BhbnRhbGxhLVNvbnktTENELVNtYXJ0LVRWLWRlLTQzLXB1bGdhZGFzLUZ1bGwtSEQtTW9kZWxvLUtETC00M1c2NjBHLzEwOTQ0MDEwODUzMzExMDk=;SEM;2021-10-08;2020-06-25;;331109;;;;LIVERPOOL;MX;2021-10-08 03:30;SONY;Pantalla Sony LCD Smart TV de 43 pulgadas Full HD Modelo KDL-43W660G;https://www.liverpool.com.mx/tienda/pdp/Pantalla-Sony-LCD-Smart-TV-de-43-pulgadas-Full-HD-Modelo-KDL-43W660G/1094401085;CE;5;https://www.liverpool.com.mx/
180;aHR0cHM6Ly93d3cubGl2ZXJwb29sLmNvbS5teC90aWVuZGEvcGRwL1BhbnRhbGxhLVNvbnktTENELVNtYXJ0LVRWLWRlLTQzLXB1bGdhZGFzLUZ1bGwtSEQtTW9kZWxvLUtETC00M1c2NjBHLzEwOTQ0MDEwODU0MjY4NzA=;SEM;2021-10-08;2020-07-27;;426870;;;;LIVERPOOL;MX;2021-10-08 03:30;SONY;Pantalla Sony LCD Smart TV de 43 pulgadas Full HD Modelo KDL-43W660G;https://www.liverpool.com.mx/tienda/pdp/Pantalla-Sony-LCD-Smart-TV-de-43-pulgadas-Full-HD-Modelo-KDL-43W660G/1094401085;CE;5;https://www.liverpool.com.mx/
181;aHR0cHM6Ly93d3cubGl2ZXJwb29sLmNvbS5teC90aWVuZGEvcGRwL1BhbnRhbGxhLVNvbnktTENELVNtYXJ0LVRWLWRlLTQzLXB1bGdhZGFzLUZ1bGwtSEQtTW9kZWxvLUtETC00M1c2NjBHLzEwOTQ0MDEwODU0NjYxMTE=;SEM;2021-10-08;2020-08-03;;466111;;;;LIVERPOOL;MX;2021-10-08 03:30;SONY;Pantalla Sony LCD Smart TV de 43 pulgadas Full HD Modelo KDL-43W660G;https://www.liverpool.com.mx/tienda/pdp/Pantalla-Sony-LCD-Smart-TV-de-43-pulgadas-Full-HD-Modelo-KDL-43W660G/1094401085;CE;5;https://www.liverpool.com.mx/
182;aHR0cHM6Ly93d3cubGl2ZXJwb29sLmNvbS5teC90aWVuZGEvcGRwL1BhbnRhbGxhLVNvbnktTENELVNtYXJ0LVRWLWRlLTQzLXB1bGdhZGFzLUZ1bGwtSEQtTW9kZWxvLUtETC00M1c2NjBHLzEwOTQ0MDEwODU3NTAzMDY=;SEM;2021-10-08;2021-01-28;;750306;;;;LIVERPOOL;MX;2021-10-08 03:30;SONY;Pantalla Sony LCD Smart TV de 43 pulgadas Full HD Modelo KDL-43W660G;https://www.liverpool.com.mx/tienda/pdp/Pantalla-Sony-LCD-Smart-TV-de-43-pulgadas-Full-HD-Modelo-KDL-43W660G/1094401085;CE;5;https://www.liverpool.com.mx/
183;aHR0cHM6Ly93d3cubGl2ZXJwb29sLmNvbS5teC90aWVuZGEvcGRwL1BhbnRhbGxhLVNvbnktTENELVNtYXJ0LVRWLWRlLTQzLXB1bGdhZGFzLUZ1bGwtSEQtTW9kZWxvLUtETC00M1c2NjBHLzEwOTQ0MDEwODUxMDc1NDY1;SEM;2021-10-08;2021-06-17;;1075465;;;;LIVERPOOL;MX;2021-10-08 03:30;SONY;Pantalla Sony LCD Smart TV de 43 pulgadas Full HD Modelo KDL-43W660G;https://www.liverpool.com.mx/tienda/pdp/Pantalla-Sony-LCD-Smart-TV-de-43-pulgadas-Full-HD-Modelo-KDL-43W660G/1094401085;CE;5;https://www.liverpool.com.mx/
184;aHR0cHM6Ly93d3cubGl2ZXJwb29sLmNvbS5teC90aWVuZGEvcGRwL1BhbnRhbGxhLVNvbnktTENELVNtYXJ0LVRWLWRlLTQzLXB1bGdhZGFzLUZ1bGwtSEQtTW9kZWxvLUtETC00M1c2NjBHLzEwOTQ0MDEwODU4NTEyMjE=;SEM;2021-10-08;2021-03-16;;851221;;;;LIVERPOOL;MX;2021-10-08 03:30;SONY;Pantalla Sony LCD Smart TV de 43 pulgadas Full HD Modelo KDL-43W660G;https://www.liverpool.com.mx/tienda/pdp/Pantalla-Sony-LCD-Smart-TV-de-43-pulgadas-Full-HD-Modelo-KDL-43W660G/1094401085;CE;5;https://www.liverpool.com.mx/
185;aHR0cHM6Ly93d3cubGl2ZXJwb29sLmNvbS5teC90aWVuZGEvcGRwL1BhbnRhbGxhLVNvbnktTENELVNtYXJ0LVRWLWRlLTQzLXB1bGdhZGFzLUZ1bGwtSEQtTW9kZWxvLUtETC00M1c2NjBHLzEwOTQ0MDEwODU2ODY2MjA=;SEM;2021-10-08;2020-12-25;;686620;;;;LIVERPOOL;MX;2021-10-08 03:30;SONY;Pantalla Sony LCD Smart TV de 43 pulgadas Full HD Modelo KDL-43W660G;https://www.liverpool.com.mx/tienda/pdp/Pantalla-Sony-LCD-Smart-TV-de-43-pulgadas-Full-HD-Modelo-KDL-43W660G/1094401085;CE;5;https://www.liverpool.com.mx/
186;aHR0cHM6Ly93d3cubGl2ZXJwb29sLmNvbS5teC90aWVuZGEvcGRwL1BhbnRhbGxhLVNvbnktTENELVNtYXJ0LVRWLWRlLTQzLXB1bGdhZGFzLUZ1bGwtSEQtTW9kZWxvLUtETC00M1c2NjBHLzEwOTQ0MDEwODU2OTI1NTA=;SEM;2021-10-08;2020-12-27;;692550;;;;LIVERPOOL;MX;2021-10-08 03:30;SONY;Pantalla Sony LCD Smart TV de 43 pulgadas Full HD Modelo KDL-43W660G;https://www.liverpool.com.mx/tienda/pdp/Pantalla-Sony-LCD-Smart-TV-de-43-pulgadas-Full-HD-Modelo-KDL-43W660G/1094401085;CE;5;https://www.liverpool.com.mx/
187;aHR0cHM6Ly93d3cubGl2ZXJwb29sLmNvbS5teC90aWVuZGEvcGRwL1BhbnRhbGxhLVNvbnktTENELVNtYXJ0LVRWLWRlLTQzLXB1bGdhZGFzLUZ1bGwtSEQtTW9kZWxvLUtETC00M1c2NjBHLzEwOTQ0MDEwODUyNjU1NDg=;SEM;2021-10-08;2020-05-25;;265548;;;;LIVERPOOL;MX;2021-10-08 03:30;SONY;Pantalla Sony LCD Smart TV de 43 pulgadas Full HD Modelo KDL-43W660G;https://www.liverpool.com.mx/tienda/pdp/Pantalla-Sony-LCD-Smart-TV-de-43-pulgadas-Full-HD-Modelo-KDL-43W660G/1094401085;CE;5;https://www.liverpool.com.mx/
188;aHR0cHM6Ly93d3cubGl2ZXJwb29sLmNvbS5teC90aWVuZGEvcGRwL1BhbnRhbGxhLVNvbnktTENELVNtYXJ0LVRWLWRlLTQzLXB1bGdhZGFzLUZ1bGwtSEQtTW9kZWxvLUtETC00M1c2NjBHLzEwOTQ0MDEwODUxMjc2NTE2;SEM;2021-10-08;2021-09-20;;1276516;;;;LIVERPOOL;MX;2021-10-08 03:30;SONY;Pantalla Sony LCD Smart TV de 43 pulgadas Full HD Modelo KDL-43W660G;https://www.liverpool.com.mx/tienda/pdp/Pantalla-Sony-LCD-Smart-TV-de-43-pulgadas-Full-HD-Modelo-KDL-43W660G/1094401085;CE;5;https://www.liverpool.com.mx/
189;aHR0cHM6Ly93d3cubGl2ZXJwb29sLmNvbS5teC90aWVuZGEvcGRwL1BhbnRhbGxhLVNvbnktTENELVNtYXJ0LVRWLWRlLTQzLXB1bGdhZGFzLUZ1bGwtSEQtTW9kZWxvLUtETC00M1c2NjBHLzEwOTQ0MDEwODUxMDk5Mzk1;SEM;2021-10-08;2021-06-26;;1099395;;;;LIVERPOOL;MX;2021-10-08 03:30;SONY;Pantalla Sony LCD Smart TV de 43 pulgadas Full HD Modelo KDL-43W660G;https://www.liverpool.com.mx/tienda/pdp/Pantalla-Sony-LCD-Smart-TV-de-43-pulgadas-Full-HD-Modelo-KDL-43W660G/1094401085;CE;5;https://www.liverpool.com.mx/
190;aHR0cHM6Ly93d3cubGl2ZXJwb29sLmNvbS5teC90aWVuZGEvcGRwL1BhbnRhbGxhLVNvbnktTENELVNtYXJ0LVRWLWRlLTQzLXB1bGdhZGFzLUZ1bGwtSEQtTW9kZWxvLUtETC00M1c2NjBHLzEwOTQ0MDEwODU4MDQ0OTk=;SEM;2021-10-08;2021-02-22;;804499;;;;LIVERPOOL;MX;2021-10-08 03:30;SONY;Pantalla Sony LCD Smart TV de 43 pulgadas Full HD Modelo KDL-43W660G;https://www.liverpool.com.mx/tienda/pdp/Pantalla-Sony-LCD-Smart-TV-de-43-pulgadas-Full-HD-Modelo-KDL-43W660G/1094401085;CE;5;https://www.liverpool.com.mx/
191;aHR0cHM6Ly93d3cubGl2ZXJwb29sLmNvbS5teC90aWVuZGEvcGRwL1BhbnRhbGxhLVNvbnktTENELVNtYXJ0LVRWLWRlLTQzLXB1bGdhZGFzLUZ1bGwtSEQtTW9kZWxvLUtETC00M1c2NjBHLzEwOTQ0MDEwODU4NjI2MTI=;SEM;2021-10-08;2021-03-22;;862612;;;;LIVERPOOL;MX;2021-10-08 03:30;SONY;Pantalla Sony LCD Smart TV de 43 pulgadas Full HD Modelo KDL-43W660G;https://www.liverpool.com.mx/tienda/pdp/Pantalla-Sony-LCD-Smart-TV-de-43-pulgadas-Full-HD-Modelo-KDL-43W660G/1094401085;CE;5;https://www.liverpool.com.mx/
192;aHR0cHM6Ly93d3cubGl2ZXJwb29sLmNvbS5teC90aWVuZGEvcGRwL1BhbnRhbGxhLVNvbnktTENELVNtYXJ0LVRWLWRlLTQzLXB1bGdhZGFzLUZ1bGwtSEQtTW9kZWxvLUtETC00M1c2NjBHLzEwOTQ0MDEwODU4NTc0OTQ=;SEM;2021-10-08;2021-03-20;;857494;;;;LIVERPOOL;MX;2021-10-08 03:30;SONY;Pantalla Sony LCD Smart TV de 43 pulgadas Full HD Modelo KDL-43W660G;https://www.liverpool.com.mx/tienda/pdp/Pantalla-Sony-LCD-Smart-TV-de-43-pulgadas-Full-HD-Modelo-KDL-43W660G/1094401085;CE;5;https://www.liverpool.com.mx/
193;aHR0cHM6Ly93d3cubGl2ZXJwb29sLmNvbS5teC90aWVuZGEvcGRwL1BhbnRhbGxhLVNvbnktTENELVNtYXJ0LVRWLWRlLTQzLXB1bGdhZGFzLUZ1bGwtSEQtTW9kZWxvLUtETC00M1c2NjBHLzEwOTQ0MDEwODU4OTM2MTA=;SEM;2021-10-08;2021-04-09;;893610;;;;LIVERPOOL;MX;2021-10-08 03:30;SONY;Pantalla Sony LCD Smart TV de 43 pulgadas Full HD Modelo KDL-43W660G;https://www.liverpool.com.mx/tienda/pdp/Pantalla-Sony-LCD-Smart-TV-de-43-pulgadas-Full-HD-Modelo-KDL-43W660G/1094401085;CE;5;https://www.liverpool.com.mx/
194;aHR0cHM6Ly93d3cubGl2ZXJwb29sLmNvbS5teC90aWVuZGEvcGRwL1BhbnRhbGxhLVNvbnktTENELVNtYXJ0LVRWLWRlLTQzLXB1bGdhZGFzLUZ1bGwtSEQtTW9kZWxvLUtETC00M1c2NjBHLzEwOTQ0MDEwODUxMjk4NjIy;SEM;2021-10-08;2021-10-03;;1298622;;;;LIVERPOOL;MX;2021-10-08 03:30;SONY;Pantalla Sony LCD Smart TV de 43 pulgadas Full HD Modelo KDL-43W660G;https://www.liverpool.com.mx/tienda/pdp/Pantalla-Sony-LCD-Smart-TV-de-43-pulgadas-Full-HD-Modelo-KDL-43W660G/1094401085;CE;5;https://www.liverpool.com.mx/
195;aHR0cHM6Ly93d3cubGl2ZXJwb29sLmNvbS5teC90aWVuZGEvcGRwL1BhbnRhbGxhLVNvbnktTENELVNtYXJ0LVRWLWRlLTQzLXB1bGdhZGFzLUZ1bGwtSEQtTW9kZWxvLUtETC00M1c2NjBHLzEwOTQ0MDEwODU2OTQ3Mzk=;SEM;2021-10-08;2020-12-28;;694739;;;;LIVERPOOL;MX;2021-10-08 03:30;SONY;Pantalla Sony LCD Smart TV de 43 pulgadas Full HD Modelo KDL-43W660G;https://www.liverpool.com.mx/tienda/pdp/Pantalla-Sony-LCD-Smart-TV-de-43-pulgadas-Full-HD-Modelo-KDL-43W660G/1094401085;CE;5;https://www.liverpool.com.mx/
196;aHR0cHM6Ly93d3cubGl2ZXJwb29sLmNvbS5teC90aWVuZGEvcGRwL1BhbnRhbGxhLVNvbnktTENELVNtYXJ0LVRWLWRlLTQzLXB1bGdhZGFzLUZ1bGwtSEQtTW9kZWxvLUtETC00M1c2NjBHLzEwOTQ0MDEwODU5NDg3MDU=;SEM;2021-10-08;2021-05-07;;948705;;;;LIVERPOOL;MX;2021-10-08 03:30;SONY;Pantalla Sony LCD Smart TV de 43 pulgadas Full HD Modelo KDL-43W660G;https://www.liverpool.com.mx/tienda/pdp/Pantalla-Sony-LCD-Smart-TV-de-43-pulgadas-Full-HD-Modelo-KDL-43W660G/1094401085;CE;5;https://www.liverpool.com.mx/
197;aHR0cHM6Ly93d3cubGl2ZXJwb29sLmNvbS5teC90aWVuZGEvcGRwL1BhbnRhbGxhLVNvbnktTENELVNtYXJ0LVRWLWRlLTQzLXB1bGdhZGFzLUZ1bGwtSEQtTW9kZWxvLUtETC00M1c2NjBHLzEwOTQ0MDEwODU2ODk2NDk=;SEM;2021-10-08;2020-12-26;;689649;;;;LIVERPOOL;MX;2021-10-08 03:30;SONY;Pantalla Sony LCD Smart TV de 43 pulgadas Full HD Modelo KDL-43W660G;https://www.liverpool.com.mx/tienda/pdp/Pantalla-Sony-LCD-Smart-TV-de-43-pulgadas-Full-HD-Modelo-KDL-43W660G/1094401085;CE;5;https://www.liverpool.com.mx/
198;aHR0cHM6Ly93d3cubGl2ZXJwb29sLmNvbS5teC90aWVuZGEvcGRwL1BhbnRhbGxhLVNvbnktTENELVNtYXJ0LVRWLWRlLTQzLXB1bGdhZGFzLUZ1bGwtSEQtTW9kZWxvLUtETC00M1c2NjBHLzEwOTQ0MDEwODU2ODcwOTc=;SEM;2021-10-08;2020-12-25;;687097;;;;LIVERPOOL;MX;2021-10-08 03:30;SONY;Pantalla Sony LCD Smart TV de 43 pulgadas Full HD Modelo KDL-43W660G;https://www.liverpool.com.mx/tienda/pdp/Pantalla-Sony-LCD-Smart-TV-de-43-pulgadas-Full-HD-Modelo-KDL-43W660G/1094401085;CE;5;https://www.liverpool.com.mx/
199;aHR0cHM6Ly93d3cubGl2ZXJwb29sLmNvbS5teC90aWVuZGEvcGRwL1BhbnRhbGxhLVNvbnktTENELVNtYXJ0LVRWLWRlLTQzLXB1bGdhZGFzLUZ1bGwtSEQtTW9kZWxvLUtETC00M1c2NjBHLzEwOTQ0MDEwODU4NDQ5NTA=;SEM;2021-10-08;2021-03-13;;844950;;;;LIVERPOOL;MX;2021-10-08 03:30;SONY;Pantalla Sony LCD Smart TV de 43 pulgadas Full HD Modelo KDL-43W660G;https://www.liverpool.com.mx/tienda/pdp/Pantalla-Sony-LCD-Smart-TV-de-43-pulgadas-Full-HD-Modelo-KDL-43W660G/1094401085;CE;4;https://www.liverpool.com.mx/
200;aHR0cHM6Ly93d3cubGl2ZXJwb29sLmNvbS5teC90aWVuZGEvcGRwL1BhbnRhbGxhLVNvbnktTENELVNtYXJ0LVRWLWRlLTQzLXB1bGdhZGFzLUZ1bGwtSEQtTW9kZWxvLUtETC00M1c2NjBHLzEwOTQ0MDEwODU3OTY0MjE=;SEM;2021-10-08;2021-02-19;;796421;;;;LIVERPOOL;MX;2021-10-08 03:30;SONY;Pantalla Sony LCD Smart TV de 43 pulgadas Full HD Modelo KDL-43W660G;https://www.liverpool.com.mx/tienda/pdp/Pantalla-Sony-LCD-Smart-TV-de-43-pulgadas-Full-HD-Modelo-KDL-43W660G/1094401085;CE;2;https://www.liverpool.com.mx/
201;aHR0cHM6Ly93d3cubGl2ZXJwb29sLmNvbS5teC90aWVuZGEvcGRwL1BhbnRhbGxhLVNvbnktTENELVNtYXJ0LVRWLWRlLTQzLXB1bGdhZGFzLUZ1bGwtSEQtTW9kZWxvLUtETC00M1c2NjBHLzEwOTQ0MDEwODU3ODc5MDk=;SEM;2021-10-08;2021-02-16;;787909;;;;LIVERPOOL;MX;2021-10-08 03:30;SONY;Pantalla Sony LCD Smart TV de 43 pulgadas Full HD Modelo KDL-43W660G;https://www.liverpool.com.mx/tienda/pdp/Pantalla-Sony-LCD-Smart-TV-de-43-pulgadas-Full-HD-Modelo-KDL-43W660G/1094401085;CE;5;https://www.liverpool.com.mx/
202;aHR0cHM6Ly93d3cubGl2ZXJwb29sLmNvbS5teC90aWVuZGEvcGRwL1BhbnRhbGxhLVNvbnktTENELVNtYXJ0LVRWLWRlLTQzLXB1bGdhZGFzLUZ1bGwtSEQtTW9kZWxvLUtETC00M1c2NjBHLzEwOTQ0MDEwODU1NzMxNjc=;SEM;2021-10-08;2020-09-01;;573167;;;;LIVERPOOL;MX;2021-10-08 03:30;SONY;Pantalla Sony LCD Smart TV de 43 pulgadas Full HD Modelo KDL-43W660G;https://www.liverpool.com.mx/tienda/pdp/Pantalla-Sony-LCD-Smart-TV-de-43-pulgadas-Full-HD-Modelo-KDL-43W660G/1094401085;CE;5;https://www.liverpool.com.mx/
203;aHR0cHM6Ly93d3cubGl2ZXJwb29sLmNvbS5teC90aWVuZGEvcGRwL1BhbnRhbGxhLVNvbnktTENELVNtYXJ0LVRWLWRlLTQzLXB1bGdhZGFzLUZ1bGwtSEQtTW9kZWxvLUtETC00M1c2NjBHLzEwOTQ0MDEwODUyOTc3NjY=;SEM;2021-10-08;2020-06-11;;297766;;;;LIVERPOOL;MX;2021-10-08 03:30;SONY;Pantalla Sony LCD Smart TV de 43 pulgadas Full HD Modelo KDL-43W660G;https://www.liverpool.com.mx/tienda/pdp/Pantalla-Sony-LCD-Smart-TV-de-43-pulgadas-Full-HD-Modelo-KDL-43W660G/1094401085;CE;5;https://www.liverpool.com.mx/
204;aHR0cHM6Ly93d3cubGl2ZXJwb29sLmNvbS5teC90aWVuZGEvcGRwL1BhbnRhbGxhLVNvbnktTENELVNtYXJ0LVRWLWRlLTQzLXB1bGdhZGFzLUZ1bGwtSEQtTW9kZWxvLUtETC00M1c2NjBHLzEwOTQ0MDEwODU1MzUxMDY=;SEM;2021-10-08;2020-08-19;;535106;;;;LIVERPOOL;MX;2021-10-08 03:30;SONY;Pantalla Sony LCD Smart TV de 43 pulgadas Full HD Modelo KDL-43W660G;https://www.liverpool.com.mx/tienda/pdp/Pantalla-Sony-LCD-Smart-TV-de-43-pulgadas-Full-HD-Modelo-KDL-43W660G/1094401085;CE;5;https://www.liverpool.com.mx/
205;aHR0cHM6Ly93d3cubGl2ZXJwb29sLmNvbS5teC90aWVuZGEvcGRwL1BhbnRhbGxhLVNvbnktTENELVNtYXJ0LVRWLWRlLTQzLXB1bGdhZGFzLUZ1bGwtSEQtTW9kZWxvLUtETC00M1c2NjBHLzEwOTQ0MDEwODU0NjAyMzc=;SEM;2021-10-08;2020-08-02;;460237;;;;LIVERPOOL;MX;2021-10-08 03:30;SONY;Pantalla Sony LCD Smart TV de 43 pulgadas Full HD Modelo KDL-43W660G;https://www.liverpool.com.mx/tienda/pdp/Pantalla-Sony-LCD-Smart-TV-de-43-pulgadas-Full-HD-Modelo-KDL-43W660G/1094401085;CE;5;https://www.liverpool.com.mx/
206;aHR0cHM6Ly93d3cubGl2ZXJwb29sLmNvbS5teC90aWVuZGEvcGRwL1BhbnRhbGxhLVNvbnktTENELVNtYXJ0LVRWLWRlLTQzLXB1bGdhZGFzLUZ1bGwtSEQtTW9kZWxvLUtETC00M1c2NjBHLzEwOTQ0MDEwODU0NzU4Njk=;SEM;2021-10-08;2020-08-04;;475869;;;;LIVERPOOL;MX;2021-10-08 03:30;SONY;Pantalla Sony LCD Smart TV de 43 pulgadas Full HD Modelo KDL-43W660G;https://www.liverpool.com.mx/tienda/pdp/Pantalla-Sony-LCD-Smart-TV-de-43-pulgadas-Full-HD-Modelo-KDL-43W660G/1094401085;CE;5;https://www.liverpool.com.mx/
207;aHR0cHM6Ly93d3cubGl2ZXJwb29sLmNvbS5teC90aWVuZGEvcGRwL1BhbnRhbGxhLVNvbnktTENELVNtYXJ0LVRWLWRlLTQzLXB1bGdhZGFzLUZ1bGwtSEQtTW9kZWxvLUtETC00M1c2NjBHLzEwOTQ0MDEwODU0ODgwMTM=;SEM;2021-10-08;2020-08-07;;488013;;;;LIVERPOOL;MX;2021-10-08 03:30;SONY;Pantalla Sony LCD Smart TV de 43 pulgadas Full HD Modelo KDL-43W660G;https://www.liverpool.com.mx/tienda/pdp/Pantalla-Sony-LCD-Smart-TV-de-43-pulgadas-Full-HD-Modelo-KDL-43W660G/1094401085;CE;4;https://www.liverpool.com.mx/
208;aHR0cHM6Ly93d3cubGl2ZXJwb29sLmNvbS5teC90aWVuZGEvcGRwL1BhbnRhbGxhLVNvbnktTENELVNtYXJ0LVRWLWRlLTQzLXB1bGdhZGFzLUZ1bGwtSEQtTW9kZWxvLUtETC00M1c2NjBHLzEwOTQ0MDEwODUzNDgyNTk=;SEM;2021-10-08;2020-06-29;;348259;;;;LIVERPOOL;MX;2021-10-08 03:30;SONY;Pantalla Sony LCD Smart TV de 43 pulgadas Full HD Modelo KDL-43W660G;https://www.liverpool.com.mx/tienda/pdp/Pantalla-Sony-LCD-Smart-TV-de-43-pulgadas-Full-HD-Modelo-KDL-43W660G/1094401085;CE;5;https://www.liverpool.com.mx/
209;aHR0cHM6Ly93d3cubGl2ZXJwb29sLmNvbS5teC90aWVuZGEvcGRwL0F1ZCVDMyVBRGZvbm9zLVNhbXN1bmctR2FsYXh5LUJ1ZHMrLUluYWwlQzMlQTFtYnJpY29zLWNvbi1DYW5jZWxhY2klQzMlQjNuLWRlLVJ1aWRvLzEwOTQ2NjkxOTMxOTUyNjI=;SEM;2021-10-08;2020-03-05;;195262;;;;LIVERPOOL;MX;2021-10-08 01:57;SAMSUNG;Audífonos Samsung Galaxy Buds+ Inalámbricos con Cancelación de Ruido;https://www.liverpool.com.mx/tienda/pdp/Aud%C3%ADfonos-Samsung-Galaxy-Buds+-Inal%C3%A1mbricos-con-Cancelaci%C3%B3n-de-Ruido/1094669193;CE;5;https://www.liverpool.com.mx/
210;aHR0cHM6Ly93d3cubGl2ZXJwb29sLmNvbS5teC90aWVuZGEvcGRwL0F1ZCVDMyVBRGZvbm9zLVNhbXN1bmctR2FsYXh5LUJ1ZHMrLUluYWwlQzMlQTFtYnJpY29zLWNvbi1DYW5jZWxhY2klQzMlQjNuLWRlLVJ1aWRvLzEwOTQ2NjkxOTMyMDAzMDc=;SEM;2021-10-08;2020-03-17;;200307;;;;LIVERPOOL;MX;2021-10-08 01:57;SAMSUNG;Audífonos Samsung Galaxy Buds+ Inalámbricos con Cancelación de Ruido;https://www.liverpool.com.mx/tienda/pdp/Aud%C3%ADfonos-Samsung-Galaxy-Buds+-Inal%C3%A1mbricos-con-Cancelaci%C3%B3n-de-Ruido/1094669193;CE;5;https://www.liverpool.com.mx/
211;aHR0cHM6Ly93d3cubGl2ZXJwb29sLmNvbS5teC90aWVuZGEvcGRwL0F1ZCVDMyVBRGZvbm9zLVNhbXN1bmctR2FsYXh5LUJ1ZHMrLUluYWwlQzMlQTFtYnJpY29zLWNvbi1DYW5jZWxhY2klQzMlQjNuLWRlLVJ1aWRvLzEwOTQ2NjkxOTMxOTYyMjk=;SEM;2021-10-08;2020-03-07;;196229;;;;LIVERPOOL;MX;2021-10-08 01:57;SAMSUNG;Audífonos Samsung Galaxy Buds+ Inalámbricos con Cancelación de Ruido;https://www.liverpool.com.mx/tienda/pdp/Aud%C3%ADfonos-Samsung-Galaxy-Buds+-Inal%C3%A1mbricos-con-Cancelaci%C3%B3n-de-Ruido/1094669193;CE;5;https://www.liverpool.com.mx/
212;aHR0cHM6Ly93d3cubGl2ZXJwb29sLmNvbS5teC90aWVuZGEvcGRwL0F1ZCVDMyVBRGZvbm9zLVNhbXN1bmctR2FsYXh5LUJ1ZHMrLUluYWwlQzMlQTFtYnJpY29zLWNvbi1DYW5jZWxhY2klQzMlQjNuLWRlLVJ1aWRvLzEwOTQ2NjkxOTMyMjI5MDE=;SEM;2021-10-08;2020-04-21;;222901;;;;LIVERPOOL;MX;2021-10-08 01:57;SAMSUNG;Audífonos Samsung Galaxy Buds+ Inalámbricos con Cancelación de Ruido;https://www.liverpool.com.mx/tienda/pdp/Aud%C3%ADfonos-Samsung-Galaxy-Buds+-Inal%C3%A1mbricos-con-Cancelaci%C3%B3n-de-Ruido/1094669193;CE;5;https://www.liverpool.com.mx/
213;aHR0cHM6Ly93d3cubGl2ZXJwb29sLmNvbS5teC90aWVuZGEvcGRwL0F1ZCVDMyVBRGZvbm9zLVNhbXN1bmctR2FsYXh5LUJ1ZHMrLUluYWwlQzMlQTFtYnJpY29zLWNvbi1DYW5jZWxhY2klQzMlQjNuLWRlLVJ1aWRvLzEwOTQ2NjkxOTMyMTIzMjI=;SEM;2021-10-08;2020-04-09;;212322;;;;LIVERPOOL;MX;2021-10-08 01:57;SAMSUNG;Audífonos Samsung Galaxy Buds+ Inalámbricos con Cancelación de Ruido;https://www.liverpool.com.mx/tienda/pdp/Aud%C3%ADfonos-Samsung-Galaxy-Buds+-Inal%C3%A1mbricos-con-Cancelaci%C3%B3n-de-Ruido/1094669193;CE;5;https://www.liverpool.com.mx/
214;aHR0cHM6Ly93d3cubGl2ZXJwb29sLmNvbS5teC90aWVuZGEvcGRwL0F1ZCVDMyVBRGZvbm9zLVNhbXN1bmctR2FsYXh5LUJ1ZHMrLUluYWwlQzMlQTFtYnJpY29zLWNvbi1DYW5jZWxhY2klQzMlQjNuLWRlLVJ1aWRvLzEwOTQ2NjkxOTM2NjA3NDE=;SEM;2021-10-08;2020-11-29;;660741;;;;LIVERPOOL;MX;2021-10-08 01:57;SAMSUNG;Audífonos Samsung Galaxy Buds+ Inalámbricos con Cancelación de Ruido;https://www.liverpool.com.mx/tienda/pdp/Aud%C3%ADfonos-Samsung-Galaxy-Buds+-Inal%C3%A1mbricos-con-Cancelaci%C3%B3n-de-Ruido/1094669193;CE;5;https://www.liverpool.com.mx/
215;aHR0cHM6Ly93d3cubGl2ZXJwb29sLmNvbS5teC90aWVuZGEvcGRwL0F1ZCVDMyVBRGZvbm9zLVNhbXN1bmctR2FsYXh5LUJ1ZHMrLUluYWwlQzMlQTFtYnJpY29zLWNvbi1DYW5jZWxhY2klQzMlQjNuLWRlLVJ1aWRvLzEwOTQ2NjkxOTMyMjE3NTg=;SEM;2021-10-08;2020-04-20;;221758;;;;LIVERPOOL;MX;2021-10-08 01:57;SAMSUNG;Audífonos Samsung Galaxy Buds+ Inalámbricos con Cancelación de Ruido;https://www.liverpool.com.mx/tienda/pdp/Aud%C3%ADfonos-Samsung-Galaxy-Buds+-Inal%C3%A1mbricos-con-Cancelaci%C3%B3n-de-Ruido/1094669193;CE;5;https://www.liverpool.com.mx/
216;aHR0cHM6Ly93d3cubGl2ZXJwb29sLmNvbS5teC90aWVuZGEvcGRwL0F1ZCVDMyVBRGZvbm9zLVNhbXN1bmctR2FsYXh5LUJ1ZHMrLUluYWwlQzMlQTFtYnJpY29zLWNvbi1DYW5jZWxhY2klQzMlQjNuLWRlLVJ1aWRvLzEwOTQ2NjkxOTMyNTE2MzM=;SEM;2021-10-08;2020-05-15;;251633;;;;LIVERPOOL;MX;2021-10-08 01:57;SAMSUNG;Audífonos Samsung Galaxy Buds+ Inalámbricos con Cancelación de Ruido;https://www.liverpool.com.mx/tienda/pdp/Aud%C3%ADfonos-Samsung-Galaxy-Buds+-Inal%C3%A1mbricos-con-Cancelaci%C3%B3n-de-Ruido/1094669193;CE;5;https://www.liverpool.com.mx/
217;aHR0cHM6Ly93d3cubGl2ZXJwb29sLmNvbS5teC90aWVuZGEvcGRwL0F1ZCVDMyVBRGZvbm9zLVNhbXN1bmctR2FsYXh5LUJ1ZHMrLUluYWwlQzMlQTFtYnJpY29zLWNvbi1DYW5jZWxhY2klQzMlQjNuLWRlLVJ1aWRvLzEwOTQ2NjkxOTMyNTAyMDI=;SEM;2021-10-08;2020-05-14;;250202;;;;LIVERPOOL;MX;2021-10-08 01:57;SAMSUNG;Audífonos Samsung Galaxy Buds+ Inalámbricos con Cancelación de Ruido;https://www.liverpool.com.mx/tienda/pdp/Aud%C3%ADfonos-Samsung-Galaxy-Buds+-Inal%C3%A1mbricos-con-Cancelaci%C3%B3n-de-Ruido/1094669193;CE;5;https://www.liverpool.com.mx/
218;aHR0cHM6Ly93d3cubGl2ZXJwb29sLmNvbS5teC90aWVuZGEvcGRwL0F1ZCVDMyVBRGZvbm9zLVNhbXN1bmctR2FsYXh5LUJ1ZHMrLUluYWwlQzMlQTFtYnJpY29zLWNvbi1DYW5jZWxhY2klQzMlQjNuLWRlLVJ1aWRvLzEwOTQ2NjkxOTMzOTQ5ODM=;SEM;2021-10-08;2020-07-13;;394983;;;;LIVERPOOL;MX;2021-10-08 01:57;SAMSUNG;Audífonos Samsung Galaxy Buds+ Inalámbricos con Cancelación de Ruido;https://www.liverpool.com.mx/tienda/pdp/Aud%C3%ADfonos-Samsung-Galaxy-Buds+-Inal%C3%A1mbricos-con-Cancelaci%C3%B3n-de-Ruido/1094669193;CE;5;https://www.liverpool.com.mx/
219;aHR0cHM6Ly93d3cubGl2ZXJwb29sLmNvbS5teC90aWVuZGEvcGRwL0F1ZCVDMyVBRGZvbm9zLVNhbXN1bmctR2FsYXh5LUJ1ZHMrLUluYWwlQzMlQTFtYnJpY29zLWNvbi1DYW5jZWxhY2klQzMlQjNuLWRlLVJ1aWRvLzEwOTQ2NjkxOTMyMTczNjY=;SEM;2021-10-08;2020-04-15;;217366;;;;LIVERPOOL;MX;2021-10-08 01:57;SAMSUNG;Audífonos Samsung Galaxy Buds+ Inalámbricos con Cancelación de Ruido;https://www.liverpool.com.mx/tienda/pdp/Aud%C3%ADfonos-Samsung-Galaxy-Buds+-Inal%C3%A1mbricos-con-Cancelaci%C3%B3n-de-Ruido/1094669193;CE;5;https://www.liverpool.com.mx/
220;aHR0cHM6Ly93d3cubGl2ZXJwb29sLmNvbS5teC90aWVuZGEvcGRwL0F1ZCVDMyVBRGZvbm9zLVNhbXN1bmctR2FsYXh5LUJ1ZHMrLUluYWwlQzMlQTFtYnJpY29zLWNvbi1DYW5jZWxhY2klQzMlQjNuLWRlLVJ1aWRvLzEwOTQ2NjkxOTMzNDU2NTE=;SEM;2021-10-08;2020-06-28;;345651;;;;LIVERPOOL;MX;2021-10-08 01:57;SAMSUNG;Audífonos Samsung Galaxy Buds+ Inalámbricos con Cancelación de Ruido;https://www.liverpool.com.mx/tienda/pdp/Aud%C3%ADfonos-Samsung-Galaxy-Buds+-Inal%C3%A1mbricos-con-Cancelaci%C3%B3n-de-Ruido/1094669193;CE;5;https://www.liverpool.com.mx/
221;aHR0cHM6Ly93d3cubGl2ZXJwb29sLmNvbS5teC90aWVuZGEvcGRwL0F1ZCVDMyVBRGZvbm9zLVNhbXN1bmctR2FsYXh5LUJ1ZHMrLUluYWwlQzMlQTFtYnJpY29zLWNvbi1DYW5jZWxhY2klQzMlQjNuLWRlLVJ1aWRvLzEwOTQ2NjkxOTMyMzI5MDc=;SEM;2021-10-08;2020-04-30;;232907;;;;LIVERPOOL;MX;2021-10-08 01:57;SAMSUNG;Audífonos Samsung Galaxy Buds+ Inalámbricos con Cancelación de Ruido;https://www.liverpool.com.mx/tienda/pdp/Aud%C3%ADfonos-Samsung-Galaxy-Buds+-Inal%C3%A1mbricos-con-Cancelaci%C3%B3n-de-Ruido/1094669193;CE;5;https://www.liverpool.com.mx/
222;aHR0cHM6Ly93d3cubGl2ZXJwb29sLmNvbS5teC90aWVuZGEvcGRwL0F1ZCVDMyVBRGZvbm9zLVNhbXN1bmctR2FsYXh5LUJ1ZHMrLUluYWwlQzMlQTFtYnJpY29zLWNvbi1DYW5jZWxhY2klQzMlQjNuLWRlLVJ1aWRvLzEwOTQ2NjkxOTMyMjA3ODQ=;SEM;2021-10-08;2020-04-19;;220784;;;;LIVERPOOL;MX;2021-10-08 01:57;SAMSUNG;Audífonos Samsung Galaxy Buds+ Inalámbricos con Cancelación de Ruido;https://www.liverpool.com.mx/tienda/pdp/Aud%C3%ADfonos-Samsung-Galaxy-Buds+-Inal%C3%A1mbricos-con-Cancelaci%C3%B3n-de-Ruido/1094669193;CE;5;https://www.liverpool.com.mx/
223;aHR0cHM6Ly93d3cubGl2ZXJwb29sLmNvbS5teC90aWVuZGEvcGRwL0F1ZCVDMyVBRGZvbm9zLVNhbXN1bmctR2FsYXh5LUJ1ZHMrLUluYWwlQzMlQTFtYnJpY29zLWNvbi1DYW5jZWxhY2klQzMlQjNuLWRlLVJ1aWRvLzEwOTQ2NjkxOTM2NTA4OTg=;SEM;2021-10-08;2020-11-17;;650898;;;;LIVERPOOL;MX;2021-10-08 01:57;SAMSUNG;Audífonos Samsung Galaxy Buds+ Inalámbricos con Cancelación de Ruido;https://www.liverpool.com.mx/tienda/pdp/Aud%C3%ADfonos-Samsung-Galaxy-Buds+-Inal%C3%A1mbricos-con-Cancelaci%C3%B3n-de-Ruido/1094669193;CE;5;https://www.liverpool.com.mx/
224;aHR0cHM6Ly93d3cubGl2ZXJwb29sLmNvbS5teC90aWVuZGEvcGRwL0F1ZCVDMyVBRGZvbm9zLVNhbXN1bmctR2FsYXh5LUJ1ZHMrLUluYWwlQzMlQTFtYnJpY29zLWNvbi1DYW5jZWxhY2klQzMlQjNuLWRlLVJ1aWRvLzEwOTQ2NjkxOTMyMTI1Njk=;SEM;2021-10-08;2020-04-10;;212569;;;;LIVERPOOL;MX;2021-10-08 01:57;SAMSUNG;Audífonos Samsung Galaxy Buds+ Inalámbricos con Cancelación de Ruido;https://www.liverpool.com.mx/tienda/pdp/Aud%C3%ADfonos-Samsung-Galaxy-Buds+-Inal%C3%A1mbricos-con-Cancelaci%C3%B3n-de-Ruido/1094669193;CE;5;https://www.liverpool.com.mx/
225;aHR0cHM6Ly93d3cubGl2ZXJwb29sLmNvbS5teC90aWVuZGEvcGRwL0F1ZCVDMyVBRGZvbm9zLVNhbXN1bmctR2FsYXh5LUJ1ZHMrLUluYWwlQzMlQTFtYnJpY29zLWNvbi1DYW5jZWxhY2klQzMlQjNuLWRlLVJ1aWRvLzEwOTQ2NjkxOTMyNTI2Nzg=;SEM;2021-10-08;2020-05-15;;252678;;;;LIVERPOOL;MX;2021-10-08 01:57;SAMSUNG;Audífonos Samsung Galaxy Buds+ Inalámbricos con Cancelación de Ruido;https://www.liverpool.com.mx/tienda/pdp/Aud%C3%ADfonos-Samsung-Galaxy-Buds+-Inal%C3%A1mbricos-con-Cancelaci%C3%B3n-de-Ruido/1094669193;CE;5;https://www.liverpool.com.mx/
226;aHR0cHM6Ly93d3cubGl2ZXJwb29sLmNvbS5teC90aWVuZGEvcGRwL0F1ZCVDMyVBRGZvbm9zLVNhbXN1bmctR2FsYXh5LUJ1ZHMrLUluYWwlQzMlQTFtYnJpY29zLWNvbi1DYW5jZWxhY2klQzMlQjNuLWRlLVJ1aWRvLzEwOTQ2NjkxOTMzNDI4ODU=;SEM;2021-10-08;2020-06-27;;342885;;;;LIVERPOOL;MX;2021-10-08 01:57;SAMSUNG;Audífonos Samsung Galaxy Buds+ Inalámbricos con Cancelación de Ruido;https://www.liverpool.com.mx/tienda/pdp/Aud%C3%ADfonos-Samsung-Galaxy-Buds+-Inal%C3%A1mbricos-con-Cancelaci%C3%B3n-de-Ruido/1094669193;CE;5;https://www.liverpool.com.mx/
227;aHR0cHM6Ly93d3cubGl2ZXJwb29sLmNvbS5teC90aWVuZGEvcGRwL0F1ZCVDMyVBRGZvbm9zLVNhbXN1bmctR2FsYXh5LUJ1ZHMrLUluYWwlQzMlQTFtYnJpY29zLWNvbi1DYW5jZWxhY2klQzMlQjNuLWRlLVJ1aWRvLzEwOTQ2NjkxOTMyMjI4NTM=;SEM;2021-10-08;2020-04-21;;222853;;;;LIVERPOOL;MX;2021-10-08 01:57;SAMSUNG;Audífonos Samsung Galaxy Buds+ Inalámbricos con Cancelación de Ruido;https://www.liverpool.com.mx/tienda/pdp/Aud%C3%ADfonos-Samsung-Galaxy-Buds+-Inal%C3%A1mbricos-con-Cancelaci%C3%B3n-de-Ruido/1094669193;CE;5;https://www.liverpool.com.mx/
228;aHR0cHM6Ly93d3cubGl2ZXJwb29sLmNvbS5teC90aWVuZGEvcGRwL0F1ZCVDMyVBRGZvbm9zLVNhbXN1bmctR2FsYXh5LUJ1ZHMrLUluYWwlQzMlQTFtYnJpY29zLWNvbi1DYW5jZWxhY2klQzMlQjNuLWRlLVJ1aWRvLzEwOTQ2NjkxOTM2NDAyOTQ=;SEM;2021-10-08;2020-11-01;;640294;;;;LIVERPOOL;MX;2021-10-08 01:57;SAMSUNG;Audífonos Samsung Galaxy Buds+ Inalámbricos con Cancelación de Ruido;https://www.liverpool.com.mx/tienda/pdp/Aud%C3%ADfonos-Samsung-Galaxy-Buds+-Inal%C3%A1mbricos-con-Cancelaci%C3%B3n-de-Ruido/1094669193;CE;5;https://www.liverpool.com.mx/
229;aHR0cHM6Ly93d3cubGl2ZXJwb29sLmNvbS5teC90aWVuZGEvcGRwL0F1ZCVDMyVBRGZvbm9zLVNhbXN1bmctR2FsYXh5LUJ1ZHMrLUluYWwlQzMlQTFtYnJpY29zLWNvbi1DYW5jZWxhY2klQzMlQjNuLWRlLVJ1aWRvLzEwOTQ2NjkxOTM2MTc3NzY=;SEM;2021-10-08;2020-09-29;;617776;;;;LIVERPOOL;MX;2021-10-08 01:57;SAMSUNG;Audífonos Samsung Galaxy Buds+ Inalámbricos con Cancelación de Ruido;https://www.liverpool.com.mx/tienda/pdp/Aud%C3%ADfonos-Samsung-Galaxy-Buds+-Inal%C3%A1mbricos-con-Cancelaci%C3%B3n-de-Ruido/1094669193;CE;5;https://www.liverpool.com.mx/
230;aHR0cHM6Ly93d3cubGl2ZXJwb29sLmNvbS5teC90aWVuZGEvcGRwL0F1ZCVDMyVBRGZvbm9zLVNhbXN1bmctR2FsYXh5LUJ1ZHMrLUluYWwlQzMlQTFtYnJpY29zLWNvbi1DYW5jZWxhY2klQzMlQjNuLWRlLVJ1aWRvLzEwOTQ2NjkxOTMyMzg1NzQ=;SEM;2021-10-08;2020-05-05;;238574;;;;LIVERPOOL;MX;2021-10-08 01:57;SAMSUNG;Audífonos Samsung Galaxy Buds+ Inalámbricos con Cancelación de Ruido;https://www.liverpool.com.mx/tienda/pdp/Aud%C3%ADfonos-Samsung-Galaxy-Buds+-Inal%C3%A1mbricos-con-Cancelaci%C3%B3n-de-Ruido/1094669193;CE;5;https://www.liverpool.com.mx/
231;aHR0cHM6Ly93d3cubGl2ZXJwb29sLmNvbS5teC90aWVuZGEvcGRwL0F1ZCVDMyVBRGZvbm9zLVNhbXN1bmctR2FsYXh5LUJ1ZHMrLUluYWwlQzMlQTFtYnJpY29zLWNvbi1DYW5jZWxhY2klQzMlQjNuLWRlLVJ1aWRvLzEwOTQ2NjkxOTMyMDk0NDU=;SEM;2021-10-08;2020-04-06;;209445;;;;LIVERPOOL;MX;2021-10-08 01:57;SAMSUNG;Audífonos Samsung Galaxy Buds+ Inalámbricos con Cancelación de Ruido;https://www.liverpool.com.mx/tienda/pdp/Aud%C3%ADfonos-Samsung-Galaxy-Buds+-Inal%C3%A1mbricos-con-Cancelaci%C3%B3n-de-Ruido/1094669193;CE;1;https://www.liverpool.com.mx/
232;aHR0cHM6Ly93d3cubGl2ZXJwb29sLmNvbS5teC90aWVuZGEvcGRwL0F1ZCVDMyVBRGZvbm9zLVNhbXN1bmctR2FsYXh5LUJ1ZHMrLUluYWwlQzMlQTFtYnJpY29zLWNvbi1DYW5jZWxhY2klQzMlQjNuLWRlLVJ1aWRvLzEwOTQ2NjkxOTMzMTUzNzY=;SEM;2021-10-08;2020-06-21;;315376;;;;LIVERPOOL;MX;2021-10-08 01:57;SAMSUNG;Audífonos Samsung Galaxy Buds+ Inalámbricos con Cancelación de Ruido;https://www.liverpool.com.mx/tienda/pdp/Aud%C3%ADfonos-Samsung-Galaxy-Buds+-Inal%C3%A1mbricos-con-Cancelaci%C3%B3n-de-Ruido/1094669193;CE;5;https://www.liverpool.com.mx/
233;aHR0cHM6Ly93d3cubGl2ZXJwb29sLmNvbS5teC90aWVuZGEvcGRwL0F1ZCVDMyVBRGZvbm9zLVNhbXN1bmctR2FsYXh5LUJ1ZHMrLUluYWwlQzMlQTFtYnJpY29zLWNvbi1DYW5jZWxhY2klQzMlQjNuLWRlLVJ1aWRvLzEwOTQ2NjkxOTMyNzc3NTI=;SEM;2021-10-08;2020-06-03;;277752;;;;LIVERPOOL;MX;2021-10-08 01:57;SAMSUNG;Audífonos Samsung Galaxy Buds+ Inalámbricos con Cancelación de Ruido;https://www.liverpool.com.mx/tienda/pdp/Aud%C3%ADfonos-Samsung-Galaxy-Buds+-Inal%C3%A1mbricos-con-Cancelaci%C3%B3n-de-Ruido/1094669193;CE;5;https://www.liverpool.com.mx/
234;aHR0cHM6Ly93d3cubGl2ZXJwb29sLmNvbS5teC90aWVuZGEvcGRwL0F1ZCVDMyVBRGZvbm9zLVNhbXN1bmctR2FsYXh5LUJ1ZHMrLUluYWwlQzMlQTFtYnJpY29zLWNvbi1DYW5jZWxhY2klQzMlQjNuLWRlLVJ1aWRvLzEwOTQ2NjkxOTMyMTA0MjU=;SEM;2021-10-08;2020-04-07;;210425;;;;LIVERPOOL;MX;2021-10-08 01:57;SAMSUNG;Audífonos Samsung Galaxy Buds+ Inalámbricos con Cancelación de Ruido;https://www.liverpool.com.mx/tienda/pdp/Aud%C3%ADfonos-Samsung-Galaxy-Buds+-Inal%C3%A1mbricos-con-Cancelaci%C3%B3n-de-Ruido/1094669193;CE;5;https://www.liverpool.com.mx/
235;aHR0cHM6Ly93d3cubGl2ZXJwb29sLmNvbS5teC90aWVuZGEvcGRwL0F1ZCVDMyVBRGZvbm9zLVNhbXN1bmctR2FsYXh5LUJ1ZHMrLUluYWwlQzMlQTFtYnJpY29zLWNvbi1DYW5jZWxhY2klQzMlQjNuLWRlLVJ1aWRvLzEwOTQ2NjkxOTMyODk1NDA=;SEM;2021-10-08;2020-06-10;;289540;;;;LIVERPOOL;MX;2021-10-08 01:57;SAMSUNG;Audífonos Samsung Galaxy Buds+ Inalámbricos con Cancelación de Ruido;https://www.liverpool.com.mx/tienda/pdp/Aud%C3%ADfonos-Samsung-Galaxy-Buds+-Inal%C3%A1mbricos-con-Cancelaci%C3%B3n-de-Ruido/1094669193;CE;5;https://www.liverpool.com.mx/
236;aHR0cHM6Ly93d3cubGl2ZXJwb29sLmNvbS5teC90aWVuZGEvcGRwL0F1ZCVDMyVBRGZvbm9zLVNhbXN1bmctR2FsYXh5LUJ1ZHMrLUluYWwlQzMlQTFtYnJpY29zLWNvbi1DYW5jZWxhY2klQzMlQjNuLWRlLVJ1aWRvLzEwOTQ2NjkxOTM2MDg3OTg=;SEM;2021-10-08;2020-09-19;;608798;;;;LIVERPOOL;MX;2021-10-08 01:57;SAMSUNG;Audífonos Samsung Galaxy Buds+ Inalámbricos con Cancelación de Ruido;https://www.liverpool.com.mx/tienda/pdp/Aud%C3%ADfonos-Samsung-Galaxy-Buds+-Inal%C3%A1mbricos-con-Cancelaci%C3%B3n-de-Ruido/1094669193;CE;5;https://www.liverpool.com.mx/
237;aHR0cHM6Ly93d3cubGl2ZXJwb29sLmNvbS5teC90aWVuZGEvcGRwL0F1ZCVDMyVBRGZvbm9zLVNhbXN1bmctR2FsYXh5LUJ1ZHMrLUluYWwlQzMlQTFtYnJpY29zLWNvbi1DYW5jZWxhY2klQzMlQjNuLWRlLVJ1aWRvLzEwOTQ2NjkxOTM2MzMzODQ=;SEM;2021-10-08;2020-10-20;;633384;;;;LIVERPOOL;MX;2021-10-08 01:57;SAMSUNG;Audífonos Samsung Galaxy Buds+ Inalámbricos con Cancelación de Ruido;https://www.liverpool.com.mx/tienda/pdp/Aud%C3%ADfonos-Samsung-Galaxy-Buds+-Inal%C3%A1mbricos-con-Cancelaci%C3%B3n-de-Ruido/1094669193;CE;5;https://www.liverpool.com.mx/
238;aHR0cHM6Ly93d3cubGl2ZXJwb29sLmNvbS5teC90aWVuZGEvcGRwL0F1ZCVDMyVBRGZvbm9zLVNhbXN1bmctR2FsYXh5LUJ1ZHMrLUluYWwlQzMlQTFtYnJpY29zLWNvbi1DYW5jZWxhY2klQzMlQjNuLWRlLVJ1aWRvLzEwOTQ2NjkxOTMzNDQ0MzM=;SEM;2021-10-08;2020-06-28;;344433;;;;LIVERPOOL;MX;2021-10-08 01:57;SAMSUNG;Audífonos Samsung Galaxy Buds+ Inalámbricos con Cancelación de Ruido;https://www.liverpool.com.mx/tienda/pdp/Aud%C3%ADfonos-Samsung-Galaxy-Buds+-Inal%C3%A1mbricos-con-Cancelaci%C3%B3n-de-Ruido/1094669193;CE;5;https://www.liverpool.com.mx/
239;aHR0cHM6Ly93d3cubGl2ZXJwb29sLmNvbS5teC90aWVuZGEvcGRwL0F1ZCVDMyVBRGZvbm9zLVNhbXN1bmctR2FsYXh5LUJ1ZHMrLUluYWwlQzMlQTFtYnJpY29zLWNvbi1DYW5jZWxhY2klQzMlQjNuLWRlLVJ1aWRvLzEwOTQ2NjkxOTM2NTgwMzk=;SEM;2021-10-08;2020-11-26;;658039;;;;LIVERPOOL;MX;2021-10-08 01:57;SAMSUNG;Audífonos Samsung Galaxy Buds+ Inalámbricos con Cancelación de Ruido;https://www.liverpool.com.mx/tienda/pdp/Aud%C3%ADfonos-Samsung-Galaxy-Buds+-Inal%C3%A1mbricos-con-Cancelaci%C3%B3n-de-Ruido/1094669193;CE;5;https://www.liverpool.com.mx/
240;aHR0cHM6Ly93d3cubGl2ZXJwb29sLmNvbS5teC90aWVuZGEvcGRwL0F1ZCVDMyVBRGZvbm9zLVNhbXN1bmctR2FsYXh5LUJ1ZHMrLUluYWwlQzMlQTFtYnJpY29zLWNvbi1DYW5jZWxhY2klQzMlQjNuLWRlLVJ1aWRvLzEwOTQ2NjkxOTM2NTE2Mzk=;SEM;2021-10-08;2020-11-18;;651639;;;;LIVERPOOL;MX;2021-10-08 01:57;SAMSUNG;Audífonos Samsung Galaxy Buds+ Inalámbricos con Cancelación de Ruido;https://www.liverpool.com.mx/tienda/pdp/Aud%C3%ADfonos-Samsung-Galaxy-Buds+-Inal%C3%A1mbricos-con-Cancelaci%C3%B3n-de-Ruido/1094669193;CE;5;https://www.liverpool.com.mx/
241;aHR0cHM6Ly93d3cubGl2ZXJwb29sLmNvbS5teC90aWVuZGEvcGRwL0F1ZCVDMyVBRGZvbm9zLVNhbXN1bmctR2FsYXh5LUJ1ZHMrLUluYWwlQzMlQTFtYnJpY29zLWNvbi1DYW5jZWxhY2klQzMlQjNuLWRlLVJ1aWRvLzEwOTQ2NjkxOTM0MDQ0MjI=;SEM;2021-10-08;2020-07-17;;404422;;;;LIVERPOOL;MX;2021-10-08 01:57;SAMSUNG;Audífonos Samsung Galaxy Buds+ Inalámbricos con Cancelación de Ruido;https://www.liverpool.com.mx/tienda/pdp/Aud%C3%ADfonos-Samsung-Galaxy-Buds+-Inal%C3%A1mbricos-con-Cancelaci%C3%B3n-de-Ruido/1094669193;CE;5;https://www.liverpool.com.mx/
242;aHR0cHM6Ly93d3cubGl2ZXJwb29sLmNvbS5teC90aWVuZGEvcGRwL0F1ZCVDMyVBRGZvbm9zLVNhbXN1bmctR2FsYXh5LUJ1ZHMrLUluYWwlQzMlQTFtYnJpY29zLWNvbi1DYW5jZWxhY2klQzMlQjNuLWRlLVJ1aWRvLzEwOTQ2NjkxOTMzMzAyNDg=;SEM;2021-10-08;2020-06-25;;330248;;;;LIVERPOOL;MX;2021-10-08 01:57;SAMSUNG;Audífonos Samsung Galaxy Buds+ Inalámbricos con Cancelación de Ruido;https://www.liverpool.com.mx/tienda/pdp/Aud%C3%ADfonos-Samsung-Galaxy-Buds+-Inal%C3%A1mbricos-con-Cancelaci%C3%B3n-de-Ruido/1094669193;CE;5;https://www.liverpool.com.mx/
243;aHR0cHM6Ly93d3cubGl2ZXJwb29sLmNvbS5teC90aWVuZGEvcGRwL0F1ZCVDMyVBRGZvbm9zLVNhbXN1bmctR2FsYXh5LUJ1ZHMrLUluYWwlQzMlQTFtYnJpY29zLWNvbi1DYW5jZWxhY2klQzMlQjNuLWRlLVJ1aWRvLzEwOTQ2NjkxOTM1MDQ4NTI=;SEM;2021-10-08;2020-08-10;;504852;;;;LIVERPOOL;MX;2021-10-08 01:57;SAMSUNG;Audífonos Samsung Galaxy Buds+ Inalámbricos con Cancelación de Ruido;https://www.liverpool.com.mx/tienda/pdp/Aud%C3%ADfonos-Samsung-Galaxy-Buds+-Inal%C3%A1mbricos-con-Cancelaci%C3%B3n-de-Ruido/1094669193;CE;5;https://www.liverpool.com.mx/
244;aHR0cHM6Ly93d3cubGl2ZXJwb29sLmNvbS5teC90aWVuZGEvcGRwL0F1ZCVDMyVBRGZvbm9zLVNhbXN1bmctR2FsYXh5LUJ1ZHMrLUluYWwlQzMlQTFtYnJpY29zLWNvbi1DYW5jZWxhY2klQzMlQjNuLWRlLVJ1aWRvLzEwOTQ2NjkxOTM0NzQzOTQ=;SEM;2021-10-08;2020-08-04;;474394;;;;LIVERPOOL;MX;2021-10-08 01:57;SAMSUNG;Audífonos Samsung Galaxy Buds+ Inalámbricos con Cancelación de Ruido;https://www.liverpool.com.mx/tienda/pdp/Aud%C3%ADfonos-Samsung-Galaxy-Buds+-Inal%C3%A1mbricos-con-Cancelaci%C3%B3n-de-Ruido/1094669193;CE;5;https://www.liverpool.com.mx/
245;aHR0cHM6Ly93d3cubGl2ZXJwb29sLmNvbS5teC90aWVuZGEvcGRwL0F1ZCVDMyVBRGZvbm9zLVNhbXN1bmctR2FsYXh5LUJ1ZHMrLUluYWwlQzMlQTFtYnJpY29zLWNvbi1DYW5jZWxhY2klQzMlQjNuLWRlLVJ1aWRvLzEwOTQ2NjkxOTMyODIxNDc=;SEM;2021-10-08;2020-06-08;;282147;;;;LIVERPOOL;MX;2021-10-08 01:57;SAMSUNG;Audífonos Samsung Galaxy Buds+ Inalámbricos con Cancelación de Ruido;https://www.liverpool.com.mx/tienda/pdp/Aud%C3%ADfonos-Samsung-Galaxy-Buds+-Inal%C3%A1mbricos-con-Cancelaci%C3%B3n-de-Ruido/1094669193;CE;5;https://www.liverpool.com.mx/
246;aHR0cHM6Ly93d3cubGl2ZXJwb29sLmNvbS5teC90aWVuZGEvcGRwL0F1ZCVDMyVBRGZvbm9zLVNhbXN1bmctR2FsYXh5LUJ1ZHMrLUluYWwlQzMlQTFtYnJpY29zLWNvbi1DYW5jZWxhY2klQzMlQjNuLWRlLVJ1aWRvLzEwOTQ2NjkxOTM5NTIzNTc=;SEM;2021-10-08;2021-05-08;;952357;;;;LIVERPOOL;MX;2021-10-08 01:57;SAMSUNG;Audífonos Samsung Galaxy Buds+ Inalámbricos con Cancelación de Ruido;https://www.liverpool.com.mx/tienda/pdp/Aud%C3%ADfonos-Samsung-Galaxy-Buds+-Inal%C3%A1mbricos-con-Cancelaci%C3%B3n-de-Ruido/1094669193;CE;5;https://www.liverpool.com.mx/
247;aHR0cHM6Ly93d3cubGl2ZXJwb29sLmNvbS5teC90aWVuZGEvcGRwL0F1ZCVDMyVBRGZvbm9zLVNhbXN1bmctR2FsYXh5LUJ1ZHMrLUluYWwlQzMlQTFtYnJpY29zLWNvbi1DYW5jZWxhY2klQzMlQjNuLWRlLVJ1aWRvLzEwOTQ2NjkxOTM3OTU5NTU=;SEM;2021-10-08;2021-02-19;;795955;;;;LIVERPOOL;MX;2021-10-08 01:57;SAMSUNG;Audífonos Samsung Galaxy Buds+ Inalámbricos con Cancelación de Ruido;https://www.liverpool.com.mx/tienda/pdp/Aud%C3%ADfonos-Samsung-Galaxy-Buds+-Inal%C3%A1mbricos-con-Cancelaci%C3%B3n-de-Ruido/1094669193;CE;5;https://www.liverpool.com.mx/
248;aHR0cHM6Ly93d3cubGl2ZXJwb29sLmNvbS5teC90aWVuZGEvcGRwL0F1ZCVDMyVBRGZvbm9zLVNhbXN1bmctR2FsYXh5LUJ1ZHMrLUluYWwlQzMlQTFtYnJpY29zLWNvbi1DYW5jZWxhY2klQzMlQjNuLWRlLVJ1aWRvLzEwOTQ2NjkxOTM2NTg3ODM=;SEM;2021-10-08;2020-11-27;;658783;;;;LIVERPOOL;MX;2021-10-08 01:57;SAMSUNG;Audífonos Samsung Galaxy Buds+ Inalámbricos con Cancelación de Ruido;https://www.liverpool.com.mx/tienda/pdp/Aud%C3%ADfonos-Samsung-Galaxy-Buds+-Inal%C3%A1mbricos-con-Cancelaci%C3%B3n-de-Ruido/1094669193;CE;5;https://www.liverpool.com.mx/
249;aHR0cHM6Ly93d3cubGl2ZXJwb29sLmNvbS5teC90aWVuZGEvcGRwL0F1ZCVDMyVBRGZvbm9zLVNhbXN1bmctR2FsYXh5LUJ1ZHMrLUluYWwlQzMlQTFtYnJpY29zLWNvbi1DYW5jZWxhY2klQzMlQjNuLWRlLVJ1aWRvLzEwOTQ2NjkxOTMzMzQ0NTM=;SEM;2021-10-08;2020-06-25;;334453;;;;LIVERPOOL;MX;2021-10-08 01:57;SAMSUNG;Audífonos Samsung Galaxy Buds+ Inalámbricos con Cancelación de Ruido;https://www.liverpool.com.mx/tienda/pdp/Aud%C3%ADfonos-Samsung-Galaxy-Buds+-Inal%C3%A1mbricos-con-Cancelaci%C3%B3n-de-Ruido/1094669193;CE;5;https://www.liverpool.com.mx/
250;aHR0cHM6Ly93d3cubGl2ZXJwb29sLmNvbS5teC90aWVuZGEvcGRwL0F1ZCVDMyVBRGZvbm9zLVNhbXN1bmctR2FsYXh5LUJ1ZHMrLUluYWwlQzMlQTFtYnJpY29zLWNvbi1DYW5jZWxhY2klQzMlQjNuLWRlLVJ1aWRvLzEwOTQ2NjkxOTMxMDA2OTY3;SEM;2021-10-08;2021-05-27;;1006967;;;;LIVERPOOL;MX;2021-10-08 01:57;SAMSUNG;Audífonos Samsung Galaxy Buds+ Inalámbricos con Cancelación de Ruido;https://www.liverpool.com.mx/tienda/pdp/Aud%C3%ADfonos-Samsung-Galaxy-Buds+-Inal%C3%A1mbricos-con-Cancelaci%C3%B3n-de-Ruido/1094669193;CE;5;https://www.liverpool.com.mx/
251;aHR0cHM6Ly93d3cubGl2ZXJwb29sLmNvbS5teC90aWVuZGEvcGRwL0F1ZCVDMyVBRGZvbm9zLVNhbXN1bmctR2FsYXh5LUJ1ZHMrLUluYWwlQzMlQTFtYnJpY29zLWNvbi1DYW5jZWxhY2klQzMlQjNuLWRlLVJ1aWRvLzEwOTQ2NjkxOTM5MTAyMTk=;SEM;2021-10-08;2021-04-18;;910219;;;;LIVERPOOL;MX;2021-10-08 01:57;SAMSUNG;Audífonos Samsung Galaxy Buds+ Inalámbricos con Cancelación de Ruido;https://www.liverpool.com.mx/tienda/pdp/Aud%C3%ADfonos-Samsung-Galaxy-Buds+-Inal%C3%A1mbricos-con-Cancelaci%C3%B3n-de-Ruido/1094669193;CE;5;https://www.liverpool.com.mx/
252;aHR0cHM6Ly93d3cubGl2ZXJwb29sLmNvbS5teC90aWVuZGEvcGRwL0F1ZCVDMyVBRGZvbm9zLVNhbXN1bmctR2FsYXh5LUJ1ZHMrLUluYWwlQzMlQTFtYnJpY29zLWNvbi1DYW5jZWxhY2klQzMlQjNuLWRlLVJ1aWRvLzEwOTQ2NjkxOTMxMjQ5OTM2;SEM;2021-10-08;2021-09-06;;1249936;;;;LIVERPOOL;MX;2021-10-08 01:57;SAMSUNG;Audífonos Samsung Galaxy Buds+ Inalámbricos con Cancelación de Ruido;https://www.liverpool.com.mx/tienda/pdp/Aud%C3%ADfonos-Samsung-Galaxy-Buds+-Inal%C3%A1mbricos-con-Cancelaci%C3%B3n-de-Ruido/1094669193;CE;5;https://www.liverpool.com.mx/
253;aHR0cHM6Ly93d3cubGl2ZXJwb29sLmNvbS5teC90aWVuZGEvcGRwL0F1ZCVDMyVBRGZvbm9zLVNhbXN1bmctR2FsYXh5LUJ1ZHMrLUluYWwlQzMlQTFtYnJpY29zLWNvbi1DYW5jZWxhY2klQzMlQjNuLWRlLVJ1aWRvLzEwOTQ2NjkxOTM3OTgwOTg=;SEM;2021-10-08;2021-02-20;;798098;;;;LIVERPOOL;MX;2021-10-08 01:57;SAMSUNG;Audífonos Samsung Galaxy Buds+ Inalámbricos con Cancelación de Ruido;https://www.liverpool.com.mx/tienda/pdp/Aud%C3%ADfonos-Samsung-Galaxy-Buds+-Inal%C3%A1mbricos-con-Cancelaci%C3%B3n-de-Ruido/1094669193;CE;5;https://www.liverpool.com.mx/
254;aHR0cHM6Ly93d3cubGl2ZXJwb29sLmNvbS5teC90aWVuZGEvcGRwL0F1ZCVDMyVBRGZvbm9zLVNhbXN1bmctR2FsYXh5LUJ1ZHMrLUluYWwlQzMlQTFtYnJpY29zLWNvbi1DYW5jZWxhY2klQzMlQjNuLWRlLVJ1aWRvLzEwOTQ2NjkxOTMyMzU2ODg=;SEM;2021-10-08;2020-05-03;;235688;;;;LIVERPOOL;MX;2021-10-08 01:57;SAMSUNG;Audífonos Samsung Galaxy Buds+ Inalámbricos con Cancelación de Ruido;https://www.liverpool.com.mx/tienda/pdp/Aud%C3%ADfonos-Samsung-Galaxy-Buds+-Inal%C3%A1mbricos-con-Cancelaci%C3%B3n-de-Ruido/1094669193;CE;5;https://www.liverpool.com.mx/
255;aHR0cHM6Ly93d3cubGl2ZXJwb29sLmNvbS5teC90aWVuZGEvcGRwL0F1ZCVDMyVBRGZvbm9zLVNhbXN1bmctR2FsYXh5LUJ1ZHMrLUluYWwlQzMlQTFtYnJpY29zLWNvbi1DYW5jZWxhY2klQzMlQjNuLWRlLVJ1aWRvLzEwOTQ2NjkxOTM5NDMzMDM=;SEM;2021-10-08;2021-05-05;;943303;;;;LIVERPOOL;MX;2021-10-08 01:57;SAMSUNG;Audífonos Samsung Galaxy Buds+ Inalámbricos con Cancelación de Ruido;https://www.liverpool.com.mx/tienda/pdp/Aud%C3%ADfonos-Samsung-Galaxy-Buds+-Inal%C3%A1mbricos-con-Cancelaci%C3%B3n-de-Ruido/1094669193;CE;5;https://www.liverpool.com.mx/
256;aHR0cHM6Ly93d3cubGl2ZXJwb29sLmNvbS5teC90aWVuZGEvcGRwL0F1ZCVDMyVBRGZvbm9zLVNhbXN1bmctR2FsYXh5LUJ1ZHMrLUluYWwlQzMlQTFtYnJpY29zLWNvbi1DYW5jZWxhY2klQzMlQjNuLWRlLVJ1aWRvLzEwOTQ2NjkxOTM2NzM4MDI=;SEM;2021-10-08;2020-12-22;;673802;;;;LIVERPOOL;MX;2021-10-08 01:57;SAMSUNG;Audífonos Samsung Galaxy Buds+ Inalámbricos con Cancelación de Ruido;https://www.liverpool.com.mx/tienda/pdp/Aud%C3%ADfonos-Samsung-Galaxy-Buds+-Inal%C3%A1mbricos-con-Cancelaci%C3%B3n-de-Ruido/1094669193;CE;5;https://www.liverpool.com.mx/
257;aHR0cHM6Ly93d3cubGl2ZXJwb29sLmNvbS5teC90aWVuZGEvcGRwL0F1ZCVDMyVBRGZvbm9zLVNhbXN1bmctR2FsYXh5LUJ1ZHMrLUluYWwlQzMlQTFtYnJpY29zLWNvbi1DYW5jZWxhY2klQzMlQjNuLWRlLVJ1aWRvLzEwOTQ2NjkxOTMxMDc0NzAx;SEM;2021-10-08;2021-06-17;;1074701;;;;LIVERPOOL;MX;2021-10-08 01:57;SAMSUNG;Audífonos Samsung Galaxy Buds+ Inalámbricos con Cancelación de Ruido;https://www.liverpool.com.mx/tienda/pdp/Aud%C3%ADfonos-Samsung-Galaxy-Buds+-Inal%C3%A1mbricos-con-Cancelaci%C3%B3n-de-Ruido/1094669193;CE;5;https://www.liverpool.com.mx/
258;aHR0cHM6Ly93d3cubGl2ZXJwb29sLmNvbS5teC90aWVuZGEvcGRwL0hvcm5vLWRlLW1pY3Jvb25kYXMtY29udmVuY2lvbmFsLVNhbXN1bmctbW9kZWxvLUFNRTgxMTRTVC9YQVgvMTA5NTEwNjM2MjMwOTIyNA==;SEM;2021-10-08;2020-06-17;;309224;;;;LIVERPOOL;MX;2021-10-08 01:58;SAMSUNG;Horno de microondas convencional Samsung modelo AME8114ST/XAX;https://www.liverpool.com.mx/tienda/pdp/Horno-de-microondas-convencional-Samsung-modelo-AME8114ST/XAX/1095106362;CE;5;https://www.liverpool.com.mx/
259;aHR0cHM6Ly93d3cubGl2ZXJwb29sLmNvbS5teC90aWVuZGEvcGRwL0hvcm5vLWRlLW1pY3Jvb25kYXMtY29udmVuY2lvbmFsLVNhbXN1bmctbW9kZWxvLUFNRTgxMTRTVC9YQVgvMTA5NTEwNjM2MjIxMTE0Ng==;SEM;2021-10-08;2020-04-08;;211146;;;;LIVERPOOL;MX;2021-10-08 01:58;SAMSUNG;Horno de microondas convencional Samsung modelo AME8114ST/XAX;https://www.liverpool.com.mx/tienda/pdp/Horno-de-microondas-convencional-Samsung-modelo-AME8114ST/XAX/1095106362;CE;5;https://www.liverpool.com.mx/
260;aHR0cHM6Ly93d3cubGl2ZXJwb29sLmNvbS5teC90aWVuZGEvcGRwL0hvcm5vLWRlLW1pY3Jvb25kYXMtY29udmVuY2lvbmFsLVNhbXN1bmctbW9kZWxvLUFNRTgxMTRTVC9YQVgvMTA5NTEwNjM2MjYyNjI1OA==;SEM;2021-10-08;2020-10-09;;626258;;;;LIVERPOOL;MX;2021-10-08 01:58;SAMSUNG;Horno de microondas convencional Samsung modelo AME8114ST/XAX;https://www.liverpool.com.mx/tienda/pdp/Horno-de-microondas-convencional-Samsung-modelo-AME8114ST/XAX/1095106362;CE;5;https://www.liverpool.com.mx/
261;aHR0cHM6Ly93d3cubGl2ZXJwb29sLmNvbS5teC90aWVuZGEvcGRwL0hvcm5vLWRlLW1pY3Jvb25kYXMtY29udmVuY2lvbmFsLVNhbXN1bmctbW9kZWxvLUFNRTgxMTRTVC9YQVgvMTA5NTEwNjM2MjI3ODg5NA==;SEM;2021-10-08;2020-06-04;;278894;;;;LIVERPOOL;MX;2021-10-08 01:58;SAMSUNG;Horno de microondas convencional Samsung modelo AME8114ST/XAX;https://www.liverpool.com.mx/tienda/pdp/Horno-de-microondas-convencional-Samsung-modelo-AME8114ST/XAX/1095106362;CE;4;https://www.liverpool.com.mx/
262;aHR0cHM6Ly93d3cubGl2ZXJwb29sLmNvbS5teC90aWVuZGEvcGRwL0hvcm5vLWRlLW1pY3Jvb25kYXMtY29udmVuY2lvbmFsLVNhbXN1bmctbW9kZWxvLUFNRTgxMTRTVC9YQVgvMTA5NTEwNjM2Mjg2OTYzNA==;SEM;2021-10-08;2021-03-26;;869634;;;;LIVERPOOL;MX;2021-10-08 01:58;SAMSUNG;Horno de microondas convencional Samsung modelo AME8114ST/XAX;https://www.liverpool.com.mx/tienda/pdp/Horno-de-microondas-convencional-Samsung-modelo-AME8114ST/XAX/1095106362;CE;5;https://www.liverpool.com.mx/
263;aHR0cHM6Ly93d3cubGl2ZXJwb29sLmNvbS5teC90aWVuZGEvcGRwL0hvcm5vLWRlLW1pY3Jvb25kYXMtY29udmVuY2lvbmFsLVNhbXN1bmctbW9kZWxvLUFNRTgxMTRTVC9YQVgvMTA5NTEwNjM2MjM5MTkwNg==;SEM;2021-10-08;2020-07-13;;391906;;;;LIVERPOOL;MX;2021-10-08 01:58;SAMSUNG;Horno de microondas convencional Samsung modelo AME8114ST/XAX;https://www.liverpool.com.mx/tienda/pdp/Horno-de-microondas-convencional-Samsung-modelo-AME8114ST/XAX/1095106362;CE;3;https://www.liverpool.com.mx/
264;aHR0cHM6Ly93d3cubGl2ZXJwb29sLmNvbS5teC90aWVuZGEvcGRwL0hvcm5vLWRlLW1pY3Jvb25kYXMtY29udmVuY2lvbmFsLVNhbXN1bmctbW9kZWxvLUFNRTgxMTRTVC9YQVgvMTA5NTEwNjM2MjUwODcxNg==;SEM;2021-10-08;2020-08-10;;508716;;;;LIVERPOOL;MX;2021-10-08 01:58;SAMSUNG;Horno de microondas convencional Samsung modelo AME8114ST/XAX;https://www.liverpool.com.mx/tienda/pdp/Horno-de-microondas-convencional-Samsung-modelo-AME8114ST/XAX/1095106362;CE;5;https://www.liverpool.com.mx/
265;aHR0cHM6Ly93d3cubGl2ZXJwb29sLmNvbS5teC90aWVuZGEvcGRwL0hvcm5vLWRlLW1pY3Jvb25kYXMtY29udmVuY2lvbmFsLVNhbXN1bmctbW9kZWxvLUFNRTgxMTRTVC9YQVgvMTA5NTEwNjM2MjM5NjQ2MQ==;SEM;2021-10-08;2020-07-13;;396461;;;;LIVERPOOL;MX;2021-10-08 01:58;SAMSUNG;Horno de microondas convencional Samsung modelo AME8114ST/XAX;https://www.liverpool.com.mx/tienda/pdp/Horno-de-microondas-convencional-Samsung-modelo-AME8114ST/XAX/1095106362;CE;5;https://www.liverpool.com.mx/
266;aHR0cHM6Ly93d3cubGl2ZXJwb29sLmNvbS5teC90aWVuZGEvcGRwL0hvcm5vLWRlLW1pY3Jvb25kYXMtY29udmVuY2lvbmFsLVNhbXN1bmctbW9kZWxvLUFNRTgxMTRTVC9YQVgvMTA5NTEwNjM2MjM5NTI4MA==;SEM;2021-10-08;2020-07-13;;395280;;;;LIVERPOOL;MX;2021-10-08 01:58;SAMSUNG;Horno de microondas convencional Samsung modelo AME8114ST/XAX;https://www.liverpool.com.mx/tienda/pdp/Horno-de-microondas-convencional-Samsung-modelo-AME8114ST/XAX/1095106362;CE;5;https://www.liverpool.com.mx/
267;aHR0cHM6Ly93d3cubGl2ZXJwb29sLmNvbS5teC90aWVuZGEvcGRwL0hvcm5vLWRlLW1pY3Jvb25kYXMtY29udmVuY2lvbmFsLVNhbXN1bmctbW9kZWxvLUFNRTgxMTRTVC9YQVgvMTA5NTEwNjM2MjUxNTc3OA==;SEM;2021-10-08;2020-08-13;;515778;;;;LIVERPOOL;MX;2021-10-08 01:58;SAMSUNG;Horno de microondas convencional Samsung modelo AME8114ST/XAX;https://www.liverpool.com.mx/tienda/pdp/Horno-de-microondas-convencional-Samsung-modelo-AME8114ST/XAX/1095106362;CE;2;https://www.liverpool.com.mx/
268;aHR0cHM6Ly93d3cubGl2ZXJwb29sLmNvbS5teC90aWVuZGEvcGRwL0hvcm5vLWRlLW1pY3Jvb25kYXMtY29udmVuY2lvbmFsLVNhbXN1bmctbW9kZWxvLUFNRTgxMTRTVC9YQVgvMTA5NTEwNjM2MjI0NTI0NA==;SEM;2021-10-08;2020-05-09;;245244;;;;LIVERPOOL;MX;2021-10-08 01:58;SAMSUNG;Horno de microondas convencional Samsung modelo AME8114ST/XAX;https://www.liverpool.com.mx/tienda/pdp/Horno-de-microondas-convencional-Samsung-modelo-AME8114ST/XAX/1095106362;CE;4;https://www.liverpool.com.mx/
269;aHR0cHM6Ly93d3cubGl2ZXJwb29sLmNvbS5teC90aWVuZGEvcGRwL0hvcm5vLWRlLW1pY3Jvb25kYXMtY29udmVuY2lvbmFsLVNhbXN1bmctbW9kZWxvLUFNRTgxMTRTVC9YQVgvMTA5NTEwNjM2MjI5MjcwNQ==;SEM;2021-10-08;2020-06-10;;292705;;;;LIVERPOOL;MX;2021-10-08 01:58;SAMSUNG;Horno de microondas convencional Samsung modelo AME8114ST/XAX;https://www.liverpool.com.mx/tienda/pdp/Horno-de-microondas-convencional-Samsung-modelo-AME8114ST/XAX/1095106362;CE;3;https://www.liverpool.com.mx/
270;aHR0cHM6Ly93d3cubGl2ZXJwb29sLmNvbS5teC90aWVuZGEvcGRwL0hvcm5vLWRlLW1pY3Jvb25kYXMtY29udmVuY2lvbmFsLVNhbXN1bmctbW9kZWxvLUFNRTgxMTRTVC9YQVgvMTA5NTEwNjM2MjY2MjMyMQ==;SEM;2021-10-08;2020-12-02;;662321;;;;LIVERPOOL;MX;2021-10-08 01:58;SAMSUNG;Horno de microondas convencional Samsung modelo AME8114ST/XAX;https://www.liverpool.com.mx/tienda/pdp/Horno-de-microondas-convencional-Samsung-modelo-AME8114ST/XAX/1095106362;CE;5;https://www.liverpool.com.mx/
271;aHR0cHM6Ly93d3cubGl2ZXJwb29sLmNvbS5teC90aWVuZGEvcGRwL0hvcm5vLWRlLW1pY3Jvb25kYXMtY29udmVuY2lvbmFsLVNhbXN1bmctbW9kZWxvLUFNRTgxMTRTVC9YQVgvMTA5NTEwNjM2MjY3MDgwMg==;SEM;2021-10-08;2020-12-17;;670802;;;;LIVERPOOL;MX;2021-10-08 01:58;SAMSUNG;Horno de microondas convencional Samsung modelo AME8114ST/XAX;https://www.liverpool.com.mx/tienda/pdp/Horno-de-microondas-convencional-Samsung-modelo-AME8114ST/XAX/1095106362;CE;5;https://www.liverpool.com.mx/
272;aHR0cHM6Ly93d3cubGl2ZXJwb29sLmNvbS5teC90aWVuZGEvcGRwL0hvcm5vLWRlLW1pY3Jvb25kYXMtY29udmVuY2lvbmFsLVNhbXN1bmctbW9kZWxvLUFNRTgxMTRTVC9YQVgvMTA5NTEwNjM2MjU5NjU4Mw==;SEM;2021-10-08;2020-09-10;;596583;;;;LIVERPOOL;MX;2021-10-08 01:58;SAMSUNG;Horno de microondas convencional Samsung modelo AME8114ST/XAX;https://www.liverpool.com.mx/tienda/pdp/Horno-de-microondas-convencional-Samsung-modelo-AME8114ST/XAX/1095106362;CE;5;https://www.liverpool.com.mx/
273;aHR0cHM6Ly93d3cubGl2ZXJwb29sLmNvbS5teC90aWVuZGEvcGRwL0hvcm5vLWRlLW1pY3Jvb25kYXMtY29udmVuY2lvbmFsLVNhbXN1bmctbW9kZWxvLUFNRTgxMTRTVC9YQVgvMTA5NTEwNjM2MjI5NDc3Nw==;SEM;2021-10-08;2020-06-11;;294777;;;;LIVERPOOL;MX;2021-10-08 01:58;SAMSUNG;Horno de microondas convencional Samsung modelo AME8114ST/XAX;https://www.liverpool.com.mx/tienda/pdp/Horno-de-microondas-convencional-Samsung-modelo-AME8114ST/XAX/1095106362;CE;5;https://www.liverpool.com.mx/
274;aHR0cHM6Ly93d3cubGl2ZXJwb29sLmNvbS5teC90aWVuZGEvcGRwL0hvcm5vLWRlLW1pY3Jvb25kYXMtY29udmVuY2lvbmFsLVNhbXN1bmctbW9kZWxvLUFNRTgxMTRTVC9YQVgvMTA5NTEwNjM2MjUwNjI1NQ==;SEM;2021-10-08;2020-08-10;;506255;;;;LIVERPOOL;MX;2021-10-08 01:58;SAMSUNG;Horno de microondas convencional Samsung modelo AME8114ST/XAX;https://www.liverpool.com.mx/tienda/pdp/Horno-de-microondas-convencional-Samsung-modelo-AME8114ST/XAX/1095106362;CE;5;https://www.liverpool.com.mx/
275;aHR0cHM6Ly93d3cubGl2ZXJwb29sLmNvbS5teC90aWVuZGEvcGRwL0hvcm5vLWRlLW1pY3Jvb25kYXMtY29udmVuY2lvbmFsLVNhbXN1bmctbW9kZWxvLUFNRTgxMTRTVC9YQVgvMTA5NTEwNjM2MjQ4MjcxOQ==;SEM;2021-10-08;2020-08-05;;482719;;;;LIVERPOOL;MX;2021-10-08 01:58;SAMSUNG;Horno de microondas convencional Samsung modelo AME8114ST/XAX;https://www.liverpool.com.mx/tienda/pdp/Horno-de-microondas-convencional-Samsung-modelo-AME8114ST/XAX/1095106362;CE;5;https://www.liverpool.com.mx/
276;aHR0cHM6Ly93d3cubGl2ZXJwb29sLmNvbS5teC90aWVuZGEvcGRwL0hvcm5vLWRlLW1pY3Jvb25kYXMtY29udmVuY2lvbmFsLVNhbXN1bmctbW9kZWxvLUFNRTgxMTRTVC9YQVgvMTA5NTEwNjM2MjU0MTkxNA==;SEM;2021-10-08;2020-08-22;;541914;;;;LIVERPOOL;MX;2021-10-08 01:58;SAMSUNG;Horno de microondas convencional Samsung modelo AME8114ST/XAX;https://www.liverpool.com.mx/tienda/pdp/Horno-de-microondas-convencional-Samsung-modelo-AME8114ST/XAX/1095106362;CE;5;https://www.liverpool.com.mx/
277;aHR0cHM6Ly93d3cubGl2ZXJwb29sLmNvbS5teC90aWVuZGEvcGRwL0hvcm5vLWRlLW1pY3Jvb25kYXMtY29udmVuY2lvbmFsLVNhbXN1bmctbW9kZWxvLUFNRTgxMTRTVC9YQVgvMTA5NTEwNjM2MjgzNzkxNw==;SEM;2021-10-08;2021-03-10;;837917;;;;LIVERPOOL;MX;2021-10-08 01:58;SAMSUNG;Horno de microondas convencional Samsung modelo AME8114ST/XAX;https://www.liverpool.com.mx/tienda/pdp/Horno-de-microondas-convencional-Samsung-modelo-AME8114ST/XAX/1095106362;CE;5;https://www.liverpool.com.mx/
278;aHR0cHM6Ly93d3cubGl2ZXJwb29sLmNvbS5teC90aWVuZGEvcGRwL0hvcm5vLWRlLW1pY3Jvb25kYXMtY29udmVuY2lvbmFsLVNhbXN1bmctbW9kZWxvLUFNRTgxMTRTVC9YQVgvMTA5NTEwNjM2MjM0MjA0OA==;SEM;2021-10-08;2020-06-27;;342048;;;;LIVERPOOL;MX;2021-10-08 01:58;SAMSUNG;Horno de microondas convencional Samsung modelo AME8114ST/XAX;https://www.liverpool.com.mx/tienda/pdp/Horno-de-microondas-convencional-Samsung-modelo-AME8114ST/XAX/1095106362;CE;5;https://www.liverpool.com.mx/
279;aHR0cHM6Ly93d3cubGl2ZXJwb29sLmNvbS5teC90aWVuZGEvcGRwL0hvcm5vLWRlLW1pY3Jvb25kYXMtY29udmVuY2lvbmFsLVNhbXN1bmctbW9kZWxvLUFNRTgxMTRTVC9YQVgvMTA5NTEwNjM2MjU3MjQ1Mg==;SEM;2021-10-08;2020-09-01;;572452;;;;LIVERPOOL;MX;2021-10-08 01:58;SAMSUNG;Horno de microondas convencional Samsung modelo AME8114ST/XAX;https://www.liverpool.com.mx/tienda/pdp/Horno-de-microondas-convencional-Samsung-modelo-AME8114ST/XAX/1095106362;CE;5;https://www.liverpool.com.mx/
280;aHR0cHM6Ly93d3cubGl2ZXJwb29sLmNvbS5teC90aWVuZGEvcGRwL0hvcm5vLWRlLW1pY3Jvb25kYXMtY29udmVuY2lvbmFsLVNhbXN1bmctbW9kZWxvLUFNRTgxMTRTVC9YQVgvMTA5NTEwNjM2MjY1MDU1MA==;SEM;2021-10-08;2020-11-17;;650550;;;;LIVERPOOL;MX;2021-10-08 01:58;SAMSUNG;Horno de microondas convencional Samsung modelo AME8114ST/XAX;https://www.liverpool.com.mx/tienda/pdp/Horno-de-microondas-convencional-Samsung-modelo-AME8114ST/XAX/1095106362;CE;5;https://www.liverpool.com.mx/
281;aHR0cHM6Ly93d3cubGl2ZXJwb29sLmNvbS5teC90aWVuZGEvcGRwL0hvcm5vLWRlLW1pY3Jvb25kYXMtY29udmVuY2lvbmFsLVNhbXN1bmctbW9kZWxvLUFNRTgxMTRTVC9YQVgvMTA5NTEwNjM2MjQyNTI3Nw==;SEM;2021-10-08;2020-07-26;;425277;;;;LIVERPOOL;MX;2021-10-08 01:58;SAMSUNG;Horno de microondas convencional Samsung modelo AME8114ST/XAX;https://www.liverpool.com.mx/tienda/pdp/Horno-de-microondas-convencional-Samsung-modelo-AME8114ST/XAX/1095106362;CE;5;https://www.liverpool.com.mx/
282;aHR0cHM6Ly93d3cubGl2ZXJwb29sLmNvbS5teC90aWVuZGEvcGRwL0hvcm5vLWRlLW1pY3Jvb25kYXMtY29udmVuY2lvbmFsLVNhbXN1bmctbW9kZWxvLUFNRTgxMTRTVC9YQVgvMTA5NTEwNjM2MjkxNjg0OQ==;SEM;2021-10-08;2021-04-23;;916849;;;;LIVERPOOL;MX;2021-10-08 01:58;SAMSUNG;Horno de microondas convencional Samsung modelo AME8114ST/XAX;https://www.liverpool.com.mx/tienda/pdp/Horno-de-microondas-convencional-Samsung-modelo-AME8114ST/XAX/1095106362;CE;5;https://www.liverpool.com.mx/
283;aHR0cHM6Ly93d3cubGl2ZXJwb29sLmNvbS5teC90aWVuZGEvcGRwL0hvcm5vLWRlLW1pY3Jvb25kYXMtY29udmVuY2lvbmFsLVNhbXN1bmctbW9kZWxvLUFNRTgxMTRTVC9YQVgvMTA5NTEwNjM2MjU4ODE3Mw==;SEM;2021-10-08;2020-09-07;;588173;;;;LIVERPOOL;MX;2021-10-08 01:58;SAMSUNG;Horno de microondas convencional Samsung modelo AME8114ST/XAX;https://www.liverpool.com.mx/tienda/pdp/Horno-de-microondas-convencional-Samsung-modelo-AME8114ST/XAX/1095106362;CE;5;https://www.liverpool.com.mx/
284;aHR0cHM6Ly93d3cubGl2ZXJwb29sLmNvbS5teC90aWVuZGEvcGRwL0hvcm5vLWRlLW1pY3Jvb25kYXMtY29udmVuY2lvbmFsLVNhbXN1bmctbW9kZWxvLUFNRTgxMTRTVC9YQVgvMTA5NTEwNjM2MjI1NjQ3MQ==;SEM;2021-10-08;2020-05-19;;256471;;;;LIVERPOOL;MX;2021-10-08 01:58;SAMSUNG;Horno de microondas convencional Samsung modelo AME8114ST/XAX;https://www.liverpool.com.mx/tienda/pdp/Horno-de-microondas-convencional-Samsung-modelo-AME8114ST/XAX/1095106362;CE;5;https://www.liverpool.com.mx/
285;aHR0cHM6Ly93d3cubGl2ZXJwb29sLmNvbS5teC90aWVuZGEvcGRwL0hvcm5vLWRlLW1pY3Jvb25kYXMtY29udmVuY2lvbmFsLVNhbXN1bmctbW9kZWxvLUFNRTgxMTRTVC9YQVgvMTA5NTEwNjM2MjMzMzAzMA==;SEM;2021-10-08;2020-06-25;;333030;;;;LIVERPOOL;MX;2021-10-08 01:58;SAMSUNG;Horno de microondas convencional Samsung modelo AME8114ST/XAX;https://www.liverpool.com.mx/tienda/pdp/Horno-de-microondas-convencional-Samsung-modelo-AME8114ST/XAX/1095106362;CE;5;https://www.liverpool.com.mx/
286;aHR0cHM6Ly93d3cubGl2ZXJwb29sLmNvbS5teC90aWVuZGEvcGRwL0hvcm5vLWRlLW1pY3Jvb25kYXMtY29udmVuY2lvbmFsLVNhbXN1bmctbW9kZWxvLUFNRTgxMTRTVC9YQVgvMTA5NTEwNjM2MjgzMTE3Ng==;SEM;2021-10-08;2021-03-06;;831176;;;;LIVERPOOL;MX;2021-10-08 01:58;SAMSUNG;Horno de microondas convencional Samsung modelo AME8114ST/XAX;https://www.liverpool.com.mx/tienda/pdp/Horno-de-microondas-convencional-Samsung-modelo-AME8114ST/XAX/1095106362;CE;4;https://www.liverpool.com.mx/
287;aHR0cHM6Ly93d3cubGl2ZXJwb29sLmNvbS5teC90aWVuZGEvcGRwL0hvcm5vLWRlLW1pY3Jvb25kYXMtY29udmVuY2lvbmFsLVNhbXN1bmctbW9kZWxvLUFNRTgxMTRTVC9YQVgvMTA5NTEwNjM2MjM0MDk5Mg==;SEM;2021-10-08;2020-06-27;;340992;;;;LIVERPOOL;MX;2021-10-08 01:58;SAMSUNG;Horno de microondas convencional Samsung modelo AME8114ST/XAX;https://www.liverpool.com.mx/tienda/pdp/Horno-de-microondas-convencional-Samsung-modelo-AME8114ST/XAX/1095106362;CE;5;https://www.liverpool.com.mx/
288;aHR0cHM6Ly93d3cubGl2ZXJwb29sLmNvbS5teC90aWVuZGEvcGRwL0hvcm5vLWRlLW1pY3Jvb25kYXMtY29udmVuY2lvbmFsLVNhbXN1bmctbW9kZWxvLUFNRTgxMTRTVC9YQVgvMTA5NTEwNjM2MjExNTYxMDA=;SEM;2021-10-08;2021-07-21;;1156100;;;;LIVERPOOL;MX;2021-10-08 01:58;SAMSUNG;Horno de microondas convencional Samsung modelo AME8114ST/XAX;https://www.liverpool.com.mx/tienda/pdp/Horno-de-microondas-convencional-Samsung-modelo-AME8114ST/XAX/1095106362;CE;5;https://www.liverpool.com.mx/
289;aHR0cHM6Ly93d3cubGl2ZXJwb29sLmNvbS5teC90aWVuZGEvcGRwL0hvcm5vLWRlLW1pY3Jvb25kYXMtY29udmVuY2lvbmFsLVNhbXN1bmctbW9kZWxvLUFNRTgxMTRTVC9YQVgvMTA5NTEwNjM2MjEyMTk1OTI=;SEM;2021-10-08;2021-08-20;;1219592;;;;LIVERPOOL;MX;2021-10-08 01:58;SAMSUNG;Horno de microondas convencional Samsung modelo AME8114ST/XAX;https://www.liverpool.com.mx/tienda/pdp/Horno-de-microondas-convencional-Samsung-modelo-AME8114ST/XAX/1095106362;CE;5;https://www.liverpool.com.mx/
290;aHR0cHM6Ly93d3cubGl2ZXJwb29sLmNvbS5teC90aWVuZGEvcGRwL0hvcm5vLWRlLW1pY3Jvb25kYXMtY29udmVuY2lvbmFsLVNhbXN1bmctbW9kZWxvLUFNRTgxMTRTVC9YQVgvMTA5NTEwNjM2MjMxMjg0MA==;SEM;2021-10-08;2020-06-20;;312840;;;;LIVERPOOL;MX;2021-10-08 01:58;SAMSUNG;Horno de microondas convencional Samsung modelo AME8114ST/XAX;https://www.liverpool.com.mx/tienda/pdp/Horno-de-microondas-convencional-Samsung-modelo-AME8114ST/XAX/1095106362;CE;5;https://www.liverpool.com.mx/
291;aHR0cHM6Ly93d3cubGl2ZXJwb29sLmNvbS5teC90aWVuZGEvcGRwL0hvcm5vLWRlLW1pY3Jvb25kYXMtY29udmVuY2lvbmFsLVNhbXN1bmctbW9kZWxvLUFNRTgxMTRTVC9YQVgvMTA5NTEwNjM2MjEyOTY2NTI=;SEM;2021-10-08;2021-10-02;;1296652;;;;LIVERPOOL;MX;2021-10-08 01:58;SAMSUNG;Horno de microondas convencional Samsung modelo AME8114ST/XAX;https://www.liverpool.com.mx/tienda/pdp/Horno-de-microondas-convencional-Samsung-modelo-AME8114ST/XAX/1095106362;CE;5;https://www.liverpool.com.mx/
292;aHR0cHM6Ly93d3cubGl2ZXJwb29sLmNvbS5teC90aWVuZGEvcGRwL0hvcm5vLWRlLW1pY3Jvb25kYXMtY29udmVuY2lvbmFsLVNhbXN1bmctbW9kZWxvLUFNRTgxMTRTVC9YQVgvMTA5NTEwNjM2MjUzMDcwMw==;SEM;2021-10-08;2020-08-18;;530703;;;;LIVERPOOL;MX;2021-10-08 01:58;SAMSUNG;Horno de microondas convencional Samsung modelo AME8114ST/XAX;https://www.liverpool.com.mx/tienda/pdp/Horno-de-microondas-convencional-Samsung-modelo-AME8114ST/XAX/1095106362;CE;5;https://www.liverpool.com.mx/
293;aHR0cHM6Ly93d3cubGl2ZXJwb29sLmNvbS5teC90aWVuZGEvcGRwL0hvcm5vLWRlLW1pY3Jvb25kYXMtY29udmVuY2lvbmFsLVNhbXN1bmctbW9kZWxvLUFNRTgxMTRTVC9YQVgvMTA5NTEwNjM2MjM5MDQxNw==;SEM;2021-10-08;2020-07-13;;390417;;;;LIVERPOOL;MX;2021-10-08 01:58;SAMSUNG;Horno de microondas convencional Samsung modelo AME8114ST/XAX;https://www.liverpool.com.mx/tienda/pdp/Horno-de-microondas-convencional-Samsung-modelo-AME8114ST/XAX/1095106362;CE;5;https://www.liverpool.com.mx/
294;aHR0cHM6Ly93d3cubGl2ZXJwb29sLmNvbS5teC90aWVuZGEvcGRwL0hvcm5vLWRlLW1pY3Jvb25kYXMtY29udmVuY2lvbmFsLVNhbXN1bmctbW9kZWxvLUFNRTgxMTRTVC9YQVgvMTA5NTEwNjM2MjEyMTA2NDU=;SEM;2021-10-08;2021-08-15;;1210645;;;;LIVERPOOL;MX;2021-10-08 01:58;SAMSUNG;Horno de microondas convencional Samsung modelo AME8114ST/XAX;https://www.liverpool.com.mx/tienda/pdp/Horno-de-microondas-convencional-Samsung-modelo-AME8114ST/XAX/1095106362;CE;5;https://www.liverpool.com.mx/
295;aHR0cHM6Ly93d3cubGl2ZXJwb29sLmNvbS5teC90aWVuZGEvcGRwL0hvcm5vLWRlLW1pY3Jvb25kYXMtY29udmVuY2lvbmFsLVNhbXN1bmctbW9kZWxvLUFNRTgxMTRTVC9YQVgvMTA5NTEwNjM2Mjk0MTU5MA==;SEM;2021-10-08;2021-05-05;;941590;;;;LIVERPOOL;MX;2021-10-08 01:58;SAMSUNG;Horno de microondas convencional Samsung modelo AME8114ST/XAX;https://www.liverpool.com.mx/tienda/pdp/Horno-de-microondas-convencional-Samsung-modelo-AME8114ST/XAX/1095106362;CE;5;https://www.liverpool.com.mx/
296;aHR0cHM6Ly93d3cubGl2ZXJwb29sLmNvbS5teC90aWVuZGEvcGRwL0hvcm5vLWRlLW1pY3Jvb25kYXMtY29udmVuY2lvbmFsLVNhbXN1bmctbW9kZWxvLUFNRTgxMTRTVC9YQVgvMTA5NTEwNjM2Mjg0NzEzMw==;SEM;2021-10-08;2021-03-14;;847133;;;;LIVERPOOL;MX;2021-10-08 01:58;SAMSUNG;Horno de microondas convencional Samsung modelo AME8114ST/XAX;https://www.liverpool.com.mx/tienda/pdp/Horno-de-microondas-convencional-Samsung-modelo-AME8114ST/XAX/1095106362;CE;5;https://www.liverpool.com.mx/
297;aHR0cHM6Ly93d3cubGl2ZXJwb29sLmNvbS5teC90aWVuZGEvcGRwL0hvcm5vLWRlLW1pY3Jvb25kYXMtY29udmVuY2lvbmFsLVNhbXN1bmctbW9kZWxvLUFNRTgxMTRTVC9YQVgvMTA5NTEwNjM2MjcwMTcyOA==;SEM;2021-10-08;2020-12-31;;701728;;;;LIVERPOOL;MX;2021-10-08 01:58;SAMSUNG;Horno de microondas convencional Samsung modelo AME8114ST/XAX;https://www.liverpool.com.mx/tienda/pdp/Horno-de-microondas-convencional-Samsung-modelo-AME8114ST/XAX/1095106362;CE;5;https://www.liverpool.com.mx/
298;aHR0cHM6Ly93d3cubGl2ZXJwb29sLmNvbS5teC90aWVuZGEvcGRwL0hvcm5vLWRlLW1pY3Jvb25kYXMtY29udmVuY2lvbmFsLVNhbXN1bmctbW9kZWxvLUFNRTgxMTRTVC9YQVgvMTA5NTEwNjM2MjQzNjUxMw==;SEM;2021-10-08;2020-07-29;;436513;;;;LIVERPOOL;MX;2021-10-08 01:58;SAMSUNG;Horno de microondas convencional Samsung modelo AME8114ST/XAX;https://www.liverpool.com.mx/tienda/pdp/Horno-de-microondas-convencional-Samsung-modelo-AME8114ST/XAX/1095106362;CE;5;https://www.liverpool.com.mx/
299;aHR0cHM6Ly93d3cubGl2ZXJwb29sLmNvbS5teC90aWVuZGEvcGRwL0hvcm5vLWRlLW1pY3Jvb25kYXMtY29udmVuY2lvbmFsLVNhbXN1bmctbW9kZWxvLUFNRTgxMTRTVC9YQVgvMTA5NTEwNjM2Mjc4MzM5Mw==;SEM;2021-10-08;2021-02-14;;783393;;;;LIVERPOOL;MX;2021-10-08 01:58;SAMSUNG;Horno de microondas convencional Samsung modelo AME8114ST/XAX;https://www.liverpool.com.mx/tienda/pdp/Horno-de-microondas-convencional-Samsung-modelo-AME8114ST/XAX/1095106362;CE;5;https://www.liverpool.com.mx/
300;aHR0cHM6Ly93d3cubGl2ZXJwb29sLmNvbS5teC90aWVuZGEvcGRwL0hvcm5vLWRlLW1pY3Jvb25kYXMtY29udmVuY2lvbmFsLVNhbXN1bmctbW9kZWxvLUFNRTgxMTRTVC9YQVgvMTA5NTEwNjM2MjQ1OTI5OQ==;SEM;2021-10-08;2020-08-02;;459299;;;;LIVERPOOL;MX;2021-10-08 01:58;SAMSUNG;Horno de microondas convencional Samsung modelo AME8114ST/XAX;https://www.liverpool.com.mx/tienda/pdp/Horno-de-microondas-convencional-Samsung-modelo-AME8114ST/XAX/1095106362;CE;5;https://www.liverpool.com.mx/
301;aHR0cHM6Ly93d3cubGl2ZXJwb29sLmNvbS5teC90aWVuZGEvcGRwL0hvcm5vLWRlLW1pY3Jvb25kYXMtY29udmVuY2lvbmFsLVNhbXN1bmctbW9kZWxvLUFNRTgxMTRTVC9YQVgvMTA5NTEwNjM2Mjg3NDUzMQ==;SEM;2021-10-08;2021-03-28;;874531;;;;LIVERPOOL;MX;2021-10-08 01:58;SAMSUNG;Horno de microondas convencional Samsung modelo AME8114ST/XAX;https://www.liverpool.com.mx/tienda/pdp/Horno-de-microondas-convencional-Samsung-modelo-AME8114ST/XAX/1095106362;CE;5;https://www.liverpool.com.mx/
302;aHR0cHM6Ly93d3cubGl2ZXJwb29sLmNvbS5teC90aWVuZGEvcGRwL0hvcm5vLWRlLW1pY3Jvb25kYXMtY29udmVuY2lvbmFsLVNhbXN1bmctbW9kZWxvLUFNRTgxMTRTVC9YQVgvMTA5NTEwNjM2Mjk3MDI3Ng==;SEM;2021-10-08;2021-05-14;;970276;;;;LIVERPOOL;MX;2021-10-08 01:58;SAMSUNG;Horno de microondas convencional Samsung modelo AME8114ST/XAX;https://www.liverpool.com.mx/tienda/pdp/Horno-de-microondas-convencional-Samsung-modelo-AME8114ST/XAX/1095106362;CE;5;https://www.liverpool.com.mx/
303;aHR0cHM6Ly93d3cubGl2ZXJwb29sLmNvbS5teC90aWVuZGEvcGRwL0hvcm5vLWRlLW1pY3Jvb25kYXMtY29udmVuY2lvbmFsLVNhbXN1bmctbW9kZWxvLUFNRTgxMTRTVC9YQVgvMTA5NTEwNjM2Mjk5MTI3MQ==;SEM;2021-10-08;2021-05-21;;991271;;;;LIVERPOOL;MX;2021-10-08 01:58;SAMSUNG;Horno de microondas convencional Samsung modelo AME8114ST/XAX;https://www.liverpool.com.mx/tienda/pdp/Horno-de-microondas-convencional-Samsung-modelo-AME8114ST/XAX/1095106362;CE;5;https://www.liverpool.com.mx/
304;aHR0cHM6Ly93d3cubGl2ZXJwb29sLmNvbS5teC90aWVuZGEvcGRwL0hvcm5vLWRlLW1pY3Jvb25kYXMtY29udmVuY2lvbmFsLVNhbXN1bmctbW9kZWxvLUFNRTgxMTRTVC9YQVgvMTA5NTEwNjM2MjI2MTkyOA==;SEM;2021-10-08;2020-05-23;;261928;;;;LIVERPOOL;MX;2021-10-08 01:58;SAMSUNG;Horno de microondas convencional Samsung modelo AME8114ST/XAX;https://www.liverpool.com.mx/tienda/pdp/Horno-de-microondas-convencional-Samsung-modelo-AME8114ST/XAX/1095106362;CE;5;https://www.liverpool.com.mx/
305;aHR0cHM6Ly93d3cubGl2ZXJwb29sLmNvbS5teC90aWVuZGEvcGRwL0hvcm5vLWRlLW1pY3Jvb25kYXMtY29udmVuY2lvbmFsLVNhbXN1bmctbW9kZWxvLUFNRTgxMTRTVC9YQVgvMTA5NTEwNjM2MjU4Mzk4MQ==;SEM;2021-10-08;2020-09-05;;583981;;;;LIVERPOOL;MX;2021-10-08 01:58;SAMSUNG;Horno de microondas convencional Samsung modelo AME8114ST/XAX;https://www.liverpool.com.mx/tienda/pdp/Horno-de-microondas-convencional-Samsung-modelo-AME8114ST/XAX/1095106362;CE;5;https://www.liverpool.com.mx/
306;aHR0cHM6Ly93d3cubGl2ZXJwb29sLmNvbS5teC90aWVuZGEvcGRwL0hvcm5vLWRlLW1pY3Jvb25kYXMtY29udmVuY2lvbmFsLVNhbXN1bmctbW9kZWxvLUFNRTgxMTRTVC9YQVgvMTA5NTEwNjM2Mjk3NzQ1NQ==;SEM;2021-10-08;2021-05-16;;977455;;;;LIVERPOOL;MX;2021-10-08 01:58;SAMSUNG;Horno de microondas convencional Samsung modelo AME8114ST/XAX;https://www.liverpool.com.mx/tienda/pdp/Horno-de-microondas-convencional-Samsung-modelo-AME8114ST/XAX/1095106362;CE;5;https://www.liverpool.com.mx/
307;aHR0cHM6Ly93d3cubGl2ZXJwb29sLmNvbS5teC90aWVuZGEvcGRwL0hvcm5vLWRlLW1pY3Jvb25kYXMtY29udmVuY2lvbmFsLVNhbXN1bmctbW9kZWxvLUFNRTgxMTRTVC9YQVgvMTA5NTEwNjM2MjgwODI0OA==;SEM;2021-10-08;2021-02-24;;808248;;;;LIVERPOOL;MX;2021-10-08 01:58;SAMSUNG;Horno de microondas convencional Samsung modelo AME8114ST/XAX;https://www.liverpool.com.mx/tienda/pdp/Horno-de-microondas-convencional-Samsung-modelo-AME8114ST/XAX/1095106362;CE;5;https://www.liverpool.com.mx/
308;aHR0cHM6Ly93d3cubGl2ZXJwb29sLmNvbS5teC90aWVuZGEvcGRwL3BhbnRhbGxhLXNhbXN1bmctbGVkLXNtYXJ0LXR2LWRlLTUwLXB1bGdhZGFzLTRrLXVuNTBhdTgwMDBmeHp4LzExMDYwMDc3OTUxMzAxNjIz;SEM;2021-10-08;2021-10-04;;1301623;;;;LIVERPOOL;MX;2021-10-08 02:52;SAMSUNG;Pantalla Samsung LED Smart TV de 50 Pulgadas 4K UN50AU8000FXZX;https://www.liverpool.com.mx/tienda/pdp/pantalla-samsung-led-smart-tv-de-50-pulgadas-4k-un50au8000fxzx/1106007795;CE;5;https://www.liverpool.com.mx/
309;aHR0cHM6Ly93d3cubGl2ZXJwb29sLmNvbS5teC90aWVuZGEvcGRwL3BhbnRhbGxhLXNhbXN1bmctbGVkLXNtYXJ0LXR2LWRlLTUwLXB1bGdhZGFzLTRrLXVuNTBhdTgwMDBmeHp4LzExMDYwMDc3OTUxMzA0NzE5;SEM;2021-10-08;2021-10-06;;1304719;;;;LIVERPOOL;MX;2021-10-08 02:52;SAMSUNG;Pantalla Samsung LED Smart TV de 50 Pulgadas 4K UN50AU8000FXZX;https://www.liverpool.com.mx/tienda/pdp/pantalla-samsung-led-smart-tv-de-50-pulgadas-4k-un50au8000fxzx/1106007795;CE;5;https://www.liverpool.com.mx/
310;aHR0cHM6Ly93d3cubGl2ZXJwb29sLmNvbS5teC90aWVuZGEvcGRwL3BhbnRhbGxhLXNhbXN1bmctbGVkLXNtYXJ0LXR2LWRlLTUwLXB1bGdhZGFzLTRrLXVuNTBhdTgwMDBmeHp4LzExMDYwMDc3OTUxMzA0NjU5;SEM;2021-10-08;2021-10-05;;1304659;;;;LIVERPOOL;MX;2021-10-08 02:52;SAMSUNG;Pantalla Samsung LED Smart TV de 50 Pulgadas 4K UN50AU8000FXZX;https://www.liverpool.com.mx/tienda/pdp/pantalla-samsung-led-smart-tv-de-50-pulgadas-4k-un50au8000fxzx/1106007795;CE;4;https://www.liverpool.com.mx/
311;aHR0cHM6Ly93d3cubGl2ZXJwb29sLmNvbS5teC90aWVuZGEvcGRwL3BhbnRhbGxhLXNhbXN1bmctbGVkLXNtYXJ0LXR2LWRlLTUwLXB1bGdhZGFzLTRrLXVuNTBhdTkwMDBmeHp4LzExMDYwMDc4NzYxMDg2MzUx;SEM;2021-10-08;2021-06-21;;1086351;;;;LIVERPOOL;MX;2021-10-08 02:54;SAMSUNG;Pantalla Samsung LED Smart TV de 50 Pulgadas 4K UN50AU9000FXZX;https://www.liverpool.com.mx/tienda/pdp/pantalla-samsung-led-smart-tv-de-50-pulgadas-4k-un50au9000fxzx/1106007876;CE;5;https://www.liverpool.com.mx/
312;aHR0cHM6Ly93d3cubGl2ZXJwb29sLmNvbS5teC90aWVuZGEvcGRwL3BhbnRhbGxhLXNhbXN1bmctbGVkLXNtYXJ0LXR2LWRlLTUwLXB1bGdhZGFzLTRrLXVuNTBhdTkwMDBmeHp4LzExMDYwMDc4NzYxMzAzMDEz;SEM;2021-10-08;2021-10-05;;1303013;;;;LIVERPOOL;MX;2021-10-08 02:54;SAMSUNG;Pantalla Samsung LED Smart TV de 50 Pulgadas 4K UN50AU9000FXZX;https://www.liverpool.com.mx/tienda/pdp/pantalla-samsung-led-smart-tv-de-50-pulgadas-4k-un50au9000fxzx/1106007876;CE;4;https://www.liverpool.com.mx/
313;aHR0cHM6Ly93d3cubGl2ZXJwb29sLmNvbS5teC90aWVuZGEvcGRwL3BhbnRhbGxhLXNhbXN1bmctbGVkLXNtYXJ0LXR2LWRlLTUwLXB1bGdhZGFzLTRrLXVuNTBhdTkwMDBmeHp4LzExMDYwMDc4NzYxMjUwODIx;SEM;2021-10-08;2021-09-06;;1250821;;;;LIVERPOOL;MX;2021-10-08 02:54;SAMSUNG;Pantalla Samsung LED Smart TV de 50 Pulgadas 4K UN50AU9000FXZX;https://www.liverpool.com.mx/tienda/pdp/pantalla-samsung-led-smart-tv-de-50-pulgadas-4k-un50au9000fxzx/1106007876;CE;5;https://www.liverpool.com.mx/
314;aHR0cHM6Ly93d3cubGl2ZXJwb29sLmNvbS5teC90aWVuZGEvcGRwL3BhbnRhbGxhLXNhbXN1bmctbGVkLXNtYXJ0LXR2LWRlLTUwLXB1bGdhZGFzLTRrLXVuNTBhdTkwMDBmeHp4LzExMDYwMDc4NzYxMTQ1MTI0;SEM;2021-10-08;2021-07-15;;1145124;;;;LIVERPOOL;MX;2021-10-08 02:54;SAMSUNG;Pantalla Samsung LED Smart TV de 50 Pulgadas 4K UN50AU9000FXZX;https://www.liverpool.com.mx/tienda/pdp/pantalla-samsung-led-smart-tv-de-50-pulgadas-4k-un50au9000fxzx/1106007876;CE;5;https://www.liverpool.com.mx/
315;aHR0cHM6Ly93d3cubGl2ZXJwb29sLmNvbS5teC90aWVuZGEvcGRwL3BhbnRhbGxhLXNhbXN1bmctbGVkLXNtYXJ0LXR2LWRlLTY1LXB1bGdhZGFzLTRrLXVuNjVhdTkwMDBmeHp4LzExMDYwMDgwMzExMDc0MzA5;SEM;2021-10-08;2021-06-17;;1074309;;;;LIVERPOOL;MX;2021-10-08 02:55;SAMSUNG;Pantalla Samsung LED Smart TV de 65 Pulgadas 4K UN65AU9000FXZX;https://www.liverpool.com.mx/tienda/pdp/pantalla-samsung-led-smart-tv-de-65-pulgadas-4k-un65au9000fxzx/1106008031;CE;5;https://www.liverpool.com.mx/
316;aHR0cHM6Ly93d3cubGl2ZXJwb29sLmNvbS5teC90aWVuZGEvcGRwL3BhbnRhbGxhLXNhbXN1bmctbGVkLXNtYXJ0LXR2LWRlLTY1LXB1bGdhZGFzLTRrLXVuNjVhdTkwMDBmeHp4LzExMDYwMDgwMzExMjUxOTY4;SEM;2021-10-08;2021-09-06;;1251968;;;;LIVERPOOL;MX;2021-10-08 02:55;SAMSUNG;Pantalla Samsung LED Smart TV de 65 Pulgadas 4K UN65AU9000FXZX;https://www.liverpool.com.mx/tienda/pdp/pantalla-samsung-led-smart-tv-de-65-pulgadas-4k-un65au9000fxzx/1106008031;CE;5;https://www.liverpool.com.mx/
317;aHR0cHM6Ly93d3cubGl2ZXJwb29sLmNvbS5teC90aWVuZGEvcGRwL3BhbnRhbGxhLXNhbXN1bmctbGVkLXNtYXJ0LXR2LWRlLTY1LXB1bGdhZGFzLTRrLXVuNjVhdTkwMDBmeHp4LzExMDYwMDgwMzExMDcwNTA5;SEM;2021-10-08;2021-06-16;;1070509;;;;LIVERPOOL;MX;2021-10-08 02:55;SAMSUNG;Pantalla Samsung LED Smart TV de 65 Pulgadas 4K UN65AU9000FXZX;https://www.liverpool.com.mx/tienda/pdp/pantalla-samsung-led-smart-tv-de-65-pulgadas-4k-un65au9000fxzx/1106008031;CE;5;https://www.liverpool.com.mx/
318;aHR0cHM6Ly93d3cubGl2ZXJwb29sLmNvbS5teC90aWVuZGEvcGRwL3BhbnRhbGxhLXNhbXN1bmctbGVkLXNtYXJ0LXR2LWRlLTgyLXB1bGdhZGFzLTRrL3VsdHJhLWhkLXVuODJ0dTcwMDBmeHp4LzEwOTY5Nzc5ODcxMzA4NzIz;SEM;2021-10-08;2021-10-07;;1308723;;;;LIVERPOOL;MX;2021-10-08 03:02;SAMSUNG;Pantalla Samsung LED Smart TV de 82 Pulgadas 4K/Ultra HD UN82TU7000FXZX;https://www.liverpool.com.mx/tienda/pdp/pantalla-samsung-led-smart-tv-de-82-pulgadas-4k/ultra-hd-un82tu7000fxzx/1096977987;CE;5;https://www.liverpool.com.mx/
319;aHR0cHM6Ly93d3cubGl2ZXJwb29sLmNvbS5teC90aWVuZGEvcGRwL1BhbnRhbGxhLVNhbXN1bmctTEVELVNtYXJ0LVRWLWRlLTUwLVB1bGdhZGFzLTRLLVVONTBBVTgwMDBGWFpYLzExMDYwMDc3OTUxMTMyNjYy;SEM;2021-10-08;2021-07-09;;1132662;;;;LIVERPOOL;MX;2021-10-08 03:21;SAMSUNG;Pantalla Samsung LED Smart TV de 50 Pulgadas 4K UN50AU8000FXZX;https://www.liverpool.com.mx/tienda/pdp/Pantalla-Samsung-LED-Smart-TV-de-50-Pulgadas-4K-UN50AU8000FXZX/1106007795;CE;5;https://www.liverpool.com.mx/
320;aHR0cHM6Ly93d3cubGl2ZXJwb29sLmNvbS5teC90aWVuZGEvcGRwL1BhbnRhbGxhLVNhbXN1bmctTEVELVNtYXJ0LVRWLWRlLTUwLVB1bGdhZGFzLTRLLVVONTBBVTgwMDBGWFpYLzExMDYwMDc3OTUxMTExNTgw;SEM;2021-10-08;2021-06-30;;1111580;;;;LIVERPOOL;MX;2021-10-08 03:21;SAMSUNG;Pantalla Samsung LED Smart TV de 50 Pulgadas 4K UN50AU8000FXZX;https://www.liverpool.com.mx/tienda/pdp/Pantalla-Samsung-LED-Smart-TV-de-50-Pulgadas-4K-UN50AU8000FXZX/1106007795;CE;5;https://www.liverpool.com.mx/
321;aHR0cHM6Ly93d3cubGl2ZXJwb29sLmNvbS5teC90aWVuZGEvcGRwL1BhbnRhbGxhLVNhbXN1bmctTEVELVNtYXJ0LVRWLWRlLTUwLVB1bGdhZGFzLTRLLVVONTBBVTgwMDBGWFpYLzExMDYwMDc3OTUxMjEzNjUw;SEM;2021-10-08;2021-08-16;;1213650;;;;LIVERPOOL;MX;2021-10-08 03:21;SAMSUNG;Pantalla Samsung LED Smart TV de 50 Pulgadas 4K UN50AU8000FXZX;https://www.liverpool.com.mx/tienda/pdp/Pantalla-Samsung-LED-Smart-TV-de-50-Pulgadas-4K-UN50AU8000FXZX/1106007795;CE;5;https://www.liverpool.com.mx/
322;aHR0cHM6Ly93d3cubGl2ZXJwb29sLmNvbS5teC90aWVuZGEvcGRwL1BhbnRhbGxhLVNhbXN1bmctTEVELVNtYXJ0LVRWLWRlLTUwLVB1bGdhZGFzLTRLLVVONTBBVTgwMDBGWFpYLzExMDYwMDc3OTUxMTk0MjE5;SEM;2021-10-08;2021-08-08;;1194219;;;;LIVERPOOL;MX;2021-10-08 03:21;SAMSUNG;Pantalla Samsung LED Smart TV de 50 Pulgadas 4K UN50AU8000FXZX;https://www.liverpool.com.mx/tienda/pdp/Pantalla-Samsung-LED-Smart-TV-de-50-Pulgadas-4K-UN50AU8000FXZX/1106007795;CE;5;https://www.liverpool.com.mx/
323;aHR0cHM6Ly93d3cubGl2ZXJwb29sLmNvbS5teC90aWVuZGEvcGRwL1BhbnRhbGxhLVNhbXN1bmctTEVELVNtYXJ0LVRWLWRlLTUwLVB1bGdhZGFzLTRLLVVONTBBVTgwMDBGWFpYLzExMDYwMDc3OTUxMjk0MDg4;SEM;2021-10-08;2021-10-01;;1294088;;;;LIVERPOOL;MX;2021-10-08 03:21;SAMSUNG;Pantalla Samsung LED Smart TV de 50 Pulgadas 4K UN50AU8000FXZX;https://www.liverpool.com.mx/tienda/pdp/Pantalla-Samsung-LED-Smart-TV-de-50-Pulgadas-4K-UN50AU8000FXZX/1106007795;CE;5;https://www.liverpool.com.mx/
324;aHR0cHM6Ly93d3cubGl2ZXJwb29sLmNvbS5teC90aWVuZGEvcGRwL1BhbnRhbGxhLVNhbXN1bmctTEVELVNtYXJ0LVRWLWRlLTUwLVB1bGdhZGFzLTRLLVVONTBBVTgwMDBGWFpYLzExMDYwMDc3OTUxMjg4NTA3;SEM;2021-10-08;2021-09-27;;1288507;;;;LIVERPOOL;MX;2021-10-08 03:21;SAMSUNG;Pantalla Samsung LED Smart TV de 50 Pulgadas 4K UN50AU8000FXZX;https://www.liverpool.com.mx/tienda/pdp/Pantalla-Samsung-LED-Smart-TV-de-50-Pulgadas-4K-UN50AU8000FXZX/1106007795;CE;5;https://www.liverpool.com.mx/
325;aHR0cHM6Ly93d3cubGl2ZXJwb29sLmNvbS5teC90aWVuZGEvcGRwL1BhbnRhbGxhLVNhbXN1bmctTEVELVNtYXJ0LVRWLWRlLTUwLVB1bGdhZGFzLTRLLVVONTBBVTgwMDBGWFpYLzExMDYwMDc3OTUxMjk0NzI1;SEM;2021-10-08;2021-10-01;;1294725;;;;LIVERPOOL;MX;2021-10-08 03:21;SAMSUNG;Pantalla Samsung LED Smart TV de 50 Pulgadas 4K UN50AU8000FXZX;https://www.liverpool.com.mx/tienda/pdp/Pantalla-Samsung-LED-Smart-TV-de-50-Pulgadas-4K-UN50AU8000FXZX/1106007795;CE;5;https://www.liverpool.com.mx/
326;aHR0cHM6Ly93d3cubGl2ZXJwb29sLmNvbS5teC90aWVuZGEvcGRwL1BhbnRhbGxhLVNhbXN1bmctTEVELVNtYXJ0LVRWLWRlLTUwLVB1bGdhZGFzLTRLLVVONTBBVTgwMDBGWFpYLzExMDYwMDc3OTUxMjkzMjY3;SEM;2021-10-08;2021-09-30;;1293267;;;;LIVERPOOL;MX;2021-10-08 03:21;SAMSUNG;Pantalla Samsung LED Smart TV de 50 Pulgadas 4K UN50AU8000FXZX;https://www.liverpool.com.mx/tienda/pdp/Pantalla-Samsung-LED-Smart-TV-de-50-Pulgadas-4K-UN50AU8000FXZX/1106007795;CE;5;https://www.liverpool.com.mx/
327;aHR0cHM6Ly93d3cubGl2ZXJwb29sLmNvbS5teC90aWVuZGEvcGRwL1BhbnRhbGxhLVNhbXN1bmctTEVELVNtYXJ0LVRWLWRlLTUwLVB1bGdhZGFzLTRLLVVONTBBVTgwMDBGWFpYLzExMDYwMDc3OTUxMjQ1Mjgw;SEM;2021-10-08;2021-09-04;;1245280;;;;LIVERPOOL;MX;2021-10-08 03:21;SAMSUNG;Pantalla Samsung LED Smart TV de 50 Pulgadas 4K UN50AU8000FXZX;https://www.liverpool.com.mx/tienda/pdp/Pantalla-Samsung-LED-Smart-TV-de-50-Pulgadas-4K-UN50AU8000FXZX/1106007795;CE;5;https://www.liverpool.com.mx/
328;aHR0cHM6Ly93d3cubGl2ZXJwb29sLmNvbS5teC90aWVuZGEvcGRwL1BhbnRhbGxhLVNhbXN1bmctTEVELVNtYXJ0LVRWLWRlLTUwLVB1bGdhZGFzLTRLLVVONTBBVTgwMDBGWFpYLzExMDYwMDc3OTUxMjIxMjM5;SEM;2021-10-08;2021-08-21;;1221239;;;;LIVERPOOL;MX;2021-10-08 03:21;SAMSUNG;Pantalla Samsung LED Smart TV de 50 Pulgadas 4K UN50AU8000FXZX;https://www.liverpool.com.mx/tienda/pdp/Pantalla-Samsung-LED-Smart-TV-de-50-Pulgadas-4K-UN50AU8000FXZX/1106007795;CE;5;https://www.liverpool.com.mx/
329;aHR0cHM6Ly93d3cubGl2ZXJwb29sLmNvbS5teC90aWVuZGEvcGRwL1BhbnRhbGxhLVNhbXN1bmctTEVELVNtYXJ0LVRWLWRlLTUwLVB1bGdhZGFzLTRLLVVONTBBVTgwMDBGWFpYLzExMDYwMDc3OTUxMzAxNjIz;SEM;2021-10-08;2021-10-04;;1301623;;;;LIVERPOOL;MX;2021-10-08 03:21;SAMSUNG;Pantalla Samsung LED Smart TV de 50 Pulgadas 4K UN50AU8000FXZX;https://www.liverpool.com.mx/tienda/pdp/Pantalla-Samsung-LED-Smart-TV-de-50-Pulgadas-4K-UN50AU8000FXZX/1106007795;CE;5;https://www.liverpool.com.mx/
330;aHR0cHM6Ly93d3cubGl2ZXJwb29sLmNvbS5teC90aWVuZGEvcGRwL1BhbnRhbGxhLVNhbXN1bmctTEVELVNtYXJ0LVRWLWRlLTUwLVB1bGdhZGFzLTRLLVVONTBBVTgwMDBGWFpYLzExMDYwMDc3OTUxMjk3MDM0;SEM;2021-10-08;2021-10-02;;1297034;;;;LIVERPOOL;MX;2021-10-08 03:21;SAMSUNG;Pantalla Samsung LED Smart TV de 50 Pulgadas 4K UN50AU8000FXZX;https://www.liverpool.com.mx/tienda/pdp/Pantalla-Samsung-LED-Smart-TV-de-50-Pulgadas-4K-UN50AU8000FXZX/1106007795;CE;5;https://www.liverpool.com.mx/
331;aHR0cHM6Ly93d3cubGl2ZXJwb29sLmNvbS5teC90aWVuZGEvcGRwL1BhbnRhbGxhLVNhbXN1bmctTEVELVNtYXJ0LVRWLWRlLTUwLVB1bGdhZGFzLTRLLVVONTBBVTgwMDBGWFpYLzExMDYwMDc3OTUxMzA0NzE5;SEM;2021-10-08;2021-10-06;;1304719;;;;LIVERPOOL;MX;2021-10-08 03:21;SAMSUNG;Pantalla Samsung LED Smart TV de 50 Pulgadas 4K UN50AU8000FXZX;https://www.liverpool.com.mx/tienda/pdp/Pantalla-Samsung-LED-Smart-TV-de-50-Pulgadas-4K-UN50AU8000FXZX/1106007795;CE;5;https://www.liverpool.com.mx/
332;aHR0cHM6Ly93d3cubGl2ZXJwb29sLmNvbS5teC90aWVuZGEvcGRwL1BhbnRhbGxhLVNhbXN1bmctTEVELVNtYXJ0LVRWLWRlLTUwLVB1bGdhZGFzLTRLLVVONTBBVTgwMDBGWFpYLzExMDYwMDc3OTUxMjgyMjMz;SEM;2021-10-08;2021-09-24;;1282233;;;;LIVERPOOL;MX;2021-10-08 03:21;SAMSUNG;Pantalla Samsung LED Smart TV de 50 Pulgadas 4K UN50AU8000FXZX;https://www.liverpool.com.mx/tienda/pdp/Pantalla-Samsung-LED-Smart-TV-de-50-Pulgadas-4K-UN50AU8000FXZX/1106007795;CE;5;https://www.liverpool.com.mx/
333;aHR0cHM6Ly93d3cubGl2ZXJwb29sLmNvbS5teC90aWVuZGEvcGRwL1BhbnRhbGxhLVNhbXN1bmctTEVELVNtYXJ0LVRWLWRlLTUwLVB1bGdhZGFzLTRLLVVONTBBVTgwMDBGWFpYLzExMDYwMDc3OTUxMTk1NzMz;SEM;2021-10-08;2021-08-08;;1195733;;;;LIVERPOOL;MX;2021-10-08 03:21;SAMSUNG;Pantalla Samsung LED Smart TV de 50 Pulgadas 4K UN50AU8000FXZX;https://www.liverpool.com.mx/tienda/pdp/Pantalla-Samsung-LED-Smart-TV-de-50-Pulgadas-4K-UN50AU8000FXZX/1106007795;CE;5;https://www.liverpool.com.mx/
334;aHR0cHM6Ly93d3cubGl2ZXJwb29sLmNvbS5teC90aWVuZGEvcGRwL1BhbnRhbGxhLVNhbXN1bmctTEVELVNtYXJ0LVRWLWRlLTUwLVB1bGdhZGFzLTRLLVVONTBBVTgwMDBGWFpYLzExMDYwMDc3OTUxMzA0NjU5;SEM;2021-10-08;2021-10-05;;1304659;;;;LIVERPOOL;MX;2021-10-08 03:21;SAMSUNG;Pantalla Samsung LED Smart TV de 50 Pulgadas 4K UN50AU8000FXZX;https://www.liverpool.com.mx/tienda/pdp/Pantalla-Samsung-LED-Smart-TV-de-50-Pulgadas-4K-UN50AU8000FXZX/1106007795;CE;4;https://www.liverpool.com.mx/
335;aHR0cHM6Ly93d3cubGl2ZXJwb29sLmNvbS5teC90aWVuZGEvcGRwL1BhbnRhbGxhLVNhbXN1bmctTEVELVNtYXJ0LVRWLWRlLTUwLVB1bGdhZGFzLTRLLVVONTBBVTgwMDBGWFpYLzExMDYwMDc3OTUxMjg4NTMx;SEM;2021-10-08;2021-09-27;;1288531;;;;LIVERPOOL;MX;2021-10-08 03:21;SAMSUNG;Pantalla Samsung LED Smart TV de 50 Pulgadas 4K UN50AU8000FXZX;https://www.liverpool.com.mx/tienda/pdp/Pantalla-Samsung-LED-Smart-TV-de-50-Pulgadas-4K-UN50AU8000FXZX/1106007795;CE;5;https://www.liverpool.com.mx/
336;aHR0cHM6Ly93d3cubGl2ZXJwb29sLmNvbS5teC90aWVuZGEvcGRwL1BhbnRhbGxhLVNhbXN1bmctTEVELVNtYXJ0LVRWLWRlLTUwLVB1bGdhZGFzLTRLLVVONTBBVTgwMDBGWFpYLzExMDYwMDc3OTUxMjk1NDkz;SEM;2021-10-08;2021-10-02;;1295493;;;;LIVERPOOL;MX;2021-10-08 03:21;SAMSUNG;Pantalla Samsung LED Smart TV de 50 Pulgadas 4K UN50AU8000FXZX;https://www.liverpool.com.mx/tienda/pdp/Pantalla-Samsung-LED-Smart-TV-de-50-Pulgadas-4K-UN50AU8000FXZX/1106007795;CE;5;https://www.liverpool.com.mx/
337;aHR0cHM6Ly93d3cubGl2ZXJwb29sLmNvbS5teC90aWVuZGEvcGRwL1BhbnRhbGxhLVNhbXN1bmctTEVELVNtYXJ0LVRWLWRlLTY1LVB1bGdhZGFzLTRLLVVONjVBVTgwMDBGWFpYLzExMDYwMDgwNjYxMjYyMjU0;SEM;2021-10-08;2021-09-13;;1262254;;;;LIVERPOOL;MX;2021-10-08 03:32;SAMSUNG;Pantalla Samsung LED Smart TV de 65 Pulgadas 4K UN65AU8000FXZX;https://www.liverpool.com.mx/tienda/pdp/Pantalla-Samsung-LED-Smart-TV-de-65-Pulgadas-4K-UN65AU8000FXZX/1106008066;CE;5;https://www.liverpool.com.mx/
338;aHR0cHM6Ly93d3cubGl2ZXJwb29sLmNvbS5teC90aWVuZGEvcGRwL1BhbnRhbGxhLVNhbXN1bmctTEVELVNtYXJ0LVRWLWRlLTY1LVB1bGdhZGFzLTRLLVVONjVBVTgwMDBGWFpYLzExMDYwMDgwNjYxMDgyMzM3;SEM;2021-10-08;2021-06-19;;1082337;;;;LIVERPOOL;MX;2021-10-08 03:32;SAMSUNG;Pantalla Samsung LED Smart TV de 65 Pulgadas 4K UN65AU8000FXZX;https://www.liverpool.com.mx/tienda/pdp/Pantalla-Samsung-LED-Smart-TV-de-65-Pulgadas-4K-UN65AU8000FXZX/1106008066;CE;5;https://www.liverpool.com.mx/
339;aHR0cHM6Ly93d3cubGl2ZXJwb29sLmNvbS5teC90aWVuZGEvcGRwL1BhbnRhbGxhLVNhbXN1bmctTEVELVNtYXJ0LVRWLWRlLTgyLVB1bGdhZGFzLTRLL1VsdHJhLUhELVVOODJUVTcwMDBGWFpYLzEwOTY5Nzc5ODcxMTIxODgz;SEM;2021-10-08;2021-07-04;;1121883;;;;LIVERPOOL;MX;2021-10-08 03:32;SAMSUNG;Pantalla Samsung LED Smart TV de 82 Pulgadas 4K/Ultra HD UN82TU7000FXZX;https://www.liverpool.com.mx/tienda/pdp/Pantalla-Samsung-LED-Smart-TV-de-82-Pulgadas-4K/Ultra-HD-UN82TU7000FXZX/1096977987;CE;4;https://www.liverpool.com.mx/
340;aHR0cHM6Ly93d3cubGl2ZXJwb29sLmNvbS5teC90aWVuZGEvcGRwL1BhbnRhbGxhLVNhbXN1bmctTEVELVNtYXJ0LVRWLWRlLTgyLVB1bGdhZGFzLTRLL1VsdHJhLUhELVVOODJUVTcwMDBGWFpYLzEwOTY5Nzc5ODcxMTM5MDA5;SEM;2021-10-08;2021-07-12;;1139009;;;;LIVERPOOL;MX;2021-10-08 03:32;SAMSUNG;Pantalla Samsung LED Smart TV de 82 Pulgadas 4K/Ultra HD UN82TU7000FXZX;https://www.liverpool.com.mx/tienda/pdp/Pantalla-Samsung-LED-Smart-TV-de-82-Pulgadas-4K/Ultra-HD-UN82TU7000FXZX/1096977987;CE;5;https://www.liverpool.com.mx/
341;aHR0cHM6Ly93d3cubGl2ZXJwb29sLmNvbS5teC90aWVuZGEvcGRwL1BhbnRhbGxhLVNhbXN1bmctTEVELVNtYXJ0LVRWLWRlLTgyLVB1bGdhZGFzLTRLL1VsdHJhLUhELVVOODJUVTcwMDBGWFpYLzEwOTY5Nzc5ODcxMjE1ODQz;SEM;2021-10-08;2021-08-18;;1215843;;;;LIVERPOOL;MX;2021-10-08 03:32;SAMSUNG;Pantalla Samsung LED Smart TV de 82 Pulgadas 4K/Ultra HD UN82TU7000FXZX;https://www.liverpool.com.mx/tienda/pdp/Pantalla-Samsung-LED-Smart-TV-de-82-Pulgadas-4K/Ultra-HD-UN82TU7000FXZX/1096977987;CE;5;https://www.liverpool.com.mx/
342;aHR0cHM6Ly93d3cubGl2ZXJwb29sLmNvbS5teC90aWVuZGEvcGRwL1BhbnRhbGxhLVNhbXN1bmctTEVELVNtYXJ0LVRWLWRlLTgyLVB1bGdhZGFzLTRLL1VsdHJhLUhELVVOODJUVTcwMDBGWFpYLzEwOTY5Nzc5ODcxMTc0MDY3;SEM;2021-10-08;2021-07-30;;1174067;;;;LIVERPOOL;MX;2021-10-08 03:32;SAMSUNG;Pantalla Samsung LED Smart TV de 82 Pulgadas 4K/Ultra HD UN82TU7000FXZX;https://www.liverpool.com.mx/tienda/pdp/Pantalla-Samsung-LED-Smart-TV-de-82-Pulgadas-4K/Ultra-HD-UN82TU7000FXZX/1096977987;CE;5;https://www.liverpool.com.mx/
343;aHR0cHM6Ly93d3cubGl2ZXJwb29sLmNvbS5teC90aWVuZGEvcGRwL1BhbnRhbGxhLVNhbXN1bmctTEVELVNtYXJ0LVRWLWRlLTgyLVB1bGdhZGFzLTRLL1VsdHJhLUhELVVOODJUVTcwMDBGWFpYLzEwOTY5Nzc5ODcxMzA4NzIz;SEM;2021-10-08;2021-10-07;;1308723;;;;LIVERPOOL;MX;2021-10-08 03:32;SAMSUNG;Pantalla Samsung LED Smart TV de 82 Pulgadas 4K/Ultra HD UN82TU7000FXZX;https://www.liverpool.com.mx/tienda/pdp/Pantalla-Samsung-LED-Smart-TV-de-82-Pulgadas-4K/Ultra-HD-UN82TU7000FXZX/1096977987;CE;5;https://www.liverpool.com.mx/
344;aHR0cHM6Ly93d3cubGl2ZXJwb29sLmNvbS5teC90aWVuZGEvcGRwL1BhbnRhbGxhLVNhbXN1bmctTEVELVNtYXJ0LVRWLWRlLTgyLVB1bGdhZGFzLTRLL1VsdHJhLUhELVVOODJUVTcwMDBGWFpYLzEwOTY5Nzc5ODcxMTcwODQw;SEM;2021-10-08;2021-07-28;;1170840;;;;LIVERPOOL;MX;2021-10-08 03:32;SAMSUNG;Pantalla Samsung LED Smart TV de 82 Pulgadas 4K/Ultra HD UN82TU7000FXZX;https://www.liverpool.com.mx/tienda/pdp/Pantalla-Samsung-LED-Smart-TV-de-82-Pulgadas-4K/Ultra-HD-UN82TU7000FXZX/1096977987;CE;5;https://www.liverpool.com.mx/
345;aHR0cHM6Ly93d3cubGl2ZXJwb29sLmNvbS5teC90aWVuZGEvcGRwL1BhbnRhbGxhLVNhbXN1bmctTEVELVNtYXJ0LVRWLWRlLTgyLVB1bGdhZGFzLTRLL1VsdHJhLUhELVVOODJUVTcwMDBGWFpYLzEwOTY5Nzc5ODcxMjUxMDEy;SEM;2021-10-08;2021-09-06;;1251012;;;;LIVERPOOL;MX;2021-10-08 03:32;SAMSUNG;Pantalla Samsung LED Smart TV de 82 Pulgadas 4K/Ultra HD UN82TU7000FXZX;https://www.liverpool.com.mx/tienda/pdp/Pantalla-Samsung-LED-Smart-TV-de-82-Pulgadas-4K/Ultra-HD-UN82TU7000FXZX/1096977987;CE;5;https://www.liverpool.com.mx/
346;aHR0cHM6Ly93d3cubGl2ZXJwb29sLmNvbS5teC90aWVuZGEvcGRwL1BhbnRhbGxhLVNhbXN1bmctTEVELVNtYXJ0LVRWLWRlLTgyLVB1bGdhZGFzLTRLL1VsdHJhLUhELVVOODJUVTcwMDBGWFpYLzEwOTY5Nzc5ODcxMjQ4ODI2;SEM;2021-10-08;2021-09-05;;1248826;;;;LIVERPOOL;MX;2021-10-08 03:32;SAMSUNG;Pantalla Samsung LED Smart TV de 82 Pulgadas 4K/Ultra HD UN82TU7000FXZX;https://www.liverpool.com.mx/tienda/pdp/Pantalla-Samsung-LED-Smart-TV-de-82-Pulgadas-4K/Ultra-HD-UN82TU7000FXZX/1096977987;CE;5;https://www.liverpool.com.mx/
347;aHR0cHM6Ly93d3cubGl2ZXJwb29sLmNvbS5teC90aWVuZGEvcGRwL1BhbnRhbGxhLVNhbXN1bmctTEVELVNtYXJ0LVRWLWRlLTgyLVB1bGdhZGFzLTRLL1VsdHJhLUhELVVOODJUVTcwMDBGWFpYLzEwOTY5Nzc5ODcxMTkxNTEz;SEM;2021-10-08;2021-08-07;;1191513;;;;LIVERPOOL;MX;2021-10-08 03:32;SAMSUNG;Pantalla Samsung LED Smart TV de 82 Pulgadas 4K/Ultra HD UN82TU7000FXZX;https://www.liverpool.com.mx/tienda/pdp/Pantalla-Samsung-LED-Smart-TV-de-82-Pulgadas-4K/Ultra-HD-UN82TU7000FXZX/1096977987;CE;5;https://www.liverpool.com.mx/
348;aHR0cHM6Ly93d3cubGl2ZXJwb29sLmNvbS5teC90aWVuZGEvcGRwL1BhbnRhbGxhLVNhbXN1bmctTEVELVNtYXJ0LVRWLWRlLTgyLVB1bGdhZGFzLTRLL1VsdHJhLUhELVVOODJUVTcwMDBGWFpYLzEwOTY5Nzc5ODcxMjM0MDQ0;SEM;2021-10-08;2021-08-28;;1234044;;;;LIVERPOOL;MX;2021-10-08 03:32;SAMSUNG;Pantalla Samsung LED Smart TV de 82 Pulgadas 4K/Ultra HD UN82TU7000FXZX;https://www.liverpool.com.mx/tienda/pdp/Pantalla-Samsung-LED-Smart-TV-de-82-Pulgadas-4K/Ultra-HD-UN82TU7000FXZX/1096977987;CE;5;https://www.liverpool.com.mx/
349;aHR0cHM6Ly93d3cubGl2ZXJwb29sLmNvbS5teC90aWVuZGEvcGRwL1BhbnRhbGxhLVNhbXN1bmctTEVELVNtYXJ0LVRWLWRlLTgyLVB1bGdhZGFzLTRLL1VsdHJhLUhELVVOODJUVTcwMDBGWFpYLzEwOTY5Nzc5ODcxMTczNTk4;SEM;2021-10-08;2021-07-30;;1173598;;;;LIVERPOOL;MX;2021-10-08 03:32;SAMSUNG;Pantalla Samsung LED Smart TV de 82 Pulgadas 4K/Ultra HD UN82TU7000FXZX;https://www.liverpool.com.mx/tienda/pdp/Pantalla-Samsung-LED-Smart-TV-de-82-Pulgadas-4K/Ultra-HD-UN82TU7000FXZX/1096977987;CE;5;https://www.liverpool.com.mx/
350;aHR0cHM6Ly93d3cubGl2ZXJwb29sLmNvbS5teC90aWVuZGEvcGRwL1BhbnRhbGxhLVNhbXN1bmctTEVELVNtYXJ0LVRWLWRlLTgyLVB1bGdhZGFzLTRLL1VsdHJhLUhELVVOODJUVTcwMDBGWFpYLzEwOTY5Nzc5ODcxMDU5MDc2;SEM;2021-10-08;2021-06-12;;1059076;;;;LIVERPOOL;MX;2021-10-08 03:32;SAMSUNG;Pantalla Samsung LED Smart TV de 82 Pulgadas 4K/Ultra HD UN82TU7000FXZX;https://www.liverpool.com.mx/tienda/pdp/Pantalla-Samsung-LED-Smart-TV-de-82-Pulgadas-4K/Ultra-HD-UN82TU7000FXZX/1096977987;CE;5;https://www.liverpool.com.mx/
351;aHR0cHM6Ly93d3cubGl2ZXJwb29sLmNvbS5teC90aWVuZGEvcGRwL1BhbnRhbGxhLVNhbXN1bmctTEVELVNtYXJ0LVRWLWRlLTgyLVB1bGdhZGFzLTRLL1VsdHJhLUhELVVOODJUVTcwMDBGWFpYLzEwOTY5Nzc5ODc5Njg0NzE=;SEM;2021-10-08;2021-05-13;;968471;;;;LIVERPOOL;MX;2021-10-08 03:32;SAMSUNG;Pantalla Samsung LED Smart TV de 82 Pulgadas 4K/Ultra HD UN82TU7000FXZX;https://www.liverpool.com.mx/tienda/pdp/Pantalla-Samsung-LED-Smart-TV-de-82-Pulgadas-4K/Ultra-HD-UN82TU7000FXZX/1096977987;CE;5;https://www.liverpool.com.mx/
352;aHR0cHM6Ly93d3cubGl2ZXJwb29sLmNvbS5teC90aWVuZGEvcGRwL1BhbnRhbGxhLVNhbXN1bmctU21hcnQtVHYtUUxFRC1kZS02NS1QdWxnYWRhcy00Sy1Nb2RlbG8tUU42NUxTVDdUQUZYWlgvMTEwMDYzMjI0ODc3MDE1Mw==;SEM;2021-10-08;2021-02-10;;770153;;;;LIVERPOOL;MX;2021-10-08 03:39;SAMSUNG;Pantalla Samsung Smart Tv QLED de 65 Pulgadas 4K Modelo QN65LST7TAFXZX;https://www.liverpool.com.mx/tienda/pdp/Pantalla-Samsung-Smart-Tv-QLED-de-65-Pulgadas-4K-Modelo-QN65LST7TAFXZX/1100632248;CE;5;https://www.liverpool.com.mx/
353;aHR0cHM6Ly93d3cubGl2ZXJwb29sLmNvbS5teC90aWVuZGEvcGRwL1BhbnRhbGxhLVNhbXN1bmctTEVELVNtYXJ0LVRWLWRlLTc1LVB1bGdhZGFzLTRLLVVONzVBVTkwMDBGWFpYLzExMDYwMDgwNDAxMzA3ODAy;SEM;2021-10-08;2021-10-07;;1307802;;;;LIVERPOOL;MX;2021-10-08 03:45;SAMSUNG;Pantalla Samsung LED Smart TV de 75 Pulgadas 4K UN75AU9000FXZX;https://www.liverpool.com.mx/tienda/pdp/Pantalla-Samsung-LED-Smart-TV-de-75-Pulgadas-4K-UN75AU9000FXZX/1106008040;CE;5;https://www.liverpool.com.mx/
354;aHR0cHM6Ly93d3cubGl2ZXJwb29sLmNvbS5teC90aWVuZGEvcGRwL1BhbnRhbGxhLVNhbXN1bmctUUxFRC1TbWFydC1UVi1kZS03NS1QdWxnYWRhcy00Sy1RTjc1UU45MEFBRlhaWC8xMTA0Nzk2MzkzMTIzMTA4Nw==;SEM;2021-10-08;2021-08-26;;1231087;;;;LIVERPOOL;MX;2021-10-08 03:48;SAMSUNG;Pantalla Samsung QLED Smart TV de 75 Pulgadas 4K QN75QN90AAFXZX;https://www.liverpool.com.mx/tienda/pdp/Pantalla-Samsung-QLED-Smart-TV-de-75-Pulgadas-4K-QN75QN90AAFXZX/1104796393;CE;5;https://www.liverpool.com.mx/
355;aHR0cHM6Ly93d3cubGl2ZXJwb29sLmNvbS5teC90aWVuZGEvcGRwL1BhbnRhbGxhLVNhbXN1bmctUUxFRC1TbWFydC1UVi1kZS03NS1QdWxnYWRhcy00Sy1RTjc1UU45MEFBRlhaWC8xMTA0Nzk2MzkzMTAyMDEzNw==;SEM;2021-10-08;2021-05-31;;1020137;;;;LIVERPOOL;MX;2021-10-08 03:48;SAMSUNG;Pantalla Samsung QLED Smart TV de 75 Pulgadas 4K QN75QN90AAFXZX;https://www.liverpool.com.mx/tienda/pdp/Pantalla-Samsung-QLED-Smart-TV-de-75-Pulgadas-4K-QN75QN90AAFXZX/1104796393;CE;5;https://www.liverpool.com.mx/
356;aHR0cHM6Ly93d3cubGl2ZXJwb29sLmNvbS5teC90aWVuZGEvcGRwL1BhbnRhbGxhLVNhbXN1bmctU21hcnQtVHYtUUxFRC1kZS1QdWxnYWRhcy00Sy1Nb2RlbG8tUU41NUxTVDdUQUZYWlgvMTEwMDYzMjIyMTEyMTY2NzY=;SEM;2021-10-08;2021-08-18;;1216676;;;;LIVERPOOL;MX;2021-10-08 03:48;SAMSUNG;Pantalla Samsung Smart Tv QLED de Pulgadas 4K Modelo QN55LST7TAFXZX;https://www.liverpool.com.mx/tienda/pdp/Pantalla-Samsung-Smart-Tv-QLED-de-Pulgadas-4K-Modelo-QN55LST7TAFXZX/1100632221;CE;5;https://www.liverpool.com.mx/
357;aHR0cHM6Ly93d3cubGl2ZXJwb29sLmNvbS5teC90aWVuZGEvcGRwL1BhbnRhbGxhLVNhbXN1bmctUUxFRC1TbWFydC1UVi1kZS02NS1wdWxnYWRhcy00Sy1Nb2RlbG8tUW42NXE3MGFhZnh6eC8xMTA1MTQyOTkxMTE4NjI5MQ==;SEM;2021-10-08;2021-08-04;;1186291;;;;LIVERPOOL;MX;2021-10-08 03:49;SAMSUNG;Pantalla Samsung QLED Smart TV de 65 pulgadas 4K Modelo Qn65q70aafxzx;https://www.liverpool.com.mx/tienda/pdp/Pantalla-Samsung-QLED-Smart-TV-de-65-pulgadas-4K-Modelo-Qn65q70aafxzx/1105142991;CE;4;https://www.liverpool.com.mx/
358;aHR0cHM6Ly93d3cubGl2ZXJwb29sLmNvbS5teC90aWVuZGEvcGRwL1BhbnRhbGxhLVNhbXN1bmctUUxFRC1TbWFydC1UVi1kZS00My1QdWxnYWRhcy00Sy9VbHRyYS1IRC1RTjQzTFMwNVRBRlhaWC8xMDk3MDc2OTU5MTE0OTYxNg==;SEM;2021-10-08;2021-07-17;;1149616;;;;LIVERPOOL;MX;2021-10-08 03:53;SAMSUNG;Pantalla Samsung QLED Smart TV de 43 Pulgadas 4K/Ultra HD QN43LS05TAFXZX;https://www.liverpool.com.mx/tienda/pdp/Pantalla-Samsung-QLED-Smart-TV-de-43-Pulgadas-4K/Ultra-HD-QN43LS05TAFXZX/1097076959;CE;5;https://www.liverpool.com.mx/
359;aHR0cHM6Ly93d3cubGl2ZXJwb29sLmNvbS5teC90aWVuZGEvcGRwL1BhbnRhbGxhLVNhbXN1bmctUUxFRC1TbWFydC1UVi1kZS03NS1wdWxnYWRhcy1Nb2RlbG8tUU43NVE4MFRBRlhaWC8xMDk3MTkwMDY5MTAyOTU3Mg==;SEM;2021-10-08;2021-06-03;;1029572;;;;LIVERPOOL;MX;2021-10-08 03:53;SAMSUNG;Pantalla Samsung QLED Smart TV de 75 pulgadas Modelo QN75Q80TAFXZX;https://www.liverpool.com.mx/tienda/pdp/Pantalla-Samsung-QLED-Smart-TV-de-75-pulgadas-Modelo-QN75Q80TAFXZX/1097190069;CE;5;https://www.liverpool.com.mx/
360;aHR0cHM6Ly93d3cubGl2ZXJwb29sLmNvbS5teC90aWVuZGEvcGRwL1BhbnRhbGxhLVNhbXN1bmctUUxFRC1TbWFydC1UVi1kZS02NS1QdWxnYWRhcy00Sy1RTjY1UU44NUFBRlhaWC8xMTA0Nzk2MzUxMTI5NzM3OA==;SEM;2021-10-08;2021-10-02;;1297378;;;;LIVERPOOL;MX;2021-10-08 03:54;SAMSUNG;Pantalla Samsung QLED Smart TV de 65 Pulgadas 4K QN65QN85AAFXZX;https://www.liverpool.com.mx/tienda/pdp/Pantalla-Samsung-QLED-Smart-TV-de-65-Pulgadas-4K-QN65QN85AAFXZX/1104796351;CE;5;https://www.liverpool.com.mx/
361;aHR0cHM6Ly93d3cubGl2ZXJwb29sLmNvbS5teC90aWVuZGEvcGRwL1BhbnRhbGxhLVNhbXN1bmctUUxFRC1TbWFydC1UVi1kZS02NS1QdWxnYWRhcy00Sy1RTjY1UU44NUFBRlhaWC8xMTA0Nzk2MzUxMTEzMDExNw==;SEM;2021-10-08;2021-07-08;;1130117;;;;LIVERPOOL;MX;2021-10-08 03:54;SAMSUNG;Pantalla Samsung QLED Smart TV de 65 Pulgadas 4K QN65QN85AAFXZX;https://www.liverpool.com.mx/tienda/pdp/Pantalla-Samsung-QLED-Smart-TV-de-65-Pulgadas-4K-QN65QN85AAFXZX/1104796351;CE;5;https://www.liverpool.com.mx/
362;aHR0cHM6Ly93d3cubGl2ZXJwb29sLmNvbS5teC90aWVuZGEvcGRwL1BhbnRhbGxhLVNhbXN1bmctUUxFRC1TbWFydC1UVi1kZS02NS1QdWxnYWRhcy00Sy1RTjY1UU44NUFBRlhaWC8xMTA0Nzk2MzUxMTEwNDk1NQ==;SEM;2021-10-08;2021-06-27;;1104955;;;;LIVERPOOL;MX;2021-10-08 03:54;SAMSUNG;Pantalla Samsung QLED Smart TV de 65 Pulgadas 4K QN65QN85AAFXZX;https://www.liverpool.com.mx/tienda/pdp/Pantalla-Samsung-QLED-Smart-TV-de-65-Pulgadas-4K-QN65QN85AAFXZX/1104796351;CE;4;https://www.liverpool.com.mx/
363;aHR0cHM6Ly93d3cubGl2ZXJwb29sLmNvbS5teC90aWVuZGEvcGRwL1BhbnRhbGxhLVNhbXN1bmctUUxFRC1TbWFydC1UVi1kZS04NS1QdWxnYWRhcy00Sy1RTjg1UTcwQUFGWFpYLzExMDUxNDMyMzcxMTQzMDYz;SEM;2021-10-08;2021-07-14;;1143063;;;;LIVERPOOL;MX;2021-10-08 03:54;SAMSUNG;Pantalla Samsung QLED Smart TV de 85 Pulgadas 4K QN85Q70AAFXZX;https://www.liverpool.com.mx/tienda/pdp/Pantalla-Samsung-QLED-Smart-TV-de-85-Pulgadas-4K-QN85Q70AAFXZX/1105143237;CE;5;https://www.liverpool.com.mx/
364;aHR0cHM6Ly93d3cubGl2ZXJwb29sLmNvbS5teC90aWVuZGEvcGRwL1BhbnRhbGxhLVNhbXN1bmctVGhlLUZyYW1lLVFMRUQtU21hcnQtVFYtZGUtNTUtUHVsZ2FkYXMtNEstRi1RTjU1TFMwM0FBRlgvMTEwNTE0MjM1NDEwOTE1MTY=;SEM;2021-10-08;2021-06-22;;1091516;;;;LIVERPOOL;MX;2021-10-08 03:54;SAMSUNG;Pantalla Samsung The Frame QLED Smart TV de 55 Pulgadas 4K F-QN55LS03AAFX;https://www.liverpool.com.mx/tienda/pdp/Pantalla-Samsung-The-Frame-QLED-Smart-TV-de-55-Pulgadas-4K-F-QN55LS03AAFX/1105142354;CE;5;https://www.liverpool.com.mx/
365;aHR0cHM6Ly93d3cubGl2ZXJwb29sLmNvbS5teC90aWVuZGEvcGRwL1BhbnRhbGxhLVNhbXN1bmctQkUzMlQtQi0zMi1IRC1TbWFydC1UVi1IRE1JLUxIMzJCRVRCTEdLWFpYLzExMDA0Njc3MjcxMDI0ODcx;SEM;2021-10-08;2021-06-02;;1024871;;;;LIVERPOOL;MX;2021-10-08 03:55;SAMSUNG;Pantalla Samsung BE32T-B 32 HD Smart TV HDMI LH32BETBLGKXZX;https://www.liverpool.com.mx/tienda/pdp/Pantalla-Samsung-BE32T-B-32-HD-Smart-TV-HDMI-LH32BETBLGKXZX/1100467727;CE;5;https://www.liverpool.com.mx/
366;aHR0cHM6Ly93d3cubGl2ZXJwb29sLmNvbS5teC90aWVuZGEvcGRwL1BhbnRhbGxhLVNhbXN1bmctQkUzMlQtQi0zMi1IRC1TbWFydC1UVi1IRE1JLUxIMzJCRVRCTEdLWFpYLzExMDA0Njc3Mjc3NzQ3MDk=;SEM;2021-10-08;2021-02-11;;774709;;;;LIVERPOOL;MX;2021-10-08 03:55;SAMSUNG;Pantalla Samsung BE32T-B 32 HD Smart TV HDMI LH32BETBLGKXZX;https://www.liverpool.com.mx/tienda/pdp/Pantalla-Samsung-BE32T-B-32-HD-Smart-TV-HDMI-LH32BETBLGKXZX/1100467727;CE;5;https://www.liverpool.com.mx/
367;aHR0cHM6Ly93d3cubGl2ZXJwb29sLmNvbS5teC90aWVuZGEvcGRwL1BhbnRhbGxhLVNhbXN1bmctQkUzMlQtQi0zMi1IRC1TbWFydC1UVi1IRE1JLUxIMzJCRVRCTEdLWFpYLzExMDA0Njc3Mjc3ODU1OTY=;SEM;2021-10-08;2021-02-16;;785596;;;;LIVERPOOL;MX;2021-10-08 03:55;SAMSUNG;Pantalla Samsung BE32T-B 32 HD Smart TV HDMI LH32BETBLGKXZX;https://www.liverpool.com.mx/tienda/pdp/Pantalla-Samsung-BE32T-B-32-HD-Smart-TV-HDMI-LH32BETBLGKXZX/1100467727;CE;5;https://www.liverpool.com.mx/
368;aHR0cHM6Ly93d3cubGl2ZXJwb29sLmNvbS5teC90aWVuZGEvcGRwL1BhbnRhbGxhLVNhbXN1bmctQkUzMlQtQi0zMi1IRC1TbWFydC1UVi1IRE1JLUxIMzJCRVRCTEdLWFpYLzExMDA0Njc3Mjc3OTA0Nzc=;SEM;2021-10-08;2021-02-17;;790477;;;;LIVERPOOL;MX;2021-10-08 03:55;SAMSUNG;Pantalla Samsung BE32T-B 32 HD Smart TV HDMI LH32BETBLGKXZX;https://www.liverpool.com.mx/tienda/pdp/Pantalla-Samsung-BE32T-B-32-HD-Smart-TV-HDMI-LH32BETBLGKXZX/1100467727;CE;4;https://www.liverpool.com.mx/
369;aHR0cHM6Ly93d3cubGl2ZXJwb29sLmNvbS5teC90aWVuZGEvcGRwL1BhbnRhbGxhLVNhbXN1bmctQkUzMlQtQi0zMi1IRC1TbWFydC1UVi1IRE1JLUxIMzJCRVRCTEdLWFpYLzExMDA0Njc3MjcxMjI2NzI2;SEM;2021-10-08;2021-08-24;;1226726;;;;LIVERPOOL;MX;2021-10-08 03:55;SAMSUNG;Pantalla Samsung BE32T-B 32 HD Smart TV HDMI LH32BETBLGKXZX;https://www.liverpool.com.mx/tienda/pdp/Pantalla-Samsung-BE32T-B-32-HD-Smart-TV-HDMI-LH32BETBLGKXZX/1100467727;CE;3;https://www.liverpool.com.mx/
370;aHR0cHM6Ly93d3cubGl2ZXJwb29sLmNvbS5teC90aWVuZGEvcGRwL1BhbnRhbGxhLVNhbXN1bmctQkUzMlQtQi0zMi1IRC1TbWFydC1UVi1IRE1JLUxIMzJCRVRCTEdLWFpYLzExMDA0Njc3Mjc4Nzk5OTY=;SEM;2021-10-08;2021-03-31;;879996;;;;LIVERPOOL;MX;2021-10-08 03:55;SAMSUNG;Pantalla Samsung BE32T-B 32 HD Smart TV HDMI LH32BETBLGKXZX;https://www.liverpool.com.mx/tienda/pdp/Pantalla-Samsung-BE32T-B-32-HD-Smart-TV-HDMI-LH32BETBLGKXZX/1100467727;CE;5;https://www.liverpool.com.mx/
371;aHR0cHM6Ly93d3cubGl2ZXJwb29sLmNvbS5teC90aWVuZGEvcGRwL1BhbnRhbGxhLVNhbXN1bmctQkUzMlQtQi0zMi1IRC1TbWFydC1UVi1IRE1JLUxIMzJCRVRCTEdLWFpYLzExMDA0Njc3MjcxMjA4MTM2;SEM;2021-10-08;2021-08-14;;1208136;;;;LIVERPOOL;MX;2021-10-08 03:55;SAMSUNG;Pantalla Samsung BE32T-B 32 HD Smart TV HDMI LH32BETBLGKXZX;https://www.liverpool.com.mx/tienda/pdp/Pantalla-Samsung-BE32T-B-32-HD-Smart-TV-HDMI-LH32BETBLGKXZX/1100467727;CE;5;https://www.liverpool.com.mx/
372;aHR0cHM6Ly93d3cubGl2ZXJwb29sLmNvbS5teC90aWVuZGEvcGRwL1BhbnRhbGxhLVNhbXN1bmctQkUzMlQtQi0zMi1IRC1TbWFydC1UVi1IRE1JLUxIMzJCRVRCTEdLWFpYLzExMDA0Njc3MjcxMDI5OTc4;SEM;2021-10-08;2021-06-03;;1029978;;;;LIVERPOOL;MX;2021-10-08 03:55;SAMSUNG;Pantalla Samsung BE32T-B 32 HD Smart TV HDMI LH32BETBLGKXZX;https://www.liverpool.com.mx/tienda/pdp/Pantalla-Samsung-BE32T-B-32-HD-Smart-TV-HDMI-LH32BETBLGKXZX/1100467727;CE;5;https://www.liverpool.com.mx/
373;aHR0cHM6Ly93d3cubGl2ZXJwb29sLmNvbS5teC90aWVuZGEvcGRwL1BhbnRhbGxhLVNhbXN1bmctQkUzMlQtQi0zMi1IRC1TbWFydC1UVi1IRE1JLUxIMzJCRVRCTEdLWFpYLzExMDA0Njc3Mjc2OTY2NDI=;SEM;2021-10-08;2020-12-28;;696642;;;;LIVERPOOL;MX;2021-10-08 03:55;SAMSUNG;Pantalla Samsung BE32T-B 32 HD Smart TV HDMI LH32BETBLGKXZX;https://www.liverpool.com.mx/tienda/pdp/Pantalla-Samsung-BE32T-B-32-HD-Smart-TV-HDMI-LH32BETBLGKXZX/1100467727;CE;5;https://www.liverpool.com.mx/
374;aHR0cHM6Ly93d3cubGl2ZXJwb29sLmNvbS5teC90aWVuZGEvcGRwL1BhbnRhbGxhLVNhbXN1bmctUUxFRC1TbWFydC1UVi1UaGUtU2VyaWYtZGUtNTUtUHVsZ2FkYXMtNEsvVWx0cmEtSEQtUU41NUxTMDFUQUZYWlgvMTA5NzA3Njc4OTExODI0NjM=;SEM;2021-10-08;2021-08-02;;1182463;;;;LIVERPOOL;MX;2021-10-08 03:57;SAMSUNG;Pantalla Samsung QLED Smart TV The Serif de 55 Pulgadas 4K/Ultra HD QN55LS01TAFXZX;https://www.liverpool.com.mx/tienda/pdp/Pantalla-Samsung-QLED-Smart-TV-The-Serif-de-55-Pulgadas-4K/Ultra-HD-QN55LS01TAFXZX/1097076789;CE;5;https://www.liverpool.com.mx/
375;aHR0cHM6Ly93d3cubGl2ZXJwb29sLmNvbS5teC90aWVuZGEvcGRwL1BhbnRhbGxhLVNhbXN1bmctUUxFRC1TbWFydC1UVi1UaGUtU2VyaWYtZGUtNTUtUHVsZ2FkYXMtNEsvVWx0cmEtSEQtUU41NUxTMDFUQUZYWlgvMTA5NzA3Njc4OTExNzQ1MDA=;SEM;2021-10-08;2021-07-30;;1174500;;;;LIVERPOOL;MX;2021-10-08 03:57;SAMSUNG;Pantalla Samsung QLED Smart TV The Serif de 55 Pulgadas 4K/Ultra HD QN55LS01TAFXZX;https://www.liverpool.com.mx/tienda/pdp/Pantalla-Samsung-QLED-Smart-TV-The-Serif-de-55-Pulgadas-4K/Ultra-HD-QN55LS01TAFXZX/1097076789;CE;5;https://www.liverpool.com.mx/
376;aHR0cHM6Ly93d3cubGl2ZXJwb29sLmNvbS5teC90aWVuZGEvcGRwL1BhbnRhbGxhLVNhbXN1bmctUUxFRC1TbWFydC1UVi1UaGUtU2VyaWYtZGUtNTUtUHVsZ2FkYXMtNEsvVWx0cmEtSEQtUU41NUxTMDFUQUZYWlgvMTA5NzA3Njc4OTM5ODY3Mg==;SEM;2021-10-08;2020-07-15;;398672;;;;LIVERPOOL;MX;2021-10-08 03:57;SAMSUNG;Pantalla Samsung QLED Smart TV The Serif de 55 Pulgadas 4K/Ultra HD QN55LS01TAFXZX;https://www.liverpool.com.mx/tienda/pdp/Pantalla-Samsung-QLED-Smart-TV-The-Serif-de-55-Pulgadas-4K/Ultra-HD-QN55LS01TAFXZX/1097076789;CE;5;https://www.liverpool.com.mx/
377;aHR0cHM6Ly93d3cubGl2ZXJwb29sLmNvbS5teC90aWVuZGEvcGRwL1BhbnRhbGxhLVNhbXN1bmctUUxFRC1TbWFydC1UVi1kZS01MC1QdWxnYWRhcy00Sy1RTjUwUU45MEFBRlhaWC8xMTA0Nzk2MzI2MTE2Mzk4MA==;SEM;2021-10-08;2021-07-25;;1163980;;;;LIVERPOOL;MX;2021-10-08 03:58;SAMSUNG;Pantalla Samsung QLED Smart TV de 50 Pulgadas 4K QN50QN90AAFXZX;https://www.liverpool.com.mx/tienda/pdp/Pantalla-Samsung-QLED-Smart-TV-de-50-Pulgadas-4K-QN50QN90AAFXZX/1104796326;CE;5;https://www.liverpool.com.mx/
378;aHR0cHM6Ly93d3cubGl2ZXJwb29sLmNvbS5teC90aWVuZGEvcGRwL1BhbnRhbGxhLUxHLUxFRC1TbWFydC1UViVDMiVBMGRlLTQzLVB1bGdhZGFzLUFJLVRoaW5RLTRLLTQzVVA3NTAwUFNGLzExMDYxMzMzMjQxMjc0OTM1;SEM;2021-10-08;2021-09-20;;1274935;;;;LIVERPOOL;MX;2021-10-08 03:28;LG;Pantalla LG LED Smart TV de 43 Pulgadas AI ThinQ 4K 43UP7500PSF;https://www.liverpool.com.mx/tienda/pdp/Pantalla-LG-LED-Smart-TV%C2%A0de-43-Pulgadas-AI-ThinQ-4K-43UP7500PSF/1106133324;CE;5;https://www.liverpool.com.mx/
379;aHR0cHM6Ly93d3cubGl2ZXJwb29sLmNvbS5teC90aWVuZGEvcGRwL1BhbnRhbGxhLUxHLUxFRC1TbWFydC1UViVDMiVBMGRlLTQzLVB1bGdhZGFzLUFJLVRoaW5RLTRLLTQzVVA3NTAwUFNGLzExMDYxMzMzMjQxMjQzNDQ1;SEM;2021-10-08;2021-09-02;;1243445;;;;LIVERPOOL;MX;2021-10-08 03:28;LG;Pantalla LG LED Smart TV de 43 Pulgadas AI ThinQ 4K 43UP7500PSF;https://www.liverpool.com.mx/tienda/pdp/Pantalla-LG-LED-Smart-TV%C2%A0de-43-Pulgadas-AI-ThinQ-4K-43UP7500PSF/1106133324;CE;5;https://www.liverpool.com.mx/
380;aHR0cHM6Ly93d3cubGl2ZXJwb29sLmNvbS5teC90aWVuZGEvcGRwL1BhbnRhbGxhLUxHLUxFRC1TbWFydC1UViVDMiVBMGRlLTQzLVB1bGdhZGFzLUFJLVRoaW5RLTRLLTQzVVA3NTAwUFNGLzExMDYxMzMzMjQxMTY4NDAx;SEM;2021-10-08;2021-07-27;;1168401;;;;LIVERPOOL;MX;2021-10-08 03:28;LG;Pantalla LG LED Smart TV de 43 Pulgadas AI ThinQ 4K 43UP7500PSF;https://www.liverpool.com.mx/tienda/pdp/Pantalla-LG-LED-Smart-TV%C2%A0de-43-Pulgadas-AI-ThinQ-4K-43UP7500PSF/1106133324;CE;5;https://www.liverpool.com.mx/
381;aHR0cHM6Ly93d3cubGl2ZXJwb29sLmNvbS5teC90aWVuZGEvcGRwL1BhbnRhbGxhLUxHLUxFRC1TbWFydC1UViVDMiVBMGRlLTQzLVB1bGdhZGFzLUFJLVRoaW5RLTRLLTQzVVA3NTAwUFNGLzExMDYxMzMzMjQxMjgxMzA0;SEM;2021-10-08;2021-09-23;;1281304;;;;LIVERPOOL;MX;2021-10-08 03:28;LG;Pantalla LG LED Smart TV de 43 Pulgadas AI ThinQ 4K 43UP7500PSF;https://www.liverpool.com.mx/tienda/pdp/Pantalla-LG-LED-Smart-TV%C2%A0de-43-Pulgadas-AI-ThinQ-4K-43UP7500PSF/1106133324;CE;5;https://www.liverpool.com.mx/
382;aHR0cHM6Ly93d3cubGl2ZXJwb29sLmNvbS5teC90aWVuZGEvcGRwL1BhbnRhbGxhLUxHLUxFRC1TbWFydC1UViVDMiVBMGRlLTQzLVB1bGdhZGFzLUFJLVRoaW5RLTRLLTQzVVA3NTAwUFNGLzExMDYxMzMzMjQxMjE4NjIx;SEM;2021-10-08;2021-08-19;;1218621;;;;LIVERPOOL;MX;2021-10-08 03:28;LG;Pantalla LG LED Smart TV de 43 Pulgadas AI ThinQ 4K 43UP7500PSF;https://www.liverpool.com.mx/tienda/pdp/Pantalla-LG-LED-Smart-TV%C2%A0de-43-Pulgadas-AI-ThinQ-4K-43UP7500PSF/1106133324;CE;5;https://www.liverpool.com.mx/
383;aHR0cHM6Ly93d3cubGl2ZXJwb29sLmNvbS5teC90aWVuZGEvcGRwL1BhbnRhbGxhLUxHLUxFRC1TbWFydC1UViVDMiVBMGRlLTQzLVB1bGdhZGFzLUFJLVRoaW5RLTRLLTQzVVA3NTAwUFNGLzExMDYxMzMzMjQxMjcxMzgy;SEM;2021-10-08;2021-09-18;;1271382;;;;LIVERPOOL;MX;2021-10-08 03:28;LG;Pantalla LG LED Smart TV de 43 Pulgadas AI ThinQ 4K 43UP7500PSF;https://www.liverpool.com.mx/tienda/pdp/Pantalla-LG-LED-Smart-TV%C2%A0de-43-Pulgadas-AI-ThinQ-4K-43UP7500PSF/1106133324;CE;5;https://www.liverpool.com.mx/
384;aHR0cHM6Ly93d3cubGl2ZXJwb29sLmNvbS5teC90aWVuZGEvcGRwL1BhbnRhbGxhLUxHLUxFRC1TbWFydC1UViVDMiVBMGRlLTQzLVB1bGdhZGFzLUFJLVRoaW5RLTRLLTQzVVA3NTAwUFNGLzExMDYxMzMzMjQxMjYwNjU0;SEM;2021-10-08;2021-09-12;;1260654;;;;LIVERPOOL;MX;2021-10-08 03:28;LG;Pantalla LG LED Smart TV de 43 Pulgadas AI ThinQ 4K 43UP7500PSF;https://www.liverpool.com.mx/tienda/pdp/Pantalla-LG-LED-Smart-TV%C2%A0de-43-Pulgadas-AI-ThinQ-4K-43UP7500PSF/1106133324;CE;5;https://www.liverpool.com.mx/
385;aHR0cHM6Ly93d3cubGl2ZXJwb29sLmNvbS5teC90aWVuZGEvcGRwL1BhbnRhbGxhLUxHLUxFRC1TbWFydC1UViVDMiVBMGRlLTQzLVB1bGdhZGFzLUFJLVRoaW5RLTRLLTQzVVA3NTAwUFNGLzExMDYxMzMzMjQxMjE5NDYw;SEM;2021-10-08;2021-08-20;;1219460;;;;LIVERPOOL;MX;2021-10-08 03:28;LG;Pantalla LG LED Smart TV de 43 Pulgadas AI ThinQ 4K 43UP7500PSF;https://www.liverpool.com.mx/tienda/pdp/Pantalla-LG-LED-Smart-TV%C2%A0de-43-Pulgadas-AI-ThinQ-4K-43UP7500PSF/1106133324;CE;5;https://www.liverpool.com.mx/
386;aHR0cHM6Ly93d3cubGl2ZXJwb29sLmNvbS5teC90aWVuZGEvcGRwL1BhbnRhbGxhLUxHLUxFRC1TbWFydC1UViVDMiVBMGRlLTQzLVB1bGdhZGFzLUFJLVRoaW5RLTRLLTQzVVA3NTAwUFNGLzExMDYxMzMzMjQxMjA4OTY1;SEM;2021-10-08;2021-08-14;;1208965;;;;LIVERPOOL;MX;2021-10-08 03:28;LG;Pantalla LG LED Smart TV de 43 Pulgadas AI ThinQ 4K 43UP7500PSF;https://www.liverpool.com.mx/tienda/pdp/Pantalla-LG-LED-Smart-TV%C2%A0de-43-Pulgadas-AI-ThinQ-4K-43UP7500PSF/1106133324;CE;5;https://www.liverpool.com.mx/
387;aHR0cHM6Ly93d3cubGl2ZXJwb29sLmNvbS5teC90aWVuZGEvcGRwL1BhbnRhbGxhLUxHLUxFRC1TbWFydC1UViVDMiVBMGRlLTQzLVB1bGdhZGFzLUFJLVRoaW5RLTRLLTQzVVA3NTAwUFNGLzExMDYxMzMzMjQxMzA1Mjgx;SEM;2021-10-08;2021-10-06;;1305281;;;;LIVERPOOL;MX;2021-10-08 03:28;LG;Pantalla LG LED Smart TV de 43 Pulgadas AI ThinQ 4K 43UP7500PSF;https://www.liverpool.com.mx/tienda/pdp/Pantalla-LG-LED-Smart-TV%C2%A0de-43-Pulgadas-AI-ThinQ-4K-43UP7500PSF/1106133324;CE;5;https://www.liverpool.com.mx/
388;aHR0cHM6Ly93d3cubGl2ZXJwb29sLmNvbS5teC90aWVuZGEvcGRwL1BhbnRhbGxhLUxHLUxFRC1TbWFydC1UViVDMiVBMGRlLTQzLVB1bGdhZGFzLUFJLVRoaW5RLTRLLTQzVVA3NTAwUFNGLzExMDYxMzMzMjQxMjc4Njk0;SEM;2021-10-08;2021-09-22;;1278694;;;;LIVERPOOL;MX;2021-10-08 03:28;LG;Pantalla LG LED Smart TV de 43 Pulgadas AI ThinQ 4K 43UP7500PSF;https://www.liverpool.com.mx/tienda/pdp/Pantalla-LG-LED-Smart-TV%C2%A0de-43-Pulgadas-AI-ThinQ-4K-43UP7500PSF/1106133324;CE;5;https://www.liverpool.com.mx/
389;aHR0cHM6Ly93d3cubGl2ZXJwb29sLmNvbS5teC90aWVuZGEvcGRwL1BhbnRhbGxhLUxHLUxFRC1TbWFydC1UViVDMiVBMGRlLTQzLVB1bGdhZGFzLUFJLVRoaW5RLTRLLTQzVVA3NTAwUFNGLzExMDYxMzMzMjQxMDYwMzMz;SEM;2021-10-08;2021-06-12;;1060333;;;;LIVERPOOL;MX;2021-10-08 03:28;LG;Pantalla LG LED Smart TV de 43 Pulgadas AI ThinQ 4K 43UP7500PSF;https://www.liverpool.com.mx/tienda/pdp/Pantalla-LG-LED-Smart-TV%C2%A0de-43-Pulgadas-AI-ThinQ-4K-43UP7500PSF/1106133324;CE;5;https://www.liverpool.com.mx/
390;aHR0cHM6Ly93d3cubGl2ZXJwb29sLmNvbS5teC90aWVuZGEvcGRwL1BhbnRhbGxhLUxHLUxFRC1TbWFydC1UViVDMiVBMGRlLTQzLVB1bGdhZGFzLUFJLVRoaW5RLTRLLTQzVVA3NTAwUFNGLzExMDYxMzMzMjQxMTA5ODk1;SEM;2021-10-08;2021-06-29;;1109895;;;;LIVERPOOL;MX;2021-10-08 03:28;LG;Pantalla LG LED Smart TV de 43 Pulgadas AI ThinQ 4K 43UP7500PSF;https://www.liverpool.com.mx/tienda/pdp/Pantalla-LG-LED-Smart-TV%C2%A0de-43-Pulgadas-AI-ThinQ-4K-43UP7500PSF/1106133324;CE;4;https://www.liverpool.com.mx/
391;aHR0cHM6Ly93d3cubGl2ZXJwb29sLmNvbS5teC90aWVuZGEvcGRwL1BhbnRhbGxhLUxHLUxFRC1TbWFydC1UViVDMiVBMGRlLTQzLVB1bGdhZGFzLUFJLVRoaW5RLTRLLTQzVVA3NTAwUFNGLzExMDYxMzMzMjQxMTYxMTA5;SEM;2021-10-08;2021-07-24;;1161109;;;;LIVERPOOL;MX;2021-10-08 03:28;LG;Pantalla LG LED Smart TV de 43 Pulgadas AI ThinQ 4K 43UP7500PSF;https://www.liverpool.com.mx/tienda/pdp/Pantalla-LG-LED-Smart-TV%C2%A0de-43-Pulgadas-AI-ThinQ-4K-43UP7500PSF/1106133324;CE;5;https://www.liverpool.com.mx/
392;aHR0cHM6Ly93d3cubGl2ZXJwb29sLmNvbS5teC90aWVuZGEvcGRwL1BhbnRhbGxhLUxHLUxFRC1TbWFydC1UViVDMiVBMGRlLTQzLVB1bGdhZGFzLUFJLVRoaW5RLTRLLTQzVVA3NTAwUFNGLzExMDYxMzMzMjQxMDM0Nzgw;SEM;2021-10-08;2021-06-05;;1034780;;;;LIVERPOOL;MX;2021-10-08 03:28;LG;Pantalla LG LED Smart TV de 43 Pulgadas AI ThinQ 4K 43UP7500PSF;https://www.liverpool.com.mx/tienda/pdp/Pantalla-LG-LED-Smart-TV%C2%A0de-43-Pulgadas-AI-ThinQ-4K-43UP7500PSF/1106133324;CE;5;https://www.liverpool.com.mx/
393;aHR0cHM6Ly93d3cubGl2ZXJwb29sLmNvbS5teC90aWVuZGEvcGRwL1BhbnRhbGxhLUxHLUxFRC1TbWFydC1UViVDMiVBMGRlLTQzLVB1bGdhZGFzLUFJLVRoaW5RLTRLLTQzVVA3NTAwUFNGLzExMDYxMzMzMjQxMDY1NjA0;SEM;2021-10-08;2021-06-14;;1065604;;;;LIVERPOOL;MX;2021-10-08 03:28;LG;Pantalla LG LED Smart TV de 43 Pulgadas AI ThinQ 4K 43UP7500PSF;https://www.liverpool.com.mx/tienda/pdp/Pantalla-LG-LED-Smart-TV%C2%A0de-43-Pulgadas-AI-ThinQ-4K-43UP7500PSF/1106133324;CE;5;https://www.liverpool.com.mx/
394;aHR0cHM6Ly93d3cubGl2ZXJwb29sLmNvbS5teC90aWVuZGEvcGRwL0JhZmxlLUxHLVJNMi8xMDk4MDI5MTU2OTcwNDk2;SEM;2021-10-08;2021-05-14;;970496;;;;LIVERPOOL;MX;2021-10-08 02:11;LG;Bafle LG RM2;https://www.liverpool.com.mx/tienda/pdp/Bafle-LG-RM2/1098029156;CE;5;https://www.liverpool.com.mx/
395;aHR0cHM6Ly93d3cubGl2ZXJwb29sLmNvbS5teC90aWVuZGEvcGRwL0JhZmxlLUxHLVJNMi8xMDk4MDI5MTU2ODU0MjMy;SEM;2021-10-08;2021-03-18;;854232;;;;LIVERPOOL;MX;2021-10-08 02:11;LG;Bafle LG RM2;https://www.liverpool.com.mx/tienda/pdp/Bafle-LG-RM2/1098029156;CE;5;https://www.liverpool.com.mx/
396;aHR0cHM6Ly93d3cubGl2ZXJwb29sLmNvbS5teC90aWVuZGEvcGRwL0JhZmxlLUxHLVJNMi8xMDk4MDI5MTU2MTE0ODgxOA==;SEM;2021-10-08;2021-07-17;;1148818;;;;LIVERPOOL;MX;2021-10-08 02:11;LG;Bafle LG RM2;https://www.liverpool.com.mx/tienda/pdp/Bafle-LG-RM2/1098029156;CE;4;https://www.liverpool.com.mx/
397;aHR0cHM6Ly93d3cubGl2ZXJwb29sLmNvbS5teC90aWVuZGEvcGRwL0JhZmxlLUxHLVJNMi8xMDk4MDI5MTU2MTI3MzU4NA==;SEM;2021-10-08;2021-09-19;;1273584;;;;LIVERPOOL;MX;2021-10-08 02:11;LG;Bafle LG RM2;https://www.liverpool.com.mx/tienda/pdp/Bafle-LG-RM2/1098029156;CE;5;https://www.liverpool.com.mx/
398;aHR0cHM6Ly93d3cubGl2ZXJwb29sLmNvbS5teC90aWVuZGEvcGRwL0JhZmxlLUxHLVJNMi8xMDk4MDI5MTU2MTAwODU1MQ==;SEM;2021-10-08;2021-05-28;;1008551;;;;LIVERPOOL;MX;2021-10-08 02:11;LG;Bafle LG RM2;https://www.liverpool.com.mx/tienda/pdp/Bafle-LG-RM2/1098029156;CE;5;https://www.liverpool.com.mx/
399;aHR0cHM6Ly93d3cubGl2ZXJwb29sLmNvbS5teC90aWVuZGEvcGRwL0JhZmxlLUxHLVJNMi8xMDk4MDI5MTU2NzY5OTk5;SEM;2021-10-08;2021-02-09;;769999;;;;LIVERPOOL;MX;2021-10-08 02:11;LG;Bafle LG RM2;https://www.liverpool.com.mx/tienda/pdp/Bafle-LG-RM2/1098029156;CE;5;https://www.liverpool.com.mx/
400;aHR0cHM6Ly93d3cubGl2ZXJwb29sLmNvbS5teC90aWVuZGEvcGRwL3BhbnRhbGxhLWxnLW5hbm9jZWxsLXNtYXJ0LXR2LWRlLTUwLXB1bGdhZGFzLTRrLTUwbmFubzgwc3BhLzExMDY2Mjc1NjQxMTE3NTUz;SEM;2021-10-08;2021-07-02;;1117553;;;;LIVERPOOL;MX;2021-10-08 02:55;LG;Pantalla LG NanoCell Smart TV de 50 Pulgadas 4K 50NANO80SPA;https://www.liverpool.com.mx/tienda/pdp/pantalla-lg-nanocell-smart-tv-de-50-pulgadas-4k-50nano80spa/1106627564;CE;5;https://www.liverpool.com.mx/
401;aHR0cHM6Ly93d3cubGl2ZXJwb29sLmNvbS5teC90aWVuZGEvcGRwL3BhbnRhbGxhLWxnLW5hbm9jZWxsLXNtYXJ0LXR2LWRlLTUwLXB1bGdhZGFzLTRrLTUwbmFubzgwc3BhLzExMDY2Mjc1NjQxMjkwNjk1;SEM;2021-10-08;2021-09-29;;1290695;;;;LIVERPOOL;MX;2021-10-08 02:55;LG;Pantalla LG NanoCell Smart TV de 50 Pulgadas 4K 50NANO80SPA;https://www.liverpool.com.mx/tienda/pdp/pantalla-lg-nanocell-smart-tv-de-50-pulgadas-4k-50nano80spa/1106627564;CE;5;https://www.liverpool.com.mx/
402;aHR0cHM6Ly93d3cubGl2ZXJwb29sLmNvbS5teC90aWVuZGEvcGRwL3BhbnRhbGxhLWxnLW5hbm9jZWxsLXNtYXJ0LXR2LWRlLTUwLXB1bGdhZGFzLTRrLTUwbmFubzgwc3BhLzExMDY2Mjc1NjQxMjg5ODY1;SEM;2021-10-08;2021-09-28;;1289865;;;;LIVERPOOL;MX;2021-10-08 02:55;LG;Pantalla LG NanoCell Smart TV de 50 Pulgadas 4K 50NANO80SPA;https://www.liverpool.com.mx/tienda/pdp/pantalla-lg-nanocell-smart-tv-de-50-pulgadas-4k-50nano80spa/1106627564;CE;5;https://www.liverpool.com.mx/
403;aHR0cHM6Ly93d3cubGl2ZXJwb29sLmNvbS5teC90aWVuZGEvcGRwL3BhbnRhbGxhLWxnLW5hbm9jZWxsLXNtYXJ0LXR2LWRlLTUwLXB1bGdhZGFzLTRrLTUwbmFubzgwc3BhLzExMDY2Mjc1NjQxMjU0MDU5;SEM;2021-10-08;2021-09-08;;1254059;;;;LIVERPOOL;MX;2021-10-08 02:55;LG;Pantalla LG NanoCell Smart TV de 50 Pulgadas 4K 50NANO80SPA;https://www.liverpool.com.mx/tienda/pdp/pantalla-lg-nanocell-smart-tv-de-50-pulgadas-4k-50nano80spa/1106627564;CE;4;https://www.liverpool.com.mx/
404;aHR0cHM6Ly93d3cubGl2ZXJwb29sLmNvbS5teC90aWVuZGEvcGRwL3BhbnRhbGxhLWxnLW5hbm9jZWxsLXNtYXJ0LXR2LWRlLTUwLXB1bGdhZGFzLTRrLTUwbmFubzgwc3BhLzExMDY2Mjc1NjQxMDk3NjQw;SEM;2021-10-08;2021-06-25;;1097640;;;;LIVERPOOL;MX;2021-10-08 02:55;LG;Pantalla LG NanoCell Smart TV de 50 Pulgadas 4K 50NANO80SPA;https://www.liverpool.com.mx/tienda/pdp/pantalla-lg-nanocell-smart-tv-de-50-pulgadas-4k-50nano80spa/1106627564;CE;5;https://www.liverpool.com.mx/
405;aHR0cHM6Ly93d3cubGl2ZXJwb29sLmNvbS5teC90aWVuZGEvcGRwL1BhbnRhbGxhLUxHLU5hbm9DZWxsLVNtYXJ0LVRWLWRlLTUwLVB1bGdhZGFzLTRLLTUwTkFOTzgwU1BBLzExMDY2Mjc1NjQxMTExNDU4;SEM;2021-10-08;2021-06-29;;1111458;;;;LIVERPOOL;MX;2021-10-08 03:26;LG;Pantalla LG NanoCell Smart TV de 50 Pulgadas 4K 50NANO80SPA;https://www.liverpool.com.mx/tienda/pdp/Pantalla-LG-NanoCell-Smart-TV-de-50-Pulgadas-4K-50NANO80SPA/1106627564;CE;5;https://www.liverpool.com.mx/
406;aHR0cHM6Ly93d3cubGl2ZXJwb29sLmNvbS5teC90aWVuZGEvcGRwL1BhbnRhbGxhLUxHLU5hbm9DZWxsLVNtYXJ0LVRWLWRlLTUwLVB1bGdhZGFzLTRLLTUwTkFOTzgwU1BBLzExMDY2Mjc1NjQxMTE3NTUz;SEM;2021-10-08;2021-07-02;;1117553;;;;LIVERPOOL;MX;2021-10-08 03:26;LG;Pantalla LG NanoCell Smart TV de 50 Pulgadas 4K 50NANO80SPA;https://www.liverpool.com.mx/tienda/pdp/Pantalla-LG-NanoCell-Smart-TV-de-50-Pulgadas-4K-50NANO80SPA/1106627564;CE;5;https://www.liverpool.com.mx/
407;aHR0cHM6Ly93d3cubGl2ZXJwb29sLmNvbS5teC90aWVuZGEvcGRwL1BhbnRhbGxhLUxHLU5hbm9DZWxsLVNtYXJ0LVRWLWRlLTUwLVB1bGdhZGFzLTRLLTUwTkFOTzgwU1BBLzExMDY2Mjc1NjQxMjkwNjk1;SEM;2021-10-08;2021-09-29;;1290695;;;;LIVERPOOL;MX;2021-10-08 03:26;LG;Pantalla LG NanoCell Smart TV de 50 Pulgadas 4K 50NANO80SPA;https://www.liverpool.com.mx/tienda/pdp/Pantalla-LG-NanoCell-Smart-TV-de-50-Pulgadas-4K-50NANO80SPA/1106627564;CE;5;https://www.liverpool.com.mx/
408;aHR0cHM6Ly93d3cubGl2ZXJwb29sLmNvbS5teC90aWVuZGEvcGRwL1BhbnRhbGxhLUxHLU5hbm9DZWxsLVNtYXJ0LVRWLWRlLTUwLVB1bGdhZGFzLTRLLTUwTkFOTzgwU1BBLzExMDY2Mjc1NjQxMjg5ODY1;SEM;2021-10-08;2021-09-28;;1289865;;;;LIVERPOOL;MX;2021-10-08 03:26;LG;Pantalla LG NanoCell Smart TV de 50 Pulgadas 4K 50NANO80SPA;https://www.liverpool.com.mx/tienda/pdp/Pantalla-LG-NanoCell-Smart-TV-de-50-Pulgadas-4K-50NANO80SPA/1106627564;CE;5;https://www.liverpool.com.mx/
409;aHR0cHM6Ly93d3cubGl2ZXJwb29sLmNvbS5teC90aWVuZGEvcGRwL1BhbnRhbGxhLUxHLU5hbm9DZWxsLVNtYXJ0LVRWLWRlLTUwLVB1bGdhZGFzLTRLLTUwTkFOTzgwU1BBLzExMDY2Mjc1NjQxMjU0MDU5;SEM;2021-10-08;2021-09-08;;1254059;;;;LIVERPOOL;MX;2021-10-08 03:26;LG;Pantalla LG NanoCell Smart TV de 50 Pulgadas 4K 50NANO80SPA;https://www.liverpool.com.mx/tienda/pdp/Pantalla-LG-NanoCell-Smart-TV-de-50-Pulgadas-4K-50NANO80SPA/1106627564;CE;4;https://www.liverpool.com.mx/
410;aHR0cHM6Ly93d3cubGl2ZXJwb29sLmNvbS5teC90aWVuZGEvcGRwL1BhbnRhbGxhLUxHLU5hbm9DZWxsLVNtYXJ0LVRWLWRlLTUwLVB1bGdhZGFzLTRLLTUwTkFOTzgwU1BBLzExMDY2Mjc1NjQxMDk3NjQw;SEM;2021-10-08;2021-06-25;;1097640;;;;LIVERPOOL;MX;2021-10-08 03:26;LG;Pantalla LG NanoCell Smart TV de 50 Pulgadas 4K 50NANO80SPA;https://www.liverpool.com.mx/tienda/pdp/Pantalla-LG-NanoCell-Smart-TV-de-50-Pulgadas-4K-50NANO80SPA/1106627564;CE;5;https://www.liverpool.com.mx/
411;aHR0cHM6Ly93d3cubGl2ZXJwb29sLmNvbS5teC90aWVuZGEvcGRwL1BhbnRhbGxhLUxHJUMyJUEwTEVELVNtYXJ0LVRWJUMyJUEwZGUtNzUtUHVsZ2FkYXMtQUktVGhpblEtNEstNzVVUDc3NTBQU0IvMTEwNzg4OTcxNjEyOTAzNDU=;SEM;2021-10-08;2021-09-28;;1290345;;;;LIVERPOOL;MX;2021-10-08 03:26;LG;Pantalla LG LED Smart TV de 75 Pulgadas AI ThinQ 4K 75UP7750PSB;https://www.liverpool.com.mx/tienda/pdp/Pantalla-LG%C2%A0LED-Smart-TV%C2%A0de-75-Pulgadas-AI-ThinQ-4K-75UP7750PSB/1107889716;CE;5;https://www.liverpool.com.mx/
412;aHR0cHM6Ly93d3cubGl2ZXJwb29sLmNvbS5teC90aWVuZGEvcGRwL1BhbnRhbGxhLUxHJUMyJUEwTEVELVNtYXJ0LVRWJUMyJUEwZGUtNzUtUHVsZ2FkYXMtQUktVGhpblEtNEstNzVVUDc3NTBQU0IvMTEwNzg4OTcxNjExNTg3OTk=;SEM;2021-10-08;2021-07-22;;1158799;;;;LIVERPOOL;MX;2021-10-08 03:26;LG;Pantalla LG LED Smart TV de 75 Pulgadas AI ThinQ 4K 75UP7750PSB;https://www.liverpool.com.mx/tienda/pdp/Pantalla-LG%C2%A0LED-Smart-TV%C2%A0de-75-Pulgadas-AI-ThinQ-4K-75UP7750PSB/1107889716;CE;5;https://www.liverpool.com.mx/
413;aHR0cHM6Ly93d3cubGl2ZXJwb29sLmNvbS5teC90aWVuZGEvcGRwL1BhbnRhbGxhLUxHJUMyJUEwTEVELVNtYXJ0LVRWJUMyJUEwZGUtNzUtUHVsZ2FkYXMtQUktVGhpblEtNEstNzVVUDc3NTBQU0IvMTEwNzg4OTcxNjEyNDM3MjQ=;SEM;2021-10-08;2021-09-02;;1243724;;;;LIVERPOOL;MX;2021-10-08 03:26;LG;Pantalla LG LED Smart TV de 75 Pulgadas AI ThinQ 4K 75UP7750PSB;https://www.liverpool.com.mx/tienda/pdp/Pantalla-LG%C2%A0LED-Smart-TV%C2%A0de-75-Pulgadas-AI-ThinQ-4K-75UP7750PSB/1107889716;CE;5;https://www.liverpool.com.mx/
414;aHR0cHM6Ly93d3cubGl2ZXJwb29sLmNvbS5teC90aWVuZGEvcGRwL1BhbnRhbGxhLUxHJUMyJUEwTEVEJUMyJUEwU21hcnQtVFYlQzIlQTBkZS01MC1QdWxnYWRhcy1BSS1UaGluUS00Sy01MFVQODA1MFBTQi8xMTA1MDA0MjUzMTA0NzY3NA==;SEM;2021-10-08;2021-06-08;;1047674;;;;LIVERPOOL;MX;2021-10-08 03:27;LG;Pantalla LG LED Smart TV de 50 Pulgadas AI ThinQ 4K 50UP8050PSB;https://www.liverpool.com.mx/tienda/pdp/Pantalla-LG%C2%A0LED%C2%A0Smart-TV%C2%A0de-50-Pulgadas-AI-ThinQ-4K-50UP8050PSB/1105004253;CE;5;https://www.liverpool.com.mx/
415;aHR0cHM6Ly93d3cubGl2ZXJwb29sLmNvbS5teC90aWVuZGEvcGRwL1BhbnRhbGxhLUxHJUMyJUEwTEVEJUMyJUEwU21hcnQtVFYlQzIlQTBkZS01MC1QdWxnYWRhcy1BSS1UaGluUS00Sy01MFVQODA1MFBTQi8xMTA1MDA0MjUzMTE3MTg5Mg==;SEM;2021-10-08;2021-07-29;;1171892;;;;LIVERPOOL;MX;2021-10-08 03:27;LG;Pantalla LG LED Smart TV de 50 Pulgadas AI ThinQ 4K 50UP8050PSB;https://www.liverpool.com.mx/tienda/pdp/Pantalla-LG%C2%A0LED%C2%A0Smart-TV%C2%A0de-50-Pulgadas-AI-ThinQ-4K-50UP8050PSB/1105004253;CE;4;https://www.liverpool.com.mx/
416;aHR0cHM6Ly93d3cubGl2ZXJwb29sLmNvbS5teC90aWVuZGEvcGRwL1BhbnRhbGxhLUxHJUMyJUEwTEVEJUMyJUEwU21hcnQtVFYlQzIlQTBkZS01MC1QdWxnYWRhcy1BSS1UaGluUS00Sy01MFVQODA1MFBTQi8xMTA1MDA0MjUzMTMwMDcyNw==;SEM;2021-10-08;2021-10-04;;1300727;;;;LIVERPOOL;MX;2021-10-08 03:27;LG;Pantalla LG LED Smart TV de 50 Pulgadas AI ThinQ 4K 50UP8050PSB;https://www.liverpool.com.mx/tienda/pdp/Pantalla-LG%C2%A0LED%C2%A0Smart-TV%C2%A0de-50-Pulgadas-AI-ThinQ-4K-50UP8050PSB/1105004253;CE;5;https://www.liverpool.com.mx/
417;aHR0cHM6Ly93d3cubGl2ZXJwb29sLmNvbS5teC90aWVuZGEvcGRwL1BhbnRhbGxhLUxHJUMyJUEwTEVEJUMyJUEwU21hcnQtVFYlQzIlQTBkZS01MC1QdWxnYWRhcy1BSS1UaGluUS00Sy01MFVQODA1MFBTQi8xMTA1MDA0MjUzMTE5ODQxMA==;SEM;2021-10-08;2021-08-10;;1198410;;;;LIVERPOOL;MX;2021-10-08 03:27;LG;Pantalla LG LED Smart TV de 50 Pulgadas AI ThinQ 4K 50UP8050PSB;https://www.liverpool.com.mx/tienda/pdp/Pantalla-LG%C2%A0LED%C2%A0Smart-TV%C2%A0de-50-Pulgadas-AI-ThinQ-4K-50UP8050PSB/1105004253;CE;5;https://www.liverpool.com.mx/
418;aHR0cHM6Ly93d3cubGl2ZXJwb29sLmNvbS5teC90aWVuZGEvcGRwL1BhbnRhbGxhLUxHJUMyJUEwTEVEJUMyJUEwU21hcnQtVFYlQzIlQTBkZS01MC1QdWxnYWRhcy1BSS1UaGluUS00Sy01MFVQODA1MFBTQi8xMTA1MDA0MjUzMTIwNDQxNw==;SEM;2021-10-08;2021-08-13;;1204417;;;;LIVERPOOL;MX;2021-10-08 03:27;LG;Pantalla LG LED Smart TV de 50 Pulgadas AI ThinQ 4K 50UP8050PSB;https://www.liverpool.com.mx/tienda/pdp/Pantalla-LG%C2%A0LED%C2%A0Smart-TV%C2%A0de-50-Pulgadas-AI-ThinQ-4K-50UP8050PSB/1105004253;CE;5;https://www.liverpool.com.mx/
419;aHR0cHM6Ly93d3cubGl2ZXJwb29sLmNvbS5teC90aWVuZGEvcGRwL1BhbnRhbGxhLUxHJUMyJUEwTEVEJUMyJUEwU21hcnQtVFYlQzIlQTBkZS01MC1QdWxnYWRhcy1BSS1UaGluUS00Sy01MFVQODA1MFBTQi8xMTA1MDA0MjUzMTE4OTA2OQ==;SEM;2021-10-08;2021-08-06;;1189069;;;;LIVERPOOL;MX;2021-10-08 03:27;LG;Pantalla LG LED Smart TV de 50 Pulgadas AI ThinQ 4K 50UP8050PSB;https://www.liverpool.com.mx/tienda/pdp/Pantalla-LG%C2%A0LED%C2%A0Smart-TV%C2%A0de-50-Pulgadas-AI-ThinQ-4K-50UP8050PSB/1105004253;CE;5;https://www.liverpool.com.mx/
420;aHR0cHM6Ly93d3cubGl2ZXJwb29sLmNvbS5teC90aWVuZGEvcGRwL1BhbnRhbGxhLUxHJUMyJUEwTEVEJUMyJUEwU21hcnQtVFYlQzIlQTBkZS01MC1QdWxnYWRhcy1BSS1UaGluUS00Sy01MFVQODA1MFBTQi8xMTA1MDA0MjUzMTI5OTkxNw==;SEM;2021-10-08;2021-10-03;;1299917;;;;LIVERPOOL;MX;2021-10-08 03:27;LG;Pantalla LG LED Smart TV de 50 Pulgadas AI ThinQ 4K 50UP8050PSB;https://www.liverpool.com.mx/tienda/pdp/Pantalla-LG%C2%A0LED%C2%A0Smart-TV%C2%A0de-50-Pulgadas-AI-ThinQ-4K-50UP8050PSB/1105004253;CE;5;https://www.liverpool.com.mx/
421;aHR0cHM6Ly93d3cubGl2ZXJwb29sLmNvbS5teC90aWVuZGEvcGRwL1BhbnRhbGxhLUxHJUMyJUEwTEVEJUMyJUEwU21hcnQtVFYlQzIlQTBkZS01MC1QdWxnYWRhcy1BSS1UaGluUS00Sy01MFVQODA1MFBTQi8xMTA1MDA0MjUzMTI0NTkxNw==;SEM;2021-10-08;2021-09-04;;1245917;;;;LIVERPOOL;MX;2021-10-08 03:28;LG;Pantalla LG LED Smart TV de 50 Pulgadas AI ThinQ 4K 50UP8050PSB;https://www.liverpool.com.mx/tienda/pdp/Pantalla-LG%C2%A0LED%C2%A0Smart-TV%C2%A0de-50-Pulgadas-AI-ThinQ-4K-50UP8050PSB/1105004253;CE;5;https://www.liverpool.com.mx/
422;aHR0cHM6Ly93d3cubGl2ZXJwb29sLmNvbS5teC90aWVuZGEvcGRwL1BhbnRhbGxhLUxHJUMyJUEwTEVEJUMyJUEwU21hcnQtVFYlQzIlQTBkZS01MC1QdWxnYWRhcy1BSS1UaGluUS00Sy01MFVQODA1MFBTQi8xMTA1MDA0MjUzMTEzNTE5Ng==;SEM;2021-10-08;2021-07-10;;1135196;;;;LIVERPOOL;MX;2021-10-08 03:28;LG;Pantalla LG LED Smart TV de 50 Pulgadas AI ThinQ 4K 50UP8050PSB;https://www.liverpool.com.mx/tienda/pdp/Pantalla-LG%C2%A0LED%C2%A0Smart-TV%C2%A0de-50-Pulgadas-AI-ThinQ-4K-50UP8050PSB/1105004253;CE;5;https://www.liverpool.com.mx/
423;aHR0cHM6Ly93d3cubGl2ZXJwb29sLmNvbS5teC90aWVuZGEvcGRwL1BhbnRhbGxhLUxHJUMyJUEwTEVEJUMyJUEwU21hcnQtVFYlQzIlQTBkZS01MC1QdWxnYWRhcy1BSS1UaGluUS00Sy01MFVQODA1MFBTQi8xMTA1MDA0MjUzMTI4NTU2MQ==;SEM;2021-10-08;2021-09-26;;1285561;;;;LIVERPOOL;MX;2021-10-08 03:28;LG;Pantalla LG LED Smart TV de 50 Pulgadas AI ThinQ 4K 50UP8050PSB;https://www.liverpool.com.mx/tienda/pdp/Pantalla-LG%C2%A0LED%C2%A0Smart-TV%C2%A0de-50-Pulgadas-AI-ThinQ-4K-50UP8050PSB/1105004253;CE;5;https://www.liverpool.com.mx/
424;aHR0cHM6Ly93d3cubGl2ZXJwb29sLmNvbS5teC90aWVuZGEvcGRwL1BhbnRhbGxhLUxHLU5hbm9DZWxsLVNtYXJ0LVRWLTU1LVB1bGdhZGFzLTRLLTU1TkFOTzgwU1BBLzExMDY2Mjc1NTYxMTQyMDM1;SEM;2021-10-08;2021-07-14;;1142035;;;;LIVERPOOL;MX;2021-10-08 03:31;LG;Pantalla LG NanoCell Smart TV 55 Pulgadas 4K 55NANO80SPA;https://www.liverpool.com.mx/tienda/pdp/Pantalla-LG-NanoCell-Smart-TV-55-Pulgadas-4K-55NANO80SPA/1106627556;CE;5;https://www.liverpool.com.mx/
425;aHR0cHM6Ly93d3cubGl2ZXJwb29sLmNvbS5teC90aWVuZGEvcGRwL1BhbnRhbGxhLUxHLU5hbm9DZWxsLVNtYXJ0LVRWLTU1LVB1bGdhZGFzLTRLLTU1TkFOTzgwU1BBLzExMDY2Mjc1NTYxMjE3Mzc1;SEM;2021-10-08;2021-08-19;;1217375;;;;LIVERPOOL;MX;2021-10-08 03:31;LG;Pantalla LG NanoCell Smart TV 55 Pulgadas 4K 55NANO80SPA;https://www.liverpool.com.mx/tienda/pdp/Pantalla-LG-NanoCell-Smart-TV-55-Pulgadas-4K-55NANO80SPA/1106627556;CE;5;https://www.liverpool.com.mx/
426;aHR0cHM6Ly93d3cubGl2ZXJwb29sLmNvbS5teC90aWVuZGEvcGRwL1BhbnRhbGxhLUxHLU5hbm9DZWxsLVNtYXJ0LVRWLTU1LVB1bGdhZGFzLTRLLTU1TkFOTzgwU1BBLzExMDY2Mjc1NTYxMjgwODU3;SEM;2021-10-08;2021-09-23;;1280857;;;;LIVERPOOL;MX;2021-10-08 03:31;LG;Pantalla LG NanoCell Smart TV 55 Pulgadas 4K 55NANO80SPA;https://www.liverpool.com.mx/tienda/pdp/Pantalla-LG-NanoCell-Smart-TV-55-Pulgadas-4K-55NANO80SPA/1106627556;CE;5;https://www.liverpool.com.mx/
427;aHR0cHM6Ly93d3cubGl2ZXJwb29sLmNvbS5teC90aWVuZGEvcGRwL1BhbnRhbGxhLUxHLU5hbm9DZWxsLVNtYXJ0LVRWLTU1LVB1bGdhZGFzLTRLLTU1TkFOTzgwU1BBLzExMDY2Mjc1NTYxMzAyODkx;SEM;2021-10-08;2021-10-04;;1302891;;;;LIVERPOOL;MX;2021-10-08 03:31;LG;Pantalla LG NanoCell Smart TV 55 Pulgadas 4K 55NANO80SPA;https://www.liverpool.com.mx/tienda/pdp/Pantalla-LG-NanoCell-Smart-TV-55-Pulgadas-4K-55NANO80SPA/1106627556;CE;5;https://www.liverpool.com.mx/
428;aHR0cHM6Ly93d3cubGl2ZXJwb29sLmNvbS5teC90aWVuZGEvcGRwL1BhbnRhbGxhLUxHLU5hbm9DZWxsLVNtYXJ0LVRWLTU1LVB1bGdhZGFzLTRLLTU1TkFOTzgwU1BBLzExMDY2Mjc1NTYxMjcxNTk5;SEM;2021-10-08;2021-09-18;;1271599;;;;LIVERPOOL;MX;2021-10-08 03:31;LG;Pantalla LG NanoCell Smart TV 55 Pulgadas 4K 55NANO80SPA;https://www.liverpool.com.mx/tienda/pdp/Pantalla-LG-NanoCell-Smart-TV-55-Pulgadas-4K-55NANO80SPA/1106627556;CE;4;https://www.liverpool.com.mx/
429;aHR0cHM6Ly93d3cubGl2ZXJwb29sLmNvbS5teC90aWVuZGEvcGRwL1BhbnRhbGxhLUxHLU5hbm9DZWxsLVNtYXJ0LVRWLTU1LVB1bGdhZGFzLTRLLTU1TkFOTzgwU1BBLzExMDY2Mjc1NTYxMTQ0NzIx;SEM;2021-10-08;2021-07-15;;1144721;;;;LIVERPOOL;MX;2021-10-08 03:31;LG;Pantalla LG NanoCell Smart TV 55 Pulgadas 4K 55NANO80SPA;https://www.liverpool.com.mx/tienda/pdp/Pantalla-LG-NanoCell-Smart-TV-55-Pulgadas-4K-55NANO80SPA/1106627556;CE;5;https://www.liverpool.com.mx/
430;aHR0cHM6Ly93d3cubGl2ZXJwb29sLmNvbS5teC90aWVuZGEvcGRwL1BhbnRhbGxhLUxHJUMyJUEwVUhEJUMyJUEwU21hcnQtVFYlQzIlQTBkZS02NS1wdWxnYWRhcy1BSS1UaGluUS00Sy02NVVQNzUwMFBTRi8xMTA2NzY1OTc1MTI1OTk5Mw==;SEM;2021-10-08;2021-09-11;;1259993;;;;LIVERPOOL;MX;2021-10-08 03:32;LG;Pantalla LG UHD Smart TV de 65 pulgadas AI ThinQ 4K 65UP7500PSF;https://www.liverpool.com.mx/tienda/pdp/Pantalla-LG%C2%A0UHD%C2%A0Smart-TV%C2%A0de-65-pulgadas-AI-ThinQ-4K-65UP7500PSF/1106765975;CE;4;https://www.liverpool.com.mx/
431;aHR0cHM6Ly93d3cubGl2ZXJwb29sLmNvbS5teC90aWVuZGEvcGRwL1BhbnRhbGxhLUxHJUMyJUEwVUhEJUMyJUEwU21hcnQtVFYlQzIlQTBkZS02NS1wdWxnYWRhcy1BSS1UaGluUS00Sy02NVVQNzUwMFBTRi8xMTA2NzY1OTc1MTE0MjAzMQ==;SEM;2021-10-08;2021-07-14;;1142031;;;;LIVERPOOL;MX;2021-10-08 03:32;LG;Pantalla LG UHD Smart TV de 65 pulgadas AI ThinQ 4K 65UP7500PSF;https://www.liverpool.com.mx/tienda/pdp/Pantalla-LG%C2%A0UHD%C2%A0Smart-TV%C2%A0de-65-pulgadas-AI-ThinQ-4K-65UP7500PSF/1106765975;CE;5;https://www.liverpool.com.mx/
432;aHR0cHM6Ly93d3cubGl2ZXJwb29sLmNvbS5teC90aWVuZGEvcGRwL1BhbnRhbGxhLUxHJUMyJUEwVUhEJUMyJUEwU21hcnQtVFYlQzIlQTBkZS02NS1wdWxnYWRhcy1BSS1UaGluUS00Sy02NVVQNzUwMFBTRi8xMTA2NzY1OTc1MTE0MjAzMw==;SEM;2021-10-08;2021-07-14;;1142033;;;;LIVERPOOL;MX;2021-10-08 03:32;LG;Pantalla LG UHD Smart TV de 65 pulgadas AI ThinQ 4K 65UP7500PSF;https://www.liverpool.com.mx/tienda/pdp/Pantalla-LG%C2%A0UHD%C2%A0Smart-TV%C2%A0de-65-pulgadas-AI-ThinQ-4K-65UP7500PSF/1106765975;CE;5;https://www.liverpool.com.mx/
433;aHR0cHM6Ly93d3cubGl2ZXJwb29sLmNvbS5teC90aWVuZGEvcGRwL1BhbnRhbGxhLUxHJUMyJUEwVUhEJUMyJUEwU21hcnQtVFYlQzIlQTBkZS02NS1wdWxnYWRhcy1BSS1UaGluUS00Sy02NVVQNzUwMFBTRi8xMTA2NzY1OTc1MTI2OTE2Ng==;SEM;2021-10-08;2021-09-17;;1269166;;;;LIVERPOOL;MX;2021-10-08 03:32;LG;Pantalla LG UHD Smart TV de 65 pulgadas AI ThinQ 4K 65UP7500PSF;https://www.liverpool.com.mx/tienda/pdp/Pantalla-LG%C2%A0UHD%C2%A0Smart-TV%C2%A0de-65-pulgadas-AI-ThinQ-4K-65UP7500PSF/1106765975;CE;5;https://www.liverpool.com.mx/
434;aHR0cHM6Ly93d3cubGl2ZXJwb29sLmNvbS5teC90aWVuZGEvcGRwL1BhbnRhbGxhLUxHJUMyJUEwVUhEJUMyJUEwU21hcnQtVFYlQzIlQTBkZS02NS1wdWxnYWRhcy1BSS1UaGluUS00Sy02NVVQNzUwMFBTRi8xMTA2NzY1OTc1MTIwNDE4OQ==;SEM;2021-10-08;2021-08-12;;1204189;;;;LIVERPOOL;MX;2021-10-08 03:32;LG;Pantalla LG UHD Smart TV de 65 pulgadas AI ThinQ 4K 65UP7500PSF;https://www.liverpool.com.mx/tienda/pdp/Pantalla-LG%C2%A0UHD%C2%A0Smart-TV%C2%A0de-65-pulgadas-AI-ThinQ-4K-65UP7500PSF/1106765975;CE;5;https://www.liverpool.com.mx/
435;aHR0cHM6Ly93d3cubGl2ZXJwb29sLmNvbS5teC90aWVuZGEvcGRwL1BhbnRhbGxhLUxHJUMyJUEwVUhEJUMyJUEwU21hcnQtVFYlQzIlQTBkZS02NS1wdWxnYWRhcy1BSS1UaGluUS00Sy02NVVQNzUwMFBTRi8xMTA2NzY1OTc1MTE0MjAzNg==;SEM;2021-10-08;2021-07-14;;1142036;;;;LIVERPOOL;MX;2021-10-08 03:32;LG;Pantalla LG UHD Smart TV de 65 pulgadas AI ThinQ 4K 65UP7500PSF;https://www.liverpool.com.mx/tienda/pdp/Pantalla-LG%C2%A0UHD%C2%A0Smart-TV%C2%A0de-65-pulgadas-AI-ThinQ-4K-65UP7500PSF/1106765975;CE;5;https://www.liverpool.com.mx/
436;aHR0cHM6Ly93d3cubGl2ZXJwb29sLmNvbS5teC90aWVuZGEvcGRwL1BhbnRhbGxhLUxHJUMyJUEwVUhELVNtYXJ0LVRWJUMyJUEwZGUtNTUtcHVsZ2FkYXMtQUktVGhpblEtNEstNTVVUDgwNTBQU0IvMTEwNjYyNzU5OTEwODI0ODc=;SEM;2021-10-08;2021-06-19;;1082487;;;;LIVERPOOL;MX;2021-10-08 03:34;LG;Pantalla LG UHD Smart TV de 55 pulgadas AI ThinQ 4K 55UP8050PSB;https://www.liverpool.com.mx/tienda/pdp/Pantalla-LG%C2%A0UHD-Smart-TV%C2%A0de-55-pulgadas-AI-ThinQ-4K-55UP8050PSB/1106627599;CE;5;https://www.liverpool.com.mx/
437;aHR0cHM6Ly93d3cubGl2ZXJwb29sLmNvbS5teC90aWVuZGEvcGRwL1BhbnRhbGxhLUxHJUMyJUEwVUhELVNtYXJ0LVRWJUMyJUEwZGUtNTUtcHVsZ2FkYXMtQUktVGhpblEtNEstNTVVUDgwNTBQU0IvMTEwNjYyNzU5OTEyOTI2Njk=;SEM;2021-10-08;2021-09-30;;1292669;;;;LIVERPOOL;MX;2021-10-08 03:34;LG;Pantalla LG UHD Smart TV de 55 pulgadas AI ThinQ 4K 55UP8050PSB;https://www.liverpool.com.mx/tienda/pdp/Pantalla-LG%C2%A0UHD-Smart-TV%C2%A0de-55-pulgadas-AI-ThinQ-4K-55UP8050PSB/1106627599;CE;5;https://www.liverpool.com.mx/
438;aHR0cHM6Ly93d3cubGl2ZXJwb29sLmNvbS5teC90aWVuZGEvcGRwL1BhbnRhbGxhLUxHJUMyJUEwVUhELVNtYXJ0LVRWJUMyJUEwZGUtNTUtcHVsZ2FkYXMtQUktVGhpblEtNEstNTVVUDgwNTBQU0IvMTEwNjYyNzU5OTEyMjEyODA=;SEM;2021-10-08;2021-08-21;;1221280;;;;LIVERPOOL;MX;2021-10-08 03:34;LG;Pantalla LG UHD Smart TV de 55 pulgadas AI ThinQ 4K 55UP8050PSB;https://www.liverpool.com.mx/tienda/pdp/Pantalla-LG%C2%A0UHD-Smart-TV%C2%A0de-55-pulgadas-AI-ThinQ-4K-55UP8050PSB/1106627599;CE;5;https://www.liverpool.com.mx/
439;aHR0cHM6Ly93d3cubGl2ZXJwb29sLmNvbS5teC90aWVuZGEvcGRwL1BhbnRhbGxhLUxHJUMyJUEwTmFub0NlbGwtU21hcnQtVFYlQzIlQTBkZS03NS1wdWxnYWRhcy1BSS1UaGluUS00Sy03NU5BTk84MFNQQS8xMTA1MDAzOTE1MTE0MjAzOQ==;SEM;2021-10-08;2021-07-14;;1142039;;;;LIVERPOOL;MX;2021-10-08 03:34;LG;Pantalla LG NanoCell Smart TV de 75 pulgadas AI ThinQ 4K 75NANO80SPA;https://www.liverpool.com.mx/tienda/pdp/Pantalla-LG%C2%A0NanoCell-Smart-TV%C2%A0de-75-pulgadas-AI-ThinQ-4K-75NANO80SPA/1105003915;CE;5;https://www.liverpool.com.mx/
440;aHR0cHM6Ly93d3cubGl2ZXJwb29sLmNvbS5teC90aWVuZGEvcGRwL1BhbnRhbGxhLUxHJUMyJUEwTmFub0NlbGwtU21hcnQtVFYlQzIlQTBkZS03NS1wdWxnYWRhcy1BSS1UaGluUS00Sy03NU5BTk84MFNQQS8xMTA1MDAzOTE1MTI5MDA3Ng==;SEM;2021-10-08;2021-09-28;;1290076;;;;LIVERPOOL;MX;2021-10-08 03:34;LG;Pantalla LG NanoCell Smart TV de 75 pulgadas AI ThinQ 4K 75NANO80SPA;https://www.liverpool.com.mx/tienda/pdp/Pantalla-LG%C2%A0NanoCell-Smart-TV%C2%A0de-75-pulgadas-AI-ThinQ-4K-75NANO80SPA/1105003915;CE;4;https://www.liverpool.com.mx/
441;aHR0cHM6Ly93d3cubGl2ZXJwb29sLmNvbS5teC90aWVuZGEvcGRwL1BhbnRhbGxhLUxHJUMyJUEwTmFub0NlbGwtU21hcnQtVFYlQzIlQTBkZS03NS1wdWxnYWRhcy1BSS1UaGluUS00Sy03NU5BTk84MFNQQS8xMTA1MDAzOTE1MTE0MjAzOA==;SEM;2021-10-08;2021-07-14;;1142038;;;;LIVERPOOL;MX;2021-10-08 03:34;LG;Pantalla LG NanoCell Smart TV de 75 pulgadas AI ThinQ 4K 75NANO80SPA;https://www.liverpool.com.mx/tienda/pdp/Pantalla-LG%C2%A0NanoCell-Smart-TV%C2%A0de-75-pulgadas-AI-ThinQ-4K-75NANO80SPA/1105003915;CE;5;https://www.liverpool.com.mx/
442;aHR0cHM6Ly93d3cubGl2ZXJwb29sLmNvbS5teC90aWVuZGEvcGRwL1BhbnRhbGxhLUxHJUMyJUEwTmFub0NlbGwtU21hcnQtVFYlQzIlQTBkZS01NS1wdWxnYWRhcy1BSS1UaGluUS00Sy01NU5BTk84NVNQQS8xMTA1MDA0MjM3MTA0MTY4NA==;SEM;2021-10-08;2021-06-07;;1041684;;;;LIVERPOOL;MX;2021-10-08 03:35;LG;Pantalla LG NanoCell Smart TV de 55 pulgadas AI ThinQ 4K 55NANO85SPA;https://www.liverpool.com.mx/tienda/pdp/Pantalla-LG%C2%A0NanoCell-Smart-TV%C2%A0de-55-pulgadas-AI-ThinQ-4K-55NANO85SPA/1105004237;CE;5;https://www.liverpool.com.mx/
443;aHR0cHM6Ly93d3cubGl2ZXJwb29sLmNvbS5teC90aWVuZGEvcGRwL1BhbnRhbGxhLUxHJUMyJUEwTmFub0NlbGwtU21hcnQtVFYlQzIlQTBkZS01NS1wdWxnYWRhcy1BSS1UaGluUS00Sy01NU5BTk84NVNQQS8xMTA1MDA0MjM3MTE5MDY5NQ==;SEM;2021-10-08;2021-08-07;;1190695;;;;LIVERPOOL;MX;2021-10-08 03:35;LG;Pantalla LG NanoCell Smart TV de 55 pulgadas AI ThinQ 4K 55NANO85SPA;https://www.liverpool.com.mx/tienda/pdp/Pantalla-LG%C2%A0NanoCell-Smart-TV%C2%A0de-55-pulgadas-AI-ThinQ-4K-55NANO85SPA/1105004237;CE;5;https://www.liverpool.com.mx/
444;aHR0cHM6Ly93d3cubGl2ZXJwb29sLmNvbS5teC90aWVuZGEvcGRwL1BhbnRhbGxhLUxHJUMyJUEwTmFub0NlbGwtU21hcnQtVFYlQzIlQTBkZS01NS1wdWxnYWRhcy1BSS1UaGluUS00Sy01NU5BTk84NVNQQS8xMTA1MDA0MjM3MTA0MTk0OQ==;SEM;2021-10-08;2021-06-07;;1041949;;;;LIVERPOOL;MX;2021-10-08 03:35;LG;Pantalla LG NanoCell Smart TV de 55 pulgadas AI ThinQ 4K 55NANO85SPA;https://www.liverpool.com.mx/tienda/pdp/Pantalla-LG%C2%A0NanoCell-Smart-TV%C2%A0de-55-pulgadas-AI-ThinQ-4K-55NANO85SPA/1105004237;CE;5;https://www.liverpool.com.mx/
445;aHR0cHM6Ly93d3cubGl2ZXJwb29sLmNvbS5teC90aWVuZGEvcGRwL1BhbnRhbGxhLUxHLUxFRC1TbWFydC1UVi1kZS02NS1wdWxnYWRhcy1Nb2RlbG8tNjVOQU5POTVVTkEvMTA5OTU5NTQ2NTY1NjY1Mw==;SEM;2021-10-08;2020-11-24;;656653;;;;LIVERPOOL;MX;2021-10-08 03:38;LG;Pantalla LG LED Smart TV de 65 pulgadas Modelo 65NANO95UNA;https://www.liverpool.com.mx/tienda/pdp/Pantalla-LG-LED-Smart-TV-de-65-pulgadas-Modelo-65NANO95UNA/1099595465;CE;5;https://www.liverpool.com.mx/
446;aHR0cHM6Ly93d3cubGl2ZXJwb29sLmNvbS5teC90aWVuZGEvcGRwL1BhbnRhbGxhLUxHLVFORUQtU21hcnQtVFYtZGUtNjUtcHVsZ2FkYXMtNGstLy1Eb2xieS1BdG1vcy02NVFORUQ5MFNQQS8xMTA4MDQzNTUxMTIyOTA2OQ==;SEM;2021-10-08;2021-08-25;;1229069;;;;LIVERPOOL;MX;2021-10-08 03:47;LG;Pantalla LG QNED Smart TV de 65 pulgadas 4k / Dolby Atmos 65QNED90SPA;https://www.liverpool.com.mx/tienda/pdp/Pantalla-LG-QNED-Smart-TV-de-65-pulgadas-4k-/-Dolby-Atmos-65QNED90SPA/1108043551;CE;5;https://www.liverpool.com.mx/
447;aHR0cHM6Ly93d3cubGl2ZXJwb29sLmNvbS5teC90aWVuZGEvcGRwL1BhbnRhbGxhLUxHJUMyJUEwVUhEJUMyJUEwU21hcnQtVFYlQzIlQTBkZS02NS1QdWxnYWRhcy1BSS1UaGluUS00Sy02NVVQODA1MFBTQi8xMTA1MDA0MjQ1MTE4NDI5Nw==;SEM;2021-10-08;2021-08-03;;1184297;;;;LIVERPOOL;MX;2021-10-08 03:53;LG;Pantalla LG UHD Smart TV de 65 Pulgadas AI ThinQ 4K 65UP8050PSB;https://www.liverpool.com.mx/tienda/pdp/Pantalla-LG%C2%A0UHD%C2%A0Smart-TV%C2%A0de-65-Pulgadas-AI-ThinQ-4K-65UP8050PSB/1105004245;CE;5;https://www.liverpool.com.mx/
448;aHR0cHM6Ly93d3cubGl2ZXJwb29sLmNvbS5teC90aWVuZGEvcGRwL1BhbnRhbGxhLUxHJUMyJUEwVUhEJUMyJUEwU21hcnQtVFYlQzIlQTBkZS02NS1QdWxnYWRhcy1BSS1UaGluUS00Sy02NVVQODA1MFBTQi8xMTA1MDA0MjQ1MTIyNTAzMg==;SEM;2021-10-08;2021-08-23;;1225032;;;;LIVERPOOL;MX;2021-10-08 03:53;LG;Pantalla LG UHD Smart TV de 65 Pulgadas AI ThinQ 4K 65UP8050PSB;https://www.liverpool.com.mx/tienda/pdp/Pantalla-LG%C2%A0UHD%C2%A0Smart-TV%C2%A0de-65-Pulgadas-AI-ThinQ-4K-65UP8050PSB/1105004245;CE;5;https://www.liverpool.com.mx/
449;aHR0cHM6Ly93d3cubGl2ZXJwb29sLmNvbS5teC90aWVuZGEvcGRwL1BhbnRhbGxhLUxHJUMyJUEwVUhEJUMyJUEwU21hcnQtVFYlQzIlQTBkZS02NS1QdWxnYWRhcy1BSS1UaGluUS00Sy02NVVQODA1MFBTQi8xMTA1MDA0MjQ1MTEyMzU1NA==;SEM;2021-10-08;2021-07-05;;1123554;;;;LIVERPOOL;MX;2021-10-08 03:53;LG;Pantalla LG UHD Smart TV de 65 Pulgadas AI ThinQ 4K 65UP8050PSB;https://www.liverpool.com.mx/tienda/pdp/Pantalla-LG%C2%A0UHD%C2%A0Smart-TV%C2%A0de-65-Pulgadas-AI-ThinQ-4K-65UP8050PSB/1105004245;CE;5;https://www.liverpool.com.mx/
450;aHR0cHM6Ly93d3cubGl2ZXJwb29sLmNvbS5teC90aWVuZGEvcGRwL1BhbnRhbGxhLUxHJUMyJUEwVUhEJUMyJUEwU21hcnQtVFYlQzIlQTBkZS02NS1QdWxnYWRhcy1BSS1UaGluUS00Sy02NVVQODA1MFBTQi8xMTA1MDA0MjQ1OTUzMDQ4;SEM;2021-10-08;2021-05-08;;953048;;;;LIVERPOOL;MX;2021-10-08 03:53;LG;Pantalla LG UHD Smart TV de 65 Pulgadas AI ThinQ 4K 65UP8050PSB;https://www.liverpool.com.mx/tienda/pdp/Pantalla-LG%C2%A0UHD%C2%A0Smart-TV%C2%A0de-65-Pulgadas-AI-ThinQ-4K-65UP8050PSB/1105004245;CE;5;https://www.liverpool.com.mx/
451;aHR0cHM6Ly93d3cubGl2ZXJwb29sLmNvbS5teC90aWVuZGEvcGRwL1BhbnRhbGxhLUxHLU5hbm9DZWxsLVNtYXJ0LVRWLWRlLTY1LVB1bGdhZGFzLTRLLTY1TkFOTzgwU1BBLzExMDY2Mjc1NDgxMTQyMDQx;SEM;2021-10-08;2021-07-14;;1142041;;;;LIVERPOOL;MX;2021-10-08 03:56;LG;Pantalla LG NanoCell Smart TV de 65 Pulgadas 4K 65NANO80SPA;https://www.liverpool.com.mx/tienda/pdp/Pantalla-LG-NanoCell-Smart-TV-de-65-Pulgadas-4K-65NANO80SPA/1106627548;CE;5;https://www.liverpool.com.mx/
452;aHR0cHM6Ly93d3cubGl2ZXJwb29sLmNvbS5teC90aWVuZGEvcGRwL1BhbnRhbGxhLUxHLU9MRUQtU21hcnQtVFYtZGUtNjUtcHVsZ2FkYXMtNEsvRG9sYnktQXRtb3MtTW9kZWxvLU9MRUQ2NUcxUFNBLzExMDUwMDM4Nzc5NTIwODk=;SEM;2021-10-08;2021-05-08;;952089;;;;LIVERPOOL;MX;2021-10-08 03:58;LG;Pantalla LG OLED Smart TV de 65 pulgadas 4K/Dolby Atmos Modelo OLED65G1PSA;https://www.liverpool.com.mx/tienda/pdp/Pantalla-LG-OLED-Smart-TV-de-65-pulgadas-4K/Dolby-Atmos-Modelo-OLED65G1PSA/1105003877;CE;5;https://www.liverpool.com.mx/
453;aHR0cHM6Ly93d3cubGl2ZXJwb29sLmNvbS5teC90aWVuZGEvcGRwL1BhbnRhbGxhLUxHLU9MRUQtU21hcnQtVFYtZGUtNjUtcHVsZ2FkYXMtNEsvRG9sYnktQXRtb3MtTW9kZWxvLU9MRUQ2NUcxUFNBLzExMDUwMDM4NzcxMDA1MjE1;SEM;2021-10-08;2021-05-26;;1005215;;;;LIVERPOOL;MX;2021-10-08 03:58;LG;Pantalla LG OLED Smart TV de 65 pulgadas 4K/Dolby Atmos Modelo OLED65G1PSA;https://www.liverpool.com.mx/tienda/pdp/Pantalla-LG-OLED-Smart-TV-de-65-pulgadas-4K/Dolby-Atmos-Modelo-OLED65G1PSA/1105003877;CE;5;https://www.liverpool.com.mx/
454;aHR0cHM6Ly93d3cubGl2ZXJwb29sLmNvbS5teC90aWVuZGEvcGRwL1BhbnRhbGxhLUxHLU9MRUQtU21hcnQtVFYtZGUtNjUtcHVsZ2FkYXMtNEsvRG9sYnktQXRtb3MtTW9kZWxvLU9MRUQ2NUcxUFNBLzExMDUwMDM4NzcxMDQyMzU0;SEM;2021-10-08;2021-06-07;;1042354;;;;LIVERPOOL;MX;2021-10-08 03:58;LG;Pantalla LG OLED Smart TV de 65 pulgadas 4K/Dolby Atmos Modelo OLED65G1PSA;https://www.liverpool.com.mx/tienda/pdp/Pantalla-LG-OLED-Smart-TV-de-65-pulgadas-4K/Dolby-Atmos-Modelo-OLED65G1PSA/1105003877;CE;5;https://www.liverpool.com.mx/
455;aHR0cHM6Ly93d3cubGl2ZXJwb29sLmNvbS5teC90aWVuZGEvcGRwL1BhbnRhbGxhLUxHJUMyJUEwTmFub0NlbGwlQzIlQTBTbWFydC1UViVDMiVBMGRlLTY1LXB1bGdhZGFzLUFJLVRoaW5RLTRLLTY1TkFOTzg1U1BBLzExMDUwMDQyMjkxMDkxMDg0;SEM;2021-10-08;2021-06-22;;1091084;;;;LIVERPOOL;MX;2021-10-08 03:59;LG;Pantalla LG NanoCell Smart TV de 65 pulgadas AI ThinQ 4K 65NANO85SPA;https://www.liverpool.com.mx/tienda/pdp/Pantalla-LG%C2%A0NanoCell%C2%A0Smart-TV%C2%A0de-65-pulgadas-AI-ThinQ-4K-65NANO85SPA/1105004229;CE;5;https://www.liverpool.com.mx/
456;aHR0cHM6Ly93d3cubGl2ZXJwb29sLmNvbS5teC90aWVuZGEvcGRwL1BhbnRhbGxhLUxHJUMyJUEwTmFub0NlbGwlQzIlQTBTbWFydC1UViVDMiVBMGRlLTY1LXB1bGdhZGFzLUFJLVRoaW5RLTRLLTY1TkFOTzg1U1BBLzExMDUwMDQyMjkxMjczNDYy;SEM;2021-10-08;2021-09-19;;1273462;;;;LIVERPOOL;MX;2021-10-08 03:59;LG;Pantalla LG NanoCell Smart TV de 65 pulgadas AI ThinQ 4K 65NANO85SPA;https://www.liverpool.com.mx/tienda/pdp/Pantalla-LG%C2%A0NanoCell%C2%A0Smart-TV%C2%A0de-65-pulgadas-AI-ThinQ-4K-65NANO85SPA/1105004229;CE;5;https://www.liverpool.com.mx/
457;aHR0cHM6Ly93d3cubGl2ZXJwb29sLmNvbS5teC90aWVuZGEvcGRwL1JlcG9ydGVyYS1Tb255LUlDRC1VWDU3MEYvMTA5NzUxOTU3NTgwODMxOA==;SEM;2021-10-08;2021-02-24;;808318;;;;LIVERPOOL;MX;2021-10-08 02:05;SONY;Reportera Sony ICD-UX570F;https://www.liverpool.com.mx/tienda/pdp/Reportera-Sony-ICD-UX570F/1097519575;CE;5;https://www.liverpool.com.mx/
458;aHR0cHM6Ly93d3cubGl2ZXJwb29sLmNvbS5teC90aWVuZGEvcGRwL1JlcG9ydGVyYS1Tb255LUlDRC1VWDU3MEYvMTA5NzUxOTU3NTY2ODA1MA==;SEM;2021-10-08;2020-12-12;;668050;;;;LIVERPOOL;MX;2021-10-08 02:05;SONY;Reportera Sony ICD-UX570F;https://www.liverpool.com.mx/tienda/pdp/Reportera-Sony-ICD-UX570F/1097519575;CE;5;https://www.liverpool.com.mx/
459;aHR0cHM6Ly93d3cubGl2ZXJwb29sLmNvbS5teC90aWVuZGEvcGRwL1JlcG9ydGVyYS1Tb255LUlDRC1VWDU3MEYvMTA5NzUxOTU3NTk0MjQzMg==;SEM;2021-10-08;2021-05-05;;942432;;;;LIVERPOOL;MX;2021-10-08 02:05;SONY;Reportera Sony ICD-UX570F;https://www.liverpool.com.mx/tienda/pdp/Reportera-Sony-ICD-UX570F/1097519575;CE;5;https://www.liverpool.com.mx/
460;aHR0cHM6Ly93d3cubGl2ZXJwb29sLmNvbS5teC90aWVuZGEvcGRwL1JlcG9ydGVyYS1Tb255LUlDRC1VWDU3MEYvMTA5NzUxOTU3NTEyMDU2MTg=;SEM;2021-10-08;2021-08-13;;1205618;;;;LIVERPOOL;MX;2021-10-08 02:05;SONY;Reportera Sony ICD-UX570F;https://www.liverpool.com.mx/tienda/pdp/Reportera-Sony-ICD-UX570F/1097519575;CE;5;https://www.liverpool.com.mx/
461;aHR0cHM6Ly93d3cubGl2ZXJwb29sLmNvbS5teC90aWVuZGEvcGRwL1JlcG9ydGVyYS1Tb255LUlDRC1VWDU3MEYvMTA5NzUxOTU3NTkxNTY5MQ==;SEM;2021-10-08;2021-04-22;;915691;;;;LIVERPOOL;MX;2021-10-08 02:05;SONY;Reportera Sony ICD-UX570F;https://www.liverpool.com.mx/tienda/pdp/Reportera-Sony-ICD-UX570F/1097519575;CE;5;https://www.liverpool.com.mx/
462;aHR0cHM6Ly93d3cubGl2ZXJwb29sLmNvbS5teC90aWVuZGEvcGRwL1JlcG9ydGVyYS1Tb255LUlDRC1VWDU3MEYvMTA5NzUxOTU3NTY3ODkwNA==;SEM;2021-10-08;2020-12-23;;678904;;;;LIVERPOOL;MX;2021-10-08 02:05;SONY;Reportera Sony ICD-UX570F;https://www.liverpool.com.mx/tienda/pdp/Reportera-Sony-ICD-UX570F/1097519575;CE;5;https://www.liverpool.com.mx/
463;aHR0cHM6Ly93d3cubGl2ZXJwb29sLmNvbS5teC90aWVuZGEvcGRwL1JlcG9ydGVyYS1Tb255LUlDRC1VWDU3MEYvMTA5NzUxOTU3NTEwOTA4MTU=;SEM;2021-10-08;2021-06-22;;1090815;;;;LIVERPOOL;MX;2021-10-08 02:05;SONY;Reportera Sony ICD-UX570F;https://www.liverpool.com.mx/tienda/pdp/Reportera-Sony-ICD-UX570F/1097519575;CE;5;https://www.liverpool.com.mx/
464;aHR0cHM6Ly93d3cubGl2ZXJwb29sLmNvbS5teC90aWVuZGEvcGRwL0ZyaWdvYmFyLUhpc2Vuc2UtNC4yLXBpZXMtYyVDMyVCQWJpY29zLzEwOTc5MjA5Mzg5OTYxOTk=;SEM;2021-10-08;2021-05-23;;996199;;;;LIVERPOOL;MX;2021-10-08 02:08;HISENSE;Frigobar Hisense 4.2 pies cúbicos;https://www.liverpool.com.mx/tienda/pdp/Frigobar-Hisense-4.2-pies-c%C3%BAbicos/1097920938;CE;5;https://www.liverpool.com.mx/
465;aHR0cHM6Ly93d3cubGl2ZXJwb29sLmNvbS5teC90aWVuZGEvcGRwL0ZyaWdvYmFyLUhpc2Vuc2UtNC4yLXBpZXMtYyVDMyVCQWJpY29zLzEwOTc5MjA5Mzg5NDM5ODA=;SEM;2021-10-08;2021-05-06;;943980;;;;LIVERPOOL;MX;2021-10-08 02:08;HISENSE;Frigobar Hisense 4.2 pies cúbicos;https://www.liverpool.com.mx/tienda/pdp/Frigobar-Hisense-4.2-pies-c%C3%BAbicos/1097920938;CE;5;https://www.liverpool.com.mx/
466;aHR0cHM6Ly93d3cubGl2ZXJwb29sLmNvbS5teC90aWVuZGEvcGRwL0ZyaWdvYmFyLUhpc2Vuc2UtNC4yLXBpZXMtYyVDMyVCQWJpY29zLzEwOTc5MjA5MzgxMjczNDcz;SEM;2021-10-08;2021-09-19;;1273473;;;;LIVERPOOL;MX;2021-10-08 02:08;HISENSE;Frigobar Hisense 4.2 pies cúbicos;https://www.liverpool.com.mx/tienda/pdp/Frigobar-Hisense-4.2-pies-c%C3%BAbicos/1097920938;CE;5;https://www.liverpool.com.mx/
467;aHR0cHM6Ly93d3cubGl2ZXJwb29sLmNvbS5teC90aWVuZGEvcGRwL0ZyaWdvYmFyLUhpc2Vuc2UtNC4yLXBpZXMtYyVDMyVCQWJpY29zLzEwOTc5MjA5MzgxMDc1OTE1;SEM;2021-10-08;2021-06-17;;1075915;;;;LIVERPOOL;MX;2021-10-08 02:08;HISENSE;Frigobar Hisense 4.2 pies cúbicos;https://www.liverpool.com.mx/tienda/pdp/Frigobar-Hisense-4.2-pies-c%C3%BAbicos/1097920938;CE;5;https://www.liverpool.com.mx/
468;aHR0cHM6Ly93d3cubGl2ZXJwb29sLmNvbS5teC90aWVuZGEvcGRwL0ZyaWdvYmFyLUhpc2Vuc2UtNC4yLXBpZXMtYyVDMyVCQWJpY29zLzEwOTc5MjA5MzgxMjUwMDQ4;SEM;2021-10-08;2021-09-06;;1250048;;;;LIVERPOOL;MX;2021-10-08 02:08;HISENSE;Frigobar Hisense 4.2 pies cúbicos;https://www.liverpool.com.mx/tienda/pdp/Frigobar-Hisense-4.2-pies-c%C3%BAbicos/1097920938;CE;5;https://www.liverpool.com.mx/
469;aHR0cHM6Ly93d3cubGl2ZXJwb29sLmNvbS5teC90aWVuZGEvcGRwL0ZyaWdvYmFyLUhpc2Vuc2UtNC4yLXBpZXMtYyVDMyVCQWJpY29zLzEwOTc5MjA5Mzg5Mjg4MDY=;SEM;2021-10-08;2021-04-30;;928806;;;;LIVERPOOL;MX;2021-10-08 02:08;HISENSE;Frigobar Hisense 4.2 pies cúbicos;https://www.liverpool.com.mx/tienda/pdp/Frigobar-Hisense-4.2-pies-c%C3%BAbicos/1097920938;CE;5;https://www.liverpool.com.mx/
470;aHR0cHM6Ly93d3cubGl2ZXJwb29sLmNvbS5teC90aWVuZGEvcGRwL0ZyaWdvYmFyLUhpc2Vuc2UtNC4yLXBpZXMtYyVDMyVCQWJpY29zLzEwOTc5MjA5Mzg5MzA4Njc=;SEM;2021-10-08;2021-05-01;;930867;;;;LIVERPOOL;MX;2021-10-08 02:08;HISENSE;Frigobar Hisense 4.2 pies cúbicos;https://www.liverpool.com.mx/tienda/pdp/Frigobar-Hisense-4.2-pies-c%C3%BAbicos/1097920938;CE;5;https://www.liverpool.com.mx/
471;aHR0cHM6Ly93d3cubGl2ZXJwb29sLmNvbS5teC90aWVuZGEvcGRwL0ZyaWdvYmFyLUhpc2Vuc2UtNC4yLXBpZXMtYyVDMyVCQWJpY29zLzEwOTc5MjA5MzgxMDQwNzU3;SEM;2021-10-08;2021-06-06;;1040757;;;;LIVERPOOL;MX;2021-10-08 02:08;HISENSE;Frigobar Hisense 4.2 pies cúbicos;https://www.liverpool.com.mx/tienda/pdp/Frigobar-Hisense-4.2-pies-c%C3%BAbicos/1097920938;CE;5;https://www.liverpool.com.mx/
472;aHR0cHM6Ly93d3cubGl2ZXJwb29sLmNvbS5teC90aWVuZGEvcGRwL0ZyaWdvYmFyLUhpc2Vuc2UtNC4yLXBpZXMtYyVDMyVCQWJpY29zLzEwOTc5MjA5MzgxMjE3OTc3;SEM;2021-10-08;2021-08-19;;1217977;;;;LIVERPOOL;MX;2021-10-08 02:08;HISENSE;Frigobar Hisense 4.2 pies cúbicos;https://www.liverpool.com.mx/tienda/pdp/Frigobar-Hisense-4.2-pies-c%C3%BAbicos/1097920938;CE;5;https://www.liverpool.com.mx/
473;aHR0cHM6Ly93d3cubGl2ZXJwb29sLmNvbS5teC90aWVuZGEvcGRwL0ZyaWdvYmFyLUhpc2Vuc2UtNC4yLXBpZXMtYyVDMyVCQWJpY29zLzEwOTc5MjA5MzgxMDQ4NTk3;SEM;2021-10-08;2021-06-09;;1048597;;;;LIVERPOOL;MX;2021-10-08 02:08;HISENSE;Frigobar Hisense 4.2 pies cúbicos;https://www.liverpool.com.mx/tienda/pdp/Frigobar-Hisense-4.2-pies-c%C3%BAbicos/1097920938;CE;5;https://www.liverpool.com.mx/
474;aHR0cHM6Ly93d3cubGl2ZXJwb29sLmNvbS5teC90aWVuZGEvcGRwL0ZyaWdvYmFyLUhpc2Vuc2UtNC4yLXBpZXMtYyVDMyVCQWJpY29zLzEwOTc5MjA5MzgxMTIyMzMz;SEM;2021-10-08;2021-07-04;;1122333;;;;LIVERPOOL;MX;2021-10-08 02:08;HISENSE;Frigobar Hisense 4.2 pies cúbicos;https://www.liverpool.com.mx/tienda/pdp/Frigobar-Hisense-4.2-pies-c%C3%BAbicos/1097920938;CE;5;https://www.liverpool.com.mx/
475;aHR0cHM6Ly93d3cubGl2ZXJwb29sLmNvbS5teC90aWVuZGEvcGRwL0ZyaWdvYmFyLUhpc2Vuc2UtNC4yLXBpZXMtYyVDMyVCQWJpY29zLzEwOTc5MjA5Mzg3Mjg3MjU=;SEM;2021-10-08;2021-01-14;;728725;;;;LIVERPOOL;MX;2021-10-08 02:08;HISENSE;Frigobar Hisense 4.2 pies cúbicos;https://www.liverpool.com.mx/tienda/pdp/Frigobar-Hisense-4.2-pies-c%C3%BAbicos/1097920938;CE;5;https://www.liverpool.com.mx/
476;aHR0cHM6Ly93d3cubGl2ZXJwb29sLmNvbS5teC90aWVuZGEvcGRwL0ZyaWdvYmFyLUhpc2Vuc2UtNC4yLXBpZXMtYyVDMyVCQWJpY29zLzEwOTc5MjA5Mzg4NjIzODM=;SEM;2021-10-08;2021-03-22;;862383;;;;LIVERPOOL;MX;2021-10-08 02:08;HISENSE;Frigobar Hisense 4.2 pies cúbicos;https://www.liverpool.com.mx/tienda/pdp/Frigobar-Hisense-4.2-pies-c%C3%BAbicos/1097920938;CE;5;https://www.liverpool.com.mx/
477;aHR0cHM6Ly93d3cubGl2ZXJwb29sLmNvbS5teC90aWVuZGEvcGRwL0ZyaWdvYmFyLUhpc2Vuc2UtNC4yLXBpZXMtYyVDMyVCQWJpY29zLzEwOTc5MjA5MzgxMjA5MDEz;SEM;2021-10-08;2021-08-14;;1209013;;;;LIVERPOOL;MX;2021-10-08 02:08;HISENSE;Frigobar Hisense 4.2 pies cúbicos;https://www.liverpool.com.mx/tienda/pdp/Frigobar-Hisense-4.2-pies-c%C3%BAbicos/1097920938;CE;5;https://www.liverpool.com.mx/
478;aHR0cHM6Ly93d3cubGl2ZXJwb29sLmNvbS5teC90aWVuZGEvcGRwL0ZyaWdvYmFyLUhpc2Vuc2UtNC4yLXBpZXMtYyVDMyVCQWJpY29zLzEwOTc5MjA5Mzg4MTMyNzY=;SEM;2021-10-08;2021-02-26;;813276;;;;LIVERPOOL;MX;2021-10-08 02:08;HISENSE;Frigobar Hisense 4.2 pies cúbicos;https://www.liverpool.com.mx/tienda/pdp/Frigobar-Hisense-4.2-pies-c%C3%BAbicos/1097920938;CE;5;https://www.liverpool.com.mx/
479;aHR0cHM6Ly93d3cubGl2ZXJwb29sLmNvbS5teC90aWVuZGEvcGRwL0ZyaWdvYmFyLUhpc2Vuc2UtNC4yLXBpZXMtYyVDMyVCQWJpY29zLzEwOTc5MjA5Mzg5MTI2NTA=;SEM;2021-10-08;2021-04-19;;912650;;;;LIVERPOOL;MX;2021-10-08 02:08;HISENSE;Frigobar Hisense 4.2 pies cúbicos;https://www.liverpool.com.mx/tienda/pdp/Frigobar-Hisense-4.2-pies-c%C3%BAbicos/1097920938;CE;5;https://www.liverpool.com.mx/
480;aHR0cHM6Ly93d3cubGl2ZXJwb29sLmNvbS5teC90aWVuZGEvcGRwL0ZyaWdvYmFyLUhpc2Vuc2UtNC4yLXBpZXMtYyVDMyVCQWJpY29zLzEwOTc5MjA5Mzg2MzkxOTY=;SEM;2021-10-08;2020-10-30;;639196;;;;LIVERPOOL;MX;2021-10-08 02:08;HISENSE;Frigobar Hisense 4.2 pies cúbicos;https://www.liverpool.com.mx/tienda/pdp/Frigobar-Hisense-4.2-pies-c%C3%BAbicos/1097920938;CE;5;https://www.liverpool.com.mx/
481;aHR0cHM6Ly93d3cubGl2ZXJwb29sLmNvbS5teC90aWVuZGEvcGRwL1JlY29ydGFkb3JhLWZhY2lhbC1QaGlsaXBzLWJsYW5jYS8xMTAwMDc0ODQ5NzY4MTA1;SEM;2021-10-08;2021-02-08;;768105;;;;LIVERPOOL;MX;2021-10-08 02:18;PHILIPS;Recortadora facial Philips blanca;https://www.liverpool.com.mx/tienda/pdp/Recortadora-facial-Philips-blanca/1100074849;CE;5;https://www.liverpool.com.mx/
482;aHR0cHM6Ly93d3cubGl2ZXJwb29sLmNvbS5teC90aWVuZGEvcGRwL1JlY29ydGFkb3JhLWZhY2lhbC1QaGlsaXBzLWJsYW5jYS8xMTAwMDc0ODQ5MTA0MDA1Mw==;SEM;2021-10-08;2021-06-06;;1040053;;;;LIVERPOOL;MX;2021-10-08 02:18;PHILIPS;Recortadora facial Philips blanca;https://www.liverpool.com.mx/tienda/pdp/Recortadora-facial-Philips-blanca/1100074849;CE;5;https://www.liverpool.com.mx/
483;aHR0cHM6Ly93d3cubGl2ZXJwb29sLmNvbS5teC90aWVuZGEvcGRwL0xlbnRlLVNvbnktRkUtMjhtbS1mLzIvMTAzNzU2ODM0ODEwMTU5MTM=;SEM;2021-10-08;2021-05-30;;1015913;;;;LIVERPOOL;MX;2021-10-08 02:19;SONY;Lente Sony FE 28mm f/2;https://www.liverpool.com.mx/tienda/pdp/Lente-Sony-FE-28mm-f/2/1037568348;CE;5;https://www.liverpool.com.mx/
484;aHR0cHM6Ly93d3cubGl2ZXJwb29sLmNvbS5teC90aWVuZGEvcGRwL0xlbnRlLVNvbnktRkUtMjhtbS1mLzIvMTAzNzU2ODM0ODQ1MzIx;SEM;2021-10-08;2019-05-01;;45321;;;;LIVERPOOL;MX;2021-10-08 02:19;SONY;Lente Sony FE 28mm f/2;https://www.liverpool.com.mx/tienda/pdp/Lente-Sony-FE-28mm-f/2/1037568348;CE;5;https://www.liverpool.com.mx/
485;aHR0cHM6Ly93d3cubGl2ZXJwb29sLmNvbS5teC90aWVuZGEvcGRwL3BhbnRhbGxhLWhpc2Vuc2UtdWxlZC1zbWFydC10di1kZS02NS1wdWxnYWRhcy1tb2RlbG8tNjV1NmcvMTEwNDkzMzEzNzExNTU5MDE=;SEM;2021-10-08;2021-07-21;;1155901;;;;LIVERPOOL;MX;2021-10-08 03:14;HISENSE;Pantalla Hisense Uled Smart TV de 65 pulgadas Modelo 65U6G;https://www.liverpool.com.mx/tienda/pdp/pantalla-hisense-uled-smart-tv-de-65-pulgadas-modelo-65u6g/1104933137;CE;5;https://www.liverpool.com.mx/
486;aHR0cHM6Ly93d3cubGl2ZXJwb29sLmNvbS5teC90aWVuZGEvcGRwL3BhbnRhbGxhLWhpc2Vuc2UtdWxlZC1zbWFydC10di1kZS02NS1wdWxnYWRhcy1tb2RlbG8tNjV1NmcvMTEwNDkzMzEzNzEyOTcxODA=;SEM;2021-10-08;2021-10-02;;1297180;;;;LIVERPOOL;MX;2021-10-08 03:14;HISENSE;Pantalla Hisense Uled Smart TV de 65 pulgadas Modelo 65U6G;https://www.liverpool.com.mx/tienda/pdp/pantalla-hisense-uled-smart-tv-de-65-pulgadas-modelo-65u6g/1104933137;CE;3;https://www.liverpool.com.mx/
487;aHR0cHM6Ly93d3cubGl2ZXJwb29sLmNvbS5teC90aWVuZGEvcGRwL3BhbnRhbGxhLWhpc2Vuc2UtdWxlZC1zbWFydC10di1kZS02NS1wdWxnYWRhcy1tb2RlbG8tNjV1NmcvMTEwNDkzMzEzNzEwNDk4NzM=;SEM;2021-10-08;2021-06-09;;1049873;;;;LIVERPOOL;MX;2021-10-08 03:14;HISENSE;Pantalla Hisense Uled Smart TV de 65 pulgadas Modelo 65U6G;https://www.liverpool.com.mx/tienda/pdp/pantalla-hisense-uled-smart-tv-de-65-pulgadas-modelo-65u6g/1104933137;CE;5;https://www.liverpool.com.mx/
488;aHR0cHM6Ly93d3cubGl2ZXJwb29sLmNvbS5teC90aWVuZGEvcGRwL3BhbnRhbGxhLWhpc2Vuc2UtdWxlZC1zbWFydC10di1kZS02NS1wdWxnYWRhcy1tb2RlbG8tNjV1NmcvMTEwNDkzMzEzNzExMDIzMzI=;SEM;2021-10-08;2021-06-26;;1102332;;;;LIVERPOOL;MX;2021-10-08 03:14;HISENSE;Pantalla Hisense Uled Smart TV de 65 pulgadas Modelo 65U6G;https://www.liverpool.com.mx/tienda/pdp/pantalla-hisense-uled-smart-tv-de-65-pulgadas-modelo-65u6g/1104933137;CE;4;https://www.liverpool.com.mx/
489;aHR0cHM6Ly93d3cubGl2ZXJwb29sLmNvbS5teC90aWVuZGEvcGRwL1BhbnRhbGxhLUhpc2Vuc2UtTEVELVNtYXJ0LVRWLWRlLTYwLXB1bGdhZGFzLTRLL1VsdHJhLUhELU1vZGVsby02MGE2Zy8xMTA0NDk3Mzg4MTA1OTA1Ng==;SEM;2021-10-08;2021-06-12;;1059056;;;;LIVERPOOL;MX;2021-10-08 03:26;HISENSE;Pantalla Hisense LED Smart TV de 60 pulgadas 4K/Ultra HD Modelo 60a6g;https://www.liverpool.com.mx/tienda/pdp/Pantalla-Hisense-LED-Smart-TV-de-60-pulgadas-4K/Ultra-HD-Modelo-60a6g/1104497388;CE;5;https://www.liverpool.com.mx/
490;aHR0cHM6Ly93d3cubGl2ZXJwb29sLmNvbS5teC90aWVuZGEvcGRwL1BhbnRhbGxhLUhpc2Vuc2UtTEVELVNtYXJ0LVRWLWRlLTYwLXB1bGdhZGFzLTRLL1VsdHJhLUhELU1vZGVsby02MGE2Zy8xMTA0NDk3Mzg4MTE2MTM3Mg==;SEM;2021-10-08;2021-07-24;;1161372;;;;LIVERPOOL;MX;2021-10-08 03:26;HISENSE;Pantalla Hisense LED Smart TV de 60 pulgadas 4K/Ultra HD Modelo 60a6g;https://www.liverpool.com.mx/tienda/pdp/Pantalla-Hisense-LED-Smart-TV-de-60-pulgadas-4K/Ultra-HD-Modelo-60a6g/1104497388;CE;5;https://www.liverpool.com.mx/
491;aHR0cHM6Ly93d3cubGl2ZXJwb29sLmNvbS5teC90aWVuZGEvcGRwL1BhbnRhbGxhLUhpc2Vuc2UtTEVELVNtYXJ0LVRWLWRlLTYwLXB1bGdhZGFzLTRLL1VsdHJhLUhELU1vZGVsby02MGE2Zy8xMTA0NDk3Mzg4MTE4MTg4OQ==;SEM;2021-10-08;2021-08-02;;1181889;;;;LIVERPOOL;MX;2021-10-08 03:26;HISENSE;Pantalla Hisense LED Smart TV de 60 pulgadas 4K/Ultra HD Modelo 60a6g;https://www.liverpool.com.mx/tienda/pdp/Pantalla-Hisense-LED-Smart-TV-de-60-pulgadas-4K/Ultra-HD-Modelo-60a6g/1104497388;CE;5;https://www.liverpool.com.mx/
492;aHR0cHM6Ly93d3cubGl2ZXJwb29sLmNvbS5teC90aWVuZGEvcGRwL1BhbnRhbGxhLUhpc2Vuc2UtTEVELVNtYXJ0LVRWLWRlLTYwLXB1bGdhZGFzLTRLL1VsdHJhLUhELU1vZGVsby02MGE2Zy8xMTA0NDk3Mzg4MTIxOTUwNA==;SEM;2021-10-08;2021-08-20;;1219504;;;;LIVERPOOL;MX;2021-10-08 03:26;HISENSE;Pantalla Hisense LED Smart TV de 60 pulgadas 4K/Ultra HD Modelo 60a6g;https://www.liverpool.com.mx/tienda/pdp/Pantalla-Hisense-LED-Smart-TV-de-60-pulgadas-4K/Ultra-HD-Modelo-60a6g/1104497388;CE;5;https://www.liverpool.com.mx/
493;aHR0cHM6Ly93d3cubGl2ZXJwb29sLmNvbS5teC90aWVuZGEvcGRwL1BhbnRhbGxhLUhpc2Vuc2UtTEVELVNtYXJ0LVRWLWRlLTYwLXB1bGdhZGFzLTRLL1VsdHJhLUhELU1vZGVsby02MGE2Zy8xMTA0NDk3Mzg4MTE3ODc0Mg==;SEM;2021-10-08;2021-08-01;;1178742;;;;LIVERPOOL;MX;2021-10-08 03:26;HISENSE;Pantalla Hisense LED Smart TV de 60 pulgadas 4K/Ultra HD Modelo 60a6g;https://www.liverpool.com.mx/tienda/pdp/Pantalla-Hisense-LED-Smart-TV-de-60-pulgadas-4K/Ultra-HD-Modelo-60a6g/1104497388;CE;3;https://www.liverpool.com.mx/
494;aHR0cHM6Ly93d3cubGl2ZXJwb29sLmNvbS5teC90aWVuZGEvcGRwL1BhbnRhbGxhLVRDTC1MRUQtU21hcnQtVFYtZGUtNDMtUHVsZ2FkYXMtNEsvVWx0cmEtSEQtNDNBNDQ1LWNvbi1BbmRyb2lkLVRWLzExMDU4MjIzNTUxMDU2Mzcw;SEM;2021-10-08;2021-06-12;;1056370;;;;LIVERPOOL;MX;2021-10-08 03:27;TCL;Pantalla TCL LED Smart TV de 43 Pulgadas 4K/Ultra HD 43A445 con Android TV;https://www.liverpool.com.mx/tienda/pdp/Pantalla-TCL-LED-Smart-TV-de-43-Pulgadas-4K/Ultra-HD-43A445-con-Android-TV/1105822355;CE;5;https://www.liverpool.com.mx/
495;aHR0cHM6Ly93d3cubGl2ZXJwb29sLmNvbS5teC90aWVuZGEvcGRwL1BhbnRhbGxhLVRDTC1MRUQtU21hcnQtVFYtZGUtNDMtUHVsZ2FkYXMtNEsvVWx0cmEtSEQtNDNBNDQ1LWNvbi1BbmRyb2lkLVRWLzExMDU4MjIzNTUxMjQxMDE2;SEM;2021-10-08;2021-09-01;;1241016;;;;LIVERPOOL;MX;2021-10-08 03:27;TCL;Pantalla TCL LED Smart TV de 43 Pulgadas 4K/Ultra HD 43A445 con Android TV;https://www.liverpool.com.mx/tienda/pdp/Pantalla-TCL-LED-Smart-TV-de-43-Pulgadas-4K/Ultra-HD-43A445-con-Android-TV/1105822355;CE;4;https://www.liverpool.com.mx/
496;aHR0cHM6Ly93d3cubGl2ZXJwb29sLmNvbS5teC90aWVuZGEvcGRwL1BhbnRhbGxhLVRDTC1MRUQtU21hcnQtVFYtZGUtNDMtUHVsZ2FkYXMtNEsvVWx0cmEtSEQtNDNBNDQ1LWNvbi1BbmRyb2lkLVRWLzExMDU4MjIzNTUxMzAzOTM4;SEM;2021-10-08;2021-10-05;;1303938;;;;LIVERPOOL;MX;2021-10-08 03:27;TCL;Pantalla TCL LED Smart TV de 43 Pulgadas 4K/Ultra HD 43A445 con Android TV;https://www.liverpool.com.mx/tienda/pdp/Pantalla-TCL-LED-Smart-TV-de-43-Pulgadas-4K/Ultra-HD-43A445-con-Android-TV/1105822355;CE;5;https://www.liverpool.com.mx/
497;aHR0cHM6Ly93d3cubGl2ZXJwb29sLmNvbS5teC90aWVuZGEvcGRwL1BhbnRhbGxhLVRDTC1MRUQtU21hcnQtVFYtZGUtNDMtUHVsZ2FkYXMtNEsvVWx0cmEtSEQtNDNBNDQ1LWNvbi1BbmRyb2lkLVRWLzExMDU4MjIzNTUxMjcwMTc3;SEM;2021-10-08;2021-09-17;;1270177;;;;LIVERPOOL;MX;2021-10-08 03:27;TCL;Pantalla TCL LED Smart TV de 43 Pulgadas 4K/Ultra HD 43A445 con Android TV;https://www.liverpool.com.mx/tienda/pdp/Pantalla-TCL-LED-Smart-TV-de-43-Pulgadas-4K/Ultra-HD-43A445-con-Android-TV/1105822355;CE;5;https://www.liverpool.com.mx/
498;aHR0cHM6Ly93d3cubGl2ZXJwb29sLmNvbS5teC90aWVuZGEvcGRwL1BhbnRhbGxhLVRDTC1MRUQtU21hcnQtVFYtZGUtNDMtUHVsZ2FkYXMtNEsvVWx0cmEtSEQtNDNBNDQ1LWNvbi1BbmRyb2lkLVRWLzExMDU4MjIzNTUxMjYxMTk0;SEM;2021-10-08;2021-09-12;;1261194;;;;LIVERPOOL;MX;2021-10-08 03:27;TCL;Pantalla TCL LED Smart TV de 43 Pulgadas 4K/Ultra HD 43A445 con Android TV;https://www.liverpool.com.mx/tienda/pdp/Pantalla-TCL-LED-Smart-TV-de-43-Pulgadas-4K/Ultra-HD-43A445-con-Android-TV/1105822355;CE;4;https://www.liverpool.com.mx/
499;aHR0cHM6Ly93d3cubGl2ZXJwb29sLmNvbS5teC90aWVuZGEvcGRwL1BhbnRhbGxhLVRDTC1MRUQtU21hcnQtVFYtZGUtNDMtUHVsZ2FkYXMtNEsvVWx0cmEtSEQtNDNBNDQ1LWNvbi1BbmRyb2lkLVRWLzExMDU4MjIzNTUxMTE1ODUz;SEM;2021-10-08;2021-07-02;;1115853;;;;LIVERPOOL;MX;2021-10-08 03:27;TCL;Pantalla TCL LED Smart TV de 43 Pulgadas 4K/Ultra HD 43A445 con Android TV;https://www.liverpool.com.mx/tienda/pdp/Pantalla-TCL-LED-Smart-TV-de-43-Pulgadas-4K/Ultra-HD-43A445-con-Android-TV/1105822355;CE;5;https://www.liverpool.com.mx/
500;aHR0cHM6Ly93d3cubGl2ZXJwb29sLmNvbS5teC90aWVuZGEvcGRwL1BhbnRhbGxhLVNvbnktTENELXNtYXJ0LVRWLWRlLTMyLXB1bGdhZGFzLUZVTEwtSEQtY29uLUxpbnV4LzEwNDc2Njk1NTA4NDU0;SEM;2021-10-08;2018-11-09;;8454;;;;LIVERPOOL;MX;2021-10-08 03:28;SONY;Pantalla Sony LCD smart TV de 32 pulgadas FULL HD con Linux;https://www.liverpool.com.mx/tienda/pdp/Pantalla-Sony-LCD-smart-TV-de-32-pulgadas-FULL-HD-con-Linux/1047669550;CE;5;https://www.liverpool.com.mx/
501;aHR0cHM6Ly93d3cubGl2ZXJwb29sLmNvbS5teC90aWVuZGEvcGRwL1BhbnRhbGxhLVNvbnktTENELXNtYXJ0LVRWLWRlLTMyLXB1bGdhZGFzLUZVTEwtSEQtY29uLUxpbnV4LzEwNDc2Njk1NTA3MDIy;SEM;2021-10-08;2018-11-05;;7022;;;;LIVERPOOL;MX;2021-10-08 03:28;SONY;Pantalla Sony LCD smart TV de 32 pulgadas FULL HD con Linux;https://www.liverpool.com.mx/tienda/pdp/Pantalla-Sony-LCD-smart-TV-de-32-pulgadas-FULL-HD-con-Linux/1047669550;CE;4;https://www.liverpool.com.mx/
502;aHR0cHM6Ly93d3cubGl2ZXJwb29sLmNvbS5teC90aWVuZGEvcGRwL1BhbnRhbGxhLVNvbnktTENELXNtYXJ0LVRWLWRlLTMyLXB1bGdhZGFzLUZVTEwtSEQtY29uLUxpbnV4LzEwNDc2Njk1NTAzOTE2OA==;SEM;2021-10-08;2019-04-11;;39168;;;;LIVERPOOL;MX;2021-10-08 03:28;SONY;Pantalla Sony LCD smart TV de 32 pulgadas FULL HD con Linux;https://www.liverpool.com.mx/tienda/pdp/Pantalla-Sony-LCD-smart-TV-de-32-pulgadas-FULL-HD-con-Linux/1047669550;CE;5;https://www.liverpool.com.mx/
503;aHR0cHM6Ly93d3cubGl2ZXJwb29sLmNvbS5teC90aWVuZGEvcGRwL1BhbnRhbGxhLVNvbnktTENELXNtYXJ0LVRWLWRlLTMyLXB1bGdhZGFzLUZVTEwtSEQtY29uLUxpbnV4LzEwNDc2Njk1NTA4NDE0NA==;SEM;2021-10-08;2019-08-01;;84144;;;;LIVERPOOL;MX;2021-10-08 03:28;SONY;Pantalla Sony LCD smart TV de 32 pulgadas FULL HD con Linux;https://www.liverpool.com.mx/tienda/pdp/Pantalla-Sony-LCD-smart-TV-de-32-pulgadas-FULL-HD-con-Linux/1047669550;CE;5;https://www.liverpool.com.mx/
504;aHR0cHM6Ly93d3cubGl2ZXJwb29sLmNvbS5teC90aWVuZGEvcGRwL1BhbnRhbGxhLVNvbnktTENELXNtYXJ0LVRWLWRlLTMyLXB1bGdhZGFzLUZVTEwtSEQtY29uLUxpbnV4LzEwNDc2Njk1NTAyMDkzNjI=;SEM;2021-10-08;2020-04-05;;209362;;;;LIVERPOOL;MX;2021-10-08 03:28;SONY;Pantalla Sony LCD smart TV de 32 pulgadas FULL HD con Linux;https://www.liverpool.com.mx/tienda/pdp/Pantalla-Sony-LCD-smart-TV-de-32-pulgadas-FULL-HD-con-Linux/1047669550;CE;2;https://www.liverpool.com.mx/
505;aHR0cHM6Ly93d3cubGl2ZXJwb29sLmNvbS5teC90aWVuZGEvcGRwL1BhbnRhbGxhLVNvbnktTENELXNtYXJ0LVRWLWRlLTMyLXB1bGdhZGFzLUZVTEwtSEQtY29uLUxpbnV4LzEwNDc2Njk1NTAxOTY2NDI=;SEM;2021-10-08;2020-03-08;;196642;;;;LIVERPOOL;MX;2021-10-08 03:28;SONY;Pantalla Sony LCD smart TV de 32 pulgadas FULL HD con Linux;https://www.liverpool.com.mx/tienda/pdp/Pantalla-Sony-LCD-smart-TV-de-32-pulgadas-FULL-HD-con-Linux/1047669550;CE;1;https://www.liverpool.com.mx/
506;aHR0cHM6Ly93d3cubGl2ZXJwb29sLmNvbS5teC90aWVuZGEvcGRwL1BhbnRhbGxhLVNvbnktTENELXNtYXJ0LVRWLWRlLTMyLXB1bGdhZGFzLUZVTEwtSEQtY29uLUxpbnV4LzEwNDc2Njk1NTA0NjQ3NQ==;SEM;2021-10-08;2019-05-05;;46475;;;;LIVERPOOL;MX;2021-10-08 03:28;SONY;Pantalla Sony LCD smart TV de 32 pulgadas FULL HD con Linux;https://www.liverpool.com.mx/tienda/pdp/Pantalla-Sony-LCD-smart-TV-de-32-pulgadas-FULL-HD-con-Linux/1047669550;CE;1;https://www.liverpool.com.mx/
507;aHR0cHM6Ly93d3cubGl2ZXJwb29sLmNvbS5teC90aWVuZGEvcGRwL1BhbnRhbGxhLVNvbnktTENELXNtYXJ0LVRWLWRlLTMyLXB1bGdhZGFzLUZVTEwtSEQtY29uLUxpbnV4LzEwNDc2Njk1NTAxMjM0OA==;SEM;2021-10-08;2018-11-30;;12348;;;;LIVERPOOL;MX;2021-10-08 03:28;SONY;Pantalla Sony LCD smart TV de 32 pulgadas FULL HD con Linux;https://www.liverpool.com.mx/tienda/pdp/Pantalla-Sony-LCD-smart-TV-de-32-pulgadas-FULL-HD-con-Linux/1047669550;CE;1;https://www.liverpool.com.mx/
508;aHR0cHM6Ly93d3cubGl2ZXJwb29sLmNvbS5teC90aWVuZGEvcGRwL1BhbnRhbGxhLVNvbnktTENELXNtYXJ0LVRWLWRlLTMyLXB1bGdhZGFzLUZVTEwtSEQtY29uLUxpbnV4LzEwNDc2Njk1NTAxODA1MjA=;SEM;2021-10-08;2020-02-04;;180520;;;;LIVERPOOL;MX;2021-10-08 03:28;SONY;Pantalla Sony LCD smart TV de 32 pulgadas FULL HD con Linux;https://www.liverpool.com.mx/tienda/pdp/Pantalla-Sony-LCD-smart-TV-de-32-pulgadas-FULL-HD-con-Linux/1047669550;CE;5;https://www.liverpool.com.mx/
509;aHR0cHM6Ly93d3cubGl2ZXJwb29sLmNvbS5teC90aWVuZGEvcGRwL1BhbnRhbGxhLVNvbnktTENELXNtYXJ0LVRWLWRlLTMyLXB1bGdhZGFzLUZVTEwtSEQtY29uLUxpbnV4LzEwNDc2Njk1NTAyNTk2Mjk=;SEM;2021-10-08;2020-05-21;;259629;;;;LIVERPOOL;MX;2021-10-08 03:28;SONY;Pantalla Sony LCD smart TV de 32 pulgadas FULL HD con Linux;https://www.liverpool.com.mx/tienda/pdp/Pantalla-Sony-LCD-smart-TV-de-32-pulgadas-FULL-HD-con-Linux/1047669550;CE;2;https://www.liverpool.com.mx/
510;aHR0cHM6Ly93d3cubGl2ZXJwb29sLmNvbS5teC90aWVuZGEvcGRwL1BhbnRhbGxhLVNvbnktTENELXNtYXJ0LVRWLWRlLTMyLXB1bGdhZGFzLUZVTEwtSEQtY29uLUxpbnV4LzEwNDc2Njk1NTA3NDk2MA==;SEM;2021-10-08;2019-07-14;;74960;;;;LIVERPOOL;MX;2021-10-08 03:28;SONY;Pantalla Sony LCD smart TV de 32 pulgadas FULL HD con Linux;https://www.liverpool.com.mx/tienda/pdp/Pantalla-Sony-LCD-smart-TV-de-32-pulgadas-FULL-HD-con-Linux/1047669550;CE;5;https://www.liverpool.com.mx/
511;aHR0cHM6Ly93d3cubGl2ZXJwb29sLmNvbS5teC90aWVuZGEvcGRwL1BhbnRhbGxhLVNvbnktTENELXNtYXJ0LVRWLWRlLTMyLXB1bGdhZGFzLUZVTEwtSEQtY29uLUxpbnV4LzEwNDc2Njk1NTA5Mjc5MzI=;SEM;2021-10-08;2021-04-30;;927932;;;;LIVERPOOL;MX;2021-10-08 03:28;SONY;Pantalla Sony LCD smart TV de 32 pulgadas FULL HD con Linux;https://www.liverpool.com.mx/tienda/pdp/Pantalla-Sony-LCD-smart-TV-de-32-pulgadas-FULL-HD-con-Linux/1047669550;CE;5;https://www.liverpool.com.mx/
512;aHR0cHM6Ly93d3cubGl2ZXJwb29sLmNvbS5teC90aWVuZGEvcGRwL1BhbnRhbGxhLVNvbnktTENELXNtYXJ0LVRWLWRlLTMyLXB1bGdhZGFzLUZVTEwtSEQtY29uLUxpbnV4LzEwNDc2Njk1NTA5NzMyNg==;SEM;2021-10-08;2019-08-28;;97326;;;;LIVERPOOL;MX;2021-10-08 03:28;SONY;Pantalla Sony LCD smart TV de 32 pulgadas FULL HD con Linux;https://www.liverpool.com.mx/tienda/pdp/Pantalla-Sony-LCD-smart-TV-de-32-pulgadas-FULL-HD-con-Linux/1047669550;CE;4;https://www.liverpool.com.mx/
513;aHR0cHM6Ly93d3cubGl2ZXJwb29sLmNvbS5teC90aWVuZGEvcGRwL1BhbnRhbGxhLVNvbnktTENELXNtYXJ0LVRWLWRlLTMyLXB1bGdhZGFzLUZVTEwtSEQtY29uLUxpbnV4LzEwNDc2Njk1NTA0Mjk3MzA=;SEM;2021-10-08;2020-07-27;;429730;;;;LIVERPOOL;MX;2021-10-08 03:28;SONY;Pantalla Sony LCD smart TV de 32 pulgadas FULL HD con Linux;https://www.liverpool.com.mx/tienda/pdp/Pantalla-Sony-LCD-smart-TV-de-32-pulgadas-FULL-HD-con-Linux/1047669550;CE;5;https://www.liverpool.com.mx/
514;aHR0cHM6Ly93d3cubGl2ZXJwb29sLmNvbS5teC90aWVuZGEvcGRwL1BhbnRhbGxhLVNvbnktTENELXNtYXJ0LVRWLWRlLTMyLXB1bGdhZGFzLUZVTEwtSEQtY29uLUxpbnV4LzEwNDc2Njk1NTA0NjcyODc=;SEM;2021-10-08;2020-08-03;;467287;;;;LIVERPOOL;MX;2021-10-08 03:28;SONY;Pantalla Sony LCD smart TV de 32 pulgadas FULL HD con Linux;https://www.liverpool.com.mx/tienda/pdp/Pantalla-Sony-LCD-smart-TV-de-32-pulgadas-FULL-HD-con-Linux/1047669550;CE;2;https://www.liverpool.com.mx/
515;aHR0cHM6Ly93d3cubGl2ZXJwb29sLmNvbS5teC90aWVuZGEvcGRwL1BhbnRhbGxhLVNvbnktTENELXNtYXJ0LVRWLWRlLTMyLXB1bGdhZGFzLUZVTEwtSEQtY29uLUxpbnV4LzEwNDc2Njk1NTA5MTYwNDY=;SEM;2021-10-08;2021-04-22;;916046;;;;LIVERPOOL;MX;2021-10-08 03:28;SONY;Pantalla Sony LCD smart TV de 32 pulgadas FULL HD con Linux;https://www.liverpool.com.mx/tienda/pdp/Pantalla-Sony-LCD-smart-TV-de-32-pulgadas-FULL-HD-con-Linux/1047669550;CE;5;https://www.liverpool.com.mx/
516;aHR0cHM6Ly93d3cubGl2ZXJwb29sLmNvbS5teC90aWVuZGEvcGRwL1BhbnRhbGxhLUhpc2Vuc2UtVWxlZC1TbWFydC1UVi1kZS01NS1wdWxnYWRhcy1RSEQtKDE0NDBweCktTW9kZWxvLTU1VTZHLzExMDUzNzE5MjIxMjM2NTQz;SEM;2021-10-08;2021-08-29;;1236543;;;;LIVERPOOL;MX;2021-10-08 03:31;HISENSE;Pantalla Hisense Uled Smart TV de 55 pulgadas QHD (1440px) Modelo 55U6G;https://www.liverpool.com.mx/tienda/pdp/Pantalla-Hisense-Uled-Smart-TV-de-55-pulgadas-QHD-(1440px)-Modelo-55U6G/1105371922;CE;5;https://www.liverpool.com.mx/
517;aHR0cHM6Ly93d3cubGl2ZXJwb29sLmNvbS5teC90aWVuZGEvcGRwL1BhbnRhbGxhLUhpc2Vuc2UtVWxlZC1TbWFydC1UVi1kZS01NS1wdWxnYWRhcy1RSEQtKDE0NDBweCktTW9kZWxvLTU1VTZHLzExMDUzNzE5MjIxMjI1NTU3;SEM;2021-10-08;2021-08-23;;1225557;;;;LIVERPOOL;MX;2021-10-08 03:31;HISENSE;Pantalla Hisense Uled Smart TV de 55 pulgadas QHD (1440px) Modelo 55U6G;https://www.liverpool.com.mx/tienda/pdp/Pantalla-Hisense-Uled-Smart-TV-de-55-pulgadas-QHD-(1440px)-Modelo-55U6G/1105371922;CE;5;https://www.liverpool.com.mx/
518;aHR0cHM6Ly93d3cubGl2ZXJwb29sLmNvbS5teC90aWVuZGEvcGRwL1BhbnRhbGxhLUhpc2Vuc2UtVWxlZC1TbWFydC1UVi1kZS01NS1wdWxnYWRhcy1RSEQtKDE0NDBweCktTW9kZWxvLTU1VTZHLzExMDUzNzE5MjIxMzA4MDc3;SEM;2021-10-08;2021-10-07;;1308077;;;;LIVERPOOL;MX;2021-10-08 03:31;HISENSE;Pantalla Hisense Uled Smart TV de 55 pulgadas QHD (1440px) Modelo 55U6G;https://www.liverpool.com.mx/tienda/pdp/Pantalla-Hisense-Uled-Smart-TV-de-55-pulgadas-QHD-(1440px)-Modelo-55U6G/1105371922;CE;5;https://www.liverpool.com.mx/
519;aHR0cHM6Ly93d3cubGl2ZXJwb29sLmNvbS5teC90aWVuZGEvcGRwL1BhbnRhbGxhLUhpc2Vuc2UtVWxlZC1TbWFydC1UVi1kZS01NS1wdWxnYWRhcy1RSEQtKDE0NDBweCktTW9kZWxvLTU1VTZHLzExMDUzNzE5MjIxMzA2MzM3;SEM;2021-10-08;2021-10-06;;1306337;;;;LIVERPOOL;MX;2021-10-08 03:31;HISENSE;Pantalla Hisense Uled Smart TV de 55 pulgadas QHD (1440px) Modelo 55U6G;https://www.liverpool.com.mx/tienda/pdp/Pantalla-Hisense-Uled-Smart-TV-de-55-pulgadas-QHD-(1440px)-Modelo-55U6G/1105371922;CE;5;https://www.liverpool.com.mx/
520;aHR0cHM6Ly93d3cubGl2ZXJwb29sLmNvbS5teC90aWVuZGEvcGRwL1BhbnRhbGxhLUhpc2Vuc2UtVWxlZC1TbWFydC1UVi1kZS01NS1wdWxnYWRhcy1RSEQtKDE0NDBweCktTW9kZWxvLTU1VTZHLzExMDUzNzE5MjIxMTk5NzQx;SEM;2021-10-08;2021-08-10;;1199741;;;;LIVERPOOL;MX;2021-10-08 03:31;HISENSE;Pantalla Hisense Uled Smart TV de 55 pulgadas QHD (1440px) Modelo 55U6G;https://www.liverpool.com.mx/tienda/pdp/Pantalla-Hisense-Uled-Smart-TV-de-55-pulgadas-QHD-(1440px)-Modelo-55U6G/1105371922;CE;5;https://www.liverpool.com.mx/
521;aHR0cHM6Ly93d3cubGl2ZXJwb29sLmNvbS5teC90aWVuZGEvcGRwL1BhbnRhbGxhLVNvbnktTENELVNtYXJ0LVRWLWRlLTQzLXB1bGdhZGFzLU1vZGVsby1LRC00M1g4MEotY29uLUdvb2dsZS1UVi8xMTA0NTU5MTExMTAwNDU1MQ==;SEM;2021-10-08;2021-05-26;;1004551;;;;LIVERPOOL;MX;2021-10-08 03:33;SONY;Pantalla Sony LCD Smart TV de 43 pulgadas Modelo KD-43X80J con Google TV;https://www.liverpool.com.mx/tienda/pdp/Pantalla-Sony-LCD-Smart-TV-de-43-pulgadas-Modelo-KD-43X80J-con-Google-TV/1104559111;CE;5;https://www.liverpool.com.mx/
522;aHR0cHM6Ly93d3cubGl2ZXJwb29sLmNvbS5teC90aWVuZGEvcGRwL1BhbnRhbGxhLVNvbnktTENELVNtYXJ0LVRWLWRlLTQzLXB1bGdhZGFzLU1vZGVsby1LRC00M1g4MEotY29uLUdvb2dsZS1UVi8xMTA0NTU5MTExMTE4Mjc2MA==;SEM;2021-10-08;2021-08-02;;1182760;;;;LIVERPOOL;MX;2021-10-08 03:33;SONY;Pantalla Sony LCD Smart TV de 43 pulgadas Modelo KD-43X80J con Google TV;https://www.liverpool.com.mx/tienda/pdp/Pantalla-Sony-LCD-Smart-TV-de-43-pulgadas-Modelo-KD-43X80J-con-Google-TV/1104559111;CE;5;https://www.liverpool.com.mx/
523;aHR0cHM6Ly93d3cubGl2ZXJwb29sLmNvbS5teC90aWVuZGEvcGRwL1BhbnRhbGxhLVNvbnktTENELVNtYXJ0LVRWLWRlLTQzLXB1bGdhZGFzLU1vZGVsby1LRC00M1g4MEotY29uLUdvb2dsZS1UVi8xMTA0NTU5MTExMTExNjIzMQ==;SEM;2021-10-08;2021-07-02;;1116231;;;;LIVERPOOL;MX;2021-10-08 03:33;SONY;Pantalla Sony LCD Smart TV de 43 pulgadas Modelo KD-43X80J con Google TV;https://www.liverpool.com.mx/tienda/pdp/Pantalla-Sony-LCD-Smart-TV-de-43-pulgadas-Modelo-KD-43X80J-con-Google-TV/1104559111;CE;5;https://www.liverpool.com.mx/
524;aHR0cHM6Ly93d3cubGl2ZXJwb29sLmNvbS5teC90aWVuZGEvcGRwL1BhbnRhbGxhLVNvbnktTENELVNtYXJ0LVRWLWRlLTQzLXB1bGdhZGFzLU1vZGVsby1LRC00M1g4MEotY29uLUdvb2dsZS1UVi8xMTA0NTU5MTExMTIxMDczMQ==;SEM;2021-10-08;2021-08-15;;1210731;;;;LIVERPOOL;MX;2021-10-08 03:33;SONY;Pantalla Sony LCD Smart TV de 43 pulgadas Modelo KD-43X80J con Google TV;https://www.liverpool.com.mx/tienda/pdp/Pantalla-Sony-LCD-Smart-TV-de-43-pulgadas-Modelo-KD-43X80J-con-Google-TV/1104559111;CE;5;https://www.liverpool.com.mx/
525;aHR0cHM6Ly93d3cubGl2ZXJwb29sLmNvbS5teC90aWVuZGEvcGRwL1BhbnRhbGxhLVNvbnktTENELVNtYXJ0LVRWLWRlLTQzLXB1bGdhZGFzLU1vZGVsby1LRC00M1g4MEotY29uLUdvb2dsZS1UVi8xMTA0NTU5MTExMTI4NzMzMQ==;SEM;2021-10-08;2021-09-26;;1287331;;;;LIVERPOOL;MX;2021-10-08 03:33;SONY;Pantalla Sony LCD Smart TV de 43 pulgadas Modelo KD-43X80J con Google TV;https://www.liverpool.com.mx/tienda/pdp/Pantalla-Sony-LCD-Smart-TV-de-43-pulgadas-Modelo-KD-43X80J-con-Google-TV/1104559111;CE;5;https://www.liverpool.com.mx/
526;aHR0cHM6Ly93d3cubGl2ZXJwb29sLmNvbS5teC90aWVuZGEvcGRwL1BhbnRhbGxhLVNvbnktTENELVNtYXJ0LVRWLWRlLTQzLXB1bGdhZGFzLU1vZGVsby1LRC00M1g4MEotY29uLUdvb2dsZS1UVi8xMTA0NTU5MTExOTQzNTI5;SEM;2021-10-08;2021-05-06;;943529;;;;LIVERPOOL;MX;2021-10-08 03:33;SONY;Pantalla Sony LCD Smart TV de 43 pulgadas Modelo KD-43X80J con Google TV;https://www.liverpool.com.mx/tienda/pdp/Pantalla-Sony-LCD-Smart-TV-de-43-pulgadas-Modelo-KD-43X80J-con-Google-TV/1104559111;CE;5;https://www.liverpool.com.mx/
527;aHR0cHM6Ly93d3cubGl2ZXJwb29sLmNvbS5teC90aWVuZGEvcGRwL1BhbnRhbGxhLVNvbnktTENELVNtYXJ0LVRWLWRlLTQzLXB1bGdhZGFzLU1vZGVsby1LRC00M1g4MEotY29uLUdvb2dsZS1UVi8xMTA0NTU5MTExMTIyMjM3Mg==;SEM;2021-10-08;2021-08-21;;1222372;;;;LIVERPOOL;MX;2021-10-08 03:33;SONY;Pantalla Sony LCD Smart TV de 43 pulgadas Modelo KD-43X80J con Google TV;https://www.liverpool.com.mx/tienda/pdp/Pantalla-Sony-LCD-Smart-TV-de-43-pulgadas-Modelo-KD-43X80J-con-Google-TV/1104559111;CE;5;https://www.liverpool.com.mx/
528;aHR0cHM6Ly93d3cubGl2ZXJwb29sLmNvbS5teC90aWVuZGEvcGRwL1BhbnRhbGxhLVNvbnktTENELVNtYXJ0LVRWLWRlLTQzLXB1bGdhZGFzLU1vZGVsby1LRC00M1g4MEotY29uLUdvb2dsZS1UVi8xMTA0NTU5MTExMTA2NzY0OQ==;SEM;2021-10-08;2021-06-14;;1067649;;;;LIVERPOOL;MX;2021-10-08 03:33;SONY;Pantalla Sony LCD Smart TV de 43 pulgadas Modelo KD-43X80J con Google TV;https://www.liverpool.com.mx/tienda/pdp/Pantalla-Sony-LCD-Smart-TV-de-43-pulgadas-Modelo-KD-43X80J-con-Google-TV/1104559111;CE;4;https://www.liverpool.com.mx/
529;aHR0cHM6Ly93d3cubGl2ZXJwb29sLmNvbS5teC90aWVuZGEvcGRwL1BhbnRhbGxhLVNvbnktTENELVNtYXJ0LVRWLWRlLTY1LVB1bGdhZGFzLTRLL0RvbGJ5LUF0bW9zLVhSLTY1WDkwSi1jb24tR29vZ2xlLVRWLzExMDQ1NTk1Mjk5ODg5NDg=;SEM;2021-10-08;2021-05-20;;988948;;;;LIVERPOOL;MX;2021-10-08 03:33;SONY;Pantalla Sony LCD Smart TV de 65 Pulgadas 4K/Dolby Atmos XR-65X90J con Google TV;https://www.liverpool.com.mx/tienda/pdp/Pantalla-Sony-LCD-Smart-TV-de-65-Pulgadas-4K/Dolby-Atmos-XR-65X90J-con-Google-TV/1104559529;CE;5;https://www.liverpool.com.mx/
530;aHR0cHM6Ly93d3cubGl2ZXJwb29sLmNvbS5teC90aWVuZGEvcGRwL1BhbnRhbGxhLVNvbnktTENELVNtYXJ0LVRWLWRlLTY1LVB1bGdhZGFzLTRLL0RvbGJ5LUF0bW9zLVhSLTY1WDkwSi1jb24tR29vZ2xlLVRWLzExMDQ1NTk1Mjk5ODA4NzE=;SEM;2021-10-08;2021-05-17;;980871;;;;LIVERPOOL;MX;2021-10-08 03:33;SONY;Pantalla Sony LCD Smart TV de 65 Pulgadas 4K/Dolby Atmos XR-65X90J con Google TV;https://www.liverpool.com.mx/tienda/pdp/Pantalla-Sony-LCD-Smart-TV-de-65-Pulgadas-4K/Dolby-Atmos-XR-65X90J-con-Google-TV/1104559529;CE;5;https://www.liverpool.com.mx/
531;aHR0cHM6Ly93d3cubGl2ZXJwb29sLmNvbS5teC90aWVuZGEvcGRwL1BhbnRhbGxhLVNvbnktTENELVNtYXJ0LVRWLWRlLTY1LVB1bGdhZGFzLTRLL0RvbGJ5LUF0bW9zLVhSLTY1WDkwSi1jb24tR29vZ2xlLVRWLzExMDQ1NTk1MjkxMDIwODI2;SEM;2021-10-08;2021-06-01;;1020826;;;;LIVERPOOL;MX;2021-10-08 03:33;SONY;Pantalla Sony LCD Smart TV de 65 Pulgadas 4K/Dolby Atmos XR-65X90J con Google TV;https://www.liverpool.com.mx/tienda/pdp/Pantalla-Sony-LCD-Smart-TV-de-65-Pulgadas-4K/Dolby-Atmos-XR-65X90J-con-Google-TV/1104559529;CE;5;https://www.liverpool.com.mx/
532;aHR0cHM6Ly93d3cubGl2ZXJwb29sLmNvbS5teC90aWVuZGEvcGRwL1BhbnRhbGxhLVNvbnktTENELVNtYXJ0LVRWLWRlLTY1LVB1bGdhZGFzLTRLL0RvbGJ5LUF0bW9zLVhSLTY1WDkwSi1jb24tR29vZ2xlLVRWLzExMDQ1NTk1MjkxMjc4MjE1;SEM;2021-10-08;2021-09-22;;1278215;;;;LIVERPOOL;MX;2021-10-08 03:33;SONY;Pantalla Sony LCD Smart TV de 65 Pulgadas 4K/Dolby Atmos XR-65X90J con Google TV;https://www.liverpool.com.mx/tienda/pdp/Pantalla-Sony-LCD-Smart-TV-de-65-Pulgadas-4K/Dolby-Atmos-XR-65X90J-con-Google-TV/1104559529;CE;5;https://www.liverpool.com.mx/
533;aHR0cHM6Ly93d3cubGl2ZXJwb29sLmNvbS5teC90aWVuZGEvcGRwL1BhbnRhbGxhLVNvbnktTENELVNtYXJ0LVRWLWRlLTY1LVB1bGdhZGFzLTRLL0RvbGJ5LUF0bW9zLVhSLTY1WDkwSi1jb24tR29vZ2xlLVRWLzExMDQ1NTk1Mjk5MjE0MDE=;SEM;2021-10-08;2021-04-25;;921401;;;;LIVERPOOL;MX;2021-10-08 03:33;SONY;Pantalla Sony LCD Smart TV de 65 Pulgadas 4K/Dolby Atmos XR-65X90J con Google TV;https://www.liverpool.com.mx/tienda/pdp/Pantalla-Sony-LCD-Smart-TV-de-65-Pulgadas-4K/Dolby-Atmos-XR-65X90J-con-Google-TV/1104559529;CE;5;https://www.liverpool.com.mx/
534;aHR0cHM6Ly93d3cubGl2ZXJwb29sLmNvbS5teC90aWVuZGEvcGRwL1BhbnRhbGxhLTQwLXB1bGdhZGFzLUhpc2Vuc2UtRkhELVNtYXJ0LVRWLTQwSDVHLzExMDA3OTE1MDgxMDIyNTQ0;SEM;2021-10-08;2021-06-01;;1022544;;;;LIVERPOOL;MX;2021-10-08 03:34;HISENSE;Pantalla 40 pulgadas Hisense FHD Smart TV 40H5G;https://www.liverpool.com.mx/tienda/pdp/Pantalla-40-pulgadas-Hisense-FHD-Smart-TV-40H5G/1100791508;CE;5;https://www.liverpool.com.mx/
535;aHR0cHM6Ly93d3cubGl2ZXJwb29sLmNvbS5teC90aWVuZGEvcGRwL1BhbnRhbGxhLTQwLXB1bGdhZGFzLUhpc2Vuc2UtRkhELVNtYXJ0LVRWLTQwSDVHLzExMDA3OTE1MDg4MTEyMTE=;SEM;2021-10-08;2021-02-26;;811211;;;;LIVERPOOL;MX;2021-10-08 03:34;HISENSE;Pantalla 40 pulgadas Hisense FHD Smart TV 40H5G;https://www.liverpool.com.mx/tienda/pdp/Pantalla-40-pulgadas-Hisense-FHD-Smart-TV-40H5G/1100791508;CE;4;https://www.liverpool.com.mx/
536;aHR0cHM6Ly93d3cubGl2ZXJwb29sLmNvbS5teC90aWVuZGEvcGRwL1BhbnRhbGxhLTQwLXB1bGdhZGFzLUhpc2Vuc2UtRkhELVNtYXJ0LVRWLTQwSDVHLzExMDA3OTE1MDgxMDI2Mzg3;SEM;2021-10-08;2021-06-02;;1026387;;;;LIVERPOOL;MX;2021-10-08 03:34;HISENSE;Pantalla 40 pulgadas Hisense FHD Smart TV 40H5G;https://www.liverpool.com.mx/tienda/pdp/Pantalla-40-pulgadas-Hisense-FHD-Smart-TV-40H5G/1100791508;CE;5;https://www.liverpool.com.mx/
537;aHR0cHM6Ly93d3cubGl2ZXJwb29sLmNvbS5teC90aWVuZGEvcGRwL1BhbnRhbGxhLTQwLXB1bGdhZGFzLUhpc2Vuc2UtRkhELVNtYXJ0LVRWLTQwSDVHLzExMDA3OTE1MDg4MjM1OTE=;SEM;2021-10-08;2021-03-03;;823591;;;;LIVERPOOL;MX;2021-10-08 03:34;HISENSE;Pantalla 40 pulgadas Hisense FHD Smart TV 40H5G;https://www.liverpool.com.mx/tienda/pdp/Pantalla-40-pulgadas-Hisense-FHD-Smart-TV-40H5G/1100791508;CE;5;https://www.liverpool.com.mx/
538;aHR0cHM6Ly93d3cubGl2ZXJwb29sLmNvbS5teC90aWVuZGEvcGRwL1BhbnRhbGxhLTQwLXB1bGdhZGFzLUhpc2Vuc2UtRkhELVNtYXJ0LVRWLTQwSDVHLzExMDA3OTE1MDg5NDQ3MzA=;SEM;2021-10-08;2021-05-06;;944730;;;;LIVERPOOL;MX;2021-10-08 03:34;HISENSE;Pantalla 40 pulgadas Hisense FHD Smart TV 40H5G;https://www.liverpool.com.mx/tienda/pdp/Pantalla-40-pulgadas-Hisense-FHD-Smart-TV-40H5G/1100791508;CE;5;https://www.liverpool.com.mx/
539;aHR0cHM6Ly93d3cubGl2ZXJwb29sLmNvbS5teC90aWVuZGEvcGRwL1BhbnRhbGxhLTQwLXB1bGdhZGFzLUhpc2Vuc2UtRkhELVNtYXJ0LVRWLTQwSDVHLzExMDA3OTE1MDg5NzQ3MTM=;SEM;2021-10-08;2021-05-15;;974713;;;;LIVERPOOL;MX;2021-10-08 03:34;HISENSE;Pantalla 40 pulgadas Hisense FHD Smart TV 40H5G;https://www.liverpool.com.mx/tienda/pdp/Pantalla-40-pulgadas-Hisense-FHD-Smart-TV-40H5G/1100791508;CE;5;https://www.liverpool.com.mx/
540;aHR0cHM6Ly93d3cubGl2ZXJwb29sLmNvbS5teC90aWVuZGEvcGRwL1BhbnRhbGxhLTQwLXB1bGdhZGFzLUhpc2Vuc2UtRkhELVNtYXJ0LVRWLTQwSDVHLzExMDA3OTE1MDg3NDg0MTE=;SEM;2021-10-08;2021-01-27;;748411;;;;LIVERPOOL;MX;2021-10-08 03:34;HISENSE;Pantalla 40 pulgadas Hisense FHD Smart TV 40H5G;https://www.liverpool.com.mx/tienda/pdp/Pantalla-40-pulgadas-Hisense-FHD-Smart-TV-40H5G/1100791508;CE;5;https://www.liverpool.com.mx/
541;aHR0cHM6Ly93d3cubGl2ZXJwb29sLmNvbS5teC90aWVuZGEvcGRwL1BhbnRhbGxhLTQwLXB1bGdhZGFzLUhpc2Vuc2UtRkhELVNtYXJ0LVRWLTQwSDVHLzExMDA3OTE1MDg4MjMxMzA=;SEM;2021-10-08;2021-03-03;;823130;;;;LIVERPOOL;MX;2021-10-08 03:34;HISENSE;Pantalla 40 pulgadas Hisense FHD Smart TV 40H5G;https://www.liverpool.com.mx/tienda/pdp/Pantalla-40-pulgadas-Hisense-FHD-Smart-TV-40H5G/1100791508;CE;5;https://www.liverpool.com.mx/
542;aHR0cHM6Ly93d3cubGl2ZXJwb29sLmNvbS5teC90aWVuZGEvcGRwL1BhbnRhbGxhLVNvbnktR29vZ2xlLVRWLWRlLTY1LVB1bGdhZGFzLTRLL0RvbGJ5LUF0bW9zLUtELTY1WDgwSi8xMTA0NTU4ODMyOTg1NTQw;SEM;2021-10-08;2021-05-19;;985540;;;;LIVERPOOL;MX;2021-10-08 03:34;SONY;Pantalla Sony Google TV de 65 Pulgadas 4K/Dolby Atmos KD-65X80J;https://www.liverpool.com.mx/tienda/pdp/Pantalla-Sony-Google-TV-de-65-Pulgadas-4K/Dolby-Atmos-KD-65X80J/1104558832;CE;5;https://www.liverpool.com.mx/
543;aHR0cHM6Ly93d3cubGl2ZXJwb29sLmNvbS5teC90aWVuZGEvcGRwL1BhbnRhbGxhLVNvbnktR29vZ2xlLVRWLWRlLTY1LVB1bGdhZGFzLTRLL0RvbGJ5LUF0bW9zLUtELTY1WDgwSi8xMTA0NTU4ODMyOTYzMDU2;SEM;2021-10-08;2021-05-11;;963056;;;;LIVERPOOL;MX;2021-10-08 03:34;SONY;Pantalla Sony Google TV de 65 Pulgadas 4K/Dolby Atmos KD-65X80J;https://www.liverpool.com.mx/tienda/pdp/Pantalla-Sony-Google-TV-de-65-Pulgadas-4K/Dolby-Atmos-KD-65X80J/1104558832;CE;5;https://www.liverpool.com.mx/
544;aHR0cHM6Ly93d3cubGl2ZXJwb29sLmNvbS5teC90aWVuZGEvcGRwL1BhbnRhbGxhLVNvbnktR29vZ2xlLVRWLWRlLTY1LVB1bGdhZGFzLTRLL0RvbGJ5LUF0bW9zLUtELTY1WDgwSi8xMTA0NTU4ODMyMTEzMDMxMQ==;SEM;2021-10-08;2021-07-08;;1130311;;;;LIVERPOOL;MX;2021-10-08 03:35;SONY;Pantalla Sony Google TV de 65 Pulgadas 4K/Dolby Atmos KD-65X80J;https://www.liverpool.com.mx/tienda/pdp/Pantalla-Sony-Google-TV-de-65-Pulgadas-4K/Dolby-Atmos-KD-65X80J/1104558832;CE;5;https://www.liverpool.com.mx/
545;aHR0cHM6Ly93d3cubGl2ZXJwb29sLmNvbS5teC90aWVuZGEvcGRwL1BhbnRhbGxhLVNvbnktR29vZ2xlLVRWLWRlLTY1LVB1bGdhZGFzLTRLL0RvbGJ5LUF0bW9zLUtELTY1WDgwSi8xMTA0NTU4ODMyMTI1Njg2NQ==;SEM;2021-10-08;2021-09-10;;1256865;;;;LIVERPOOL;MX;2021-10-08 03:35;SONY;Pantalla Sony Google TV de 65 Pulgadas 4K/Dolby Atmos KD-65X80J;https://www.liverpool.com.mx/tienda/pdp/Pantalla-Sony-Google-TV-de-65-Pulgadas-4K/Dolby-Atmos-KD-65X80J/1104558832;CE;5;https://www.liverpool.com.mx/
546;aHR0cHM6Ly93d3cubGl2ZXJwb29sLmNvbS5teC90aWVuZGEvcGRwL1BhbnRhbGxhLVNvbnktR29vZ2xlLVRWLWRlLTY1LVB1bGdhZGFzLTRLL0RvbGJ5LUF0bW9zLUtELTY1WDgwSi8xMTA0NTU4ODMyMTMwMDY3Ng==;SEM;2021-10-08;2021-10-04;;1300676;;;;LIVERPOOL;MX;2021-10-08 03:35;SONY;Pantalla Sony Google TV de 65 Pulgadas 4K/Dolby Atmos KD-65X80J;https://www.liverpool.com.mx/tienda/pdp/Pantalla-Sony-Google-TV-de-65-Pulgadas-4K/Dolby-Atmos-KD-65X80J/1104558832;CE;5;https://www.liverpool.com.mx/
547;aHR0cHM6Ly93d3cubGl2ZXJwb29sLmNvbS5teC90aWVuZGEvcGRwL1BhbnRhbGxhLVNvbnktR29vZ2xlLVRWLWRlLTY1LVB1bGdhZGFzLTRLL0RvbGJ5LUF0bW9zLUtELTY1WDgwSi8xMTA0NTU4ODMyMTAyMjE0OQ==;SEM;2021-10-08;2021-06-01;;1022149;;;;LIVERPOOL;MX;2021-10-08 03:35;SONY;Pantalla Sony Google TV de 65 Pulgadas 4K/Dolby Atmos KD-65X80J;https://www.liverpool.com.mx/tienda/pdp/Pantalla-Sony-Google-TV-de-65-Pulgadas-4K/Dolby-Atmos-KD-65X80J/1104558832;CE;5;https://www.liverpool.com.mx/
548;aHR0cHM6Ly93d3cubGl2ZXJwb29sLmNvbS5teC90aWVuZGEvcGRwL1BhbnRhbGxhLVNvbnktR29vZ2xlLVRWLWRlLTY1LVB1bGdhZGFzLTRLL0RvbGJ5LUF0bW9zLUtELTY1WDgwSi8xMTA0NTU4ODMyMTA2OTE3OA==;SEM;2021-10-08;2021-06-15;;1069178;;;;LIVERPOOL;MX;2021-10-08 03:35;SONY;Pantalla Sony Google TV de 65 Pulgadas 4K/Dolby Atmos KD-65X80J;https://www.liverpool.com.mx/tienda/pdp/Pantalla-Sony-Google-TV-de-65-Pulgadas-4K/Dolby-Atmos-KD-65X80J/1104558832;CE;3;https://www.liverpool.com.mx/
549;aHR0cHM6Ly93d3cubGl2ZXJwb29sLmNvbS5teC90aWVuZGEvcGRwL1BhbnRhbGxhLVNvbnktR29vZ2xlLVRWLWRlLTY1LVB1bGdhZGFzLTRLL0RvbGJ5LUF0bW9zLUtELTY1WDgwSi8xMTA0NTU4ODMyMTI1NzY0OQ==;SEM;2021-10-08;2021-09-10;;1257649;;;;LIVERPOOL;MX;2021-10-08 03:35;SONY;Pantalla Sony Google TV de 65 Pulgadas 4K/Dolby Atmos KD-65X80J;https://www.liverpool.com.mx/tienda/pdp/Pantalla-Sony-Google-TV-de-65-Pulgadas-4K/Dolby-Atmos-KD-65X80J/1104558832;CE;5;https://www.liverpool.com.mx/
550;aHR0cHM6Ly93d3cubGl2ZXJwb29sLmNvbS5teC90aWVuZGEvcGRwL1BhbnRhbGxhLUhpc2Vuc2UtVWxlZC1TbWFydC1UVi1kZS01NS1QdWxnYWRhcy1RSEQtNTVVOEctY29uLUFuZHJvaWQtVFYvMTEwNTk0MzM0OTEyMzUxNjc=;SEM;2021-10-08;2021-08-28;;1235167;;;;LIVERPOOL;MX;2021-10-08 03:35;HISENSE;Pantalla Hisense Uled Smart TV de 55 Pulgadas QHD 55U8G con Android TV;https://www.liverpool.com.mx/tienda/pdp/Pantalla-Hisense-Uled-Smart-TV-de-55-Pulgadas-QHD-55U8G-con-Android-TV/1105943349;CE;5;https://www.liverpool.com.mx/
551;aHR0cHM6Ly93d3cubGl2ZXJwb29sLmNvbS5teC90aWVuZGEvcGRwL1BhbnRhbGxhLUhpc2Vuc2UtVWxlZC1TbWFydC1UVi1kZS01NS1QdWxnYWRhcy1RSEQtNTVVOEctY29uLUFuZHJvaWQtVFYvMTEwNTk0MzM0OTEzMDg4MTE=;SEM;2021-10-08;2021-10-07;;1308811;;;;LIVERPOOL;MX;2021-10-08 03:35;HISENSE;Pantalla Hisense Uled Smart TV de 55 Pulgadas QHD 55U8G con Android TV;https://www.liverpool.com.mx/tienda/pdp/Pantalla-Hisense-Uled-Smart-TV-de-55-Pulgadas-QHD-55U8G-con-Android-TV/1105943349;CE;5;https://www.liverpool.com.mx/
552;aHR0cHM6Ly93d3cubGl2ZXJwb29sLmNvbS5teC90aWVuZGEvcGRwL1BhbnRhbGxhLVNvbnktTENELVNtYXJ0LVRWLWRlLTQzLVB1bGdhZGFzLTRLL0RvbGJ5LUF0bW9zLUtELTQzWDg1Si1jb24tR29vZ2xlLVRWLzExMDYyOTYyMDcxMjQwNTcw;SEM;2021-10-08;2021-08-31;;1240570;;;;LIVERPOOL;MX;2021-10-08 03:36;SONY;Pantalla Sony LCD Smart TV de 43 Pulgadas 4K/Dolby Atmos KD-43X85J con Google TV;https://www.liverpool.com.mx/tienda/pdp/Pantalla-Sony-LCD-Smart-TV-de-43-Pulgadas-4K/Dolby-Atmos-KD-43X85J-con-Google-TV/1106296207;CE;5;https://www.liverpool.com.mx/
553;aHR0cHM6Ly93d3cubGl2ZXJwb29sLmNvbS5teC90aWVuZGEvcGRwL1BhbnRhbGxhLVNvbnktTENELVNtYXJ0LVRWLWRlLTQzLVB1bGdhZGFzLTRLL0RvbGJ5LUF0bW9zLUtELTQzWDg1Si1jb24tR29vZ2xlLVRWLzExMDYyOTYyMDcxMTk1NzYx;SEM;2021-10-08;2021-08-08;;1195761;;;;LIVERPOOL;MX;2021-10-08 03:36;SONY;Pantalla Sony LCD Smart TV de 43 Pulgadas 4K/Dolby Atmos KD-43X85J con Google TV;https://www.liverpool.com.mx/tienda/pdp/Pantalla-Sony-LCD-Smart-TV-de-43-Pulgadas-4K/Dolby-Atmos-KD-43X85J-con-Google-TV/1106296207;CE;5;https://www.liverpool.com.mx/
554;aHR0cHM6Ly93d3cubGl2ZXJwb29sLmNvbS5teC90aWVuZGEvcGRwL1BhbnRhbGxhLUhpc2Vuc2UtVWxlZC1TbWFydC1UVi1ERS02NS1QdWxnYWRhcy02NVU4Ry1jb24tQW5kcm9pZC1UVi8xMTA1OTQyMDQxMTE3MjQ2Nw==;SEM;2021-10-08;2021-07-29;;1172467;;;;LIVERPOOL;MX;2021-10-08 03:36;HISENSE;Pantalla Hisense Uled Smart TV DE 65 Pulgadas 65U8G con Android TV;https://www.liverpool.com.mx/tienda/pdp/Pantalla-Hisense-Uled-Smart-TV-DE-65-Pulgadas-65U8G-con-Android-TV/1105942041;CE;5;https://www.liverpool.com.mx/
555;aHR0cHM6Ly93d3cubGl2ZXJwb29sLmNvbS5teC90aWVuZGEvcGRwL1BhbnRhbGxhLUhpc2Vuc2UtVWxlZC1TbWFydC1UVi1ERS02NS1QdWxnYWRhcy02NVU4Ry1jb24tQW5kcm9pZC1UVi8xMTA1OTQyMDQxMTIyNDcxOA==;SEM;2021-10-08;2021-08-22;;1224718;;;;LIVERPOOL;MX;2021-10-08 03:36;HISENSE;Pantalla Hisense Uled Smart TV DE 65 Pulgadas 65U8G con Android TV;https://www.liverpool.com.mx/tienda/pdp/Pantalla-Hisense-Uled-Smart-TV-DE-65-Pulgadas-65U8G-con-Android-TV/1105942041;CE;4;https://www.liverpool.com.mx/
556;aHR0cHM6Ly93d3cubGl2ZXJwb29sLmNvbS5teC90aWVuZGEvcGRwL1BhbnRhbGxhLUhpc2Vuc2UtVWxlZC1TbWFydC1UVi1ERS02NS1QdWxnYWRhcy02NVU4Ry1jb24tQW5kcm9pZC1UVi8xMTA1OTQyMDQxMTE0NzQwNw==;SEM;2021-10-08;2021-07-17;;1147407;;;;LIVERPOOL;MX;2021-10-08 03:36;HISENSE;Pantalla Hisense Uled Smart TV DE 65 Pulgadas 65U8G con Android TV;https://www.liverpool.com.mx/tienda/pdp/Pantalla-Hisense-Uled-Smart-TV-DE-65-Pulgadas-65U8G-con-Android-TV/1105942041;CE;5;https://www.liverpool.com.mx/
557;aHR0cHM6Ly93d3cubGl2ZXJwb29sLmNvbS5teC90aWVuZGEvcGRwL1BhbnRhbGxhLUh5dW5kYWktTEVELVNtYXJ0LVRWLWRlLTMyLVB1bGdhZGFzLUhELUhZTEVEMzI0M05JTS8xMTEwODc4NDQwMTMwMjUyNA==;SEM;2021-10-08;2021-10-04;;1302524;;;;LIVERPOOL;MX;2021-10-08 03:37;HYUNDAI;Pantalla Hyundai LED Smart TV de 32 Pulgadas HD HYLED3243NIM;https://www.liverpool.com.mx/tienda/pdp/Pantalla-Hyundai-LED-Smart-TV-de-32-Pulgadas-HD-HYLED3243NIM/1110878440;CE;4;https://www.liverpool.com.mx/
558;aHR0cHM6Ly93d3cubGl2ZXJwb29sLmNvbS5teC90aWVuZGEvcGRwL1BhbnRhbGxhLVNvbnktTENELVNtYXJ0LVRWLWRlLTY1LVB1bGdhZGFzLTRLLS8tRG9sYnktQXRtb3MtS0QtNjVYODVKLWNvbi1Hb29nbGUtVFYvMTEwNTU1MTkyMTExNTEzMTk=;SEM;2021-10-08;2021-07-18;;1151319;;;;LIVERPOOL;MX;2021-10-08 03:37;SONY;Pantalla Sony LCD Smart TV de 65 Pulgadas 4K / Dolby Atmos KD-65X85J con Google TV;https://www.liverpool.com.mx/tienda/pdp/Pantalla-Sony-LCD-Smart-TV-de-65-Pulgadas-4K-/-Dolby-Atmos-KD-65X85J-con-Google-TV/1105551921;CE;5;https://www.liverpool.com.mx/
559;aHR0cHM6Ly93d3cubGl2ZXJwb29sLmNvbS5teC90aWVuZGEvcGRwL1BhbnRhbGxhLVNvbnktTENELVNtYXJ0LVRWLWRlLTY1LVB1bGdhZGFzLTRLLS8tRG9sYnktQXRtb3MtS0QtNjVYODVKLWNvbi1Hb29nbGUtVFYvMTEwNTU1MTkyMTEwMzMyMDg=;SEM;2021-10-08;2021-06-04;;1033208;;;;LIVERPOOL;MX;2021-10-08 03:37;SONY;Pantalla Sony LCD Smart TV de 65 Pulgadas 4K / Dolby Atmos KD-65X85J con Google TV;https://www.liverpool.com.mx/tienda/pdp/Pantalla-Sony-LCD-Smart-TV-de-65-Pulgadas-4K-/-Dolby-Atmos-KD-65X85J-con-Google-TV/1105551921;CE;5;https://www.liverpool.com.mx/
560;aHR0cHM6Ly93d3cubGl2ZXJwb29sLmNvbS5teC90aWVuZGEvcGRwL1BhbnRhbGxhLVNvbnktTENELVNtYXJ0LVRWLWRlLTg1LVB1bGdhZGFzLTRLL0RvbGJ5LUF0bW9zLUtELTg1WDg1Si1Hb29nbGUtVFYvMTEwNTU2NjQ1NjEyOTg1Mzk=;SEM;2021-10-08;2021-10-03;;1298539;;;;LIVERPOOL;MX;2021-10-08 03:37;SONY;Pantalla Sony LCD Smart TV de 85 Pulgadas 4K/Dolby Atmos KD-85X85J Google TV;https://www.liverpool.com.mx/tienda/pdp/Pantalla-Sony-LCD-Smart-TV-de-85-Pulgadas-4K/Dolby-Atmos-KD-85X85J-Google-TV/1105566456;CE;5;https://www.liverpool.com.mx/
561;aHR0cHM6Ly93d3cubGl2ZXJwb29sLmNvbS5teC90aWVuZGEvcGRwL1BhbnRhbGxhLUxFRC1IaXNlbnNlLVNtYXJ0LVRWLWRlLTEwMC1QdWxnYWRhcy00Sy9VSEQtMTAwTDlHLWNvbi1BbmRyb2lkLVRWLzExMDkxNjI4NjQxMjk0NDkw;SEM;2021-10-08;2021-10-01;;1294490;;;;LIVERPOOL;MX;2021-10-08 03:37;HISENSE;Pantalla LED Hisense Smart TV de 100 Pulgadas 4K/UHD 100L9G con Android TV;https://www.liverpool.com.mx/tienda/pdp/Pantalla-LED-Hisense-Smart-TV-de-100-Pulgadas-4K/UHD-100L9G-con-Android-TV/1109162864;CE;5;https://www.liverpool.com.mx/
562;aHR0cHM6Ly93d3cubGl2ZXJwb29sLmNvbS5teC90aWVuZGEvcGRwL1BhbnRhbGxhLVNvbnktR29vZ2xlLVRWLWRlLTc3LVB1bGdhZGFzLTRLL0RvbGJ5LUF0bW9zLVhSLTc3QTgwSi8xMTA1NDgyMjUyMTA5MDAxMw==;SEM;2021-10-08;2021-06-22;;1090013;;;;LIVERPOOL;MX;2021-10-08 03:38;SONY;Pantalla Sony Google TV de 77 Pulgadas 4K/Dolby Atmos XR-77A80J;https://www.liverpool.com.mx/tienda/pdp/Pantalla-Sony-Google-TV-de-77-Pulgadas-4K/Dolby-Atmos-XR-77A80J/1105482252;CE;5;https://www.liverpool.com.mx/
563;aHR0cHM6Ly93d3cubGl2ZXJwb29sLmNvbS5teC90aWVuZGEvcGRwL1BhbnRhbGxhLVNvbnktT0xFRC1TbWFydC1UVi1kZS01NS1QdWxnYWRhcy00Sy0vLURvbGJ5LUF0bW9zLVhSLTU1QTkwSi1Hb29nbGUtVFYvMTEwNTU1MDM5ODk3NjYzNg==;SEM;2021-10-08;2021-05-16;;976636;;;;LIVERPOOL;MX;2021-10-08 03:39;SONY;Pantalla Sony OLED Smart TV de 55 Pulgadas 4K / Dolby Atmos XR-55A90J Google TV;https://www.liverpool.com.mx/tienda/pdp/Pantalla-Sony-OLED-Smart-TV-de-55-Pulgadas-4K-/-Dolby-Atmos-XR-55A90J-Google-TV/1105550398;CE;5;https://www.liverpool.com.mx/
564;aHR0cHM6Ly93d3cubGl2ZXJwb29sLmNvbS5teC90aWVuZGEvcGRwL1BhbnRhbGxhLVRDTC1MRUQtU21hcnQtVFYtZGUtNTAtcHVsZ2FkYXMtNEsvVWx0cmEtSEQtNTBBNTQ3LWNvbi1BbmRyb2lkLVRWLzExMDc2Mjc0MDExMjc3NTQw;SEM;2021-10-08;2021-09-21;;1277540;;;;LIVERPOOL;MX;2021-10-08 03:48;TCL;Pantalla TCL LED Smart TV de 50 pulgadas 4K/Ultra HD 50A547 con Android TV;https://www.liverpool.com.mx/tienda/pdp/Pantalla-TCL-LED-Smart-TV-de-50-pulgadas-4K/Ultra-HD-50A547-con-Android-TV/1107627401;CE;4;https://www.liverpool.com.mx/
565;aHR0cHM6Ly93d3cubGl2ZXJwb29sLmNvbS5teC90aWVuZGEvcGRwL1BhbnRhbGxhLVRDTC1MRUQtU21hcnQtVFYtZGUtNTAtcHVsZ2FkYXMtNEsvVWx0cmEtSEQtNTBBNTQ3LWNvbi1BbmRyb2lkLVRWLzExMDc2Mjc0MDExMTk1Njg5;SEM;2021-10-08;2021-08-08;;1195689;;;;LIVERPOOL;MX;2021-10-08 03:48;TCL;Pantalla TCL LED Smart TV de 50 pulgadas 4K/Ultra HD 50A547 con Android TV;https://www.liverpool.com.mx/tienda/pdp/Pantalla-TCL-LED-Smart-TV-de-50-pulgadas-4K/Ultra-HD-50A547-con-Android-TV/1107627401;CE;5;https://www.liverpool.com.mx/
566;aHR0cHM6Ly93d3cubGl2ZXJwb29sLmNvbS5teC90aWVuZGEvcGRwL1BhbnRhbGxhLVNvbnktR29vZ2xlLVRWLWRlLTUwLVB1bGdhZGFzLTRLL0RvbGJ5LUF0bW9zLUtELTUwWDgwSi8xMTA0NTU4ODQxMTAwOTkzNA==;SEM;2021-10-08;2021-05-28;;1009934;;;;LIVERPOOL;MX;2021-10-08 03:53;SONY;Pantalla Sony Google TV de 50 Pulgadas 4K/Dolby Atmos KD-50X80J;https://www.liverpool.com.mx/tienda/pdp/Pantalla-Sony-Google-TV-de-50-Pulgadas-4K/Dolby-Atmos-KD-50X80J/1104558841;CE;5;https://www.liverpool.com.mx/
567;aHR0cHM6Ly93d3cubGl2ZXJwb29sLmNvbS5teC90aWVuZGEvcGRwL1BhbnRhbGxhLVNvbnktR29vZ2xlLVRWLWRlLTUwLVB1bGdhZGFzLTRLL0RvbGJ5LUF0bW9zLUtELTUwWDgwSi8xMTA0NTU4ODQxOTI2NDU2;SEM;2021-10-08;2021-04-29;;926456;;;;LIVERPOOL;MX;2021-10-08 03:53;SONY;Pantalla Sony Google TV de 50 Pulgadas 4K/Dolby Atmos KD-50X80J;https://www.liverpool.com.mx/tienda/pdp/Pantalla-Sony-Google-TV-de-50-Pulgadas-4K/Dolby-Atmos-KD-50X80J/1104558841;CE;5;https://www.liverpool.com.mx/
568;aHR0cHM6Ly93d3cubGl2ZXJwb29sLmNvbS5teC90aWVuZGEvcGRwL1BhbnRhbGxhLVNvbnktR29vZ2xlLVRWLWRlLTUwLVB1bGdhZGFzLTRLL0RvbGJ5LUF0bW9zLUtELTUwWDgwSi8xMTA0NTU4ODQxMTA5NjUyMw==;SEM;2021-10-08;2021-06-24;;1096523;;;;LIVERPOOL;MX;2021-10-08 03:53;SONY;Pantalla Sony Google TV de 50 Pulgadas 4K/Dolby Atmos KD-50X80J;https://www.liverpool.com.mx/tienda/pdp/Pantalla-Sony-Google-TV-de-50-Pulgadas-4K/Dolby-Atmos-KD-50X80J/1104558841;CE;5;https://www.liverpool.com.mx/
569;aHR0cHM6Ly93d3cubGl2ZXJwb29sLmNvbS5teC90aWVuZGEvcGRwL1BhbnRhbGxhLVNvbnktR29vZ2xlLVRWLWRlLTUwLVB1bGdhZGFzLTRLL0RvbGJ5LUF0bW9zLUtELTUwWDgwSi8xMTA0NTU4ODQxMTA3NzMzNw==;SEM;2021-10-08;2021-06-18;;1077337;;;;LIVERPOOL;MX;2021-10-08 03:53;SONY;Pantalla Sony Google TV de 50 Pulgadas 4K/Dolby Atmos KD-50X80J;https://www.liverpool.com.mx/tienda/pdp/Pantalla-Sony-Google-TV-de-50-Pulgadas-4K/Dolby-Atmos-KD-50X80J/1104558841;CE;5;https://www.liverpool.com.mx/
570;aHR0cHM6Ly93d3cubGl2ZXJwb29sLmNvbS5teC90aWVuZGEvcGRwL1BhbnRhbGxhLVNvbnktR29vZ2xlLVRWLWRlLTUwLVB1bGdhZGFzLTRLL0RvbGJ5LUF0bW9zLUtELTUwWDgwSi8xMTA0NTU4ODQxMTE5NDgwMQ==;SEM;2021-10-08;2021-08-08;;1194801;;;;LIVERPOOL;MX;2021-10-08 03:53;SONY;Pantalla Sony Google TV de 50 Pulgadas 4K/Dolby Atmos KD-50X80J;https://www.liverpool.com.mx/tienda/pdp/Pantalla-Sony-Google-TV-de-50-Pulgadas-4K/Dolby-Atmos-KD-50X80J/1104558841;CE;5;https://www.liverpool.com.mx/
571;aHR0cHM6Ly93d3cubGl2ZXJwb29sLmNvbS5teC90aWVuZGEvcGRwL1BhbnRhbGxhLUhpc2Vuc2UtU21hcnQtVFYtZGUtODUtUHVsZ2FkYXMtNEstVUhELTg1SDY1NzBHLzEwOTg0MTk3Nzk1ODgxOTg=;SEM;2021-10-08;2020-09-07;;588198;;;;LIVERPOOL;MX;2021-10-08 03:54;HISENSE;Pantalla Hisense Smart TV de 85 Pulgadas 4K UHD 85H6570G;https://www.liverpool.com.mx/tienda/pdp/Pantalla-Hisense-Smart-TV-de-85-Pulgadas-4K-UHD-85H6570G/1098419779;CE;5;https://www.liverpool.com.mx/
572;aHR0cHM6Ly93d3cubGl2ZXJwb29sLmNvbS5teC90aWVuZGEvcGRwL1BhbnRhbGxhLUhpc2Vuc2UtU21hcnQtVFYtZGUtODUtUHVsZ2FkYXMtNEstVUhELTg1SDY1NzBHLzEwOTg0MTk3Nzk3NTI5NDc=;SEM;2021-10-08;2021-01-29;;752947;;;;LIVERPOOL;MX;2021-10-08 03:54;HISENSE;Pantalla Hisense Smart TV de 85 Pulgadas 4K UHD 85H6570G;https://www.liverpool.com.mx/tienda/pdp/Pantalla-Hisense-Smart-TV-de-85-Pulgadas-4K-UHD-85H6570G/1098419779;CE;5;https://www.liverpool.com.mx/
573;aHR0cHM6Ly93d3cubGl2ZXJwb29sLmNvbS5teC90aWVuZGEvcGRwL1BhbnRhbGxhLUhpc2Vuc2UtU21hcnQtVFYtZGUtODUtUHVsZ2FkYXMtNEstVUhELTg1SDY1NzBHLzEwOTg0MTk3NzkxMjYzMjEx;SEM;2021-10-08;2021-09-13;;1263211;;;;LIVERPOOL;MX;2021-10-08 03:54;HISENSE;Pantalla Hisense Smart TV de 85 Pulgadas 4K UHD 85H6570G;https://www.liverpool.com.mx/tienda/pdp/Pantalla-Hisense-Smart-TV-de-85-Pulgadas-4K-UHD-85H6570G/1098419779;CE;5;https://www.liverpool.com.mx/
574;aHR0cHM6Ly93d3cubGl2ZXJwb29sLmNvbS5teC90aWVuZGEvcGRwL1BhbnRhbGxhLUhpc2Vuc2UtU21hcnQtVFYtZGUtODUtUHVsZ2FkYXMtNEstVUhELTg1SDY1NzBHLzEwOTg0MTk3Nzk5OTk5NDA=;SEM;2021-10-08;2021-05-24;;999940;;;;LIVERPOOL;MX;2021-10-08 03:54;HISENSE;Pantalla Hisense Smart TV de 85 Pulgadas 4K UHD 85H6570G;https://www.liverpool.com.mx/tienda/pdp/Pantalla-Hisense-Smart-TV-de-85-Pulgadas-4K-UHD-85H6570G/1098419779;CE;5;https://www.liverpool.com.mx/
575;aHR0cHM6Ly93d3cubGl2ZXJwb29sLmNvbS5teC90aWVuZGEvcGRwL1BhbnRhbGxhLUhpc2Vuc2UtU21hcnQtVFYtZGUtODUtUHVsZ2FkYXMtNEstVUhELTg1SDY1NzBHLzEwOTg0MTk3Nzk1NjE3MDk=;SEM;2021-10-08;2020-08-29;;561709;;;;LIVERPOOL;MX;2021-10-08 03:54;HISENSE;Pantalla Hisense Smart TV de 85 Pulgadas 4K UHD 85H6570G;https://www.liverpool.com.mx/tienda/pdp/Pantalla-Hisense-Smart-TV-de-85-Pulgadas-4K-UHD-85H6570G/1098419779;CE;5;https://www.liverpool.com.mx/
576;aHR0cHM6Ly93d3cubGl2ZXJwb29sLmNvbS5teC90aWVuZGEvcGRwL1BhbnRhbGxhLUhpc2Vuc2UtVWxlZC1TbWFydC1UVi1kZS02NS1wdWxnYWRhcy1Nb2RlbG8tNjVVNkcvMTEwNDkzMzEzNzExNTU5MDE=;SEM;2021-10-08;2021-07-21;;1155901;;;;LIVERPOOL;MX;2021-10-08 03:55;HISENSE;Pantalla Hisense Uled Smart TV de 65 pulgadas Modelo 65U6G;https://www.liverpool.com.mx/tienda/pdp/Pantalla-Hisense-Uled-Smart-TV-de-65-pulgadas-Modelo-65U6G/1104933137;CE;5;https://www.liverpool.com.mx/
577;aHR0cHM6Ly93d3cubGl2ZXJwb29sLmNvbS5teC90aWVuZGEvcGRwL1BhbnRhbGxhLUhpc2Vuc2UtVWxlZC1TbWFydC1UVi1kZS02NS1wdWxnYWRhcy1Nb2RlbG8tNjVVNkcvMTEwNDkzMzEzNzEyOTcxODA=;SEM;2021-10-08;2021-10-02;;1297180;;;;LIVERPOOL;MX;2021-10-08 03:55;HISENSE;Pantalla Hisense Uled Smart TV de 65 pulgadas Modelo 65U6G;https://www.liverpool.com.mx/tienda/pdp/Pantalla-Hisense-Uled-Smart-TV-de-65-pulgadas-Modelo-65U6G/1104933137;CE;3;https://www.liverpool.com.mx/
578;aHR0cHM6Ly93d3cubGl2ZXJwb29sLmNvbS5teC90aWVuZGEvcGRwL1BhbnRhbGxhLUhpc2Vuc2UtVWxlZC1TbWFydC1UVi1kZS02NS1wdWxnYWRhcy1Nb2RlbG8tNjVVNkcvMTEwNDkzMzEzNzEwNDk4NzM=;SEM;2021-10-08;2021-06-09;;1049873;;;;LIVERPOOL;MX;2021-10-08 03:55;HISENSE;Pantalla Hisense Uled Smart TV de 65 pulgadas Modelo 65U6G;https://www.liverpool.com.mx/tienda/pdp/Pantalla-Hisense-Uled-Smart-TV-de-65-pulgadas-Modelo-65U6G/1104933137;CE;5;https://www.liverpool.com.mx/
579;aHR0cHM6Ly93d3cubGl2ZXJwb29sLmNvbS5teC90aWVuZGEvcGRwL1BhbnRhbGxhLUhpc2Vuc2UtVWxlZC1TbWFydC1UVi1kZS02NS1wdWxnYWRhcy1Nb2RlbG8tNjVVNkcvMTEwNDkzMzEzNzExMDIzMzI=;SEM;2021-10-08;2021-06-26;;1102332;;;;LIVERPOOL;MX;2021-10-08 03:55;HISENSE;Pantalla Hisense Uled Smart TV de 65 pulgadas Modelo 65U6G;https://www.liverpool.com.mx/tienda/pdp/Pantalla-Hisense-Uled-Smart-TV-de-65-pulgadas-Modelo-65U6G/1104933137;CE;4;https://www.liverpool.com.mx/
580;aHR0cHM6Ly93d3cubGl2ZXJwb29sLmNvbS5teC90aWVuZGEvcGRwL1BhbnRhbGxhLVRDTC1MRUQtU21hcnQtVFYtZGUtNTUtUHVsZ2FkYXMtNEsvVUhELTU1QTQ0NS1jb24tQW5kcm9pZC1UVi8xMTA1ODIyMzcxMTA3OTMzMg==;SEM;2021-10-08;2021-06-19;;1079332;;;;LIVERPOOL;MX;2021-10-08 03:55;TCL;Pantalla TCL LED Smart TV de 55 Pulgadas 4K/UHD 55A445 con Android TV;https://www.liverpool.com.mx/tienda/pdp/Pantalla-TCL-LED-Smart-TV-de-55-Pulgadas-4K/UHD-55A445-con-Android-TV/1105822371;CE;5;https://www.liverpool.com.mx/
581;aHR0cHM6Ly93d3cubGl2ZXJwb29sLmNvbS5teC90aWVuZGEvcGRwL1BhbnRhbGxhLVBhbmFzb25pYy1TbWFydC1UVi0zMi1wdWxnYWRhcy1GUzUwMC1IRC1UQy0zMkZTNTAwWC8xMTA3NDg0OTk2MTI4Njk2NA==;SEM;2021-10-08;2021-09-26;;1286964;;;;LIVERPOOL;MX;2021-10-08 03:56;PANASONIC;Pantalla Panasonic Smart TV 32 pulgadas FS500 HD TC-32FS500X;https://www.liverpool.com.mx/tienda/pdp/Pantalla-Panasonic-Smart-TV-32-pulgadas-FS500-HD-TC-32FS500X/1107484996;CE;5;https://www.liverpool.com.mx/
582;aHR0cHM6Ly93d3cubGl2ZXJwb29sLmNvbS5teC90aWVuZGEvcGRwL1BhbnRhbGxhLVNvbnktTENELVNtYXJ0LVRWLWRlLTU1LVB1bGdhZGFzLTRLLS8tRG9sYnktQXRtb3MtS0QtNTVYODVKLWNvbi1Hb29nbGUtVFYvMTEwNTU1MTg4MjEyMzU3ODc=;SEM;2021-10-08;2021-08-29;;1235787;;;;LIVERPOOL;MX;2021-10-08 03:56;SONY;Pantalla Sony LCD Smart TV de 55 Pulgadas 4K / Dolby Atmos KD-55X85J con Google TV;https://www.liverpool.com.mx/tienda/pdp/Pantalla-Sony-LCD-Smart-TV-de-55-Pulgadas-4K-/-Dolby-Atmos-KD-55X85J-con-Google-TV/1105551882;CE;5;https://www.liverpool.com.mx/
583;aHR0cHM6Ly93d3cubGl2ZXJwb29sLmNvbS5teC90aWVuZGEvcGRwL1BhbnRhbGxhLVNvbnktTEVELVNtYXJ0LVRWLWRlLTUwLVB1bGdhZGFzLTRLL0RvbGJ5LUF0bW9zLUtELTUwWDg1Si1jb24tR29vZ2xlLVRWLzExMDYyOTYxOTMxMzA0OTgz;SEM;2021-10-08;2021-10-06;;1304983;;;;LIVERPOOL;MX;2021-10-08 03:56;SONY;Pantalla Sony LED Smart TV de 50 Pulgadas 4K/Dolby Atmos KD-50X85J con Google TV;https://www.liverpool.com.mx/tienda/pdp/Pantalla-Sony-LED-Smart-TV-de-50-Pulgadas-4K/Dolby-Atmos-KD-50X85J-con-Google-TV/1106296193;CE;5;https://www.liverpool.com.mx/
584;aHR0cHM6Ly93d3cubGl2ZXJwb29sLmNvbS5teC90aWVuZGEvcGRwL1BhbnRhbGxhLVNvbnktTEVELVNtYXJ0LVRWLWRlLTUwLVB1bGdhZGFzLTRLL0RvbGJ5LUF0bW9zLUtELTUwWDg1Si1jb24tR29vZ2xlLVRWLzExMDYyOTYxOTMxMjIxNzA3;SEM;2021-10-08;2021-08-21;;1221707;;;;LIVERPOOL;MX;2021-10-08 03:56;SONY;Pantalla Sony LED Smart TV de 50 Pulgadas 4K/Dolby Atmos KD-50X85J con Google TV;https://www.liverpool.com.mx/tienda/pdp/Pantalla-Sony-LED-Smart-TV-de-50-Pulgadas-4K/Dolby-Atmos-KD-50X85J-con-Google-TV/1106296193;CE;5;https://www.liverpool.com.mx/
585;aHR0cHM6Ly93d3cubGl2ZXJwb29sLmNvbS5teC90aWVuZGEvcGRwL1BhbnRhbGxhLVRDTC1MRUQtU21hcnQtVFYtZGUtNTUtcHVsZ2FkYXMtNEsvVWx0cmEtSEQtNTVBNTQ3LWNvbi1BbmRyb2lkLVRWLzExMDc2MTI2MjUxMjI2OTM3;SEM;2021-10-08;2021-08-24;;1226937;;;;LIVERPOOL;MX;2021-10-08 03:57;TCL;Pantalla TCL LED Smart TV de 55 pulgadas 4K/Ultra HD 55A547 con Android TV;https://www.liverpool.com.mx/tienda/pdp/Pantalla-TCL-LED-Smart-TV-de-55-pulgadas-4K/Ultra-HD-55A547-con-Android-TV/1107612625;CE;5;https://www.liverpool.com.mx/
586;aHR0cHM6Ly93d3cubGl2ZXJwb29sLmNvbS5teC90aWVuZGEvcGRwL1BhbnRhbGxhLVNvbnktT0xFRC1TbWFydC1UVi1kZS01NS1QdWxnYWRhcy00Sy0vLURvbGJ5LUF0bW9zLVhSLTU1QTgwSi1jb24tR29vZ2xlLVRWLzExMDU1NTA0MDExMTI1MzU0;SEM;2021-10-08;2021-07-05;;1125354;;;;LIVERPOOL;MX;2021-10-08 03:58;SONY;Pantalla Sony OLED Smart TV de 55 Pulgadas 4K / Dolby Atmos XR-55A80J con Google TV;https://www.liverpool.com.mx/tienda/pdp/Pantalla-Sony-OLED-Smart-TV-de-55-Pulgadas-4K-/-Dolby-Atmos-XR-55A80J-con-Google-TV/1105550401;CE;5;https://www.liverpool.com.mx/
587;aHR0cHM6Ly93d3cubGl2ZXJwb29sLmNvbS5teC90aWVuZGEvcGRwL3BhbnRhbGxhLXNhbXN1bmctbGVkLXNtYXJ0LXR2LWRlLTc1LXB1bGdhZGFzLTRrLXVuNzVhdTkwMDBmeHp4LzExMDYwMDgwNDAxMzA3ODAy;SEM;2021-10-09;2021-10-07;;1307802;;;;LIVERPOOL;MX;2021-10-09 04:00;SAMSUNG;Pantalla Samsung LED Smart TV de 75 Pulgadas 4K UN75AU9000FXZX;https://www.liverpool.com.mx/tienda/pdp/pantalla-samsung-led-smart-tv-de-75-pulgadas-4k-un75au9000fxzx/1106008040;CE;5;https://www.liverpool.com.mx/
588;aHR0cHM6Ly93d3cubGl2ZXJwb29sLmNvbS5teC90aWVuZGEvcGRwL1BhbnRhbGxhLVNhbXN1bmctQ3J5c3RhbC1VSEQtU21hcnQtVFYtZGUtNjUtUHVsZ2FkYXMtNEstVU42NUFVNzAwMEZYWlgvMTEwOTI4MzQ1OTEyNzUzOTM=;SEM;2021-10-09;2021-09-20;;1275393;;;;LIVERPOOL;MX;2021-10-09 04:25;SAMSUNG;Pantalla Samsung Crystal UHD Smart TV de 65 Pulgadas 4K UN65AU7000FXZX;https://www.liverpool.com.mx/tienda/pdp/Pantalla-Samsung-Crystal-UHD-Smart-TV-de-65-Pulgadas-4K-UN65AU7000FXZX/1109283459;CE;4;https://www.liverpool.com.mx/
589;aHR0cHM6Ly93d3cubGl2ZXJwb29sLmNvbS5teC90aWVuZGEvcGRwL1BhbnRhbGxhLVNhbXN1bmctUUxFRC1TbWFydC1UVi1kZS01NS1QdWxnYWRhcy00Sy1RTjU1UU44NUFBRlhaWC8xMTA0Nzk2MzM0MTExNTMyOQ==;SEM;2021-10-09;2021-07-01;;1115329;;;;LIVERPOOL;MX;2021-10-09 04:29;SAMSUNG;Pantalla Samsung QLED Smart TV de 55 Pulgadas 4K QN55QN85AAFXZX;https://www.liverpool.com.mx/tienda/pdp/Pantalla-Samsung-QLED-Smart-TV-de-55-Pulgadas-4K-QN55QN85AAFXZX/1104796334;CE;5;https://www.liverpool.com.mx/
590;aHR0cHM6Ly93d3cubGl2ZXJwb29sLmNvbS5teC90aWVuZGEvcGRwL1BhbnRhbGxhLVNhbXN1bmctU21hcnQtVFYtZGUtODUtUHVsZ2FkYXMtOEstUU44NVFOOTAwQUZYWlgvMTEwNDc5NjQyMzk5NjE3Mw==;SEM;2021-10-09;2021-05-23;;996173;;;;LIVERPOOL;MX;2021-10-09 04:46;SAMSUNG;Pantalla Samsung Smart TV de 85 Pulgadas 8K QN85QN900AFXZX;https://www.liverpool.com.mx/tienda/pdp/Pantalla-Samsung-Smart-TV-de-85-Pulgadas-8K-QN85QN900AFXZX/1104796423;CE;5;https://www.liverpool.com.mx/
591;aHR0cHM6Ly93d3cubGl2ZXJwb29sLmNvbS5teC90aWVuZGEvcGRwL1BhbnRhbGxhLVNhbXN1bmctU21hcnQtVFYtZGUtODUtUHVsZ2FkYXMtOEstUU44NVFOOTAwQUZYWlgvMTEwNDc5NjQyMzEwMTQzMzE=;SEM;2021-10-09;2021-05-29;;1014331;;;;LIVERPOOL;MX;2021-10-09 04:46;SAMSUNG;Pantalla Samsung Smart TV de 85 Pulgadas 8K QN85QN900AFXZX;https://www.liverpool.com.mx/tienda/pdp/Pantalla-Samsung-Smart-TV-de-85-Pulgadas-8K-QN85QN900AFXZX/1104796423;CE;5;https://www.liverpool.com.mx/
592;aHR0cHM6Ly93d3cubGl2ZXJwb29sLmNvbS5teC90aWVuZGEvcGRwL1BhbnRhbGxhLVNhbXN1bmctU21hcnQtVFYtZGUtODUtUHVsZ2FkYXMtOEstUU44NVFOOTAwQUZYWlgvMTEwNDc5NjQyMzkzNDY4Mw==;SEM;2021-10-09;2021-05-02;;934683;;;;LIVERPOOL;MX;2021-10-09 04:46;SAMSUNG;Pantalla Samsung Smart TV de 85 Pulgadas 8K QN85QN900AFXZX;https://www.liverpool.com.mx/tienda/pdp/Pantalla-Samsung-Smart-TV-de-85-Pulgadas-8K-QN85QN900AFXZX/1104796423;CE;5;https://www.liverpool.com.mx/
593;aHR0cHM6Ly93d3cubGl2ZXJwb29sLmNvbS5teC90aWVuZGEvcGRwL1BhbnRhbGxhLVNhbXN1bmctU21hcnQtVFYtZGUtODUtUHVsZ2FkYXMtOEstUU44NVFOOTAwQUZYWlgvMTEwNDc5NjQyMzkzMjAyMA==;SEM;2021-10-09;2021-05-01;;932020;;;;LIVERPOOL;MX;2021-10-09 04:46;SAMSUNG;Pantalla Samsung Smart TV de 85 Pulgadas 8K QN85QN900AFXZX;https://www.liverpool.com.mx/tienda/pdp/Pantalla-Samsung-Smart-TV-de-85-Pulgadas-8K-QN85QN900AFXZX/1104796423;CE;5;https://www.liverpool.com.mx/
594;aHR0cHM6Ly93d3cubGl2ZXJwb29sLmNvbS5teC90aWVuZGEvcGRwL1BhbnRhbGxhLVNhbXN1bmctU21hcnQtVFYtZGUtODUtUHVsZ2FkYXMtOEstUU44NVFOOTAwQUZYWlgvMTEwNDc5NjQyMzk0OTU5OQ==;SEM;2021-10-09;2021-05-07;;949599;;;;LIVERPOOL;MX;2021-10-09 04:46;SAMSUNG;Pantalla Samsung Smart TV de 85 Pulgadas 8K QN85QN900AFXZX;https://www.liverpool.com.mx/tienda/pdp/Pantalla-Samsung-Smart-TV-de-85-Pulgadas-8K-QN85QN900AFXZX/1104796423;CE;5;https://www.liverpool.com.mx/
595;aHR0cHM6Ly93d3cubGl2ZXJwb29sLmNvbS5teC90aWVuZGEvcGRwL1BhbnRhbGxhLVNhbXN1bmctU21hcnQtVFYtZGUtODUtUHVsZ2FkYXMtOEstUU44NVFOOTAwQUZYWlgvMTEwNDc5NjQyMzk5NTg5Nw==;SEM;2021-10-09;2021-05-22;;995897;;;;LIVERPOOL;MX;2021-10-09 04:46;SAMSUNG;Pantalla Samsung Smart TV de 85 Pulgadas 8K QN85QN900AFXZX;https://www.liverpool.com.mx/tienda/pdp/Pantalla-Samsung-Smart-TV-de-85-Pulgadas-8K-QN85QN900AFXZX/1104796423;CE;5;https://www.liverpool.com.mx/
596;aHR0cHM6Ly93d3cubGl2ZXJwb29sLmNvbS5teC90aWVuZGEvcGRwL1BhbnRhbGxhLVNhbXN1bmctU21hcnQtVFYtZGUtODUtUHVsZ2FkYXMtOEstUU44NVFOOTAwQUZYWlgvMTEwNDc5NjQyMzEwNjA0MzQ=;SEM;2021-10-09;2021-06-12;;1060434;;;;LIVERPOOL;MX;2021-10-09 04:46;SAMSUNG;Pantalla Samsung Smart TV de 85 Pulgadas 8K QN85QN900AFXZX;https://www.liverpool.com.mx/tienda/pdp/Pantalla-Samsung-Smart-TV-de-85-Pulgadas-8K-QN85QN900AFXZX/1104796423;CE;5;https://www.liverpool.com.mx/
597;aHR0cHM6Ly93d3cubGl2ZXJwb29sLmNvbS5teC90aWVuZGEvcGRwL1BhbnRhbGxhLVNhbXN1bmctU21hcnQtVFYtZGUtODUtUHVsZ2FkYXMtOEstUU44NVFOOTAwQUZYWlgvMTEwNDc5NjQyMzkyOTA2MA==;SEM;2021-10-09;2021-04-30;;929060;;;;LIVERPOOL;MX;2021-10-09 04:46;SAMSUNG;Pantalla Samsung Smart TV de 85 Pulgadas 8K QN85QN900AFXZX;https://www.liverpool.com.mx/tienda/pdp/Pantalla-Samsung-Smart-TV-de-85-Pulgadas-8K-QN85QN900AFXZX/1104796423;CE;5;https://www.liverpool.com.mx/
598;aHR0cHM6Ly93d3cubGl2ZXJwb29sLmNvbS5teC90aWVuZGEvcGRwL1BhbnRhbGxhLVNhbXN1bmctU21hcnQtVFYtZGUtODUtUHVsZ2FkYXMtOEstUU44NVFOOTAwQUZYWlgvMTEwNDc5NjQyMzEwNzAwNjk=;SEM;2021-10-09;2021-06-15;;1070069;;;;LIVERPOOL;MX;2021-10-09 04:46;SAMSUNG;Pantalla Samsung Smart TV de 85 Pulgadas 8K QN85QN900AFXZX;https://www.liverpool.com.mx/tienda/pdp/Pantalla-Samsung-Smart-TV-de-85-Pulgadas-8K-QN85QN900AFXZX/1104796423;CE;5;https://www.liverpool.com.mx/
599;aHR0cHM6Ly93d3cubGl2ZXJwb29sLmNvbS5teC90aWVuZGEvcGRwL1BhbnRhbGxhLVNhbXN1bmctU21hcnQtVFYtZGUtODUtUHVsZ2FkYXMtOEstUU44NVFOOTAwQUZYWlgvMTEwNDc5NjQyMzkyODc5Mw==;SEM;2021-10-09;2021-04-30;;928793;;;;LIVERPOOL;MX;2021-10-09 04:46;SAMSUNG;Pantalla Samsung Smart TV de 85 Pulgadas 8K QN85QN900AFXZX;https://www.liverpool.com.mx/tienda/pdp/Pantalla-Samsung-Smart-TV-de-85-Pulgadas-8K-QN85QN900AFXZX/1104796423;CE;5;https://www.liverpool.com.mx/
600;aHR0cHM6Ly93d3cubGl2ZXJwb29sLmNvbS5teC90aWVuZGEvcGRwL1BhbnRhbGxhLVNhbXN1bmctU21hcnQtVFYtZGUtODUtUHVsZ2FkYXMtOEstUU44NVFOOTAwQUZYWlgvMTEwNDc5NjQyMzEwNzg5OTY=;SEM;2021-10-09;2021-06-18;;1078996;;;;LIVERPOOL;MX;2021-10-09 04:46;SAMSUNG;Pantalla Samsung Smart TV de 85 Pulgadas 8K QN85QN900AFXZX;https://www.liverpool.com.mx/tienda/pdp/Pantalla-Samsung-Smart-TV-de-85-Pulgadas-8K-QN85QN900AFXZX/1104796423;CE;5;https://www.liverpool.com.mx/
601;aHR0cHM6Ly93d3cubGl2ZXJwb29sLmNvbS5teC90aWVuZGEvcGRwL1BhbnRhbGxhLVNhbXN1bmctU21hcnQtVFYtZGUtODUtUHVsZ2FkYXMtOEstUU44NVFOOTAwQUZYWlgvMTEwNDc5NjQyMzEwNzg5Mjg=;SEM;2021-10-09;2021-06-18;;1078928;;;;LIVERPOOL;MX;2021-10-09 04:46;SAMSUNG;Pantalla Samsung Smart TV de 85 Pulgadas 8K QN85QN900AFXZX;https://www.liverpool.com.mx/tienda/pdp/Pantalla-Samsung-Smart-TV-de-85-Pulgadas-8K-QN85QN900AFXZX/1104796423;CE;5;https://www.liverpool.com.mx/
602;aHR0cHM6Ly93d3cubGl2ZXJwb29sLmNvbS5teC90aWVuZGEvcGRwL1BhbnRhbGxhLVNhbXN1bmctU21hcnQtVFYtZGUtODUtUHVsZ2FkYXMtOEstUU44NVFOOTAwQUZYWlgvMTEwNDc5NjQyMzEwNzgxOTA=;SEM;2021-10-09;2021-06-18;;1078190;;;;LIVERPOOL;MX;2021-10-09 04:46;SAMSUNG;Pantalla Samsung Smart TV de 85 Pulgadas 8K QN85QN900AFXZX;https://www.liverpool.com.mx/tienda/pdp/Pantalla-Samsung-Smart-TV-de-85-Pulgadas-8K-QN85QN900AFXZX/1104796423;CE;5;https://www.liverpool.com.mx/
603;aHR0cHM6Ly93d3cubGl2ZXJwb29sLmNvbS5teC90aWVuZGEvcGRwL1BhbnRhbGxhLVNhbXN1bmctU21hcnQtVFYtZGUtODUtUHVsZ2FkYXMtOEstUU44NVFOOTAwQUZYWlgvMTEwNDc5NjQyMzEwNjI5OTY=;SEM;2021-10-09;2021-06-13;;1062996;;;;LIVERPOOL;MX;2021-10-09 04:46;SAMSUNG;Pantalla Samsung Smart TV de 85 Pulgadas 8K QN85QN900AFXZX;https://www.liverpool.com.mx/tienda/pdp/Pantalla-Samsung-Smart-TV-de-85-Pulgadas-8K-QN85QN900AFXZX/1104796423;CE;4;https://www.liverpool.com.mx/
604;aHR0cHM6Ly93d3cubGl2ZXJwb29sLmNvbS5teC90aWVuZGEvcGRwL1BhbnRhbGxhLVNhbXN1bmctU21hcnQtVFYtZGUtODUtUHVsZ2FkYXMtOEstUU44NVFOOTAwQUZYWlgvMTEwNDc5NjQyMzExMTE0NDA=;SEM;2021-10-09;2021-06-29;;1111440;;;;LIVERPOOL;MX;2021-10-09 04:46;SAMSUNG;Pantalla Samsung Smart TV de 85 Pulgadas 8K QN85QN900AFXZX;https://www.liverpool.com.mx/tienda/pdp/Pantalla-Samsung-Smart-TV-de-85-Pulgadas-8K-QN85QN900AFXZX/1104796423;CE;5;https://www.liverpool.com.mx/
605;aHR0cHM6Ly93d3cubGl2ZXJwb29sLmNvbS5teC90aWVuZGEvcGRwL1BhbnRhbGxhLVNhbXN1bmctU21hcnQtVFYtZGUtODUtUHVsZ2FkYXMtOEstUU44NVFOOTAwQUZYWlgvMTEwNDc5NjQyMzExNTUxMDg=;SEM;2021-10-09;2021-07-20;;1155108;;;;LIVERPOOL;MX;2021-10-09 04:46;SAMSUNG;Pantalla Samsung Smart TV de 85 Pulgadas 8K QN85QN900AFXZX;https://www.liverpool.com.mx/tienda/pdp/Pantalla-Samsung-Smart-TV-de-85-Pulgadas-8K-QN85QN900AFXZX/1104796423;CE;5;https://www.liverpool.com.mx/
606;aHR0cHM6Ly93d3cubGl2ZXJwb29sLmNvbS5teC90aWVuZGEvcGRwL1BhbnRhbGxhLVNhbXN1bmctU21hcnQtVFYtZGUtODUtUHVsZ2FkYXMtOEstUU44NVFOOTAwQUZYWlgvMTEwNDc5NjQyMzExMDg4NzY=;SEM;2021-10-09;2021-06-28;;1108876;;;;LIVERPOOL;MX;2021-10-09 04:46;SAMSUNG;Pantalla Samsung Smart TV de 85 Pulgadas 8K QN85QN900AFXZX;https://www.liverpool.com.mx/tienda/pdp/Pantalla-Samsung-Smart-TV-de-85-Pulgadas-8K-QN85QN900AFXZX/1104796423;CE;5;https://www.liverpool.com.mx/
607;aHR0cHM6Ly93d3cubGl2ZXJwb29sLmNvbS5teC90aWVuZGEvcGRwL1BhbnRhbGxhLVNhbXN1bmctU21hcnQtVFYtZGUtODUtUHVsZ2FkYXMtOEstUU44NVFOOTAwQUZYWlgvMTEwNDc5NjQyMzEwNTAxNDA=;SEM;2021-10-09;2021-06-09;;1050140;;;;LIVERPOOL;MX;2021-10-09 04:46;SAMSUNG;Pantalla Samsung Smart TV de 85 Pulgadas 8K QN85QN900AFXZX;https://www.liverpool.com.mx/tienda/pdp/Pantalla-Samsung-Smart-TV-de-85-Pulgadas-8K-QN85QN900AFXZX/1104796423;CE;5;https://www.liverpool.com.mx/
608;aHR0cHM6Ly93d3cubGl2ZXJwb29sLmNvbS5teC90aWVuZGEvcGRwL1BhbnRhbGxhLVNhbXN1bmctU21hcnQtVFYtZGUtODUtUHVsZ2FkYXMtOEstUU44NVFOOTAwQUZYWlgvMTEwNDc5NjQyMzExMDkzNTI=;SEM;2021-10-09;2021-06-28;;1109352;;;;LIVERPOOL;MX;2021-10-09 04:46;SAMSUNG;Pantalla Samsung Smart TV de 85 Pulgadas 8K QN85QN900AFXZX;https://www.liverpool.com.mx/tienda/pdp/Pantalla-Samsung-Smart-TV-de-85-Pulgadas-8K-QN85QN900AFXZX/1104796423;CE;5;https://www.liverpool.com.mx/
609;aHR0cHM6Ly93d3cubGl2ZXJwb29sLmNvbS5teC90aWVuZGEvcGRwL1BhbnRhbGxhLVNhbXN1bmctU21hcnQtVFYtZGUtODUtUHVsZ2FkYXMtOEstUU44NVFOOTAwQUZYWlgvMTEwNDc5NjQyMzk0OTkxNQ==;SEM;2021-10-09;2021-05-07;;949915;;;;LIVERPOOL;MX;2021-10-09 04:46;SAMSUNG;Pantalla Samsung Smart TV de 85 Pulgadas 8K QN85QN900AFXZX;https://www.liverpool.com.mx/tienda/pdp/Pantalla-Samsung-Smart-TV-de-85-Pulgadas-8K-QN85QN900AFXZX/1104796423;CE;5;https://www.liverpool.com.mx/
610;aHR0cHM6Ly93d3cubGl2ZXJwb29sLmNvbS5teC90aWVuZGEvcGRwL1BhbnRhbGxhLVNhbXN1bmctU21hcnQtVFYtZGUtODUtUHVsZ2FkYXMtOEstUU44NVFOOTAwQUZYWlgvMTEwNDc5NjQyMzEwODg5NDY=;SEM;2021-10-09;2021-06-21;;1088946;;;;LIVERPOOL;MX;2021-10-09 04:46;SAMSUNG;Pantalla Samsung Smart TV de 85 Pulgadas 8K QN85QN900AFXZX;https://www.liverpool.com.mx/tienda/pdp/Pantalla-Samsung-Smart-TV-de-85-Pulgadas-8K-QN85QN900AFXZX/1104796423;CE;5;https://www.liverpool.com.mx/
611;aHR0cHM6Ly93d3cubGl2ZXJwb29sLmNvbS5teC90aWVuZGEvcGRwL1BhbnRhbGxhLVNhbXN1bmctU21hcnQtVFYtZGUtODUtUHVsZ2FkYXMtOEstUU44NVFOOTAwQUZYWlgvMTEwNDc5NjQyMzExMTE0ODk=;SEM;2021-10-09;2021-06-29;;1111489;;;;LIVERPOOL;MX;2021-10-09 04:46;SAMSUNG;Pantalla Samsung Smart TV de 85 Pulgadas 8K QN85QN900AFXZX;https://www.liverpool.com.mx/tienda/pdp/Pantalla-Samsung-Smart-TV-de-85-Pulgadas-8K-QN85QN900AFXZX/1104796423;CE;5;https://www.liverpool.com.mx/
612;aHR0cHM6Ly93d3cubGl2ZXJwb29sLmNvbS5teC90aWVuZGEvcGRwL1BhbnRhbGxhLVNhbXN1bmctU21hcnQtVFYtZGUtODUtUHVsZ2FkYXMtOEstUU44NVFOOTAwQUZYWlgvMTEwNDc5NjQyMzkzNDY2MQ==;SEM;2021-10-09;2021-05-02;;934661;;;;LIVERPOOL;MX;2021-10-09 04:46;SAMSUNG;Pantalla Samsung Smart TV de 85 Pulgadas 8K QN85QN900AFXZX;https://www.liverpool.com.mx/tienda/pdp/Pantalla-Samsung-Smart-TV-de-85-Pulgadas-8K-QN85QN900AFXZX/1104796423;CE;3;https://www.liverpool.com.mx/
613;aHR0cHM6Ly93d3cubGl2ZXJwb29sLmNvbS5teC90aWVuZGEvcGRwL1BhbnRhbGxhLVNhbXN1bmctU21hcnQtVFYtZGUtODUtUHVsZ2FkYXMtOEstUU44NVFOOTAwQUZYWlgvMTEwNDc5NjQyMzk5NTg1Mw==;SEM;2021-10-09;2021-05-22;;995853;;;;LIVERPOOL;MX;2021-10-09 04:46;SAMSUNG;Pantalla Samsung Smart TV de 85 Pulgadas 8K QN85QN900AFXZX;https://www.liverpool.com.mx/tienda/pdp/Pantalla-Samsung-Smart-TV-de-85-Pulgadas-8K-QN85QN900AFXZX/1104796423;CE;5;https://www.liverpool.com.mx/
614;aHR0cHM6Ly93d3cubGl2ZXJwb29sLmNvbS5teC90aWVuZGEvcGRwL1BhbnRhbGxhLVNhbXN1bmctU21hcnQtVFYtZGUtODUtUHVsZ2FkYXMtOEstUU44NVFOOTAwQUZYWlgvMTEwNDc5NjQyMzk5ODcwNg==;SEM;2021-10-09;2021-05-23;;998706;;;;LIVERPOOL;MX;2021-10-09 04:46;SAMSUNG;Pantalla Samsung Smart TV de 85 Pulgadas 8K QN85QN900AFXZX;https://www.liverpool.com.mx/tienda/pdp/Pantalla-Samsung-Smart-TV-de-85-Pulgadas-8K-QN85QN900AFXZX/1104796423;CE;5;https://www.liverpool.com.mx/
615;aHR0cHM6Ly93d3cubGl2ZXJwb29sLmNvbS5teC90aWVuZGEvcGRwL1BhbnRhbGxhLVNhbXN1bmctU21hcnQtVFYtZGUtODUtUHVsZ2FkYXMtOEstUU44NVFOOTAwQUZYWlgvMTEwNDc5NjQyMzkyNjE5Nw==;SEM;2021-10-09;2021-04-29;;926197;;;;LIVERPOOL;MX;2021-10-09 04:46;SAMSUNG;Pantalla Samsung Smart TV de 85 Pulgadas 8K QN85QN900AFXZX;https://www.liverpool.com.mx/tienda/pdp/Pantalla-Samsung-Smart-TV-de-85-Pulgadas-8K-QN85QN900AFXZX/1104796423;CE;5;https://www.liverpool.com.mx/
616;aHR0cHM6Ly93d3cubGl2ZXJwb29sLmNvbS5teC90aWVuZGEvcGRwL1BhbnRhbGxhLVNhbXN1bmctU21hcnQtVFYtZGUtODUtUHVsZ2FkYXMtOEstUU44NVFOOTAwQUZYWlgvMTEwNDc5NjQyMzkyNjk5Mw==;SEM;2021-10-09;2021-04-29;;926993;;;;LIVERPOOL;MX;2021-10-09 04:46;SAMSUNG;Pantalla Samsung Smart TV de 85 Pulgadas 8K QN85QN900AFXZX;https://www.liverpool.com.mx/tienda/pdp/Pantalla-Samsung-Smart-TV-de-85-Pulgadas-8K-QN85QN900AFXZX/1104796423;CE;5;https://www.liverpool.com.mx/
617;aHR0cHM6Ly93d3cubGl2ZXJwb29sLmNvbS5teC90aWVuZGEvcGRwL1BhbnRhbGxhLVNhbXN1bmctU21hcnQtVFYtZGUtODUtUHVsZ2FkYXMtOEstUU44NVFOOTAwQUZYWlgvMTEwNDc5NjQyMzk0OTk5NA==;SEM;2021-10-09;2021-05-07;;949994;;;;LIVERPOOL;MX;2021-10-09 04:46;SAMSUNG;Pantalla Samsung Smart TV de 85 Pulgadas 8K QN85QN900AFXZX;https://www.liverpool.com.mx/tienda/pdp/Pantalla-Samsung-Smart-TV-de-85-Pulgadas-8K-QN85QN900AFXZX/1104796423;CE;5;https://www.liverpool.com.mx/
618;aHR0cHM6Ly93d3cubGl2ZXJwb29sLmNvbS5teC90aWVuZGEvcGRwL1BhbnRhbGxhLVNhbXN1bmctU21hcnQtVFYtZGUtODUtUHVsZ2FkYXMtOEstUU44NVFOOTAwQUZYWlgvMTEwNDc5NjQyMzEwMDMxMTM=;SEM;2021-10-09;2021-05-25;;1003113;;;;LIVERPOOL;MX;2021-10-09 04:46;SAMSUNG;Pantalla Samsung Smart TV de 85 Pulgadas 8K QN85QN900AFXZX;https://www.liverpool.com.mx/tienda/pdp/Pantalla-Samsung-Smart-TV-de-85-Pulgadas-8K-QN85QN900AFXZX/1104796423;CE;5;https://www.liverpool.com.mx/
619;aHR0cHM6Ly93d3cubGl2ZXJwb29sLmNvbS5teC90aWVuZGEvcGRwL1BhbnRhbGxhLVNhbXN1bmctU21hcnQtVFYtZGUtODUtUHVsZ2FkYXMtOEstUU44NVFOOTAwQUZYWlgvMTEwNDc5NjQyMzkzNDcyMg==;SEM;2021-10-09;2021-05-02;;934722;;;;LIVERPOOL;MX;2021-10-09 04:46;SAMSUNG;Pantalla Samsung Smart TV de 85 Pulgadas 8K QN85QN900AFXZX;https://www.liverpool.com.mx/tienda/pdp/Pantalla-Samsung-Smart-TV-de-85-Pulgadas-8K-QN85QN900AFXZX/1104796423;CE;5;https://www.liverpool.com.mx/
620;aHR0cHM6Ly93d3cubGl2ZXJwb29sLmNvbS5teC90aWVuZGEvcGRwL1BhbnRhbGxhLVNhbXN1bmctU21hcnQtVFYtZGUtODUtUHVsZ2FkYXMtOEstUU44NVFOOTAwQUZYWlgvMTEwNDc5NjQyMzEwMTY1Nzk=;SEM;2021-10-09;2021-05-30;;1016579;;;;LIVERPOOL;MX;2021-10-09 04:46;SAMSUNG;Pantalla Samsung Smart TV de 85 Pulgadas 8K QN85QN900AFXZX;https://www.liverpool.com.mx/tienda/pdp/Pantalla-Samsung-Smart-TV-de-85-Pulgadas-8K-QN85QN900AFXZX/1104796423;CE;5;https://www.liverpool.com.mx/
621;aHR0cHM6Ly93d3cubGl2ZXJwb29sLmNvbS5teC90aWVuZGEvcGRwL1BhbnRhbGxhLVNhbXN1bmctU21hcnQtVFYtZGUtODUtUHVsZ2FkYXMtOEstUU44NVFOOTAwQUZYWlgvMTEwNDc5NjQyMzkyODc1Mg==;SEM;2021-10-09;2021-04-30;;928752;;;;LIVERPOOL;MX;2021-10-09 04:46;SAMSUNG;Pantalla Samsung Smart TV de 85 Pulgadas 8K QN85QN900AFXZX;https://www.liverpool.com.mx/tienda/pdp/Pantalla-Samsung-Smart-TV-de-85-Pulgadas-8K-QN85QN900AFXZX/1104796423;CE;5;https://www.liverpool.com.mx/
622;aHR0cHM6Ly93d3cubGl2ZXJwb29sLmNvbS5teC90aWVuZGEvcGRwL1BhbnRhbGxhLVNhbXN1bmctU21hcnQtVFYtZGUtODUtUHVsZ2FkYXMtOEstUU44NVFOOTAwQUZYWlgvMTEwNDc5NjQyMzkyNTUxNA==;SEM;2021-10-09;2021-04-28;;925514;;;;LIVERPOOL;MX;2021-10-09 04:46;SAMSUNG;Pantalla Samsung Smart TV de 85 Pulgadas 8K QN85QN900AFXZX;https://www.liverpool.com.mx/tienda/pdp/Pantalla-Samsung-Smart-TV-de-85-Pulgadas-8K-QN85QN900AFXZX/1104796423;CE;5;https://www.liverpool.com.mx/
623;aHR0cHM6Ly93d3cubGl2ZXJwb29sLmNvbS5teC90aWVuZGEvcGRwL1BhbnRhbGxhLVNhbXN1bmctU21hcnQtVFYtZGUtODUtUHVsZ2FkYXMtOEstUU44NVFOOTAwQUZYWlgvMTEwNDc5NjQyMzkwNTQyOQ==;SEM;2021-10-09;2021-04-16;;905429;;;;LIVERPOOL;MX;2021-10-09 04:46;SAMSUNG;Pantalla Samsung Smart TV de 85 Pulgadas 8K QN85QN900AFXZX;https://www.liverpool.com.mx/tienda/pdp/Pantalla-Samsung-Smart-TV-de-85-Pulgadas-8K-QN85QN900AFXZX/1104796423;CE;5;https://www.liverpool.com.mx/
624;aHR0cHM6Ly93d3cubGl2ZXJwb29sLmNvbS5teC90aWVuZGEvcGRwL1BhbnRhbGxhLVNhbXN1bmctU21hcnQtVFYtZGUtODUtUHVsZ2FkYXMtOEstUU44NVFOOTAwQUZYWlgvMTEwNDc5NjQyMzkwOTE3OQ==;SEM;2021-10-09;2021-04-18;;909179;;;;LIVERPOOL;MX;2021-10-09 04:46;SAMSUNG;Pantalla Samsung Smart TV de 85 Pulgadas 8K QN85QN900AFXZX;https://www.liverpool.com.mx/tienda/pdp/Pantalla-Samsung-Smart-TV-de-85-Pulgadas-8K-QN85QN900AFXZX/1104796423;CE;5;https://www.liverpool.com.mx/
625;aHR0cHM6Ly93d3cubGl2ZXJwb29sLmNvbS5teC90aWVuZGEvcGRwL1BhbnRhbGxhLVNhbXN1bmctU21hcnQtVFYtZGUtODUtUHVsZ2FkYXMtOEstUU44NVFOOTAwQUZYWlgvMTEwNDc5NjQyMzkyOTEzOQ==;SEM;2021-10-09;2021-04-30;;929139;;;;LIVERPOOL;MX;2021-10-09 04:46;SAMSUNG;Pantalla Samsung Smart TV de 85 Pulgadas 8K QN85QN900AFXZX;https://www.liverpool.com.mx/tienda/pdp/Pantalla-Samsung-Smart-TV-de-85-Pulgadas-8K-QN85QN900AFXZX/1104796423;CE;5;https://www.liverpool.com.mx/
626;aHR0cHM6Ly93d3cubGl2ZXJwb29sLmNvbS5teC90aWVuZGEvcGRwL3BhbnRhbGxhLXNhbXN1bmctcWxlZC1zbWFydC10di1kZS03NS1wdWxnYWRhcy00ay1xbjc1cW45MGFhZnh6eC8xMTA0Nzk2MzkzMTIzMTA4Nw==;SEM;2021-10-09;2021-08-26;;1231087;;;;LIVERPOOL;MX;2021-10-09 05:15;SAMSUNG;Pantalla Samsung QLED Smart TV de 75 Pulgadas 4K QN75QN90AAFXZX;https://www.liverpool.com.mx/tienda/pdp/pantalla-samsung-qled-smart-tv-de-75-pulgadas-4k-qn75qn90aafxzx/1104796393;CE;5;https://www.liverpool.com.mx/
627;aHR0cHM6Ly93d3cubGl2ZXJwb29sLmNvbS5teC90aWVuZGEvcGRwL3BhbnRhbGxhLXNhbXN1bmctcWxlZC1zbWFydC10di1kZS03NS1wdWxnYWRhcy00ay1xbjc1cW45MGFhZnh6eC8xMTA0Nzk2MzkzMTAyMDEzNw==;SEM;2021-10-09;2021-05-31;;1020137;;;;LIVERPOOL;MX;2021-10-09 05:15;SAMSUNG;Pantalla Samsung QLED Smart TV de 75 Pulgadas 4K QN75QN90AAFXZX;https://www.liverpool.com.mx/tienda/pdp/pantalla-samsung-qled-smart-tv-de-75-pulgadas-4k-qn75qn90aafxzx/1104796393;CE;5;https://www.liverpool.com.mx/
628;aHR0cHM6Ly93d3cubGl2ZXJwb29sLmNvbS5teC90aWVuZGEvcGRwL0NvbmdlbGFkb3ItSGlzZW5zZS01LXBpZXMtYyVDMyVCQWJpY29zLWJsYW5jby1GQzUwRDZBV1gvMTA5NDIxMTMxNjU4NzMyNg==;SEM;2021-10-09;2020-09-06;;587326;;;;LIVERPOOL;MX;2021-10-09 03:34;HISENSE;Congelador Hisense 5 pies cúbicos blanco FC50D6AWX;https://www.liverpool.com.mx/tienda/pdp/Congelador-Hisense-5-pies-c%C3%BAbicos-blanco-FC50D6AWX/1094211316;CE;5;https://www.liverpool.com.mx/
629;aHR0cHM6Ly93d3cubGl2ZXJwb29sLmNvbS5teC90aWVuZGEvcGRwL0NvbmdlbGFkb3ItSGlzZW5zZS01LXBpZXMtYyVDMyVCQWJpY29zLWJsYW5jby1GQzUwRDZBV1gvMTA5NDIxMTMxNjIzNzg5Nw==;SEM;2021-10-09;2020-05-04;;237897;;;;LIVERPOOL;MX;2021-10-09 03:34;HISENSE;Congelador Hisense 5 pies cúbicos blanco FC50D6AWX;https://www.liverpool.com.mx/tienda/pdp/Congelador-Hisense-5-pies-c%C3%BAbicos-blanco-FC50D6AWX/1094211316;CE;5;https://www.liverpool.com.mx/
630;aHR0cHM6Ly93d3cubGl2ZXJwb29sLmNvbS5teC90aWVuZGEvcGRwL0NvbmdlbGFkb3ItSGlzZW5zZS01LXBpZXMtYyVDMyVCQWJpY29zLWJsYW5jby1GQzUwRDZBV1gvMTA5NDIxMTMxNjU3NDM1Mg==;SEM;2021-10-09;2020-09-01;;574352;;;;LIVERPOOL;MX;2021-10-09 03:34;HISENSE;Congelador Hisense 5 pies cúbicos blanco FC50D6AWX;https://www.liverpool.com.mx/tienda/pdp/Congelador-Hisense-5-pies-c%C3%BAbicos-blanco-FC50D6AWX/1094211316;CE;5;https://www.liverpool.com.mx/
631;aHR0cHM6Ly93d3cubGl2ZXJwb29sLmNvbS5teC90aWVuZGEvcGRwL0NvbmdlbGFkb3ItSGlzZW5zZS01LXBpZXMtYyVDMyVCQWJpY29zLWJsYW5jby1GQzUwRDZBV1gvMTA5NDIxMTMxNjIxNDI2MQ==;SEM;2021-10-09;2020-04-12;;214261;;;;LIVERPOOL;MX;2021-10-09 03:34;HISENSE;Congelador Hisense 5 pies cúbicos blanco FC50D6AWX;https://www.liverpool.com.mx/tienda/pdp/Congelador-Hisense-5-pies-c%C3%BAbicos-blanco-FC50D6AWX/1094211316;CE;5;https://www.liverpool.com.mx/
632;aHR0cHM6Ly93d3cubGl2ZXJwb29sLmNvbS5teC90aWVuZGEvcGRwL0NvbmdlbGFkb3ItSGlzZW5zZS01LXBpZXMtYyVDMyVCQWJpY29zLWJsYW5jby1GQzUwRDZBV1gvMTA5NDIxMTMxNjUyMTEyNg==;SEM;2021-10-09;2020-08-15;;521126;;;;LIVERPOOL;MX;2021-10-09 03:34;HISENSE;Congelador Hisense 5 pies cúbicos blanco FC50D6AWX;https://www.liverpool.com.mx/tienda/pdp/Congelador-Hisense-5-pies-c%C3%BAbicos-blanco-FC50D6AWX/1094211316;CE;5;https://www.liverpool.com.mx/
633;aHR0cHM6Ly93d3cubGl2ZXJwb29sLmNvbS5teC90aWVuZGEvcGRwL0NvbmdlbGFkb3ItSGlzZW5zZS01LXBpZXMtYyVDMyVCQWJpY29zLWJsYW5jby1GQzUwRDZBV1gvMTA5NDIxMTMxNjQ2MzI1NQ==;SEM;2021-10-09;2020-08-03;;463255;;;;LIVERPOOL;MX;2021-10-09 03:34;HISENSE;Congelador Hisense 5 pies cúbicos blanco FC50D6AWX;https://www.liverpool.com.mx/tienda/pdp/Congelador-Hisense-5-pies-c%C3%BAbicos-blanco-FC50D6AWX/1094211316;CE;4;https://www.liverpool.com.mx/
634;aHR0cHM6Ly93d3cubGl2ZXJwb29sLmNvbS5teC90aWVuZGEvcGRwL0NvbmdlbGFkb3ItSGlzZW5zZS01LXBpZXMtYyVDMyVCQWJpY29zLWJsYW5jby1GQzUwRDZBV1gvMTA5NDIxMTMxNjI0NTA0OQ==;SEM;2021-10-09;2020-05-09;;245049;;;;LIVERPOOL;MX;2021-10-09 03:34;HISENSE;Congelador Hisense 5 pies cúbicos blanco FC50D6AWX;https://www.liverpool.com.mx/tienda/pdp/Congelador-Hisense-5-pies-c%C3%BAbicos-blanco-FC50D6AWX/1094211316;CE;5;https://www.liverpool.com.mx/
635;aHR0cHM6Ly93d3cubGl2ZXJwb29sLmNvbS5teC90aWVuZGEvcGRwL0NvbmdlbGFkb3ItSGlzZW5zZS01LXBpZXMtYyVDMyVCQWJpY29zLWJsYW5jby1GQzUwRDZBV1gvMTA5NDIxMTMxNjY4NDUzNg==;SEM;2021-10-09;2020-12-24;;684536;;;;LIVERPOOL;MX;2021-10-09 03:34;HISENSE;Congelador Hisense 5 pies cúbicos blanco FC50D6AWX;https://www.liverpool.com.mx/tienda/pdp/Congelador-Hisense-5-pies-c%C3%BAbicos-blanco-FC50D6AWX/1094211316;CE;5;https://www.liverpool.com.mx/
636;aHR0cHM6Ly93d3cubGl2ZXJwb29sLmNvbS5teC90aWVuZGEvcGRwL0NvbmdlbGFkb3ItSGlzZW5zZS01LXBpZXMtYyVDMyVCQWJpY29zLWJsYW5jby1GQzUwRDZBV1gvMTA5NDIxMTMxNjQ5MjkyOQ==;SEM;2021-10-09;2020-08-07;;492929;;;;LIVERPOOL;MX;2021-10-09 03:34;HISENSE;Congelador Hisense 5 pies cúbicos blanco FC50D6AWX;https://www.liverpool.com.mx/tienda/pdp/Congelador-Hisense-5-pies-c%C3%BAbicos-blanco-FC50D6AWX/1094211316;CE;5;https://www.liverpool.com.mx/
637;aHR0cHM6Ly93d3cubGl2ZXJwb29sLmNvbS5teC90aWVuZGEvcGRwL0NvbmdlbGFkb3ItSGlzZW5zZS01LXBpZXMtYyVDMyVCQWJpY29zLWJsYW5jby1GQzUwRDZBV1gvMTA5NDIxMTMxNjU1NjQ5Mg==;SEM;2021-10-09;2020-08-26;;556492;;;;LIVERPOOL;MX;2021-10-09 03:34;HISENSE;Congelador Hisense 5 pies cúbicos blanco FC50D6AWX;https://www.liverpool.com.mx/tienda/pdp/Congelador-Hisense-5-pies-c%C3%BAbicos-blanco-FC50D6AWX/1094211316;CE;5;https://www.liverpool.com.mx/
638;aHR0cHM6Ly93d3cubGl2ZXJwb29sLmNvbS5teC90aWVuZGEvcGRwL0NvbmdlbGFkb3ItSGlzZW5zZS01LXBpZXMtYyVDMyVCQWJpY29zLWJsYW5jby1GQzUwRDZBV1gvMTA5NDIxMTMxNjgxOTQ1OQ==;SEM;2021-10-09;2021-03-01;;819459;;;;LIVERPOOL;MX;2021-10-09 03:34;HISENSE;Congelador Hisense 5 pies cúbicos blanco FC50D6AWX;https://www.liverpool.com.mx/tienda/pdp/Congelador-Hisense-5-pies-c%C3%BAbicos-blanco-FC50D6AWX/1094211316;CE;5;https://www.liverpool.com.mx/
639;aHR0cHM6Ly93d3cubGl2ZXJwb29sLmNvbS5teC90aWVuZGEvcGRwL0NvbmdlbGFkb3ItSGlzZW5zZS01LXBpZXMtYyVDMyVCQWJpY29zLWJsYW5jby1GQzUwRDZBV1gvMTA5NDIxMTMxNjUxNjg4NA==;SEM;2021-10-09;2020-08-13;;516884;;;;LIVERPOOL;MX;2021-10-09 03:34;HISENSE;Congelador Hisense 5 pies cúbicos blanco FC50D6AWX;https://www.liverpool.com.mx/tienda/pdp/Congelador-Hisense-5-pies-c%C3%BAbicos-blanco-FC50D6AWX/1094211316;CE;5;https://www.liverpool.com.mx/
640;aHR0cHM6Ly93d3cubGl2ZXJwb29sLmNvbS5teC90aWVuZGEvcGRwL0NvbmdlbGFkb3ItSGlzZW5zZS01LXBpZXMtYyVDMyVCQWJpY29zLWJsYW5jby1GQzUwRDZBV1gvMTA5NDIxMTMxNjIzNTc5OQ==;SEM;2021-10-09;2020-05-03;;235799;;;;LIVERPOOL;MX;2021-10-09 03:34;HISENSE;Congelador Hisense 5 pies cúbicos blanco FC50D6AWX;https://www.liverpool.com.mx/tienda/pdp/Congelador-Hisense-5-pies-c%C3%BAbicos-blanco-FC50D6AWX/1094211316;CE;5;https://www.liverpool.com.mx/
641;aHR0cHM6Ly93d3cubGl2ZXJwb29sLmNvbS5teC90aWVuZGEvcGRwL0NvbmdlbGFkb3ItSGlzZW5zZS01LXBpZXMtYyVDMyVCQWJpY29zLWJsYW5jby1GQzUwRDZBV1gvMTA5NDIxMTMxNjQ0MjQxNQ==;SEM;2021-10-09;2020-07-30;;442415;;;;LIVERPOOL;MX;2021-10-09 03:34;HISENSE;Congelador Hisense 5 pies cúbicos blanco FC50D6AWX;https://www.liverpool.com.mx/tienda/pdp/Congelador-Hisense-5-pies-c%C3%BAbicos-blanco-FC50D6AWX/1094211316;CE;5;https://www.liverpool.com.mx/
642;aHR0cHM6Ly93d3cubGl2ZXJwb29sLmNvbS5teC90aWVuZGEvcGRwL0NvbmdlbGFkb3ItSGlzZW5zZS01LXBpZXMtYyVDMyVCQWJpY29zLWJsYW5jby1GQzUwRDZBV1gvMTA5NDIxMTMxNjIxMzM2Ng==;SEM;2021-10-09;2020-04-11;;213366;;;;LIVERPOOL;MX;2021-10-09 03:34;HISENSE;Congelador Hisense 5 pies cúbicos blanco FC50D6AWX;https://www.liverpool.com.mx/tienda/pdp/Congelador-Hisense-5-pies-c%C3%BAbicos-blanco-FC50D6AWX/1094211316;CE;5;https://www.liverpool.com.mx/
643;aHR0cHM6Ly93d3cubGl2ZXJwb29sLmNvbS5teC90aWVuZGEvcGRwL0NvbmdlbGFkb3ItSGlzZW5zZS01LXBpZXMtYyVDMyVCQWJpY29zLWJsYW5jby1GQzUwRDZBV1gvMTA5NDIxMTMxNjUyMDYxMg==;SEM;2021-10-09;2020-08-15;;520612;;;;LIVERPOOL;MX;2021-10-09 03:34;HISENSE;Congelador Hisense 5 pies cúbicos blanco FC50D6AWX;https://www.liverpool.com.mx/tienda/pdp/Congelador-Hisense-5-pies-c%C3%BAbicos-blanco-FC50D6AWX/1094211316;CE;5;https://www.liverpool.com.mx/
644;aHR0cHM6Ly93d3cubGl2ZXJwb29sLmNvbS5teC90aWVuZGEvcGRwL0NvbmdlbGFkb3ItSGlzZW5zZS01LXBpZXMtYyVDMyVCQWJpY29zLWJsYW5jby1GQzUwRDZBV1gvMTA5NDIxMTMxNjQ1MzU4Mg==;SEM;2021-10-09;2020-08-01;;453582;;;;LIVERPOOL;MX;2021-10-09 03:34;HISENSE;Congelador Hisense 5 pies cúbicos blanco FC50D6AWX;https://www.liverpool.com.mx/tienda/pdp/Congelador-Hisense-5-pies-c%C3%BAbicos-blanco-FC50D6AWX/1094211316;CE;5;https://www.liverpool.com.mx/
645;aHR0cHM6Ly93d3cubGl2ZXJwb29sLmNvbS5teC90aWVuZGEvcGRwL0NvbmdlbGFkb3ItSGlzZW5zZS01LXBpZXMtYyVDMyVCQWJpY29zLWJsYW5jby1GQzUwRDZBV1gvMTA5NDIxMTMxNjMxMTUyMg==;SEM;2021-10-09;2020-06-19;;311522;;;;LIVERPOOL;MX;2021-10-09 03:34;HISENSE;Congelador Hisense 5 pies cúbicos blanco FC50D6AWX;https://www.liverpool.com.mx/tienda/pdp/Congelador-Hisense-5-pies-c%C3%BAbicos-blanco-FC50D6AWX/1094211316;CE;5;https://www.liverpool.com.mx/
646;aHR0cHM6Ly93d3cubGl2ZXJwb29sLmNvbS5teC90aWVuZGEvcGRwL0NvbmdlbGFkb3ItSGlzZW5zZS01LXBpZXMtYyVDMyVCQWJpY29zLWJsYW5jby1GQzUwRDZBV1gvMTA5NDIxMTMxNjIxNTAyNQ==;SEM;2021-10-09;2020-04-13;;215025;;;;LIVERPOOL;MX;2021-10-09 03:34;HISENSE;Congelador Hisense 5 pies cúbicos blanco FC50D6AWX;https://www.liverpool.com.mx/tienda/pdp/Congelador-Hisense-5-pies-c%C3%BAbicos-blanco-FC50D6AWX/1094211316;CE;5;https://www.liverpool.com.mx/
647;aHR0cHM6Ly93d3cubGl2ZXJwb29sLmNvbS5teC90aWVuZGEvcGRwL0NvbmdlbGFkb3ItSGlzZW5zZS01LXBpZXMtYyVDMyVCQWJpY29zLWJsYW5jby1GQzUwRDZBV1gvMTA5NDIxMTMxNjg5ODMwNw==;SEM;2021-10-09;2021-04-11;;898307;;;;LIVERPOOL;MX;2021-10-09 03:34;HISENSE;Congelador Hisense 5 pies cúbicos blanco FC50D6AWX;https://www.liverpool.com.mx/tienda/pdp/Congelador-Hisense-5-pies-c%C3%BAbicos-blanco-FC50D6AWX/1094211316;CE;5;https://www.liverpool.com.mx/
648;aHR0cHM6Ly93d3cubGl2ZXJwb29sLmNvbS5teC90aWVuZGEvcGRwL0NvbmdlbGFkb3ItSGlzZW5zZS01LXBpZXMtYyVDMyVCQWJpY29zLWJsYW5jby1GQzUwRDZBV1gvMTA5NDIxMTMxNjg3NDI3Mg==;SEM;2021-10-09;2021-03-28;;874272;;;;LIVERPOOL;MX;2021-10-09 03:34;HISENSE;Congelador Hisense 5 pies cúbicos blanco FC50D6AWX;https://www.liverpool.com.mx/tienda/pdp/Congelador-Hisense-5-pies-c%C3%BAbicos-blanco-FC50D6AWX/1094211316;CE;5;https://www.liverpool.com.mx/
649;aHR0cHM6Ly93d3cubGl2ZXJwb29sLmNvbS5teC90aWVuZGEvcGRwL0NvbmdlbGFkb3ItSGlzZW5zZS01LXBpZXMtYyVDMyVCQWJpY29zLWJsYW5jby1GQzUwRDZBV1gvMTA5NDIxMTMxNjIxMjc5OA==;SEM;2021-10-09;2020-04-10;;212798;;;;LIVERPOOL;MX;2021-10-09 03:34;HISENSE;Congelador Hisense 5 pies cúbicos blanco FC50D6AWX;https://www.liverpool.com.mx/tienda/pdp/Congelador-Hisense-5-pies-c%C3%BAbicos-blanco-FC50D6AWX/1094211316;CE;5;https://www.liverpool.com.mx/
650;aHR0cHM6Ly93d3cubGl2ZXJwb29sLmNvbS5teC90aWVuZGEvcGRwL0NvbmdlbGFkb3ItSGlzZW5zZS01LXBpZXMtYyVDMyVCQWJpY29zLWJsYW5jby1GQzUwRDZBV1gvMTA5NDIxMTMxNjcxMjgwMg==;SEM;2021-10-09;2021-01-04;;712802;;;;LIVERPOOL;MX;2021-10-09 03:34;HISENSE;Congelador Hisense 5 pies cúbicos blanco FC50D6AWX;https://www.liverpool.com.mx/tienda/pdp/Congelador-Hisense-5-pies-c%C3%BAbicos-blanco-FC50D6AWX/1094211316;CE;5;https://www.liverpool.com.mx/
651;aHR0cHM6Ly93d3cubGl2ZXJwb29sLmNvbS5teC90aWVuZGEvcGRwL0NvbmdlbGFkb3ItSGlzZW5zZS01LXBpZXMtYyVDMyVCQWJpY29zLWJsYW5jby1GQzUwRDZBV1gvMTA5NDIxMTMxNjQ1NDI1Mg==;SEM;2021-10-09;2020-08-01;;454252;;;;LIVERPOOL;MX;2021-10-09 03:34;HISENSE;Congelador Hisense 5 pies cúbicos blanco FC50D6AWX;https://www.liverpool.com.mx/tienda/pdp/Congelador-Hisense-5-pies-c%C3%BAbicos-blanco-FC50D6AWX/1094211316;CE;5;https://www.liverpool.com.mx/
652;aHR0cHM6Ly93d3cubGl2ZXJwb29sLmNvbS5teC90aWVuZGEvcGRwL0NvbmdlbGFkb3ItSGlzZW5zZS01LXBpZXMtYyVDMyVCQWJpY29zLWJsYW5jby1GQzUwRDZBV1gvMTA5NDIxMTMxNjU1NDM2NA==;SEM;2021-10-09;2020-08-26;;554364;;;;LIVERPOOL;MX;2021-10-09 03:34;HISENSE;Congelador Hisense 5 pies cúbicos blanco FC50D6AWX;https://www.liverpool.com.mx/tienda/pdp/Congelador-Hisense-5-pies-c%C3%BAbicos-blanco-FC50D6AWX/1094211316;CE;5;https://www.liverpool.com.mx/
653;aHR0cHM6Ly93d3cubGl2ZXJwb29sLmNvbS5teC90aWVuZGEvcGRwL0NvbmdlbGFkb3ItSGlzZW5zZS01LXBpZXMtYyVDMyVCQWJpY29zLWJsYW5jby1GQzUwRDZBV1gvMTA5NDIxMTMxNjkyMjI0MA==;SEM;2021-10-09;2021-04-26;;922240;;;;LIVERPOOL;MX;2021-10-09 03:34;HISENSE;Congelador Hisense 5 pies cúbicos blanco FC50D6AWX;https://www.liverpool.com.mx/tienda/pdp/Congelador-Hisense-5-pies-c%C3%BAbicos-blanco-FC50D6AWX/1094211316;CE;5;https://www.liverpool.com.mx/
654;aHR0cHM6Ly93d3cubGl2ZXJwb29sLmNvbS5teC90aWVuZGEvcGRwL0NvbmdlbGFkb3ItSGlzZW5zZS01LXBpZXMtYyVDMyVCQWJpY29zLWJsYW5jby1GQzUwRDZBV1gvMTA5NDIxMTMxNjI0Nzk1MA==;SEM;2021-10-09;2020-05-12;;247950;;;;LIVERPOOL;MX;2021-10-09 03:34;HISENSE;Congelador Hisense 5 pies cúbicos blanco FC50D6AWX;https://www.liverpool.com.mx/tienda/pdp/Congelador-Hisense-5-pies-c%C3%BAbicos-blanco-FC50D6AWX/1094211316;CE;5;https://www.liverpool.com.mx/
655;aHR0cHM6Ly93d3cubGl2ZXJwb29sLmNvbS5teC90aWVuZGEvcGRwL0NvbmdlbGFkb3ItSGlzZW5zZS01LXBpZXMtYyVDMyVCQWJpY29zLWJsYW5jby1GQzUwRDZBV1gvMTA5NDIxMTMxNjI0Nzc0Ng==;SEM;2021-10-09;2020-05-12;;247746;;;;LIVERPOOL;MX;2021-10-09 03:34;HISENSE;Congelador Hisense 5 pies cúbicos blanco FC50D6AWX;https://www.liverpool.com.mx/tienda/pdp/Congelador-Hisense-5-pies-c%C3%BAbicos-blanco-FC50D6AWX/1094211316;CE;5;https://www.liverpool.com.mx/
656;aHR0cHM6Ly93d3cubGl2ZXJwb29sLmNvbS5teC90aWVuZGEvcGRwL0NvbmdlbGFkb3ItSGlzZW5zZS01LXBpZXMtYyVDMyVCQWJpY29zLWJsYW5jby1GQzUwRDZBV1gvMTA5NDIxMTMxNjcxMTkyNQ==;SEM;2021-10-09;2021-01-03;;711925;;;;LIVERPOOL;MX;2021-10-09 03:34;HISENSE;Congelador Hisense 5 pies cúbicos blanco FC50D6AWX;https://www.liverpool.com.mx/tienda/pdp/Congelador-Hisense-5-pies-c%C3%BAbicos-blanco-FC50D6AWX/1094211316;CE;5;https://www.liverpool.com.mx/
657;aHR0cHM6Ly93d3cubGl2ZXJwb29sLmNvbS5teC90aWVuZGEvcGRwL0NvbmdlbGFkb3ItSGlzZW5zZS01LXBpZXMtYyVDMyVCQWJpY29zLWJsYW5jby1GQzUwRDZBV1gvMTA5NDIxMTMxNjUxMjgyMg==;SEM;2021-10-09;2020-08-12;;512822;;;;LIVERPOOL;MX;2021-10-09 03:34;HISENSE;Congelador Hisense 5 pies cúbicos blanco FC50D6AWX;https://www.liverpool.com.mx/tienda/pdp/Congelador-Hisense-5-pies-c%C3%BAbicos-blanco-FC50D6AWX/1094211316;CE;5;https://www.liverpool.com.mx/
658;aHR0cHM6Ly93d3cubGl2ZXJwb29sLmNvbS5teC90aWVuZGEvcGRwL0NvbmdlbGFkb3ItSGlzZW5zZS01LXBpZXMtYyVDMyVCQWJpY29zLWJsYW5jby1GQzUwRDZBV1gvMTA5NDIxMTMxNjk1MjQxNQ==;SEM;2021-10-09;2021-05-08;;952415;;;;LIVERPOOL;MX;2021-10-09 03:34;HISENSE;Congelador Hisense 5 pies cúbicos blanco FC50D6AWX;https://www.liverpool.com.mx/tienda/pdp/Congelador-Hisense-5-pies-c%C3%BAbicos-blanco-FC50D6AWX/1094211316;CE;5;https://www.liverpool.com.mx/
659;aHR0cHM6Ly93d3cubGl2ZXJwb29sLmNvbS5teC90aWVuZGEvcGRwL0NvbmdlbGFkb3ItSGlzZW5zZS01LXBpZXMtYyVDMyVCQWJpY29zLWJsYW5jby1GQzUwRDZBV1gvMTA5NDIxMTMxNjk5MTMzMg==;SEM;2021-10-09;2021-05-21;;991332;;;;LIVERPOOL;MX;2021-10-09 03:34;HISENSE;Congelador Hisense 5 pies cúbicos blanco FC50D6AWX;https://www.liverpool.com.mx/tienda/pdp/Congelador-Hisense-5-pies-c%C3%BAbicos-blanco-FC50D6AWX/1094211316;CE;5;https://www.liverpool.com.mx/
660;aHR0cHM6Ly93d3cubGl2ZXJwb29sLmNvbS5teC90aWVuZGEvcGRwL0NvbmdlbGFkb3ItSGlzZW5zZS01LXBpZXMtYyVDMyVCQWJpY29zLWJsYW5jby1GQzUwRDZBV1gvMTA5NDIxMTMxNjgzNDQwOQ==;SEM;2021-10-09;2021-03-08;;834409;;;;LIVERPOOL;MX;2021-10-09 03:34;HISENSE;Congelador Hisense 5 pies cúbicos blanco FC50D6AWX;https://www.liverpool.com.mx/tienda/pdp/Congelador-Hisense-5-pies-c%C3%BAbicos-blanco-FC50D6AWX/1094211316;CE;5;https://www.liverpool.com.mx/
661;aHR0cHM6Ly93d3cubGl2ZXJwb29sLmNvbS5teC90aWVuZGEvcGRwL0NvbmdlbGFkb3ItSGlzZW5zZS01LXBpZXMtYyVDMyVCQWJpY29zLWJsYW5jby1GQzUwRDZBV1gvMTA5NDIxMTMxNjQ1NTI3NQ==;SEM;2021-10-09;2020-08-01;;455275;;;;LIVERPOOL;MX;2021-10-09 03:34;HISENSE;Congelador Hisense 5 pies cúbicos blanco FC50D6AWX;https://www.liverpool.com.mx/tienda/pdp/Congelador-Hisense-5-pies-c%C3%BAbicos-blanco-FC50D6AWX/1094211316;CE;5;https://www.liverpool.com.mx/
662;aHR0cHM6Ly93d3cubGl2ZXJwb29sLmNvbS5teC90aWVuZGEvcGRwL0NvbmdlbGFkb3ItSGlzZW5zZS01LXBpZXMtYyVDMyVCQWJpY29zLWJsYW5jby1GQzUwRDZBV1gvMTA5NDIxMTMxNjEwNTMwNTc=;SEM;2021-10-09;2021-06-10;;1053057;;;;LIVERPOOL;MX;2021-10-09 03:34;HISENSE;Congelador Hisense 5 pies cúbicos blanco FC50D6AWX;https://www.liverpool.com.mx/tienda/pdp/Congelador-Hisense-5-pies-c%C3%BAbicos-blanco-FC50D6AWX/1094211316;CE;5;https://www.liverpool.com.mx/
663;aHR0cHM6Ly93d3cubGl2ZXJwb29sLmNvbS5teC90aWVuZGEvcGRwL0NvbmdlbGFkb3ItSGlzZW5zZS01LXBpZXMtYyVDMyVCQWJpY29zLWJsYW5jby1GQzUwRDZBV1gvMTA5NDIxMTMxNjgyNzAyMA==;SEM;2021-10-09;2021-03-04;;827020;;;;LIVERPOOL;MX;2021-10-09 03:34;HISENSE;Congelador Hisense 5 pies cúbicos blanco FC50D6AWX;https://www.liverpool.com.mx/tienda/pdp/Congelador-Hisense-5-pies-c%C3%BAbicos-blanco-FC50D6AWX/1094211316;CE;5;https://www.liverpool.com.mx/
664;aHR0cHM6Ly93d3cubGl2ZXJwb29sLmNvbS5teC90aWVuZGEvcGRwL0NvbmdlbGFkb3ItSGlzZW5zZS01LXBpZXMtYyVDMyVCQWJpY29zLWJsYW5jby1GQzUwRDZBV1gvMTA5NDIxMTMxNjk5Mzk1MQ==;SEM;2021-10-09;2021-05-22;;993951;;;;LIVERPOOL;MX;2021-10-09 03:34;HISENSE;Congelador Hisense 5 pies cúbicos blanco FC50D6AWX;https://www.liverpool.com.mx/tienda/pdp/Congelador-Hisense-5-pies-c%C3%BAbicos-blanco-FC50D6AWX/1094211316;CE;5;https://www.liverpool.com.mx/
665;aHR0cHM6Ly93d3cubGl2ZXJwb29sLmNvbS5teC90aWVuZGEvcGRwL0NvbmdlbGFkb3ItSGlzZW5zZS01LXBpZXMtYyVDMyVCQWJpY29zLWJsYW5jby1GQzUwRDZBV1gvMTA5NDIxMTMxNjEwMDgzMTQ=;SEM;2021-10-09;2021-05-28;;1008314;;;;LIVERPOOL;MX;2021-10-09 03:34;HISENSE;Congelador Hisense 5 pies cúbicos blanco FC50D6AWX;https://www.liverpool.com.mx/tienda/pdp/Congelador-Hisense-5-pies-c%C3%BAbicos-blanco-FC50D6AWX/1094211316;CE;5;https://www.liverpool.com.mx/
666;aHR0cHM6Ly93d3cubGl2ZXJwb29sLmNvbS5teC90aWVuZGEvcGRwL0NvbmdlbGFkb3ItSGlzZW5zZS01LXBpZXMtYyVDMyVCQWJpY29zLWJsYW5jby1GQzUwRDZBV1gvMTA5NDIxMTMxNjEyNTM4Mjc=;SEM;2021-10-09;2021-09-08;;1253827;;;;LIVERPOOL;MX;2021-10-09 03:34;HISENSE;Congelador Hisense 5 pies cúbicos blanco FC50D6AWX;https://www.liverpool.com.mx/tienda/pdp/Congelador-Hisense-5-pies-c%C3%BAbicos-blanco-FC50D6AWX/1094211316;CE;5;https://www.liverpool.com.mx/
667;aHR0cHM6Ly93d3cubGl2ZXJwb29sLmNvbS5teC90aWVuZGEvcGRwL0NvbmdlbGFkb3ItSGlzZW5zZS01LXBpZXMtYyVDMyVCQWJpY29zLWJsYW5jby1GQzUwRDZBV1gvMTA5NDIxMTMxNjgxNzg2Nw==;SEM;2021-10-09;2021-02-28;;817867;;;;LIVERPOOL;MX;2021-10-09 03:34;HISENSE;Congelador Hisense 5 pies cúbicos blanco FC50D6AWX;https://www.liverpool.com.mx/tienda/pdp/Congelador-Hisense-5-pies-c%C3%BAbicos-blanco-FC50D6AWX/1094211316;CE;5;https://www.liverpool.com.mx/
668;aHR0cHM6Ly93d3cubGl2ZXJwb29sLmNvbS5teC90aWVuZGEvcGRwL0NvbmdlbGFkb3ItSGlzZW5zZS01LXBpZXMtYyVDMyVCQWJpY29zLWJsYW5jby1GQzUwRDZBV1gvMTA5NDIxMTMxNjI0NjQzMw==;SEM;2021-10-09;2020-05-11;;246433;;;;LIVERPOOL;MX;2021-10-09 03:34;HISENSE;Congelador Hisense 5 pies cúbicos blanco FC50D6AWX;https://www.liverpool.com.mx/tienda/pdp/Congelador-Hisense-5-pies-c%C3%BAbicos-blanco-FC50D6AWX/1094211316;CE;3;https://www.liverpool.com.mx/
669;aHR0cHM6Ly93d3cubGl2ZXJwb29sLmNvbS5teC90aWVuZGEvcGRwL0NvbmdlbGFkb3ItSGlzZW5zZS01LXBpZXMtYyVDMyVCQWJpY29zLWJsYW5jby1GQzUwRDZBV1gvMTA5NDIxMTMxNjEyMzUyMTE=;SEM;2021-10-09;2021-08-28;;1235211;;;;LIVERPOOL;MX;2021-10-09 03:34;HISENSE;Congelador Hisense 5 pies cúbicos blanco FC50D6AWX;https://www.liverpool.com.mx/tienda/pdp/Congelador-Hisense-5-pies-c%C3%BAbicos-blanco-FC50D6AWX/1094211316;CE;5;https://www.liverpool.com.mx/
670;aHR0cHM6Ly93d3cubGl2ZXJwb29sLmNvbS5teC90aWVuZGEvcGRwL0NvbmdlbGFkb3ItSGlzZW5zZS01LXBpZXMtYyVDMyVCQWJpY29zLWJsYW5jby1GQzUwRDZBV1gvMTA5NDIxMTMxNjExNzM3NzE=;SEM;2021-10-09;2021-07-30;;1173771;;;;LIVERPOOL;MX;2021-10-09 03:34;HISENSE;Congelador Hisense 5 pies cúbicos blanco FC50D6AWX;https://www.liverpool.com.mx/tienda/pdp/Congelador-Hisense-5-pies-c%C3%BAbicos-blanco-FC50D6AWX/1094211316;CE;5;https://www.liverpool.com.mx/
671;aHR0cHM6Ly93d3cubGl2ZXJwb29sLmNvbS5teC90aWVuZGEvcGRwL0NvbmdlbGFkb3ItSGlzZW5zZS01LXBpZXMtYyVDMyVCQWJpY29zLWJsYW5jby1GQzUwRDZBV1gvMTA5NDIxMTMxNjg5OTg1Ng==;SEM;2021-10-09;2021-04-12;;899856;;;;LIVERPOOL;MX;2021-10-09 03:34;HISENSE;Congelador Hisense 5 pies cúbicos blanco FC50D6AWX;https://www.liverpool.com.mx/tienda/pdp/Congelador-Hisense-5-pies-c%C3%BAbicos-blanco-FC50D6AWX/1094211316;CE;5;https://www.liverpool.com.mx/
672;aHR0cHM6Ly93d3cubGl2ZXJwb29sLmNvbS5teC90aWVuZGEvcGRwL0NvbmdlbGFkb3ItSGlzZW5zZS01LXBpZXMtYyVDMyVCQWJpY29zLWJsYW5jby1GQzUwRDZBV1gvMTA5NDIxMTMxNjEyNDgyNzU=;SEM;2021-10-09;2021-09-05;;1248275;;;;LIVERPOOL;MX;2021-10-09 03:34;HISENSE;Congelador Hisense 5 pies cúbicos blanco FC50D6AWX;https://www.liverpool.com.mx/tienda/pdp/Congelador-Hisense-5-pies-c%C3%BAbicos-blanco-FC50D6AWX/1094211316;CE;5;https://www.liverpool.com.mx/
673;aHR0cHM6Ly93d3cubGl2ZXJwb29sLmNvbS5teC90aWVuZGEvcGRwL0NvbmdlbGFkb3ItSGlzZW5zZS01LXBpZXMtYyVDMyVCQWJpY29zLWJsYW5jby1GQzUwRDZBV1gvMTA5NDIxMTMxNjEzMDQzNDQ=;SEM;2021-10-09;2021-10-05;;1304344;;;;LIVERPOOL;MX;2021-10-09 03:34;HISENSE;Congelador Hisense 5 pies cúbicos blanco FC50D6AWX;https://www.liverpool.com.mx/tienda/pdp/Congelador-Hisense-5-pies-c%C3%BAbicos-blanco-FC50D6AWX/1094211316;CE;5;https://www.liverpool.com.mx/
674;aHR0cHM6Ly93d3cubGl2ZXJwb29sLmNvbS5teC90aWVuZGEvcGRwL0NvbmdlbGFkb3ItSGlzZW5zZS01LXBpZXMtYyVDMyVCQWJpY29zLWJsYW5jby1GQzUwRDZBV1gvMTA5NDIxMTMxNjEyNTIxMjE=;SEM;2021-10-09;2021-09-07;;1252121;;;;LIVERPOOL;MX;2021-10-09 03:34;HISENSE;Congelador Hisense 5 pies cúbicos blanco FC50D6AWX;https://www.liverpool.com.mx/tienda/pdp/Congelador-Hisense-5-pies-c%C3%BAbicos-blanco-FC50D6AWX/1094211316;CE;5;https://www.liverpool.com.mx/
675;aHR0cHM6Ly93d3cubGl2ZXJwb29sLmNvbS5teC90aWVuZGEvcGRwL0NvbmdlbGFkb3ItSGlzZW5zZS01LXBpZXMtYyVDMyVCQWJpY29zLWJsYW5jby1GQzUwRDZBV1gvMTA5NDIxMTMxNjExMzQ2MTg=;SEM;2021-10-09;2021-07-10;;1134618;;;;LIVERPOOL;MX;2021-10-09 03:34;HISENSE;Congelador Hisense 5 pies cúbicos blanco FC50D6AWX;https://www.liverpool.com.mx/tienda/pdp/Congelador-Hisense-5-pies-c%C3%BAbicos-blanco-FC50D6AWX/1094211316;CE;5;https://www.liverpool.com.mx/
676;aHR0cHM6Ly93d3cubGl2ZXJwb29sLmNvbS5teC90aWVuZGEvcGRwL0NvbmdlbGFkb3ItSGlzZW5zZS01LXBpZXMtYyVDMyVCQWJpY29zLWJsYW5jby1GQzUwRDZBV1gvMTA5NDIxMTMxNjkxNDIxMg==;SEM;2021-10-09;2021-04-21;;914212;;;;LIVERPOOL;MX;2021-10-09 03:34;HISENSE;Congelador Hisense 5 pies cúbicos blanco FC50D6AWX;https://www.liverpool.com.mx/tienda/pdp/Congelador-Hisense-5-pies-c%C3%BAbicos-blanco-FC50D6AWX/1094211316;CE;5;https://www.liverpool.com.mx/
677;aHR0cHM6Ly93d3cubGl2ZXJwb29sLmNvbS5teC90aWVuZGEvcGRwL0ZyaWdvYmFyLUhpc2Vuc2UtNC4yLXBpZXMtYyVDMyVCQWJpY29zLzEwOTc5MjA5MzgxMzEwNzk0;SEM;2021-10-09;2021-10-08;;1310794;;;;LIVERPOOL;MX;2021-10-09 03:38;HISENSE;Frigobar Hisense 4.2 pies cúbicos;https://www.liverpool.com.mx/tienda/pdp/Frigobar-Hisense-4.2-pies-c%C3%BAbicos/1097920938;CE;5;https://www.liverpool.com.mx/
678;aHR0cHM6Ly93d3cubGl2ZXJwb29sLmNvbS5teC90aWVuZGEvcGRwL1BhbnRhbGxhLUxHLU9MRUQtU21hcnQtVFYtZGUtNTUtcHVsZ2FkYXMtNEsvRG9sYnktQXRtb3MtT0xFRDU1QzFQU0EvMTEwNTAwMzg5MzEwMjY3ODI=;SEM;2021-10-09;2021-06-03;;1026782;;;;LIVERPOOL;MX;2021-10-09 03:46;LG;Pantalla LG OLED Smart TV de 55 pulgadas 4K/Dolby Atmos OLED55C1PSA;https://www.liverpool.com.mx/tienda/pdp/Pantalla-LG-OLED-Smart-TV-de-55-pulgadas-4K/Dolby-Atmos-OLED55C1PSA/1105003893;CE;4;https://www.liverpool.com.mx/
679;aHR0cHM6Ly93d3cubGl2ZXJwb29sLmNvbS5teC90aWVuZGEvcGRwL1BhbnRhbGxhLUxHLU9MRUQtU21hcnQtVFYtZGUtNTUtcHVsZ2FkYXMtNEsvRG9sYnktQXRtb3MtT0xFRDU1QzFQU0EvMTEwNTAwMzg5MzkzNDc4OA==;SEM;2021-10-09;2021-05-02;;934788;;;;LIVERPOOL;MX;2021-10-09 03:46;LG;Pantalla LG OLED Smart TV de 55 pulgadas 4K/Dolby Atmos OLED55C1PSA;https://www.liverpool.com.mx/tienda/pdp/Pantalla-LG-OLED-Smart-TV-de-55-pulgadas-4K/Dolby-Atmos-OLED55C1PSA/1105003893;CE;5;https://www.liverpool.com.mx/
680;aHR0cHM6Ly93d3cubGl2ZXJwb29sLmNvbS5teC90aWVuZGEvcGRwL1BhbnRhbGxhLUxHLU9MRUQtU21hcnQtVFYtZGUtNTUtcHVsZ2FkYXMtNEsvRG9sYnktQXRtb3MtT0xFRDU1QzFQU0EvMTEwNTAwMzg5MzExMzk0NjI=;SEM;2021-10-09;2021-07-12;;1139462;;;;LIVERPOOL;MX;2021-10-09 03:46;LG;Pantalla LG OLED Smart TV de 55 pulgadas 4K/Dolby Atmos OLED55C1PSA;https://www.liverpool.com.mx/tienda/pdp/Pantalla-LG-OLED-Smart-TV-de-55-pulgadas-4K/Dolby-Atmos-OLED55C1PSA/1105003893;CE;5;https://www.liverpool.com.mx/
681;aHR0cHM6Ly93d3cubGl2ZXJwb29sLmNvbS5teC90aWVuZGEvcGRwL1BhbnRhbGxhLUxHLU9MRUQtU21hcnQtVFYtZGUtNTUtcHVsZ2FkYXMtNEsvRG9sYnktQXRtb3MtT0xFRDU1QzFQU0EvMTEwNTAwMzg5Mzk1NjU4MA==;SEM;2021-10-09;2021-05-09;;956580;;;;LIVERPOOL;MX;2021-10-09 03:46;LG;Pantalla LG OLED Smart TV de 55 pulgadas 4K/Dolby Atmos OLED55C1PSA;https://www.liverpool.com.mx/tienda/pdp/Pantalla-LG-OLED-Smart-TV-de-55-pulgadas-4K/Dolby-Atmos-OLED55C1PSA/1105003893;CE;5;https://www.liverpool.com.mx/
682;aHR0cHM6Ly93d3cubGl2ZXJwb29sLmNvbS5teC90aWVuZGEvcGRwL1BhbnRhbGxhLUxHLU9MRUQtU21hcnQtVFYtZGUtNTUtcHVsZ2FkYXMtNEsvRG9sYnktQXRtb3MtT0xFRDU1QzFQU0EvMTEwNTAwMzg5MzEwMTg4NzI=;SEM;2021-10-09;2021-05-31;;1018872;;;;LIVERPOOL;MX;2021-10-09 03:46;LG;Pantalla LG OLED Smart TV de 55 pulgadas 4K/Dolby Atmos OLED55C1PSA;https://www.liverpool.com.mx/tienda/pdp/Pantalla-LG-OLED-Smart-TV-de-55-pulgadas-4K/Dolby-Atmos-OLED55C1PSA/1105003893;CE;5;https://www.liverpool.com.mx/
683;aHR0cHM6Ly93d3cubGl2ZXJwb29sLmNvbS5teC90aWVuZGEvcGRwL1BhbnRhbGxhLUxHLU9MRUQtU21hcnQtVFYtZGUtNTUtcHVsZ2FkYXMtNEsvRG9sYnktQXRtb3MtT0xFRDU1QzFQU0EvMTEwNTAwMzg5MzEyMzI2NjQ=;SEM;2021-10-09;2021-08-27;;1232664;;;;LIVERPOOL;MX;2021-10-09 03:46;LG;Pantalla LG OLED Smart TV de 55 pulgadas 4K/Dolby Atmos OLED55C1PSA;https://www.liverpool.com.mx/tienda/pdp/Pantalla-LG-OLED-Smart-TV-de-55-pulgadas-4K/Dolby-Atmos-OLED55C1PSA/1105003893;CE;5;https://www.liverpool.com.mx/
684;aHR0cHM6Ly93d3cubGl2ZXJwb29sLmNvbS5teC90aWVuZGEvcGRwL1BhbnRhbGxhLUxHLU9MRUQtU21hcnQtVFYtZGUtNTUtcHVsZ2FkYXMtNEsvRG9sYnktQXRtb3MtT0xFRDU1QzFQU0EvMTEwNTAwMzg5Mzk2NTIwMQ==;SEM;2021-10-09;2021-05-12;;965201;;;;LIVERPOOL;MX;2021-10-09 03:46;LG;Pantalla LG OLED Smart TV de 55 pulgadas 4K/Dolby Atmos OLED55C1PSA;https://www.liverpool.com.mx/tienda/pdp/Pantalla-LG-OLED-Smart-TV-de-55-pulgadas-4K/Dolby-Atmos-OLED55C1PSA/1105003893;CE;5;https://www.liverpool.com.mx/
685;aHR0cHM6Ly93d3cubGl2ZXJwb29sLmNvbS5teC90aWVuZGEvcGRwL1BhbnRhbGxhLUxHLU9MRUQtU21hcnQtVFYtZGUtNTUtcHVsZ2FkYXMtNEsvRG9sYnktQXRtb3MtT0xFRDU1QzFQU0EvMTEwNTAwMzg5Mzk1Nzg1OA==;SEM;2021-10-09;2021-05-10;;957858;;;;LIVERPOOL;MX;2021-10-09 03:46;LG;Pantalla LG OLED Smart TV de 55 pulgadas 4K/Dolby Atmos OLED55C1PSA;https://www.liverpool.com.mx/tienda/pdp/Pantalla-LG-OLED-Smart-TV-de-55-pulgadas-4K/Dolby-Atmos-OLED55C1PSA/1105003893;CE;5;https://www.liverpool.com.mx/
686;aHR0cHM6Ly93d3cubGl2ZXJwb29sLmNvbS5teC90aWVuZGEvcGRwL1BhbnRhbGxhLUxHLU9MRUQtU21hcnQtVFYtZGUtNTUtcHVsZ2FkYXMtNEsvRG9sYnktQXRtb3MtT0xFRDU1QzFQU0EvMTEwNTAwMzg5Mzk2NTU5OA==;SEM;2021-10-09;2021-05-12;;965598;;;;LIVERPOOL;MX;2021-10-09 03:46;LG;Pantalla LG OLED Smart TV de 55 pulgadas 4K/Dolby Atmos OLED55C1PSA;https://www.liverpool.com.mx/tienda/pdp/Pantalla-LG-OLED-Smart-TV-de-55-pulgadas-4K/Dolby-Atmos-OLED55C1PSA/1105003893;CE;5;https://www.liverpool.com.mx/
687;aHR0cHM6Ly93d3cubGl2ZXJwb29sLmNvbS5teC90aWVuZGEvcGRwL1BhbnRhbGxhLUxHLU9MRUQtU21hcnQtVFYtZGUtNTUtcHVsZ2FkYXMtNEsvRG9sYnktQXRtb3MtT0xFRDU1QzFQU0EvMTEwNTAwMzg5MzEwNzk4ODY=;SEM;2021-10-09;2021-06-19;;1079886;;;;LIVERPOOL;MX;2021-10-09 03:46;LG;Pantalla LG OLED Smart TV de 55 pulgadas 4K/Dolby Atmos OLED55C1PSA;https://www.liverpool.com.mx/tienda/pdp/Pantalla-LG-OLED-Smart-TV-de-55-pulgadas-4K/Dolby-Atmos-OLED55C1PSA/1105003893;CE;5;https://www.liverpool.com.mx/
688;aHR0cHM6Ly93d3cubGl2ZXJwb29sLmNvbS5teC90aWVuZGEvcGRwL1BhbnRhbGxhLUxHLU9MRUQtU21hcnQtVFYtZGUtNTUtcHVsZ2FkYXMtNEsvRG9sYnktQXRtb3MtT0xFRDU1QzFQU0EvMTEwNTAwMzg5MzExMTYyNzc=;SEM;2021-10-09;2021-07-02;;1116277;;;;LIVERPOOL;MX;2021-10-09 03:46;LG;Pantalla LG OLED Smart TV de 55 pulgadas 4K/Dolby Atmos OLED55C1PSA;https://www.liverpool.com.mx/tienda/pdp/Pantalla-LG-OLED-Smart-TV-de-55-pulgadas-4K/Dolby-Atmos-OLED55C1PSA/1105003893;CE;5;https://www.liverpool.com.mx/
689;aHR0cHM6Ly93d3cubGl2ZXJwb29sLmNvbS5teC90aWVuZGEvcGRwL1BhbnRhbGxhLUxHLU9MRUQtU21hcnQtVFYtZGUtNTUtcHVsZ2FkYXMtNEsvRG9sYnktQXRtb3MtT0xFRDU1QzFQU0EvMTEwNTAwMzg5MzEwNDIxMTM=;SEM;2021-10-09;2021-06-07;;1042113;;;;LIVERPOOL;MX;2021-10-09 03:46;LG;Pantalla LG OLED Smart TV de 55 pulgadas 4K/Dolby Atmos OLED55C1PSA;https://www.liverpool.com.mx/tienda/pdp/Pantalla-LG-OLED-Smart-TV-de-55-pulgadas-4K/Dolby-Atmos-OLED55C1PSA/1105003893;CE;5;https://www.liverpool.com.mx/
690;aHR0cHM6Ly93d3cubGl2ZXJwb29sLmNvbS5teC90aWVuZGEvcGRwL1BhbnRhbGxhLUxHLU9MRUQtU21hcnQtVFYtZGUtNTUtcHVsZ2FkYXMtNEsvRG9sYnktQXRtb3MtT0xFRDU1QzFQU0EvMTEwNTAwMzg5MzEyNjQ4NDk=;SEM;2021-10-09;2021-09-14;;1264849;;;;LIVERPOOL;MX;2021-10-09 03:46;LG;Pantalla LG OLED Smart TV de 55 pulgadas 4K/Dolby Atmos OLED55C1PSA;https://www.liverpool.com.mx/tienda/pdp/Pantalla-LG-OLED-Smart-TV-de-55-pulgadas-4K/Dolby-Atmos-OLED55C1PSA/1105003893;CE;5;https://www.liverpool.com.mx/
691;aHR0cHM6Ly93d3cubGl2ZXJwb29sLmNvbS5teC90aWVuZGEvcGRwL1BhbnRhbGxhLUxHLU9MRUQtU21hcnQtVFYtZGUtNTUtcHVsZ2FkYXMtNEsvRG9sYnktQXRtb3MtT0xFRDU1QzFQU0EvMTEwNTAwMzg5MzExOTY5MjE=;SEM;2021-10-09;2021-08-09;;1196921;;;;LIVERPOOL;MX;2021-10-09 03:46;LG;Pantalla LG OLED Smart TV de 55 pulgadas 4K/Dolby Atmos OLED55C1PSA;https://www.liverpool.com.mx/tienda/pdp/Pantalla-LG-OLED-Smart-TV-de-55-pulgadas-4K/Dolby-Atmos-OLED55C1PSA/1105003893;CE;4;https://www.liverpool.com.mx/
692;aHR0cHM6Ly93d3cubGl2ZXJwb29sLmNvbS5teC90aWVuZGEvcGRwL1BhbnRhbGxhLUxHLU9MRUQtU21hcnQtVFYtZGUtNTUtcHVsZ2FkYXMtNEsvRG9sYnktQXRtb3MtT0xFRDU1QzFQU0EvMTEwNTAwMzg5MzEyNTY0NjM=;SEM;2021-10-09;2021-09-09;;1256463;;;;LIVERPOOL;MX;2021-10-09 03:46;LG;Pantalla LG OLED Smart TV de 55 pulgadas 4K/Dolby Atmos OLED55C1PSA;https://www.liverpool.com.mx/tienda/pdp/Pantalla-LG-OLED-Smart-TV-de-55-pulgadas-4K/Dolby-Atmos-OLED55C1PSA/1105003893;CE;5;https://www.liverpool.com.mx/
693;aHR0cHM6Ly93d3cubGl2ZXJwb29sLmNvbS5teC90aWVuZGEvcGRwL1BhbnRhbGxhLUxHLU9MRUQtU21hcnQtVFYtZGUtNTUtcHVsZ2FkYXMtNEsvRG9sYnktQXRtb3MtT0xFRDU1QzFQU0EvMTEwNTAwMzg5MzEyNjE1ODY=;SEM;2021-10-09;2021-09-12;;1261586;;;;LIVERPOOL;MX;2021-10-09 03:46;LG;Pantalla LG OLED Smart TV de 55 pulgadas 4K/Dolby Atmos OLED55C1PSA;https://www.liverpool.com.mx/tienda/pdp/Pantalla-LG-OLED-Smart-TV-de-55-pulgadas-4K/Dolby-Atmos-OLED55C1PSA/1105003893;CE;5;https://www.liverpool.com.mx/
694;aHR0cHM6Ly93d3cubGl2ZXJwb29sLmNvbS5teC90aWVuZGEvcGRwL1BhbnRhbGxhLUxHLU9MRUQtU21hcnQtVFYtZGUtNTUtcHVsZ2FkYXMtNEsvRG9sYnktQXRtb3MtT0xFRDU1QzFQU0EvMTEwNTAwMzg5MzEyODk1MDQ=;SEM;2021-10-09;2021-09-28;;1289504;;;;LIVERPOOL;MX;2021-10-09 03:46;LG;Pantalla LG OLED Smart TV de 55 pulgadas 4K/Dolby Atmos OLED55C1PSA;https://www.liverpool.com.mx/tienda/pdp/Pantalla-LG-OLED-Smart-TV-de-55-pulgadas-4K/Dolby-Atmos-OLED55C1PSA/1105003893;CE;5;https://www.liverpool.com.mx/
695;aHR0cHM6Ly93d3cubGl2ZXJwb29sLmNvbS5teC90aWVuZGEvcGRwL1BhbnRhbGxhLUxHLU9MRUQtU21hcnQtVFYtZGUtNTUtcHVsZ2FkYXMtNEsvRG9sYnktQXRtb3MtT0xFRDU1QzFQU0EvMTEwNTAwMzg5MzEzMDQ5MjU=;SEM;2021-10-09;2021-10-06;;1304925;;;;LIVERPOOL;MX;2021-10-09 03:46;LG;Pantalla LG OLED Smart TV de 55 pulgadas 4K/Dolby Atmos OLED55C1PSA;https://www.liverpool.com.mx/tienda/pdp/Pantalla-LG-OLED-Smart-TV-de-55-pulgadas-4K/Dolby-Atmos-OLED55C1PSA/1105003893;CE;5;https://www.liverpool.com.mx/
696;aHR0cHM6Ly93d3cubGl2ZXJwb29sLmNvbS5teC90aWVuZGEvcGRwL1BhbnRhbGxhLUxHLU9MRUQtU21hcnQtVFYtZGUtNTUtcHVsZ2FkYXMtNEsvRG9sYnktQXRtb3MtT0xFRDU1QzFQU0EvMTEwNTAwMzg5MzEyODUyMjQ=;SEM;2021-10-09;2021-09-25;;1285224;;;;LIVERPOOL;MX;2021-10-09 03:46;LG;Pantalla LG OLED Smart TV de 55 pulgadas 4K/Dolby Atmos OLED55C1PSA;https://www.liverpool.com.mx/tienda/pdp/Pantalla-LG-OLED-Smart-TV-de-55-pulgadas-4K/Dolby-Atmos-OLED55C1PSA/1105003893;CE;5;https://www.liverpool.com.mx/
697;aHR0cHM6Ly93d3cubGl2ZXJwb29sLmNvbS5teC90aWVuZGEvcGRwL1BhbnRhbGxhLUxHLU9MRUQtU21hcnQtVFYtZGUtNTUtcHVsZ2FkYXMtNEsvRG9sYnktQXRtb3MtT0xFRDU1QzFQU0EvMTEwNTAwMzg5MzEzMTExNzc=;SEM;2021-10-09;2021-10-08;;1311177;;;;LIVERPOOL;MX;2021-10-09 03:46;LG;Pantalla LG OLED Smart TV de 55 pulgadas 4K/Dolby Atmos OLED55C1PSA;https://www.liverpool.com.mx/tienda/pdp/Pantalla-LG-OLED-Smart-TV-de-55-pulgadas-4K/Dolby-Atmos-OLED55C1PSA/1105003893;CE;5;https://www.liverpool.com.mx/
698;aHR0cHM6Ly93d3cubGl2ZXJwb29sLmNvbS5teC90aWVuZGEvcGRwL1BhbnRhbGxhLUxHLU9MRUQtU21hcnQtVFYtZGUtNTUtcHVsZ2FkYXMtNEsvRG9sYnktQXRtb3MtT0xFRDU1QzFQU0EvMTEwNTAwMzg5MzExMTk0NDY=;SEM;2021-10-09;2021-07-03;;1119446;;;;LIVERPOOL;MX;2021-10-09 03:46;LG;Pantalla LG OLED Smart TV de 55 pulgadas 4K/Dolby Atmos OLED55C1PSA;https://www.liverpool.com.mx/tienda/pdp/Pantalla-LG-OLED-Smart-TV-de-55-pulgadas-4K/Dolby-Atmos-OLED55C1PSA/1105003893;CE;5;https://www.liverpool.com.mx/
699;aHR0cHM6Ly93d3cubGl2ZXJwb29sLmNvbS5teC90aWVuZGEvcGRwL1BhbnRhbGxhLUxHLU9MRUQtU21hcnQtVFYtZGUtNTUtcHVsZ2FkYXMtNEsvRG9sYnktQXRtb3MtT0xFRDU1QzFQU0EvMTEwNTAwMzg5MzEwODkwMzk=;SEM;2021-10-09;2021-06-21;;1089039;;;;LIVERPOOL;MX;2021-10-09 03:46;LG;Pantalla LG OLED Smart TV de 55 pulgadas 4K/Dolby Atmos OLED55C1PSA;https://www.liverpool.com.mx/tienda/pdp/Pantalla-LG-OLED-Smart-TV-de-55-pulgadas-4K/Dolby-Atmos-OLED55C1PSA/1105003893;CE;5;https://www.liverpool.com.mx/
700;aHR0cHM6Ly93d3cubGl2ZXJwb29sLmNvbS5teC90aWVuZGEvcGRwL1BhbnRhbGxhLUxHLU9MRUQtU21hcnQtVFYtZGUtNTUtcHVsZ2FkYXMtNEsvRG9sYnktQXRtb3MtT0xFRDU1QzFQU0EvMTEwNTAwMzg5MzEwNTk1MjU=;SEM;2021-10-09;2021-06-12;;1059525;;;;LIVERPOOL;MX;2021-10-09 03:46;LG;Pantalla LG OLED Smart TV de 55 pulgadas 4K/Dolby Atmos OLED55C1PSA;https://www.liverpool.com.mx/tienda/pdp/Pantalla-LG-OLED-Smart-TV-de-55-pulgadas-4K/Dolby-Atmos-OLED55C1PSA/1105003893;CE;5;https://www.liverpool.com.mx/
701;aHR0cHM6Ly93d3cubGl2ZXJwb29sLmNvbS5teC90aWVuZGEvcGRwL1BhbnRhbGxhLUxHLU9MRUQtU21hcnQtVFYtZGUtNTUtcHVsZ2FkYXMtNEsvRG9sYnktQXRtb3MtT0xFRDU1QzFQU0EvMTEwNTAwMzg5MzEwMDg4Mzk=;SEM;2021-10-09;2021-05-28;;1008839;;;;LIVERPOOL;MX;2021-10-09 03:46;LG;Pantalla LG OLED Smart TV de 55 pulgadas 4K/Dolby Atmos OLED55C1PSA;https://www.liverpool.com.mx/tienda/pdp/Pantalla-LG-OLED-Smart-TV-de-55-pulgadas-4K/Dolby-Atmos-OLED55C1PSA/1105003893;CE;5;https://www.liverpool.com.mx/
702;aHR0cHM6Ly93d3cubGl2ZXJwb29sLmNvbS5teC90aWVuZGEvcGRwL1BhbnRhbGxhLUxHLU9MRUQtU21hcnQtVFYtZGUtNTUtcHVsZ2FkYXMtNEsvRG9sYnktQXRtb3MtT0xFRDU1QzFQU0EvMTEwNTAwMzg5MzEyNzEyNDE=;SEM;2021-10-09;2021-09-18;;1271241;;;;LIVERPOOL;MX;2021-10-09 03:46;LG;Pantalla LG OLED Smart TV de 55 pulgadas 4K/Dolby Atmos OLED55C1PSA;https://www.liverpool.com.mx/tienda/pdp/Pantalla-LG-OLED-Smart-TV-de-55-pulgadas-4K/Dolby-Atmos-OLED55C1PSA/1105003893;CE;5;https://www.liverpool.com.mx/
703;aHR0cHM6Ly93d3cubGl2ZXJwb29sLmNvbS5teC90aWVuZGEvcGRwL1BhbnRhbGxhLUxHLU9MRUQtU21hcnQtVFYtZGUtNTUtcHVsZ2FkYXMtNEsvRG9sYnktQXRtb3MtT0xFRDU1QzFQU0EvMTEwNTAwMzg5Mzk0NzkzOA==;SEM;2021-10-09;2021-05-07;;947938;;;;LIVERPOOL;MX;2021-10-09 03:46;LG;Pantalla LG OLED Smart TV de 55 pulgadas 4K/Dolby Atmos OLED55C1PSA;https://www.liverpool.com.mx/tienda/pdp/Pantalla-LG-OLED-Smart-TV-de-55-pulgadas-4K/Dolby-Atmos-OLED55C1PSA/1105003893;CE;5;https://www.liverpool.com.mx/
704;aHR0cHM6Ly93d3cubGl2ZXJwb29sLmNvbS5teC90aWVuZGEvcGRwL1BhbnRhbGxhLUxHLU9MRUQtU21hcnQtVFYtZGUtNTUtcHVsZ2FkYXMtNEsvRG9sYnktQXRtb3MtT0xFRDU1QzFQU0EvMTEwNTAwMzg5MzExMjg2OTU=;SEM;2021-10-09;2021-07-07;;1128695;;;;LIVERPOOL;MX;2021-10-09 03:46;LG;Pantalla LG OLED Smart TV de 55 pulgadas 4K/Dolby Atmos OLED55C1PSA;https://www.liverpool.com.mx/tienda/pdp/Pantalla-LG-OLED-Smart-TV-de-55-pulgadas-4K/Dolby-Atmos-OLED55C1PSA/1105003893;CE;5;https://www.liverpool.com.mx/
705;aHR0cHM6Ly93d3cubGl2ZXJwb29sLmNvbS5teC90aWVuZGEvcGRwL1BhbnRhbGxhLUxHLU9MRUQtU21hcnQtVFYtZGUtNTUtcHVsZ2FkYXMtNEsvRG9sYnktQXRtb3MtT0xFRDU1QzFQU0EvMTEwNTAwMzg5Mzk3NTM5OQ==;SEM;2021-10-09;2021-05-15;;975399;;;;LIVERPOOL;MX;2021-10-09 03:46;LG;Pantalla LG OLED Smart TV de 55 pulgadas 4K/Dolby Atmos OLED55C1PSA;https://www.liverpool.com.mx/tienda/pdp/Pantalla-LG-OLED-Smart-TV-de-55-pulgadas-4K/Dolby-Atmos-OLED55C1PSA/1105003893;CE;5;https://www.liverpool.com.mx/
706;aHR0cHM6Ly93d3cubGl2ZXJwb29sLmNvbS5teC90aWVuZGEvcGRwL1BhbnRhbGxhLUxHLU9MRUQtU21hcnQtVFYtZGUtNTUtcHVsZ2FkYXMtNEsvRG9sYnktQXRtb3MtT0xFRDU1QzFQU0EvMTEwNTAwMzg5MzEyNTQ1MzM=;SEM;2021-10-09;2021-09-08;;1254533;;;;LIVERPOOL;MX;2021-10-09 03:46;LG;Pantalla LG OLED Smart TV de 55 pulgadas 4K/Dolby Atmos OLED55C1PSA;https://www.liverpool.com.mx/tienda/pdp/Pantalla-LG-OLED-Smart-TV-de-55-pulgadas-4K/Dolby-Atmos-OLED55C1PSA/1105003893;CE;5;https://www.liverpool.com.mx/
707;aHR0cHM6Ly93d3cubGl2ZXJwb29sLmNvbS5teC90aWVuZGEvcGRwL1BhbnRhbGxhLUxHLU9MRUQtU21hcnQtVFYtZGUtNTUtcHVsZ2FkYXMtNEsvRG9sYnktQXRtb3MtT0xFRDU1QzFQU0EvMTEwNTAwMzg5Mzk2ODExNQ==;SEM;2021-10-09;2021-05-13;;968115;;;;LIVERPOOL;MX;2021-10-09 03:46;LG;Pantalla LG OLED Smart TV de 55 pulgadas 4K/Dolby Atmos OLED55C1PSA;https://www.liverpool.com.mx/tienda/pdp/Pantalla-LG-OLED-Smart-TV-de-55-pulgadas-4K/Dolby-Atmos-OLED55C1PSA/1105003893;CE;5;https://www.liverpool.com.mx/
708;aHR0cHM6Ly93d3cubGl2ZXJwb29sLmNvbS5teC90aWVuZGEvcGRwL1BhbnRhbGxhLUxHLU9MRUQtU21hcnQtVFYtZGUtNTUtcHVsZ2FkYXMtNEsvRG9sYnktQXRtb3MtT0xFRDU1QzFQU0EvMTEwNTAwMzg5MzEwNDE3NjI=;SEM;2021-10-09;2021-06-07;;1041762;;;;LIVERPOOL;MX;2021-10-09 03:46;LG;Pantalla LG OLED Smart TV de 55 pulgadas 4K/Dolby Atmos OLED55C1PSA;https://www.liverpool.com.mx/tienda/pdp/Pantalla-LG-OLED-Smart-TV-de-55-pulgadas-4K/Dolby-Atmos-OLED55C1PSA/1105003893;CE;3;https://www.liverpool.com.mx/
709;aHR0cHM6Ly93d3cubGl2ZXJwb29sLmNvbS5teC90aWVuZGEvcGRwL1BhbnRhbGxhLUxHLU9MRUQtU21hcnQtVFYtZGUtNTUtcHVsZ2FkYXMtNEsvRG9sYnktQXRtb3MtT0xFRDU1QzFQU0EvMTEwNTAwMzg5Mzk1NTIwMQ==;SEM;2021-10-09;2021-05-09;;955201;;;;LIVERPOOL;MX;2021-10-09 03:46;LG;Pantalla LG OLED Smart TV de 55 pulgadas 4K/Dolby Atmos OLED55C1PSA;https://www.liverpool.com.mx/tienda/pdp/Pantalla-LG-OLED-Smart-TV-de-55-pulgadas-4K/Dolby-Atmos-OLED55C1PSA/1105003893;CE;4;https://www.liverpool.com.mx/
710;aHR0cHM6Ly93d3cubGl2ZXJwb29sLmNvbS5teC90aWVuZGEvcGRwL1BhbnRhbGxhLUxHLU9MRUQtU21hcnQtVFYtZGUtNjUtUHVsZ2FkYXMtNEsvRG9sYnktQXRtb3MtT0xFRDY1QzFQU0EvMTEwNTAwMzg4NTEwMTg1ODQ=;SEM;2021-10-09;2021-05-31;;1018584;;;;LIVERPOOL;MX;2021-10-09 03:47;LG;Pantalla LG OLED Smart TV de 65 Pulgadas 4K/Dolby Atmos OLED65C1PSA;https://www.liverpool.com.mx/tienda/pdp/Pantalla-LG-OLED-Smart-TV-de-65-Pulgadas-4K/Dolby-Atmos-OLED65C1PSA/1105003885;CE;5;https://www.liverpool.com.mx/
711;aHR0cHM6Ly93d3cubGl2ZXJwb29sLmNvbS5teC90aWVuZGEvcGRwL1BhbnRhbGxhLUxHLU9MRUQtU21hcnQtVFYtZGUtNjUtUHVsZ2FkYXMtNEsvRG9sYnktQXRtb3MtT0xFRDY1QzFQU0EvMTEwNTAwMzg4NTEwMDgwNDI=;SEM;2021-10-09;2021-05-27;;1008042;;;;LIVERPOOL;MX;2021-10-09 03:47;LG;Pantalla LG OLED Smart TV de 65 Pulgadas 4K/Dolby Atmos OLED65C1PSA;https://www.liverpool.com.mx/tienda/pdp/Pantalla-LG-OLED-Smart-TV-de-65-Pulgadas-4K/Dolby-Atmos-OLED65C1PSA/1105003885;CE;5;https://www.liverpool.com.mx/
712;aHR0cHM6Ly93d3cubGl2ZXJwb29sLmNvbS5teC90aWVuZGEvcGRwL1BhbnRhbGxhLUxHLU9MRUQtU21hcnQtVFYtZGUtNjUtUHVsZ2FkYXMtNEsvRG9sYnktQXRtb3MtT0xFRDY1QzFQU0EvMTEwNTAwMzg4NTEwNDk2NTc=;SEM;2021-10-09;2021-06-09;;1049657;;;;LIVERPOOL;MX;2021-10-09 03:47;LG;Pantalla LG OLED Smart TV de 65 Pulgadas 4K/Dolby Atmos OLED65C1PSA;https://www.liverpool.com.mx/tienda/pdp/Pantalla-LG-OLED-Smart-TV-de-65-Pulgadas-4K/Dolby-Atmos-OLED65C1PSA/1105003885;CE;5;https://www.liverpool.com.mx/
713;aHR0cHM6Ly93d3cubGl2ZXJwb29sLmNvbS5teC90aWVuZGEvcGRwL1BhbnRhbGxhLUxHLU9MRUQtU21hcnQtVFYtZGUtNjUtUHVsZ2FkYXMtNEsvRG9sYnktQXRtb3MtT0xFRDY1QzFQU0EvMTEwNTAwMzg4NTEwMzk1MjU=;SEM;2021-10-09;2021-06-06;;1039525;;;;LIVERPOOL;MX;2021-10-09 03:47;LG;Pantalla LG OLED Smart TV de 65 Pulgadas 4K/Dolby Atmos OLED65C1PSA;https://www.liverpool.com.mx/tienda/pdp/Pantalla-LG-OLED-Smart-TV-de-65-Pulgadas-4K/Dolby-Atmos-OLED65C1PSA/1105003885;CE;5;https://www.liverpool.com.mx/
714;aHR0cHM6Ly93d3cubGl2ZXJwb29sLmNvbS5teC90aWVuZGEvcGRwL1BhbnRhbGxhLUxHLU9MRUQtU21hcnQtVFYtZGUtNjUtUHVsZ2FkYXMtNEsvRG9sYnktQXRtb3MtT0xFRDY1QzFQU0EvMTEwNTAwMzg4NTEwODk4MTc=;SEM;2021-10-09;2021-06-22;;1089817;;;;LIVERPOOL;MX;2021-10-09 03:47;LG;Pantalla LG OLED Smart TV de 65 Pulgadas 4K/Dolby Atmos OLED65C1PSA;https://www.liverpool.com.mx/tienda/pdp/Pantalla-LG-OLED-Smart-TV-de-65-Pulgadas-4K/Dolby-Atmos-OLED65C1PSA/1105003885;CE;5;https://www.liverpool.com.mx/
715;aHR0cHM6Ly93d3cubGl2ZXJwb29sLmNvbS5teC90aWVuZGEvcGRwL1BhbnRhbGxhLUxHLU9MRUQtU21hcnQtVFYtZGUtNjUtUHVsZ2FkYXMtNEsvRG9sYnktQXRtb3MtT0xFRDY1QzFQU0EvMTEwNTAwMzg4NTEwNzgzMzk=;SEM;2021-10-09;2021-06-18;;1078339;;;;LIVERPOOL;MX;2021-10-09 03:47;LG;Pantalla LG OLED Smart TV de 65 Pulgadas 4K/Dolby Atmos OLED65C1PSA;https://www.liverpool.com.mx/tienda/pdp/Pantalla-LG-OLED-Smart-TV-de-65-Pulgadas-4K/Dolby-Atmos-OLED65C1PSA/1105003885;CE;5;https://www.liverpool.com.mx/
716;aHR0cHM6Ly93d3cubGl2ZXJwb29sLmNvbS5teC90aWVuZGEvcGRwL1BhbnRhbGxhLUxHLVFORUQtU21hcnQtVFYtZGUtNzUtUHVsZ2FkYXMtNGstLy1Eb2xieS1BdG1vcy03NVFORUQ5MFNQQS8xMTA4MDQzNTYwMTIyOTA3Mg==;SEM;2021-10-09;2021-08-25;;1229072;;;;LIVERPOOL;MX;2021-10-09 03:49;LG;Pantalla LG QNED Smart TV de 75 Pulgadas 4k / Dolby Atmos 75QNED90SPA;https://www.liverpool.com.mx/tienda/pdp/Pantalla-LG-QNED-Smart-TV-de-75-Pulgadas-4k-/-Dolby-Atmos-75QNED90SPA/1108043560;CE;5;https://www.liverpool.com.mx/
717;aHR0cHM6Ly93d3cubGl2ZXJwb29sLmNvbS5teC90aWVuZGEvcGRwL3BhbnRhbGxhLWxnLW5hbm9jZWxsLXNtYXJ0LXR2LWRlLTUwLXB1bGdhZGFzLTRrL3VoZC01MG5hbm83NXNwYS8xMTEwMDcxMTk4MTMxMDkxNA==;SEM;2021-10-09;2021-10-08;;1310914;;;;LIVERPOOL;MX;2021-10-09 03:56;LG;Pantalla LG NanoCell Smart TV de 50 Pulgadas 4K/UHD 50NANO75SPA;https://www.liverpool.com.mx/tienda/pdp/pantalla-lg-nanocell-smart-tv-de-50-pulgadas-4k/uhd-50nano75spa/1110071198;CE;5;https://www.liverpool.com.mx/
718;aHR0cHM6Ly93d3cubGl2ZXJwb29sLmNvbS5teC90aWVuZGEvcGRwL1BhbnRhbGxhLUxHLU5hbm9DZWxsLVNtYXJ0LVRWLWRlLTUwLVB1bGdhZGFzLTRLL1VIRC01ME5BTk83NVNQQS8xMTEwMDcxMTk4MTI5MjQ2OQ==;SEM;2021-10-09;2021-09-30;;1292469;;;;LIVERPOOL;MX;2021-10-09 04:18;LG;Pantalla LG NanoCell Smart TV de 50 Pulgadas 4K/UHD 50NANO75SPA;https://www.liverpool.com.mx/tienda/pdp/Pantalla-LG-NanoCell-Smart-TV-de-50-Pulgadas-4K/UHD-50NANO75SPA/1110071198;CE;5;https://www.liverpool.com.mx/
719;aHR0cHM6Ly93d3cubGl2ZXJwb29sLmNvbS5teC90aWVuZGEvcGRwL1BhbnRhbGxhLUxHLU5hbm9DZWxsLVNtYXJ0LVRWLWRlLTUwLVB1bGdhZGFzLTRLL1VIRC01ME5BTk83NVNQQS8xMTEwMDcxMTk4MTMxMDkxNA==;SEM;2021-10-09;2021-10-08;;1310914;;;;LIVERPOOL;MX;2021-10-09 04:18;LG;Pantalla LG NanoCell Smart TV de 50 Pulgadas 4K/UHD 50NANO75SPA;https://www.liverpool.com.mx/tienda/pdp/Pantalla-LG-NanoCell-Smart-TV-de-50-Pulgadas-4K/UHD-50NANO75SPA/1110071198;CE;5;https://www.liverpool.com.mx/
720;aHR0cHM6Ly93d3cubGl2ZXJwb29sLmNvbS5teC90aWVuZGEvcGRwL1BhbnRhbGxhLUhpc2Vuc2UtTEVELVNtYXJ0LVRWLWRlLTQwLXB1bGdhZGFzLUZ1bGwtSEQtTW9kZWxvLTQwSDU1MDBGLzEwODY4NzcyMDgxMTU5Mzk=;SEM;2021-10-09;2019-10-09;;115939;;;;LIVERPOOL;MX;2021-10-09 04:19;HISENSE;Pantalla Hisense LED Smart TV de 40 pulgadas Full HD Modelo 40H5500F;https://www.liverpool.com.mx/tienda/pdp/Pantalla-Hisense-LED-Smart-TV-de-40-pulgadas-Full-HD-Modelo-40H5500F/1086877208;CE;1;https://www.liverpool.com.mx/
721;aHR0cHM6Ly93d3cubGl2ZXJwb29sLmNvbS5teC90aWVuZGEvcGRwL1BhbnRhbGxhLUhpc2Vuc2UtTEVELVNtYXJ0LVRWLWRlLTQwLXB1bGdhZGFzLUZ1bGwtSEQtTW9kZWxvLTQwSDU1MDBGLzEwODY4NzcyMDgxMTM2NDM=;SEM;2021-10-09;2019-10-05;;113643;;;;LIVERPOOL;MX;2021-10-09 04:19;HISENSE;Pantalla Hisense LED Smart TV de 40 pulgadas Full HD Modelo 40H5500F;https://www.liverpool.com.mx/tienda/pdp/Pantalla-Hisense-LED-Smart-TV-de-40-pulgadas-Full-HD-Modelo-40H5500F/1086877208;CE;4;https://www.liverpool.com.mx/
722;aHR0cHM6Ly93d3cubGl2ZXJwb29sLmNvbS5teC90aWVuZGEvcGRwL1BhbnRhbGxhLUhpc2Vuc2UtTEVELVNtYXJ0LVRWLWRlLTQwLXB1bGdhZGFzLUZ1bGwtSEQtTW9kZWxvLTQwSDU1MDBGLzEwODY4NzcyMDgxNTY4MDk=;SEM;2021-10-09;2019-12-26;;156809;;;;LIVERPOOL;MX;2021-10-09 04:19;HISENSE;Pantalla Hisense LED Smart TV de 40 pulgadas Full HD Modelo 40H5500F;https://www.liverpool.com.mx/tienda/pdp/Pantalla-Hisense-LED-Smart-TV-de-40-pulgadas-Full-HD-Modelo-40H5500F/1086877208;CE;4;https://www.liverpool.com.mx/
723;aHR0cHM6Ly93d3cubGl2ZXJwb29sLmNvbS5teC90aWVuZGEvcGRwL1BhbnRhbGxhLUhpc2Vuc2UtTEVELVNtYXJ0LVRWLWRlLTQwLXB1bGdhZGFzLUZ1bGwtSEQtTW9kZWxvLTQwSDU1MDBGLzEwODY4NzcyMDgyNjY4OTM=;SEM;2021-10-09;2020-05-26;;266893;;;;LIVERPOOL;MX;2021-10-09 04:19;HISENSE;Pantalla Hisense LED Smart TV de 40 pulgadas Full HD Modelo 40H5500F;https://www.liverpool.com.mx/tienda/pdp/Pantalla-Hisense-LED-Smart-TV-de-40-pulgadas-Full-HD-Modelo-40H5500F/1086877208;CE;5;https://www.liverpool.com.mx/
724;aHR0cHM6Ly93d3cubGl2ZXJwb29sLmNvbS5teC90aWVuZGEvcGRwL1BhbnRhbGxhLUhpc2Vuc2UtTEVELVNtYXJ0LVRWLWRlLTQwLXB1bGdhZGFzLUZ1bGwtSEQtTW9kZWxvLTQwSDU1MDBGLzEwODY4NzcyMDgyODM4NzU=;SEM;2021-10-09;2020-06-09;;283875;;;;LIVERPOOL;MX;2021-10-09 04:19;HISENSE;Pantalla Hisense LED Smart TV de 40 pulgadas Full HD Modelo 40H5500F;https://www.liverpool.com.mx/tienda/pdp/Pantalla-Hisense-LED-Smart-TV-de-40-pulgadas-Full-HD-Modelo-40H5500F/1086877208;CE;1;https://www.liverpool.com.mx/
725;aHR0cHM6Ly93d3cubGl2ZXJwb29sLmNvbS5teC90aWVuZGEvcGRwL1BhbnRhbGxhLUhpc2Vuc2UtTEVELVNtYXJ0LVRWLWRlLTQwLXB1bGdhZGFzLUZ1bGwtSEQtTW9kZWxvLTQwSDU1MDBGLzEwODY4NzcyMDgyMzkxMDg=;SEM;2021-10-09;2020-05-05;;239108;;;;LIVERPOOL;MX;2021-10-09 04:19;HISENSE;Pantalla Hisense LED Smart TV de 40 pulgadas Full HD Modelo 40H5500F;https://www.liverpool.com.mx/tienda/pdp/Pantalla-Hisense-LED-Smart-TV-de-40-pulgadas-Full-HD-Modelo-40H5500F/1086877208;CE;4;https://www.liverpool.com.mx/
726;aHR0cHM6Ly93d3cubGl2ZXJwb29sLmNvbS5teC90aWVuZGEvcGRwL1BhbnRhbGxhLUhpc2Vuc2UtTEVELVNtYXJ0LVRWLWRlLTQwLXB1bGdhZGFzLUZ1bGwtSEQtTW9kZWxvLTQwSDU1MDBGLzEwODY4NzcyMDgyNTM4MDI=;SEM;2021-10-09;2020-05-16;;253802;;;;LIVERPOOL;MX;2021-10-09 04:19;HISENSE;Pantalla Hisense LED Smart TV de 40 pulgadas Full HD Modelo 40H5500F;https://www.liverpool.com.mx/tienda/pdp/Pantalla-Hisense-LED-Smart-TV-de-40-pulgadas-Full-HD-Modelo-40H5500F/1086877208;CE;5;https://www.liverpool.com.mx/
727;aHR0cHM6Ly93d3cubGl2ZXJwb29sLmNvbS5teC90aWVuZGEvcGRwL1BhbnRhbGxhLUhpc2Vuc2UtTEVELVNtYXJ0LVRWLWRlLTQwLXB1bGdhZGFzLUZ1bGwtSEQtTW9kZWxvLTQwSDU1MDBGLzEwODY4NzcyMDgzNTQ4NDU=;SEM;2021-10-09;2020-06-30;;354845;;;;LIVERPOOL;MX;2021-10-09 04:19;HISENSE;Pantalla Hisense LED Smart TV de 40 pulgadas Full HD Modelo 40H5500F;https://www.liverpool.com.mx/tienda/pdp/Pantalla-Hisense-LED-Smart-TV-de-40-pulgadas-Full-HD-Modelo-40H5500F/1086877208;CE;5;https://www.liverpool.com.mx/
728;aHR0cHM6Ly93d3cubGl2ZXJwb29sLmNvbS5teC90aWVuZGEvcGRwL1BhbnRhbGxhLUhpc2Vuc2UtTEVELVNtYXJ0LVRWLWRlLTQwLXB1bGdhZGFzLUZ1bGwtSEQtTW9kZWxvLTQwSDU1MDBGLzEwODY4NzcyMDgxMjg0MjY=;SEM;2021-10-09;2019-11-05;;128426;;;;LIVERPOOL;MX;2021-10-09 04:19;HISENSE;Pantalla Hisense LED Smart TV de 40 pulgadas Full HD Modelo 40H5500F;https://www.liverpool.com.mx/tienda/pdp/Pantalla-Hisense-LED-Smart-TV-de-40-pulgadas-Full-HD-Modelo-40H5500F/1086877208;CE;5;https://www.liverpool.com.mx/
729;aHR0cHM6Ly93d3cubGl2ZXJwb29sLmNvbS5teC90aWVuZGEvcGRwL1BhbnRhbGxhLUhpc2Vuc2UtTEVELVNtYXJ0LVRWLWRlLTQwLXB1bGdhZGFzLUZ1bGwtSEQtTW9kZWxvLTQwSDU1MDBGLzEwODY4NzcyMDg1ODM3MzA=;SEM;2021-10-09;2020-09-05;;583730;;;;LIVERPOOL;MX;2021-10-09 04:19;HISENSE;Pantalla Hisense LED Smart TV de 40 pulgadas Full HD Modelo 40H5500F;https://www.liverpool.com.mx/tienda/pdp/Pantalla-Hisense-LED-Smart-TV-de-40-pulgadas-Full-HD-Modelo-40H5500F/1086877208;CE;5;https://www.liverpool.com.mx/
730;aHR0cHM6Ly93d3cubGl2ZXJwb29sLmNvbS5teC90aWVuZGEvcGRwL1BhbnRhbGxhLUhpc2Vuc2UtTEVELVNtYXJ0LVRWLWRlLTQwLXB1bGdhZGFzLUZ1bGwtSEQtTW9kZWxvLTQwSDU1MDBGLzEwODY4NzcyMDg0MTk5MzA=;SEM;2021-10-09;2020-07-23;;419930;;;;LIVERPOOL;MX;2021-10-09 04:19;HISENSE;Pantalla Hisense LED Smart TV de 40 pulgadas Full HD Modelo 40H5500F;https://www.liverpool.com.mx/tienda/pdp/Pantalla-Hisense-LED-Smart-TV-de-40-pulgadas-Full-HD-Modelo-40H5500F/1086877208;CE;5;https://www.liverpool.com.mx/
731;aHR0cHM6Ly93d3cubGl2ZXJwb29sLmNvbS5teC90aWVuZGEvcGRwL1BhbnRhbGxhLUhpc2Vuc2UtTEVELVNtYXJ0LVRWLWRlLTQwLXB1bGdhZGFzLUZ1bGwtSEQtTW9kZWxvLTQwSDU1MDBGLzEwODY4NzcyMDg1MjIwODk=;SEM;2021-10-09;2020-08-16;;522089;;;;LIVERPOOL;MX;2021-10-09 04:19;HISENSE;Pantalla Hisense LED Smart TV de 40 pulgadas Full HD Modelo 40H5500F;https://www.liverpool.com.mx/tienda/pdp/Pantalla-Hisense-LED-Smart-TV-de-40-pulgadas-Full-HD-Modelo-40H5500F/1086877208;CE;5;https://www.liverpool.com.mx/
732;aHR0cHM6Ly93d3cubGl2ZXJwb29sLmNvbS5teC90aWVuZGEvcGRwL1BhbnRhbGxhLUhpc2Vuc2UtTEVELVNtYXJ0LVRWLWRlLTQwLXB1bGdhZGFzLUZ1bGwtSEQtTW9kZWxvLTQwSDU1MDBGLzEwODY4NzcyMDg1MTQ2OTA=;SEM;2021-10-09;2020-08-12;;514690;;;;LIVERPOOL;MX;2021-10-09 04:19;HISENSE;Pantalla Hisense LED Smart TV de 40 pulgadas Full HD Modelo 40H5500F;https://www.liverpool.com.mx/tienda/pdp/Pantalla-Hisense-LED-Smart-TV-de-40-pulgadas-Full-HD-Modelo-40H5500F/1086877208;CE;5;https://www.liverpool.com.mx/
733;aHR0cHM6Ly93d3cubGl2ZXJwb29sLmNvbS5teC90aWVuZGEvcGRwL1BhbnRhbGxhLUhpc2Vuc2UtTEVELVNtYXJ0LVRWLWRlLTQwLXB1bGdhZGFzLUZ1bGwtSEQtTW9kZWxvLTQwSDU1MDBGLzEwODY4NzcyMDgyNTA4MjM=;SEM;2021-10-09;2020-05-14;;250823;;;;LIVERPOOL;MX;2021-10-09 04:19;HISENSE;Pantalla Hisense LED Smart TV de 40 pulgadas Full HD Modelo 40H5500F;https://www.liverpool.com.mx/tienda/pdp/Pantalla-Hisense-LED-Smart-TV-de-40-pulgadas-Full-HD-Modelo-40H5500F/1086877208;CE;5;https://www.liverpool.com.mx/
734;aHR0cHM6Ly93d3cubGl2ZXJwb29sLmNvbS5teC90aWVuZGEvcGRwL1BhbnRhbGxhLUhpc2Vuc2UtTEVELVNtYXJ0LVRWLWRlLTQwLXB1bGdhZGFzLUZ1bGwtSEQtTW9kZWxvLTQwSDU1MDBGLzEwODY4NzcyMDg1MDc5ODg=;SEM;2021-10-09;2020-08-10;;507988;;;;LIVERPOOL;MX;2021-10-09 04:19;HISENSE;Pantalla Hisense LED Smart TV de 40 pulgadas Full HD Modelo 40H5500F;https://www.liverpool.com.mx/tienda/pdp/Pantalla-Hisense-LED-Smart-TV-de-40-pulgadas-Full-HD-Modelo-40H5500F/1086877208;CE;5;https://www.liverpool.com.mx/
735;aHR0cHM6Ly93d3cubGl2ZXJwb29sLmNvbS5teC90aWVuZGEvcGRwL1BhbnRhbGxhLUhpc2Vuc2UtTEVELVNtYXJ0LVRWLWRlLTQwLXB1bGdhZGFzLUZ1bGwtSEQtTW9kZWxvLTQwSDU1MDBGLzEwODY4NzcyMDg1NjA4MDc=;SEM;2021-10-09;2020-08-28;;560807;;;;LIVERPOOL;MX;2021-10-09 04:19;HISENSE;Pantalla Hisense LED Smart TV de 40 pulgadas Full HD Modelo 40H5500F;https://www.liverpool.com.mx/tienda/pdp/Pantalla-Hisense-LED-Smart-TV-de-40-pulgadas-Full-HD-Modelo-40H5500F/1086877208;CE;5;https://www.liverpool.com.mx/
736;aHR0cHM6Ly93d3cubGl2ZXJwb29sLmNvbS5teC90aWVuZGEvcGRwL1BhbnRhbGxhLUhpc2Vuc2UtTEVELVNtYXJ0LVRWLWRlLTQwLXB1bGdhZGFzLUZ1bGwtSEQtTW9kZWxvLTQwSDU1MDBGLzEwODY4NzcyMDg3NTE1MzM=;SEM;2021-10-09;2021-01-28;;751533;;;;LIVERPOOL;MX;2021-10-09 04:19;HISENSE;Pantalla Hisense LED Smart TV de 40 pulgadas Full HD Modelo 40H5500F;https://www.liverpool.com.mx/tienda/pdp/Pantalla-Hisense-LED-Smart-TV-de-40-pulgadas-Full-HD-Modelo-40H5500F/1086877208;CE;5;https://www.liverpool.com.mx/
737;aHR0cHM6Ly93d3cubGl2ZXJwb29sLmNvbS5teC90aWVuZGEvcGRwL1BhbnRhbGxhLUhpc2Vuc2UtTEVELVNtYXJ0LVRWLWRlLTQwLXB1bGdhZGFzLUZ1bGwtSEQtTW9kZWxvLTQwSDU1MDBGLzEwODY4NzcyMDg0MzM3MjE=;SEM;2021-10-09;2020-07-28;;433721;;;;LIVERPOOL;MX;2021-10-09 04:19;HISENSE;Pantalla Hisense LED Smart TV de 40 pulgadas Full HD Modelo 40H5500F;https://www.liverpool.com.mx/tienda/pdp/Pantalla-Hisense-LED-Smart-TV-de-40-pulgadas-Full-HD-Modelo-40H5500F/1086877208;CE;5;https://www.liverpool.com.mx/
738;aHR0cHM6Ly93d3cubGl2ZXJwb29sLmNvbS5teC90aWVuZGEvcGRwL1BhbnRhbGxhLUhpc2Vuc2UtTEVELVNtYXJ0LVRWLWRlLTQwLXB1bGdhZGFzLUZ1bGwtSEQtTW9kZWxvLTQwSDU1MDBGLzEwODY4NzcyMDg2MjQ5ODY=;SEM;2021-10-09;2020-10-08;;624986;;;;LIVERPOOL;MX;2021-10-09 04:19;HISENSE;Pantalla Hisense LED Smart TV de 40 pulgadas Full HD Modelo 40H5500F;https://www.liverpool.com.mx/tienda/pdp/Pantalla-Hisense-LED-Smart-TV-de-40-pulgadas-Full-HD-Modelo-40H5500F/1086877208;CE;5;https://www.liverpool.com.mx/
739;aHR0cHM6Ly93d3cubGl2ZXJwb29sLmNvbS5teC90aWVuZGEvcGRwL1BhbnRhbGxhLUhpc2Vuc2UtTEVELVNtYXJ0LVRWLWRlLTQwLXB1bGdhZGFzLUZ1bGwtSEQtTW9kZWxvLTQwSDU1MDBGLzEwODY4NzcyMDg0OTYyNDE=;SEM;2021-10-09;2020-08-08;;496241;;;;LIVERPOOL;MX;2021-10-09 04:19;HISENSE;Pantalla Hisense LED Smart TV de 40 pulgadas Full HD Modelo 40H5500F;https://www.liverpool.com.mx/tienda/pdp/Pantalla-Hisense-LED-Smart-TV-de-40-pulgadas-Full-HD-Modelo-40H5500F/1086877208;CE;5;https://www.liverpool.com.mx/
740;aHR0cHM6Ly93d3cubGl2ZXJwb29sLmNvbS5teC90aWVuZGEvcGRwL1BhbnRhbGxhLUhpc2Vuc2UtTEVELVNtYXJ0LVRWLWRlLTQwLXB1bGdhZGFzLUZ1bGwtSEQtTW9kZWxvLTQwSDU1MDBGLzEwODY4NzcyMDgyMzM4NTQ=;SEM;2021-10-09;2020-05-01;;233854;;;;LIVERPOOL;MX;2021-10-09 04:19;HISENSE;Pantalla Hisense LED Smart TV de 40 pulgadas Full HD Modelo 40H5500F;https://www.liverpool.com.mx/tienda/pdp/Pantalla-Hisense-LED-Smart-TV-de-40-pulgadas-Full-HD-Modelo-40H5500F/1086877208;CE;5;https://www.liverpool.com.mx/
741;aHR0cHM6Ly93d3cubGl2ZXJwb29sLmNvbS5teC90aWVuZGEvcGRwL1BhbnRhbGxhLUhpc2Vuc2UtTEVELVNtYXJ0LVRWLWRlLTQwLXB1bGdhZGFzLUZ1bGwtSEQtTW9kZWxvLTQwSDU1MDBGLzEwODY4NzcyMDg1OTI4MTY=;SEM;2021-10-09;2020-09-08;;592816;;;;LIVERPOOL;MX;2021-10-09 04:19;HISENSE;Pantalla Hisense LED Smart TV de 40 pulgadas Full HD Modelo 40H5500F;https://www.liverpool.com.mx/tienda/pdp/Pantalla-Hisense-LED-Smart-TV-de-40-pulgadas-Full-HD-Modelo-40H5500F/1086877208;CE;5;https://www.liverpool.com.mx/
742;aHR0cHM6Ly93d3cubGl2ZXJwb29sLmNvbS5teC90aWVuZGEvcGRwL1BhbnRhbGxhLUhpc2Vuc2UtTEVELVNtYXJ0LVRWLWRlLTQwLXB1bGdhZGFzLUZ1bGwtSEQtTW9kZWxvLTQwSDU1MDBGLzEwODY4NzcyMDg0OTQwNDE=;SEM;2021-10-09;2020-08-07;;494041;;;;LIVERPOOL;MX;2021-10-09 04:19;HISENSE;Pantalla Hisense LED Smart TV de 40 pulgadas Full HD Modelo 40H5500F;https://www.liverpool.com.mx/tienda/pdp/Pantalla-Hisense-LED-Smart-TV-de-40-pulgadas-Full-HD-Modelo-40H5500F/1086877208;CE;5;https://www.liverpool.com.mx/
743;aHR0cHM6Ly93d3cubGl2ZXJwb29sLmNvbS5teC90aWVuZGEvcGRwL1BhbnRhbGxhLUhpc2Vuc2UtTEVELVNtYXJ0LVRWLWRlLTQwLXB1bGdhZGFzLUZ1bGwtSEQtTW9kZWxvLTQwSDU1MDBGLzEwODY4NzcyMDg1OTQ5MzU=;SEM;2021-10-09;2020-09-09;;594935;;;;LIVERPOOL;MX;2021-10-09 04:19;HISENSE;Pantalla Hisense LED Smart TV de 40 pulgadas Full HD Modelo 40H5500F;https://www.liverpool.com.mx/tienda/pdp/Pantalla-Hisense-LED-Smart-TV-de-40-pulgadas-Full-HD-Modelo-40H5500F/1086877208;CE;5;https://www.liverpool.com.mx/
744;aHR0cHM6Ly93d3cubGl2ZXJwb29sLmNvbS5teC90aWVuZGEvcGRwL1BhbnRhbGxhLUhpc2Vuc2UtTEVELVNtYXJ0LVRWLWRlLTQwLXB1bGdhZGFzLUZ1bGwtSEQtTW9kZWxvLTQwSDU1MDBGLzEwODY4NzcyMDgzNjY4NTM=;SEM;2021-10-09;2020-07-06;;366853;;;;LIVERPOOL;MX;2021-10-09 04:19;HISENSE;Pantalla Hisense LED Smart TV de 40 pulgadas Full HD Modelo 40H5500F;https://www.liverpool.com.mx/tienda/pdp/Pantalla-Hisense-LED-Smart-TV-de-40-pulgadas-Full-HD-Modelo-40H5500F/1086877208;CE;3;https://www.liverpool.com.mx/
745;aHR0cHM6Ly93d3cubGl2ZXJwb29sLmNvbS5teC90aWVuZGEvcGRwL1BhbnRhbGxhLUhpc2Vuc2UtTEVELVNtYXJ0LVRWLWRlLTQwLXB1bGdhZGFzLUZ1bGwtSEQtTW9kZWxvLTQwSDU1MDBGLzEwODY4NzcyMDg2MzM4ODQ=;SEM;2021-10-09;2020-10-21;;633884;;;;LIVERPOOL;MX;2021-10-09 04:19;HISENSE;Pantalla Hisense LED Smart TV de 40 pulgadas Full HD Modelo 40H5500F;https://www.liverpool.com.mx/tienda/pdp/Pantalla-Hisense-LED-Smart-TV-de-40-pulgadas-Full-HD-Modelo-40H5500F/1086877208;CE;5;https://www.liverpool.com.mx/
746;aHR0cHM6Ly93d3cubGl2ZXJwb29sLmNvbS5teC90aWVuZGEvcGRwL1BhbnRhbGxhLUhpc2Vuc2UtTEVELVNtYXJ0LVRWLWRlLTQwLXB1bGdhZGFzLUZ1bGwtSEQtTW9kZWxvLTQwSDU1MDBGLzEwODY4NzcyMDg5MjQ5NjI=;SEM;2021-10-09;2021-04-28;;924962;;;;LIVERPOOL;MX;2021-10-09 04:19;HISENSE;Pantalla Hisense LED Smart TV de 40 pulgadas Full HD Modelo 40H5500F;https://www.liverpool.com.mx/tienda/pdp/Pantalla-Hisense-LED-Smart-TV-de-40-pulgadas-Full-HD-Modelo-40H5500F/1086877208;CE;5;https://www.liverpool.com.mx/
747;aHR0cHM6Ly93d3cubGl2ZXJwb29sLmNvbS5teC90aWVuZGEvcGRwL1BhbnRhbGxhLUhpc2Vuc2UtTEVELVNtYXJ0LVRWLWRlLTQwLXB1bGdhZGFzLUZ1bGwtSEQtTW9kZWxvLTQwSDU1MDBGLzEwODY4NzcyMDg0NDk1NzE=;SEM;2021-10-09;2020-07-31;;449571;;;;LIVERPOOL;MX;2021-10-09 04:19;HISENSE;Pantalla Hisense LED Smart TV de 40 pulgadas Full HD Modelo 40H5500F;https://www.liverpool.com.mx/tienda/pdp/Pantalla-Hisense-LED-Smart-TV-de-40-pulgadas-Full-HD-Modelo-40H5500F/1086877208;CE;5;https://www.liverpool.com.mx/
748;aHR0cHM6Ly93d3cubGl2ZXJwb29sLmNvbS5teC90aWVuZGEvcGRwL1BhbnRhbGxhLUhpc2Vuc2UtTEVELVNtYXJ0LVRWLWRlLTQwLXB1bGdhZGFzLUZ1bGwtSEQtTW9kZWxvLTQwSDU1MDBGLzEwODY4NzcyMDg0NjM2NTM=;SEM;2021-10-09;2020-08-03;;463653;;;;LIVERPOOL;MX;2021-10-09 04:19;HISENSE;Pantalla Hisense LED Smart TV de 40 pulgadas Full HD Modelo 40H5500F;https://www.liverpool.com.mx/tienda/pdp/Pantalla-Hisense-LED-Smart-TV-de-40-pulgadas-Full-HD-Modelo-40H5500F/1086877208;CE;5;https://www.liverpool.com.mx/
749;aHR0cHM6Ly93d3cubGl2ZXJwb29sLmNvbS5teC90aWVuZGEvcGRwL1BhbnRhbGxhLUhpc2Vuc2UtTEVELVNtYXJ0LVRWLWRlLTQwLXB1bGdhZGFzLUZ1bGwtSEQtTW9kZWxvLTQwSDU1MDBGLzEwODY4NzcyMDg1OTYzMDI=;SEM;2021-10-09;2020-09-10;;596302;;;;LIVERPOOL;MX;2021-10-09 04:19;HISENSE;Pantalla Hisense LED Smart TV de 40 pulgadas Full HD Modelo 40H5500F;https://www.liverpool.com.mx/tienda/pdp/Pantalla-Hisense-LED-Smart-TV-de-40-pulgadas-Full-HD-Modelo-40H5500F/1086877208;CE;5;https://www.liverpool.com.mx/
750;aHR0cHM6Ly93d3cubGl2ZXJwb29sLmNvbS5teC90aWVuZGEvcGRwL1BhbnRhbGxhLUhpc2Vuc2UtTEVELVNtYXJ0LVRWLWRlLTQwLXB1bGdhZGFzLUZ1bGwtSEQtTW9kZWxvLTQwSDU1MDBGLzEwODY4NzcyMDg0NDc4MzU=;SEM;2021-10-09;2020-07-31;;447835;;;;LIVERPOOL;MX;2021-10-09 04:19;HISENSE;Pantalla Hisense LED Smart TV de 40 pulgadas Full HD Modelo 40H5500F;https://www.liverpool.com.mx/tienda/pdp/Pantalla-Hisense-LED-Smart-TV-de-40-pulgadas-Full-HD-Modelo-40H5500F/1086877208;CE;5;https://www.liverpool.com.mx/
751;aHR0cHM6Ly93d3cubGl2ZXJwb29sLmNvbS5teC90aWVuZGEvcGRwL1BhbnRhbGxhLUhpc2Vuc2UtTEVELVNtYXJ0LVRWLWRlLTQwLXB1bGdhZGFzLUZ1bGwtSEQtTW9kZWxvLTQwSDU1MDBGLzEwODY4NzcyMDg0ODkzMDg=;SEM;2021-10-09;2020-08-07;;489308;;;;LIVERPOOL;MX;2021-10-09 04:19;HISENSE;Pantalla Hisense LED Smart TV de 40 pulgadas Full HD Modelo 40H5500F;https://www.liverpool.com.mx/tienda/pdp/Pantalla-Hisense-LED-Smart-TV-de-40-pulgadas-Full-HD-Modelo-40H5500F/1086877208;CE;5;https://www.liverpool.com.mx/
752;aHR0cHM6Ly93d3cubGl2ZXJwb29sLmNvbS5teC90aWVuZGEvcGRwL1BhbnRhbGxhLUhpc2Vuc2UtTEVELVNtYXJ0LVRWLWRlLTQwLXB1bGdhZGFzLUZ1bGwtSEQtTW9kZWxvLTQwSDU1MDBGLzEwODY4NzcyMDg1MDkwOTc=;SEM;2021-10-09;2020-08-10;;509097;;;;LIVERPOOL;MX;2021-10-09 04:19;HISENSE;Pantalla Hisense LED Smart TV de 40 pulgadas Full HD Modelo 40H5500F;https://www.liverpool.com.mx/tienda/pdp/Pantalla-Hisense-LED-Smart-TV-de-40-pulgadas-Full-HD-Modelo-40H5500F/1086877208;CE;5;https://www.liverpool.com.mx/
753;aHR0cHM6Ly93d3cubGl2ZXJwb29sLmNvbS5teC90aWVuZGEvcGRwL1BhbnRhbGxhLUhpc2Vuc2UtTEVELVNtYXJ0LVRWLWRlLTQwLXB1bGdhZGFzLUZ1bGwtSEQtTW9kZWxvLTQwSDU1MDBGLzEwODY4NzcyMDg1MjUyNTA=;SEM;2021-10-09;2020-08-17;;525250;;;;LIVERPOOL;MX;2021-10-09 04:19;HISENSE;Pantalla Hisense LED Smart TV de 40 pulgadas Full HD Modelo 40H5500F;https://www.liverpool.com.mx/tienda/pdp/Pantalla-Hisense-LED-Smart-TV-de-40-pulgadas-Full-HD-Modelo-40H5500F/1086877208;CE;5;https://www.liverpool.com.mx/
754;aHR0cHM6Ly93d3cubGl2ZXJwb29sLmNvbS5teC90aWVuZGEvcGRwL1BhbnRhbGxhLUhpc2Vuc2UtTEVELVNtYXJ0LVRWLWRlLTQwLXB1bGdhZGFzLUZ1bGwtSEQtTW9kZWxvLTQwSDU1MDBGLzEwODY4NzcyMDgzNzI2ODE=;SEM;2021-10-09;2020-07-09;;372681;;;;LIVERPOOL;MX;2021-10-09 04:19;HISENSE;Pantalla Hisense LED Smart TV de 40 pulgadas Full HD Modelo 40H5500F;https://www.liverpool.com.mx/tienda/pdp/Pantalla-Hisense-LED-Smart-TV-de-40-pulgadas-Full-HD-Modelo-40H5500F/1086877208;CE;5;https://www.liverpool.com.mx/
755;aHR0cHM6Ly93d3cubGl2ZXJwb29sLmNvbS5teC90aWVuZGEvcGRwL1BhbnRhbGxhLUhpc2Vuc2UtTEVELVNtYXJ0LVRWLWRlLTQwLXB1bGdhZGFzLUZ1bGwtSEQtTW9kZWxvLTQwSDU1MDBGLzEwODY4NzcyMDg0OTY2MDQ=;SEM;2021-10-09;2020-08-08;;496604;;;;LIVERPOOL;MX;2021-10-09 04:19;HISENSE;Pantalla Hisense LED Smart TV de 40 pulgadas Full HD Modelo 40H5500F;https://www.liverpool.com.mx/tienda/pdp/Pantalla-Hisense-LED-Smart-TV-de-40-pulgadas-Full-HD-Modelo-40H5500F/1086877208;CE;5;https://www.liverpool.com.mx/
756;aHR0cHM6Ly93d3cubGl2ZXJwb29sLmNvbS5teC90aWVuZGEvcGRwL1BhbnRhbGxhLUhpc2Vuc2UtTEVELVNtYXJ0LVRWLWRlLTQwLXB1bGdhZGFzLUZ1bGwtSEQtTW9kZWxvLTQwSDU1MDBGLzEwODY4NzcyMDgyNjc2OTg=;SEM;2021-10-09;2020-05-27;;267698;;;;LIVERPOOL;MX;2021-10-09 04:19;HISENSE;Pantalla Hisense LED Smart TV de 40 pulgadas Full HD Modelo 40H5500F;https://www.liverpool.com.mx/tienda/pdp/Pantalla-Hisense-LED-Smart-TV-de-40-pulgadas-Full-HD-Modelo-40H5500F/1086877208;CE;2;https://www.liverpool.com.mx/
757;aHR0cHM6Ly93d3cubGl2ZXJwb29sLmNvbS5teC90aWVuZGEvcGRwL1BhbnRhbGxhLUhpc2Vuc2UtTEVELVNtYXJ0LVRWLWRlLTQwLXB1bGdhZGFzLUZ1bGwtSEQtTW9kZWxvLTQwSDU1MDBGLzEwODY4NzcyMDg1MTg2NjQ=;SEM;2021-10-09;2020-08-14;;518664;;;;LIVERPOOL;MX;2021-10-09 04:19;HISENSE;Pantalla Hisense LED Smart TV de 40 pulgadas Full HD Modelo 40H5500F;https://www.liverpool.com.mx/tienda/pdp/Pantalla-Hisense-LED-Smart-TV-de-40-pulgadas-Full-HD-Modelo-40H5500F/1086877208;CE;5;https://www.liverpool.com.mx/
758;aHR0cHM6Ly93d3cubGl2ZXJwb29sLmNvbS5teC90aWVuZGEvcGRwL1BhbnRhbGxhLUhpc2Vuc2UtTEVELVNtYXJ0LVRWLWRlLTQwLXB1bGdhZGFzLUZ1bGwtSEQtTW9kZWxvLTQwSDU1MDBGLzEwODY4NzcyMDg5ODI1Mzg=;SEM;2021-10-09;2021-05-17;;982538;;;;LIVERPOOL;MX;2021-10-09 04:19;HISENSE;Pantalla Hisense LED Smart TV de 40 pulgadas Full HD Modelo 40H5500F;https://www.liverpool.com.mx/tienda/pdp/Pantalla-Hisense-LED-Smart-TV-de-40-pulgadas-Full-HD-Modelo-40H5500F/1086877208;CE;5;https://www.liverpool.com.mx/
759;aHR0cHM6Ly93d3cubGl2ZXJwb29sLmNvbS5teC90aWVuZGEvcGRwL1BhbnRhbGxhLUhpc2Vuc2UtTEVELVNtYXJ0LVRWLWRlLTQwLXB1bGdhZGFzLUZ1bGwtSEQtTW9kZWxvLTQwSDU1MDBGLzEwODY4NzcyMDg0MTA5MDY=;SEM;2021-10-09;2020-07-20;;410906;;;;LIVERPOOL;MX;2021-10-09 04:19;HISENSE;Pantalla Hisense LED Smart TV de 40 pulgadas Full HD Modelo 40H5500F;https://www.liverpool.com.mx/tienda/pdp/Pantalla-Hisense-LED-Smart-TV-de-40-pulgadas-Full-HD-Modelo-40H5500F/1086877208;CE;5;https://www.liverpool.com.mx/
760;aHR0cHM6Ly93d3cubGl2ZXJwb29sLmNvbS5teC90aWVuZGEvcGRwL1BhbnRhbGxhLUhpc2Vuc2UtTEVELVNtYXJ0LVRWLWRlLTQwLXB1bGdhZGFzLUZ1bGwtSEQtTW9kZWxvLTQwSDU1MDBGLzEwODY4NzcyMDgzOTM1MDU=;SEM;2021-10-09;2020-07-13;;393505;;;;LIVERPOOL;MX;2021-10-09 04:19;HISENSE;Pantalla Hisense LED Smart TV de 40 pulgadas Full HD Modelo 40H5500F;https://www.liverpool.com.mx/tienda/pdp/Pantalla-Hisense-LED-Smart-TV-de-40-pulgadas-Full-HD-Modelo-40H5500F/1086877208;CE;5;https://www.liverpool.com.mx/
761;aHR0cHM6Ly93d3cubGl2ZXJwb29sLmNvbS5teC90aWVuZGEvcGRwL1BhbnRhbGxhLUhpc2Vuc2UtTEVELVNtYXJ0LVRWLWRlLTQwLXB1bGdhZGFzLUZ1bGwtSEQtTW9kZWxvLTQwSDU1MDBGLzEwODY4NzcyMDg1MTkyMDM=;SEM;2021-10-09;2020-08-14;;519203;;;;LIVERPOOL;MX;2021-10-09 04:19;HISENSE;Pantalla Hisense LED Smart TV de 40 pulgadas Full HD Modelo 40H5500F;https://www.liverpool.com.mx/tienda/pdp/Pantalla-Hisense-LED-Smart-TV-de-40-pulgadas-Full-HD-Modelo-40H5500F/1086877208;CE;5;https://www.liverpool.com.mx/
762;aHR0cHM6Ly93d3cubGl2ZXJwb29sLmNvbS5teC90aWVuZGEvcGRwL1BhbnRhbGxhLUhpc2Vuc2UtTEVELVNtYXJ0LVRWLWRlLTQwLXB1bGdhZGFzLUZ1bGwtSEQtTW9kZWxvLTQwSDU1MDBGLzEwODY4NzcyMDg1MTIzMjQ=;SEM;2021-10-09;2020-08-11;;512324;;;;LIVERPOOL;MX;2021-10-09 04:19;HISENSE;Pantalla Hisense LED Smart TV de 40 pulgadas Full HD Modelo 40H5500F;https://www.liverpool.com.mx/tienda/pdp/Pantalla-Hisense-LED-Smart-TV-de-40-pulgadas-Full-HD-Modelo-40H5500F/1086877208;CE;5;https://www.liverpool.com.mx/
763;aHR0cHM6Ly93d3cubGl2ZXJwb29sLmNvbS5teC90aWVuZGEvcGRwL1BhbnRhbGxhLUhpc2Vuc2UtTEVELVNtYXJ0LVRWLWRlLTQwLXB1bGdhZGFzLUZ1bGwtSEQtTW9kZWxvLTQwSDU1MDBGLzEwODY4NzcyMDg0NjI2NjQ=;SEM;2021-10-09;2020-08-02;;462664;;;;LIVERPOOL;MX;2021-10-09 04:19;HISENSE;Pantalla Hisense LED Smart TV de 40 pulgadas Full HD Modelo 40H5500F;https://www.liverpool.com.mx/tienda/pdp/Pantalla-Hisense-LED-Smart-TV-de-40-pulgadas-Full-HD-Modelo-40H5500F/1086877208;CE;5;https://www.liverpool.com.mx/
764;aHR0cHM6Ly93d3cubGl2ZXJwb29sLmNvbS5teC90aWVuZGEvcGRwL1BhbnRhbGxhLUhpc2Vuc2UtTEVELVNtYXJ0LVRWLWRlLTQwLXB1bGdhZGFzLUZ1bGwtSEQtTW9kZWxvLTQwSDU1MDBGLzEwODY4NzcyMDg1MTY5NTA=;SEM;2021-10-09;2020-08-13;;516950;;;;LIVERPOOL;MX;2021-10-09 04:20;HISENSE;Pantalla Hisense LED Smart TV de 40 pulgadas Full HD Modelo 40H5500F;https://www.liverpool.com.mx/tienda/pdp/Pantalla-Hisense-LED-Smart-TV-de-40-pulgadas-Full-HD-Modelo-40H5500F/1086877208;CE;5;https://www.liverpool.com.mx/
765;aHR0cHM6Ly93d3cubGl2ZXJwb29sLmNvbS5teC90aWVuZGEvcGRwL1BhbnRhbGxhLUhpc2Vuc2UtTEVELVNtYXJ0LVRWLWRlLTQwLXB1bGdhZGFzLUZ1bGwtSEQtTW9kZWxvLTQwSDU1MDBGLzEwODY4NzcyMDg4MTc1MDA=;SEM;2021-10-09;2021-02-28;;817500;;;;LIVERPOOL;MX;2021-10-09 04:20;HISENSE;Pantalla Hisense LED Smart TV de 40 pulgadas Full HD Modelo 40H5500F;https://www.liverpool.com.mx/tienda/pdp/Pantalla-Hisense-LED-Smart-TV-de-40-pulgadas-Full-HD-Modelo-40H5500F/1086877208;CE;5;https://www.liverpool.com.mx/
766;aHR0cHM6Ly93d3cubGl2ZXJwb29sLmNvbS5teC90aWVuZGEvcGRwL1BhbnRhbGxhLUhpc2Vuc2UtTEVELVNtYXJ0LVRWLWRlLTQwLXB1bGdhZGFzLUZ1bGwtSEQtTW9kZWxvLTQwSDU1MDBGLzEwODY4NzcyMDg0NzcwMjc=;SEM;2021-10-09;2020-08-05;;477027;;;;LIVERPOOL;MX;2021-10-09 04:20;HISENSE;Pantalla Hisense LED Smart TV de 40 pulgadas Full HD Modelo 40H5500F;https://www.liverpool.com.mx/tienda/pdp/Pantalla-Hisense-LED-Smart-TV-de-40-pulgadas-Full-HD-Modelo-40H5500F/1086877208;CE;5;https://www.liverpool.com.mx/
767;aHR0cHM6Ly93d3cubGl2ZXJwb29sLmNvbS5teC90aWVuZGEvcGRwL1BhbnRhbGxhLUhpc2Vuc2UtTEVELVNtYXJ0LVRWLWRlLTQwLXB1bGdhZGFzLUZ1bGwtSEQtTW9kZWxvLTQwSDU1MDBGLzEwODY4NzcyMDg0NzM5NTc=;SEM;2021-10-09;2020-08-04;;473957;;;;LIVERPOOL;MX;2021-10-09 04:20;HISENSE;Pantalla Hisense LED Smart TV de 40 pulgadas Full HD Modelo 40H5500F;https://www.liverpool.com.mx/tienda/pdp/Pantalla-Hisense-LED-Smart-TV-de-40-pulgadas-Full-HD-Modelo-40H5500F/1086877208;CE;5;https://www.liverpool.com.mx/
768;aHR0cHM6Ly93d3cubGl2ZXJwb29sLmNvbS5teC90aWVuZGEvcGRwL1BhbnRhbGxhLUhpc2Vuc2UtTEVELVNtYXJ0LVRWLWRlLTQwLXB1bGdhZGFzLUZ1bGwtSEQtTW9kZWxvLTQwSDU1MDBGLzEwODY4NzcyMDg2NDc1MzU=;SEM;2021-10-09;2020-11-13;;647535;;;;LIVERPOOL;MX;2021-10-09 04:20;HISENSE;Pantalla Hisense LED Smart TV de 40 pulgadas Full HD Modelo 40H5500F;https://www.liverpool.com.mx/tienda/pdp/Pantalla-Hisense-LED-Smart-TV-de-40-pulgadas-Full-HD-Modelo-40H5500F/1086877208;CE;5;https://www.liverpool.com.mx/
769;aHR0cHM6Ly93d3cubGl2ZXJwb29sLmNvbS5teC90aWVuZGEvcGRwL1BhbnRhbGxhLUhpc2Vuc2UtTEVELVNtYXJ0LVRWLWRlLTQwLXB1bGdhZGFzLUZ1bGwtSEQtTW9kZWxvLTQwSDU1MDBGLzEwODY4NzcyMDgzNDU0NjM=;SEM;2021-10-09;2020-06-28;;345463;;;;LIVERPOOL;MX;2021-10-09 04:20;HISENSE;Pantalla Hisense LED Smart TV de 40 pulgadas Full HD Modelo 40H5500F;https://www.liverpool.com.mx/tienda/pdp/Pantalla-Hisense-LED-Smart-TV-de-40-pulgadas-Full-HD-Modelo-40H5500F/1086877208;CE;5;https://www.liverpool.com.mx/
770;aHR0cHM6Ly93d3cubGl2ZXJwb29sLmNvbS5teC90aWVuZGEvcGRwL1BhbnRhbGxhLUxHLU9MRUQtU21hcnQtVFYtZGUtNzctcHVsZ2FkYXMtNEsvRG9sYnktQXRtb3MtTW9kZWxvLU9MRUQ3N0cxUFNBLzExMDUwMDM4NjkxMDc2MzQy;SEM;2021-10-09;2021-06-17;;1076342;;;;LIVERPOOL;MX;2021-10-09 04:37;LG;Pantalla LG OLED Smart TV de 77 pulgadas 4K/Dolby Atmos Modelo OLED77G1PSA;https://www.liverpool.com.mx/tienda/pdp/Pantalla-LG-OLED-Smart-TV-de-77-pulgadas-4K/Dolby-Atmos-Modelo-OLED77G1PSA/1105003869;CE;5;https://www.liverpool.com.mx/
771;aHR0cHM6Ly93d3cubGl2ZXJwb29sLmNvbS5teC90aWVuZGEvcGRwL1BhbnRhbGxhLUhpc2Vuc2UtU21hcnQtVFYtZGUtNDAtUHVsZ2FkYXMtRlVMTC1IRC1Nb2RlbG8tNDBINTUwMEYvMTA5NTg5MDQwMzIyMDc0OA==;SEM;2021-10-09;2020-04-19;;220748;;;;LIVERPOOL;MX;2021-10-09 04:47;HISENSE;Pantalla Hisense Smart TV de 40 Pulgadas FULL HD Modelo 40H5500F;https://www.liverpool.com.mx/tienda/pdp/Pantalla-Hisense-Smart-TV-de-40-Pulgadas-FULL-HD-Modelo-40H5500F/1095890403;CE;5;https://www.liverpool.com.mx/
772;aHR0cHM6Ly93d3cubGl2ZXJwb29sLmNvbS5teC90aWVuZGEvcGRwL1BhbnRhbGxhLUhpc2Vuc2UtU21hcnQtVFYtZGUtNDAtUHVsZ2FkYXMtRlVMTC1IRC1Nb2RlbG8tNDBINTUwMEYvMTA5NTg5MDQwMzIzMjUxNA==;SEM;2021-10-09;2020-04-30;;232514;;;;LIVERPOOL;MX;2021-10-09 04:47;HISENSE;Pantalla Hisense Smart TV de 40 Pulgadas FULL HD Modelo 40H5500F;https://www.liverpool.com.mx/tienda/pdp/Pantalla-Hisense-Smart-TV-de-40-Pulgadas-FULL-HD-Modelo-40H5500F/1095890403;CE;2;https://www.liverpool.com.mx/
773;aHR0cHM6Ly93d3cubGl2ZXJwb29sLmNvbS5teC90aWVuZGEvcGRwL1BhbnRhbGxhLUhpc2Vuc2UtU21hcnQtVFYtZGUtNDAtUHVsZ2FkYXMtRlVMTC1IRC1Nb2RlbG8tNDBINTUwMEYvMTA5NTg5MDQwMzIxMjY3OA==;SEM;2021-10-09;2020-04-10;;212678;;;;LIVERPOOL;MX;2021-10-09 04:47;HISENSE;Pantalla Hisense Smart TV de 40 Pulgadas FULL HD Modelo 40H5500F;https://www.liverpool.com.mx/tienda/pdp/Pantalla-Hisense-Smart-TV-de-40-Pulgadas-FULL-HD-Modelo-40H5500F/1095890403;CE;5;https://www.liverpool.com.mx/
774;aHR0cHM6Ly93d3cubGl2ZXJwb29sLmNvbS5teC90aWVuZGEvcGRwL1BhbnRhbGxhLUhpc2Vuc2UtU21hcnQtVFYtZGUtNDAtUHVsZ2FkYXMtRlVMTC1IRC1Nb2RlbG8tNDBINTUwMEYvMTA5NTg5MDQwMzU1NDAxNg==;SEM;2021-10-09;2020-08-26;;554016;;;;LIVERPOOL;MX;2021-10-09 04:47;HISENSE;Pantalla Hisense Smart TV de 40 Pulgadas FULL HD Modelo 40H5500F;https://www.liverpool.com.mx/tienda/pdp/Pantalla-Hisense-Smart-TV-de-40-Pulgadas-FULL-HD-Modelo-40H5500F/1095890403;CE;5;https://www.liverpool.com.mx/
775;aHR0cHM6Ly93d3cubGl2ZXJwb29sLmNvbS5teC90aWVuZGEvcGRwL1BhbnRhbGxhLUhpc2Vuc2UtU21hcnQtVFYtZGUtNDAtUHVsZ2FkYXMtRlVMTC1IRC1Nb2RlbG8tNDBINTUwMEYvMTA5NTg5MDQwMzQ1MDU1MQ==;SEM;2021-10-09;2020-07-31;;450551;;;;LIVERPOOL;MX;2021-10-09 04:47;HISENSE;Pantalla Hisense Smart TV de 40 Pulgadas FULL HD Modelo 40H5500F;https://www.liverpool.com.mx/tienda/pdp/Pantalla-Hisense-Smart-TV-de-40-Pulgadas-FULL-HD-Modelo-40H5500F/1095890403;CE;5;https://www.liverpool.com.mx/
776;aHR0cHM6Ly93d3cubGl2ZXJwb29sLmNvbS5teC90aWVuZGEvcGRwL1BhbnRhbGxhLUhpc2Vuc2UtU21hcnQtVFYtZGUtNDAtUHVsZ2FkYXMtRlVMTC1IRC1Nb2RlbG8tNDBINTUwMEYvMTA5NTg5MDQwMzQ4MTA5MA==;SEM;2021-10-09;2020-08-05;;481090;;;;LIVERPOOL;MX;2021-10-09 04:47;HISENSE;Pantalla Hisense Smart TV de 40 Pulgadas FULL HD Modelo 40H5500F;https://www.liverpool.com.mx/tienda/pdp/Pantalla-Hisense-Smart-TV-de-40-Pulgadas-FULL-HD-Modelo-40H5500F/1095890403;CE;5;https://www.liverpool.com.mx/
777;aHR0cHM6Ly93d3cubGl2ZXJwb29sLmNvbS5teC90aWVuZGEvcGRwL1BhbnRhbGxhLUhpc2Vuc2UtU21hcnQtVFYtZGUtNDAtUHVsZ2FkYXMtRlVMTC1IRC1Nb2RlbG8tNDBINTUwMEYvMTA5NTg5MDQwMzU0NzUwNA==;SEM;2021-10-09;2020-08-24;;547504;;;;LIVERPOOL;MX;2021-10-09 04:47;HISENSE;Pantalla Hisense Smart TV de 40 Pulgadas FULL HD Modelo 40H5500F;https://www.liverpool.com.mx/tienda/pdp/Pantalla-Hisense-Smart-TV-de-40-Pulgadas-FULL-HD-Modelo-40H5500F/1095890403;CE;5;https://www.liverpool.com.mx/
778;aHR0cHM6Ly93d3cubGl2ZXJwb29sLmNvbS5teC90aWVuZGEvcGRwL1BhbnRhbGxhLUhpc2Vuc2UtU21hcnQtVFYtZGUtNDAtUHVsZ2FkYXMtRlVMTC1IRC1Nb2RlbG8tNDBINTUwMEYvMTA5NTg5MDQwMzM3MDg1Nw==;SEM;2021-10-09;2020-07-08;;370857;;;;LIVERPOOL;MX;2021-10-09 04:47;HISENSE;Pantalla Hisense Smart TV de 40 Pulgadas FULL HD Modelo 40H5500F;https://www.liverpool.com.mx/tienda/pdp/Pantalla-Hisense-Smart-TV-de-40-Pulgadas-FULL-HD-Modelo-40H5500F/1095890403;CE;5;https://www.liverpool.com.mx/
779;aHR0cHM6Ly93d3cubGl2ZXJwb29sLmNvbS5teC90aWVuZGEvcGRwL1BhbnRhbGxhLUhpc2Vuc2UtU21hcnQtVFYtZGUtNDAtUHVsZ2FkYXMtRlVMTC1IRC1Nb2RlbG8tNDBINTUwMEYvMTA5NTg5MDQwMzIwNjg3Nw==;SEM;2021-10-09;2020-03-31;;206877;;;;LIVERPOOL;MX;2021-10-09 04:47;HISENSE;Pantalla Hisense Smart TV de 40 Pulgadas FULL HD Modelo 40H5500F;https://www.liverpool.com.mx/tienda/pdp/Pantalla-Hisense-Smart-TV-de-40-Pulgadas-FULL-HD-Modelo-40H5500F/1095890403;CE;5;https://www.liverpool.com.mx/
780;aHR0cHM6Ly93d3cubGl2ZXJwb29sLmNvbS5teC90aWVuZGEvcGRwL1BhbnRhbGxhLUhpc2Vuc2UtU21hcnQtVFYtZGUtNDAtUHVsZ2FkYXMtRlVMTC1IRC1Nb2RlbG8tNDBINTUwMEYvMTA5NTg5MDQwMzIxNjMyOQ==;SEM;2021-10-09;2020-04-14;;216329;;;;LIVERPOOL;MX;2021-10-09 04:47;HISENSE;Pantalla Hisense Smart TV de 40 Pulgadas FULL HD Modelo 40H5500F;https://www.liverpool.com.mx/tienda/pdp/Pantalla-Hisense-Smart-TV-de-40-Pulgadas-FULL-HD-Modelo-40H5500F/1095890403;CE;5;https://www.liverpool.com.mx/
781;aHR0cHM6Ly93d3cubGl2ZXJwb29sLmNvbS5teC90aWVuZGEvcGRwL3BhbnRhbGxhLWhpc2Vuc2UtbGVkLXNtYXJ0LXR2LWRlLTQzLXB1bGdhZGFzLWZ1bGwtaGQtbW9kZWxvLTQzaDU1MDBnLzEwOTk4NDI1MjcxMzA1NDcz;SEM;2021-10-09;2021-10-06;;1305473;;;;LIVERPOOL;MX;2021-10-09 04:50;HISENSE;Pantalla Hisense LED Smart TV de 43 pulgadas Full HD Modelo 43H5500G;https://www.liverpool.com.mx/tienda/pdp/pantalla-hisense-led-smart-tv-de-43-pulgadas-full-hd-modelo-43h5500g/1099842527;CE;5;https://www.liverpool.com.mx/
782;aHR0cHM6Ly93d3cubGl2ZXJwb29sLmNvbS5teC90aWVuZGEvcGRwL3BhbnRhbGxhLWxnLW9sZWQtc21hcnQtdHYtZGUtNTUtcHVsZ2FkYXMtNGsvZG9sYnktYXRtb3Mtb2xlZDU1YzFwc2EvMTEwNTAwMzg5MzEzMTExNzc=;SEM;2021-10-09;2021-10-08;;1311177;;;;LIVERPOOL;MX;2021-10-09 04:55;LG;Pantalla LG OLED Smart TV de 55 pulgadas 4K/Dolby Atmos OLED55C1PSA;https://www.liverpool.com.mx/tienda/pdp/pantalla-lg-oled-smart-tv-de-55-pulgadas-4k/dolby-atmos-oled55c1psa/1105003893;CE;5;https://www.liverpool.com.mx/
783;aHR0cHM6Ly93d3cubGl2ZXJwb29sLmNvbS5teC90aWVuZGEvcGRwL3BhbnRhbGxhLWhpc2Vuc2UtbGVkLXNtYXJ0LXR2LWRlLTQzLXB1bGdhZGFzLW1vZGVsby00M2E2Zy8xMTA0MzI2MjQ5MTMwNTIwMA==;SEM;2021-10-09;2021-10-06;;1305200;;;;LIVERPOOL;MX;2021-10-09 04:56;HISENSE;Pantalla Hisense LED Smart TV de 43 pulgadas Modelo 43A6G;https://www.liverpool.com.mx/tienda/pdp/pantalla-hisense-led-smart-tv-de-43-pulgadas-modelo-43a6g/1104326249;CE;5;https://www.liverpool.com.mx/
784;aHR0cHM6Ly93d3cubGl2ZXJwb29sLmNvbS5teC90aWVuZGEvcGRwL3BhbnRhbGxhLWhpc2Vuc2UtbGVkLXNtYXJ0LXR2LWRlLTQzLXB1bGdhZGFzLW1vZGVsby00M2E2Zy8xMTA0MzI2MjQ5MTMwNzg3Nw==;SEM;2021-10-09;2021-10-07;;1307877;;;;LIVERPOOL;MX;2021-10-09 04:56;HISENSE;Pantalla Hisense LED Smart TV de 43 pulgadas Modelo 43A6G;https://www.liverpool.com.mx/tienda/pdp/pantalla-hisense-led-smart-tv-de-43-pulgadas-modelo-43a6g/1104326249;CE;4;https://www.liverpool.com.mx/
785;aHR0cHM6Ly93d3cubGl2ZXJwb29sLmNvbS5teC90aWVuZGEvcGRwL3BhbnRhbGxhLWxnLXVoZC1zbWFydC10di1kZS01MC1wdWxnYWRhcy1haS10aGlucS00ay01MHVwNzUwMHBzZi8xMTA2NjI3NTgxMTMxMTc2OQ==;SEM;2021-10-09;2021-10-08;;1311769;;;;LIVERPOOL;MX;2021-10-09 04:57;LG;Pantalla LG UHD Smart TV de 50 pulgadas AI ThinQ 4K 50UP7500PSF;https://www.liverpool.com.mx/tienda/pdp/pantalla-lg-uhd-smart-tv-de-50-pulgadas-ai-thinq-4k-50up7500psf/1106627581;CE;5;https://www.liverpool.com.mx/
786;aHR0cHM6Ly93d3cubGl2ZXJwb29sLmNvbS5teC90aWVuZGEvcGRwL3BhbnRhbGxhLWxnLW5hbm9jZWxsLXNtYXJ0LXR2LWRlLTUwLXB1bGdhZGFzLTRrLTUwbmFubzgwc3BhLzExMDY2Mjc1NjQxMzExMDMx;SEM;2021-10-09;2021-10-08;;1311031;;;;LIVERPOOL;MX;2021-10-09 04:57;LG;Pantalla LG NanoCell Smart TV de 50 Pulgadas 4K 50NANO80SPA;https://www.liverpool.com.mx/tienda/pdp/pantalla-lg-nanocell-smart-tv-de-50-pulgadas-4k-50nano80spa/1106627564;CE;5;https://www.liverpool.com.mx/
787;aHR0cHM6Ly93d3cubGl2ZXJwb29sLmNvbS5teC90aWVuZGEvcGRwL3BhbnRhbGxhLWxnLXVoZC1zbWFydC10di1kZS03MC1wdWxnYWRhcy1haS10aGlucS00ay03MHVwNzc1MHBzYi8xMTA2NjI3MTgxMTMxMDU1Ng==;SEM;2021-10-09;2021-10-08;;1310556;;;;LIVERPOOL;MX;2021-10-09 04:59;LG;Pantalla LG UHD Smart TV de 70 pulgadas AI ThinQ 4K 70UP7750PSB;https://www.liverpool.com.mx/tienda/pdp/pantalla-lg-uhd-smart-tv-de-70-pulgadas-ai-thinq-4k-70up7750psb/1106627181;CE;5;https://www.liverpool.com.mx/
788;aHR0cHM6Ly93d3cubGl2ZXJwb29sLmNvbS5teC90aWVuZGEvcGRwL3BhbnRhbGxhLWxnLWxlZC1zbWFydC10di1kZS00My1wdWxnYWRhcy1haS10aGlucS00ay00M3VwNzUwMHBzZi8xMTA2MTMzMzI0MTMwNTI4MQ==;SEM;2021-10-09;2021-10-06;;1305281;;;;LIVERPOOL;MX;2021-10-09 05:00;LG;Pantalla LG LED Smart TV de 43 Pulgadas AI ThinQ 4K 43UP7500PSF;https://www.liverpool.com.mx/tienda/pdp/pantalla-lg-led-smart-tv-de-43-pulgadas-ai-thinq-4k-43up7500psf/1106133324;CE;5;https://www.liverpool.com.mx/
789;aHR0cHM6Ly93d3cubGl2ZXJwb29sLmNvbS5teC90aWVuZGEvcGRwL3BhbnRhbGxhLWxnLW9sZWQtc21hcnQtdHYtZGUtNDgtcHVsZ2FkYXMtNGsvZG9sYnktYXRtb3Mtb2xlZDQ4YzFwc2EvMTEwNTAwMzkwNzEzMDg5OTA=;SEM;2021-10-09;2021-10-07;;1308990;;;;LIVERPOOL;MX;2021-10-09 05:00;LG;Pantalla LG OLED Smart TV de 48 Pulgadas 4K/Dolby Atmos OLED48C1PSA;https://www.liverpool.com.mx/tienda/pdp/pantalla-lg-oled-smart-tv-de-48-pulgadas-4k/dolby-atmos-oled48c1psa/1105003907;CE;5;https://www.liverpool.com.mx/
790;aHR0cHM6Ly93d3cubGl2ZXJwb29sLmNvbS5teC90aWVuZGEvcGRwL3BhbnRhbGxhLWhpc2Vuc2UtdWxlZC1zbWFydC10di1kZS01MC1wdWxnYWRhcy1xaGQtNTB1NmcvMTEwNDk0MzY0NzEzMDc5MTM=;SEM;2021-10-09;2021-10-07;;1307913;;;;LIVERPOOL;MX;2021-10-09 05:02;HISENSE;Pantalla Hisense Uled Smart TV de 50 Pulgadas QHD 50U6G;https://www.liverpool.com.mx/tienda/pdp/pantalla-hisense-uled-smart-tv-de-50-pulgadas-qhd-50u6g/1104943647;CE;5;https://www.liverpool.com.mx/
791;aHR0cHM6Ly93d3cubGl2ZXJwb29sLmNvbS5teC90aWVuZGEvcGRwL3BhbnRhbGxhLWhpc2Vuc2UtdWxlZC1zbWFydC10di1kZS01MC1wdWxnYWRhcy1xaGQtNTB1NmcvMTEwNDk0MzY0NzEzMDQ5NTk=;SEM;2021-10-09;2021-10-06;;1304959;;;;LIVERPOOL;MX;2021-10-09 05:02;HISENSE;Pantalla Hisense Uled Smart TV de 50 Pulgadas QHD 50U6G;https://www.liverpool.com.mx/tienda/pdp/pantalla-hisense-uled-smart-tv-de-50-pulgadas-qhd-50u6g/1104943647;CE;5;https://www.liverpool.com.mx/
792;aHR0cHM6Ly93d3cubGl2ZXJwb29sLmNvbS5teC90aWVuZGEvcGRwL3BhbnRhbGxhLWhpc2Vuc2UtdWxlZC1zbWFydC10di1kZS01NS1wdWxnYWRhcy1xaGQtKDE0NDBweCktbW9kZWxvLTU1dTZnLzExMDUzNzE5MjIxMzA4MDc3;SEM;2021-10-09;2021-10-07;;1308077;;;;LIVERPOOL;MX;2021-10-09 05:03;HISENSE;Pantalla Hisense Uled Smart TV de 55 pulgadas QHD (1440px) Modelo 55U6G;https://www.liverpool.com.mx/tienda/pdp/pantalla-hisense-uled-smart-tv-de-55-pulgadas-qhd-(1440px)-modelo-55u6g/1105371922;CE;5;https://www.liverpool.com.mx/
793;aHR0cHM6Ly93d3cubGl2ZXJwb29sLmNvbS5teC90aWVuZGEvcGRwL3BhbnRhbGxhLWhpc2Vuc2UtdWxlZC1zbWFydC10di1kZS01NS1wdWxnYWRhcy1xaGQtKDE0NDBweCktbW9kZWxvLTU1dTZnLzExMDUzNzE5MjIxMzA2MzM3;SEM;2021-10-09;2021-10-06;;1306337;;;;LIVERPOOL;MX;2021-10-09 05:03;HISENSE;Pantalla Hisense Uled Smart TV de 55 pulgadas QHD (1440px) Modelo 55U6G;https://www.liverpool.com.mx/tienda/pdp/pantalla-hisense-uled-smart-tv-de-55-pulgadas-qhd-(1440px)-modelo-55u6g/1105371922;CE;5;https://www.liverpool.com.mx/
794;aHR0cHM6Ly93d3cubGl2ZXJwb29sLmNvbS5teC90aWVuZGEvcGRwL3BhbnRhbGxhLWhpc2Vuc2UtdWxlZC1zbWFydC10di1kZS01NS1wdWxnYWRhcy1xaGQtNTV1OGctY29uLWFuZHJvaWQtdHYvMTEwNTk0MzM0OTEzMTE4NzQ=;SEM;2021-10-09;2021-10-08;;1311874;;;;LIVERPOOL;MX;2021-10-09 05:06;HISENSE;Pantalla Hisense Uled Smart TV de 55 Pulgadas QHD 55U8G con Android TV;https://www.liverpool.com.mx/tienda/pdp/pantalla-hisense-uled-smart-tv-de-55-pulgadas-qhd-55u8g-con-android-tv/1105943349;CE;5;https://www.liverpool.com.mx/
795;aHR0cHM6Ly93d3cubGl2ZXJwb29sLmNvbS5teC90aWVuZGEvcGRwL3BhbnRhbGxhLWhpc2Vuc2UtdWxlZC1zbWFydC10di1kZS01NS1wdWxnYWRhcy1xaGQtNTV1OGctY29uLWFuZHJvaWQtdHYvMTEwNTk0MzM0OTEzMDg4MTE=;SEM;2021-10-09;2021-10-07;;1308811;;;;LIVERPOOL;MX;2021-10-09 05:06;HISENSE;Pantalla Hisense Uled Smart TV de 55 Pulgadas QHD 55U8G con Android TV;https://www.liverpool.com.mx/tienda/pdp/pantalla-hisense-uled-smart-tv-de-55-pulgadas-qhd-55u8g-con-android-tv/1105943349;CE;5;https://www.liverpool.com.mx/
796;aHR0cHM6Ly93d3cubGl2ZXJwb29sLmNvbS5teC90aWVuZGEvcGRwL3BhbnRhbGxhLWxnLW5hbm9jZWxsLXNtYXJ0LXR2LWRlLTg2LXB1bGdhZGFzLWRvbGJ5LWF0bW9zL2hkci1kb2xieS12aXNpb24tODZuYW5vOTBzcGEvMTEwNjYyNzUyMTExNDIwMTY=;SEM;2021-10-09;2021-07-14;;1142016;;;;LIVERPOOL;MX;2021-10-09 05:08;LG;Pantalla LG NanoCell Smart TV de 86 Pulgadas Dolby Atmos/HDR Dolby Vision 86NANO90SPA;https://www.liverpool.com.mx/tienda/pdp/pantalla-lg-nanocell-smart-tv-de-86-pulgadas-dolby-atmos/hdr-dolby-vision-86nano90spa/1106627521;CE;5;https://www.liverpool.com.mx/
797;aHR0cHM6Ly93d3cubGl2ZXJwb29sLmNvbS5teC90aWVuZGEvcGRwL3BhbnRhbGxhLWxnLW5hbm9jZWxsLXNtYXJ0LXR2LWRlLTg2LXB1bGdhZGFzLWRvbGJ5LWF0bW9zL2hkci1kb2xieS12aXNpb24tODZuYW5vOTBzcGEvMTEwNjYyNzUyMTEzMDIxMzE=;SEM;2021-10-09;2021-10-04;;1302131;;;;LIVERPOOL;MX;2021-10-09 05:08;LG;Pantalla LG NanoCell Smart TV de 86 Pulgadas Dolby Atmos/HDR Dolby Vision 86NANO90SPA;https://www.liverpool.com.mx/tienda/pdp/pantalla-lg-nanocell-smart-tv-de-86-pulgadas-dolby-atmos/hdr-dolby-vision-86nano90spa/1106627521;CE;5;https://www.liverpool.com.mx/
798;aHR0cHM6Ly93d3cubGl2ZXJwb29sLmNvbS5teC90aWVuZGEvcGRwL3BhbnRhbGxhLWxnLW5hbm9jZWxsLXNtYXJ0LXR2LWRlLTg2LXB1bGdhZGFzLWRvbGJ5LWF0bW9zL2hkci1kb2xieS12aXNpb24tODZuYW5vOTBzcGEvMTEwNjYyNzUyMTEyNzU0Njk=;SEM;2021-10-09;2021-09-20;;1275469;;;;LIVERPOOL;MX;2021-10-09 05:08;LG;Pantalla LG NanoCell Smart TV de 86 Pulgadas Dolby Atmos/HDR Dolby Vision 86NANO90SPA;https://www.liverpool.com.mx/tienda/pdp/pantalla-lg-nanocell-smart-tv-de-86-pulgadas-dolby-atmos/hdr-dolby-vision-86nano90spa/1106627521;CE;5;https://www.liverpool.com.mx/
799;aHR0cHM6Ly93d3cubGl2ZXJwb29sLmNvbS5teC90aWVuZGEvcGRwL3BhbnRhbGxhLWxnLW5hbm9jZWxsLXNtYXJ0LXR2LWRlLTg2LXB1bGdhZGFzLWRvbGJ5LWF0bW9zL2hkci1kb2xieS12aXNpb24tODZuYW5vOTBzcGEvMTEwNjYyNzUyMTEyNjIxODg=;SEM;2021-10-09;2021-09-12;;1262188;;;;LIVERPOOL;MX;2021-10-09 05:08;LG;Pantalla LG NanoCell Smart TV de 86 Pulgadas Dolby Atmos/HDR Dolby Vision 86NANO90SPA;https://www.liverpool.com.mx/tienda/pdp/pantalla-lg-nanocell-smart-tv-de-86-pulgadas-dolby-atmos/hdr-dolby-vision-86nano90spa/1106627521;CE;5;https://www.liverpool.com.mx/
800;aHR0cHM6Ly93d3cubGl2ZXJwb29sLmNvbS5teC90aWVuZGEvcGRwL3BhbnRhbGxhLWhpc2Vuc2Utc21hcnQtdHYtZGUtNDAtcHVsZ2FkYXMtZnVsbC1oZC1tb2RlbG8tNDBoNTUwMGYvMTA5NTg5MDQwMzIzMjUxNA==;SEM;2021-10-09;2020-04-30;;232514;;;;LIVERPOOL;MX;2021-10-09 05:19;HISENSE;Pantalla Hisense Smart TV de 40 Pulgadas FULL HD Modelo 40H5500F;https://www.liverpool.com.mx/tienda/pdp/pantalla-hisense-smart-tv-de-40-pulgadas-full-hd-modelo-40h5500f/1095890403;CE;2;https://www.liverpool.com.mx/
801;aHR0cHM6Ly93d3cubGl2ZXJwb29sLmNvbS5teC90aWVuZGEvcGRwL3BhbnRhbGxhLWhpc2Vuc2Utc21hcnQtdHYtZGUtNDAtcHVsZ2FkYXMtZnVsbC1oZC1tb2RlbG8tNDBoNTUwMGYvMTA5NTg5MDQwMzIxMjY3OA==;SEM;2021-10-09;2020-04-10;;212678;;;;LIVERPOOL;MX;2021-10-09 05:19;HISENSE;Pantalla Hisense Smart TV de 40 Pulgadas FULL HD Modelo 40H5500F;https://www.liverpool.com.mx/tienda/pdp/pantalla-hisense-smart-tv-de-40-pulgadas-full-hd-modelo-40h5500f/1095890403;CE;5;https://www.liverpool.com.mx/
802;aHR0cHM6Ly93d3cubGl2ZXJwb29sLmNvbS5teC90aWVuZGEvcGRwL3BhbnRhbGxhLWhpc2Vuc2Utc21hcnQtdHYtZGUtNDAtcHVsZ2FkYXMtZnVsbC1oZC1tb2RlbG8tNDBoNTUwMGYvMTA5NTg5MDQwMzU1NDAxNg==;SEM;2021-10-09;2020-08-26;;554016;;;;LIVERPOOL;MX;2021-10-09 05:19;HISENSE;Pantalla Hisense Smart TV de 40 Pulgadas FULL HD Modelo 40H5500F;https://www.liverpool.com.mx/tienda/pdp/pantalla-hisense-smart-tv-de-40-pulgadas-full-hd-modelo-40h5500f/1095890403;CE;5;https://www.liverpool.com.mx/
803;aHR0cHM6Ly93d3cubGl2ZXJwb29sLmNvbS5teC90aWVuZGEvcGRwL3BhbnRhbGxhLWhpc2Vuc2Utc21hcnQtdHYtZGUtNDAtcHVsZ2FkYXMtZnVsbC1oZC1tb2RlbG8tNDBoNTUwMGYvMTA5NTg5MDQwMzQ1MDU1MQ==;SEM;2021-10-09;2020-07-31;;450551;;;;LIVERPOOL;MX;2021-10-09 05:19;HISENSE;Pantalla Hisense Smart TV de 40 Pulgadas FULL HD Modelo 40H5500F;https://www.liverpool.com.mx/tienda/pdp/pantalla-hisense-smart-tv-de-40-pulgadas-full-hd-modelo-40h5500f/1095890403;CE;5;https://www.liverpool.com.mx/
804;aHR0cHM6Ly93d3cubGl2ZXJwb29sLmNvbS5teC90aWVuZGEvcGRwL3BhbnRhbGxhLWhpc2Vuc2Utc21hcnQtdHYtZGUtNDAtcHVsZ2FkYXMtZnVsbC1oZC1tb2RlbG8tNDBoNTUwMGYvMTA5NTg5MDQwMzQ4MTA5MA==;SEM;2021-10-09;2020-08-05;;481090;;;;LIVERPOOL;MX;2021-10-09 05:19;HISENSE;Pantalla Hisense Smart TV de 40 Pulgadas FULL HD Modelo 40H5500F;https://www.liverpool.com.mx/tienda/pdp/pantalla-hisense-smart-tv-de-40-pulgadas-full-hd-modelo-40h5500f/1095890403;CE;5;https://www.liverpool.com.mx/
805;aHR0cHM6Ly93d3cubGl2ZXJwb29sLmNvbS5teC90aWVuZGEvcGRwL3BhbnRhbGxhLWhpc2Vuc2Utc21hcnQtdHYtZGUtNDAtcHVsZ2FkYXMtZnVsbC1oZC1tb2RlbG8tNDBoNTUwMGYvMTA5NTg5MDQwMzU0NzUwNA==;SEM;2021-10-09;2020-08-24;;547504;;;;LIVERPOOL;MX;2021-10-09 05:19;HISENSE;Pantalla Hisense Smart TV de 40 Pulgadas FULL HD Modelo 40H5500F;https://www.liverpool.com.mx/tienda/pdp/pantalla-hisense-smart-tv-de-40-pulgadas-full-hd-modelo-40h5500f/1095890403;CE;5;https://www.liverpool.com.mx/
806;aHR0cHM6Ly93d3cubGl2ZXJwb29sLmNvbS5teC90aWVuZGEvcGRwL3BhbnRhbGxhLWhpc2Vuc2Utc21hcnQtdHYtZGUtNDAtcHVsZ2FkYXMtZnVsbC1oZC1tb2RlbG8tNDBoNTUwMGYvMTA5NTg5MDQwMzM3MDg1Nw==;SEM;2021-10-09;2020-07-08;;370857;;;;LIVERPOOL;MX;2021-10-09 05:19;HISENSE;Pantalla Hisense Smart TV de 40 Pulgadas FULL HD Modelo 40H5500F;https://www.liverpool.com.mx/tienda/pdp/pantalla-hisense-smart-tv-de-40-pulgadas-full-hd-modelo-40h5500f/1095890403;CE;5;https://www.liverpool.com.mx/
807;aHR0cHM6Ly93d3cubGl2ZXJwb29sLmNvbS5teC90aWVuZGEvcGRwL3BhbnRhbGxhLWhpc2Vuc2Utc21hcnQtdHYtZGUtNDAtcHVsZ2FkYXMtZnVsbC1oZC1tb2RlbG8tNDBoNTUwMGYvMTA5NTg5MDQwMzIwNjg3Nw==;SEM;2021-10-09;2020-03-31;;206877;;;;LIVERPOOL;MX;2021-10-09 05:19;HISENSE;Pantalla Hisense Smart TV de 40 Pulgadas FULL HD Modelo 40H5500F;https://www.liverpool.com.mx/tienda/pdp/pantalla-hisense-smart-tv-de-40-pulgadas-full-hd-modelo-40h5500f/1095890403;CE;5;https://www.liverpool.com.mx/
808;aHR0cHM6Ly93d3cubGl2ZXJwb29sLmNvbS5teC90aWVuZGEvcGRwL3BhbnRhbGxhLWhpc2Vuc2Utc21hcnQtdHYtZGUtNDAtcHVsZ2FkYXMtZnVsbC1oZC1tb2RlbG8tNDBoNTUwMGYvMTA5NTg5MDQwMzIxNjMyOQ==;SEM;2021-10-09;2020-04-14;;216329;;;;LIVERPOOL;MX;2021-10-09 05:19;HISENSE;Pantalla Hisense Smart TV de 40 Pulgadas FULL HD Modelo 40H5500F;https://www.liverpool.com.mx/tienda/pdp/pantalla-hisense-smart-tv-de-40-pulgadas-full-hd-modelo-40h5500f/1095890403;CE;5;https://www.liverpool.com.mx/
809;aHR0cHM6Ly93d3cubGl2ZXJwb29sLmNvbS5teC90aWVuZGEvcGRwL1JlY29ydGFkb3JhLXBhcmEtY2FiZWxsby15LWNhcmEtUGhpbGlwcy1NdWx0aWdyb29tLXNlcmllcy01MDAwLzEwNjM5Mjk2NjkyMzU3OTc=;SEM;2021-10-09;2020-05-03;;235797;;;;LIVERPOOL;MX;2021-10-09 03:45;PHILIPS;Recortadora para cabello y cara Philips Multigroom series 5000;https://www.liverpool.com.mx/tienda/pdp/Recortadora-para-cabello-y-cara-Philips-Multigroom-series-5000/1063929669;CE;5;https://www.liverpool.com.mx/
810;aHR0cHM6Ly93d3cubGl2ZXJwb29sLmNvbS5teC90aWVuZGEvcGRwL1JlY29ydGFkb3JhLXBhcmEtY2FiZWxsby15LWNhcmEtUGhpbGlwcy1NdWx0aWdyb29tLXNlcmllcy01MDAwLzEwNjM5Mjk2NjkzNDY1Mg==;SEM;2021-10-09;2019-03-29;;34652;;;;LIVERPOOL;MX;2021-10-09 03:45;PHILIPS;Recortadora para cabello y cara Philips Multigroom series 5000;https://www.liverpool.com.mx/tienda/pdp/Recortadora-para-cabello-y-cara-Philips-Multigroom-series-5000/1063929669;CE;5;https://www.liverpool.com.mx/
811;aHR0cHM6Ly93d3cubGl2ZXJwb29sLmNvbS5teC90aWVuZGEvcGRwL1JlY29ydGFkb3JhLXBhcmEtY2FiZWxsby15LWNhcmEtUGhpbGlwcy1NdWx0aWdyb29tLXNlcmllcy01MDAwLzEwNjM5Mjk2Njk0MDI1MjY=;SEM;2021-10-09;2020-07-16;;402526;;;;LIVERPOOL;MX;2021-10-09 03:45;PHILIPS;Recortadora para cabello y cara Philips Multigroom series 5000;https://www.liverpool.com.mx/tienda/pdp/Recortadora-para-cabello-y-cara-Philips-Multigroom-series-5000/1063929669;CE;5;https://www.liverpool.com.mx/
812;aHR0cHM6Ly93d3cubGl2ZXJwb29sLmNvbS5teC90aWVuZGEvcGRwL1JlY29ydGFkb3JhLXBhcmEtY2FiZWxsby15LWNhcmEtUGhpbGlwcy1NdWx0aWdyb29tLXNlcmllcy01MDAwLzEwNjM5Mjk2NjkxMzY3MjE=;SEM;2021-10-09;2019-11-21;;136721;;;;LIVERPOOL;MX;2021-10-09 03:45;PHILIPS;Recortadora para cabello y cara Philips Multigroom series 5000;https://www.liverpool.com.mx/tienda/pdp/Recortadora-para-cabello-y-cara-Philips-Multigroom-series-5000/1063929669;CE;5;https://www.liverpool.com.mx/
813;aHR0cHM6Ly93d3cubGl2ZXJwb29sLmNvbS5teC90aWVuZGEvcGRwL1JlY29ydGFkb3JhLXBhcmEtY2FiZWxsby15LWNhcmEtUGhpbGlwcy1NdWx0aWdyb29tLXNlcmllcy01MDAwLzEwNjM5Mjk2NjkxMjA0NzU3;SEM;2021-10-09;2021-08-13;;1204757;;;;LIVERPOOL;MX;2021-10-09 03:45;PHILIPS;Recortadora para cabello y cara Philips Multigroom series 5000;https://www.liverpool.com.mx/tienda/pdp/Recortadora-para-cabello-y-cara-Philips-Multigroom-series-5000/1063929669;CE;5;https://www.liverpool.com.mx/
814;aHR0cHM6Ly93d3cubGl2ZXJwb29sLmNvbS5teC90aWVuZGEvcGRwL1JlY29ydGFkb3JhLXBhcmEtY2FiZWxsby15LWNhcmEtUGhpbGlwcy1NdWx0aWdyb29tLXNlcmllcy01MDAwLzEwNjM5Mjk2NjkzNzI3NjE=;SEM;2021-10-09;2020-07-09;;372761;;;;LIVERPOOL;MX;2021-10-09 03:45;PHILIPS;Recortadora para cabello y cara Philips Multigroom series 5000;https://www.liverpool.com.mx/tienda/pdp/Recortadora-para-cabello-y-cara-Philips-Multigroom-series-5000/1063929669;CE;5;https://www.liverpool.com.mx/
815;aHR0cHM6Ly93d3cubGl2ZXJwb29sLmNvbS5teC90aWVuZGEvcGRwL1JlY29ydGFkb3JhLXBhcmEtY2FiZWxsby15LWNhcmEtUGhpbGlwcy1NdWx0aWdyb29tLXNlcmllcy01MDAwLzEwNjM5Mjk2Njk1NzA5NDU=;SEM;2021-10-09;2020-08-31;;570945;;;;LIVERPOOL;MX;2021-10-09 03:45;PHILIPS;Recortadora para cabello y cara Philips Multigroom series 5000;https://www.liverpool.com.mx/tienda/pdp/Recortadora-para-cabello-y-cara-Philips-Multigroom-series-5000/1063929669;CE;5;https://www.liverpool.com.mx/
816;aHR0cHM6Ly93d3cubGl2ZXJwb29sLmNvbS5teC90aWVuZGEvcGRwL1JlY29ydGFkb3JhLXBhcmEtY2FiZWxsby15LWNhcmEtUGhpbGlwcy1NdWx0aWdyb29tLXNlcmllcy01MDAwLzEwNjM5Mjk2NjkxMjY4NzA5;SEM;2021-10-09;2021-09-17;;1268709;;;;LIVERPOOL;MX;2021-10-09 03:46;PHILIPS;Recortadora para cabello y cara Philips Multigroom series 5000;https://www.liverpool.com.mx/tienda/pdp/Recortadora-para-cabello-y-cara-Philips-Multigroom-series-5000/1063929669;CE;5;https://www.liverpool.com.mx/
817;aHR0cHM6Ly93d3cubGl2ZXJwb29sLmNvbS5teC90aWVuZGEvcGRwL1JlY29ydGFkb3JhLXBhcmEtY2FiZWxsby15LWNhcmEtUGhpbGlwcy1NdWx0aWdyb29tLXNlcmllcy01MDAwLzEwNjM5Mjk2Njk4MTA0OTY=;SEM;2021-10-09;2021-02-25;;810496;;;;LIVERPOOL;MX;2021-10-09 03:46;PHILIPS;Recortadora para cabello y cara Philips Multigroom series 5000;https://www.liverpool.com.mx/tienda/pdp/Recortadora-para-cabello-y-cara-Philips-Multigroom-series-5000/1063929669;CE;5;https://www.liverpool.com.mx/
818;aHR0cHM6Ly93d3cubGl2ZXJwb29sLmNvbS5teC90aWVuZGEvcGRwL1JlY29ydGFkb3JhLXBhcmEtY2FiZWxsby15LWNhcmEtUGhpbGlwcy1NdWx0aWdyb29tLXNlcmllcy01MDAwLzEwNjM5Mjk2Njk0NDA0NQ==;SEM;2021-10-09;2019-04-28;;44045;;;;LIVERPOOL;MX;2021-10-09 03:46;PHILIPS;Recortadora para cabello y cara Philips Multigroom series 5000;https://www.liverpool.com.mx/tienda/pdp/Recortadora-para-cabello-y-cara-Philips-Multigroom-series-5000/1063929669;CE;5;https://www.liverpool.com.mx/
819;aHR0cHM6Ly93d3cubGl2ZXJwb29sLmNvbS5teC90aWVuZGEvcGRwL1JlY29ydGFkb3JhLXBhcmEtY2FiZWxsby15LWNhcmEtUGhpbGlwcy1NdWx0aWdyb29tLXNlcmllcy01MDAwLzEwNjM5Mjk2NjkxMTI4MjMy;SEM;2021-10-09;2021-07-07;;1128232;;;;LIVERPOOL;MX;2021-10-09 03:46;PHILIPS;Recortadora para cabello y cara Philips Multigroom series 5000;https://www.liverpool.com.mx/tienda/pdp/Recortadora-para-cabello-y-cara-Philips-Multigroom-series-5000/1063929669;CE;5;https://www.liverpool.com.mx/
820;aHR0cHM6Ly93d3cubGl2ZXJwb29sLmNvbS5teC90aWVuZGEvcGRwL1JlY29ydGFkb3JhLXBhcmEtY2FiZWxsby15LWNhcmEtUGhpbGlwcy1NdWx0aWdyb29tLXNlcmllcy01MDAwLzEwNjM5Mjk2Njk1NTk3MzM=;SEM;2021-10-09;2020-08-28;;559733;;;;LIVERPOOL;MX;2021-10-09 03:46;PHILIPS;Recortadora para cabello y cara Philips Multigroom series 5000;https://www.liverpool.com.mx/tienda/pdp/Recortadora-para-cabello-y-cara-Philips-Multigroom-series-5000/1063929669;CE;5;https://www.liverpool.com.mx/
821;aHR0cHM6Ly93d3cubGl2ZXJwb29sLmNvbS5teC90aWVuZGEvcGRwL1JlY29ydGFkb3JhLXBhcmEtY2FiZWxsby15LWNhcmEtUGhpbGlwcy1NdWx0aWdyb29tLXNlcmllcy01MDAwLzEwNjM5Mjk2Njk3OTM3MzQ=;SEM;2021-10-09;2021-02-18;;793734;;;;LIVERPOOL;MX;2021-10-09 03:46;PHILIPS;Recortadora para cabello y cara Philips Multigroom series 5000;https://www.liverpool.com.mx/tienda/pdp/Recortadora-para-cabello-y-cara-Philips-Multigroom-series-5000/1063929669;CE;5;https://www.liverpool.com.mx/
822;aHR0cHM6Ly93d3cubGl2ZXJwb29sLmNvbS5teC90aWVuZGEvcGRwL1JlY29ydGFkb3JhLXBhcmEtY2FiZWxsby15LWNhcmEtUGhpbGlwcy1NdWx0aWdyb29tLXNlcmllcy01MDAwLzEwNjM5Mjk2NjkxMzgxMjA=;SEM;2021-10-09;2019-11-23;;138120;;;;LIVERPOOL;MX;2021-10-09 03:46;PHILIPS;Recortadora para cabello y cara Philips Multigroom series 5000;https://www.liverpool.com.mx/tienda/pdp/Recortadora-para-cabello-y-cara-Philips-Multigroom-series-5000/1063929669;CE;5;https://www.liverpool.com.mx/
823;aHR0cHM6Ly93d3cubGl2ZXJwb29sLmNvbS5teC90aWVuZGEvcGRwL1JlY29ydGFkb3JhLXBhcmEtY2FiZWxsby15LWNhcmEtUGhpbGlwcy1NdWx0aWdyb29tLXNlcmllcy01MDAwLzEwNjM5Mjk2NjkyMTIxMDQ=;SEM;2021-10-09;2020-04-09;;212104;;;;LIVERPOOL;MX;2021-10-09 03:46;PHILIPS;Recortadora para cabello y cara Philips Multigroom series 5000;https://www.liverpool.com.mx/tienda/pdp/Recortadora-para-cabello-y-cara-Philips-Multigroom-series-5000/1063929669;CE;5;https://www.liverpool.com.mx/
824;aHR0cHM6Ly93d3cubGl2ZXJwb29sLmNvbS5teC90aWVuZGEvcGRwL1JlY29ydGFkb3JhLXBhcmEtY2FiZWxsby15LWNhcmEtUGhpbGlwcy1NdWx0aWdyb29tLXNlcmllcy01MDAwLzEwNjM5Mjk2Njk5Nzg1ODE=;SEM;2021-10-09;2021-05-16;;978581;;;;LIVERPOOL;MX;2021-10-09 03:46;PHILIPS;Recortadora para cabello y cara Philips Multigroom series 5000;https://www.liverpool.com.mx/tienda/pdp/Recortadora-para-cabello-y-cara-Philips-Multigroom-series-5000/1063929669;CE;5;https://www.liverpool.com.mx/
825;aHR0cHM6Ly93d3cubGl2ZXJwb29sLmNvbS5teC90aWVuZGEvcGRwL1JlY29ydGFkb3JhLXBhcmEtY2FiZWxsby15LWNhcmEtUGhpbGlwcy1NdWx0aWdyb29tLXNlcmllcy01MDAwLzEwNjM5Mjk2NjkxMjYwNzA5;SEM;2021-10-09;2021-09-12;;1260709;;;;LIVERPOOL;MX;2021-10-09 03:46;PHILIPS;Recortadora para cabello y cara Philips Multigroom series 5000;https://www.liverpool.com.mx/tienda/pdp/Recortadora-para-cabello-y-cara-Philips-Multigroom-series-5000/1063929669;CE;5;https://www.liverpool.com.mx/
826;aHR0cHM6Ly93d3cubGl2ZXJwb29sLmNvbS5teC90aWVuZGEvcGRwL1JlY29ydGFkb3JhLXBhcmEtY2FiZWxsby15LWNhcmEtUGhpbGlwcy1NdWx0aWdyb29tLXNlcmllcy01MDAwLzEwNjM5Mjk2Njk4MjczMzg=;SEM;2021-10-09;2021-03-05;;827338;;;;LIVERPOOL;MX;2021-10-09 03:46;PHILIPS;Recortadora para cabello y cara Philips Multigroom series 5000;https://www.liverpool.com.mx/tienda/pdp/Recortadora-para-cabello-y-cara-Philips-Multigroom-series-5000/1063929669;CE;5;https://www.liverpool.com.mx/
827;aHR0cHM6Ly93d3cubGl2ZXJwb29sLmNvbS5teC90aWVuZGEvcGRwL1JlY29ydGFkb3JhLXBhcmEtY2FiZWxsby15LWNhcmEtUGhpbGlwcy1NdWx0aWdyb29tLXNlcmllcy01MDAwLzEwNjM5Mjk2NjkzODU0ODg=;SEM;2021-10-09;2020-07-11;;385488;;;;LIVERPOOL;MX;2021-10-09 03:46;PHILIPS;Recortadora para cabello y cara Philips Multigroom series 5000;https://www.liverpool.com.mx/tienda/pdp/Recortadora-para-cabello-y-cara-Philips-Multigroom-series-5000/1063929669;CE;5;https://www.liverpool.com.mx/
828;aHR0cHM6Ly93d3cubGl2ZXJwb29sLmNvbS5teC90aWVuZGEvcGRwL1JlY29ydGFkb3JhLXBhcmEtY2FiZWxsby15LWNhcmEtUGhpbGlwcy1NdWx0aWdyb29tLXNlcmllcy01MDAwLzEwNjM5Mjk2NjkyODEwNjI=;SEM;2021-10-09;2020-06-06;;281062;;;;LIVERPOOL;MX;2021-10-09 03:46;PHILIPS;Recortadora para cabello y cara Philips Multigroom series 5000;https://www.liverpool.com.mx/tienda/pdp/Recortadora-para-cabello-y-cara-Philips-Multigroom-series-5000/1063929669;CE;5;https://www.liverpool.com.mx/
829;aHR0cHM6Ly93d3cubGl2ZXJwb29sLmNvbS5teC90aWVuZGEvcGRwL1JlY29ydGFkb3JhLXBhcmEtY2FiZWxsby15LWNhcmEtUGhpbGlwcy1NdWx0aWdyb29tLXNlcmllcy01MDAwLzEwNjM5Mjk2NjkxMDc1Njk0;SEM;2021-10-09;2021-06-17;;1075694;;;;LIVERPOOL;MX;2021-10-09 03:46;PHILIPS;Recortadora para cabello y cara Philips Multigroom series 5000;https://www.liverpool.com.mx/tienda/pdp/Recortadora-para-cabello-y-cara-Philips-Multigroom-series-5000/1063929669;CE;5;https://www.liverpool.com.mx/
830;aHR0cHM6Ly93d3cubGl2ZXJwb29sLmNvbS5teC90aWVuZGEvcGRwL1JlY29ydGFkb3JhLXBhcmEtY2FiZWxsby15LWNhcmEtUGhpbGlwcy1NdWx0aWdyb29tLXNlcmllcy01MDAwLzEwNjM5Mjk2Njk4MjM1OTU=;SEM;2021-10-09;2021-03-03;;823595;;;;LIVERPOOL;MX;2021-10-09 03:46;PHILIPS;Recortadora para cabello y cara Philips Multigroom series 5000;https://www.liverpool.com.mx/tienda/pdp/Recortadora-para-cabello-y-cara-Philips-Multigroom-series-5000/1063929669;CE;4;https://www.liverpool.com.mx/
831;aHR0cHM6Ly93d3cubGl2ZXJwb29sLmNvbS5teC90aWVuZGEvcGRwL1JlY29ydGFkb3JhLXBhcmEtY2FiZWxsby15LWNhcmEtUGhpbGlwcy1NdWx0aWdyb29tLXNlcmllcy01MDAwLzEwNjM5Mjk2NjkxOTk5ODI=;SEM;2021-10-09;2020-03-17;;199982;;;;LIVERPOOL;MX;2021-10-09 03:46;PHILIPS;Recortadora para cabello y cara Philips Multigroom series 5000;https://www.liverpool.com.mx/tienda/pdp/Recortadora-para-cabello-y-cara-Philips-Multigroom-series-5000/1063929669;CE;4;https://www.liverpool.com.mx/
832;aHR0cHM6Ly93d3cubGl2ZXJwb29sLmNvbS5teC90aWVuZGEvcGRwL1JlY29ydGFkb3JhLXBhcmEtY2FiZWxsby15LWNhcmEtUGhpbGlwcy1NdWx0aWdyb29tLXNlcmllcy01MDAwLzEwNjM5Mjk2Njk5NTkyMTQ=;SEM;2021-10-09;2021-05-10;;959214;;;;LIVERPOOL;MX;2021-10-09 03:46;PHILIPS;Recortadora para cabello y cara Philips Multigroom series 5000;https://www.liverpool.com.mx/tienda/pdp/Recortadora-para-cabello-y-cara-Philips-Multigroom-series-5000/1063929669;CE;4;https://www.liverpool.com.mx/
833;aHR0cHM6Ly93d3cubGl2ZXJwb29sLmNvbS5teC90aWVuZGEvcGRwL1JlY29ydGFkb3JhLXBhcmEtY2FiZWxsby15LWNhcmEtUGhpbGlwcy1NdWx0aWdyb29tLXNlcmllcy01MDAwLzEwNjM5Mjk2Njk2NTA4MTQ=;SEM;2021-10-09;2020-11-17;;650814;;;;LIVERPOOL;MX;2021-10-09 03:46;PHILIPS;Recortadora para cabello y cara Philips Multigroom series 5000;https://www.liverpool.com.mx/tienda/pdp/Recortadora-para-cabello-y-cara-Philips-Multigroom-series-5000/1063929669;CE;5;https://www.liverpool.com.mx/
834;aHR0cHM6Ly93d3cubGl2ZXJwb29sLmNvbS5teC90aWVuZGEvcGRwL3BhbnRhbGxhLXRjbC1sZWQtc21hcnQtdHYtZGUtMzItcHVsZ2FkYXMtaGQtMzJhMzQ1LWNvbi1hbmRyb2lkLXR2LzExMDk5OTI5NzIxMzA5NTU5;SEM;2021-10-09;2021-10-08;;1309559;;;;LIVERPOOL;MX;2021-10-09 03:55;TCL;Pantalla TCL LED Smart TV de 32 Pulgadas HD 32A345 con Android TV;https://www.liverpool.com.mx/tienda/pdp/pantalla-tcl-led-smart-tv-de-32-pulgadas-hd-32a345-con-android-tv/1109992972;CE;5;https://www.liverpool.com.mx/
835;aHR0cHM6Ly93d3cubGl2ZXJwb29sLmNvbS5teC90aWVuZGEvcGRwL1BhbnRhbGxhLVRDTC1MRUQtU21hcnQtVFYtZGUtMzItUHVsZ2FkYXMtSEQtMzJBMzQ1LWNvbi1BbmRyb2lkLVRWLzExMDk5OTI5NzIxMzA5NTU5;SEM;2021-10-09;2021-10-08;;1309559;;;;LIVERPOOL;MX;2021-10-09 04:16;TCL;Pantalla TCL LED Smart TV de 32 Pulgadas HD 32A345 con Android TV;https://www.liverpool.com.mx/tienda/pdp/Pantalla-TCL-LED-Smart-TV-de-32-Pulgadas-HD-32A345-con-Android-TV/1109992972;CE;5;https://www.liverpool.com.mx/
836;aHR0cHM6Ly93d3cubGl2ZXJwb29sLmNvbS5teC90aWVuZGEvcGRwL1BhbnRhbGxhLVNvbnktTENELVNtYXJ0LVRWLWRlLTU1LVB1bGdhZGFzLTRLL0RvbGJ5LUF0bW9zLVhSLTU1WDkwSi1jb24tR29vZ2xlLVRWLzExMDQ1NTk3MjMxMTAwMzcw;SEM;2021-10-09;2021-06-26;;1100370;;;;LIVERPOOL;MX;2021-10-09 04:28;SONY;Pantalla Sony LCD Smart TV de 55 Pulgadas 4K/Dolby Atmos XR-55X90J con Google TV;https://www.liverpool.com.mx/tienda/pdp/Pantalla-Sony-LCD-Smart-TV-de-55-Pulgadas-4K/Dolby-Atmos-XR-55X90J-con-Google-TV/1104559723;CE;5;https://www.liverpool.com.mx/
837;aHR0cHM6Ly93d3cubGl2ZXJwb29sLmNvbS5teC90aWVuZGEvcGRwL1BhbnRhbGxhLVNvbnktTENELVNtYXJ0LVRWLWRlLTU1LVB1bGdhZGFzLTRLL0RvbGJ5LUF0bW9zLVhSLTU1WDkwSi1jb24tR29vZ2xlLVRWLzExMDQ1NTk3MjMxMDc0Mzk5;SEM;2021-10-09;2021-06-17;;1074399;;;;LIVERPOOL;MX;2021-10-09 04:28;SONY;Pantalla Sony LCD Smart TV de 55 Pulgadas 4K/Dolby Atmos XR-55X90J con Google TV;https://www.liverpool.com.mx/tienda/pdp/Pantalla-Sony-LCD-Smart-TV-de-55-Pulgadas-4K/Dolby-Atmos-XR-55X90J-con-Google-TV/1104559723;CE;5;https://www.liverpool.com.mx/
838;aHR0cHM6Ly93d3cubGl2ZXJwb29sLmNvbS5teC90aWVuZGEvcGRwL1BhbnRhbGxhLVNvbnktTENELVNtYXJ0LVRWLWRlLTU1LVB1bGdhZGFzLTRLL0RvbGJ5LUF0bW9zLVhSLTU1WDkwSi1jb24tR29vZ2xlLVRWLzExMDQ1NTk3MjMxMTMzNzE2;SEM;2021-10-09;2021-07-10;;1133716;;;;LIVERPOOL;MX;2021-10-09 04:28;SONY;Pantalla Sony LCD Smart TV de 55 Pulgadas 4K/Dolby Atmos XR-55X90J con Google TV;https://www.liverpool.com.mx/tienda/pdp/Pantalla-Sony-LCD-Smart-TV-de-55-Pulgadas-4K/Dolby-Atmos-XR-55X90J-con-Google-TV/1104559723;CE;5;https://www.liverpool.com.mx/
839;aHR0cHM6Ly93d3cubGl2ZXJwb29sLmNvbS5teC90aWVuZGEvcGRwL1BhbnRhbGxhLVNvbnktTENELVNtYXJ0LVRWLWRlLTU1LVB1bGdhZGFzLTRLL0RvbGJ5LUF0bW9zLUtELTU1WDgwSi1jb24tR29vZ2xlLVRWLzExMDQ1NzYzNTExMjEwNzI5;SEM;2021-10-09;2021-08-15;;1210729;;;;LIVERPOOL;MX;2021-10-09 04:29;SONY;Pantalla Sony LCD Smart TV de 55 Pulgadas 4K/Dolby Atmos KD-55X80J con Google TV;https://www.liverpool.com.mx/tienda/pdp/Pantalla-Sony-LCD-Smart-TV-de-55-Pulgadas-4K/Dolby-Atmos-KD-55X80J-con-Google-TV/1104576351;CE;5;https://www.liverpool.com.mx/
840;aHR0cHM6Ly93d3cubGl2ZXJwb29sLmNvbS5teC90aWVuZGEvcGRwL1BhbnRhbGxhLVNvbnktTENELVNtYXJ0LVRWLWRlLTU1LVB1bGdhZGFzLTRLL0RvbGJ5LUF0bW9zLUtELTU1WDgwSi1jb24tR29vZ2xlLVRWLzExMDQ1NzYzNTE5ODM4MDM=;SEM;2021-10-09;2021-05-18;;983803;;;;LIVERPOOL;MX;2021-10-09 04:29;SONY;Pantalla Sony LCD Smart TV de 55 Pulgadas 4K/Dolby Atmos KD-55X80J con Google TV;https://www.liverpool.com.mx/tienda/pdp/Pantalla-Sony-LCD-Smart-TV-de-55-Pulgadas-4K/Dolby-Atmos-KD-55X80J-con-Google-TV/1104576351;CE;5;https://www.liverpool.com.mx/
841;aHR0cHM6Ly93d3cubGl2ZXJwb29sLmNvbS5teC90aWVuZGEvcGRwL1BhbnRhbGxhLVNvbnktTENELVNtYXJ0LVRWLWRlLTEwMC1QdWxnYWRhcy00Sy9Eb2xieS1BdG1vcy1YUi0xMDBYOTItY29uLUdvb2dsZS1UVi8xMTA2MzExODkzMTI4OTIxOA==;SEM;2021-10-09;2021-09-27;;1289218;;;;LIVERPOOL;MX;2021-10-09 04:38;SONY;Pantalla Sony LCD Smart TV de 100 Pulgadas 4K/Dolby Atmos XR-100X92 con Google TV;https://www.liverpool.com.mx/tienda/pdp/Pantalla-Sony-LCD-Smart-TV-de-100-Pulgadas-4K/Dolby-Atmos-XR-100X92-con-Google-TV/1106311893;CE;5;https://www.liverpool.com.mx/
842;aHR0cHM6Ly93d3cubGl2ZXJwb29sLmNvbS5teC90aWVuZGEvcGRwL3BhbnRhbGxhLXNvbnktbGNkLXNtYXJ0LXR2LWRlLTMyLXB1bGdhZGFzLWZ1bGwtaGQtY29uLWxpbnV4LzEwNDc2Njk1NTAxMzExMjAx;SEM;2021-10-09;2021-10-08;;1311201;;;;LIVERPOOL;MX;2021-10-09 05:03;SONY;Pantalla Sony LCD smart TV de 32 pulgadas FULL HD con Linux;https://www.liverpool.com.mx/tienda/pdp/pantalla-sony-lcd-smart-tv-de-32-pulgadas-full-hd-con-linux/1047669550;CE;5;https://www.liverpool.com.mx/
843;aHR0cHM6Ly93d3cubGl2ZXJwb29sLmNvbS5teC90aWVuZGEvcGRwL3BhbnRhbGxhLXNvbnktZ29vZ2xlLXR2LWRlLTUwLXB1bGdhZGFzLTRrL2RvbGJ5LWF0bW9zLWtkLTUweDgwai8xMTA0NTU4ODQxMTMxMDg3Mg==;SEM;2021-10-09;2021-10-08;;1310872;;;;LIVERPOOL;MX;2021-10-09 05:10;SONY;Pantalla Sony Google TV de 50 Pulgadas 4K/Dolby Atmos KD-50X80J;https://www.liverpool.com.mx/tienda/pdp/pantalla-sony-google-tv-de-50-pulgadas-4k/dolby-atmos-kd-50x80j/1104558841;CE;5;https://www.liverpool.com.mx/
844;aHR0cHM6Ly93d3cubGl2ZXJwb29sLmNvbS5teC90aWVuZGEvcGRwL3BhbnRhbGxhLXNvbnktbGVkLXNtYXJ0LXR2LWRlLTUwLXB1bGdhZGFzLTRrL2RvbGJ5LWF0bW9zLWtkLTUweDg1ai1jb24tZ29vZ2xlLXR2LzExMDYyOTYxOTMxMzA0OTgz;SEM;2021-10-09;2021-10-06;;1304983;;;;LIVERPOOL;MX;2021-10-09 05:16;SONY;Pantalla Sony LED Smart TV de 50 Pulgadas 4K/Dolby Atmos KD-50X85J con Google TV;https://www.liverpool.com.mx/tienda/pdp/pantalla-sony-led-smart-tv-de-50-pulgadas-4k/dolby-atmos-kd-50x85j-con-google-tv/1106296193;CE;5;https://www.liverpool.com.mx/
845;aHR0cHM6Ly93d3cubGl2ZXJwb29sLmNvbS5teC90aWVuZGEvcGRwL3BhbnRhbGxhLWxnLW5hbm9jZWxsLXNtYXJ0LXR2LWRlLTUwLXB1bGdhZGFzLTRrL3VoZC01MG5hbm83NXNwYS8xMTEwMDcxMTk4MTMxMzM1Mw==;SEM;2021-10-10;2021-10-09;;1313353;;;;LIVERPOOL;MX;2021-10-10 02:56;LG;Pantalla LG NanoCell Smart TV de 50 Pulgadas 4K/UHD 50NANO75SPA;https://www.liverpool.com.mx/tienda/pdp/pantalla-lg-nanocell-smart-tv-de-50-pulgadas-4k/uhd-50nano75spa/1110071198;CE;5;https://www.liverpool.com.mx/
846;aHR0cHM6Ly93d3cubGl2ZXJwb29sLmNvbS5teC90aWVuZGEvcGRwL3BhbnRhbGxhLWxlZC1oaXNlbnNlLXNtYXJ0LXR2LWRlLTEwMC1wdWxnYWRhcy00ay91aGQtMTAwbDlnLWNvbi1hbmRyb2lkLXR2LzExMDkxNjI4NjQxMzE0MDI4;SEM;2021-10-10;2021-10-09;;1314028;;;;LIVERPOOL;MX;2021-10-10 03:04;HISENSE;Pantalla LED Hisense Smart TV de 100 Pulgadas 4K/UHD 100L9G con Android TV;https://www.liverpool.com.mx/tienda/pdp/pantalla-led-hisense-smart-tv-de-100-pulgadas-4k/uhd-100l9g-con-android-tv/1109162864;CE;5;https://www.liverpool.com.mx/
847;aHR0cHM6Ly93d3cubGl2ZXJwb29sLmNvbS5teC90aWVuZGEvcGRwL1BhbnRhbGxhLVNhbXN1bmctTEVELVNtYXJ0LVRWLWRlLTUwLVB1bGdhZGFzLTRLLVVONTBBVTkwMDBGWFpYLzExMDYwMDc4NzYxMzE0MzE4;SEM;2021-10-10;2021-10-09;;1314318;;;;LIVERPOOL;MX;2021-10-10 03:18;SAMSUNG;Pantalla Samsung LED Smart TV de 50 Pulgadas 4K UN50AU9000FXZX;https://www.liverpool.com.mx/tienda/pdp/Pantalla-Samsung-LED-Smart-TV-de-50-Pulgadas-4K-UN50AU9000FXZX/1106007876;CE;5;https://www.liverpool.com.mx/
848;aHR0cHM6Ly93d3cubGl2ZXJwb29sLmNvbS5teC90aWVuZGEvcGRwL1BhbnRhbGxhLUxHLU5hbm9DZWxsLVNtYXJ0LVRWLWRlLTUwLVB1bGdhZGFzLTRLLTUwTkFOTzgwU1BBLzExMDY2Mjc1NjQxMzExMDMx;SEM;2021-10-10;2021-10-08;;1311031;;;;LIVERPOOL;MX;2021-10-10 03:19;LG;Pantalla LG NanoCell Smart TV de 50 Pulgadas 4K 50NANO80SPA;https://www.liverpool.com.mx/tienda/pdp/Pantalla-LG-NanoCell-Smart-TV-de-50-Pulgadas-4K-50NANO80SPA/1106627564;CE;5;https://www.liverpool.com.mx/
849;aHR0cHM6Ly93d3cubGl2ZXJwb29sLmNvbS5teC90aWVuZGEvcGRwL1BhbnRhbGxhLVNvbnktTENELXNtYXJ0LVRWLWRlLTMyLXB1bGdhZGFzLUZVTEwtSEQtY29uLUxpbnV4LzEwNDc2Njk1NTAxMzExMjAx;SEM;2021-10-10;2021-10-08;;1311201;;;;LIVERPOOL;MX;2021-10-10 03:22;SONY;Pantalla Sony LCD smart TV de 32 pulgadas FULL HD con Linux;https://www.liverpool.com.mx/tienda/pdp/Pantalla-Sony-LCD-smart-TV-de-32-pulgadas-FULL-HD-con-Linux/1047669550;CE;5;https://www.liverpool.com.mx/
850;aHR0cHM6Ly93d3cubGl2ZXJwb29sLmNvbS5teC90aWVuZGEvcGRwL1BhbnRhbGxhLUxHJUMyJUEwVUhELVNtYXJ0JUMyJUEwVFYtZGUtNzAtcHVsZ2FkYXMtQUktVGhpblEtNEstNzBVUDc3NTBQU0IvMTEwNjYyNzE4MTEzMTA1NTY=;SEM;2021-10-10;2021-10-08;;1310556;;;;LIVERPOOL;MX;2021-10-10 03:22;LG;Pantalla LG UHD Smart TV de 70 pulgadas AI ThinQ 4K 70UP7750PSB;https://www.liverpool.com.mx/tienda/pdp/Pantalla-LG%C2%A0UHD-Smart%C2%A0TV-de-70-pulgadas-AI-ThinQ-4K-70UP7750PSB/1106627181;CE;5;https://www.liverpool.com.mx/
851;aHR0cHM6Ly93d3cubGl2ZXJwb29sLmNvbS5teC90aWVuZGEvcGRwL1BhbnRhbGxhLUxHLU9MRUQtU21hcnQtVFYtZGUtNDgtUHVsZ2FkYXMtNEsvRG9sYnktQXRtb3MtT0xFRDQ4QzFQU0EvMTEwNTAwMzkwNzk0OTc5Ng==;SEM;2021-10-10;2021-05-07;;949796;;;;LIVERPOOL;MX;2021-10-10 03:23;LG;Pantalla LG OLED Smart TV de 48 Pulgadas 4K/Dolby Atmos OLED48C1PSA;https://www.liverpool.com.mx/tienda/pdp/Pantalla-LG-OLED-Smart-TV-de-48-Pulgadas-4K/Dolby-Atmos-OLED48C1PSA/1105003907;CE;5;https://www.liverpool.com.mx/
852;aHR0cHM6Ly93d3cubGl2ZXJwb29sLmNvbS5teC90aWVuZGEvcGRwL1BhbnRhbGxhLUxHLU9MRUQtU21hcnQtVFYtZGUtNDgtUHVsZ2FkYXMtNEsvRG9sYnktQXRtb3MtT0xFRDQ4QzFQU0EvMTEwNTAwMzkwNzk3ODk4NA==;SEM;2021-10-10;2021-05-16;;978984;;;;LIVERPOOL;MX;2021-10-10 03:23;LG;Pantalla LG OLED Smart TV de 48 Pulgadas 4K/Dolby Atmos OLED48C1PSA;https://www.liverpool.com.mx/tienda/pdp/Pantalla-LG-OLED-Smart-TV-de-48-Pulgadas-4K/Dolby-Atmos-OLED48C1PSA/1105003907;CE;5;https://www.liverpool.com.mx/
853;aHR0cHM6Ly93d3cubGl2ZXJwb29sLmNvbS5teC90aWVuZGEvcGRwL1BhbnRhbGxhLUxHLU9MRUQtU21hcnQtVFYtZGUtNDgtUHVsZ2FkYXMtNEsvRG9sYnktQXRtb3MtT0xFRDQ4QzFQU0EvMTEwNTAwMzkwNzk4MzQ4OQ==;SEM;2021-10-10;2021-05-18;;983489;;;;LIVERPOOL;MX;2021-10-10 03:23;LG;Pantalla LG OLED Smart TV de 48 Pulgadas 4K/Dolby Atmos OLED48C1PSA;https://www.liverpool.com.mx/tienda/pdp/Pantalla-LG-OLED-Smart-TV-de-48-Pulgadas-4K/Dolby-Atmos-OLED48C1PSA/1105003907;CE;5;https://www.liverpool.com.mx/
854;aHR0cHM6Ly93d3cubGl2ZXJwb29sLmNvbS5teC90aWVuZGEvcGRwL1BhbnRhbGxhLUxHLU9MRUQtU21hcnQtVFYtZGUtNDgtUHVsZ2FkYXMtNEsvRG9sYnktQXRtb3MtT0xFRDQ4QzFQU0EvMTEwNTAwMzkwNzEwMDY1ODE=;SEM;2021-10-10;2021-05-27;;1006581;;;;LIVERPOOL;MX;2021-10-10 03:23;LG;Pantalla LG OLED Smart TV de 48 Pulgadas 4K/Dolby Atmos OLED48C1PSA;https://www.liverpool.com.mx/tienda/pdp/Pantalla-LG-OLED-Smart-TV-de-48-Pulgadas-4K/Dolby-Atmos-OLED48C1PSA/1105003907;CE;5;https://www.liverpool.com.mx/
855;aHR0cHM6Ly93d3cubGl2ZXJwb29sLmNvbS5teC90aWVuZGEvcGRwL1BhbnRhbGxhLUxHLU9MRUQtU21hcnQtVFYtZGUtNDgtUHVsZ2FkYXMtNEsvRG9sYnktQXRtb3MtT0xFRDQ4QzFQU0EvMTEwNTAwMzkwNzEwMDExNTg=;SEM;2021-10-10;2021-05-25;;1001158;;;;LIVERPOOL;MX;2021-10-10 03:23;LG;Pantalla LG OLED Smart TV de 48 Pulgadas 4K/Dolby Atmos OLED48C1PSA;https://www.liverpool.com.mx/tienda/pdp/Pantalla-LG-OLED-Smart-TV-de-48-Pulgadas-4K/Dolby-Atmos-OLED48C1PSA/1105003907;CE;5;https://www.liverpool.com.mx/
856;aHR0cHM6Ly93d3cubGl2ZXJwb29sLmNvbS5teC90aWVuZGEvcGRwL1BhbnRhbGxhLUxHLU9MRUQtU21hcnQtVFYtZGUtNDgtUHVsZ2FkYXMtNEsvRG9sYnktQXRtb3MtT0xFRDQ4QzFQU0EvMTEwNTAwMzkwNzk4OTY0Mg==;SEM;2021-10-10;2021-05-21;;989642;;;;LIVERPOOL;MX;2021-10-10 03:23;LG;Pantalla LG OLED Smart TV de 48 Pulgadas 4K/Dolby Atmos OLED48C1PSA;https://www.liverpool.com.mx/tienda/pdp/Pantalla-LG-OLED-Smart-TV-de-48-Pulgadas-4K/Dolby-Atmos-OLED48C1PSA/1105003907;CE;5;https://www.liverpool.com.mx/
857;aHR0cHM6Ly93d3cubGl2ZXJwb29sLmNvbS5teC90aWVuZGEvcGRwL1BhbnRhbGxhLUxHLU9MRUQtU21hcnQtVFYtZGUtNDgtUHVsZ2FkYXMtNEsvRG9sYnktQXRtb3MtT0xFRDQ4QzFQU0EvMTEwNTAwMzkwNzk2MzY0MA==;SEM;2021-10-10;2021-05-12;;963640;;;;LIVERPOOL;MX;2021-10-10 03:23;LG;Pantalla LG OLED Smart TV de 48 Pulgadas 4K/Dolby Atmos OLED48C1PSA;https://www.liverpool.com.mx/tienda/pdp/Pantalla-LG-OLED-Smart-TV-de-48-Pulgadas-4K/Dolby-Atmos-OLED48C1PSA/1105003907;CE;5;https://www.liverpool.com.mx/
858;aHR0cHM6Ly93d3cubGl2ZXJwb29sLmNvbS5teC90aWVuZGEvcGRwL1BhbnRhbGxhLUxHLU9MRUQtU21hcnQtVFYtZGUtNDgtUHVsZ2FkYXMtNEsvRG9sYnktQXRtb3MtT0xFRDQ4QzFQU0EvMTEwNTAwMzkwNzEwMTI3MjY=;SEM;2021-10-10;2021-05-29;;1012726;;;;LIVERPOOL;MX;2021-10-10 03:23;LG;Pantalla LG OLED Smart TV de 48 Pulgadas 4K/Dolby Atmos OLED48C1PSA;https://www.liverpool.com.mx/tienda/pdp/Pantalla-LG-OLED-Smart-TV-de-48-Pulgadas-4K/Dolby-Atmos-OLED48C1PSA/1105003907;CE;5;https://www.liverpool.com.mx/
859;aHR0cHM6Ly93d3cubGl2ZXJwb29sLmNvbS5teC90aWVuZGEvcGRwL1BhbnRhbGxhLUxHLU9MRUQtU21hcnQtVFYtZGUtNDgtUHVsZ2FkYXMtNEsvRG9sYnktQXRtb3MtT0xFRDQ4QzFQU0EvMTEwNTAwMzkwNzEwNDc2Nzc=;SEM;2021-10-10;2021-06-08;;1047677;;;;LIVERPOOL;MX;2021-10-10 03:23;LG;Pantalla LG OLED Smart TV de 48 Pulgadas 4K/Dolby Atmos OLED48C1PSA;https://www.liverpool.com.mx/tienda/pdp/Pantalla-LG-OLED-Smart-TV-de-48-Pulgadas-4K/Dolby-Atmos-OLED48C1PSA/1105003907;CE;5;https://www.liverpool.com.mx/
860;aHR0cHM6Ly93d3cubGl2ZXJwb29sLmNvbS5teC90aWVuZGEvcGRwL1BhbnRhbGxhLUxHLU9MRUQtU21hcnQtVFYtZGUtNDgtUHVsZ2FkYXMtNEsvRG9sYnktQXRtb3MtT0xFRDQ4QzFQU0EvMTEwNTAwMzkwNzExMjg0NjY=;SEM;2021-10-10;2021-07-07;;1128466;;;;LIVERPOOL;MX;2021-10-10 03:24;LG;Pantalla LG OLED Smart TV de 48 Pulgadas 4K/Dolby Atmos OLED48C1PSA;https://www.liverpool.com.mx/tienda/pdp/Pantalla-LG-OLED-Smart-TV-de-48-Pulgadas-4K/Dolby-Atmos-OLED48C1PSA/1105003907;CE;5;https://www.liverpool.com.mx/
861;aHR0cHM6Ly93d3cubGl2ZXJwb29sLmNvbS5teC90aWVuZGEvcGRwL1BhbnRhbGxhLUxHLU9MRUQtU21hcnQtVFYtZGUtNDgtUHVsZ2FkYXMtNEsvRG9sYnktQXRtb3MtT0xFRDQ4QzFQU0EvMTEwNTAwMzkwNzExNDA4MzE=;SEM;2021-10-10;2021-07-13;;1140831;;;;LIVERPOOL;MX;2021-10-10 03:24;LG;Pantalla LG OLED Smart TV de 48 Pulgadas 4K/Dolby Atmos OLED48C1PSA;https://www.liverpool.com.mx/tienda/pdp/Pantalla-LG-OLED-Smart-TV-de-48-Pulgadas-4K/Dolby-Atmos-OLED48C1PSA/1105003907;CE;5;https://www.liverpool.com.mx/
862;aHR0cHM6Ly93d3cubGl2ZXJwb29sLmNvbS5teC90aWVuZGEvcGRwL1BhbnRhbGxhLUxHLU9MRUQtU21hcnQtVFYtZGUtNDgtUHVsZ2FkYXMtNEsvRG9sYnktQXRtb3MtT0xFRDQ4QzFQU0EvMTEwNTAwMzkwNzExMzIxOTg=;SEM;2021-10-10;2021-07-09;;1132198;;;;LIVERPOOL;MX;2021-10-10 03:24;LG;Pantalla LG OLED Smart TV de 48 Pulgadas 4K/Dolby Atmos OLED48C1PSA;https://www.liverpool.com.mx/tienda/pdp/Pantalla-LG-OLED-Smart-TV-de-48-Pulgadas-4K/Dolby-Atmos-OLED48C1PSA/1105003907;CE;5;https://www.liverpool.com.mx/
863;aHR0cHM6Ly93d3cubGl2ZXJwb29sLmNvbS5teC90aWVuZGEvcGRwL1BhbnRhbGxhLUxHLU9MRUQtU21hcnQtVFYtZGUtNDgtUHVsZ2FkYXMtNEsvRG9sYnktQXRtb3MtT0xFRDQ4QzFQU0EvMTEwNTAwMzkwNzEwNjcyMDI=;SEM;2021-10-10;2021-06-14;;1067202;;;;LIVERPOOL;MX;2021-10-10 03:24;LG;Pantalla LG OLED Smart TV de 48 Pulgadas 4K/Dolby Atmos OLED48C1PSA;https://www.liverpool.com.mx/tienda/pdp/Pantalla-LG-OLED-Smart-TV-de-48-Pulgadas-4K/Dolby-Atmos-OLED48C1PSA/1105003907;CE;5;https://www.liverpool.com.mx/
864;aHR0cHM6Ly93d3cubGl2ZXJwb29sLmNvbS5teC90aWVuZGEvcGRwL1BhbnRhbGxhLUxHLU9MRUQtU21hcnQtVFYtZGUtNDgtUHVsZ2FkYXMtNEsvRG9sYnktQXRtb3MtT0xFRDQ4QzFQU0EvMTEwNTAwMzkwNzExMzIwNTg=;SEM;2021-10-10;2021-07-09;;1132058;;;;LIVERPOOL;MX;2021-10-10 03:24;LG;Pantalla LG OLED Smart TV de 48 Pulgadas 4K/Dolby Atmos OLED48C1PSA;https://www.liverpool.com.mx/tienda/pdp/Pantalla-LG-OLED-Smart-TV-de-48-Pulgadas-4K/Dolby-Atmos-OLED48C1PSA/1105003907;CE;5;https://www.liverpool.com.mx/
865;aHR0cHM6Ly93d3cubGl2ZXJwb29sLmNvbS5teC90aWVuZGEvcGRwL1BhbnRhbGxhLUxHLU9MRUQtU21hcnQtVFYtZGUtNDgtUHVsZ2FkYXMtNEsvRG9sYnktQXRtb3MtT0xFRDQ4QzFQU0EvMTEwNTAwMzkwNzEwMzc4Nzc=;SEM;2021-10-10;2021-06-05;;1037877;;;;LIVERPOOL;MX;2021-10-10 03:24;LG;Pantalla LG OLED Smart TV de 48 Pulgadas 4K/Dolby Atmos OLED48C1PSA;https://www.liverpool.com.mx/tienda/pdp/Pantalla-LG-OLED-Smart-TV-de-48-Pulgadas-4K/Dolby-Atmos-OLED48C1PSA/1105003907;CE;5;https://www.liverpool.com.mx/
866;aHR0cHM6Ly93d3cubGl2ZXJwb29sLmNvbS5teC90aWVuZGEvcGRwL1BhbnRhbGxhLUxHLU9MRUQtU21hcnQtVFYtZGUtNDgtUHVsZ2FkYXMtNEsvRG9sYnktQXRtb3MtT0xFRDQ4QzFQU0EvMTEwNTAwMzkwNzEzMDg5OTA=;SEM;2021-10-10;2021-10-07;;1308990;;;;LIVERPOOL;MX;2021-10-10 03:24;LG;Pantalla LG OLED Smart TV de 48 Pulgadas 4K/Dolby Atmos OLED48C1PSA;https://www.liverpool.com.mx/tienda/pdp/Pantalla-LG-OLED-Smart-TV-de-48-Pulgadas-4K/Dolby-Atmos-OLED48C1PSA/1105003907;CE;5;https://www.liverpool.com.mx/
867;aHR0cHM6Ly93d3cubGl2ZXJwb29sLmNvbS5teC90aWVuZGEvcGRwL1BhbnRhbGxhLUxHLU9MRUQtU21hcnQtVFYtZGUtNDgtUHVsZ2FkYXMtNEsvRG9sYnktQXRtb3MtT0xFRDQ4QzFQU0EvMTEwNTAwMzkwNzEyMjIyMDk=;SEM;2021-10-10;2021-08-21;;1222209;;;;LIVERPOOL;MX;2021-10-10 03:24;LG;Pantalla LG OLED Smart TV de 48 Pulgadas 4K/Dolby Atmos OLED48C1PSA;https://www.liverpool.com.mx/tienda/pdp/Pantalla-LG-OLED-Smart-TV-de-48-Pulgadas-4K/Dolby-Atmos-OLED48C1PSA/1105003907;CE;5;https://www.liverpool.com.mx/
868;aHR0cHM6Ly93d3cubGl2ZXJwb29sLmNvbS5teC90aWVuZGEvcGRwL1BhbnRhbGxhLUxHLU9MRUQtU21hcnQtVFYtZGUtNDgtUHVsZ2FkYXMtNEsvRG9sYnktQXRtb3MtT0xFRDQ4QzFQU0EvMTEwNTAwMzkwNzExMTU3NDA=;SEM;2021-10-10;2021-07-01;;1115740;;;;LIVERPOOL;MX;2021-10-10 03:24;LG;Pantalla LG OLED Smart TV de 48 Pulgadas 4K/Dolby Atmos OLED48C1PSA;https://www.liverpool.com.mx/tienda/pdp/Pantalla-LG-OLED-Smart-TV-de-48-Pulgadas-4K/Dolby-Atmos-OLED48C1PSA/1105003907;CE;5;https://www.liverpool.com.mx/
869;aHR0cHM6Ly93d3cubGl2ZXJwb29sLmNvbS5teC90aWVuZGEvcGRwL1BhbnRhbGxhLUxHLU9MRUQtU21hcnQtVFYtZGUtNDgtUHVsZ2FkYXMtNEsvRG9sYnktQXRtb3MtT0xFRDQ4QzFQU0EvMTEwNTAwMzkwNzEwMzUxMTI=;SEM;2021-10-10;2021-06-05;;1035112;;;;LIVERPOOL;MX;2021-10-10 03:24;LG;Pantalla LG OLED Smart TV de 48 Pulgadas 4K/Dolby Atmos OLED48C1PSA;https://www.liverpool.com.mx/tienda/pdp/Pantalla-LG-OLED-Smart-TV-de-48-Pulgadas-4K/Dolby-Atmos-OLED48C1PSA/1105003907;CE;5;https://www.liverpool.com.mx/
870;aHR0cHM6Ly93d3cubGl2ZXJwb29sLmNvbS5teC90aWVuZGEvcGRwL1BhbnRhbGxhLUxHLU9MRUQtU21hcnQtVFYtZGUtNDgtUHVsZ2FkYXMtNEsvRG9sYnktQXRtb3MtT0xFRDQ4QzFQU0EvMTEwNTAwMzkwNzEzMDA4NTM=;SEM;2021-10-10;2021-10-04;;1300853;;;;LIVERPOOL;MX;2021-10-10 03:24;LG;Pantalla LG OLED Smart TV de 48 Pulgadas 4K/Dolby Atmos OLED48C1PSA;https://www.liverpool.com.mx/tienda/pdp/Pantalla-LG-OLED-Smart-TV-de-48-Pulgadas-4K/Dolby-Atmos-OLED48C1PSA/1105003907;CE;5;https://www.liverpool.com.mx/
871;aHR0cHM6Ly93d3cubGl2ZXJwb29sLmNvbS5teC90aWVuZGEvcGRwL1BhbnRhbGxhLUxHLU9MRUQtU21hcnQtVFYtZGUtNDgtUHVsZ2FkYXMtNEsvRG9sYnktQXRtb3MtT0xFRDQ4QzFQU0EvMTEwNTAwMzkwNzExMTY1Mzk=;SEM;2021-10-10;2021-07-02;;1116539;;;;LIVERPOOL;MX;2021-10-10 03:24;LG;Pantalla LG OLED Smart TV de 48 Pulgadas 4K/Dolby Atmos OLED48C1PSA;https://www.liverpool.com.mx/tienda/pdp/Pantalla-LG-OLED-Smart-TV-de-48-Pulgadas-4K/Dolby-Atmos-OLED48C1PSA/1105003907;CE;5;https://www.liverpool.com.mx/
872;aHR0cHM6Ly93d3cubGl2ZXJwb29sLmNvbS5teC90aWVuZGEvcGRwL1BhbnRhbGxhLUxHLU9MRUQtU21hcnQtVFYtZGUtNDgtUHVsZ2FkYXMtNEsvRG9sYnktQXRtb3MtT0xFRDQ4QzFQU0EvMTEwNTAwMzkwNzEyODE5MzA=;SEM;2021-10-10;2021-09-24;;1281930;;;;LIVERPOOL;MX;2021-10-10 03:24;LG;Pantalla LG OLED Smart TV de 48 Pulgadas 4K/Dolby Atmos OLED48C1PSA;https://www.liverpool.com.mx/tienda/pdp/Pantalla-LG-OLED-Smart-TV-de-48-Pulgadas-4K/Dolby-Atmos-OLED48C1PSA/1105003907;CE;5;https://www.liverpool.com.mx/
873;aHR0cHM6Ly93d3cubGl2ZXJwb29sLmNvbS5teC90aWVuZGEvcGRwL1BhbnRhbGxhLUxHLU9MRUQtU21hcnQtVFYtZGUtNDgtUHVsZ2FkYXMtNEsvRG9sYnktQXRtb3MtT0xFRDQ4QzFQU0EvMTEwNTAwMzkwNzEwMTY0NjQ=;SEM;2021-10-10;2021-05-30;;1016464;;;;LIVERPOOL;MX;2021-10-10 03:24;LG;Pantalla LG OLED Smart TV de 48 Pulgadas 4K/Dolby Atmos OLED48C1PSA;https://www.liverpool.com.mx/tienda/pdp/Pantalla-LG-OLED-Smart-TV-de-48-Pulgadas-4K/Dolby-Atmos-OLED48C1PSA/1105003907;CE;5;https://www.liverpool.com.mx/
874;aHR0cHM6Ly93d3cubGl2ZXJwb29sLmNvbS5teC90aWVuZGEvcGRwL1BhbnRhbGxhLUxHLU9MRUQtU21hcnQtVFYtZGUtNDgtUHVsZ2FkYXMtNEsvRG9sYnktQXRtb3MtT0xFRDQ4QzFQU0EvMTEwNTAwMzkwNzEwMDQxOTA=;SEM;2021-10-10;2021-05-26;;1004190;;;;LIVERPOOL;MX;2021-10-10 03:24;LG;Pantalla LG OLED Smart TV de 48 Pulgadas 4K/Dolby Atmos OLED48C1PSA;https://www.liverpool.com.mx/tienda/pdp/Pantalla-LG-OLED-Smart-TV-de-48-Pulgadas-4K/Dolby-Atmos-OLED48C1PSA/1105003907;CE;5;https://www.liverpool.com.mx/
875;aHR0cHM6Ly93d3cubGl2ZXJwb29sLmNvbS5teC90aWVuZGEvcGRwL1BhbnRhbGxhLUxHLU9MRUQtU21hcnQtVFYtZGUtNDgtUHVsZ2FkYXMtNEsvRG9sYnktQXRtb3MtT0xFRDQ4QzFQU0EvMTEwNTAwMzkwNzEwNDQ4OTQ=;SEM;2021-10-10;2021-06-07;;1044894;;;;LIVERPOOL;MX;2021-10-10 03:24;LG;Pantalla LG OLED Smart TV de 48 Pulgadas 4K/Dolby Atmos OLED48C1PSA;https://www.liverpool.com.mx/tienda/pdp/Pantalla-LG-OLED-Smart-TV-de-48-Pulgadas-4K/Dolby-Atmos-OLED48C1PSA/1105003907;CE;5;https://www.liverpool.com.mx/
876;aHR0cHM6Ly93d3cubGl2ZXJwb29sLmNvbS5teC90aWVuZGEvcGRwL1BhbnRhbGxhLUxHLU9MRUQtU21hcnQtVFYtZGUtNDgtUHVsZ2FkYXMtNEsvRG9sYnktQXRtb3MtT0xFRDQ4QzFQU0EvMTEwNTAwMzkwNzExMzQ1MTM=;SEM;2021-10-10;2021-07-10;;1134513;;;;LIVERPOOL;MX;2021-10-10 03:24;LG;Pantalla LG OLED Smart TV de 48 Pulgadas 4K/Dolby Atmos OLED48C1PSA;https://www.liverpool.com.mx/tienda/pdp/Pantalla-LG-OLED-Smart-TV-de-48-Pulgadas-4K/Dolby-Atmos-OLED48C1PSA/1105003907;CE;5;https://www.liverpool.com.mx/
877;aHR0cHM6Ly93d3cubGl2ZXJwb29sLmNvbS5teC90aWVuZGEvcGRwL1BhbnRhbGxhLUxHLU9MRUQtU21hcnQtVFYtZGUtNDgtUHVsZ2FkYXMtNEsvRG9sYnktQXRtb3MtT0xFRDQ4QzFQU0EvMTEwNTAwMzkwNzExNjE0MDI=;SEM;2021-10-10;2021-07-24;;1161402;;;;LIVERPOOL;MX;2021-10-10 03:24;LG;Pantalla LG OLED Smart TV de 48 Pulgadas 4K/Dolby Atmos OLED48C1PSA;https://www.liverpool.com.mx/tienda/pdp/Pantalla-LG-OLED-Smart-TV-de-48-Pulgadas-4K/Dolby-Atmos-OLED48C1PSA/1105003907;CE;5;https://www.liverpool.com.mx/
878;aHR0cHM6Ly93d3cubGl2ZXJwb29sLmNvbS5teC90aWVuZGEvcGRwL1BhbnRhbGxhLUxHLU9MRUQtU21hcnQtVFYtZGUtNDgtUHVsZ2FkYXMtNEsvRG9sYnktQXRtb3MtT0xFRDQ4QzFQU0EvMTEwNTAwMzkwNzEyODgxNDA=;SEM;2021-10-10;2021-09-27;;1288140;;;;LIVERPOOL;MX;2021-10-10 03:24;LG;Pantalla LG OLED Smart TV de 48 Pulgadas 4K/Dolby Atmos OLED48C1PSA;https://www.liverpool.com.mx/tienda/pdp/Pantalla-LG-OLED-Smart-TV-de-48-Pulgadas-4K/Dolby-Atmos-OLED48C1PSA/1105003907;CE;5;https://www.liverpool.com.mx/
879;aHR0cHM6Ly93d3cubGl2ZXJwb29sLmNvbS5teC90aWVuZGEvcGRwL1BhbnRhbGxhLUxHLU9MRUQtU21hcnQtVFYtZGUtNDgtUHVsZ2FkYXMtNEsvRG9sYnktQXRtb3MtT0xFRDQ4QzFQU0EvMTEwNTAwMzkwNzExMjE3NDg=;SEM;2021-10-10;2021-07-04;;1121748;;;;LIVERPOOL;MX;2021-10-10 03:24;LG;Pantalla LG OLED Smart TV de 48 Pulgadas 4K/Dolby Atmos OLED48C1PSA;https://www.liverpool.com.mx/tienda/pdp/Pantalla-LG-OLED-Smart-TV-de-48-Pulgadas-4K/Dolby-Atmos-OLED48C1PSA/1105003907;CE;5;https://www.liverpool.com.mx/
880;aHR0cHM6Ly93d3cubGl2ZXJwb29sLmNvbS5teC90aWVuZGEvcGRwL1BhbnRhbGxhLUxHLU9MRUQtU21hcnQtVFYtZGUtNDgtUHVsZ2FkYXMtNEsvRG9sYnktQXRtb3MtT0xFRDQ4QzFQU0EvMTEwNTAwMzkwNzk3NzEzNQ==;SEM;2021-10-10;2021-05-16;;977135;;;;LIVERPOOL;MX;2021-10-10 03:24;LG;Pantalla LG OLED Smart TV de 48 Pulgadas 4K/Dolby Atmos OLED48C1PSA;https://www.liverpool.com.mx/tienda/pdp/Pantalla-LG-OLED-Smart-TV-de-48-Pulgadas-4K/Dolby-Atmos-OLED48C1PSA/1105003907;CE;5;https://www.liverpool.com.mx/
881;aHR0cHM6Ly93d3cubGl2ZXJwb29sLmNvbS5teC90aWVuZGEvcGRwL1BhbnRhbGxhLUxHLU9MRUQtU21hcnQtVFYtZGUtNDgtUHVsZ2FkYXMtNEsvRG9sYnktQXRtb3MtT0xFRDQ4QzFQU0EvMTEwNTAwMzkwNzEwMjY4Mzg=;SEM;2021-10-10;2021-06-03;;1026838;;;;LIVERPOOL;MX;2021-10-10 03:24;LG;Pantalla LG OLED Smart TV de 48 Pulgadas 4K/Dolby Atmos OLED48C1PSA;https://www.liverpool.com.mx/tienda/pdp/Pantalla-LG-OLED-Smart-TV-de-48-Pulgadas-4K/Dolby-Atmos-OLED48C1PSA/1105003907;CE;5;https://www.liverpool.com.mx/
882;aHR0cHM6Ly93d3cubGl2ZXJwb29sLmNvbS5teC90aWVuZGEvcGRwL1BhbnRhbGxhLUxHLU9MRUQtU21hcnQtVFYtZGUtNDgtUHVsZ2FkYXMtNEsvRG9sYnktQXRtb3MtT0xFRDQ4QzFQU0EvMTEwNTAwMzkwNzExMjQ1MTI=;SEM;2021-10-10;2021-07-05;;1124512;;;;LIVERPOOL;MX;2021-10-10 03:24;LG;Pantalla LG OLED Smart TV de 48 Pulgadas 4K/Dolby Atmos OLED48C1PSA;https://www.liverpool.com.mx/tienda/pdp/Pantalla-LG-OLED-Smart-TV-de-48-Pulgadas-4K/Dolby-Atmos-OLED48C1PSA/1105003907;CE;5;https://www.liverpool.com.mx/
883;aHR0cHM6Ly93d3cubGl2ZXJwb29sLmNvbS5teC90aWVuZGEvcGRwL1BhbnRhbGxhLUxHLU9MRUQtU21hcnQtVFYtZGUtNDgtUHVsZ2FkYXMtNEsvRG9sYnktQXRtb3MtT0xFRDQ4QzFQU0EvMTEwNTAwMzkwNzk2MTc1Mg==;SEM;2021-10-10;2021-05-11;;961752;;;;LIVERPOOL;MX;2021-10-10 03:24;LG;Pantalla LG OLED Smart TV de 48 Pulgadas 4K/Dolby Atmos OLED48C1PSA;https://www.liverpool.com.mx/tienda/pdp/Pantalla-LG-OLED-Smart-TV-de-48-Pulgadas-4K/Dolby-Atmos-OLED48C1PSA/1105003907;CE;4;https://www.liverpool.com.mx/
884;aHR0cHM6Ly93d3cubGl2ZXJwb29sLmNvbS5teC90aWVuZGEvcGRwL1BhbnRhbGxhLUxHLU9MRUQtU21hcnQtVFYtZGUtNDgtUHVsZ2FkYXMtNEsvRG9sYnktQXRtb3MtT0xFRDQ4QzFQU0EvMTEwNTAwMzkwNzk2MDgzNg==;SEM;2021-10-10;2021-05-11;;960836;;;;LIVERPOOL;MX;2021-10-10 03:24;LG;Pantalla LG OLED Smart TV de 48 Pulgadas 4K/Dolby Atmos OLED48C1PSA;https://www.liverpool.com.mx/tienda/pdp/Pantalla-LG-OLED-Smart-TV-de-48-Pulgadas-4K/Dolby-Atmos-OLED48C1PSA/1105003907;CE;5;https://www.liverpool.com.mx/
885;aHR0cHM6Ly93d3cubGl2ZXJwb29sLmNvbS5teC90aWVuZGEvcGRwL1BhbnRhbGxhLUxHLU9MRUQtU21hcnQtVFYtZGUtNDgtUHVsZ2FkYXMtNEsvRG9sYnktQXRtb3MtT0xFRDQ4QzFQU0EvMTEwNTAwMzkwNzEwMTAyNTk=;SEM;2021-10-10;2021-05-28;;1010259;;;;LIVERPOOL;MX;2021-10-10 03:24;LG;Pantalla LG OLED Smart TV de 48 Pulgadas 4K/Dolby Atmos OLED48C1PSA;https://www.liverpool.com.mx/tienda/pdp/Pantalla-LG-OLED-Smart-TV-de-48-Pulgadas-4K/Dolby-Atmos-OLED48C1PSA/1105003907;CE;5;https://www.liverpool.com.mx/
886;aHR0cHM6Ly93d3cubGl2ZXJwb29sLmNvbS5teC90aWVuZGEvcGRwL1BhbnRhbGxhLUxHLU9MRUQtU21hcnQtVFYtZGUtNDgtUHVsZ2FkYXMtNEsvRG9sYnktQXRtb3MtT0xFRDQ4QzFQU0EvMTEwNTAwMzkwNzk1NzYwMA==;SEM;2021-10-10;2021-05-10;;957600;;;;LIVERPOOL;MX;2021-10-10 03:24;LG;Pantalla LG OLED Smart TV de 48 Pulgadas 4K/Dolby Atmos OLED48C1PSA;https://www.liverpool.com.mx/tienda/pdp/Pantalla-LG-OLED-Smart-TV-de-48-Pulgadas-4K/Dolby-Atmos-OLED48C1PSA/1105003907;CE;5;https://www.liverpool.com.mx/
887;aHR0cHM6Ly93d3cubGl2ZXJwb29sLmNvbS5teC90aWVuZGEvcGRwL1BhbnRhbGxhLUxHLU9MRUQtU21hcnQtVFYtZGUtNDgtUHVsZ2FkYXMtNEsvRG9sYnktQXRtb3MtT0xFRDQ4QzFQU0EvMTEwNTAwMzkwNzk0OTQ1Mg==;SEM;2021-10-10;2021-05-07;;949452;;;;LIVERPOOL;MX;2021-10-10 03:24;LG;Pantalla LG OLED Smart TV de 48 Pulgadas 4K/Dolby Atmos OLED48C1PSA;https://www.liverpool.com.mx/tienda/pdp/Pantalla-LG-OLED-Smart-TV-de-48-Pulgadas-4K/Dolby-Atmos-OLED48C1PSA/1105003907;CE;5;https://www.liverpool.com.mx/
888;aHR0cHM6Ly93d3cubGl2ZXJwb29sLmNvbS5teC90aWVuZGEvcGRwL1BhbnRhbGxhLUxHLU9MRUQtU21hcnQtVFYtZGUtNDgtUHVsZ2FkYXMtNEsvRG9sYnktQXRtb3MtT0xFRDQ4QzFQU0EvMTEwNTAwMzkwNzExMTMwNTM=;SEM;2021-10-10;2021-06-30;;1113053;;;;LIVERPOOL;MX;2021-10-10 03:24;LG;Pantalla LG OLED Smart TV de 48 Pulgadas 4K/Dolby Atmos OLED48C1PSA;https://www.liverpool.com.mx/tienda/pdp/Pantalla-LG-OLED-Smart-TV-de-48-Pulgadas-4K/Dolby-Atmos-OLED48C1PSA/1105003907;CE;5;https://www.liverpool.com.mx/
889;aHR0cHM6Ly93d3cubGl2ZXJwb29sLmNvbS5teC90aWVuZGEvcGRwL1BhbnRhbGxhLUxHLU9MRUQtU21hcnQtVFYtZGUtNDgtUHVsZ2FkYXMtNEsvRG9sYnktQXRtb3MtT0xFRDQ4QzFQU0EvMTEwNTAwMzkwNzk3OTM5Mw==;SEM;2021-10-10;2021-05-16;;979393;;;;LIVERPOOL;MX;2021-10-10 03:24;LG;Pantalla LG OLED Smart TV de 48 Pulgadas 4K/Dolby Atmos OLED48C1PSA;https://www.liverpool.com.mx/tienda/pdp/Pantalla-LG-OLED-Smart-TV-de-48-Pulgadas-4K/Dolby-Atmos-OLED48C1PSA/1105003907;CE;5;https://www.liverpool.com.mx/
890;aHR0cHM6Ly93d3cubGl2ZXJwb29sLmNvbS5teC90aWVuZGEvcGRwL1BhbnRhbGxhLUxHLU9MRUQtU21hcnQtVFYtZGUtNDgtUHVsZ2FkYXMtNEsvRG9sYnktQXRtb3MtT0xFRDQ4QzFQU0EvMTEwNTAwMzkwNzk3NjY0Mg==;SEM;2021-10-10;2021-05-16;;976642;;;;LIVERPOOL;MX;2021-10-10 03:24;LG;Pantalla LG OLED Smart TV de 48 Pulgadas 4K/Dolby Atmos OLED48C1PSA;https://www.liverpool.com.mx/tienda/pdp/Pantalla-LG-OLED-Smart-TV-de-48-Pulgadas-4K/Dolby-Atmos-OLED48C1PSA/1105003907;CE;4;https://www.liverpool.com.mx/
891;aHR0cHM6Ly93d3cubGl2ZXJwb29sLmNvbS5teC90aWVuZGEvcGRwL1BhbnRhbGxhLUxHLU9MRUQtU21hcnQtVFYtZGUtNDgtUHVsZ2FkYXMtNEsvRG9sYnktQXRtb3MtT0xFRDQ4QzFQU0EvMTEwNTAwMzkwNzEwMjA3NzQ=;SEM;2021-10-10;2021-05-31;;1020774;;;;LIVERPOOL;MX;2021-10-10 03:24;LG;Pantalla LG OLED Smart TV de 48 Pulgadas 4K/Dolby Atmos OLED48C1PSA;https://www.liverpool.com.mx/tienda/pdp/Pantalla-LG-OLED-Smart-TV-de-48-Pulgadas-4K/Dolby-Atmos-OLED48C1PSA/1105003907;CE;5;https://www.liverpool.com.mx/
892;aHR0cHM6Ly93d3cubGl2ZXJwb29sLmNvbS5teC90aWVuZGEvcGRwL1BhbnRhbGxhLUxHLU9MRUQtU21hcnQtVFYtZGUtNDgtUHVsZ2FkYXMtNEsvRG9sYnktQXRtb3MtT0xFRDQ4QzFQU0EvMTEwNTAwMzkwNzk4MTE4NA==;SEM;2021-10-10;2021-05-17;;981184;;;;LIVERPOOL;MX;2021-10-10 03:24;LG;Pantalla LG OLED Smart TV de 48 Pulgadas 4K/Dolby Atmos OLED48C1PSA;https://www.liverpool.com.mx/tienda/pdp/Pantalla-LG-OLED-Smart-TV-de-48-Pulgadas-4K/Dolby-Atmos-OLED48C1PSA/1105003907;CE;5;https://www.liverpool.com.mx/
893;aHR0cHM6Ly93d3cubGl2ZXJwb29sLmNvbS5teC90aWVuZGEvcGRwL1BhbnRhbGxhLUxHLU9MRUQtU21hcnQtVFYtZGUtNDgtUHVsZ2FkYXMtNEsvRG9sYnktQXRtb3MtT0xFRDQ4QzFQU0EvMTEwNTAwMzkwNzk0OTQxMQ==;SEM;2021-10-10;2021-05-07;;949411;;;;LIVERPOOL;MX;2021-10-10 03:24;LG;Pantalla LG OLED Smart TV de 48 Pulgadas 4K/Dolby Atmos OLED48C1PSA;https://www.liverpool.com.mx/tienda/pdp/Pantalla-LG-OLED-Smart-TV-de-48-Pulgadas-4K/Dolby-Atmos-OLED48C1PSA/1105003907;CE;5;https://www.liverpool.com.mx/
894;aHR0cHM6Ly93d3cubGl2ZXJwb29sLmNvbS5teC90aWVuZGEvcGRwL1BhbnRhbGxhLUxHJUMyJUEwTEVEJUMyJUEwU21hcnQtVFYlQzIlQTBkZS04Mi1QdWxnYWRhcy1BSS1UaGluUS00Sy04MlVQODA1MFBTQi8xMTA3ODkwNzczMTE1ODgwNw==;SEM;2021-10-10;2021-07-22;;1158807;;;;LIVERPOOL;MX;2021-10-10 03:25;LG;Pantalla LG LED Smart TV de 82 Pulgadas AI ThinQ 4K 82UP8050PSB;https://www.liverpool.com.mx/tienda/pdp/Pantalla-LG%C2%A0LED%C2%A0Smart-TV%C2%A0de-82-Pulgadas-AI-ThinQ-4K-82UP8050PSB/1107890773;CE;5;https://www.liverpool.com.mx/
895;aHR0cHM6Ly93d3cubGl2ZXJwb29sLmNvbS5teC90aWVuZGEvcGRwL1BhbnRhbGxhLUhpc2Vuc2UtVWxlZC1TbWFydC1UVi1kZS01MC1QdWxnYWRhcy1RSEQtNTBVNkcvMTEwNDk0MzY0NzkzMjMyNQ==;SEM;2021-10-10;2021-05-02;;932325;;;;LIVERPOOL;MX;2021-10-10 03:27;HISENSE;Pantalla Hisense Uled Smart TV de 50 Pulgadas QHD 50U6G;https://www.liverpool.com.mx/tienda/pdp/Pantalla-Hisense-Uled-Smart-TV-de-50-Pulgadas-QHD-50U6G/1104943647;CE;4;https://www.liverpool.com.mx/
896;aHR0cHM6Ly93d3cubGl2ZXJwb29sLmNvbS5teC90aWVuZGEvcGRwL1BhbnRhbGxhLUhpc2Vuc2UtVWxlZC1TbWFydC1UVi1kZS01MC1QdWxnYWRhcy1RSEQtNTBVNkcvMTEwNDk0MzY0NzEyNTc1MDU=;SEM;2021-10-10;2021-09-10;;1257505;;;;LIVERPOOL;MX;2021-10-10 03:27;HISENSE;Pantalla Hisense Uled Smart TV de 50 Pulgadas QHD 50U6G;https://www.liverpool.com.mx/tienda/pdp/Pantalla-Hisense-Uled-Smart-TV-de-50-Pulgadas-QHD-50U6G/1104943647;CE;5;https://www.liverpool.com.mx/
897;aHR0cHM6Ly93d3cubGl2ZXJwb29sLmNvbS5teC90aWVuZGEvcGRwL1BhbnRhbGxhLUhpc2Vuc2UtVWxlZC1TbWFydC1UVi1kZS01MC1QdWxnYWRhcy1RSEQtNTBVNkcvMTEwNDk0MzY0NzExOTY3NjI=;SEM;2021-10-10;2021-08-09;;1196762;;;;LIVERPOOL;MX;2021-10-10 03:27;HISENSE;Pantalla Hisense Uled Smart TV de 50 Pulgadas QHD 50U6G;https://www.liverpool.com.mx/tienda/pdp/Pantalla-Hisense-Uled-Smart-TV-de-50-Pulgadas-QHD-50U6G/1104943647;CE;5;https://www.liverpool.com.mx/
898;aHR0cHM6Ly93d3cubGl2ZXJwb29sLmNvbS5teC90aWVuZGEvcGRwL1BhbnRhbGxhLUhpc2Vuc2UtVWxlZC1TbWFydC1UVi1kZS01MC1QdWxnYWRhcy1RSEQtNTBVNkcvMTEwNDk0MzY0NzEzMDc5MTM=;SEM;2021-10-10;2021-10-07;;1307913;;;;LIVERPOOL;MX;2021-10-10 03:27;HISENSE;Pantalla Hisense Uled Smart TV de 50 Pulgadas QHD 50U6G;https://www.liverpool.com.mx/tienda/pdp/Pantalla-Hisense-Uled-Smart-TV-de-50-Pulgadas-QHD-50U6G/1104943647;CE;5;https://www.liverpool.com.mx/
899;aHR0cHM6Ly93d3cubGl2ZXJwb29sLmNvbS5teC90aWVuZGEvcGRwL1BhbnRhbGxhLUhpc2Vuc2UtVWxlZC1TbWFydC1UVi1kZS01MC1QdWxnYWRhcy1RSEQtNTBVNkcvMTEwNDk0MzY0NzEyNTIxMjk=;SEM;2021-10-10;2021-09-07;;1252129;;;;LIVERPOOL;MX;2021-10-10 03:27;HISENSE;Pantalla Hisense Uled Smart TV de 50 Pulgadas QHD 50U6G;https://www.liverpool.com.mx/tienda/pdp/Pantalla-Hisense-Uled-Smart-TV-de-50-Pulgadas-QHD-50U6G/1104943647;CE;5;https://www.liverpool.com.mx/
900;aHR0cHM6Ly93d3cubGl2ZXJwb29sLmNvbS5teC90aWVuZGEvcGRwL1BhbnRhbGxhLUhpc2Vuc2UtVWxlZC1TbWFydC1UVi1kZS01MC1QdWxnYWRhcy1RSEQtNTBVNkcvMTEwNDk0MzY0NzEzMDQ5NTk=;SEM;2021-10-10;2021-10-06;;1304959;;;;LIVERPOOL;MX;2021-10-10 03:27;HISENSE;Pantalla Hisense Uled Smart TV de 50 Pulgadas QHD 50U6G;https://www.liverpool.com.mx/tienda/pdp/Pantalla-Hisense-Uled-Smart-TV-de-50-Pulgadas-QHD-50U6G/1104943647;CE;5;https://www.liverpool.com.mx/
901;aHR0cHM6Ly93d3cubGl2ZXJwb29sLmNvbS5teC90aWVuZGEvcGRwL1BhbnRhbGxhLUhpc2Vuc2UtVWxlZC1TbWFydC1UVi1kZS01MC1QdWxnYWRhcy1RSEQtNTBVNkcvMTEwNDk0MzY0NzEyMTAyNjQ=;SEM;2021-10-10;2021-08-15;;1210264;;;;LIVERPOOL;MX;2021-10-10 03:27;HISENSE;Pantalla Hisense Uled Smart TV de 50 Pulgadas QHD 50U6G;https://www.liverpool.com.mx/tienda/pdp/Pantalla-Hisense-Uled-Smart-TV-de-50-Pulgadas-QHD-50U6G/1104943647;CE;5;https://www.liverpool.com.mx/
902;aHR0cHM6Ly93d3cubGl2ZXJwb29sLmNvbS5teC90aWVuZGEvcGRwL1BhbnRhbGxhLUhpc2Vuc2UtVWxlZC1TbWFydC1UVi1kZS01MC1QdWxnYWRhcy1RSEQtNTBVNkcvMTEwNDk0MzY0NzExNDk2MDU=;SEM;2021-10-10;2021-07-17;;1149605;;;;LIVERPOOL;MX;2021-10-10 03:27;HISENSE;Pantalla Hisense Uled Smart TV de 50 Pulgadas QHD 50U6G;https://www.liverpool.com.mx/tienda/pdp/Pantalla-Hisense-Uled-Smart-TV-de-50-Pulgadas-QHD-50U6G/1104943647;CE;4;https://www.liverpool.com.mx/
903;aHR0cHM6Ly93d3cubGl2ZXJwb29sLmNvbS5teC90aWVuZGEvcGRwL1BhbnRhbGxhLUhpc2Vuc2UtVWxlZC1TbWFydC1UVi1kZS01NS1QdWxnYWRhcy1RSEQtNTVVOEctY29uLUFuZHJvaWQtVFYvMTEwNTk0MzM0OTEzMTE4NzQ=;SEM;2021-10-10;2021-10-08;;1311874;;;;LIVERPOOL;MX;2021-10-10 03:29;HISENSE;Pantalla Hisense Uled Smart TV de 55 Pulgadas QHD 55U8G con Android TV;https://www.liverpool.com.mx/tienda/pdp/Pantalla-Hisense-Uled-Smart-TV-de-55-Pulgadas-QHD-55U8G-con-Android-TV/1105943349;CE;5;https://www.liverpool.com.mx/
904;aHR0cHM6Ly93d3cubGl2ZXJwb29sLmNvbS5teC90aWVuZGEvcGRwL1BhbnRhbGxhLVNvbnktR29vZ2xlLVRWLWRlLTUwLVB1bGdhZGFzLTRLL0RvbGJ5LUF0bW9zLUtELTUwWDgwSi8xMTA0NTU4ODQxMTMxMDg3Mg==;SEM;2021-10-10;2021-10-08;;1310872;;;;LIVERPOOL;MX;2021-10-10 03:31;SONY;Pantalla Sony Google TV de 50 Pulgadas 4K/Dolby Atmos KD-50X80J;https://www.liverpool.com.mx/tienda/pdp/Pantalla-Sony-Google-TV-de-50-Pulgadas-4K/Dolby-Atmos-KD-50X80J/1104558841;CE;5;https://www.liverpool.com.mx/
905;aHR0cHM6Ly93d3cubGl2ZXJwb29sLmNvbS5teC90aWVuZGEvcGRwL1BhbnRhbGxhLUhpc2Vuc2UtUUxFRC1TbWFydC1UVi1kZS01NS1QdWxnYWRhcy1RSEQtNTVVN0ctY29uLUFuZHJvaWQtVFYvMTEwODIyNjUxNjEyODc4NzU=;SEM;2021-10-10;2021-09-27;;1287875;;;;LIVERPOOL;MX;2021-10-10 03:36;HISENSE;Pantalla Hisense QLED Smart TV de 55 Pulgadas QHD 55U7G con Android TV;https://www.liverpool.com.mx/tienda/pdp/Pantalla-Hisense-QLED-Smart-TV-de-55-Pulgadas-QHD-55U7G-con-Android-TV/1108226516;CE;5;https://www.liverpool.com.mx/
906;aHR0cHM6Ly93d3cubGl2ZXJwb29sLmNvbS5teC90aWVuZGEvcGRwL1BhbnRhbGxhLUxFRC1IaXNlbnNlLVNtYXJ0LVRWLWRlLTEwMC1QdWxnYWRhcy00Sy9VSEQtMTAwTDlHLWNvbi1BbmRyb2lkLVRWLzExMDkxNjI4NjQxMzE0MDI4;SEM;2021-10-10;2021-10-09;;1314028;;;;LIVERPOOL;MX;2021-10-10 03:38;HISENSE;Pantalla LED Hisense Smart TV de 100 Pulgadas 4K/UHD 100L9G con Android TV;https://www.liverpool.com.mx/tienda/pdp/Pantalla-LED-Hisense-Smart-TV-de-100-Pulgadas-4K/UHD-100L9G-con-Android-TV/1109162864;CE;5;https://www.liverpool.com.mx/
907;aHR0cHM6Ly93d3cubGl2ZXJwb29sLmNvbS5teC90aWVuZGEvcGRwL3BhbnRhbGxhLXNhbXN1bmctbGVkLXNtYXJ0LXR2LWRlLTQzLXB1bGdhZGFzLTRrLXVuNDNhdTgwMDBmeHp4LzExMDYwMDc3ODcxMzA3NzEz;SEM;2021-10-10;2021-10-07;;1307713;;;;LIVERPOOL;MX;2021-10-10 03:58;SAMSUNG;Pantalla Samsung LED Smart TV de 43 Pulgadas 4K UN43AU8000FXZX;https://www.liverpool.com.mx/tienda/pdp/pantalla-samsung-led-smart-tv-de-43-pulgadas-4k-un43au8000fxzx/1106007787;CE;5;https://www.liverpool.com.mx/
908;aHR0cHM6Ly93d3cubGl2ZXJwb29sLmNvbS5teC90aWVuZGEvcGRwL3BhbnRhbGxhLXNhbXN1bmctbGVkLXNtYXJ0LXR2LWRlLTQzLXB1bGdhZGFzLTRrLXVuNDNhdTgwMDBmeHp4LzExMDYwMDc3ODcxMzA3MjE0;SEM;2021-10-10;2021-10-07;;1307214;;;;LIVERPOOL;MX;2021-10-10 03:58;SAMSUNG;Pantalla Samsung LED Smart TV de 43 Pulgadas 4K UN43AU8000FXZX;https://www.liverpool.com.mx/tienda/pdp/pantalla-samsung-led-smart-tv-de-43-pulgadas-4k-un43au8000fxzx/1106007787;CE;5;https://www.liverpool.com.mx/
909;aHR0cHM6Ly93d3cubGl2ZXJwb29sLmNvbS5teC90aWVuZGEvcGRwL3BhbnRhbGxhLWxnLW9sZWQtc21hcnQtdHYtZGUtNTUtcHVsZ2FkYXMtNGsvZG9sYnktYXRtb3Mtb2xlZDU1YzFwc2EvMTEwNTAwMzg5MzEzMTI2NjA=;SEM;2021-10-10;2021-10-09;;1312660;;;;LIVERPOOL;MX;2021-10-10 03:59;LG;Pantalla LG OLED Smart TV de 55 pulgadas 4K/Dolby Atmos OLED55C1PSA;https://www.liverpool.com.mx/tienda/pdp/pantalla-lg-oled-smart-tv-de-55-pulgadas-4k/dolby-atmos-oled55c1psa/1105003893;CE;5;https://www.liverpool.com.mx/
910;aHR0cHM6Ly93d3cubGl2ZXJwb29sLmNvbS5teC90aWVuZGEvcGRwL3BhbnRhbGxhLWxnLW9sZWQtc21hcnQtdHYtZGUtNTUtcHVsZ2FkYXMtNGsvZG9sYnktYXRtb3Mtb2xlZDU1YzFwc2EvMTEwNTAwMzg5MzEzMTM3MDM=;SEM;2021-10-10;2021-10-09;;1313703;;;;LIVERPOOL;MX;2021-10-10 03:59;LG;Pantalla LG OLED Smart TV de 55 pulgadas 4K/Dolby Atmos OLED55C1PSA;https://www.liverpool.com.mx/tienda/pdp/pantalla-lg-oled-smart-tv-de-55-pulgadas-4k/dolby-atmos-oled55c1psa/1105003893;CE;5;https://www.liverpool.com.mx/
911;aHR0cHM6Ly93d3cubGl2ZXJwb29sLmNvbS5teC90aWVuZGEvcGRwL3BhbnRhbGxhLXNhbXN1bmctbGVkLXNtYXJ0LXR2LWRlLTUwLXB1bGdhZGFzLTRrLXVuNTBhdTkwMDBmeHp4LzExMDYwMDc4NzYxMzE0MzE4;SEM;2021-10-10;2021-10-09;;1314318;;;;LIVERPOOL;MX;2021-10-10 04:01;SAMSUNG;Pantalla Samsung LED Smart TV de 50 Pulgadas 4K UN50AU9000FXZX;https://www.liverpool.com.mx/tienda/pdp/pantalla-samsung-led-smart-tv-de-50-pulgadas-4k-un50au9000fxzx/1106007876;CE;5;https://www.liverpool.com.mx/
912;aHR0cHM6Ly93d3cubGl2ZXJwb29sLmNvbS5teC90aWVuZGEvcGRwL3BhbnRhbGxhLWxnLXVoZC1zbWFydC10di1kZS01MC1wdWxnYWRhcy1haS10aGlucS00ay01MHVwNzUwMHBzZi8xMTA2NjI3NTgxMTMxMzMyNw==;SEM;2021-10-10;2021-10-09;;1313327;;;;LIVERPOOL;MX;2021-10-10 04:01;LG;Pantalla LG UHD Smart TV de 50 pulgadas AI ThinQ 4K 50UP7500PSF;https://www.liverpool.com.mx/tienda/pdp/pantalla-lg-uhd-smart-tv-de-50-pulgadas-ai-thinq-4k-50up7500psf/1106627581;CE;5;https://www.liverpool.com.mx/
913;aHR0cHM6Ly93d3cubGl2ZXJwb29sLmNvbS5teC90aWVuZGEvcGRwL3BhbnRhbGxhLXNhbXN1bmctbGVkLXNtYXJ0LXR2LWRlLTY1LXB1bGdhZGFzLTRrLXVuNjVhdTgwMDBmeHp4LzExMDYwMDgwNjYxMzEzODg2;SEM;2021-10-10;2021-10-09;;1313886;;;;LIVERPOOL;MX;2021-10-10 04:05;SAMSUNG;Pantalla Samsung LED Smart TV de 65 Pulgadas 4K UN65AU8000FXZX;https://www.liverpool.com.mx/tienda/pdp/pantalla-samsung-led-smart-tv-de-65-pulgadas-4k-un65au8000fxzx/1106008066;CE;5;https://www.liverpool.com.mx/
914;aHR0cHM6Ly93d3cubGl2ZXJwb29sLmNvbS5teC90aWVuZGEvcGRwL1JlZnJpZ2VyYWRvci1MRy05LXBpZXMtYyVDMyVCQWJpY29zLUludmVydGVyLUdUMjlXREMvMTA4NTY5Mzk5NTEzMTcxMjQ=;SEM;2021-10-11;2021-10-10;;1317124;;;;LIVERPOOL;MX;2021-10-11 08:02;LG;Refrigerador LG 9 pies cúbicos Inverter GT29WDC;https://www.liverpool.com.mx/tienda/pdp/Refrigerador-LG-9-pies-c%C3%BAbicos-Inverter-GT29WDC/1085693995;CE;5;https://www.liverpool.com.mx/
915;aHR0cHM6Ly93d3cubGl2ZXJwb29sLmNvbS5teC90aWVuZGEvcGRwL1JlZnJpZ2VyYWRvci1MRy05LXBpZXMtYyVDMyVCQWJpY29zLUludmVydGVyLUdUMjlXREMvMTA4NTY5Mzk5NTEzMTQ5MzE=;SEM;2021-10-11;2021-10-09;;1314931;;;;LIVERPOOL;MX;2021-10-11 08:02;LG;Refrigerador LG 9 pies cúbicos Inverter GT29WDC;https://www.liverpool.com.mx/tienda/pdp/Refrigerador-LG-9-pies-c%C3%BAbicos-Inverter-GT29WDC/1085693995;CE;5;https://www.liverpool.com.mx/
916;aHR0cHM6Ly93d3cubGl2ZXJwb29sLmNvbS5teC90aWVuZGEvcGRwL1RhYmxldC1TYW1zdW5nLUdhbGF4eS1UYWItUzctUGx1cy0xMi40LVB1bGdhZGFzLTEyOC1HQi02LUdCLVJBTS1jb24tUy1QZW4vMTA5ODcwMTE4MTEzMTMzNDE=;SEM;2021-10-11;2021-10-09;;1313341;;;;LIVERPOOL;MX;2021-10-11 08:13;SAMSUNG;Tablet Samsung Galaxy Tab S7 Plus. 12.4 Pulgadas. 128 GB. 6 GB RAM con S Pen;https://www.liverpool.com.mx/tienda/pdp/Tablet-Samsung-Galaxy-Tab-S7-Plus-12.4-Pulgadas-128-GB-6-GB-RAM-con-S-Pen/1098701181;CE;5;https://www.liverpool.com.mx/
917;aHR0cHM6Ly93d3cubGl2ZXJwb29sLmNvbS5teC90aWVuZGEvcGRwL3BhbnRhbGxhLXNvbnktbGNkLXNtYXJ0LXR2LWRlLTMyLXB1bGdhZGFzLWZ1bGwtaGQtY29uLWxpbnV4LzEwNDc2Njk1NTAxMzE1NDMw;SEM;2021-10-11;2021-10-10;;1315430;;;;LIVERPOOL;MX;2021-10-11 08:52;SONY;Pantalla Sony LCD smart TV de 32 pulgadas FULL HD con Linux;https://www.liverpool.com.mx/tienda/pdp/pantalla-sony-lcd-smart-tv-de-32-pulgadas-full-hd-con-linux/1047669550;CE;5;https://www.liverpool.com.mx/
918;aHR0cHM6Ly93d3cubGl2ZXJwb29sLmNvbS5teC90aWVuZGEvcGRwL1BhbnRhbGxhLVNvbnktTENELXNtYXJ0LVRWLWRlLTMyLXB1bGdhZGFzLUZVTEwtSEQtY29uLUxpbnV4LzEwNDc2Njk1NTAxMzE1NDMw;SEM;2021-10-11;2021-10-10;;1315430;;;;LIVERPOOL;MX;2021-10-11 09:17;SONY;Pantalla Sony LCD smart TV de 32 pulgadas FULL HD con Linux;https://www.liverpool.com.mx/tienda/pdp/Pantalla-Sony-LCD-smart-TV-de-32-pulgadas-FULL-HD-con-Linux/1047669550;CE;5;https://www.liverpool.com.mx/
919;aHR0cHM6Ly93d3cubGl2ZXJwb29sLmNvbS5teC90aWVuZGEvcGRwL0xhdmFkb3JhLUxHLTIwLWtnLWF1dG9tJUMzJUExdGljYS1jYXJnYS1mcm9udGFsLVdNMjBXVjI2Mi8xMDUzMDg5NjAzMTMxOTE2MA==;SEM;2021-10-12;2021-10-11;;1319160;;;;LIVERPOOL;MX;2021-10-12 03:02;LG;Lavadora LG 20 kg automática carga frontal WM20WV262;https://www.liverpool.com.mx/tienda/pdp/Lavadora-LG-20-kg-autom%C3%A1tica-carga-frontal-WM20WV262/1053089603;CE;5;https://www.liverpool.com.mx/
920;aHR0cHM6Ly93d3cubGl2ZXJwb29sLmNvbS5teC90aWVuZGEvcGRwL1JlZnJpZ2VyYWRvci1MRy05LXBpZXMtYyVDMyVCQWJpY29zLUludmVydGVyLUdUMjlXREMvMTA4NTY5Mzk5NTEzMTgxMTI=;SEM;2021-10-12;2021-10-11;;1318112;;;;LIVERPOOL;MX;2021-10-12 03:07;LG;Refrigerador LG 9 pies cúbicos Inverter GT29WDC;https://www.liverpool.com.mx/tienda/pdp/Refrigerador-LG-9-pies-c%C3%BAbicos-Inverter-GT29WDC/1085693995;CE;5;https://www.liverpool.com.mx/
921;aHR0cHM6Ly93d3cubGl2ZXJwb29sLmNvbS5teC90aWVuZGEvcGRwL1NldC1kZS1UZWwlQzMlQTlmb25vcy1JbmFsJUMzJUExbWJyaWNvcy1QYW5hc29uaWMvMTAwMjYxODI3MDEzMTc4MDA=;SEM;2021-10-12;2021-10-10;;1317800;;;;LIVERPOOL;MX;2021-10-12 03:30;PANASONIC;Set de Teléfonos Inalámbricos Panasonic;https://www.liverpool.com.mx/tienda/pdp/Set-de-Tel%C3%A9fonos-Inal%C3%A1mbricos-Panasonic/1002618270;CE;5;https://www.liverpool.com.mx/
922;aHR0cHM6Ly93d3cubGl2ZXJwb29sLmNvbS5teC90aWVuZGEvcGRwL3BhbnRhbGxhLXNhbXN1bWctbGVkLXNtYXJ0LXR2LWRlLTUwLXB1bGdhZGFzLTRrLXVuNTBhdTkwMDBmeHp4LzExMDYwMDc4NzYxMzE0MzE4;SEM;2021-10-12;2021-10-09;;1314318;;;;LIVERPOOL;MX;2021-10-12 03:49;SAMSUNG;Pantalla Samsumg LED Smart TV de 50 Pulgadas 4K UN50AU9000FXZX;https://www.liverpool.com.mx/tienda/pdp/pantalla-samsumg-led-smart-tv-de-50-pulgadas-4k-un50au9000fxzx/1106007876;CE;5;https://www.liverpool.com.mx/
923;aHR0cHM6Ly93d3cubGl2ZXJwb29sLmNvbS5teC90aWVuZGEvcGRwL3BhbnRhbGxhLXNhbXN1bWctbGVkLXNtYXJ0LXR2LWRlLTUwLXB1bGdhZGFzLTRrLXVuNTBhdTkwMDBmeHp4LzExMDYwMDc4NzYxMzE2MjA1;SEM;2021-10-12;2021-10-10;;1316205;;;;LIVERPOOL;MX;2021-10-12 03:49;SAMSUNG;Pantalla Samsumg LED Smart TV de 50 Pulgadas 4K UN50AU9000FXZX;https://www.liverpool.com.mx/tienda/pdp/pantalla-samsumg-led-smart-tv-de-50-pulgadas-4k-un50au9000fxzx/1106007876;CE;5;https://www.liverpool.com.mx/
924;aHR0cHM6Ly93d3cubGl2ZXJwb29sLmNvbS5teC90aWVuZGEvcGRwL3BhbnRhbGxhLXNhbXN1bmctbGVkLXNtYXJ0LXR2LWRlLTQzLXB1bGdhZGFzLTRrLXVuNDNhdTgwMDBmeHp4LzExMDYwMDc3ODcxMzE3NDIx;SEM;2021-10-12;2021-10-10;;1317421;;;;LIVERPOOL;MX;2021-10-12 03:53;SAMSUNG;Pantalla Samsung LED Smart TV de 43 Pulgadas 4K UN43AU8000FXZX;https://www.liverpool.com.mx/tienda/pdp/pantalla-samsung-led-smart-tv-de-43-pulgadas-4k-un43au8000fxzx/1106007787;CE;5;https://www.liverpool.com.mx/
925;aHR0cHM6Ly93d3cubGl2ZXJwb29sLmNvbS5teC90aWVuZGEvcGRwL3BhbnRhbGxhLXNhbXN1bmctbGVkLXNtYXJ0LXR2LWRlLTUwLXB1bGdhZGFzLTRrLXVuNTBhdTgwMDBmeHp4LzExMDYwMDc3OTUxMzE3NjY2;SEM;2021-10-12;2021-10-10;;1317666;;;;LIVERPOOL;MX;2021-10-12 03:54;SAMSUNG;Pantalla Samsung LED Smart TV de 50 Pulgadas 4K UN50AU8000FXZX;https://www.liverpool.com.mx/tienda/pdp/pantalla-samsung-led-smart-tv-de-50-pulgadas-4k-un50au8000fxzx/1106007795;CE;5;https://www.liverpool.com.mx/
926;aHR0cHM6Ly93d3cubGl2ZXJwb29sLmNvbS5teC90aWVuZGEvcGRwL3BhbnRhbGxhLWxnLW9sZWQtc21hcnQtdHYtZGUtNTUtcHVsZ2FkYXMtNGsvZG9sYnktYXRtb3Mtb2xlZDU1YzFwc2EvMTEwNTAwMzg5MzEzMTc0Nzk=;SEM;2021-10-12;2021-10-10;;1317479;;;;LIVERPOOL;MX;2021-10-12 03:55;LG;Pantalla LG OLED Smart TV de 55 pulgadas 4K/Dolby Atmos OLED55C1PSA;https://www.liverpool.com.mx/tienda/pdp/pantalla-lg-oled-smart-tv-de-55-pulgadas-4k/dolby-atmos-oled55c1psa/1105003893;CE;5;https://www.liverpool.com.mx/
927;aHR0cHM6Ly93d3cubGl2ZXJwb29sLmNvbS5teC90aWVuZGEvcGRwL3BhbnRhbGxhLWxnLW9sZWQtc21hcnQtdHYtZGUtNTUtcHVsZ2FkYXMtNGsvZG9sYnktYXRtb3Mtb2xlZDU1YzFwc2EvMTEwNTAwMzg5MzEzMDg4NDQ=;SEM;2021-10-12;2021-10-07;;1308844;;;;LIVERPOOL;MX;2021-10-12 03:55;LG;Pantalla LG OLED Smart TV de 55 pulgadas 4K/Dolby Atmos OLED55C1PSA;https://www.liverpool.com.mx/tienda/pdp/pantalla-lg-oled-smart-tv-de-55-pulgadas-4k/dolby-atmos-oled55c1psa/1105003893;CE;5;https://www.liverpool.com.mx/
928;aHR0cHM6Ly93d3cubGl2ZXJwb29sLmNvbS5teC90aWVuZGEvcGRwL3BhbnRhbGxhLXNhbXN1bmctbGVkLXNtYXJ0LXR2LWRlLTU1LXB1bGdhZGFzLTRrLXVuNTVhdTgwMDBmeHp4LzExMDYwMDg0NTcxMzE5NDc1;SEM;2021-10-12;2021-10-11;;1319475;;;;LIVERPOOL;MX;2021-10-12 03:56;SAMSUNG;Pantalla Samsung LED Smart TV de 55 Pulgadas 4K UN55AU8000FXZX;https://www.liverpool.com.mx/tienda/pdp/pantalla-samsung-led-smart-tv-de-55-pulgadas-4k-un55au8000fxzx/1106008457;CE;5;https://www.liverpool.com.mx/
929;aHR0cHM6Ly93d3cubGl2ZXJwb29sLmNvbS5teC90aWVuZGEvcGRwL3BhbnRhbGxhLXNhbXN1bmctbGVkLXNtYXJ0LXR2LWRlLTU1LXB1bGdhZGFzLTRrLXVuNTVhdTgwMDBmeHp4LzExMDYwMDg0NTcxMzE4NDg3;SEM;2021-10-12;2021-10-11;;1318487;;;;LIVERPOOL;MX;2021-10-12 03:56;SAMSUNG;Pantalla Samsung LED Smart TV de 55 Pulgadas 4K UN55AU8000FXZX;https://www.liverpool.com.mx/tienda/pdp/pantalla-samsung-led-smart-tv-de-55-pulgadas-4k-un55au8000fxzx/1106008457;CE;5;https://www.liverpool.com.mx/
930;aHR0cHM6Ly93d3cubGl2ZXJwb29sLmNvbS5teC90aWVuZGEvcGRwL3BhbnRhbGxhLXNhbXN1bmctbGVkLXNtYXJ0LXR2LWRlLTY1LXB1bGdhZGFzLTRrLXVuNjVhdTkwMDBmeHp4LzExMDYwMDgwMzExMzE5ODU2;SEM;2021-10-12;2021-10-11;;1319856;;;;LIVERPOOL;MX;2021-10-12 03:59;SAMSUNG;Pantalla Samsung LED Smart TV de 65 Pulgadas 4K UN65AU9000FXZX;https://www.liverpool.com.mx/tienda/pdp/pantalla-samsung-led-smart-tv-de-65-pulgadas-4k-un65au9000fxzx/1106008031;CE;5;https://www.liverpool.com.mx/
931;aHR0cHM6Ly93d3cubGl2ZXJwb29sLmNvbS5teC90aWVuZGEvcGRwL3BhbnRhbGxhLWxnLXVoZC1zbWFydC10di1kZS03MC1wdWxnYWRhcy1haS10aGlucS00ay03MHVwNzc1MHBzYi8xMTA2NjI3MTgxMTMxNjE5Mg==;SEM;2021-10-12;2021-10-10;;1316192;;;;LIVERPOOL;MX;2021-10-12 04:01;LG;Pantalla LG UHD Smart TV de 70 pulgadas AI ThinQ 4K 70UP7750PSB;https://www.liverpool.com.mx/tienda/pdp/pantalla-lg-uhd-smart-tv-de-70-pulgadas-ai-thinq-4k-70up7750psb/1106627181;CE;4;https://www.liverpool.com.mx/
932;aHR0cHM6Ly93d3cubGl2ZXJwb29sLmNvbS5teC90aWVuZGEvcGRwL3BhbnRhbGxhLXNhbXN1bmctY3J5c3RhbC11aGQtc21hcnQtdHYtZGUtNjUtcHVsZ2FkYXMtNGstdW42NWF1NzAwMGZ4engvMTEwOTI4MzQ1OTEzMTk5Mjg=;SEM;2021-10-12;2021-10-11;;1319928;;;;LIVERPOOL;MX;2021-10-12 04:04;SAMSUNG;Pantalla Samsung Crystal UHD Smart TV de 65 Pulgadas 4K UN65AU7000FXZX;https://www.liverpool.com.mx/tienda/pdp/pantalla-samsung-crystal-uhd-smart-tv-de-65-pulgadas-4k-un65au7000fxzx/1109283459;CE;5;https://www.liverpool.com.mx/
933;aHR0cHM6Ly93d3cubGl2ZXJwb29sLmNvbS5teC90aWVuZGEvcGRwL1BhbnRhbGxhLVNhbXN1bmctTEVELVNtYXJ0LVRWLWRlLTUwLVB1bGdhZGFzLTRLLVVONTBBVTgwMDBGWFpYLzExMDYwMDc3OTUxMzE3NjY2;SEM;2021-10-12;2021-10-10;;1317666;;;;LIVERPOOL;MX;2021-10-12 04:22;SAMSUNG;Pantalla Samsung LED Smart TV de 50 Pulgadas 4K UN50AU8000FXZX;https://www.liverpool.com.mx/tienda/pdp/Pantalla-Samsung-LED-Smart-TV-de-50-Pulgadas-4K-UN50AU8000FXZX/1106007795;CE;5;https://www.liverpool.com.mx/
934;aHR0cHM6Ly93d3cubGl2ZXJwb29sLmNvbS5teC90aWVuZGEvcGRwL1BhbnRhbGxhLVNhbXN1bmctTEVELVNtYXJ0LVRWLWRlLTU1LVB1bGdhZGFzLTRLLVVONTVBVTgwMDBGWFpYLzExMDYwMDg0NTcxMzE5NDc1;SEM;2021-10-12;2021-10-11;;1319475;;;;LIVERPOOL;MX;2021-10-12 04:23;SAMSUNG;Pantalla Samsung LED Smart TV de 55 Pulgadas 4K UN55AU8000FXZX;https://www.liverpool.com.mx/tienda/pdp/Pantalla-Samsung-LED-Smart-TV-de-55-Pulgadas-4K-UN55AU8000FXZX/1106008457;CE;5;https://www.liverpool.com.mx/
935;aHR0cHM6Ly93d3cubGl2ZXJwb29sLmNvbS5teC90aWVuZGEvcGRwL1BhbnRhbGxhLVNhbXN1bmctTEVELVNtYXJ0LVRWLWRlLTU1LVB1bGdhZGFzLTRLLVVONTVBVTgwMDBGWFpYLzExMDYwMDg0NTcxMzE4NDg3;SEM;2021-10-12;2021-10-11;;1318487;;;;LIVERPOOL;MX;2021-10-12 04:23;SAMSUNG;Pantalla Samsung LED Smart TV de 55 Pulgadas 4K UN55AU8000FXZX;https://www.liverpool.com.mx/tienda/pdp/Pantalla-Samsung-LED-Smart-TV-de-55-Pulgadas-4K-UN55AU8000FXZX/1106008457;CE;5;https://www.liverpool.com.mx/
936;aHR0cHM6Ly93d3cubGl2ZXJwb29sLmNvbS5teC90aWVuZGEvcGRwL1BhbnRhbGxhLUxHLU5hbm9DZWxsLVNtYXJ0LVRWLWRlLTUwLVB1bGdhZGFzLTRLL1VIRC01ME5BTk83NVNQQS8xMTEwMDcxMTk4MTMwODk1MQ==;SEM;2021-10-12;2021-10-07;;1308951;;;;LIVERPOOL;MX;2021-10-12 04:26;LG;Pantalla LG NanoCell Smart TV de 50 Pulgadas 4K/UHD 50NANO75SPA;https://www.liverpool.com.mx/tienda/pdp/Pantalla-LG-NanoCell-Smart-TV-de-50-Pulgadas-4K/UHD-50NANO75SPA/1110071198;CE;5;https://www.liverpool.com.mx/
937;aHR0cHM6Ly93d3cubGl2ZXJwb29sLmNvbS5teC90aWVuZGEvcGRwL1BhbnRhbGxhLUxHLU5hbm9DZWxsLVNtYXJ0LVRWLWRlLTUwLVB1bGdhZGFzLTRLL1VIRC01ME5BTk83NVNQQS8xMTEwMDcxMTk4MTMxMzM1Mw==;SEM;2021-10-12;2021-10-09;;1313353;;;;LIVERPOOL;MX;2021-10-12 04:26;LG;Pantalla LG NanoCell Smart TV de 50 Pulgadas 4K/UHD 50NANO75SPA;https://www.liverpool.com.mx/tienda/pdp/Pantalla-LG-NanoCell-Smart-TV-de-50-Pulgadas-4K/UHD-50NANO75SPA/1110071198;CE;5;https://www.liverpool.com.mx/
938;aHR0cHM6Ly93d3cubGl2ZXJwb29sLmNvbS5teC90aWVuZGEvcGRwL1BhbnRhbGxhLUxHLU5hbm9DZWxsLVNtYXJ0LVRWLWRlLTUwLVB1bGdhZGFzLTRLL1VIRC01ME5BTk83NVNQQS8xMTEwMDcxMTk4MTMxOTg1OQ==;SEM;2021-10-12;2021-10-11;;1319859;;;;LIVERPOOL;MX;2021-10-12 04:26;LG;Pantalla LG NanoCell Smart TV de 50 Pulgadas 4K/UHD 50NANO75SPA;https://www.liverpool.com.mx/tienda/pdp/Pantalla-LG-NanoCell-Smart-TV-de-50-Pulgadas-4K/UHD-50NANO75SPA/1110071198;CE;5;https://www.liverpool.com.mx/
939;aHR0cHM6Ly93d3cubGl2ZXJwb29sLmNvbS5teC90aWVuZGEvcGRwL1BhbnRhbGxhLUhpc2Vuc2UtTEVELVNtYXJ0LVRWLWRlLTYwLXB1bGdhZGFzLTRLL1VsdHJhLUhELU1vZGVsby02MGE2Zy8xMTA0NDk3Mzg4MTMwOTkyNA==;SEM;2021-10-12;2021-10-08;;1309924;;;;LIVERPOOL;MX;2021-10-12 04:28;HISENSE;Pantalla Hisense LED Smart TV de 60 pulgadas 4K/Ultra HD Modelo 60a6g;https://www.liverpool.com.mx/tienda/pdp/Pantalla-Hisense-LED-Smart-TV-de-60-pulgadas-4K/Ultra-HD-Modelo-60a6g/1104497388;CE;5;https://www.liverpool.com.mx/
940;aHR0cHM6Ly93d3cubGl2ZXJwb29sLmNvbS5teC90aWVuZGEvcGRwL1BhbnRhbGxhLUhpc2Vuc2UtTEVELVNtYXJ0LVRWLWRlLTQwLVB1bGdhZGFzLUZ1bGwtSEQtNDBINUcvMTExMDAzMjcwMjEzMTg3MDE=;SEM;2021-10-12;2021-10-11;;1318701;;;;LIVERPOOL;MX;2021-10-12 04:29;HISENSE;Pantalla Hisense LED Smart TV de 40 Pulgadas Full HD 40H5G;https://www.liverpool.com.mx/tienda/pdp/Pantalla-Hisense-LED-Smart-TV-de-40-Pulgadas-Full-HD-40H5G/1110032702;CE;3;https://www.liverpool.com.mx/
941;aHR0cHM6Ly93d3cubGl2ZXJwb29sLmNvbS5teC90aWVuZGEvcGRwL1BhbnRhbGxhLUxHJUMyJUEwTEVEJUMyJUEwU21hcnQtVFYlQzIlQTBkZS01MC1QdWxnYWRhcy1BSS1UaGluUS00Sy01MFVQODA1MFBTQi8xMTA1MDA0MjUzMTMxNzk1MA==;SEM;2021-10-12;2021-10-11;;1317950;;;;LIVERPOOL;MX;2021-10-12 04:30;LG;Pantalla LG LED Smart TV de 50 Pulgadas AI ThinQ 4K 50UP8050PSB;https://www.liverpool.com.mx/tienda/pdp/Pantalla-LG%C2%A0LED%C2%A0Smart-TV%C2%A0de-50-Pulgadas-AI-ThinQ-4K-50UP8050PSB/1105004253;CE;5;https://www.liverpool.com.mx/
942;aHR0cHM6Ly93d3cubGl2ZXJwb29sLmNvbS5teC90aWVuZGEvcGRwL1BhbnRhbGxhLUxHJUMyJUEwVUhELVNtYXJ0JUMyJUEwVFYtZGUtNzAtcHVsZ2FkYXMtQUktVGhpblEtNEstNzBVUDc3NTBQU0IvMTEwNjYyNzE4MTEzMTYxOTI=;SEM;2021-10-12;2021-10-10;;1316192;;;;LIVERPOOL;MX;2021-10-12 04:31;LG;Pantalla LG UHD Smart TV de 70 pulgadas AI ThinQ 4K 70UP7750PSB;https://www.liverpool.com.mx/tienda/pdp/Pantalla-LG%C2%A0UHD-Smart%C2%A0TV-de-70-pulgadas-AI-ThinQ-4K-70UP7750PSB/1106627181;CE;4;https://www.liverpool.com.mx/
943;aHR0cHM6Ly93d3cubGl2ZXJwb29sLmNvbS5teC90aWVuZGEvcGRwL1BhbnRhbGxhLUxHLU9MRUQtU21hcnQtVFYtZGUtNDgtUHVsZ2FkYXMtNEsvRG9sYnktQXRtb3MtT0xFRDQ4QzFQU0EvMTEwNTAwMzkwNzEzMDk4MDY=;SEM;2021-10-12;2021-10-08;;1309806;;;;LIVERPOOL;MX;2021-10-12 04:32;LG;Pantalla LG OLED Smart TV de 48 Pulgadas 4K/Dolby Atmos OLED48C1PSA;https://www.liverpool.com.mx/tienda/pdp/Pantalla-LG-OLED-Smart-TV-de-48-Pulgadas-4K/Dolby-Atmos-OLED48C1PSA/1105003907;CE;5;https://www.liverpool.com.mx/
944;aHR0cHM6Ly93d3cubGl2ZXJwb29sLmNvbS5teC90aWVuZGEvcGRwL1BhbnRhbGxhLVNhbXN1bmctQ3J5c3RhbC1VSEQtU21hcnQtVFYtZGUtNjUtUHVsZ2FkYXMtNEstVU42NUFVNzAwMEZYWlgvMTEwOTI4MzQ1OTEzMTk5Mjg=;SEM;2021-10-12;2021-10-11;;1319928;;;;LIVERPOOL;MX;2021-10-12 04:34;SAMSUNG;Pantalla Samsung Crystal UHD Smart TV de 65 Pulgadas 4K UN65AU7000FXZX;https://www.liverpool.com.mx/tienda/pdp/Pantalla-Samsung-Crystal-UHD-Smart-TV-de-65-Pulgadas-4K-UN65AU7000FXZX/1109283459;CE;5;https://www.liverpool.com.mx/
945;aHR0cHM6Ly93d3cubGl2ZXJwb29sLmNvbS5teC90aWVuZGEvcGRwL1BhbnRhbGxhLUhpc2Vuc2UtVWxlZC1TbWFydC1UVi1ERS02NS1QdWxnYWRhcy02NVU4Ry1jb24tQW5kcm9pZC1UVi8xMTA1OTQyMDQxMTMxODU4OQ==;SEM;2021-10-12;2021-10-11;;1318589;;;;LIVERPOOL;MX;2021-10-12 04:41;HISENSE;Pantalla Hisense Uled Smart TV DE 65 Pulgadas 65U8G con Android TV;https://www.liverpool.com.mx/tienda/pdp/Pantalla-Hisense-Uled-Smart-TV-DE-65-Pulgadas-65U8G-con-Android-TV/1105942041;CE;5;https://www.liverpool.com.mx/
946;aHR0cHM6Ly93d3cubGl2ZXJwb29sLmNvbS5teC90aWVuZGEvcGRwL0ZyaWdvYmFyLUhpc2Vuc2UtNC4yLXBpZXMtYyVDMyVCQWJpY29zLzEwOTc5MjA5MzgxMzEzMjgz;SEM;2021-10-11;2021-10-09;;1313283;;;;LIVERPOOL;MX;2021-10-11 08:10;HISENSE;Frigobar Hisense 4.2 pies cúbicos;https://www.liverpool.com.mx/tienda/pdp/Frigobar-Hisense-4.2-pies-c%C3%BAbicos/1097920938;CE;5;https://www.liverpool.com.mx/
947;aHR0cHM6Ly93d3cubGl2ZXJwb29sLmNvbS5teC90aWVuZGEvcGRwL3BhbnRhbGxhLWhpc2Vuc2UtbGVkLXNtYXJ0LXR2LWRlLTU1LXB1bGdhZGFzLTRrL3VsdHJhLWhkLW1vZGVsby01NWE2Zy8xMTA0NDk3MzcwMTMxNzQ1OQ==;SEM;2021-10-11;2021-10-10;;1317459;;;;LIVERPOOL;MX;2021-10-11 08:45;HISENSE;Pantalla Hisense LED Smart TV de 55 pulgadas 4K/Ultra HD Modelo 55A6G;https://www.liverpool.com.mx/tienda/pdp/pantalla-hisense-led-smart-tv-de-55-pulgadas-4k/ultra-hd-modelo-55a6g/1104497370;CE;4;https://www.liverpool.com.mx/
948;aHR0cHM6Ly93d3cubGl2ZXJwb29sLmNvbS5teC90aWVuZGEvcGRwL3BhbnRhbGxhLXNhbXN1bmctbGVkLXNtYXJ0LXR2LWRlLTUwLXB1bGdhZGFzLTRrLXVuNTBhdTkwMDBmeHp4LzExMDYwMDc4NzYxMzE2MjA1;SEM;2021-10-11;2021-10-10;;1316205;;;;LIVERPOOL;MX;2021-10-11 08:47;SAMSUNG;Pantalla Samsung LED Smart TV de 50 Pulgadas 4K UN50AU9000FXZX;https://www.liverpool.com.mx/tienda/pdp/pantalla-samsung-led-smart-tv-de-50-pulgadas-4k-un50au9000fxzx/1106007876;CE;5;https://www.liverpool.com.mx/
949;aHR0cHM6Ly93d3cubGl2ZXJwb29sLmNvbS5teC90aWVuZGEvcGRwL3BhbnRhbGxhLXNhbXN1bmctY3J5c3RhbC11aGQtc21hcnQtdHYtZGUtNjUtcHVsZ2FkYXMtNGstdW42NWF1NzAwMGZ4engvMTEwOTI4MzQ1OTEzMTU3Nzk=;SEM;2021-10-11;2021-10-10;;1315779;;;;LIVERPOOL;MX;2021-10-11 08:52;SAMSUNG;Pantalla Samsung Crystal UHD Smart TV de 65 Pulgadas 4K UN65AU7000FXZX;https://www.liverpool.com.mx/tienda/pdp/pantalla-samsung-crystal-uhd-smart-tv-de-65-pulgadas-4k-un65au7000fxzx/1109283459;CE;5;https://www.liverpool.com.mx/
950;aHR0cHM6Ly93d3cubGl2ZXJwb29sLmNvbS5teC90aWVuZGEvcGRwL1BhbnRhbGxhLUhpc2Vuc2UtTEVELVNtYXJ0LVRWLWRlLTU1LXB1bGdhZGFzLTRLL1VsdHJhLUhELU1vZGVsby01NUE2Ry8xMTA0NDk3MzcwMTMxNzQ1OQ==;SEM;2021-10-11;2021-10-10;;1317459;;;;LIVERPOOL;MX;2021-10-11 09:11;HISENSE;Pantalla Hisense LED Smart TV de 55 pulgadas 4K/Ultra HD Modelo 55A6G;https://www.liverpool.com.mx/tienda/pdp/Pantalla-Hisense-LED-Smart-TV-de-55-pulgadas-4K/Ultra-HD-Modelo-55A6G/1104497370;CE;4;https://www.liverpool.com.mx/
951;aHR0cHM6Ly93d3cubGl2ZXJwb29sLmNvbS5teC90aWVuZGEvcGRwL1BhbnRhbGxhLVNhbXN1bmctTEVELVNtYXJ0LVRWLWRlLTUwLVB1bGdhZGFzLTRLLVVONTBBVTkwMDBGWFpYLzExMDYwMDc4NzYxMzE2MjA1;SEM;2021-10-11;2021-10-10;;1316205;;;;LIVERPOOL;MX;2021-10-11 09:14;SAMSUNG;Pantalla Samsung LED Smart TV de 50 Pulgadas 4K UN50AU9000FXZX;https://www.liverpool.com.mx/tienda/pdp/Pantalla-Samsung-LED-Smart-TV-de-50-Pulgadas-4K-UN50AU9000FXZX/1106007876;CE;5;https://www.liverpool.com.mx/
952;aHR0cHM6Ly93d3cubGl2ZXJwb29sLmNvbS5teC90aWVuZGEvcGRwL1BhbnRhbGxhLUxHJUMyJUEwVUhEJUMyJUEwU21hcnQtVFYlQzIlQTBkZS01MC1wdWxnYWRhcy1BSS1UaGluUS00Sy01MFVQNzUwMFBTRi8xMTA2NjI3NTgxMTMxMTc2OQ==;SEM;2021-10-11;2021-10-08;;1311769;;;;LIVERPOOL;MX;2021-10-11 09:14;LG;Pantalla LG UHD Smart TV de 50 pulgadas AI ThinQ 4K 50UP7500PSF;https://www.liverpool.com.mx/tienda/pdp/Pantalla-LG%C2%A0UHD%C2%A0Smart-TV%C2%A0de-50-pulgadas-AI-ThinQ-4K-50UP7500PSF/1106627581;CE;5;https://www.liverpool.com.mx/
953;aHR0cHM6Ly93d3cubGl2ZXJwb29sLmNvbS5teC90aWVuZGEvcGRwL1BhbnRhbGxhLUxHJUMyJUEwVUhEJUMyJUEwU21hcnQtVFYlQzIlQTBkZS01MC1wdWxnYWRhcy1BSS1UaGluUS00Sy01MFVQNzUwMFBTRi8xMTA2NjI3NTgxMTMxMzMyNw==;SEM;2021-10-11;2021-10-09;;1313327;;;;LIVERPOOL;MX;2021-10-11 09:14;LG;Pantalla LG UHD Smart TV de 50 pulgadas AI ThinQ 4K 50UP7500PSF;https://www.liverpool.com.mx/tienda/pdp/Pantalla-LG%C2%A0UHD%C2%A0Smart-TV%C2%A0de-50-pulgadas-AI-ThinQ-4K-50UP7500PSF/1106627581;CE;5;https://www.liverpool.com.mx/
954;aHR0cHM6Ly93d3cubGl2ZXJwb29sLmNvbS5teC90aWVuZGEvcGRwL1BhbnRhbGxhLVNhbXN1bmctQ3J5c3RhbC1VSEQtU21hcnQtVFYtZGUtNjUtUHVsZ2FkYXMtNEstVU42NUFVNzAwMEZYWlgvMTEwOTI4MzQ1OTEzMTU3Nzk=;SEM;2021-10-11;2021-10-10;;1315779;;;;LIVERPOOL;MX;2021-10-11 09:22;SAMSUNG;Pantalla Samsung Crystal UHD Smart TV de 65 Pulgadas 4K UN65AU7000FXZX;https://www.liverpool.com.mx/tienda/pdp/Pantalla-Samsung-Crystal-UHD-Smart-TV-de-65-Pulgadas-4K-UN65AU7000FXZX/1109283459;CE;5;https://www.liverpool.com.mx/
955;aHR0cHM6Ly93d3cubGl2ZXJwb29sLmNvbS5teC90aWVuZGEvcGRwL1BhbnRhbGxhLVNhbXN1bmctTEVELVNtYXJ0LVRWLWRlLTY1LVB1bGdhZGFzLTRLLVVONjVBVTgwMDBGWFpYLzExMDYwMDgwNjYxMzEzODg2;SEM;2021-10-11;2021-10-09;;1313886;;;;LIVERPOOL;MX;2021-10-11 09:23;SAMSUNG;Pantalla Samsung LED Smart TV de 65 Pulgadas 4K UN65AU8000FXZX;https://www.liverpool.com.mx/tienda/pdp/Pantalla-Samsung-LED-Smart-TV-de-65-Pulgadas-4K-UN65AU8000FXZX/1106008066;CE;5;https://www.liverpool.com.mx/
956;aHR0cHM6Ly93d3cubGl2ZXJwb29sLmNvbS5teC90aWVuZGEvcGRwL1BhbnRhbGxhLUxHLU9MRUQtU21hcnQtVFYtZGUtNzctUHVsZ2FkYXMtRG9sYnktQXRtb3MvSERSLURvbGJ5LVZpc2klQzMlQjNuLU9MRUQ3N0MxUFNBLzExMDYyNjY2ODUxMTU4ODA4;SEM;2021-10-11;2021-07-22;;1158808;;;;LIVERPOOL;MX;2021-10-11 09:37;LG;Pantalla LG OLED Smart TV de 77 Pulgadas Dolby Atmos/HDR Dolby Visión OLED77C1PSA;https://www.liverpool.com.mx/tienda/pdp/Pantalla-LG-OLED-Smart-TV-de-77-Pulgadas-Dolby-Atmos/HDR-Dolby-Visi%C3%B3n-OLED77C1PSA/1106266685;CE;5;https://www.liverpool.com.mx/
957;aHR0cHM6Ly93d3cubGl2ZXJwb29sLmNvbS5teC90aWVuZGEvcGRwL1RhYmxldC1TYW1zdW5nLUdhbGF4eS1UYWItUzctUGx1cy0xMi40LVB1bGdhZGFzLTEyOC1HQi02LUdCLVJBTS1jb24tUy1QZW4vMTA5ODcwMTE4MTEzMDk4MTA=;SEM;2021-10-13;2021-10-08;;1309810;;;;LIVERPOOL;MX;2021-10-13 02:27;SAMSUNG;Tablet Samsung Galaxy Tab S7 Plus. 12.4 Pulgadas. 128 GB. 6 GB RAM con S Pen;https://www.liverpool.com.mx/tienda/pdp/Tablet-Samsung-Galaxy-Tab-S7-Plus-12.4-Pulgadas-128-GB-6-GB-RAM-con-S-Pen/1098701181;CE;5;https://www.liverpool.com.mx/
958;aHR0cHM6Ly93d3cubGl2ZXJwb29sLmNvbS5teC90aWVuZGEvcGRwL0xhdmFkb3JhLUxHLTIwLWtnLWF1dG9tJUMzJUExdGljYS1jYXJnYS1mcm9udGFsLVdNMjBXVjI2Mi8xMDUzMDg5NjAzMTMyMjA3OQ==;SEM;2021-10-13;2021-10-12;;1322079;;;;LIVERPOOL;MX;2021-10-13 02:31;LG;Lavadora LG 20 kg automática carga frontal WM20WV262;https://www.liverpool.com.mx/tienda/pdp/Lavadora-LG-20-kg-autom%C3%A1tica-carga-frontal-WM20WV262/1053089603;CE;5;https://www.liverpool.com.mx/
959;aHR0cHM6Ly93d3cubGl2ZXJwb29sLmNvbS5teC90aWVuZGEvcGRwL3BhbnRhbGxhLXNhbXN1bmctcWxlZC1zbWFydC10di1kZS02NS1wdWxnYWRhcy00ay1tb2RlbG8tcW42NXE4MGFhZnh6eC8xMTA1MTQzMDA4MTMxMDg3NQ==;SEM;2021-10-13;2021-10-08;;1310875;;;;LIVERPOOL;MX;2021-10-13 02:37;SAMSUNG;Pantalla Samsung QLED Smart TV de 65 Pulgadas 4K Modelo QN65Q80AAFXZX;https://www.liverpool.com.mx/tienda/pdp/pantalla-samsung-qled-smart-tv-de-65-pulgadas-4k-modelo-qn65q80aafxzx/1105143008;CE;5;https://www.liverpool.com.mx/
960;aHR0cHM6Ly93d3cubGl2ZXJwb29sLmNvbS5teC90aWVuZGEvcGRwL1BhbnRhbGxhLUxHLU9MRUQtU21hcnQtVFYtZGUtNTUtcHVsZ2FkYXMtNEsvRG9sYnktQXRtb3MtT0xFRDU1QzFQU0EvMTEwNTAwMzg5MzEzMTc0Nzk=;SEM;2021-10-13;2021-10-10;;1317479;;;;LIVERPOOL;MX;2021-10-13 02:56;LG;Pantalla LG OLED Smart TV de 55 pulgadas 4K/Dolby Atmos OLED55C1PSA;https://www.liverpool.com.mx/tienda/pdp/Pantalla-LG-OLED-Smart-TV-de-55-pulgadas-4K/Dolby-Atmos-OLED55C1PSA/1105003893;CE;5;https://www.liverpool.com.mx/
961;aHR0cHM6Ly93d3cubGl2ZXJwb29sLmNvbS5teC90aWVuZGEvcGRwL1BhbnRhbGxhLUxHLU9MRUQtU21hcnQtVFYtZGUtNTUtcHVsZ2FkYXMtNEsvRG9sYnktQXRtb3MtT0xFRDU1QzFQU0EvMTEwNTAwMzg5MzEzMTEzNDg=;SEM;2021-10-13;2021-10-08;;1311348;;;;LIVERPOOL;MX;2021-10-13 02:56;LG;Pantalla LG OLED Smart TV de 55 pulgadas 4K/Dolby Atmos OLED55C1PSA;https://www.liverpool.com.mx/tienda/pdp/Pantalla-LG-OLED-Smart-TV-de-55-pulgadas-4K/Dolby-Atmos-OLED55C1PSA/1105003893;CE;5;https://www.liverpool.com.mx/
962;aHR0cHM6Ly93d3cubGl2ZXJwb29sLmNvbS5teC90aWVuZGEvcGRwL1BhbnRhbGxhLUxHLU9MRUQtU21hcnQtVFYtZGUtNTUtcHVsZ2FkYXMtNEsvRG9sYnktQXRtb3MtT0xFRDU1QzFQU0EvMTEwNTAwMzg5MzEzMTE2MzU=;SEM;2021-10-13;2021-10-08;;1311635;;;;LIVERPOOL;MX;2021-10-13 02:56;LG;Pantalla LG OLED Smart TV de 55 pulgadas 4K/Dolby Atmos OLED55C1PSA;https://www.liverpool.com.mx/tienda/pdp/Pantalla-LG-OLED-Smart-TV-de-55-pulgadas-4K/Dolby-Atmos-OLED55C1PSA/1105003893;CE;5;https://www.liverpool.com.mx/
963;aHR0cHM6Ly93d3cubGl2ZXJwb29sLmNvbS5teC90aWVuZGEvcGRwL1BhbnRhbGxhLUxHLU9MRUQtU21hcnQtVFYtZGUtNTUtcHVsZ2FkYXMtNEsvRG9sYnktQXRtb3MtT0xFRDU1QzFQU0EvMTEwNTAwMzg5MzEzMTI2NjA=;SEM;2021-10-13;2021-10-09;;1312660;;;;LIVERPOOL;MX;2021-10-13 02:56;LG;Pantalla LG OLED Smart TV de 55 pulgadas 4K/Dolby Atmos OLED55C1PSA;https://www.liverpool.com.mx/tienda/pdp/Pantalla-LG-OLED-Smart-TV-de-55-pulgadas-4K/Dolby-Atmos-OLED55C1PSA/1105003893;CE;5;https://www.liverpool.com.mx/
964;aHR0cHM6Ly93d3cubGl2ZXJwb29sLmNvbS5teC90aWVuZGEvcGRwL1BhbnRhbGxhLUxHLU9MRUQtU21hcnQtVFYtZGUtNTUtcHVsZ2FkYXMtNEsvRG9sYnktQXRtb3MtT0xFRDU1QzFQU0EvMTEwNTAwMzg5MzEzMTM3MDM=;SEM;2021-10-13;2021-10-09;;1313703;;;;LIVERPOOL;MX;2021-10-13 02:56;LG;Pantalla LG OLED Smart TV de 55 pulgadas 4K/Dolby Atmos OLED55C1PSA;https://www.liverpool.com.mx/tienda/pdp/Pantalla-LG-OLED-Smart-TV-de-55-pulgadas-4K/Dolby-Atmos-OLED55C1PSA/1105003893;CE;5;https://www.liverpool.com.mx/
965;aHR0cHM6Ly93d3cubGl2ZXJwb29sLmNvbS5teC90aWVuZGEvcGRwL1BhbnRhbGxhLUxHLU9MRUQtU21hcnQtVFYtZGUtNTUtcHVsZ2FkYXMtNEsvRG9sYnktQXRtb3MtT0xFRDU1QzFQU0EvMTEwNTAwMzg5MzEzMDg4NDQ=;SEM;2021-10-13;2021-10-07;;1308844;;;;LIVERPOOL;MX;2021-10-13 02:56;LG;Pantalla LG OLED Smart TV de 55 pulgadas 4K/Dolby Atmos OLED55C1PSA;https://www.liverpool.com.mx/tienda/pdp/Pantalla-LG-OLED-Smart-TV-de-55-pulgadas-4K/Dolby-Atmos-OLED55C1PSA/1105003893;CE;5;https://www.liverpool.com.mx/
966;aHR0cHM6Ly93d3cubGl2ZXJwb29sLmNvbS5teC90aWVuZGEvcGRwL1BhbnRhbGxhLUhpc2Vuc2UtTEVELVNtYXJ0LVRWLWRlLTU1LXB1bGdhZGFzLTRLL1VsdHJhLUhELU1vZGVsby01NUE2Ry8xMTA0NDk3MzcwMTMyMTI2NQ==;SEM;2021-10-13;2021-10-12;;1321265;;;;LIVERPOOL;MX;2021-10-13 02:56;HISENSE;Pantalla Hisense LED Smart TV de 55 pulgadas 4K/Ultra HD Modelo 55A6G;https://www.liverpool.com.mx/tienda/pdp/Pantalla-Hisense-LED-Smart-TV-de-55-pulgadas-4K/Ultra-HD-Modelo-55A6G/1104497370;CE;5;https://www.liverpool.com.mx/
967;aHR0cHM6Ly93d3cubGl2ZXJwb29sLmNvbS5teC90aWVuZGEvcGRwL1BhbnRhbGxhLUhpc2Vuc2UtTEVELVNtYXJ0LVRWLWRlLTU1LXB1bGdhZGFzLTRLL1VsdHJhLUhELU1vZGVsby01NUE2Ry8xMTA0NDk3MzcwMTMyMjExNA==;SEM;2021-10-13;2021-10-12;;1322114;;;;LIVERPOOL;MX;2021-10-13 02:56;HISENSE;Pantalla Hisense LED Smart TV de 55 pulgadas 4K/Ultra HD Modelo 55A6G;https://www.liverpool.com.mx/tienda/pdp/Pantalla-Hisense-LED-Smart-TV-de-55-pulgadas-4K/Ultra-HD-Modelo-55A6G/1104497370;CE;5;https://www.liverpool.com.mx/
968;aHR0cHM6Ly93d3cubGl2ZXJwb29sLmNvbS5teC90aWVuZGEvcGRwL1BhbnRhbGxhLUxHLU5hbm9DZWxsLVNtYXJ0LVRWLWRlLTUwLVB1bGdhZGFzLTRLL1VIRC01ME5BTk83NVNQQS8xMTEwMDcxMTk4MTMyMjIxNQ==;SEM;2021-10-13;2021-10-12;;1322215;;;;LIVERPOOL;MX;2021-10-13 03:05;LG;Pantalla LG NanoCell Smart TV de 50 Pulgadas 4K/UHD 50NANO75SPA;https://www.liverpool.com.mx/tienda/pdp/Pantalla-LG-NanoCell-Smart-TV-de-50-Pulgadas-4K/UHD-50NANO75SPA/1110071198;CE;5;https://www.liverpool.com.mx/
969;aHR0cHM6Ly93d3cubGl2ZXJwb29sLmNvbS5teC90aWVuZGEvcGRwL1BhbnRhbGxhLUhpc2Vuc2UtVWxlZC1TbWFydC1UVi1kZS01NS1QdWxnYWRhcy1RSEQtNTVVOEctY29uLUFuZHJvaWQtVFYvMTEwNTk0MzM0OTEzMTAxOTA=;SEM;2021-10-13;2021-10-08;;1310190;;;;LIVERPOOL;MX;2021-10-13 03:30;HISENSE;Pantalla Hisense Uled Smart TV de 55 Pulgadas QHD 55U8G con Android TV;https://www.liverpool.com.mx/tienda/pdp/Pantalla-Hisense-Uled-Smart-TV-de-55-Pulgadas-QHD-55U8G-con-Android-TV/1105943349;CE;5;https://www.liverpool.com.mx/
970;aHR0cHM6Ly93d3cubGl2ZXJwb29sLmNvbS5teC90aWVuZGEvcGRwL1BhbnRhbGxhLUxHLUxFRC1TbWFydC1UVi1kZS0zMi1QdWxnYWRhcy1BSS1UaGluUSVDMiVBMEZIRCVDMiVBMDMyTE02MzBCUFVCLzEwODQ2Mzg5NTgxMTA2NTg=;SEM;2021-10-13;2019-09-27;;110658;;;;LIVERPOOL;MX;2021-10-13 03:42;LG;Pantalla LG LED Smart TV de 32 Pulgadas AI ThinQ FHD 32LM630BPUB;https://www.liverpool.com.mx/tienda/pdp/Pantalla-LG-LED-Smart-TV-de-32-Pulgadas-AI-ThinQ%C2%A0FHD%C2%A032LM630BPUB/1084638958;CE;5;https://www.liverpool.com.mx/
971;aHR0cHM6Ly93d3cubGl2ZXJwb29sLmNvbS5teC90aWVuZGEvcGRwL1BhbnRhbGxhLUxHLUxFRC1TbWFydC1UVi1kZS0zMi1QdWxnYWRhcy1BSS1UaGluUSVDMiVBMEZIRCVDMiVBMDMyTE02MzBCUFVCLzEwODQ2Mzg5NTgxMzMzNDA=;SEM;2021-10-13;2019-11-15;;133340;;;;LIVERPOOL;MX;2021-10-13 03:42;LG;Pantalla LG LED Smart TV de 32 Pulgadas AI ThinQ FHD 32LM630BPUB;https://www.liverpool.com.mx/tienda/pdp/Pantalla-LG-LED-Smart-TV-de-32-Pulgadas-AI-ThinQ%C2%A0FHD%C2%A032LM630BPUB/1084638958;CE;5;https://www.liverpool.com.mx/
972;aHR0cHM6Ly93d3cubGl2ZXJwb29sLmNvbS5teC90aWVuZGEvcGRwL1BhbnRhbGxhLUxHLUxFRC1TbWFydC1UVi1kZS0zMi1QdWxnYWRhcy1BSS1UaGluUSVDMiVBMEZIRCVDMiVBMDMyTE02MzBCUFVCLzEwODQ2Mzg5NTgyNTk0OTk=;SEM;2021-10-13;2020-05-21;;259499;;;;LIVERPOOL;MX;2021-10-13 03:42;LG;Pantalla LG LED Smart TV de 32 Pulgadas AI ThinQ FHD 32LM630BPUB;https://www.liverpool.com.mx/tienda/pdp/Pantalla-LG-LED-Smart-TV-de-32-Pulgadas-AI-ThinQ%C2%A0FHD%C2%A032LM630BPUB/1084638958;CE;5;https://www.liverpool.com.mx/
973;aHR0cHM6Ly93d3cubGl2ZXJwb29sLmNvbS5teC90aWVuZGEvcGRwL1BhbnRhbGxhLUxHLUxFRC1TbWFydC1UVi1kZS0zMi1QdWxnYWRhcy1BSS1UaGluUSVDMiVBMEZIRCVDMiVBMDMyTE02MzBCUFVCLzEwODQ2Mzg5NTgxMTE2MDk=;SEM;2021-10-13;2019-09-30;;111609;;;;LIVERPOOL;MX;2021-10-13 03:42;LG;Pantalla LG LED Smart TV de 32 Pulgadas AI ThinQ FHD 32LM630BPUB;https://www.liverpool.com.mx/tienda/pdp/Pantalla-LG-LED-Smart-TV-de-32-Pulgadas-AI-ThinQ%C2%A0FHD%C2%A032LM630BPUB/1084638958;CE;5;https://www.liverpool.com.mx/
974;aHR0cHM6Ly93d3cubGl2ZXJwb29sLmNvbS5teC90aWVuZGEvcGRwL1BhbnRhbGxhLUxHLUxFRC1TbWFydC1UVi1kZS0zMi1QdWxnYWRhcy1BSS1UaGluUSVDMiVBMEZIRCVDMiVBMDMyTE02MzBCUFVCLzEwODQ2Mzg5NTgyMzU0MDI=;SEM;2021-10-13;2020-05-02;;235402;;;;LIVERPOOL;MX;2021-10-13 03:42;LG;Pantalla LG LED Smart TV de 32 Pulgadas AI ThinQ FHD 32LM630BPUB;https://www.liverpool.com.mx/tienda/pdp/Pantalla-LG-LED-Smart-TV-de-32-Pulgadas-AI-ThinQ%C2%A0FHD%C2%A032LM630BPUB/1084638958;CE;5;https://www.liverpool.com.mx/
975;aHR0cHM6Ly93d3cubGl2ZXJwb29sLmNvbS5teC90aWVuZGEvcGRwL1BhbnRhbGxhLUxHLUxFRC1TbWFydC1UVi1kZS0zMi1QdWxnYWRhcy1BSS1UaGluUSVDMiVBMEZIRCVDMiVBMDMyTE02MzBCUFVCLzEwODQ2Mzg5NTgyMDE2MTk=;SEM;2021-10-13;2020-03-20;;201619;;;;LIVERPOOL;MX;2021-10-13 03:42;LG;Pantalla LG LED Smart TV de 32 Pulgadas AI ThinQ FHD 32LM630BPUB;https://www.liverpool.com.mx/tienda/pdp/Pantalla-LG-LED-Smart-TV-de-32-Pulgadas-AI-ThinQ%C2%A0FHD%C2%A032LM630BPUB/1084638958;CE;5;https://www.liverpool.com.mx/
976;aHR0cHM6Ly93d3cubGl2ZXJwb29sLmNvbS5teC90aWVuZGEvcGRwL1BhbnRhbGxhLUxHLUxFRC1TbWFydC1UVi1kZS0zMi1QdWxnYWRhcy1BSS1UaGluUSVDMiVBMEZIRCVDMiVBMDMyTE02MzBCUFVCLzEwODQ2Mzg5NTgxMjk1MjE=;SEM;2021-10-13;2019-11-07;;129521;;;;LIVERPOOL;MX;2021-10-13 03:42;LG;Pantalla LG LED Smart TV de 32 Pulgadas AI ThinQ FHD 32LM630BPUB;https://www.liverpool.com.mx/tienda/pdp/Pantalla-LG-LED-Smart-TV-de-32-Pulgadas-AI-ThinQ%C2%A0FHD%C2%A032LM630BPUB/1084638958;CE;5;https://www.liverpool.com.mx/
977;aHR0cHM6Ly93d3cubGl2ZXJwb29sLmNvbS5teC90aWVuZGEvcGRwL1BhbnRhbGxhLUxHLUxFRC1TbWFydC1UVi1kZS0zMi1QdWxnYWRhcy1BSS1UaGluUSVDMiVBMEZIRCVDMiVBMDMyTE02MzBCUFVCLzEwODQ2Mzg5NTgxMjI3MDU=;SEM;2021-10-13;2019-10-23;;122705;;;;LIVERPOOL;MX;2021-10-13 03:42;LG;Pantalla LG LED Smart TV de 32 Pulgadas AI ThinQ FHD 32LM630BPUB;https://www.liverpool.com.mx/tienda/pdp/Pantalla-LG-LED-Smart-TV-de-32-Pulgadas-AI-ThinQ%C2%A0FHD%C2%A032LM630BPUB/1084638958;CE;5;https://www.liverpool.com.mx/
978;aHR0cHM6Ly93d3cubGl2ZXJwb29sLmNvbS5teC90aWVuZGEvcGRwL1BhbnRhbGxhLUxHLUxFRC1TbWFydC1UVi1kZS0zMi1QdWxnYWRhcy1BSS1UaGluUSVDMiVBMEZIRCVDMiVBMDMyTE02MzBCUFVCLzEwODQ2Mzg5NTgxMjAwOTY=;SEM;2021-10-13;2019-10-18;;120096;;;;LIVERPOOL;MX;2021-10-13 03:42;LG;Pantalla LG LED Smart TV de 32 Pulgadas AI ThinQ FHD 32LM630BPUB;https://www.liverpool.com.mx/tienda/pdp/Pantalla-LG-LED-Smart-TV-de-32-Pulgadas-AI-ThinQ%C2%A0FHD%C2%A032LM630BPUB/1084638958;CE;5;https://www.liverpool.com.mx/
979;aHR0cHM6Ly93d3cubGl2ZXJwb29sLmNvbS5teC90aWVuZGEvcGRwL1BhbnRhbGxhLUxHLUxFRC1TbWFydC1UVi1kZS0zMi1QdWxnYWRhcy1BSS1UaGluUSVDMiVBMEZIRCVDMiVBMDMyTE02MzBCUFVCLzEwODQ2Mzg5NTgyMTc0ODA=;SEM;2021-10-13;2020-04-16;;217480;;;;LIVERPOOL;MX;2021-10-13 03:42;LG;Pantalla LG LED Smart TV de 32 Pulgadas AI ThinQ FHD 32LM630BPUB;https://www.liverpool.com.mx/tienda/pdp/Pantalla-LG-LED-Smart-TV-de-32-Pulgadas-AI-ThinQ%C2%A0FHD%C2%A032LM630BPUB/1084638958;CE;5;https://www.liverpool.com.mx/
980;aHR0cHM6Ly93d3cubGl2ZXJwb29sLmNvbS5teC90aWVuZGEvcGRwL1BhbnRhbGxhLUxHLUxFRC1TbWFydC1UVi1kZS0zMi1QdWxnYWRhcy1BSS1UaGluUSVDMiVBMEZIRCVDMiVBMDMyTE02MzBCUFVCLzEwODQ2Mzg5NTgyMzMzNjE=;SEM;2021-10-13;2020-05-01;;233361;;;;LIVERPOOL;MX;2021-10-13 03:42;LG;Pantalla LG LED Smart TV de 32 Pulgadas AI ThinQ FHD 32LM630BPUB;https://www.liverpool.com.mx/tienda/pdp/Pantalla-LG-LED-Smart-TV-de-32-Pulgadas-AI-ThinQ%C2%A0FHD%C2%A032LM630BPUB/1084638958;CE;5;https://www.liverpool.com.mx/
981;aHR0cHM6Ly93d3cubGl2ZXJwb29sLmNvbS5teC90aWVuZGEvcGRwL1BhbnRhbGxhLUxHLUxFRC1TbWFydC1UVi1kZS0zMi1QdWxnYWRhcy1BSS1UaGluUSVDMiVBMEZIRCVDMiVBMDMyTE02MzBCUFVCLzEwODQ2Mzg5NTgyMjU3OTE=;SEM;2021-10-13;2020-04-24;;225791;;;;LIVERPOOL;MX;2021-10-13 03:42;LG;Pantalla LG LED Smart TV de 32 Pulgadas AI ThinQ FHD 32LM630BPUB;https://www.liverpool.com.mx/tienda/pdp/Pantalla-LG-LED-Smart-TV-de-32-Pulgadas-AI-ThinQ%C2%A0FHD%C2%A032LM630BPUB/1084638958;CE;5;https://www.liverpool.com.mx/
982;aHR0cHM6Ly93d3cubGl2ZXJwb29sLmNvbS5teC90aWVuZGEvcGRwL1BhbnRhbGxhLUxHLUxFRC1TbWFydC1UVi1kZS0zMi1QdWxnYWRhcy1BSS1UaGluUSVDMiVBMEZIRCVDMiVBMDMyTE02MzBCUFVCLzEwODQ2Mzg5NTg2Mjc0NDY=;SEM;2021-10-13;2020-10-10;;627446;;;;LIVERPOOL;MX;2021-10-13 03:42;LG;Pantalla LG LED Smart TV de 32 Pulgadas AI ThinQ FHD 32LM630BPUB;https://www.liverpool.com.mx/tienda/pdp/Pantalla-LG-LED-Smart-TV-de-32-Pulgadas-AI-ThinQ%C2%A0FHD%C2%A032LM630BPUB/1084638958;CE;5;https://www.liverpool.com.mx/
983;aHR0cHM6Ly93d3cubGl2ZXJwb29sLmNvbS5teC90aWVuZGEvcGRwL1BhbnRhbGxhLUxHLUxFRC1TbWFydC1UVi1kZS0zMi1QdWxnYWRhcy1BSS1UaGluUSVDMiVBMEZIRCVDMiVBMDMyTE02MzBCUFVCLzEwODQ2Mzg5NTg5MDU4Njk=;SEM;2021-10-13;2021-04-16;;905869;;;;LIVERPOOL;MX;2021-10-13 03:42;LG;Pantalla LG LED Smart TV de 32 Pulgadas AI ThinQ FHD 32LM630BPUB;https://www.liverpool.com.mx/tienda/pdp/Pantalla-LG-LED-Smart-TV-de-32-Pulgadas-AI-ThinQ%C2%A0FHD%C2%A032LM630BPUB/1084638958;CE;5;https://www.liverpool.com.mx/
984;aHR0cHM6Ly93d3cubGl2ZXJwb29sLmNvbS5teC90aWVuZGEvcGRwL1BhbnRhbGxhLUxHLUxFRC1TbWFydC1UVi1kZS0zMi1QdWxnYWRhcy1BSS1UaGluUSVDMiVBMEZIRCVDMiVBMDMyTE02MzBCUFVCLzEwODQ2Mzg5NTgyMDQwNDQ=;SEM;2021-10-13;2020-03-25;;204044;;;;LIVERPOOL;MX;2021-10-13 03:42;LG;Pantalla LG LED Smart TV de 32 Pulgadas AI ThinQ FHD 32LM630BPUB;https://www.liverpool.com.mx/tienda/pdp/Pantalla-LG-LED-Smart-TV-de-32-Pulgadas-AI-ThinQ%C2%A0FHD%C2%A032LM630BPUB/1084638958;CE;5;https://www.liverpool.com.mx/
985;aHR0cHM6Ly93d3cubGl2ZXJwb29sLmNvbS5teC90aWVuZGEvcGRwL1BhbnRhbGxhLUxHLUxFRC1TbWFydC1UVi1kZS0zMi1QdWxnYWRhcy1BSS1UaGluUSVDMiVBMEZIRCVDMiVBMDMyTE02MzBCUFVCLzEwODQ2Mzg5NTgxOTQ3MDE=;SEM;2021-10-13;2020-03-04;;194701;;;;LIVERPOOL;MX;2021-10-13 03:42;LG;Pantalla LG LED Smart TV de 32 Pulgadas AI ThinQ FHD 32LM630BPUB;https://www.liverpool.com.mx/tienda/pdp/Pantalla-LG-LED-Smart-TV-de-32-Pulgadas-AI-ThinQ%C2%A0FHD%C2%A032LM630BPUB/1084638958;CE;5;https://www.liverpool.com.mx/
986;aHR0cHM6Ly93d3cubGl2ZXJwb29sLmNvbS5teC90aWVuZGEvcGRwL1BhbnRhbGxhLUxHLUxFRC1TbWFydC1UVi1kZS0zMi1QdWxnYWRhcy1BSS1UaGluUSVDMiVBMEZIRCVDMiVBMDMyTE02MzBCUFVCLzEwODQ2Mzg5NTgyMTY3ODY=;SEM;2021-10-13;2020-04-15;;216786;;;;LIVERPOOL;MX;2021-10-13 03:42;LG;Pantalla LG LED Smart TV de 32 Pulgadas AI ThinQ FHD 32LM630BPUB;https://www.liverpool.com.mx/tienda/pdp/Pantalla-LG-LED-Smart-TV-de-32-Pulgadas-AI-ThinQ%C2%A0FHD%C2%A032LM630BPUB/1084638958;CE;5;https://www.liverpool.com.mx/
987;aHR0cHM6Ly93d3cubGl2ZXJwb29sLmNvbS5teC90aWVuZGEvcGRwL1BhbnRhbGxhLUxHLUxFRC1TbWFydC1UVi1kZS0zMi1QdWxnYWRhcy1BSS1UaGluUSVDMiVBMEZIRCVDMiVBMDMyTE02MzBCUFVCLzEwODQ2Mzg5NTgxMzc4NjA=;SEM;2021-10-13;2019-11-22;;137860;;;;LIVERPOOL;MX;2021-10-13 03:42;LG;Pantalla LG LED Smart TV de 32 Pulgadas AI ThinQ FHD 32LM630BPUB;https://www.liverpool.com.mx/tienda/pdp/Pantalla-LG-LED-Smart-TV-de-32-Pulgadas-AI-ThinQ%C2%A0FHD%C2%A032LM630BPUB/1084638958;CE;5;https://www.liverpool.com.mx/
988;aHR0cHM6Ly93d3cubGl2ZXJwb29sLmNvbS5teC90aWVuZGEvcGRwL1BhbnRhbGxhLUxHLUxFRC1TbWFydC1UVi1kZS0zMi1QdWxnYWRhcy1BSS1UaGluUSVDMiVBMEZIRCVDMiVBMDMyTE02MzBCUFVCLzEwODQ2Mzg5NTgxMjk1NDI=;SEM;2021-10-13;2019-11-07;;129542;;;;LIVERPOOL;MX;2021-10-13 03:42;LG;Pantalla LG LED Smart TV de 32 Pulgadas AI ThinQ FHD 32LM630BPUB;https://www.liverpool.com.mx/tienda/pdp/Pantalla-LG-LED-Smart-TV-de-32-Pulgadas-AI-ThinQ%C2%A0FHD%C2%A032LM630BPUB/1084638958;CE;5;https://www.liverpool.com.mx/
989;aHR0cHM6Ly93d3cubGl2ZXJwb29sLmNvbS5teC90aWVuZGEvcGRwL1BhbnRhbGxhLUxHLUxFRC1TbWFydC1UVi1kZS0zMi1QdWxnYWRhcy1BSS1UaGluUSVDMiVBMEZIRCVDMiVBMDMyTE02MzBCUFVCLzEwODQ2Mzg5NTg2NDY0NDk=;SEM;2021-10-13;2020-11-12;;646449;;;;LIVERPOOL;MX;2021-10-13 03:42;LG;Pantalla LG LED Smart TV de 32 Pulgadas AI ThinQ FHD 32LM630BPUB;https://www.liverpool.com.mx/tienda/pdp/Pantalla-LG-LED-Smart-TV-de-32-Pulgadas-AI-ThinQ%C2%A0FHD%C2%A032LM630BPUB/1084638958;CE;5;https://www.liverpool.com.mx/
990;aHR0cHM6Ly93d3cubGl2ZXJwb29sLmNvbS5teC90aWVuZGEvcGRwL1BhbnRhbGxhLUxHLUxFRC1TbWFydC1UVi1kZS0zMi1QdWxnYWRhcy1BSS1UaGluUSVDMiVBMEZIRCVDMiVBMDMyTE02MzBCUFVCLzEwODQ2Mzg5NTgzMDE5MzU=;SEM;2021-10-13;2020-06-12;;301935;;;;LIVERPOOL;MX;2021-10-13 03:42;LG;Pantalla LG LED Smart TV de 32 Pulgadas AI ThinQ FHD 32LM630BPUB;https://www.liverpool.com.mx/tienda/pdp/Pantalla-LG-LED-Smart-TV-de-32-Pulgadas-AI-ThinQ%C2%A0FHD%C2%A032LM630BPUB/1084638958;CE;5;https://www.liverpool.com.mx/
991;aHR0cHM6Ly93d3cubGl2ZXJwb29sLmNvbS5teC90aWVuZGEvcGRwL1BhbnRhbGxhLUxHLUxFRC1TbWFydC1UVi1kZS0zMi1QdWxnYWRhcy1BSS1UaGluUSVDMiVBMEZIRCVDMiVBMDMyTE02MzBCUFVCLzEwODQ2Mzg5NTgyMTIzNzk=;SEM;2021-10-13;2020-04-09;;212379;;;;LIVERPOOL;MX;2021-10-13 03:42;LG;Pantalla LG LED Smart TV de 32 Pulgadas AI ThinQ FHD 32LM630BPUB;https://www.liverpool.com.mx/tienda/pdp/Pantalla-LG-LED-Smart-TV-de-32-Pulgadas-AI-ThinQ%C2%A0FHD%C2%A032LM630BPUB/1084638958;CE;5;https://www.liverpool.com.mx/
992;aHR0cHM6Ly93d3cubGl2ZXJwb29sLmNvbS5teC90aWVuZGEvcGRwL1BhbnRhbGxhLUxHLUxFRC1TbWFydC1UVi1kZS0zMi1QdWxnYWRhcy1BSS1UaGluUSVDMiVBMEZIRCVDMiVBMDMyTE02MzBCUFVCLzEwODQ2Mzg5NTg2MzE3NTk=;SEM;2021-10-13;2020-10-17;;631759;;;;LIVERPOOL;MX;2021-10-13 03:42;LG;Pantalla LG LED Smart TV de 32 Pulgadas AI ThinQ FHD 32LM630BPUB;https://www.liverpool.com.mx/tienda/pdp/Pantalla-LG-LED-Smart-TV-de-32-Pulgadas-AI-ThinQ%C2%A0FHD%C2%A032LM630BPUB/1084638958;CE;5;https://www.liverpool.com.mx/
993;aHR0cHM6Ly93d3cubGl2ZXJwb29sLmNvbS5teC90aWVuZGEvcGRwL1BhbnRhbGxhLUxHLUxFRC1TbWFydC1UVi1kZS0zMi1QdWxnYWRhcy1BSS1UaGluUSVDMiVBMEZIRCVDMiVBMDMyTE02MzBCUFVCLzEwODQ2Mzg5NTgxMzIzMDE=;SEM;2021-10-13;2019-11-13;;132301;;;;LIVERPOOL;MX;2021-10-13 03:42;LG;Pantalla LG LED Smart TV de 32 Pulgadas AI ThinQ FHD 32LM630BPUB;https://www.liverpool.com.mx/tienda/pdp/Pantalla-LG-LED-Smart-TV-de-32-Pulgadas-AI-ThinQ%C2%A0FHD%C2%A032LM630BPUB/1084638958;CE;4;https://www.liverpool.com.mx/
994;aHR0cHM6Ly93d3cubGl2ZXJwb29sLmNvbS5teC90aWVuZGEvcGRwL1BhbnRhbGxhLUxHLUxFRC1TbWFydC1UVi1kZS0zMi1QdWxnYWRhcy1BSS1UaGluUSVDMiVBMEZIRCVDMiVBMDMyTE02MzBCUFVCLzEwODQ2Mzg5NTgzOTM1Mzc=;SEM;2021-10-13;2020-07-13;;393537;;;;LIVERPOOL;MX;2021-10-13 03:42;LG;Pantalla LG LED Smart TV de 32 Pulgadas AI ThinQ FHD 32LM630BPUB;https://www.liverpool.com.mx/tienda/pdp/Pantalla-LG-LED-Smart-TV-de-32-Pulgadas-AI-ThinQ%C2%A0FHD%C2%A032LM630BPUB/1084638958;CE;5;https://www.liverpool.com.mx/
995;aHR0cHM6Ly93d3cubGl2ZXJwb29sLmNvbS5teC90aWVuZGEvcGRwL1BhbnRhbGxhLUxHLUxFRC1TbWFydC1UVi1kZS0zMi1QdWxnYWRhcy1BSS1UaGluUSVDMiVBMEZIRCVDMiVBMDMyTE02MzBCUFVCLzEwODQ2Mzg5NTg2MDUzNDM=;SEM;2021-10-13;2020-09-16;;605343;;;;LIVERPOOL;MX;2021-10-13 03:43;LG;Pantalla LG LED Smart TV de 32 Pulgadas AI ThinQ FHD 32LM630BPUB;https://www.liverpool.com.mx/tienda/pdp/Pantalla-LG-LED-Smart-TV-de-32-Pulgadas-AI-ThinQ%C2%A0FHD%C2%A032LM630BPUB/1084638958;CE;5;https://www.liverpool.com.mx/
996;aHR0cHM6Ly93d3cubGl2ZXJwb29sLmNvbS5teC90aWVuZGEvcGRwL1BhbnRhbGxhLUxHLUxFRC1TbWFydC1UVi1kZS0zMi1QdWxnYWRhcy1BSS1UaGluUSVDMiVBMEZIRCVDMiVBMDMyTE02MzBCUFVCLzEwODQ2Mzg5NTgxMzI1MzU=;SEM;2021-10-13;2019-11-13;;132535;;;;LIVERPOOL;MX;2021-10-13 03:43;LG;Pantalla LG LED Smart TV de 32 Pulgadas AI ThinQ FHD 32LM630BPUB;https://www.liverpool.com.mx/tienda/pdp/Pantalla-LG-LED-Smart-TV-de-32-Pulgadas-AI-ThinQ%C2%A0FHD%C2%A032LM630BPUB/1084638958;CE;5;https://www.liverpool.com.mx/
997;aHR0cHM6Ly93d3cubGl2ZXJwb29sLmNvbS5teC90aWVuZGEvcGRwL1BhbnRhbGxhLUxHLUxFRC1TbWFydC1UVi1kZS0zMi1QdWxnYWRhcy1BSS1UaGluUSVDMiVBMEZIRCVDMiVBMDMyTE02MzBCUFVCLzEwODQ2Mzg5NTgyNzc5NTA=;SEM;2021-10-13;2020-06-04;;277950;;;;LIVERPOOL;MX;2021-10-13 03:43;LG;Pantalla LG LED Smart TV de 32 Pulgadas AI ThinQ FHD 32LM630BPUB;https://www.liverpool.com.mx/tienda/pdp/Pantalla-LG-LED-Smart-TV-de-32-Pulgadas-AI-ThinQ%C2%A0FHD%C2%A032LM630BPUB/1084638958;CE;5;https://www.liverpool.com.mx/
998;aHR0cHM6Ly93d3cubGl2ZXJwb29sLmNvbS5teC90aWVuZGEvcGRwL1BhbnRhbGxhLUxHLUxFRC1TbWFydC1UVi1kZS0zMi1QdWxnYWRhcy1BSS1UaGluUSVDMiVBMEZIRCVDMiVBMDMyTE02MzBCUFVCLzEwODQ2Mzg5NTgzMDY2MzM=;SEM;2021-10-13;2020-06-15;;306633;;;;LIVERPOOL;MX;2021-10-13 03:43;LG;Pantalla LG LED Smart TV de 32 Pulgadas AI ThinQ FHD 32LM630BPUB;https://www.liverpool.com.mx/tienda/pdp/Pantalla-LG-LED-Smart-TV-de-32-Pulgadas-AI-ThinQ%C2%A0FHD%C2%A032LM630BPUB/1084638958;CE;5;https://www.liverpool.com.mx/
999;aHR0cHM6Ly93d3cubGl2ZXJwb29sLmNvbS5teC90aWVuZGEvcGRwL1BhbnRhbGxhLUxHLUxFRC1TbWFydC1UVi1kZS0zMi1QdWxnYWRhcy1BSS1UaGluUSVDMiVBMEZIRCVDMiVBMDMyTE02MzBCUFVCLzEwODQ2Mzg5NTgyMjE5MDU=;SEM;2021-10-13;2020-04-20;;221905;;;;LIVERPOOL;MX;2021-10-13 03:43;LG;Pantalla LG LED Smart TV de 32 Pulgadas AI ThinQ FHD 32LM630BPUB;https://www.liverpool.com.mx/tienda/pdp/Pantalla-LG-LED-Smart-TV-de-32-Pulgadas-AI-ThinQ%C2%A0FHD%C2%A032LM630BPUB/1084638958;CE;5;https://www.liverpool.com.mx/
1000;aHR0cHM6Ly93d3cubGl2ZXJwb29sLmNvbS5teC90aWVuZGEvcGRwL1BhbnRhbGxhLUxHLUxFRC1TbWFydC1UVi1kZS0zMi1QdWxnYWRhcy1BSS1UaGluUSVDMiVBMEZIRCVDMiVBMDMyTE02MzBCUFVCLzEwODQ2Mzg5NTgzNDgxMjg=;SEM;2021-10-13;2020-06-29;;348128;;;;LIVERPOOL;MX;2021-10-13 03:43;LG;Pantalla LG LED Smart TV de 32 Pulgadas AI ThinQ FHD 32LM630BPUB;https://www.liverpool.com.mx/tienda/pdp/Pantalla-LG-LED-Smart-TV-de-32-Pulgadas-AI-ThinQ%C2%A0FHD%C2%A032LM630BPUB/1084638958;CE;5;https://www.liverpool.com.mx/
1001;aHR0cHM6Ly93d3cubGl2ZXJwb29sLmNvbS5teC90aWVuZGEvcGRwL1BhbnRhbGxhLUxHLUxFRC1TbWFydC1UVi1kZS0zMi1QdWxnYWRhcy1BSS1UaGluUSVDMiVBMEZIRCVDMiVBMDMyTE02MzBCUFVCLzEwODQ2Mzg5NTgxMjM1MTE=;SEM;2021-10-13;2019-10-25;;123511;;;;LIVERPOOL;MX;2021-10-13 03:43;LG;Pantalla LG LED Smart TV de 32 Pulgadas AI ThinQ FHD 32LM630BPUB;https://www.liverpool.com.mx/tienda/pdp/Pantalla-LG-LED-Smart-TV-de-32-Pulgadas-AI-ThinQ%C2%A0FHD%C2%A032LM630BPUB/1084638958;CE;4;https://www.liverpool.com.mx/
1002;aHR0cHM6Ly93d3cubGl2ZXJwb29sLmNvbS5teC90aWVuZGEvcGRwL1BhbnRhbGxhLUxHLUxFRC1TbWFydC1UVi1kZS0zMi1QdWxnYWRhcy1BSS1UaGluUSVDMiVBMEZIRCVDMiVBMDMyTE02MzBCUFVCLzEwODQ2Mzg5NTgyNDcwMjE=;SEM;2021-10-13;2020-05-11;;247021;;;;LIVERPOOL;MX;2021-10-13 03:43;LG;Pantalla LG LED Smart TV de 32 Pulgadas AI ThinQ FHD 32LM630BPUB;https://www.liverpool.com.mx/tienda/pdp/Pantalla-LG-LED-Smart-TV-de-32-Pulgadas-AI-ThinQ%C2%A0FHD%C2%A032LM630BPUB/1084638958;CE;3;https://www.liverpool.com.mx/
1003;aHR0cHM6Ly93d3cubGl2ZXJwb29sLmNvbS5teC90aWVuZGEvcGRwL1BhbnRhbGxhLUxHLUxFRC1TbWFydC1UVi1kZS0zMi1QdWxnYWRhcy1BSS1UaGluUSVDMiVBMEZIRCVDMiVBMDMyTE02MzBCUFVCLzEwODQ2Mzg5NTgyMTQwNDQ=;SEM;2021-10-13;2020-04-12;;214044;;;;LIVERPOOL;MX;2021-10-13 03:43;LG;Pantalla LG LED Smart TV de 32 Pulgadas AI ThinQ FHD 32LM630BPUB;https://www.liverpool.com.mx/tienda/pdp/Pantalla-LG-LED-Smart-TV-de-32-Pulgadas-AI-ThinQ%C2%A0FHD%C2%A032LM630BPUB/1084638958;CE;5;https://www.liverpool.com.mx/
1004;aHR0cHM6Ly93d3cubGl2ZXJwb29sLmNvbS5teC90aWVuZGEvcGRwL1BhbnRhbGxhLUxHLUxFRC1TbWFydC1UVi1kZS0zMi1QdWxnYWRhcy1BSS1UaGluUSVDMiVBMEZIRCVDMiVBMDMyTE02MzBCUFVCLzEwODQ2Mzg5NTg0NzcyMTc=;SEM;2021-10-13;2020-08-05;;477217;;;;LIVERPOOL;MX;2021-10-13 03:43;LG;Pantalla LG LED Smart TV de 32 Pulgadas AI ThinQ FHD 32LM630BPUB;https://www.liverpool.com.mx/tienda/pdp/Pantalla-LG-LED-Smart-TV-de-32-Pulgadas-AI-ThinQ%C2%A0FHD%C2%A032LM630BPUB/1084638958;CE;5;https://www.liverpool.com.mx/
1005;aHR0cHM6Ly93d3cubGl2ZXJwb29sLmNvbS5teC90aWVuZGEvcGRwL1BhbnRhbGxhLUxHLUxFRC1TbWFydC1UVi1kZS0zMi1QdWxnYWRhcy1BSS1UaGluUSVDMiVBMEZIRCVDMiVBMDMyTE02MzBCUFVCLzEwODQ2Mzg5NTgyMDY0MjI=;SEM;2021-10-13;2020-03-30;;206422;;;;LIVERPOOL;MX;2021-10-13 03:43;LG;Pantalla LG LED Smart TV de 32 Pulgadas AI ThinQ FHD 32LM630BPUB;https://www.liverpool.com.mx/tienda/pdp/Pantalla-LG-LED-Smart-TV-de-32-Pulgadas-AI-ThinQ%C2%A0FHD%C2%A032LM630BPUB/1084638958;CE;5;https://www.liverpool.com.mx/
1006;aHR0cHM6Ly93d3cubGl2ZXJwb29sLmNvbS5teC90aWVuZGEvcGRwL1BhbnRhbGxhLUxHLUxFRC1TbWFydC1UVi1kZS0zMi1QdWxnYWRhcy1BSS1UaGluUSVDMiVBMEZIRCVDMiVBMDMyTE02MzBCUFVCLzEwODQ2Mzg5NTgxNTM0NTM=;SEM;2021-10-13;2019-12-19;;153453;;;;LIVERPOOL;MX;2021-10-13 03:43;LG;Pantalla LG LED Smart TV de 32 Pulgadas AI ThinQ FHD 32LM630BPUB;https://www.liverpool.com.mx/tienda/pdp/Pantalla-LG-LED-Smart-TV-de-32-Pulgadas-AI-ThinQ%C2%A0FHD%C2%A032LM630BPUB/1084638958;CE;5;https://www.liverpool.com.mx/
1007;aHR0cHM6Ly93d3cubGl2ZXJwb29sLmNvbS5teC90aWVuZGEvcGRwL1BhbnRhbGxhLUxHLUxFRC1TbWFydC1UVi1kZS0zMi1QdWxnYWRhcy1BSS1UaGluUSVDMiVBMEZIRCVDMiVBMDMyTE02MzBCUFVCLzEwODQ2Mzg5NTgxOTA1ODA=;SEM;2021-10-13;2020-02-24;;190580;;;;LIVERPOOL;MX;2021-10-13 03:43;LG;Pantalla LG LED Smart TV de 32 Pulgadas AI ThinQ FHD 32LM630BPUB;https://www.liverpool.com.mx/tienda/pdp/Pantalla-LG-LED-Smart-TV-de-32-Pulgadas-AI-ThinQ%C2%A0FHD%C2%A032LM630BPUB/1084638958;CE;5;https://www.liverpool.com.mx/
1008;aHR0cHM6Ly93d3cubGl2ZXJwb29sLmNvbS5teC90aWVuZGEvcGRwL1BhbnRhbGxhLUxHLUxFRC1TbWFydC1UVi1kZS0zMi1QdWxnYWRhcy1BSS1UaGluUSVDMiVBMEZIRCVDMiVBMDMyTE02MzBCUFVCLzEwODQ2Mzg5NTgyMjM2Njg=;SEM;2021-10-13;2020-04-22;;223668;;;;LIVERPOOL;MX;2021-10-13 03:43;LG;Pantalla LG LED Smart TV de 32 Pulgadas AI ThinQ FHD 32LM630BPUB;https://www.liverpool.com.mx/tienda/pdp/Pantalla-LG-LED-Smart-TV-de-32-Pulgadas-AI-ThinQ%C2%A0FHD%C2%A032LM630BPUB/1084638958;CE;5;https://www.liverpool.com.mx/
1009;aHR0cHM6Ly93d3cubGl2ZXJwb29sLmNvbS5teC90aWVuZGEvcGRwL1BhbnRhbGxhLUxHLUxFRC1TbWFydC1UVi1kZS0zMi1QdWxnYWRhcy1BSS1UaGluUSVDMiVBMEZIRCVDMiVBMDMyTE02MzBCUFVCLzEwODQ2Mzg5NTg2MjcxNDI=;SEM;2021-10-13;2020-10-10;;627142;;;;LIVERPOOL;MX;2021-10-13 03:43;LG;Pantalla LG LED Smart TV de 32 Pulgadas AI ThinQ FHD 32LM630BPUB;https://www.liverpool.com.mx/tienda/pdp/Pantalla-LG-LED-Smart-TV-de-32-Pulgadas-AI-ThinQ%C2%A0FHD%C2%A032LM630BPUB/1084638958;CE;5;https://www.liverpool.com.mx/
1010;aHR0cHM6Ly93d3cubGl2ZXJwb29sLmNvbS5teC90aWVuZGEvcGRwL1BhbnRhbGxhLUxHLUxFRC1TbWFydC1UVi1kZS0zMi1QdWxnYWRhcy1BSS1UaGluUSVDMiVBMEZIRCVDMiVBMDMyTE02MzBCUFVCLzEwODQ2Mzg5NTg1NDAxMTM=;SEM;2021-10-13;2020-08-21;;540113;;;;LIVERPOOL;MX;2021-10-13 03:43;LG;Pantalla LG LED Smart TV de 32 Pulgadas AI ThinQ FHD 32LM630BPUB;https://www.liverpool.com.mx/tienda/pdp/Pantalla-LG-LED-Smart-TV-de-32-Pulgadas-AI-ThinQ%C2%A0FHD%C2%A032LM630BPUB/1084638958;CE;5;https://www.liverpool.com.mx/
1011;aHR0cHM6Ly93d3cubGl2ZXJwb29sLmNvbS5teC90aWVuZGEvcGRwL1BhbnRhbGxhLUxHLUxFRC1TbWFydC1UVi1kZS0zMi1QdWxnYWRhcy1BSS1UaGluUSVDMiVBMEZIRCVDMiVBMDMyTE02MzBCUFVCLzEwODQ2Mzg5NTg2MjAwMjc=;SEM;2021-10-13;2020-10-02;;620027;;;;LIVERPOOL;MX;2021-10-13 03:43;LG;Pantalla LG LED Smart TV de 32 Pulgadas AI ThinQ FHD 32LM630BPUB;https://www.liverpool.com.mx/tienda/pdp/Pantalla-LG-LED-Smart-TV-de-32-Pulgadas-AI-ThinQ%C2%A0FHD%C2%A032LM630BPUB/1084638958;CE;5;https://www.liverpool.com.mx/
1012;aHR0cHM6Ly93d3cubGl2ZXJwb29sLmNvbS5teC90aWVuZGEvcGRwL1BhbnRhbGxhLUxHLUxFRC1TbWFydC1UVi1kZS0zMi1QdWxnYWRhcy1BSS1UaGluUSVDMiVBMEZIRCVDMiVBMDMyTE02MzBCUFVCLzEwODQ2Mzg5NTgyMDYwODU=;SEM;2021-10-13;2020-03-30;;206085;;;;LIVERPOOL;MX;2021-10-13 03:43;LG;Pantalla LG LED Smart TV de 32 Pulgadas AI ThinQ FHD 32LM630BPUB;https://www.liverpool.com.mx/tienda/pdp/Pantalla-LG-LED-Smart-TV-de-32-Pulgadas-AI-ThinQ%C2%A0FHD%C2%A032LM630BPUB/1084638958;CE;5;https://www.liverpool.com.mx/
1013;aHR0cHM6Ly93d3cubGl2ZXJwb29sLmNvbS5teC90aWVuZGEvcGRwL1BhbnRhbGxhLUxHLUxFRC1TbWFydC1UVi1kZS0zMi1QdWxnYWRhcy1BSS1UaGluUSVDMiVBMEZIRCVDMiVBMDMyTE02MzBCUFVCLzEwODQ2Mzg5NTg2MjMxMzM=;SEM;2021-10-13;2020-10-06;;623133;;;;LIVERPOOL;MX;2021-10-13 03:43;LG;Pantalla LG LED Smart TV de 32 Pulgadas AI ThinQ FHD 32LM630BPUB;https://www.liverpool.com.mx/tienda/pdp/Pantalla-LG-LED-Smart-TV-de-32-Pulgadas-AI-ThinQ%C2%A0FHD%C2%A032LM630BPUB/1084638958;CE;5;https://www.liverpool.com.mx/
1014;aHR0cHM6Ly93d3cubGl2ZXJwb29sLmNvbS5teC90aWVuZGEvcGRwL1BhbnRhbGxhLUxHLUxFRC1TbWFydC1UVi1kZS0zMi1QdWxnYWRhcy1BSS1UaGluUSVDMiVBMEZIRCVDMiVBMDMyTE02MzBCUFVCLzEwODQ2Mzg5NTgxODQxMDQ=;SEM;2021-10-13;2020-02-11;;184104;;;;LIVERPOOL;MX;2021-10-13 03:43;LG;Pantalla LG LED Smart TV de 32 Pulgadas AI ThinQ FHD 32LM630BPUB;https://www.liverpool.com.mx/tienda/pdp/Pantalla-LG-LED-Smart-TV-de-32-Pulgadas-AI-ThinQ%C2%A0FHD%C2%A032LM630BPUB/1084638958;CE;5;https://www.liverpool.com.mx/
1015;aHR0cHM6Ly93d3cubGl2ZXJwb29sLmNvbS5teC90aWVuZGEvcGRwL1BhbnRhbGxhLUxHLUxFRC1TbWFydC1UVi1kZS0zMi1QdWxnYWRhcy1BSS1UaGluUSVDMiVBMEZIRCVDMiVBMDMyTE02MzBCUFVCLzEwODQ2Mzg5NTg1Njg2MjI=;SEM;2021-10-13;2020-08-31;;568622;;;;LIVERPOOL;MX;2021-10-13 03:43;LG;Pantalla LG LED Smart TV de 32 Pulgadas AI ThinQ FHD 32LM630BPUB;https://www.liverpool.com.mx/tienda/pdp/Pantalla-LG-LED-Smart-TV-de-32-Pulgadas-AI-ThinQ%C2%A0FHD%C2%A032LM630BPUB/1084638958;CE;5;https://www.liverpool.com.mx/
1016;aHR0cHM6Ly93d3cubGl2ZXJwb29sLmNvbS5teC90aWVuZGEvcGRwL1BhbnRhbGxhLUxHLUxFRC1TbWFydC1UVi1kZS0zMi1QdWxnYWRhcy1BSS1UaGluUSVDMiVBMEZIRCVDMiVBMDMyTE02MzBCUFVCLzEwODQ2Mzg5NTg3NjgzMDU=;SEM;2021-10-13;2021-02-08;;768305;;;;LIVERPOOL;MX;2021-10-13 03:43;LG;Pantalla LG LED Smart TV de 32 Pulgadas AI ThinQ FHD 32LM630BPUB;https://www.liverpool.com.mx/tienda/pdp/Pantalla-LG-LED-Smart-TV-de-32-Pulgadas-AI-ThinQ%C2%A0FHD%C2%A032LM630BPUB/1084638958;CE;5;https://www.liverpool.com.mx/
1017;aHR0cHM6Ly93d3cubGl2ZXJwb29sLmNvbS5teC90aWVuZGEvcGRwL1BhbnRhbGxhLUxHLUxFRC1TbWFydC1UVi1kZS0zMi1QdWxnYWRhcy1BSS1UaGluUSVDMiVBMEZIRCVDMiVBMDMyTE02MzBCUFVCLzEwODQ2Mzg5NTg2MDYwMDU=;SEM;2021-10-13;2020-09-17;;606005;;;;LIVERPOOL;MX;2021-10-13 03:43;LG;Pantalla LG LED Smart TV de 32 Pulgadas AI ThinQ FHD 32LM630BPUB;https://www.liverpool.com.mx/tienda/pdp/Pantalla-LG-LED-Smart-TV-de-32-Pulgadas-AI-ThinQ%C2%A0FHD%C2%A032LM630BPUB/1084638958;CE;5;https://www.liverpool.com.mx/
1018;aHR0cHM6Ly93d3cubGl2ZXJwb29sLmNvbS5teC90aWVuZGEvcGRwL1BhbnRhbGxhLUxHLUxFRC1TbWFydC1UVi1kZS0zMi1QdWxnYWRhcy1BSS1UaGluUSVDMiVBMEZIRCVDMiVBMDMyTE02MzBCUFVCLzEwODQ2Mzg5NTg0MDczNTc=;SEM;2021-10-13;2020-07-19;;407357;;;;LIVERPOOL;MX;2021-10-13 03:43;LG;Pantalla LG LED Smart TV de 32 Pulgadas AI ThinQ FHD 32LM630BPUB;https://www.liverpool.com.mx/tienda/pdp/Pantalla-LG-LED-Smart-TV-de-32-Pulgadas-AI-ThinQ%C2%A0FHD%C2%A032LM630BPUB/1084638958;CE;5;https://www.liverpool.com.mx/
1019;aHR0cHM6Ly93d3cubGl2ZXJwb29sLmNvbS5teC90aWVuZGEvcGRwL1BhbnRhbGxhLUxHLU5hbm9DZWxsLVNtYXJ0LVRWLWRlLTQzLVB1bGdhZGFzLTRLL1VsdHJhLUhELTQzTkFOTzc1U1BBLzExMDYyNTc1MTExMTYzNTg3;SEM;2021-10-13;2021-07-25;;1163587;;;;LIVERPOOL;MX;2021-10-13 03:43;LG;Pantalla LG NanoCell Smart TV de 43 Pulgadas 4K/Ultra HD 43NANO75SPA;https://www.liverpool.com.mx/tienda/pdp/Pantalla-LG-NanoCell-Smart-TV-de-43-Pulgadas-4K/Ultra-HD-43NANO75SPA/1106257511;CE;5;https://www.liverpool.com.mx/
1020;aHR0cHM6Ly93d3cubGl2ZXJwb29sLmNvbS5teC90aWVuZGEvcGRwL1BhbnRhbGxhLUxHLU5hbm9DZWxsLVNtYXJ0LVRWLWRlLTQzLVB1bGdhZGFzLTRLL1VsdHJhLUhELTQzTkFOTzc1U1BBLzExMDYyNTc1MTExMTg5ODM4;SEM;2021-10-13;2021-08-06;;1189838;;;;LIVERPOOL;MX;2021-10-13 03:43;LG;Pantalla LG NanoCell Smart TV de 43 Pulgadas 4K/Ultra HD 43NANO75SPA;https://www.liverpool.com.mx/tienda/pdp/Pantalla-LG-NanoCell-Smart-TV-de-43-Pulgadas-4K/Ultra-HD-43NANO75SPA/1106257511;CE;5;https://www.liverpool.com.mx/
1021;aHR0cHM6Ly93d3cubGl2ZXJwb29sLmNvbS5teC90aWVuZGEvcGRwL1BhbnRhbGxhLUxHLU5hbm9DZWxsLVNtYXJ0LVRWLWRlLTQzLVB1bGdhZGFzLTRLL1VsdHJhLUhELTQzTkFOTzc1U1BBLzExMDYyNTc1MTExMjg2MzU2;SEM;2021-10-13;2021-09-26;;1286356;;;;LIVERPOOL;MX;2021-10-13 03:43;LG;Pantalla LG NanoCell Smart TV de 43 Pulgadas 4K/Ultra HD 43NANO75SPA;https://www.liverpool.com.mx/tienda/pdp/Pantalla-LG-NanoCell-Smart-TV-de-43-Pulgadas-4K/Ultra-HD-43NANO75SPA/1106257511;CE;5;https://www.liverpool.com.mx/
1022;aHR0cHM6Ly93d3cubGl2ZXJwb29sLmNvbS5teC90aWVuZGEvcGRwL1BhbnRhbGxhLUxHLU5hbm9DZWxsLVNtYXJ0LVRWLWRlLTQzLVB1bGdhZGFzLTRLL1VsdHJhLUhELTQzTkFOTzc1U1BBLzExMDYyNTc1MTExMjY2OTAx;SEM;2021-10-13;2021-09-15;;1266901;;;;LIVERPOOL;MX;2021-10-13 03:43;LG;Pantalla LG NanoCell Smart TV de 43 Pulgadas 4K/Ultra HD 43NANO75SPA;https://www.liverpool.com.mx/tienda/pdp/Pantalla-LG-NanoCell-Smart-TV-de-43-Pulgadas-4K/Ultra-HD-43NANO75SPA/1106257511;CE;5;https://www.liverpool.com.mx/
1023;aHR0cHM6Ly93d3cubGl2ZXJwb29sLmNvbS5teC90aWVuZGEvcGRwL1BhbnRhbGxhLUxHLU5hbm9DZWxsLVNtYXJ0LVRWLWRlLTQzLVB1bGdhZGFzLTRLL1VsdHJhLUhELTQzTkFOTzc1U1BBLzExMDYyNTc1MTExMjc0MTAy;SEM;2021-10-13;2021-09-19;;1274102;;;;LIVERPOOL;MX;2021-10-13 03:43;LG;Pantalla LG NanoCell Smart TV de 43 Pulgadas 4K/Ultra HD 43NANO75SPA;https://www.liverpool.com.mx/tienda/pdp/Pantalla-LG-NanoCell-Smart-TV-de-43-Pulgadas-4K/Ultra-HD-43NANO75SPA/1106257511;CE;5;https://www.liverpool.com.mx/
1024;aHR0cHM6Ly93d3cubGl2ZXJwb29sLmNvbS5teC90aWVuZGEvcGRwL1BhbnRhbGxhLUxHLU5hbm9DZWxsLVNtYXJ0LVRWLWRlLTQzLVB1bGdhZGFzLTRLL1VsdHJhLUhELTQzTkFOTzc1U1BBLzExMDYyNTc1MTExMjc1NDIx;SEM;2021-10-13;2021-09-20;;1275421;;;;LIVERPOOL;MX;2021-10-13 03:43;LG;Pantalla LG NanoCell Smart TV de 43 Pulgadas 4K/Ultra HD 43NANO75SPA;https://www.liverpool.com.mx/tienda/pdp/Pantalla-LG-NanoCell-Smart-TV-de-43-Pulgadas-4K/Ultra-HD-43NANO75SPA/1106257511;CE;5;https://www.liverpool.com.mx/
1025;aHR0cHM6Ly93d3cubGl2ZXJwb29sLmNvbS5teC90aWVuZGEvcGRwL1BhbnRhbGxhLUxHLU5hbm9DZWxsLVNtYXJ0LVRWLWRlLTQzLVB1bGdhZGFzLTRLL1VsdHJhLUhELTQzTkFOTzc1U1BBLzExMDYyNTc1MTExMjg0MTgx;SEM;2021-10-13;2021-09-25;;1284181;;;;LIVERPOOL;MX;2021-10-13 03:43;LG;Pantalla LG NanoCell Smart TV de 43 Pulgadas 4K/Ultra HD 43NANO75SPA;https://www.liverpool.com.mx/tienda/pdp/Pantalla-LG-NanoCell-Smart-TV-de-43-Pulgadas-4K/Ultra-HD-43NANO75SPA/1106257511;CE;5;https://www.liverpool.com.mx/
1026;aHR0cHM6Ly93d3cubGl2ZXJwb29sLmNvbS5teC90aWVuZGEvcGRwL1BhbnRhbGxhLUxHLU5hbm9DZWxsLVNtYXJ0LVRWLWRlLTQzLVB1bGdhZGFzLTRLL1VsdHJhLUhELTQzTkFOTzc1U1BBLzExMDYyNTc1MTExMjg2Nzgz;SEM;2021-10-13;2021-09-26;;1286783;;;;LIVERPOOL;MX;2021-10-13 03:43;LG;Pantalla LG NanoCell Smart TV de 43 Pulgadas 4K/Ultra HD 43NANO75SPA;https://www.liverpool.com.mx/tienda/pdp/Pantalla-LG-NanoCell-Smart-TV-de-43-Pulgadas-4K/Ultra-HD-43NANO75SPA/1106257511;CE;5;https://www.liverpool.com.mx/
1027;aHR0cHM6Ly93d3cubGl2ZXJwb29sLmNvbS5teC90aWVuZGEvcGRwL1BhbnRhbGxhLUxHLU5hbm9DZWxsLVNtYXJ0LVRWLWRlLTQzLVB1bGdhZGFzLTRLL1VsdHJhLUhELTQzTkFOTzc1U1BBLzExMDYyNTc1MTExMTMxNDYx;SEM;2021-10-13;2021-07-09;;1131461;;;;LIVERPOOL;MX;2021-10-13 03:43;LG;Pantalla LG NanoCell Smart TV de 43 Pulgadas 4K/Ultra HD 43NANO75SPA;https://www.liverpool.com.mx/tienda/pdp/Pantalla-LG-NanoCell-Smart-TV-de-43-Pulgadas-4K/Ultra-HD-43NANO75SPA/1106257511;CE;5;https://www.liverpool.com.mx/
1028;aHR0cHM6Ly93d3cubGl2ZXJwb29sLmNvbS5teC90aWVuZGEvcGRwL1BhbnRhbGxhLUxHLU5hbm9DZWxsLVNtYXJ0LVRWLWRlLTQzLVB1bGdhZGFzLTRLL1VsdHJhLUhELTQzTkFOTzc1U1BBLzExMDYyNTc1MTExMDcwNjM4;SEM;2021-10-13;2021-06-16;;1070638;;;;LIVERPOOL;MX;2021-10-13 03:43;LG;Pantalla LG NanoCell Smart TV de 43 Pulgadas 4K/Ultra HD 43NANO75SPA;https://www.liverpool.com.mx/tienda/pdp/Pantalla-LG-NanoCell-Smart-TV-de-43-Pulgadas-4K/Ultra-HD-43NANO75SPA/1106257511;CE;5;https://www.liverpool.com.mx/
1029;aHR0cHM6Ly93d3cubGl2ZXJwb29sLmNvbS5teC90aWVuZGEvcGRwL1BhbnRhbGxhLUxHLU5hbm9DZWxsLVNtYXJ0LVRWLWRlLTQzLVB1bGdhZGFzLTRLL1VsdHJhLUhELTQzTkFOTzc1U1BBLzExMDYyNTc1MTExMTAzNDky;SEM;2021-10-13;2021-06-27;;1103492;;;;LIVERPOOL;MX;2021-10-13 03:43;LG;Pantalla LG NanoCell Smart TV de 43 Pulgadas 4K/Ultra HD 43NANO75SPA;https://www.liverpool.com.mx/tienda/pdp/Pantalla-LG-NanoCell-Smart-TV-de-43-Pulgadas-4K/Ultra-HD-43NANO75SPA/1106257511;CE;5;https://www.liverpool.com.mx/
1030;aHR0cHM6Ly93d3cubGl2ZXJwb29sLmNvbS5teC90aWVuZGEvcGRwL1BhbnRhbGxhLUxHLU5hbm9DZWxsLVNtYXJ0LVRWLWRlLTQzLVB1bGdhZGFzLTRLL1VsdHJhLUhELTQzTkFOTzc1U1BBLzExMDYyNTc1MTExMDczMDc0;SEM;2021-10-13;2021-06-16;;1073074;;;;LIVERPOOL;MX;2021-10-13 03:43;LG;Pantalla LG NanoCell Smart TV de 43 Pulgadas 4K/Ultra HD 43NANO75SPA;https://www.liverpool.com.mx/tienda/pdp/Pantalla-LG-NanoCell-Smart-TV-de-43-Pulgadas-4K/Ultra-HD-43NANO75SPA/1106257511;CE;3;https://www.liverpool.com.mx/
1031;aHR0cHM6Ly93d3cubGl2ZXJwb29sLmNvbS5teC90aWVuZGEvcGRwL1BhbnRhbGxhLUxHJUMyJUEwTEVELVNtYXJ0LVRWJUMyJUEwZGUtNDMtUHVsZ2FkYXMtQUktVGhpblEtNEstNDNVUDgwNTBQU0IvMTEwNjEzMzMzMjEyNTg2MzY=;SEM;2021-10-13;2021-09-11;;1258636;;;;LIVERPOOL;MX;2021-10-13 03:43;LG;Pantalla LG LED Smart TV de 43 Pulgadas AI ThinQ 4K 43UP8050PSB;https://www.liverpool.com.mx/tienda/pdp/Pantalla-LG%C2%A0LED-Smart-TV%C2%A0de-43-Pulgadas-AI-ThinQ-4K-43UP8050PSB/1106133332;CE;5;https://www.liverpool.com.mx/
1032;aHR0cHM6Ly93d3cubGl2ZXJwb29sLmNvbS5teC90aWVuZGEvcGRwL1BhbnRhbGxhLUxHJUMyJUEwTEVELVNtYXJ0LVRWJUMyJUEwZGUtNDMtUHVsZ2FkYXMtQUktVGhpblEtNEstNDNVUDgwNTBQU0IvMTEwNjEzMzMzMjExMzMxNzY=;SEM;2021-10-13;2021-07-10;;1133176;;;;LIVERPOOL;MX;2021-10-13 03:44;LG;Pantalla LG LED Smart TV de 43 Pulgadas AI ThinQ 4K 43UP8050PSB;https://www.liverpool.com.mx/tienda/pdp/Pantalla-LG%C2%A0LED-Smart-TV%C2%A0de-43-Pulgadas-AI-ThinQ-4K-43UP8050PSB/1106133332;CE;5;https://www.liverpool.com.mx/
1033;aHR0cHM6Ly93d3cubGl2ZXJwb29sLmNvbS5teC90aWVuZGEvcGRwL1BhbnRhbGxhLUxHJUMyJUEwTEVELVNtYXJ0LVRWJUMyJUEwZGUtNDMtUHVsZ2FkYXMtQUktVGhpblEtNEstNDNVUDgwNTBQU0IvMTEwNjEzMzMzMjExNzgzNDA=;SEM;2021-10-13;2021-08-01;;1178340;;;;LIVERPOOL;MX;2021-10-13 03:44;LG;Pantalla LG LED Smart TV de 43 Pulgadas AI ThinQ 4K 43UP8050PSB;https://www.liverpool.com.mx/tienda/pdp/Pantalla-LG%C2%A0LED-Smart-TV%C2%A0de-43-Pulgadas-AI-ThinQ-4K-43UP8050PSB/1106133332;CE;5;https://www.liverpool.com.mx/
1034;aHR0cHM6Ly93d3cubGl2ZXJwb29sLmNvbS5teC90aWVuZGEvcGRwL3BhbnRhbGxhLXNhbXN1bWctbGVkLXNtYXJ0LXR2LWRlLTUwLXB1bGdhZGFzLTRrLXVuNTBhdTkwMDBmeHp4LzExMDYwMDc4NzYxMzIxMzQy;SEM;2021-10-13;2021-10-12;;1321342;;;;LIVERPOOL;MX;2021-10-13 03:47;SAMSUNG;Pantalla Samsumg LED Smart TV de 50 Pulgadas 4K UN50AU9000FXZX;https://www.liverpool.com.mx/tienda/pdp/pantalla-samsumg-led-smart-tv-de-50-pulgadas-4k-un50au9000fxzx/1106007876;CE;5;https://www.liverpool.com.mx/
1035;aHR0cHM6Ly93d3cubGl2ZXJwb29sLmNvbS5teC90aWVuZGEvcGRwL3BhbnRhbGxhLWhpc2Vuc2UtbGVkLXNtYXJ0LXR2LWRlLTU1LXB1bGdhZGFzLTRrL3VsdHJhLWhkLW1vZGVsby01NWE2Zy8xMTA0NDk3MzcwMTMyMTI2NQ==;SEM;2021-10-13;2021-10-12;;1321265;;;;LIVERPOOL;MX;2021-10-13 03:51;HISENSE;Pantalla Hisense LED Smart TV de 55 pulgadas 4K/Ultra HD Modelo 55A6G;https://www.liverpool.com.mx/tienda/pdp/pantalla-hisense-led-smart-tv-de-55-pulgadas-4k/ultra-hd-modelo-55a6g/1104497370;CE;5;https://www.liverpool.com.mx/
1036;aHR0cHM6Ly93d3cubGl2ZXJwb29sLmNvbS5teC90aWVuZGEvcGRwL3BhbnRhbGxhLWhpc2Vuc2UtbGVkLXNtYXJ0LXR2LWRlLTU1LXB1bGdhZGFzLTRrL3VsdHJhLWhkLW1vZGVsby01NWE2Zy8xMTA0NDk3MzcwMTMyMjExNA==;SEM;2021-10-13;2021-10-12;;1322114;;;;LIVERPOOL;MX;2021-10-13 03:51;HISENSE;Pantalla Hisense LED Smart TV de 55 pulgadas 4K/Ultra HD Modelo 55A6G;https://www.liverpool.com.mx/tienda/pdp/pantalla-hisense-led-smart-tv-de-55-pulgadas-4k/ultra-hd-modelo-55a6g/1104497370;CE;5;https://www.liverpool.com.mx/
1037;aHR0cHM6Ly93d3cubGl2ZXJwb29sLmNvbS5teC90aWVuZGEvcGRwL3BhbnRhbGxhLWxnLW9sZWQtc21hcnQtdHYtZGUtNTUtcHVsZ2FkYXMtNGsvZG9sYnktYXRtb3Mtb2xlZDU1YzFwc2EvMTEwNTAwMzg5MzEzMTEzNDg=;SEM;2021-10-13;2021-10-08;;1311348;;;;LIVERPOOL;MX;2021-10-13 03:51;LG;Pantalla LG OLED Smart TV de 55 pulgadas 4K/Dolby Atmos OLED55C1PSA;https://www.liverpool.com.mx/tienda/pdp/pantalla-lg-oled-smart-tv-de-55-pulgadas-4k/dolby-atmos-oled55c1psa/1105003893;CE;5;https://www.liverpool.com.mx/
1038;aHR0cHM6Ly93d3cubGl2ZXJwb29sLmNvbS5teC90aWVuZGEvcGRwL3BhbnRhbGxhLWxnLW9sZWQtc21hcnQtdHYtZGUtNTUtcHVsZ2FkYXMtNGsvZG9sYnktYXRtb3Mtb2xlZDU1YzFwc2EvMTEwNTAwMzg5MzEzMTE2MzU=;SEM;2021-10-13;2021-10-08;;1311635;;;;LIVERPOOL;MX;2021-10-13 03:51;LG;Pantalla LG OLED Smart TV de 55 pulgadas 4K/Dolby Atmos OLED55C1PSA;https://www.liverpool.com.mx/tienda/pdp/pantalla-lg-oled-smart-tv-de-55-pulgadas-4k/dolby-atmos-oled55c1psa/1105003893;CE;5;https://www.liverpool.com.mx/
1039;aHR0cHM6Ly93d3cubGl2ZXJwb29sLmNvbS5teC90aWVuZGEvcGRwL3BhbnRhbGxhLXNhbXN1bmctbGVkLXNtYXJ0LXR2LWRlLTUwLXB1bGdhZGFzLTRrLXVuNTBhdTkwMDBmeHp4LzExMDYwMDc4NzYxMzIxMzQy;SEM;2021-10-13;2021-10-12;;1321342;;;;LIVERPOOL;MX;2021-10-13 03:52;SAMSUNG;Pantalla Samsung LED Smart TV de 50 Pulgadas 4K UN50AU9000FXZX;https://www.liverpool.com.mx/tienda/pdp/pantalla-samsung-led-smart-tv-de-50-pulgadas-4k-un50au9000fxzx/1106007876;CE;5;https://www.liverpool.com.mx/
1040;aHR0cHM6Ly93d3cubGl2ZXJwb29sLmNvbS5teC90aWVuZGEvcGRwL3BhbnRhbGxhLWhpc2Vuc2UtbGVkLXNtYXJ0LXR2LWRlLTYwLXB1bGdhZGFzLTRrL3VsdHJhLWhkLW1vZGVsby02MGE2Zy8xMTA0NDk3Mzg4MTMwOTkyNA==;SEM;2021-10-13;2021-10-08;;1309924;;;;LIVERPOOL;MX;2021-10-13 03:54;HISENSE;Pantalla Hisense LED Smart TV de 60 pulgadas 4K/Ultra HD Modelo 60a6g;https://www.liverpool.com.mx/tienda/pdp/pantalla-hisense-led-smart-tv-de-60-pulgadas-4k/ultra-hd-modelo-60a6g/1104497388;CE;5;https://www.liverpool.com.mx/
1041;aHR0cHM6Ly93d3cubGl2ZXJwb29sLmNvbS5teC90aWVuZGEvcGRwL3BhbnRhbGxhLWxnLWxlZC1zbWFydC10di1kZS01MC1wdWxnYWRhcy1haS10aGlucS00ay01MHVwODA1MHBzYi8xMTA1MDA0MjUzMTMxNzk1MA==;SEM;2021-10-13;2021-10-11;;1317950;;;;LIVERPOOL;MX;2021-10-13 03:54;LG;Pantalla LG LED Smart TV de 50 Pulgadas AI ThinQ 4K 50UP8050PSB;https://www.liverpool.com.mx/tienda/pdp/pantalla-lg-led-smart-tv-de-50-pulgadas-ai-thinq-4k-50up8050psb/1105004253;CE;5;https://www.liverpool.com.mx/
1042;aHR0cHM6Ly93d3cubGl2ZXJwb29sLmNvbS5teC90aWVuZGEvcGRwL3BhbnRhbGxhLWxnLW9sZWQtc21hcnQtdHYtZGUtNDgtcHVsZ2FkYXMtNGsvZG9sYnktYXRtb3Mtb2xlZDQ4YzFwc2EvMTEwNTAwMzkwNzEzMDk4MDY=;SEM;2021-10-13;2021-10-08;;1309806;;;;LIVERPOOL;MX;2021-10-13 03:56;LG;Pantalla LG OLED Smart TV de 48 Pulgadas 4K/Dolby Atmos OLED48C1PSA;https://www.liverpool.com.mx/tienda/pdp/pantalla-lg-oled-smart-tv-de-48-pulgadas-4k/dolby-atmos-oled48c1psa/1105003907;CE;5;https://www.liverpool.com.mx/
1043;aHR0cHM6Ly93d3cubGl2ZXJwb29sLmNvbS5teC90aWVuZGEvcGRwL3BhbnRhbGxhLWhpc2Vuc2UtdWxlZC1zbWFydC10di1kZS01NS1wdWxnYWRhcy1xaGQtNTV1OGctY29uLWFuZHJvaWQtdHYvMTEwNTk0MzM0OTEzMTAxOTA=;SEM;2021-10-13;2021-10-08;;1310190;;;;LIVERPOOL;MX;2021-10-13 04:01;HISENSE;Pantalla Hisense Uled Smart TV de 55 Pulgadas QHD 55U8G con Android TV;https://www.liverpool.com.mx/tienda/pdp/pantalla-hisense-uled-smart-tv-de-55-pulgadas-qhd-55u8g-con-android-tv/1105943349;CE;5;https://www.liverpool.com.mx/
1044;aHR0cHM6Ly93d3cubGl2ZXJwb29sLmNvbS5teC90aWVuZGEvcGRwL3BhbnRhbGxhLWhpc2Vuc2UtdWxlZC1zbWFydC10di1kZS02NS1wdWxnYWRhcy02NXU4Zy1jb24tYW5kcm9pZC10di8xMTA1OTQyMDQxMTMxODU4OQ==;SEM;2021-10-13;2021-10-11;;1318589;;;;LIVERPOOL;MX;2021-10-13 04:04;HISENSE;Pantalla Hisense Uled Smart TV DE 65 Pulgadas 65U8G con Android TV;https://www.liverpool.com.mx/tienda/pdp/pantalla-hisense-uled-smart-tv-de-65-pulgadas-65u8g-con-android-tv/1105942041;CE;5;https://www.liverpool.com.mx/
1045;aHR0cHM6Ly93d3cubGl2ZXJwb29sLmNvbS5teC90aWVuZGEvcGRwL1JlZnJpZ2VyYWRvci1MRy1Eb29yLWluLURvb3ItMzAtcGllcy1jJUMzJUJBYmljb3MtVGVjbm9sb2clQzMlQURhLUludmVydGVyLXktTm8tRnJvc3QtTE04NVNYRC8xMTAwMzg3MDIyMTAzODI3NQ==;SEM;2021-10-14;2021-06-05;;1038275;;;;LIVERPOOL;MX;2021-10-14 03:44;LG;Refrigerador LG Door-in-Door 30 pies cúbicos Tecnología Inverter y No Frost LM85SXD;https://www.liverpool.com.mx/tienda/pdp/Refrigerador-LG-Door-in-Door-30-pies-c%C3%BAbicos-Tecnolog%C3%ADa-Inverter-y-No-Frost-LM85SXD/1100387022;CE;5;https://www.liverpool.com.mx/
1046;aHR0cHM6Ly93d3cubGl2ZXJwb29sLmNvbS5teC90aWVuZGEvcGRwL3BhbnRhbGxhLWxnLW5hbm9jZWxsLXNtYXJ0LXR2LWRlLTUwLXB1bGdhZGFzLTRrL3VoZC01MG5hbm83NXNwYS8xMTEwMDcxMTk4MTMwODk1MQ==;SEM;2021-10-14;2021-10-07;;1308951;;;;LIVERPOOL;MX;2021-10-14 03:50;LG;Pantalla LG NanoCell Smart TV de 50 Pulgadas 4K/UHD 50NANO75SPA;https://www.liverpool.com.mx/tienda/pdp/pantalla-lg-nanocell-smart-tv-de-50-pulgadas-4k/uhd-50nano75spa/1110071198;CE;5;https://www.liverpool.com.mx/
1047;aHR0cHM6Ly93d3cubGl2ZXJwb29sLmNvbS5teC90aWVuZGEvcGRwL3BhbnRhbGxhLWxnLW5hbm9jZWxsLXNtYXJ0LXR2LWRlLTUwLXB1bGdhZGFzLTRrL3VoZC01MG5hbm83NXNwYS8xMTEwMDcxMTk4MTMxOTg1OQ==;SEM;2021-10-14;2021-10-11;;1319859;;;;LIVERPOOL;MX;2021-10-14 03:50;LG;Pantalla LG NanoCell Smart TV de 50 Pulgadas 4K/UHD 50NANO75SPA;https://www.liverpool.com.mx/tienda/pdp/pantalla-lg-nanocell-smart-tv-de-50-pulgadas-4k/uhd-50nano75spa/1110071198;CE;5;https://www.liverpool.com.mx/
1048;aHR0cHM6Ly93d3cubGl2ZXJwb29sLmNvbS5teC90aWVuZGEvcGRwL3BhbnRhbGxhLWxnLW5hbm9jZWxsLXNtYXJ0LXR2LWRlLTUwLXB1bGdhZGFzLTRrL3VoZC01MG5hbm83NXNwYS8xMTEwMDcxMTk4MTMyMjIxNQ==;SEM;2021-10-14;2021-10-12;;1322215;;;;LIVERPOOL;MX;2021-10-14 03:50;LG;Pantalla LG NanoCell Smart TV de 50 Pulgadas 4K/UHD 50NANO75SPA;https://www.liverpool.com.mx/tienda/pdp/pantalla-lg-nanocell-smart-tv-de-50-pulgadas-4k/uhd-50nano75spa/1110071198;CE;5;https://www.liverpool.com.mx/
1049;aHR0cHM6Ly93d3cubGl2ZXJwb29sLmNvbS5teC90aWVuZGEvcGRwL0JsdS1SYXktU29ueS1CRFAtUzY3MDAtbmVncm8vMTA1MTkwMjExMTEzMTk5NDM=;SEM;2021-10-14;2021-10-11;;1319943;;;;LIVERPOOL;MX;2021-10-14 03:55;SONY;Blu-Ray Sony BDP-S6700 negro;https://www.liverpool.com.mx/tienda/pdp/Blu-Ray-Sony-BDP-S6700-negro/1051902111;CE;5;https://www.liverpool.com.mx/
1050;aHR0cHM6Ly93d3cubGl2ZXJwb29sLmNvbS5teC90aWVuZGEvcGRwL1BhbnRhbGxhLUhpc2Vuc2UtTEVELVNtYXJ0LVR2LWRlLTUwLVB1bGdhZGFzLTRLLTUwUjZFLzExMTA4Nzg0MjMxMzA3NzU2;SEM;2021-10-14;2021-10-07;;1307756;;;;LIVERPOOL;MX;2021-10-14 04:13;HISENSE;Pantalla Hisense LED Smart Tv de 50 Pulgadas 4K 50R6E;https://www.liverpool.com.mx/tienda/pdp/Pantalla-Hisense-LED-Smart-Tv-de-50-Pulgadas-4K-50R6E/1110878423;CE;5;https://www.liverpool.com.mx/
1051;aHR0cHM6Ly93d3cubGl2ZXJwb29sLmNvbS5teC90aWVuZGEvcGRwL1BhbnRhbGxhLUhpc2Vuc2UtTEVELVNtYXJ0LVR2LWRlLTUwLVB1bGdhZGFzLTRLLTUwUjZFLzExMTA4Nzg0MjMxMjk1MTE0;SEM;2021-10-14;2021-10-01;;1295114;;;;LIVERPOOL;MX;2021-10-14 04:13;HISENSE;Pantalla Hisense LED Smart Tv de 50 Pulgadas 4K 50R6E;https://www.liverpool.com.mx/tienda/pdp/Pantalla-Hisense-LED-Smart-Tv-de-50-Pulgadas-4K-50R6E/1110878423;CE;4;https://www.liverpool.com.mx/
1052;aHR0cHM6Ly93d3cubGl2ZXJwb29sLmNvbS5teC90aWVuZGEvcGRwL1BhbnRhbGxhLVRDTC1MRUQtU21hcnQtVFYtZGUtMzItcHVsZ2FkYXMtSEQtTW9kZWxvLTMyQTMyNS8xMDgyODIzMjUxMzg0NDQ=;SEM;2021-10-14;2019-04-09;;38444;;;;LIVERPOOL;MX;2021-10-14 04:14;TCL;Pantalla TCL LED Smart TV de 32 pulgadas HD Modelo 32A325;https://www.liverpool.com.mx/tienda/pdp/Pantalla-TCL-LED-Smart-TV-de-32-pulgadas-HD-Modelo-32A325/1082823251;CE;5;https://www.liverpool.com.mx/
1053;aHR0cHM6Ly93d3cubGl2ZXJwb29sLmNvbS5teC90aWVuZGEvcGRwL1BhbnRhbGxhLVRDTC1MRUQtU21hcnQtVFYtZGUtMzItcHVsZ2FkYXMtSEQtTW9kZWxvLTMyQTMyNS8xMDgyODIzMjUxMzg0NTE=;SEM;2021-10-14;2019-04-09;;38451;;;;LIVERPOOL;MX;2021-10-14 04:14;TCL;Pantalla TCL LED Smart TV de 32 pulgadas HD Modelo 32A325;https://www.liverpool.com.mx/tienda/pdp/Pantalla-TCL-LED-Smart-TV-de-32-pulgadas-HD-Modelo-32A325/1082823251;CE;5;https://www.liverpool.com.mx/
1054;aHR0cHM6Ly93d3cubGl2ZXJwb29sLmNvbS5teC90aWVuZGEvcGRwL1BhbnRhbGxhLVRDTC1MRUQtU21hcnQtVFYtZGUtMzItcHVsZ2FkYXMtSEQtTW9kZWxvLTMyQTMyNS8xMDgyODIzMjUxNzkzNDg=;SEM;2021-10-14;2019-07-23;;79348;;;;LIVERPOOL;MX;2021-10-14 04:14;TCL;Pantalla TCL LED Smart TV de 32 pulgadas HD Modelo 32A325;https://www.liverpool.com.mx/tienda/pdp/Pantalla-TCL-LED-Smart-TV-de-32-pulgadas-HD-Modelo-32A325/1082823251;CE;5;https://www.liverpool.com.mx/
1055;aHR0cHM6Ly93d3cubGl2ZXJwb29sLmNvbS5teC90aWVuZGEvcGRwL1BhbnRhbGxhLVRDTC1MRUQtU21hcnQtVFYtZGUtMzItcHVsZ2FkYXMtSEQtTW9kZWxvLTMyQTMyNS8xMDgyODIzMjUxODM3MzM=;SEM;2021-10-14;2019-07-31;;83733;;;;LIVERPOOL;MX;2021-10-14 04:14;TCL;Pantalla TCL LED Smart TV de 32 pulgadas HD Modelo 32A325;https://www.liverpool.com.mx/tienda/pdp/Pantalla-TCL-LED-Smart-TV-de-32-pulgadas-HD-Modelo-32A325/1082823251;CE;4;https://www.liverpool.com.mx/
1056;aHR0cHM6Ly93d3cubGl2ZXJwb29sLmNvbS5teC90aWVuZGEvcGRwL1BhbnRhbGxhLVRDTC1MRUQtU21hcnQtVFYtZGUtMzItcHVsZ2FkYXMtSEQtTW9kZWxvLTMyQTMyNS8xMDgyODIzMjUxNDY3OTA=;SEM;2021-10-14;2019-05-06;;46790;;;;LIVERPOOL;MX;2021-10-14 04:14;TCL;Pantalla TCL LED Smart TV de 32 pulgadas HD Modelo 32A325;https://www.liverpool.com.mx/tienda/pdp/Pantalla-TCL-LED-Smart-TV-de-32-pulgadas-HD-Modelo-32A325/1082823251;CE;5;https://www.liverpool.com.mx/
1057;aHR0cHM6Ly93d3cubGl2ZXJwb29sLmNvbS5teC90aWVuZGEvcGRwL1BhbnRhbGxhLVRDTC1MRUQtU21hcnQtVFYtZGUtMzItcHVsZ2FkYXMtSEQtTW9kZWxvLTMyQTMyNS8xMDgyODIzMjUxMzg3MjQ=;SEM;2021-10-14;2019-04-10;;38724;;;;LIVERPOOL;MX;2021-10-14 04:14;TCL;Pantalla TCL LED Smart TV de 32 pulgadas HD Modelo 32A325;https://www.liverpool.com.mx/tienda/pdp/Pantalla-TCL-LED-Smart-TV-de-32-pulgadas-HD-Modelo-32A325/1082823251;CE;5;https://www.liverpool.com.mx/
1058;aHR0cHM6Ly93d3cubGl2ZXJwb29sLmNvbS5teC90aWVuZGEvcGRwL1BhbnRhbGxhLVRDTC1MRUQtU21hcnQtVFYtZGUtMzItcHVsZ2FkYXMtSEQtTW9kZWxvLTMyQTMyNS8xMDgyODIzMjUxMTYwMTQ4;SEM;2021-10-14;2020-01-02;;160148;;;;LIVERPOOL;MX;2021-10-14 04:14;TCL;Pantalla TCL LED Smart TV de 32 pulgadas HD Modelo 32A325;https://www.liverpool.com.mx/tienda/pdp/Pantalla-TCL-LED-Smart-TV-de-32-pulgadas-HD-Modelo-32A325/1082823251;CE;5;https://www.liverpool.com.mx/
1059;aHR0cHM6Ly93d3cubGl2ZXJwb29sLmNvbS5teC90aWVuZGEvcGRwL1BhbnRhbGxhLVRDTC1MRUQtU21hcnQtVFYtZGUtMzItcHVsZ2FkYXMtSEQtTW9kZWxvLTMyQTMyNS8xMDgyODIzMjUxNTEyOTM=;SEM;2021-10-14;2019-05-19;;51293;;;;LIVERPOOL;MX;2021-10-14 04:14;TCL;Pantalla TCL LED Smart TV de 32 pulgadas HD Modelo 32A325;https://www.liverpool.com.mx/tienda/pdp/Pantalla-TCL-LED-Smart-TV-de-32-pulgadas-HD-Modelo-32A325/1082823251;CE;5;https://www.liverpool.com.mx/
1060;aHR0cHM6Ly93d3cubGl2ZXJwb29sLmNvbS5teC90aWVuZGEvcGRwL1BhbnRhbGxhLVRDTC1MRUQtU21hcnQtVFYtZGUtMzItcHVsZ2FkYXMtSEQtTW9kZWxvLTMyQTMyNS8xMDgyODIzMjUxMTE2MDU5;SEM;2021-10-14;2019-10-09;;116059;;;;LIVERPOOL;MX;2021-10-14 04:14;TCL;Pantalla TCL LED Smart TV de 32 pulgadas HD Modelo 32A325;https://www.liverpool.com.mx/tienda/pdp/Pantalla-TCL-LED-Smart-TV-de-32-pulgadas-HD-Modelo-32A325/1082823251;CE;5;https://www.liverpool.com.mx/
1061;aHR0cHM6Ly93d3cubGl2ZXJwb29sLmNvbS5teC90aWVuZGEvcGRwL1BhbnRhbGxhLVRDTC1MRUQtU21hcnQtVFYtZGUtMzItcHVsZ2FkYXMtSEQtTW9kZWxvLTMyQTMyNS8xMDgyODIzMjUxNTcxOTA=;SEM;2021-10-14;2019-06-03;;57190;;;;LIVERPOOL;MX;2021-10-14 04:14;TCL;Pantalla TCL LED Smart TV de 32 pulgadas HD Modelo 32A325;https://www.liverpool.com.mx/tienda/pdp/Pantalla-TCL-LED-Smart-TV-de-32-pulgadas-HD-Modelo-32A325/1082823251;CE;5;https://www.liverpool.com.mx/
1062;aHR0cHM6Ly93d3cubGl2ZXJwb29sLmNvbS5teC90aWVuZGEvcGRwL1BhbnRhbGxhLVRDTC1MRUQtU21hcnQtVFYtZGUtMzItcHVsZ2FkYXMtSEQtTW9kZWxvLTMyQTMyNS8xMDgyODIzMjUxNDc0NjU=;SEM;2021-10-14;2019-05-08;;47465;;;;LIVERPOOL;MX;2021-10-14 04:14;TCL;Pantalla TCL LED Smart TV de 32 pulgadas HD Modelo 32A325;https://www.liverpool.com.mx/tienda/pdp/Pantalla-TCL-LED-Smart-TV-de-32-pulgadas-HD-Modelo-32A325/1082823251;CE;5;https://www.liverpool.com.mx/
1063;aHR0cHM6Ly93d3cubGl2ZXJwb29sLmNvbS5teC90aWVuZGEvcGRwL1BhbnRhbGxhLVRDTC1MRUQtU21hcnQtVFYtZGUtMzItcHVsZ2FkYXMtSEQtTW9kZWxvLTMyQTMyNS8xMDgyODIzMjUxMjIxMzU3;SEM;2021-10-14;2020-04-20;;221357;;;;LIVERPOOL;MX;2021-10-14 04:14;TCL;Pantalla TCL LED Smart TV de 32 pulgadas HD Modelo 32A325;https://www.liverpool.com.mx/tienda/pdp/Pantalla-TCL-LED-Smart-TV-de-32-pulgadas-HD-Modelo-32A325/1082823251;CE;5;https://www.liverpool.com.mx/
1064;aHR0cHM6Ly93d3cubGl2ZXJwb29sLmNvbS5teC90aWVuZGEvcGRwL1BhbnRhbGxhLVRDTC1MRUQtU21hcnQtVFYtZGUtMzItcHVsZ2FkYXMtSEQtTW9kZWxvLTMyQTMyNS8xMDgyODIzMjUxMTg3Mzk3;SEM;2021-10-14;2020-02-17;;187397;;;;LIVERPOOL;MX;2021-10-14 04:14;TCL;Pantalla TCL LED Smart TV de 32 pulgadas HD Modelo 32A325;https://www.liverpool.com.mx/tienda/pdp/Pantalla-TCL-LED-Smart-TV-de-32-pulgadas-HD-Modelo-32A325/1082823251;CE;5;https://www.liverpool.com.mx/
1065;aHR0cHM6Ly93d3cubGl2ZXJwb29sLmNvbS5teC90aWVuZGEvcGRwL1BhbnRhbGxhLVRDTC1MRUQtU21hcnQtVFYtZGUtMzItcHVsZ2FkYXMtSEQtTW9kZWxvLTMyQTMyNS8xMDgyODIzMjUxMTMxMzc2;SEM;2021-10-14;2019-11-11;;131376;;;;LIVERPOOL;MX;2021-10-14 04:14;TCL;Pantalla TCL LED Smart TV de 32 pulgadas HD Modelo 32A325;https://www.liverpool.com.mx/tienda/pdp/Pantalla-TCL-LED-Smart-TV-de-32-pulgadas-HD-Modelo-32A325/1082823251;CE;5;https://www.liverpool.com.mx/
1066;aHR0cHM6Ly93d3cubGl2ZXJwb29sLmNvbS5teC90aWVuZGEvcGRwL1BhbnRhbGxhLVRDTC1MRUQtU21hcnQtVFYtZGUtMzItcHVsZ2FkYXMtSEQtTW9kZWxvLTMyQTMyNS8xMDgyODIzMjUxMTYxMzkx;SEM;2021-10-14;2020-01-03;;161391;;;;LIVERPOOL;MX;2021-10-14 04:14;TCL;Pantalla TCL LED Smart TV de 32 pulgadas HD Modelo 32A325;https://www.liverpool.com.mx/tienda/pdp/Pantalla-TCL-LED-Smart-TV-de-32-pulgadas-HD-Modelo-32A325/1082823251;CE;5;https://www.liverpool.com.mx/
1067;aHR0cHM6Ly93d3cubGl2ZXJwb29sLmNvbS5teC90aWVuZGEvcGRwL1BhbnRhbGxhLVRDTC1MRUQtU21hcnQtVFYtZGUtMzItcHVsZ2FkYXMtSEQtTW9kZWxvLTMyQTMyNS8xMDgyODIzMjUxMjI3MDYx;SEM;2021-10-14;2020-04-25;;227061;;;;LIVERPOOL;MX;2021-10-14 04:14;TCL;Pantalla TCL LED Smart TV de 32 pulgadas HD Modelo 32A325;https://www.liverpool.com.mx/tienda/pdp/Pantalla-TCL-LED-Smart-TV-de-32-pulgadas-HD-Modelo-32A325/1082823251;CE;5;https://www.liverpool.com.mx/
1068;aHR0cHM6Ly93d3cubGl2ZXJwb29sLmNvbS5teC90aWVuZGEvcGRwL1BhbnRhbGxhLVRDTC1MRUQtU21hcnQtVFYtZGUtMzItcHVsZ2FkYXMtSEQtTW9kZWxvLTMyQTMyNS8xMDgyODIzMjUxNDk5NjI=;SEM;2021-10-14;2019-05-16;;49962;;;;LIVERPOOL;MX;2021-10-14 04:14;TCL;Pantalla TCL LED Smart TV de 32 pulgadas HD Modelo 32A325;https://www.liverpool.com.mx/tienda/pdp/Pantalla-TCL-LED-Smart-TV-de-32-pulgadas-HD-Modelo-32A325/1082823251;CE;5;https://www.liverpool.com.mx/
1069;aHR0cHM6Ly93d3cubGl2ZXJwb29sLmNvbS5teC90aWVuZGEvcGRwL1BhbnRhbGxhLVRDTC1MRUQtU21hcnQtVFYtZGUtMzItcHVsZ2FkYXMtSEQtTW9kZWxvLTMyQTMyNS8xMDgyODIzMjUxMTQ4OTI1;SEM;2021-10-14;2019-12-10;;148925;;;;LIVERPOOL;MX;2021-10-14 04:14;TCL;Pantalla TCL LED Smart TV de 32 pulgadas HD Modelo 32A325;https://www.liverpool.com.mx/tienda/pdp/Pantalla-TCL-LED-Smart-TV-de-32-pulgadas-HD-Modelo-32A325/1082823251;CE;4;https://www.liverpool.com.mx/
1070;aHR0cHM6Ly93d3cubGl2ZXJwb29sLmNvbS5teC90aWVuZGEvcGRwL1BhbnRhbGxhLVRDTC1MRUQtU21hcnQtVFYtZGUtMzItcHVsZ2FkYXMtSEQtTW9kZWxvLTMyQTMyNS8xMDgyODIzMjUxMTIxNjg1;SEM;2021-10-14;2019-10-21;;121685;;;;LIVERPOOL;MX;2021-10-14 04:14;TCL;Pantalla TCL LED Smart TV de 32 pulgadas HD Modelo 32A325;https://www.liverpool.com.mx/tienda/pdp/Pantalla-TCL-LED-Smart-TV-de-32-pulgadas-HD-Modelo-32A325/1082823251;CE;1;https://www.liverpool.com.mx/
1071;aHR0cHM6Ly93d3cubGl2ZXJwb29sLmNvbS5teC90aWVuZGEvcGRwL1BhbnRhbGxhLVRDTC1MRUQtU21hcnQtVFYtZGUtMzItcHVsZ2FkYXMtSEQtTW9kZWxvLTMyQTMyNS8xMDgyODIzMjUxNjE4NzUz;SEM;2021-10-14;2020-10-01;;618753;;;;LIVERPOOL;MX;2021-10-14 04:14;TCL;Pantalla TCL LED Smart TV de 32 pulgadas HD Modelo 32A325;https://www.liverpool.com.mx/tienda/pdp/Pantalla-TCL-LED-Smart-TV-de-32-pulgadas-HD-Modelo-32A325/1082823251;CE;5;https://www.liverpool.com.mx/
1072;aHR0cHM6Ly93d3cubGl2ZXJwb29sLmNvbS5teC90aWVuZGEvcGRwL1BhbnRhbGxhLVRDTC1MRUQtU21hcnQtVFYtZGUtMzItcHVsZ2FkYXMtSEQtTW9kZWxvLTMyQTMyNS8xMDgyODIzMjUxMTg2Njcx;SEM;2021-10-14;2020-02-16;;186671;;;;LIVERPOOL;MX;2021-10-14 04:14;TCL;Pantalla TCL LED Smart TV de 32 pulgadas HD Modelo 32A325;https://www.liverpool.com.mx/tienda/pdp/Pantalla-TCL-LED-Smart-TV-de-32-pulgadas-HD-Modelo-32A325/1082823251;CE;5;https://www.liverpool.com.mx/
1073;aHR0cHM6Ly93d3cubGl2ZXJwb29sLmNvbS5teC90aWVuZGEvcGRwL1BhbnRhbGxhLVRDTC1MRUQtU21hcnQtVFYtZGUtMzItcHVsZ2FkYXMtSEQtTW9kZWxvLTMyQTMyNS8xMDgyODIzMjUxMTU2NDk4;SEM;2021-10-14;2019-12-25;;156498;;;;LIVERPOOL;MX;2021-10-14 04:14;TCL;Pantalla TCL LED Smart TV de 32 pulgadas HD Modelo 32A325;https://www.liverpool.com.mx/tienda/pdp/Pantalla-TCL-LED-Smart-TV-de-32-pulgadas-HD-Modelo-32A325/1082823251;CE;5;https://www.liverpool.com.mx/
1074;aHR0cHM6Ly93d3cubGl2ZXJwb29sLmNvbS5teC90aWVuZGEvcGRwL1BhbnRhbGxhLVRDTC1MRUQtU21hcnQtVFYtZGUtMzItcHVsZ2FkYXMtSEQtTW9kZWxvLTMyQTMyNS8xMDgyODIzMjUxMjA1OTUy;SEM;2021-10-14;2020-03-30;;205952;;;;LIVERPOOL;MX;2021-10-14 04:14;TCL;Pantalla TCL LED Smart TV de 32 pulgadas HD Modelo 32A325;https://www.liverpool.com.mx/tienda/pdp/Pantalla-TCL-LED-Smart-TV-de-32-pulgadas-HD-Modelo-32A325/1082823251;CE;5;https://www.liverpool.com.mx/
1075;aHR0cHM6Ly93d3cubGl2ZXJwb29sLmNvbS5teC90aWVuZGEvcGRwL1BhbnRhbGxhLVRDTC1MRUQtU21hcnQtVFYtZGUtMzItcHVsZ2FkYXMtSEQtTW9kZWxvLTMyQTMyNS8xMDgyODIzMjUxNTY4MTI=;SEM;2021-10-14;2019-06-02;;56812;;;;LIVERPOOL;MX;2021-10-14 04:14;TCL;Pantalla TCL LED Smart TV de 32 pulgadas HD Modelo 32A325;https://www.liverpool.com.mx/tienda/pdp/Pantalla-TCL-LED-Smart-TV-de-32-pulgadas-HD-Modelo-32A325/1082823251;CE;5;https://www.liverpool.com.mx/
1076;aHR0cHM6Ly93d3cubGl2ZXJwb29sLmNvbS5teC90aWVuZGEvcGRwL1BhbnRhbGxhLVRDTC1MRUQtU21hcnQtVFYtZGUtMzItcHVsZ2FkYXMtSEQtTW9kZWxvLTMyQTMyNS8xMDgyODIzMjUxMTI2NDY4;SEM;2021-10-14;2019-11-01;;126468;;;;LIVERPOOL;MX;2021-10-14 04:14;TCL;Pantalla TCL LED Smart TV de 32 pulgadas HD Modelo 32A325;https://www.liverpool.com.mx/tienda/pdp/Pantalla-TCL-LED-Smart-TV-de-32-pulgadas-HD-Modelo-32A325/1082823251;CE;5;https://www.liverpool.com.mx/
1077;aHR0cHM6Ly93d3cubGl2ZXJwb29sLmNvbS5teC90aWVuZGEvcGRwL1BhbnRhbGxhLVRDTC1MRUQtU21hcnQtVFYtZGUtMzItcHVsZ2FkYXMtSEQtTW9kZWxvLTMyQTMyNS8xMDgyODIzMjUxMjM0NTk1;SEM;2021-10-14;2020-05-02;;234595;;;;LIVERPOOL;MX;2021-10-14 04:14;TCL;Pantalla TCL LED Smart TV de 32 pulgadas HD Modelo 32A325;https://www.liverpool.com.mx/tienda/pdp/Pantalla-TCL-LED-Smart-TV-de-32-pulgadas-HD-Modelo-32A325/1082823251;CE;5;https://www.liverpool.com.mx/
1078;aHR0cHM6Ly93d3cubGl2ZXJwb29sLmNvbS5teC90aWVuZGEvcGRwL1BhbnRhbGxhLVRDTC1MRUQtU21hcnQtVFYtZGUtMzItcHVsZ2FkYXMtSEQtTW9kZWxvLTMyQTMyNS8xMDgyODIzMjUxNjYzMTU4;SEM;2021-10-14;2020-12-03;;663158;;;;LIVERPOOL;MX;2021-10-14 04:14;TCL;Pantalla TCL LED Smart TV de 32 pulgadas HD Modelo 32A325;https://www.liverpool.com.mx/tienda/pdp/Pantalla-TCL-LED-Smart-TV-de-32-pulgadas-HD-Modelo-32A325/1082823251;CE;5;https://www.liverpool.com.mx/
1079;aHR0cHM6Ly93d3cubGl2ZXJwb29sLmNvbS5teC90aWVuZGEvcGRwL1BhbnRhbGxhLVRDTC1MRUQtU21hcnQtVFYtZGUtMzItcHVsZ2FkYXMtSEQtTW9kZWxvLTMyQTMyNS8xMDgyODIzMjUxNjUzNzA0;SEM;2021-10-14;2020-11-21;;653704;;;;LIVERPOOL;MX;2021-10-14 04:14;TCL;Pantalla TCL LED Smart TV de 32 pulgadas HD Modelo 32A325;https://www.liverpool.com.mx/tienda/pdp/Pantalla-TCL-LED-Smart-TV-de-32-pulgadas-HD-Modelo-32A325/1082823251;CE;5;https://www.liverpool.com.mx/
1080;aHR0cHM6Ly93d3cubGl2ZXJwb29sLmNvbS5teC90aWVuZGEvcGRwL1BhbnRhbGxhLVRDTC1MRUQtU21hcnQtVFYtZGUtMzItcHVsZ2FkYXMtSEQtTW9kZWxvLTMyQTMyNS8xMDgyODIzMjUxMTIwNDYw;SEM;2021-10-14;2019-10-18;;120460;;;;LIVERPOOL;MX;2021-10-14 04:14;TCL;Pantalla TCL LED Smart TV de 32 pulgadas HD Modelo 32A325;https://www.liverpool.com.mx/tienda/pdp/Pantalla-TCL-LED-Smart-TV-de-32-pulgadas-HD-Modelo-32A325/1082823251;CE;5;https://www.liverpool.com.mx/
1081;aHR0cHM6Ly93d3cubGl2ZXJwb29sLmNvbS5teC90aWVuZGEvcGRwL1BhbnRhbGxhLVRDTC1MRUQtU21hcnQtVFYtZGUtMzItcHVsZ2FkYXMtSEQtTW9kZWxvLTMyQTMyNS8xMDgyODIzMjUxMTM3Mzcy;SEM;2021-10-14;2019-11-21;;137372;;;;LIVERPOOL;MX;2021-10-14 04:14;TCL;Pantalla TCL LED Smart TV de 32 pulgadas HD Modelo 32A325;https://www.liverpool.com.mx/tienda/pdp/Pantalla-TCL-LED-Smart-TV-de-32-pulgadas-HD-Modelo-32A325/1082823251;CE;5;https://www.liverpool.com.mx/
1082;aHR0cHM6Ly93d3cubGl2ZXJwb29sLmNvbS5teC90aWVuZGEvcGRwL1BhbnRhbGxhLVRDTC1MRUQtU21hcnQtVFYtZGUtMzItcHVsZ2FkYXMtSEQtTW9kZWxvLTMyQTMyNS8xMDgyODIzMjUxNjY2Mjk1;SEM;2021-10-14;2020-12-09;;666295;;;;LIVERPOOL;MX;2021-10-14 04:14;TCL;Pantalla TCL LED Smart TV de 32 pulgadas HD Modelo 32A325;https://www.liverpool.com.mx/tienda/pdp/Pantalla-TCL-LED-Smart-TV-de-32-pulgadas-HD-Modelo-32A325/1082823251;CE;5;https://www.liverpool.com.mx/
1083;aHR0cHM6Ly93d3cubGl2ZXJwb29sLmNvbS5teC90aWVuZGEvcGRwL1BhbnRhbGxhLVRDTC1MRUQtU21hcnQtVFYtZGUtMzItcHVsZ2FkYXMtSEQtTW9kZWxvLTMyQTMyNS8xMDgyODIzMjUxMTM0MTQz;SEM;2021-10-14;2019-11-16;;134143;;;;LIVERPOOL;MX;2021-10-14 04:14;TCL;Pantalla TCL LED Smart TV de 32 pulgadas HD Modelo 32A325;https://www.liverpool.com.mx/tienda/pdp/Pantalla-TCL-LED-Smart-TV-de-32-pulgadas-HD-Modelo-32A325/1082823251;CE;5;https://www.liverpool.com.mx/
1084;aHR0cHM6Ly93d3cubGl2ZXJwb29sLmNvbS5teC90aWVuZGEvcGRwL1BhbnRhbGxhLVRDTC1MRUQtU21hcnQtVFYtZGUtMzItcHVsZ2FkYXMtSEQtTW9kZWxvLTMyQTMyNS8xMDgyODIzMjUxMjA5NjA5;SEM;2021-10-14;2020-04-06;;209609;;;;LIVERPOOL;MX;2021-10-14 04:14;TCL;Pantalla TCL LED Smart TV de 32 pulgadas HD Modelo 32A325;https://www.liverpool.com.mx/tienda/pdp/Pantalla-TCL-LED-Smart-TV-de-32-pulgadas-HD-Modelo-32A325/1082823251;CE;4;https://www.liverpool.com.mx/
1085;aHR0cHM6Ly93d3cubGl2ZXJwb29sLmNvbS5teC90aWVuZGEvcGRwL1BhbnRhbGxhLVRDTC1MRUQtU21hcnQtVFYtZGUtMzItcHVsZ2FkYXMtSEQtTW9kZWxvLTMyQTMyNS8xMDgyODIzMjUxMzU3OTk2;SEM;2021-10-14;2020-07-01;;357996;;;;LIVERPOOL;MX;2021-10-14 04:14;TCL;Pantalla TCL LED Smart TV de 32 pulgadas HD Modelo 32A325;https://www.liverpool.com.mx/tienda/pdp/Pantalla-TCL-LED-Smart-TV-de-32-pulgadas-HD-Modelo-32A325/1082823251;CE;2;https://www.liverpool.com.mx/
1086;aHR0cHM6Ly93d3cubGl2ZXJwb29sLmNvbS5teC90aWVuZGEvcGRwL1BhbnRhbGxhLVRDTC1MRUQtU21hcnQtVFYtZGUtMzItcHVsZ2FkYXMtSEQtTW9kZWxvLTMyQTMyNS8xMDgyODIzMjUxNTE0NjM1;SEM;2021-10-14;2020-08-12;;514635;;;;LIVERPOOL;MX;2021-10-14 04:14;TCL;Pantalla TCL LED Smart TV de 32 pulgadas HD Modelo 32A325;https://www.liverpool.com.mx/tienda/pdp/Pantalla-TCL-LED-Smart-TV-de-32-pulgadas-HD-Modelo-32A325/1082823251;CE;5;https://www.liverpool.com.mx/
1087;aHR0cHM6Ly93d3cubGl2ZXJwb29sLmNvbS5teC90aWVuZGEvcGRwL1BhbnRhbGxhLVRDTC1MRUQtU21hcnQtVFYtZGUtMzItcHVsZ2FkYXMtSEQtTW9kZWxvLTMyQTMyNS8xMDgyODIzMjUxMTE4MDk1;SEM;2021-10-14;2019-10-13;;118095;;;;LIVERPOOL;MX;2021-10-14 04:14;TCL;Pantalla TCL LED Smart TV de 32 pulgadas HD Modelo 32A325;https://www.liverpool.com.mx/tienda/pdp/Pantalla-TCL-LED-Smart-TV-de-32-pulgadas-HD-Modelo-32A325/1082823251;CE;5;https://www.liverpool.com.mx/
1088;aHR0cHM6Ly93d3cubGl2ZXJwb29sLmNvbS5teC90aWVuZGEvcGRwL1BhbnRhbGxhLVRDTC1MRUQtU21hcnQtVFYtZGUtMzItcHVsZ2FkYXMtSEQtTW9kZWxvLTMyQTMyNS8xMDgyODIzMjUxNDQzMjQ5;SEM;2021-10-14;2020-07-30;;443249;;;;LIVERPOOL;MX;2021-10-14 04:14;TCL;Pantalla TCL LED Smart TV de 32 pulgadas HD Modelo 32A325;https://www.liverpool.com.mx/tienda/pdp/Pantalla-TCL-LED-Smart-TV-de-32-pulgadas-HD-Modelo-32A325/1082823251;CE;5;https://www.liverpool.com.mx/
1089;aHR0cHM6Ly93d3cubGl2ZXJwb29sLmNvbS5teC90aWVuZGEvcGRwL1BhbnRhbGxhLVRDTC1MRUQtU21hcnQtVFYtZGUtMzItcHVsZ2FkYXMtSEQtTW9kZWxvLTMyQTMyNS8xMDgyODIzMjUxNjM0NDk0;SEM;2021-10-14;2020-10-22;;634494;;;;LIVERPOOL;MX;2021-10-14 04:14;TCL;Pantalla TCL LED Smart TV de 32 pulgadas HD Modelo 32A325;https://www.liverpool.com.mx/tienda/pdp/Pantalla-TCL-LED-Smart-TV-de-32-pulgadas-HD-Modelo-32A325/1082823251;CE;5;https://www.liverpool.com.mx/
1090;aHR0cHM6Ly93d3cubGl2ZXJwb29sLmNvbS5teC90aWVuZGEvcGRwL1BhbnRhbGxhLVRDTC1MRUQtU21hcnQtVFYtZGUtMzItcHVsZ2FkYXMtSEQtTW9kZWxvLTMyQTMyNS8xMDgyODIzMjUxMjA1OTY3;SEM;2021-10-14;2020-03-30;;205967;;;;LIVERPOOL;MX;2021-10-14 04:14;TCL;Pantalla TCL LED Smart TV de 32 pulgadas HD Modelo 32A325;https://www.liverpool.com.mx/tienda/pdp/Pantalla-TCL-LED-Smart-TV-de-32-pulgadas-HD-Modelo-32A325/1082823251;CE;5;https://www.liverpool.com.mx/
1091;aHR0cHM6Ly93d3cubGl2ZXJwb29sLmNvbS5teC90aWVuZGEvcGRwL1BhbnRhbGxhLVRDTC1MRUQtU21hcnQtVFYtZGUtMzItcHVsZ2FkYXMtSEQtTW9kZWxvLTMyQTMyNS8xMDgyODIzMjUxNTAzMTg3;SEM;2021-10-14;2020-08-09;;503187;;;;LIVERPOOL;MX;2021-10-14 04:14;TCL;Pantalla TCL LED Smart TV de 32 pulgadas HD Modelo 32A325;https://www.liverpool.com.mx/tienda/pdp/Pantalla-TCL-LED-Smart-TV-de-32-pulgadas-HD-Modelo-32A325/1082823251;CE;5;https://www.liverpool.com.mx/
1092;aHR0cHM6Ly93d3cubGl2ZXJwb29sLmNvbS5teC90aWVuZGEvcGRwL1BhbnRhbGxhLVRDTC1MRUQtU21hcnQtVFYtZGUtMzItcHVsZ2FkYXMtSEQtTW9kZWxvLTMyQTMyNS8xMDgyODIzMjUxMzAxNzI3;SEM;2021-10-14;2020-06-12;;301727;;;;LIVERPOOL;MX;2021-10-14 04:14;TCL;Pantalla TCL LED Smart TV de 32 pulgadas HD Modelo 32A325;https://www.liverpool.com.mx/tienda/pdp/Pantalla-TCL-LED-Smart-TV-de-32-pulgadas-HD-Modelo-32A325/1082823251;CE;5;https://www.liverpool.com.mx/
1093;aHR0cHM6Ly93d3cubGl2ZXJwb29sLmNvbS5teC90aWVuZGEvcGRwL1BhbnRhbGxhLVRDTC1MRUQtU21hcnQtVFYtZGUtMzItcHVsZ2FkYXMtSEQtTW9kZWxvLTMyQTMyNS8xMDgyODIzMjUxMzY1NTIz;SEM;2021-10-14;2020-07-05;;365523;;;;LIVERPOOL;MX;2021-10-14 04:14;TCL;Pantalla TCL LED Smart TV de 32 pulgadas HD Modelo 32A325;https://www.liverpool.com.mx/tienda/pdp/Pantalla-TCL-LED-Smart-TV-de-32-pulgadas-HD-Modelo-32A325/1082823251;CE;5;https://www.liverpool.com.mx/
1094;aHR0cHM6Ly93d3cubGl2ZXJwb29sLmNvbS5teC90aWVuZGEvcGRwL1BhbnRhbGxhLVRDTC1MRUQtU21hcnQtVFYtZGUtMzItcHVsZ2FkYXMtSEQtTW9kZWxvLTMyQTMyNS8xMDgyODIzMjUxMjM2MjQ3;SEM;2021-10-14;2020-05-03;;236247;;;;LIVERPOOL;MX;2021-10-14 04:14;TCL;Pantalla TCL LED Smart TV de 32 pulgadas HD Modelo 32A325;https://www.liverpool.com.mx/tienda/pdp/Pantalla-TCL-LED-Smart-TV-de-32-pulgadas-HD-Modelo-32A325/1082823251;CE;5;https://www.liverpool.com.mx/
1095;aHR0cHM6Ly93d3cubGl2ZXJwb29sLmNvbS5teC90aWVuZGEvcGRwL1BhbnRhbGxhLVRDTC1MRUQtU21hcnQtVFYtZGUtMzItcHVsZ2FkYXMtSEQtTW9kZWxvLTMyQTMyNS8xMDgyODIzMjUxNjE0NDMy;SEM;2021-10-14;2020-09-25;;614432;;;;LIVERPOOL;MX;2021-10-14 04:14;TCL;Pantalla TCL LED Smart TV de 32 pulgadas HD Modelo 32A325;https://www.liverpool.com.mx/tienda/pdp/Pantalla-TCL-LED-Smart-TV-de-32-pulgadas-HD-Modelo-32A325/1082823251;CE;5;https://www.liverpool.com.mx/
1096;aHR0cHM6Ly93d3cubGl2ZXJwb29sLmNvbS5teC90aWVuZGEvcGRwL1BhbnRhbGxhLVRDTC1MRUQtU21hcnQtVFYtZGUtMzItcHVsZ2FkYXMtSEQtTW9kZWxvLTMyQTMyNS8xMDgyODIzMjUxNTk5NDY=;SEM;2021-10-14;2019-06-10;;59946;;;;LIVERPOOL;MX;2021-10-14 04:14;TCL;Pantalla TCL LED Smart TV de 32 pulgadas HD Modelo 32A325;https://www.liverpool.com.mx/tienda/pdp/Pantalla-TCL-LED-Smart-TV-de-32-pulgadas-HD-Modelo-32A325/1082823251;CE;5;https://www.liverpool.com.mx/
1097;aHR0cHM6Ly93d3cubGl2ZXJwb29sLmNvbS5teC90aWVuZGEvcGRwL1BhbnRhbGxhLVRDTC1MRUQtU21hcnQtVFYtZGUtMzItcHVsZ2FkYXMtSEQtTW9kZWxvLTMyQTMyNS8xMDgyODIzMjUxNDQwMTE3;SEM;2021-10-14;2020-07-30;;440117;;;;LIVERPOOL;MX;2021-10-14 04:14;TCL;Pantalla TCL LED Smart TV de 32 pulgadas HD Modelo 32A325;https://www.liverpool.com.mx/tienda/pdp/Pantalla-TCL-LED-Smart-TV-de-32-pulgadas-HD-Modelo-32A325/1082823251;CE;5;https://www.liverpool.com.mx/
1098;aHR0cHM6Ly93d3cubGl2ZXJwb29sLmNvbS5teC90aWVuZGEvcGRwL1BhbnRhbGxhLVRDTC1MRUQtU21hcnQtVFYtZGUtMzItcHVsZ2FkYXMtSEQtTW9kZWxvLTMyQTMyNS8xMDgyODIzMjUxNTc4NjE3;SEM;2021-10-14;2020-09-03;;578617;;;;LIVERPOOL;MX;2021-10-14 04:14;TCL;Pantalla TCL LED Smart TV de 32 pulgadas HD Modelo 32A325;https://www.liverpool.com.mx/tienda/pdp/Pantalla-TCL-LED-Smart-TV-de-32-pulgadas-HD-Modelo-32A325/1082823251;CE;5;https://www.liverpool.com.mx/
1099;aHR0cHM6Ly93d3cubGl2ZXJwb29sLmNvbS5teC90aWVuZGEvcGRwL1BhbnRhbGxhLVRDTC1MRUQtU21hcnQtVFYtZGUtMzItcHVsZ2FkYXMtSEQtTW9kZWxvLTMyQTMyNS8xMDgyODIzMjUxNjI1OTc4;SEM;2021-10-14;2020-10-09;;625978;;;;LIVERPOOL;MX;2021-10-14 04:14;TCL;Pantalla TCL LED Smart TV de 32 pulgadas HD Modelo 32A325;https://www.liverpool.com.mx/tienda/pdp/Pantalla-TCL-LED-Smart-TV-de-32-pulgadas-HD-Modelo-32A325/1082823251;CE;5;https://www.liverpool.com.mx/
1100;aHR0cHM6Ly93d3cubGl2ZXJwb29sLmNvbS5teC90aWVuZGEvcGRwL1BhbnRhbGxhLVRDTC1MRUQtU21hcnQtVFYtZGUtMzItcHVsZ2FkYXMtSEQtTW9kZWxvLTMyQTMyNS8xMDgyODIzMjUxNDEyNDg4;SEM;2021-10-14;2020-07-20;;412488;;;;LIVERPOOL;MX;2021-10-14 04:14;TCL;Pantalla TCL LED Smart TV de 32 pulgadas HD Modelo 32A325;https://www.liverpool.com.mx/tienda/pdp/Pantalla-TCL-LED-Smart-TV-de-32-pulgadas-HD-Modelo-32A325/1082823251;CE;5;https://www.liverpool.com.mx/
1101;aHR0cHM6Ly93d3cubGl2ZXJwb29sLmNvbS5teC90aWVuZGEvcGRwL1BhbnRhbGxhLVRDTC1MRUQtU21hcnQtVFYtZGUtMzItcHVsZ2FkYXMtSEQtTW9kZWxvLTMyQTMyNS8xMDgyODIzMjUxODkwNjk4;SEM;2021-10-14;2021-04-07;;890698;;;;LIVERPOOL;MX;2021-10-14 04:14;TCL;Pantalla TCL LED Smart TV de 32 pulgadas HD Modelo 32A325;https://www.liverpool.com.mx/tienda/pdp/Pantalla-TCL-LED-Smart-TV-de-32-pulgadas-HD-Modelo-32A325/1082823251;CE;5;https://www.liverpool.com.mx/
1102;aHR0cHM6Ly93d3cubGl2ZXJwb29sLmNvbS5teC90aWVuZGEvcGRwL1BhbnRhbGxhLVNhbXN1bmctTEVELVNtYXJ0LVRWLWRlLTY1LVB1bGdhZGFzLTRLLVVONjVBVTkwMDBGWFpYLzExMDYwMDgwMzExMzE5ODU2;SEM;2021-10-14;2021-10-11;;1319856;;;;LIVERPOOL;MX;2021-10-14 04:18;SAMSUNG;Pantalla Samsung LED Smart TV de 65 Pulgadas 4K UN65AU9000FXZX;https://www.liverpool.com.mx/tienda/pdp/Pantalla-Samsung-LED-Smart-TV-de-65-Pulgadas-4K-UN65AU9000FXZX/1106008031;CE;5;https://www.liverpool.com.mx/
1103;aHR0cHM6Ly93d3cubGl2ZXJwb29sLmNvbS5teC90aWVuZGEvcGRwL1BhbnRhbGxhLVNhbXN1bmctTEVELVNtYXJ0LVRWLWRlLTY1LVB1bGdhZGFzLTRLLVVONjVBVTkwMDBGWFpYLzExMDYwMDgwMzExMzE0NjE2;SEM;2021-10-14;2021-10-09;;1314616;;;;LIVERPOOL;MX;2021-10-14 04:18;SAMSUNG;Pantalla Samsung LED Smart TV de 65 Pulgadas 4K UN65AU9000FXZX;https://www.liverpool.com.mx/tienda/pdp/Pantalla-Samsung-LED-Smart-TV-de-65-Pulgadas-4K-UN65AU9000FXZX/1106008031;CE;5;https://www.liverpool.com.mx/
1104;aHR0cHM6Ly93d3cubGl2ZXJwb29sLmNvbS5teC90aWVuZGEvcGRwL3BhbnRhbGxhLWhpc2Vuc2UtbGVkLXNtYXJ0LXR2LWRlLTQzLXB1bGdhZGFzLWZ1bGwtaGQtbW9kZWxvLTQzaDU1MDBnLzEwOTk4NDI1MjcxMzIwNTQ3;SEM;2021-10-14;2021-10-11;;1320547;;;;LIVERPOOL;MX;2021-10-14 04:21;HISENSE;Pantalla Hisense LED Smart TV de 43 pulgadas Full HD Modelo 43H5500G;https://www.liverpool.com.mx/tienda/pdp/pantalla-hisense-led-smart-tv-de-43-pulgadas-full-hd-modelo-43h5500g/1099842527;CE;5;https://www.liverpool.com.mx/
1105;aHR0cHM6Ly93d3cubGl2ZXJwb29sLmNvbS5teC90aWVuZGEvcGRwL3BhbnRhbGxhLWhpc2Vuc2UtbGVkLXNtYXJ0LXR2LWRlLTQzLXB1bGdhZGFzLWZ1bGwtaGQtbW9kZWxvLTQzaDU1MDBnLzEwOTk4NDI1MjcxMzE1Nzg5;SEM;2021-10-14;2021-10-10;;1315789;;;;LIVERPOOL;MX;2021-10-14 04:21;HISENSE;Pantalla Hisense LED Smart TV de 43 pulgadas Full HD Modelo 43H5500G;https://www.liverpool.com.mx/tienda/pdp/pantalla-hisense-led-smart-tv-de-43-pulgadas-full-hd-modelo-43h5500g/1099842527;CE;5;https://www.liverpool.com.mx/
1106;aHR0cHM6Ly93d3cubGl2ZXJwb29sLmNvbS5teC90aWVuZGEvcGRwL3BhbnRhbGxhLWhpc2Vuc2UtbGVkLXNtYXJ0LXR2LWRlLTU1LXB1bGdhZGFzLTRrL3VsdHJhLWhkLW1vZGVsby01NWE2Zy8xMTA0NDk3MzcwMTMyMjcyNA==;SEM;2021-10-14;2021-10-13;;1322724;;;;LIVERPOOL;MX;2021-10-14 04:26;HISENSE;Pantalla Hisense LED Smart TV de 55 pulgadas 4K/Ultra HD Modelo 55A6G;https://www.liverpool.com.mx/tienda/pdp/pantalla-hisense-led-smart-tv-de-55-pulgadas-4k/ultra-hd-modelo-55a6g/1104497370;CE;5;https://www.liverpool.com.mx/
1107;aHR0cHM6Ly93d3cubGl2ZXJwb29sLmNvbS5teC90aWVuZGEvcGRwL3BhbnRhbGxhLXNhbXN1bmctbGVkLXNtYXJ0LXR2LWRlLTY1LXB1bGdhZGFzLTRrLXVuNjVhdTkwMDBmeHp4LzExMDYwMDgwMzExMzE0NjE2;SEM;2021-10-14;2021-10-09;;1314616;;;;LIVERPOOL;MX;2021-10-14 04:30;SAMSUNG;Pantalla Samsung LED Smart TV de 65 Pulgadas 4K UN65AU9000FXZX;https://www.liverpool.com.mx/tienda/pdp/pantalla-samsung-led-smart-tv-de-65-pulgadas-4k-un65au9000fxzx/1106008031;CE;5;https://www.liverpool.com.mx/
1108;aHR0cHM6Ly93d3cubGl2ZXJwb29sLmNvbS5teC90aWVuZGEvcGRwL3BhbnRhbGxhLXNvbnktbGNkLXNtYXJ0LXR2LWRlLTMyLXB1bGdhZGFzLWZ1bGwtaGQtY29uLWxpbnV4LzEwNDc2Njk1NTAxMzIyNzU2;SEM;2021-10-14;2021-10-13;;1322756;;;;LIVERPOOL;MX;2021-10-14 04:37;SONY;Pantalla Sony LCD smart TV de 32 pulgadas FULL HD con Linux;https://www.liverpool.com.mx/tienda/pdp/pantalla-sony-lcd-smart-tv-de-32-pulgadas-full-hd-con-linux/1047669550;CE;5;https://www.liverpool.com.mx/
1109;aHR0cHM6Ly93d3cubGl2ZXJwb29sLmNvbS5teC90aWVuZGEvcGRwL1BhbnRhbGxhLUhpc2Vuc2UtTEVELVNtYXJ0LVRWLWRlLTQwLVB1bGdhZGFzLUZ1bGwtSEQtNDBINUcvMTExMDAzMjcwMjEzMjM3NTQ=;SEM;2021-10-14;2021-10-13;;1323754;;;;LIVERPOOL;MX;2021-10-14 05:01;HISENSE;Pantalla Hisense LED Smart TV de 40 Pulgadas Full HD 40H5G;https://www.liverpool.com.mx/tienda/pdp/Pantalla-Hisense-LED-Smart-TV-de-40-Pulgadas-Full-HD-40H5G/1110032702;CE;5;https://www.liverpool.com.mx/
1110;aHR0cHM6Ly93d3cubGl2ZXJwb29sLmNvbS5teC90aWVuZGEvcGRwL1BhbnRhbGxhLVNhbXN1bmctU21hcnQtVFYtZGUtNDMtUHVsZ2FkYXMtRnVsbC1IRC1Nb2RlbG8tVU40M1Q1MzAwQUZYWlgvMTA5NTM3NDQ4MTIzNDkzMQ==;SEM;2021-10-14;2020-05-02;;234931;;;;LIVERPOOL;MX;2021-10-14 05:05;SAMSUNG;Pantalla Samsung Smart TV de 43 Pulgadas Full HD Modelo UN43T5300AFXZX;https://www.liverpool.com.mx/tienda/pdp/Pantalla-Samsung-Smart-TV-de-43-Pulgadas-Full-HD-Modelo-UN43T5300AFXZX/1095374481;CE;5;https://www.liverpool.com.mx/
1111;aHR0cHM6Ly93d3cubGl2ZXJwb29sLmNvbS5teC90aWVuZGEvcGRwL1BhbnRhbGxhLVNhbXN1bmctU21hcnQtVFYtZGUtNDMtUHVsZ2FkYXMtRnVsbC1IRC1Nb2RlbG8tVU40M1Q1MzAwQUZYWlgvMTA5NTM3NDQ4MTI3NTcwNw==;SEM;2021-10-14;2020-06-02;;275707;;;;LIVERPOOL;MX;2021-10-14 05:05;SAMSUNG;Pantalla Samsung Smart TV de 43 Pulgadas Full HD Modelo UN43T5300AFXZX;https://www.liverpool.com.mx/tienda/pdp/Pantalla-Samsung-Smart-TV-de-43-Pulgadas-Full-HD-Modelo-UN43T5300AFXZX/1095374481;CE;4;https://www.liverpool.com.mx/
1112;aHR0cHM6Ly93d3cubGl2ZXJwb29sLmNvbS5teC90aWVuZGEvcGRwL1BhbnRhbGxhLVNhbXN1bmctU21hcnQtVFYtZGUtNDMtUHVsZ2FkYXMtRnVsbC1IRC1Nb2RlbG8tVU40M1Q1MzAwQUZYWlgvMTA5NTM3NDQ4MTUwMjYxMQ==;SEM;2021-10-14;2020-08-09;;502611;;;;LIVERPOOL;MX;2021-10-14 05:05;SAMSUNG;Pantalla Samsung Smart TV de 43 Pulgadas Full HD Modelo UN43T5300AFXZX;https://www.liverpool.com.mx/tienda/pdp/Pantalla-Samsung-Smart-TV-de-43-Pulgadas-Full-HD-Modelo-UN43T5300AFXZX/1095374481;CE;5;https://www.liverpool.com.mx/
1113;aHR0cHM6Ly93d3cubGl2ZXJwb29sLmNvbS5teC90aWVuZGEvcGRwL1BhbnRhbGxhLVNhbXN1bmctU21hcnQtVFYtZGUtNDMtUHVsZ2FkYXMtRnVsbC1IRC1Nb2RlbG8tVU40M1Q1MzAwQUZYWlgvMTA5NTM3NDQ4MTQ2MjgwNQ==;SEM;2021-10-14;2020-08-02;;462805;;;;LIVERPOOL;MX;2021-10-14 05:05;SAMSUNG;Pantalla Samsung Smart TV de 43 Pulgadas Full HD Modelo UN43T5300AFXZX;https://www.liverpool.com.mx/tienda/pdp/Pantalla-Samsung-Smart-TV-de-43-Pulgadas-Full-HD-Modelo-UN43T5300AFXZX/1095374481;CE;2;https://www.liverpool.com.mx/
1114;aHR0cHM6Ly93d3cubGl2ZXJwb29sLmNvbS5teC90aWVuZGEvcGRwL1BhbnRhbGxhLVNhbXN1bmctU21hcnQtVFYtZGUtNDMtUHVsZ2FkYXMtRnVsbC1IRC1Nb2RlbG8tVU40M1Q1MzAwQUZYWlgvMTA5NTM3NDQ4MTMwNzI4Ng==;SEM;2021-10-14;2020-06-15;;307286;;;;LIVERPOOL;MX;2021-10-14 05:05;SAMSUNG;Pantalla Samsung Smart TV de 43 Pulgadas Full HD Modelo UN43T5300AFXZX;https://www.liverpool.com.mx/tienda/pdp/Pantalla-Samsung-Smart-TV-de-43-Pulgadas-Full-HD-Modelo-UN43T5300AFXZX/1095374481;CE;5;https://www.liverpool.com.mx/
1115;aHR0cHM6Ly93d3cubGl2ZXJwb29sLmNvbS5teC90aWVuZGEvcGRwL1BhbnRhbGxhLVNhbXN1bmctU21hcnQtVFYtZGUtNDMtUHVsZ2FkYXMtRnVsbC1IRC1Nb2RlbG8tVU40M1Q1MzAwQUZYWlgvMTA5NTM3NDQ4MTU1ODcwNQ==;SEM;2021-10-14;2020-08-27;;558705;;;;LIVERPOOL;MX;2021-10-14 05:05;SAMSUNG;Pantalla Samsung Smart TV de 43 Pulgadas Full HD Modelo UN43T5300AFXZX;https://www.liverpool.com.mx/tienda/pdp/Pantalla-Samsung-Smart-TV-de-43-Pulgadas-Full-HD-Modelo-UN43T5300AFXZX/1095374481;CE;5;https://www.liverpool.com.mx/
1116;aHR0cHM6Ly93d3cubGl2ZXJwb29sLmNvbS5teC90aWVuZGEvcGRwL1BhbnRhbGxhLVNhbXN1bmctU21hcnQtVFYtZGUtNDMtUHVsZ2FkYXMtRnVsbC1IRC1Nb2RlbG8tVU40M1Q1MzAwQUZYWlgvMTA5NTM3NDQ4MTM5MDc1MQ==;SEM;2021-10-14;2020-07-13;;390751;;;;LIVERPOOL;MX;2021-10-14 05:05;SAMSUNG;Pantalla Samsung Smart TV de 43 Pulgadas Full HD Modelo UN43T5300AFXZX;https://www.liverpool.com.mx/tienda/pdp/Pantalla-Samsung-Smart-TV-de-43-Pulgadas-Full-HD-Modelo-UN43T5300AFXZX/1095374481;CE;5;https://www.liverpool.com.mx/
1117;aHR0cHM6Ly93d3cubGl2ZXJwb29sLmNvbS5teC90aWVuZGEvcGRwL1BhbnRhbGxhLVNhbXN1bmctU21hcnQtVFYtZGUtNDMtUHVsZ2FkYXMtRnVsbC1IRC1Nb2RlbG8tVU40M1Q1MzAwQUZYWlgvMTA5NTM3NDQ4MTMxNDY4NA==;SEM;2021-10-14;2020-06-21;;314684;;;;LIVERPOOL;MX;2021-10-14 05:05;SAMSUNG;Pantalla Samsung Smart TV de 43 Pulgadas Full HD Modelo UN43T5300AFXZX;https://www.liverpool.com.mx/tienda/pdp/Pantalla-Samsung-Smart-TV-de-43-Pulgadas-Full-HD-Modelo-UN43T5300AFXZX/1095374481;CE;5;https://www.liverpool.com.mx/
1118;aHR0cHM6Ly93d3cubGl2ZXJwb29sLmNvbS5teC90aWVuZGEvcGRwL1BhbnRhbGxhLVNhbXN1bmctU21hcnQtVFYtZGUtNDMtUHVsZ2FkYXMtRnVsbC1IRC1Nb2RlbG8tVU40M1Q1MzAwQUZYWlgvMTA5NTM3NDQ4MTQ1MTM5OA==;SEM;2021-10-14;2020-07-31;;451398;;;;LIVERPOOL;MX;2021-10-14 05:05;SAMSUNG;Pantalla Samsung Smart TV de 43 Pulgadas Full HD Modelo UN43T5300AFXZX;https://www.liverpool.com.mx/tienda/pdp/Pantalla-Samsung-Smart-TV-de-43-Pulgadas-Full-HD-Modelo-UN43T5300AFXZX/1095374481;CE;5;https://www.liverpool.com.mx/
1119;aHR0cHM6Ly93d3cubGl2ZXJwb29sLmNvbS5teC90aWVuZGEvcGRwL1BhbnRhbGxhLVNhbXN1bmctU21hcnQtVFYtZGUtNDMtUHVsZ2FkYXMtRnVsbC1IRC1Nb2RlbG8tVU40M1Q1MzAwQUZYWlgvMTA5NTM3NDQ4MTI4NDc1Mw==;SEM;2021-10-14;2020-06-10;;284753;;;;LIVERPOOL;MX;2021-10-14 05:05;SAMSUNG;Pantalla Samsung Smart TV de 43 Pulgadas Full HD Modelo UN43T5300AFXZX;https://www.liverpool.com.mx/tienda/pdp/Pantalla-Samsung-Smart-TV-de-43-Pulgadas-Full-HD-Modelo-UN43T5300AFXZX/1095374481;CE;5;https://www.liverpool.com.mx/
1120;aHR0cHM6Ly93d3cubGl2ZXJwb29sLmNvbS5teC90aWVuZGEvcGRwL1BhbnRhbGxhLVNhbXN1bmctU21hcnQtVFYtZGUtNDMtUHVsZ2FkYXMtRnVsbC1IRC1Nb2RlbG8tVU40M1Q1MzAwQUZYWlgvMTA5NTM3NDQ4MTM5OTk5Ng==;SEM;2021-10-14;2020-07-15;;399996;;;;LIVERPOOL;MX;2021-10-14 05:05;SAMSUNG;Pantalla Samsung Smart TV de 43 Pulgadas Full HD Modelo UN43T5300AFXZX;https://www.liverpool.com.mx/tienda/pdp/Pantalla-Samsung-Smart-TV-de-43-Pulgadas-Full-HD-Modelo-UN43T5300AFXZX/1095374481;CE;5;https://www.liverpool.com.mx/
1121;aHR0cHM6Ly93d3cubGl2ZXJwb29sLmNvbS5teC90aWVuZGEvcGRwL1BhbnRhbGxhLVNhbXN1bmctU21hcnQtVFYtZGUtNDMtUHVsZ2FkYXMtRnVsbC1IRC1Nb2RlbG8tVU40M1Q1MzAwQUZYWlgvMTA5NTM3NDQ4MTU4NDYwNA==;SEM;2021-10-14;2020-09-05;;584604;;;;LIVERPOOL;MX;2021-10-14 05:05;SAMSUNG;Pantalla Samsung Smart TV de 43 Pulgadas Full HD Modelo UN43T5300AFXZX;https://www.liverpool.com.mx/tienda/pdp/Pantalla-Samsung-Smart-TV-de-43-Pulgadas-Full-HD-Modelo-UN43T5300AFXZX/1095374481;CE;5;https://www.liverpool.com.mx/
1122;aHR0cHM6Ly93d3cubGl2ZXJwb29sLmNvbS5teC90aWVuZGEvcGRwL1BhbnRhbGxhLVNhbXN1bmctU21hcnQtVFYtZGUtNDMtUHVsZ2FkYXMtRnVsbC1IRC1Nb2RlbG8tVU40M1Q1MzAwQUZYWlgvMTA5NTM3NDQ4MTkzNzY1NA==;SEM;2021-10-14;2021-05-03;;937654;;;;LIVERPOOL;MX;2021-10-14 05:05;SAMSUNG;Pantalla Samsung Smart TV de 43 Pulgadas Full HD Modelo UN43T5300AFXZX;https://www.liverpool.com.mx/tienda/pdp/Pantalla-Samsung-Smart-TV-de-43-Pulgadas-Full-HD-Modelo-UN43T5300AFXZX/1095374481;CE;5;https://www.liverpool.com.mx/
1123;aHR0cHM6Ly93d3cubGl2ZXJwb29sLmNvbS5teC90aWVuZGEvcGRwL1BhbnRhbGxhLVNhbXN1bmctU21hcnQtVFYtZGUtNDMtUHVsZ2FkYXMtRnVsbC1IRC1Nb2RlbG8tVU40M1Q1MzAwQUZYWlgvMTA5NTM3NDQ4MTMyOTQ2OQ==;SEM;2021-10-14;2020-06-24;;329469;;;;LIVERPOOL;MX;2021-10-14 05:05;SAMSUNG;Pantalla Samsung Smart TV de 43 Pulgadas Full HD Modelo UN43T5300AFXZX;https://www.liverpool.com.mx/tienda/pdp/Pantalla-Samsung-Smart-TV-de-43-Pulgadas-Full-HD-Modelo-UN43T5300AFXZX/1095374481;CE;4;https://www.liverpool.com.mx/
1124;aHR0cHM6Ly93d3cubGl2ZXJwb29sLmNvbS5teC90aWVuZGEvcGRwL1BhbnRhbGxhLVNhbXN1bmctU21hcnQtVFYtZGUtNDMtUHVsZ2FkYXMtRnVsbC1IRC1Nb2RlbG8tVU40M1Q1MzAwQUZYWlgvMTA5NTM3NDQ4MTk1OTUxMA==;SEM;2021-10-14;2021-05-10;;959510;;;;LIVERPOOL;MX;2021-10-14 05:05;SAMSUNG;Pantalla Samsung Smart TV de 43 Pulgadas Full HD Modelo UN43T5300AFXZX;https://www.liverpool.com.mx/tienda/pdp/Pantalla-Samsung-Smart-TV-de-43-Pulgadas-Full-HD-Modelo-UN43T5300AFXZX/1095374481;CE;5;https://www.liverpool.com.mx/
1125;aHR0cHM6Ly93d3cubGl2ZXJwb29sLmNvbS5teC90aWVuZGEvcGRwL1BhbnRhbGxhLVNhbXN1bmctU21hcnQtVFYtZGUtNDMtUHVsZ2FkYXMtRnVsbC1IRC1Nb2RlbG8tVU40M1Q1MzAwQUZYWlgvMTA5NTM3NDQ4MTk2NTY2Mw==;SEM;2021-10-14;2021-05-12;;965663;;;;LIVERPOOL;MX;2021-10-14 05:05;SAMSUNG;Pantalla Samsung Smart TV de 43 Pulgadas Full HD Modelo UN43T5300AFXZX;https://www.liverpool.com.mx/tienda/pdp/Pantalla-Samsung-Smart-TV-de-43-Pulgadas-Full-HD-Modelo-UN43T5300AFXZX/1095374481;CE;5;https://www.liverpool.com.mx/
1126;aHR0cHM6Ly93d3cubGl2ZXJwb29sLmNvbS5teC90aWVuZGEvcGRwL1BhbnRhbGxhLVNhbXN1bmctU21hcnQtVFYtZGUtNDMtUHVsZ2FkYXMtRnVsbC1IRC1Nb2RlbG8tVU40M1Q1MzAwQUZYWlgvMTA5NTM3NDQ4MTc4MTM0Ng==;SEM;2021-10-14;2021-02-13;;781346;;;;LIVERPOOL;MX;2021-10-14 05:05;SAMSUNG;Pantalla Samsung Smart TV de 43 Pulgadas Full HD Modelo UN43T5300AFXZX;https://www.liverpool.com.mx/tienda/pdp/Pantalla-Samsung-Smart-TV-de-43-Pulgadas-Full-HD-Modelo-UN43T5300AFXZX/1095374481;CE;5;https://www.liverpool.com.mx/
1127;aHR0cHM6Ly93d3cubGl2ZXJwb29sLmNvbS5teC90aWVuZGEvcGRwL1BhbnRhbGxhLVNhbXN1bmctU21hcnQtVFYtZGUtNDMtUHVsZ2FkYXMtRnVsbC1IRC1Nb2RlbG8tVU40M1Q1MzAwQUZYWlgvMTA5NTM3NDQ4MTgyNTM4OA==;SEM;2021-10-14;2021-03-04;;825388;;;;LIVERPOOL;MX;2021-10-14 05:05;SAMSUNG;Pantalla Samsung Smart TV de 43 Pulgadas Full HD Modelo UN43T5300AFXZX;https://www.liverpool.com.mx/tienda/pdp/Pantalla-Samsung-Smart-TV-de-43-Pulgadas-Full-HD-Modelo-UN43T5300AFXZX/1095374481;CE;5;https://www.liverpool.com.mx/
1128;aHR0cHM6Ly93d3cubGl2ZXJwb29sLmNvbS5teC90aWVuZGEvcGRwL1BhbnRhbGxhLVNhbXN1bmctU21hcnQtVFYtZGUtNDMtUHVsZ2FkYXMtRnVsbC1IRC1Nb2RlbG8tVU40M1Q1MzAwQUZYWlgvMTA5NTM3NDQ4MTExMjQ5MTM=;SEM;2021-10-14;2021-07-05;;1124913;;;;LIVERPOOL;MX;2021-10-14 05:05;SAMSUNG;Pantalla Samsung Smart TV de 43 Pulgadas Full HD Modelo UN43T5300AFXZX;https://www.liverpool.com.mx/tienda/pdp/Pantalla-Samsung-Smart-TV-de-43-Pulgadas-Full-HD-Modelo-UN43T5300AFXZX/1095374481;CE;5;https://www.liverpool.com.mx/
1129;aHR0cHM6Ly93d3cubGl2ZXJwb29sLmNvbS5teC90aWVuZGEvcGRwL1BhbnRhbGxhLVNhbXN1bmctU21hcnQtVFYtZGUtNDMtUHVsZ2FkYXMtRnVsbC1IRC1Nb2RlbG8tVU40M1Q1MzAwQUZYWlgvMTA5NTM3NDQ4MTQ4Nzk5NA==;SEM;2021-10-14;2020-08-07;;487994;;;;LIVERPOOL;MX;2021-10-14 05:05;SAMSUNG;Pantalla Samsung Smart TV de 43 Pulgadas Full HD Modelo UN43T5300AFXZX;https://www.liverpool.com.mx/tienda/pdp/Pantalla-Samsung-Smart-TV-de-43-Pulgadas-Full-HD-Modelo-UN43T5300AFXZX/1095374481;CE;5;https://www.liverpool.com.mx/
1130;aHR0cHM6Ly93d3cubGl2ZXJwb29sLmNvbS5teC90aWVuZGEvcGRwL1BhbnRhbGxhLVNhbXN1bmctU21hcnQtVFYtZGUtNDMtUHVsZ2FkYXMtRnVsbC1IRC1Nb2RlbG8tVU40M1Q1MzAwQUZYWlgvMTA5NTM3NDQ4MTM4MDQ3OA==;SEM;2021-10-14;2020-07-11;;380478;;;;LIVERPOOL;MX;2021-10-14 05:05;SAMSUNG;Pantalla Samsung Smart TV de 43 Pulgadas Full HD Modelo UN43T5300AFXZX;https://www.liverpool.com.mx/tienda/pdp/Pantalla-Samsung-Smart-TV-de-43-Pulgadas-Full-HD-Modelo-UN43T5300AFXZX/1095374481;CE;5;https://www.liverpool.com.mx/
1131;aHR0cHM6Ly93d3cubGl2ZXJwb29sLmNvbS5teC90aWVuZGEvcGRwL1BhbnRhbGxhLVNhbXN1bmctU21hcnQtVFYtZGUtNDMtUHVsZ2FkYXMtRnVsbC1IRC1Nb2RlbG8tVU40M1Q1MzAwQUZYWlgvMTA5NTM3NDQ4MTQxMjQ4Mg==;SEM;2021-10-14;2020-07-20;;412482;;;;LIVERPOOL;MX;2021-10-14 05:05;SAMSUNG;Pantalla Samsung Smart TV de 43 Pulgadas Full HD Modelo UN43T5300AFXZX;https://www.liverpool.com.mx/tienda/pdp/Pantalla-Samsung-Smart-TV-de-43-Pulgadas-Full-HD-Modelo-UN43T5300AFXZX/1095374481;CE;5;https://www.liverpool.com.mx/
1132;aHR0cHM6Ly93d3cubGl2ZXJwb29sLmNvbS5teC90aWVuZGEvcGRwL1BhbnRhbGxhLVNhbXN1bmctU21hcnQtVFYtZGUtNDMtUHVsZ2FkYXMtRnVsbC1IRC1Nb2RlbG8tVU40M1Q1MzAwQUZYWlgvMTA5NTM3NDQ4MTEwNDIyNDM=;SEM;2021-10-14;2021-06-07;;1042243;;;;LIVERPOOL;MX;2021-10-14 05:05;SAMSUNG;Pantalla Samsung Smart TV de 43 Pulgadas Full HD Modelo UN43T5300AFXZX;https://www.liverpool.com.mx/tienda/pdp/Pantalla-Samsung-Smart-TV-de-43-Pulgadas-Full-HD-Modelo-UN43T5300AFXZX/1095374481;CE;5;https://www.liverpool.com.mx/
1133;aHR0cHM6Ly93d3cubGl2ZXJwb29sLmNvbS5teC90aWVuZGEvcGRwL1BhbnRhbGxhLVNhbXN1bmctU21hcnQtVFYtZGUtNDMtUHVsZ2FkYXMtRnVsbC1IRC1Nb2RlbG8tVU40M1Q1MzAwQUZYWlgvMTA5NTM3NDQ4MTEwNTU1Njk=;SEM;2021-10-14;2021-06-11;;1055569;;;;LIVERPOOL;MX;2021-10-14 05:05;SAMSUNG;Pantalla Samsung Smart TV de 43 Pulgadas Full HD Modelo UN43T5300AFXZX;https://www.liverpool.com.mx/tienda/pdp/Pantalla-Samsung-Smart-TV-de-43-Pulgadas-Full-HD-Modelo-UN43T5300AFXZX/1095374481;CE;5;https://www.liverpool.com.mx/
1134;aHR0cHM6Ly93d3cubGl2ZXJwb29sLmNvbS5teC90aWVuZGEvcGRwL1BhbnRhbGxhLVNhbXN1bmctU21hcnQtVFYtZGUtNDMtUHVsZ2FkYXMtRnVsbC1IRC1Nb2RlbG8tVU40M1Q1MzAwQUZYWlgvMTA5NTM3NDQ4MTQ5MzM5Ng==;SEM;2021-10-14;2020-08-07;;493396;;;;LIVERPOOL;MX;2021-10-14 05:05;SAMSUNG;Pantalla Samsung Smart TV de 43 Pulgadas Full HD Modelo UN43T5300AFXZX;https://www.liverpool.com.mx/tienda/pdp/Pantalla-Samsung-Smart-TV-de-43-Pulgadas-Full-HD-Modelo-UN43T5300AFXZX/1095374481;CE;5;https://www.liverpool.com.mx/
1135;aHR0cHM6Ly93d3cubGl2ZXJwb29sLmNvbS5teC90aWVuZGEvcGRwL1BhbnRhbGxhLVNhbXN1bmctU21hcnQtVFYtZGUtNDMtUHVsZ2FkYXMtRnVsbC1IRC1Nb2RlbG8tVU40M1Q1MzAwQUZYWlgvMTA5NTM3NDQ4MTk2OTU3Ng==;SEM;2021-10-14;2021-05-13;;969576;;;;LIVERPOOL;MX;2021-10-14 05:05;SAMSUNG;Pantalla Samsung Smart TV de 43 Pulgadas Full HD Modelo UN43T5300AFXZX;https://www.liverpool.com.mx/tienda/pdp/Pantalla-Samsung-Smart-TV-de-43-Pulgadas-Full-HD-Modelo-UN43T5300AFXZX/1095374481;CE;5;https://www.liverpool.com.mx/
1136;aHR0cHM6Ly93d3cubGl2ZXJwb29sLmNvbS5teC90aWVuZGEvcGRwL1BhbnRhbGxhLVNhbXN1bmctU21hcnQtVFYtZGUtNDMtUHVsZ2FkYXMtRnVsbC1IRC1Nb2RlbG8tVU40M1Q1MzAwQUZYWlgvMTA5NTM3NDQ4MTQxMDIyOQ==;SEM;2021-10-14;2020-07-20;;410229;;;;LIVERPOOL;MX;2021-10-14 05:05;SAMSUNG;Pantalla Samsung Smart TV de 43 Pulgadas Full HD Modelo UN43T5300AFXZX;https://www.liverpool.com.mx/tienda/pdp/Pantalla-Samsung-Smart-TV-de-43-Pulgadas-Full-HD-Modelo-UN43T5300AFXZX/1095374481;CE;5;https://www.liverpool.com.mx/
1137;aHR0cHM6Ly93d3cubGl2ZXJwb29sLmNvbS5teC90aWVuZGEvcGRwL1BhbnRhbGxhLVNhbXN1bmctU21hcnQtVFYtZGUtNDMtUHVsZ2FkYXMtRnVsbC1IRC1Nb2RlbG8tVU40M1Q1MzAwQUZYWlgvMTA5NTM3NDQ4MTM4Nzk2MA==;SEM;2021-10-14;2020-07-12;;387960;;;;LIVERPOOL;MX;2021-10-14 05:05;SAMSUNG;Pantalla Samsung Smart TV de 43 Pulgadas Full HD Modelo UN43T5300AFXZX;https://www.liverpool.com.mx/tienda/pdp/Pantalla-Samsung-Smart-TV-de-43-Pulgadas-Full-HD-Modelo-UN43T5300AFXZX/1095374481;CE;5;https://www.liverpool.com.mx/
1138;aHR0cHM6Ly93d3cubGl2ZXJwb29sLmNvbS5teC90aWVuZGEvcGRwL1BhbnRhbGxhLVNhbXN1bmctU21hcnQtVFYtZGUtNDMtUHVsZ2FkYXMtRnVsbC1IRC1Nb2RlbG8tVU40M1Q1MzAwQUZYWlgvMTA5NTM3NDQ4MTM5NzE4Mw==;SEM;2021-10-14;2020-07-14;;397183;;;;LIVERPOOL;MX;2021-10-14 05:05;SAMSUNG;Pantalla Samsung Smart TV de 43 Pulgadas Full HD Modelo UN43T5300AFXZX;https://www.liverpool.com.mx/tienda/pdp/Pantalla-Samsung-Smart-TV-de-43-Pulgadas-Full-HD-Modelo-UN43T5300AFXZX/1095374481;CE;5;https://www.liverpool.com.mx/
1139;aHR0cHM6Ly93d3cubGl2ZXJwb29sLmNvbS5teC90aWVuZGEvcGRwL1BhbnRhbGxhLVNhbXN1bmctU21hcnQtVFYtZGUtNDMtUHVsZ2FkYXMtRnVsbC1IRC1Nb2RlbG8tVU40M1Q1MzAwQUZYWlgvMTA5NTM3NDQ4MTM0OTMyMA==;SEM;2021-10-14;2020-06-29;;349320;;;;LIVERPOOL;MX;2021-10-14 05:05;SAMSUNG;Pantalla Samsung Smart TV de 43 Pulgadas Full HD Modelo UN43T5300AFXZX;https://www.liverpool.com.mx/tienda/pdp/Pantalla-Samsung-Smart-TV-de-43-Pulgadas-Full-HD-Modelo-UN43T5300AFXZX/1095374481;CE;5;https://www.liverpool.com.mx/
1140;aHR0cHM6Ly93d3cubGl2ZXJwb29sLmNvbS5teC90aWVuZGEvcGRwL1BhbnRhbGxhLVNhbXN1bmctU21hcnQtVFYtZGUtNDMtUHVsZ2FkYXMtRnVsbC1IRC1Nb2RlbG8tVU40M1Q1MzAwQUZYWlgvMTA5NTM3NDQ4MTk2MTQzMA==;SEM;2021-10-14;2021-05-11;;961430;;;;LIVERPOOL;MX;2021-10-14 05:05;SAMSUNG;Pantalla Samsung Smart TV de 43 Pulgadas Full HD Modelo UN43T5300AFXZX;https://www.liverpool.com.mx/tienda/pdp/Pantalla-Samsung-Smart-TV-de-43-Pulgadas-Full-HD-Modelo-UN43T5300AFXZX/1095374481;CE;5;https://www.liverpool.com.mx/
1141;aHR0cHM6Ly93d3cubGl2ZXJwb29sLmNvbS5teC90aWVuZGEvcGRwL1BhbnRhbGxhLVNhbXN1bmctU21hcnQtVFYtZGUtNDMtUHVsZ2FkYXMtRnVsbC1IRC1Nb2RlbG8tVU40M1Q1MzAwQUZYWlgvMTA5NTM3NDQ4MTQxMTA0NA==;SEM;2021-10-14;2020-07-20;;411044;;;;LIVERPOOL;MX;2021-10-14 05:05;SAMSUNG;Pantalla Samsung Smart TV de 43 Pulgadas Full HD Modelo UN43T5300AFXZX;https://www.liverpool.com.mx/tienda/pdp/Pantalla-Samsung-Smart-TV-de-43-Pulgadas-Full-HD-Modelo-UN43T5300AFXZX/1095374481;CE;5;https://www.liverpool.com.mx/
1142;aHR0cHM6Ly93d3cubGl2ZXJwb29sLmNvbS5teC90aWVuZGEvcGRwL1BhbnRhbGxhLVNhbXN1bmctU21hcnQtVFYtZGUtNDMtUHVsZ2FkYXMtRnVsbC1IRC1Nb2RlbG8tVU40M1Q1MzAwQUZYWlgvMTA5NTM3NDQ4MTI3MTMwMA==;SEM;2021-10-14;2020-05-30;;271300;;;;LIVERPOOL;MX;2021-10-14 05:05;SAMSUNG;Pantalla Samsung Smart TV de 43 Pulgadas Full HD Modelo UN43T5300AFXZX;https://www.liverpool.com.mx/tienda/pdp/Pantalla-Samsung-Smart-TV-de-43-Pulgadas-Full-HD-Modelo-UN43T5300AFXZX/1095374481;CE;5;https://www.liverpool.com.mx/
1143;aHR0cHM6Ly93d3cubGl2ZXJwb29sLmNvbS5teC90aWVuZGEvcGRwL1BhbnRhbGxhLVNhbXN1bmctU21hcnQtVFYtZGUtNDMtUHVsZ2FkYXMtRnVsbC1IRC1Nb2RlbG8tVU40M1Q1MzAwQUZYWlgvMTA5NTM3NDQ4MTEyOTE5Nzc=;SEM;2021-10-14;2021-09-29;;1291977;;;;LIVERPOOL;MX;2021-10-14 05:05;SAMSUNG;Pantalla Samsung Smart TV de 43 Pulgadas Full HD Modelo UN43T5300AFXZX;https://www.liverpool.com.mx/tienda/pdp/Pantalla-Samsung-Smart-TV-de-43-Pulgadas-Full-HD-Modelo-UN43T5300AFXZX/1095374481;CE;5;https://www.liverpool.com.mx/
1144;aHR0cHM6Ly93d3cubGl2ZXJwb29sLmNvbS5teC90aWVuZGEvcGRwL1BhbnRhbGxhLVNhbXN1bmctU21hcnQtVFYtZGUtNDMtUHVsZ2FkYXMtRnVsbC1IRC1Nb2RlbG8tVU40M1Q1MzAwQUZYWlgvMTA5NTM3NDQ4MTM3OTg0OQ==;SEM;2021-10-14;2020-07-10;;379849;;;;LIVERPOOL;MX;2021-10-14 05:05;SAMSUNG;Pantalla Samsung Smart TV de 43 Pulgadas Full HD Modelo UN43T5300AFXZX;https://www.liverpool.com.mx/tienda/pdp/Pantalla-Samsung-Smart-TV-de-43-Pulgadas-Full-HD-Modelo-UN43T5300AFXZX/1095374481;CE;5;https://www.liverpool.com.mx/
1145;aHR0cHM6Ly93d3cubGl2ZXJwb29sLmNvbS5teC90aWVuZGEvcGRwL1BhbnRhbGxhLVNhbXN1bmctU21hcnQtVFYtZGUtNDMtUHVsZ2FkYXMtRnVsbC1IRC1Nb2RlbG8tVU40M1Q1MzAwQUZYWlgvMTA5NTM3NDQ4MTc2NDg3NQ==;SEM;2021-10-14;2021-02-06;;764875;;;;LIVERPOOL;MX;2021-10-14 05:05;SAMSUNG;Pantalla Samsung Smart TV de 43 Pulgadas Full HD Modelo UN43T5300AFXZX;https://www.liverpool.com.mx/tienda/pdp/Pantalla-Samsung-Smart-TV-de-43-Pulgadas-Full-HD-Modelo-UN43T5300AFXZX/1095374481;CE;5;https://www.liverpool.com.mx/
1146;aHR0cHM6Ly93d3cubGl2ZXJwb29sLmNvbS5teC90aWVuZGEvcGRwL1BhbnRhbGxhLVNhbXN1bmctU21hcnQtVFYtZGUtNDMtUHVsZ2FkYXMtRnVsbC1IRC1Nb2RlbG8tVU40M1Q1MzAwQUZYWlgvMTA5NTM3NDQ4MTUwMzI1Mg==;SEM;2021-10-14;2020-08-09;;503252;;;;LIVERPOOL;MX;2021-10-14 05:05;SAMSUNG;Pantalla Samsung Smart TV de 43 Pulgadas Full HD Modelo UN43T5300AFXZX;https://www.liverpool.com.mx/tienda/pdp/Pantalla-Samsung-Smart-TV-de-43-Pulgadas-Full-HD-Modelo-UN43T5300AFXZX/1095374481;CE;5;https://www.liverpool.com.mx/
1147;aHR0cHM6Ly93d3cubGl2ZXJwb29sLmNvbS5teC90aWVuZGEvcGRwL1BhbnRhbGxhLVNhbXN1bmctU21hcnQtVFYtZGUtNDMtUHVsZ2FkYXMtRnVsbC1IRC1Nb2RlbG8tVU40M1Q1MzAwQUZYWlgvMTA5NTM3NDQ4MTM3MTY3MQ==;SEM;2021-10-14;2020-07-08;;371671;;;;LIVERPOOL;MX;2021-10-14 05:05;SAMSUNG;Pantalla Samsung Smart TV de 43 Pulgadas Full HD Modelo UN43T5300AFXZX;https://www.liverpool.com.mx/tienda/pdp/Pantalla-Samsung-Smart-TV-de-43-Pulgadas-Full-HD-Modelo-UN43T5300AFXZX/1095374481;CE;5;https://www.liverpool.com.mx/
1148;aHR0cHM6Ly93d3cubGl2ZXJwb29sLmNvbS5teC90aWVuZGEvcGRwL1BhbnRhbGxhLVNhbXN1bmctU21hcnQtVFYtZGUtNDMtUHVsZ2FkYXMtRnVsbC1IRC1Nb2RlbG8tVU40M1Q1MzAwQUZYWlgvMTA5NTM3NDQ4MTQyMTU5OA==;SEM;2021-10-14;2020-07-24;;421598;;;;LIVERPOOL;MX;2021-10-14 05:05;SAMSUNG;Pantalla Samsung Smart TV de 43 Pulgadas Full HD Modelo UN43T5300AFXZX;https://www.liverpool.com.mx/tienda/pdp/Pantalla-Samsung-Smart-TV-de-43-Pulgadas-Full-HD-Modelo-UN43T5300AFXZX/1095374481;CE;5;https://www.liverpool.com.mx/
1149;aHR0cHM6Ly93d3cubGl2ZXJwb29sLmNvbS5teC90aWVuZGEvcGRwL1BhbnRhbGxhLVNhbXN1bmctU21hcnQtVFYtZGUtNDMtUHVsZ2FkYXMtRnVsbC1IRC1Nb2RlbG8tVU40M1Q1MzAwQUZYWlgvMTA5NTM3NDQ4MTg2MjIyNA==;SEM;2021-10-14;2021-03-22;;862224;;;;LIVERPOOL;MX;2021-10-14 05:05;SAMSUNG;Pantalla Samsung Smart TV de 43 Pulgadas Full HD Modelo UN43T5300AFXZX;https://www.liverpool.com.mx/tienda/pdp/Pantalla-Samsung-Smart-TV-de-43-Pulgadas-Full-HD-Modelo-UN43T5300AFXZX/1095374481;CE;4;https://www.liverpool.com.mx/
1150;aHR0cHM6Ly93d3cubGl2ZXJwb29sLmNvbS5teC90aWVuZGEvcGRwL1BhbnRhbGxhLVNhbXN1bmctU21hcnQtVFYtZGUtNDMtUHVsZ2FkYXMtRnVsbC1IRC1Nb2RlbG8tVU40M1Q1MzAwQUZYWlgvMTA5NTM3NDQ4MTM5NTEwMA==;SEM;2021-10-14;2020-07-13;;395100;;;;LIVERPOOL;MX;2021-10-14 05:05;SAMSUNG;Pantalla Samsung Smart TV de 43 Pulgadas Full HD Modelo UN43T5300AFXZX;https://www.liverpool.com.mx/tienda/pdp/Pantalla-Samsung-Smart-TV-de-43-Pulgadas-Full-HD-Modelo-UN43T5300AFXZX/1095374481;CE;4;https://www.liverpool.com.mx/
1151;aHR0cHM6Ly93d3cubGl2ZXJwb29sLmNvbS5teC90aWVuZGEvcGRwL1BhbnRhbGxhLVNhbXN1bmctU21hcnQtVFYtZGUtNDMtUHVsZ2FkYXMtRnVsbC1IRC1Nb2RlbG8tVU40M1Q1MzAwQUZYWlgvMTA5NTM3NDQ4MTQyNjkxOQ==;SEM;2021-10-14;2020-07-27;;426919;;;;LIVERPOOL;MX;2021-10-14 05:05;SAMSUNG;Pantalla Samsung Smart TV de 43 Pulgadas Full HD Modelo UN43T5300AFXZX;https://www.liverpool.com.mx/tienda/pdp/Pantalla-Samsung-Smart-TV-de-43-Pulgadas-Full-HD-Modelo-UN43T5300AFXZX/1095374481;CE;4;https://www.liverpool.com.mx/
1152;aHR0cHM6Ly93d3cubGl2ZXJwb29sLmNvbS5teC90aWVuZGEvcGRwL1BhbnRhbGxhLVNhbXN1bmctU21hcnQtVFYtZGUtNDMtUHVsZ2FkYXMtRnVsbC1IRC1Nb2RlbG8tVU40M1Q1MzAwQUZYWlgvMTA5NTM3NDQ4MTk3MTE5Nw==;SEM;2021-10-14;2021-05-14;;971197;;;;LIVERPOOL;MX;2021-10-14 05:05;SAMSUNG;Pantalla Samsung Smart TV de 43 Pulgadas Full HD Modelo UN43T5300AFXZX;https://www.liverpool.com.mx/tienda/pdp/Pantalla-Samsung-Smart-TV-de-43-Pulgadas-Full-HD-Modelo-UN43T5300AFXZX/1095374481;CE;4;https://www.liverpool.com.mx/
1153;aHR0cHM6Ly93d3cubGl2ZXJwb29sLmNvbS5teC90aWVuZGEvcGRwL1BhbnRhbGxhLVNhbXN1bmctU21hcnQtVFYtZGUtNDMtUHVsZ2FkYXMtRnVsbC1IRC1Nb2RlbG8tVU40M1Q1MzAwQUZYWlgvMTA5NTM3NDQ4MTEwMDE0MTQ=;SEM;2021-10-14;2021-05-25;;1001414;;;;LIVERPOOL;MX;2021-10-14 05:05;SAMSUNG;Pantalla Samsung Smart TV de 43 Pulgadas Full HD Modelo UN43T5300AFXZX;https://www.liverpool.com.mx/tienda/pdp/Pantalla-Samsung-Smart-TV-de-43-Pulgadas-Full-HD-Modelo-UN43T5300AFXZX/1095374481;CE;4;https://www.liverpool.com.mx/
1154;aHR0cHM6Ly93d3cubGl2ZXJwb29sLmNvbS5teC90aWVuZGEvcGRwL1BhbnRhbGxhLVNhbXN1bmctU21hcnQtVFYtZGUtNDMtUHVsZ2FkYXMtRnVsbC1IRC1Nb2RlbG8tVU40M1Q1MzAwQUZYWlgvMTA5NTM3NDQ4MTM5MjA2MQ==;SEM;2021-10-14;2020-07-13;;392061;;;;LIVERPOOL;MX;2021-10-14 05:05;SAMSUNG;Pantalla Samsung Smart TV de 43 Pulgadas Full HD Modelo UN43T5300AFXZX;https://www.liverpool.com.mx/tienda/pdp/Pantalla-Samsung-Smart-TV-de-43-Pulgadas-Full-HD-Modelo-UN43T5300AFXZX/1095374481;CE;5;https://www.liverpool.com.mx/
1155;aHR0cHM6Ly93d3cubGl2ZXJwb29sLmNvbS5teC90aWVuZGEvcGRwL1BhbnRhbGxhLVNhbXN1bmctU21hcnQtVFYtZGUtNDMtUHVsZ2FkYXMtRnVsbC1IRC1Nb2RlbG8tVU40M1Q1MzAwQUZYWlgvMTA5NTM3NDQ4MTM3OTAxMw==;SEM;2021-10-14;2020-07-10;;379013;;;;LIVERPOOL;MX;2021-10-14 05:05;SAMSUNG;Pantalla Samsung Smart TV de 43 Pulgadas Full HD Modelo UN43T5300AFXZX;https://www.liverpool.com.mx/tienda/pdp/Pantalla-Samsung-Smart-TV-de-43-Pulgadas-Full-HD-Modelo-UN43T5300AFXZX/1095374481;CE;5;https://www.liverpool.com.mx/
1156;aHR0cHM6Ly93d3cubGl2ZXJwb29sLmNvbS5teC90aWVuZGEvcGRwL1BhbnRhbGxhLVNhbXN1bmctU21hcnQtVFYtZGUtNDMtUHVsZ2FkYXMtRnVsbC1IRC1Nb2RlbG8tVU40M1Q1MzAwQUZYWlgvMTA5NTM3NDQ4MTgzODQyMQ==;SEM;2021-10-14;2021-03-10;;838421;;;;LIVERPOOL;MX;2021-10-14 05:05;SAMSUNG;Pantalla Samsung Smart TV de 43 Pulgadas Full HD Modelo UN43T5300AFXZX;https://www.liverpool.com.mx/tienda/pdp/Pantalla-Samsung-Smart-TV-de-43-Pulgadas-Full-HD-Modelo-UN43T5300AFXZX/1095374481;CE;5;https://www.liverpool.com.mx/
1157;aHR0cHM6Ly93d3cubGl2ZXJwb29sLmNvbS5teC90aWVuZGEvcGRwL1BhbnRhbGxhLVNhbXN1bmctU21hcnQtVFYtZGUtNDMtUHVsZ2FkYXMtRnVsbC1IRC1Nb2RlbG8tVU40M1Q1MzAwQUZYWlgvMTA5NTM3NDQ4MTQ0NzA4Ng==;SEM;2021-10-14;2020-07-31;;447086;;;;LIVERPOOL;MX;2021-10-14 05:05;SAMSUNG;Pantalla Samsung Smart TV de 43 Pulgadas Full HD Modelo UN43T5300AFXZX;https://www.liverpool.com.mx/tienda/pdp/Pantalla-Samsung-Smart-TV-de-43-Pulgadas-Full-HD-Modelo-UN43T5300AFXZX/1095374481;CE;5;https://www.liverpool.com.mx/
1158;aHR0cHM6Ly93d3cubGl2ZXJwb29sLmNvbS5teC90aWVuZGEvcGRwL1BhbnRhbGxhLVNhbXN1bmctU21hcnQtVFYtZGUtNDMtUHVsZ2FkYXMtRnVsbC1IRC1Nb2RlbG8tVU40M1Q1MzAwQUZYWlgvMTA5NTM3NDQ4MTkwNTQzMw==;SEM;2021-10-14;2021-04-16;;905433;;;;LIVERPOOL;MX;2021-10-14 05:05;SAMSUNG;Pantalla Samsung Smart TV de 43 Pulgadas Full HD Modelo UN43T5300AFXZX;https://www.liverpool.com.mx/tienda/pdp/Pantalla-Samsung-Smart-TV-de-43-Pulgadas-Full-HD-Modelo-UN43T5300AFXZX/1095374481;CE;5;https://www.liverpool.com.mx/
1159;aHR0cHM6Ly93d3cubGl2ZXJwb29sLmNvbS5teC90aWVuZGEvcGRwL1BhbnRhbGxhLVRDTC1MRUQtU21hcnQtVFYtZGUtNTAtcHVsZ2FkYXMtNEsvVWx0cmEtSEQtNTBBNTQ3LWNvbi1BbmRyb2lkLVRWLzExMDc2Mjc0MDExMzIyNDk4;SEM;2021-10-14;2021-10-12;;1322498;;;;LIVERPOOL;MX;2021-10-14 05:15;TCL;Pantalla TCL LED Smart TV de 50 pulgadas 4K/Ultra HD 50A547 con Android TV;https://www.liverpool.com.mx/tienda/pdp/Pantalla-TCL-LED-Smart-TV-de-50-pulgadas-4K/Ultra-HD-50A547-con-Android-TV/1107627401;CE;5;https://www.liverpool.com.mx/
1160;aHR0cHM6Ly93d3cubGl2ZXJwb29sLmNvbS5teC90aWVuZGEvcGRwL1BhbnRhbGxhLVNhbXN1bmctUUxFRC1TbWFydC1UVi1kZS02NS1QdWxnYWRhcy00Sy1Nb2RlbG8tUU42NVE4MEFBRlhaWC8xMTA1MTQzMDA4MTMxMDg3NQ==;SEM;2021-10-14;2021-10-08;;1310875;;;;LIVERPOOL;MX;2021-10-14 05:19;SAMSUNG;Pantalla Samsung QLED Smart TV de 65 Pulgadas 4K Modelo QN65Q80AAFXZX;https://www.liverpool.com.mx/tienda/pdp/Pantalla-Samsung-QLED-Smart-TV-de-65-Pulgadas-4K-Modelo-QN65Q80AAFXZX/1105143008;CE;5;https://www.liverpool.com.mx/
1161;aHR0cHM6Ly93d3cuYW1hem9uLmNvbS5teC9TYW1zdW5nLVNtYXJ0LVVIRC1VTjY1TlU2NTkwRlhaQS1SZW5ld2VkL2RwL0IwN1I2UUg1UzIvUjJUSU5CNE1CNEk5Tlc=;SEM;2021-10-14;2021-08-10;;R2TINB4MB4I9NW;;Un tercio de la pantalla se oscureció de la nada. Y en el centro una luz blanca apareció. Este último espacio blanco se intensifica al dejarla unos minutos encendida y se siente muy caliente si tocas el área. El equipo de soporte de Samsung dijo que las tiras led dejaron de funcionar y que por ser un equipo de Estados Unidos no se puede reparar en México. Una lástima 😕;Duró un año y se descompuso;AMAZON;MX;2021-10-14 09:39;SAMSUNG;"Samsung Smart TV 65"" 4K UHD UN65NU6590FXZA (Renewed)";https://www.amazon.com.mx/Samsung-Smart-UHD-UN65NU6590FXZA-Renewed/dp/B07R6QH5S2/;CE;1.0 ;https://www.amazon.com.mx/
1162;aHR0cHM6Ly93d3cuYW1hem9uLmNvbS5teC9TYW1zdW5nLVNtYXJ0LVVIRC1VTjY1TlU2NTkwRlhaQS1SZW5ld2VkL2RwL0IwN1I2UUg1UzIvUjFXSkNYSzhHRDVKSjY=;SEM;2021-10-14;2021-06-03;;R1WJCXK8GD5JJ6;;Hace unos dias aparecio una especie de sombra, como se muestra en la imagen y apenas tiene año y medio.. quiero saber si tiene garantia con SAMSUNG...;Smart tv con falla en imagen;AMAZON;MX;2021-10-14 09:39;SAMSUNG;"Samsung Smart TV 65"" 4K UHD UN65NU6590FXZA (Renewed)";https://www.amazon.com.mx/Samsung-Smart-UHD-UN65NU6590FXZA-Renewed/dp/B07R6QH5S2/;CE;1.0 ;https://www.amazon.com.mx/
1163;aHR0cHM6Ly93d3cuYW1hem9uLmNvbS5teC9TYW1zdW5nLVNtYXJ0LVVIRC1VTjY1TlU2NTkwRlhaQS1SZW5ld2VkL2RwL0IwN1I2UUg1UzIvUjMxT1FJSkg1QVU5UTc=;SEM;2021-10-14;2021-03-10;;R31OQIJH5AU9Q7;;No sirve el control de repente se apaga y deseo me envíen uno de reposición Quedo en espera de sus comentarios Saludos;Tengo problemas con el control TV;AMAZON;MX;2021-10-14 09:39;SAMSUNG;"Samsung Smart TV 65"" 4K UHD UN65NU6590FXZA (Renewed)";https://www.amazon.com.mx/Samsung-Smart-UHD-UN65NU6590FXZA-Renewed/dp/B07R6QH5S2/;CE;4.0 ;https://www.amazon.com.mx/
1164;aHR0cHM6Ly93d3cuYW1hem9uLmNvbS5teC9TYW1zdW5nLVNtYXJ0LVVIRC1VTjY1TlU2NTkwRlhaQS1SZW5ld2VkL2RwL0IwN1I2UUg1UzIvUjJBSjY2VEo0RUJTWDU=;SEM;2021-10-14;2021-02-25;;R2AJ66TJ4EBSX5;;excelente calidad, la recomiendo muchisimo;excelente producto;AMAZON;MX;2021-10-14 09:39;SAMSUNG;"Samsung Smart TV 65"" 4K UHD UN65NU6590FXZA (Renewed)";https://www.amazon.com.mx/Samsung-Smart-UHD-UN65NU6590FXZA-Renewed/dp/B07R6QH5S2/;CE;5.0 ;https://www.amazon.com.mx/
1165;aHR0cHM6Ly93d3cuYW1hem9uLmNvbS5teC9TYW1zdW5nLVNtYXJ0LVVIRC1VTjY1TlU2NTkwRlhaQS1SZW5ld2VkL2RwL0IwN1I2UUg1UzIvUjFTSVhUQVdLQ1NKNEM=;SEM;2021-10-14;2021-02-03;;R1SIXTAWKCSJ4C;;Maravillosa! compra;Recomendable;AMAZON;MX;2021-10-14 09:39;SAMSUNG;"Samsung Smart TV 65"" 4K UHD UN65NU6590FXZA (Renewed)";https://www.amazon.com.mx/Samsung-Smart-UHD-UN65NU6590FXZA-Renewed/dp/B07R6QH5S2/;CE;5.0 ;https://www.amazon.com.mx/
1166;aHR0cHM6Ly93d3cuYW1hem9uLmNvbS5teC9TYW1zdW5nLVNtYXJ0LVVIRC1VTjY1TlU2NTkwRlhaQS1SZW5ld2VkL2RwL0IwN1I2UUg1UzIvUkYxVE1UT0NENE5FRw==;SEM;2021-10-14;2021-01-12;;RF1TMTOCD4NEG;;Bien;Bien;AMAZON;MX;2021-10-14 09:39;SAMSUNG;"Samsung Smart TV 65"" 4K UHD UN65NU6590FXZA (Renewed)";https://www.amazon.com.mx/Samsung-Smart-UHD-UN65NU6590FXZA-Renewed/dp/B07R6QH5S2/;CE;3.0 ;https://www.amazon.com.mx/
1167;aHR0cHM6Ly93d3cuYW1hem9uLmNvbS5teC9TYW1zdW5nLVNtYXJ0LVVIRC1VTjY1TlU2NTkwRlhaQS1SZW5ld2VkL2RwL0IwN1I2UUg1UzIvUjJHQ1g0OFJNQk5EVDk=;SEM;2021-10-14;2021-01-10;;R2GCX48RMBNDT9;;Me encontre con varias opiniones opuestas entre si a la hora de querer comprar este televisor sobre todo por el hecho de ser renewed, como bien sabran este tipo de cosas suelen tener fallas, en el caso de mi televisor la unica falla es que debes en cuando salta una barra como gris, pero dura a lo mucho 1 segundo, así que la verdad es que me ha ido perfecta, es excelente opcion para ver apps de streaming, Youtube, jugar y ver tv por cable, además que tiene un buen sonido, eso si, el linkeo con la app de samsung es pesimo, les recomiendo que si esperan que controlaran esta tv con su celular o su amazon alexa, mejor busquen otro modelo ya que este modelo no va bien con esas funciones.;Excelente para ser Renewed;AMAZON;MX;2021-10-14 09:40;SAMSUNG;"Samsung Smart TV 65"" 4K UHD UN65NU6590FXZA (Renewed)";https://www.amazon.com.mx/Samsung-Smart-UHD-UN65NU6590FXZA-Renewed/dp/B07R6QH5S2/;CE;5.0 ;https://www.amazon.com.mx/
1168;aHR0cHM6Ly93d3cuYW1hem9uLmNvbS5teC9TYW1zdW5nLVNtYXJ0LVVIRC1VTjY1TlU2NTkwRlhaQS1SZW5ld2VkL2RwL0IwN1I2UUg1UzIvUjMwWDdCSU80OEcwMzg=;SEM;2021-10-14;2020-12-01;;R30X7BIO48G038;;Simplemente excelente;TV;AMAZON;MX;2021-10-14 09:40;SAMSUNG;"Samsung Smart TV 65"" 4K UHD UN65NU6590FXZA (Renewed)";https://www.amazon.com.mx/Samsung-Smart-UHD-UN65NU6590FXZA-Renewed/dp/B07R6QH5S2/;CE;5.0 ;https://www.amazon.com.mx/
1169;aHR0cHM6Ly93d3cuYW1hem9uLmNvbS5teC9TYW1zdW5nLVNtYXJ0LVVIRC1VTjY1TlU2NTkwRlhaQS1SZW5ld2VkL2RwL0IwN1I2UUg1UzIvUkpDRjc3VjJMT1BBQg==;SEM;2021-10-14;2020-11-27;;RJCF77V2LOPAB;;Espero que a que pase el tiempo de garantía para saber si valió mucho la pena, espero que si.;Genial;AMAZON;MX;2021-10-14 09:40;SAMSUNG;"Samsung Smart TV 65"" 4K UHD UN65NU6590FXZA (Renewed)";https://www.amazon.com.mx/Samsung-Smart-UHD-UN65NU6590FXZA-Renewed/dp/B07R6QH5S2/;CE;5.0 ;https://www.amazon.com.mx/
1170;aHR0cHM6Ly93d3cuYW1hem9uLmNvbS5teC9TYW1zdW5nLVNtYXJ0LVVIRC1VTjY1TlU2NTkwRlhaQS1SZW5ld2VkL2RwL0IwN1I2UUg1UzIvUjI1RkpMUUU0Nkg0WkQ=;SEM;2021-10-14;2020-10-28;;R25FJLQE46H4ZD;;Llego antes de tiempo. Ya instalada y esta perfecta, el precio me parece excelente, por la calidad del producto.;Perfecto estado.;AMAZON;MX;2021-10-14 09:40;SAMSUNG;"Samsung Smart TV 65"" 4K UHD UN65NU6590FXZA (Renewed)";https://www.amazon.com.mx/Samsung-Smart-UHD-UN65NU6590FXZA-Renewed/dp/B07R6QH5S2/;CE;5.0 ;https://www.amazon.com.mx/
1171;aHR0cHM6Ly93d3cuYW1hem9uLmNvbS5teC9TYW1zdW5nLVNtYXJ0LVVIRC1VTjY1TlU2NTkwRlhaQS1SZW5ld2VkL2RwL0IwN1I2UUg1UzIvUjJINzdHT1MzNEpSSg==;SEM;2021-10-14;2020-09-12;;R2H77GOS34JRJ;;Apenas llevo 3 meses con la televisión y aparecieron líneas en la pantalla al reproducir cualquier serie, película, vídeos, etc. Pésima calidad y según la política de Amazon sólo tienes 30 días para realizar cualquier devolución o mostrar cualquier inconformidad sobre el producto es muy corto el plazo ya que apenas estas probando el aparato.;Pésima Calidad;AMAZON;MX;2021-10-14 09:40;SAMSUNG;"Samsung Smart TV 65"" 4K UHD UN65NU6590FXZA (Renewed)";https://www.amazon.com.mx/Samsung-Smart-UHD-UN65NU6590FXZA-Renewed/dp/B07R6QH5S2/;CE;5.0 ;https://www.amazon.com.mx/
1172;aHR0cHM6Ly93d3cuYW1hem9uLmNvbS5teC9TYW1zdW5nLVNtYXJ0LVVIRC1VTjY1TlU2NTkwRlhaQS1SZW5ld2VkL2RwL0IwN1I2UUg1UzIvUjJHTDNIV0EwS0s3TlM=;SEM;2021-10-14;2020-08-17;;R2GL3HWA0KK7NS;;La tv de repente dejo de funcionar..... la pantalla aparece una mancha azul... No ha recibido ningún golpe ni nada . De hecho la hemos usado muy poco Si me gustaría que me respondan con garantia;Me salió defectuosa;AMAZON;MX;2021-10-14 09:40;SAMSUNG;"Samsung Smart TV 65"" 4K UHD UN65NU6590FXZA (Renewed)";https://www.amazon.com.mx/Samsung-Smart-UHD-UN65NU6590FXZA-Renewed/dp/B07R6QH5S2/;CE;1.0 ;https://www.amazon.com.mx/
1173;aHR0cHM6Ly93d3cuYW1hem9uLmNvbS5teC9TYW1zdW5nLVNtYXJ0LVVIRC1VTjY1TlU2NTkwRlhaQS1SZW5ld2VkL2RwL0IwN1I2UUg1UzIvUjM4TVAwQVpPSUxOMkU=;SEM;2021-10-14;2020-07-24;;R38MP0AZOILN2E;;Me llego golpeada y después de tiempo no prendía la llevé a arreglar y me dijeron que ya era inservible;No la compren;AMAZON;MX;2021-10-14 09:40;SAMSUNG;"Samsung Smart TV 65"" 4K UHD UN65NU6590FXZA (Renewed)";https://www.amazon.com.mx/Samsung-Smart-UHD-UN65NU6590FXZA-Renewed/dp/B07R6QH5S2/;CE;1.0 ;https://www.amazon.com.mx/
1174;aHR0cHM6Ly93d3cuYW1hem9uLmNvbS5teC9TYW1zdW5nLVNtYXJ0LVVIRC1VTjY1TlU2NTkwRlhaQS1SZW5ld2VkL2RwL0IwN1I2UUg1UzIvUkhCTjJSTDlWR1FOSw==;SEM;2021-10-14;2020-07-23;;RHBN2RL9VGQNK;;Cada cierto tiempo (7-20 minutos) aparece esa franja en la pantalla, dura menos de un segundo, pero se nota bastante. Para hacer valida la garantía de 90 días, hay que mandar el equipo a California con prepago, no sin antes tener la autorización de una página que se encuentra en mantenimiento. Sin contar estos detalles, la calidad de la imagen es muy buena, y moverse en los menús de la pantalla es bastante rápido.;No muy buena calidad;AMAZON;MX;2021-10-14 09:40;SAMSUNG;"Samsung Smart TV 65"" 4K UHD UN65NU6590FXZA (Renewed)";https://www.amazon.com.mx/Samsung-Smart-UHD-UN65NU6590FXZA-Renewed/dp/B07R6QH5S2/;CE;3.0 ;https://www.amazon.com.mx/
1175;aHR0cHM6Ly93d3cuYW1hem9uLmNvbS5teC9TYW1zdW5nLVNtYXJ0LVVIRC1VTjY1TlU2NTkwRlhaQS1SZW5ld2VkL2RwL0IwN1I2UUg1UzIvUjJDSEsxT1M2OUJCSDg=;SEM;2021-10-14;2020-07-14;;R2CHK1OS69BBH8;;Muy buena oferta, en prefabricados muy fácil de conectar a la red imagen muy buena, audio muy aceptable solo que no tiene salida de audio análoga, pero todo lo demás muy bueno.;Mejor precio no pude encontrar;AMAZON;MX;2021-10-14 09:40;SAMSUNG;"Samsung Smart TV 65"" 4K UHD UN65NU6590FXZA (Renewed)";https://www.amazon.com.mx/Samsung-Smart-UHD-UN65NU6590FXZA-Renewed/dp/B07R6QH5S2/;CE;5.0 ;https://www.amazon.com.mx/
1176;aHR0cHM6Ly93d3cuYW1hem9uLmNvbS5teC9TYW1zdW5nLVNtYXJ0LVVIRC1VTjY1TlU2NTkwRlhaQS1SZW5ld2VkL2RwL0IwN1I2UUg1UzIvUkNHRUJTNjdXNko4Ng==;SEM;2021-10-14;2020-06-25;;RCGEBS67W6J86;;Comprar esta TV fue una de las mejores decisiones que he tomado, esta nueva fisicamente y funciona como una nueva. Por lo que me pude ahorrar un 40% del costo de una nueva. La recomendaría 100%.;La TV esta nueva y te ahorras mucho dinero.;AMAZON;MX;2021-10-14 09:40;SAMSUNG;"Samsung Smart TV 65"" 4K UHD UN65NU6590FXZA (Renewed)";https://www.amazon.com.mx/Samsung-Smart-UHD-UN65NU6590FXZA-Renewed/dp/B07R6QH5S2/;CE;5.0 ;https://www.amazon.com.mx/
1177;aHR0cHM6Ly93d3cuYW1hem9uLmNvbS5teC9TYW1zdW5nLVNtYXJ0LVVIRC1VTjY1TlU2NTkwRlhaQS1SZW5ld2VkL2RwL0IwN1I2UUg1UzIvUkJET1EzQzBVWkVKWA==;SEM;2021-10-14;2020-06-22;;RBDOQ3C0UZEJX;;Llego estrellada la pantalla , estamos en proceso de devolucion;Fiasco;AMAZON;MX;2021-10-14 09:40;SAMSUNG;"Samsung Smart TV 65"" 4K UHD UN65NU6590FXZA (Renewed)";https://www.amazon.com.mx/Samsung-Smart-UHD-UN65NU6590FXZA-Renewed/dp/B07R6QH5S2/;CE;1.0 ;https://www.amazon.com.mx/
1178;aHR0cHM6Ly93d3cuYW1hem9uLmNvbS5teC9TYW1zdW5nLVNtYXJ0LVVIRC1VTjY1TlU2NTkwRlhaQS1SZW5ld2VkL2RwL0IwN1I2UUg1UzIvUlFGU0hSTUpISFAyNQ==;SEM;2021-10-14;2020-06-22;;RQFSHRMJHHP25;;Llego en buen estado, sin detalles a la vista , al parecer funciona bien 👍🏻 El control me llego original , lo único q se tardo mas de lo esperado la entrega .;Buena compra;AMAZON;MX;2021-10-14 09:40;SAMSUNG;"Samsung Smart TV 65"" 4K UHD UN65NU6590FXZA (Renewed)";https://www.amazon.com.mx/Samsung-Smart-UHD-UN65NU6590FXZA-Renewed/dp/B07R6QH5S2/;CE;4.0 ;https://www.amazon.com.mx/
1179;aHR0cHM6Ly93d3cuYW1hem9uLmNvbS5teC9TYW1zdW5nLVNtYXJ0LVVIRC1VTjY1TlU2NTkwRlhaQS1SZW5ld2VkL2RwL0IwN1I2UUg1UzIvUjJXU0U2T0VDRTdROEc=;SEM;2021-10-14;2020-06-21;;R2WSE6OECE7Q8G;;El producto es funcional al 100%, trae detalles en el respaldo de la tv pero no afecta. Su estética es de un 90%;Buen funcionamiento;AMAZON;MX;2021-10-14 09:40;SAMSUNG;"Samsung Smart TV 65"" 4K UHD UN65NU6590FXZA (Renewed)";https://www.amazon.com.mx/Samsung-Smart-UHD-UN65NU6590FXZA-Renewed/dp/B07R6QH5S2/;CE;4.0 ;https://www.amazon.com.mx/
1180;aHR0cHM6Ly93d3cuYW1hem9uLmNvbS5teC9TYW1zdW5nLVNtYXJ0LVVIRC1VTjY1TlU2NTkwRlhaQS1SZW5ld2VkL2RwL0IwN1I2UUg1UzIvUkdPNEZJQjNYNERRMw==;SEM;2021-10-14;2020-06-21;;RGO4FIB3X4DQ3;;Compré esta pantalla en oferta por ser remanufacturada, la verdad tenía mis dudas, pero l pantalla funciona de maravilla, la calidad es excelente y corre a 120fps sin problema. Llego un poco tarde pero en excelentes condiciones, básicamente esta nueva.;Excelente relación calidad precio.;AMAZON;MX;2021-10-14 09:40;SAMSUNG;"Samsung Smart TV 65"" 4K UHD UN65NU6590FXZA (Renewed)";https://www.amazon.com.mx/Samsung-Smart-UHD-UN65NU6590FXZA-Renewed/dp/B07R6QH5S2/;CE;5.0 ;https://www.amazon.com.mx/
1181;aHR0cHM6Ly93d3cuYW1hem9uLmNvbS5teC9TYW1zdW5nLVNtYXJ0LVVIRC1VTjY1TlU2NTkwRlhaQS1SZW5ld2VkL2RwL0IwN1I2UUg1UzIvUjI4TlRRVVNRSFVKQ0U=;SEM;2021-10-14;2020-06-20;;R28NTQUSQHUJCE;;Espero la devolucion del dinero ya pasaron casi10 dias;N me sirvio ese producto;AMAZON;MX;2021-10-14 09:41;SAMSUNG;"Samsung Smart TV 65"" 4K UHD UN65NU6590FXZA (Renewed)";https://www.amazon.com.mx/Samsung-Smart-UHD-UN65NU6590FXZA-Renewed/dp/B07R6QH5S2/;CE;1.0 ;https://www.amazon.com.mx/
1182;aHR0cHM6Ly93d3cuYW1hem9uLmNvbS5teC9TYW1zdW5nLVNtYXJ0LVVIRC1VTjY1TlU2NTkwRlhaQS1SZW5ld2VkL2RwL0IwN1I2UUg1UzIvUlFYQVFDN0lLN0FMUA==;SEM;2021-10-14;2020-06-15;;RQXAQC7IK7ALP;;Salió defectuoso ese detalle, pareciera que está mal pegado. Con quien verifico eso ?;Defecto;AMAZON;MX;2021-10-14 09:41;SAMSUNG;"Samsung Smart TV 65"" 4K UHD UN65NU6590FXZA (Renewed)";https://www.amazon.com.mx/Samsung-Smart-UHD-UN65NU6590FXZA-Renewed/dp/B07R6QH5S2/;CE;1.0 ;https://www.amazon.com.mx/
1183;aHR0cHM6Ly93d3cuYW1hem9uLmNvbS5teC9TYW1zdW5nLVNtYXJ0LVVIRC1VTjY1TlU2NTkwRlhaQS1SZW5ld2VkL2RwL0IwN1I2UUg1UzIvUjFaVFlEUEtWMlEzVUw=;SEM;2021-10-14;2020-06-12;;R1ZTYDPKV2Q3UL;;Es un buen producto aunque sea reconstruido, desafortunadamente salio con falla y estamos en el proceso de la devolucion;TV SAMSUNG;AMAZON;MX;2021-10-14 09:41;SAMSUNG;"Samsung Smart TV 65"" 4K UHD UN65NU6590FXZA (Renewed)";https://www.amazon.com.mx/Samsung-Smart-UHD-UN65NU6590FXZA-Renewed/dp/B07R6QH5S2/;CE;1.0 ;https://www.amazon.com.mx/
1184;aHR0cHM6Ly93d3cuYW1hem9uLmNvbS5teC9TYW1zdW5nLVNtYXJ0LVVIRC1VTjY1TlU2NTkwRlhaQS1SZW5ld2VkL2RwL0IwN1I2UUg1UzIvUjM3Q0wwRUZDMU1NMUQ=;SEM;2021-10-14;2020-06-12;;R37CL0EFC1MM1D;;Se supone que es una tele de 50 pulgadas, pero al momento de medirla, resulta que es de 47 pulgadas, no se vale, que coraje, publicidad engañosa, NO se dejen engañar;Publicidad engañosa;AMAZON;MX;2021-10-14 09:41;SAMSUNG;"Samsung Smart TV 65"" 4K UHD UN65NU6590FXZA (Renewed)";https://www.amazon.com.mx/Samsung-Smart-UHD-UN65NU6590FXZA-Renewed/dp/B07R6QH5S2/;CE;1.0 ;https://www.amazon.com.mx/
1185;aHR0cHM6Ly93d3cuYW1hem9uLmNvbS5teC9TYW1zdW5nLVNtYXJ0LVVIRC1VTjY1TlU2NTkwRlhaQS1SZW5ld2VkL2RwL0IwN1I2UUg1UzIvUjI1NDhOV1FSV0FVNg==;SEM;2021-10-14;2020-06-06;;R2548NWQRWAU6;;Es un excelente producto y el precio fue increiblemente accesible, 100% satisfecho con mi compra;Excelente costo/beneficio;AMAZON;MX;2021-10-14 09:41;SAMSUNG;"Samsung Smart TV 65"" 4K UHD UN65NU6590FXZA (Renewed)";https://www.amazon.com.mx/Samsung-Smart-UHD-UN65NU6590FXZA-Renewed/dp/B07R6QH5S2/;CE;5.0 ;https://www.amazon.com.mx/
1186;aHR0cHM6Ly93d3cuYW1hem9uLmNvbS5teC9TYW1zdW5nLVNtYXJ0LVVIRC1VTjY1TlU2NTkwRlhaQS1SZW5ld2VkL2RwL0IwN1I2UUg1UzIvUlZHOFNCRlpZM1lISg==;SEM;2021-10-14;2020-06-05;;RVG8SBFZY3YHJ;;La pantalla está en muy buen estado, se ve súper bien;Definición de pantalla;AMAZON;MX;2021-10-14 09:41;SAMSUNG;"Samsung Smart TV 65"" 4K UHD UN65NU6590FXZA (Renewed)";https://www.amazon.com.mx/Samsung-Smart-UHD-UN65NU6590FXZA-Renewed/dp/B07R6QH5S2/;CE;5.0 ;https://www.amazon.com.mx/
1187;aHR0cHM6Ly93d3cuYW1hem9uLmNvbS5teC9TYW1zdW5nLVNtYXJ0LVVIRC1VTjY1TlU2NTkwRlhaQS1SZW5ld2VkL2RwL0IwN1I2UUg1UzIvUjFXN0hIOFZJRFRUUlg=;SEM;2021-10-14;2020-06-04;;R1W7HH8VIDTTRX;;La pantalla muestra rayas grises, es decir el display no fue reparado correctamente. Era de esperarse que el producto presentara defectos debido a que era renovado, pero mi esperanza es que fueran menos evidentes.;La pantalla se ve mal;AMAZON;MX;2021-10-14 09:41;SAMSUNG;"Samsung Smart TV 65"" 4K UHD UN65NU6590FXZA (Renewed)";https://www.amazon.com.mx/Samsung-Smart-UHD-UN65NU6590FXZA-Renewed/dp/B07R6QH5S2/;CE;2.0 ;https://www.amazon.com.mx/
1188;aHR0cHM6Ly93d3cuYW1hem9uLmNvbS5teC9TYW1zdW5nLVNtYXJ0LVVIRC1VTjY1TlU2NTkwRlhaQS1SZW5ld2VkL2RwL0IwN1I2UUg1UzIvUjNINzNJTjdLR09PVkc=;SEM;2021-10-14;2020-06-04;;R3H73IN7KGOOVG;;Aun no puedo dar una opinión mas específica del producto, sobre todo porqué es restaurado, en cuando al tiempo de entrega, empacado todo bien. He tenido problemas para configurar el audio.;Precio, tiempo de entrega muy bien.;AMAZON;MX;2021-10-14 09:41;SAMSUNG;"Samsung Smart TV 65"" 4K UHD UN65NU6590FXZA (Renewed)";https://www.amazon.com.mx/Samsung-Smart-UHD-UN65NU6590FXZA-Renewed/dp/B07R6QH5S2/;CE;4.0 ;https://www.amazon.com.mx/
1189;aHR0cHM6Ly93d3cuYW1hem9uLmNvbS5teC9TYW1zdW5nLVNtYXJ0LVVIRC1VTjY1TlU2NTkwRlhaQS1SZW5ld2VkL2RwL0IwN1I2UUg1UzIvUkVEQ1VXMk5NNEhGSA==;SEM;2021-10-14;2020-06-03;;REDCUW2NM4HFH;;Llegó estrellada la pantalla sin siquiera sacarlo de la caja;Estrellada;AMAZON;MX;2021-10-14 09:41;SAMSUNG;"Samsung Smart TV 65"" 4K UHD UN65NU6590FXZA (Renewed)";https://www.amazon.com.mx/Samsung-Smart-UHD-UN65NU6590FXZA-Renewed/dp/B07R6QH5S2/;CE;2.0 ;https://www.amazon.com.mx/
1190;aHR0cHM6Ly93d3cuYW1hem9uLmNvbS5teC9TYW1zdW5nLVNtYXJ0LVVIRC1VTjY1TlU2NTkwRlhaQS1SZW5ld2VkL2RwL0IwN1I2UUg1UzIvUjExTVlaSFc5VVpVN1Q=;SEM;2021-10-14;2020-05-19;;R11MYZHW9UZU7T;;Llegó súper rápido y todo funciona muy bien.;La calidad de imagen;AMAZON;MX;2021-10-14 09:41;SAMSUNG;"Samsung Smart TV 65"" 4K UHD UN65NU6590FXZA (Renewed)";https://www.amazon.com.mx/Samsung-Smart-UHD-UN65NU6590FXZA-Renewed/dp/B07R6QH5S2/;CE;5.0 ;https://www.amazon.com.mx/
1191;aHR0cHM6Ly93d3cuYW1hem9uLmNvbS5teC9TYW1zdW5nLVNtYXJ0LVVIRC1VTjY1TlU2NTkwRlhaQS1SZW5ld2VkL2RwL0IwN1I2UUg1UzIvUjFJQkRVMFUxS1VZMzg=;SEM;2021-10-14;2020-05-10;;R1IBDU0U1KUY38;;Ni siquiera encendió.;No vale la pena;AMAZON;MX;2021-10-14 09:41;SAMSUNG;"Samsung Smart TV 65"" 4K UHD UN65NU6590FXZA (Renewed)";https://www.amazon.com.mx/Samsung-Smart-UHD-UN65NU6590FXZA-Renewed/dp/B07R6QH5S2/;CE;1.0 ;https://www.amazon.com.mx/
1192;aHR0cHM6Ly93d3cuYW1hem9uLmNvbS5teC9TYW1zdW5nLVNtYXJ0LVVIRC1VTjY1TlU2NTkwRlhaQS1SZW5ld2VkL2RwL0IwN1I2UUg1UzIvUjI4R0FZUUZMRDk2Qjk=;SEM;2021-10-14;2020-04-27;;R28GAYQFLD96B9;;excelente producto;exceñente;AMAZON;MX;2021-10-14 09:41;SAMSUNG;"Samsung Smart TV 65"" 4K UHD UN65NU6590FXZA (Renewed)";https://www.amazon.com.mx/Samsung-Smart-UHD-UN65NU6590FXZA-Renewed/dp/B07R6QH5S2/;CE;5.0 ;https://www.amazon.com.mx/
1193;aHR0cHM6Ly93d3cuYW1hem9uLmNvbS5teC9TYW1zdW5nLVNtYXJ0LVVIRC1VTjY1TlU2NTkwRlhaQS1SZW5ld2VkL2RwL0IwN1I2UUg1UzIvUjNJVzNBSEw1WUFZRjk=;SEM;2021-10-14;2020-04-26;;R3IW3AHL5YAYF9;;A mas de 3 meses de uso sin ningún problema, por el precio un muy buen producto. Venía en caja original pese a ser reacondicionado.;Perfecto.;AMAZON;MX;2021-10-14 09:41;SAMSUNG;"Samsung Smart TV 65"" 4K UHD UN65NU6590FXZA (Renewed)";https://www.amazon.com.mx/Samsung-Smart-UHD-UN65NU6590FXZA-Renewed/dp/B07R6QH5S2/;CE;5.0 ;https://www.amazon.com.mx/
1194;aHR0cHM6Ly93d3cuYW1hem9uLmNvbS5teC9TYW1zdW5nLVNtYXJ0LVVIRC1VTjY1TlU2NTkwRlhaQS1SZW5ld2VkL2RwL0IwN1I2UUg1UzIvUjM2RlJNRUdXQzMwVVc=;SEM;2021-10-14;2020-04-22;;R36FRMEGWC30UW;;Primero me enviaron una pantalla defectuosa se veían unas rayas grises, así que la devolví y tardo como dos semanas en regresarme el dinero para poder pedir una nueva, y ya no he tenido problemas con ella;PANTALLA DEVUELTA;AMAZON;MX;2021-10-14 09:41;SAMSUNG;"Samsung Smart TV 65"" 4K UHD UN65NU6590FXZA (Renewed)";https://www.amazon.com.mx/Samsung-Smart-UHD-UN65NU6590FXZA-Renewed/dp/B07R6QH5S2/;CE;4.0 ;https://www.amazon.com.mx/
1195;aHR0cHM6Ly93d3cuYW1hem9uLmNvbS5teC9TYW1zdW5nLVNtYXJ0LVVIRC1VTjY1TlU2NTkwRlhaQS1SZW5ld2VkL2RwL0IwN1I2UUg1UzIvUjFOVUpNS1M4RDM2M0Q=;SEM;2021-10-14;2020-04-21;;R1NUJMKS8D363D;;Aparecen rayas, en diferentes momentos;Eres un producto dañado;AMAZON;MX;2021-10-14 09:41;SAMSUNG;"Samsung Smart TV 65"" 4K UHD UN65NU6590FXZA (Renewed)";https://www.amazon.com.mx/Samsung-Smart-UHD-UN65NU6590FXZA-Renewed/dp/B07R6QH5S2/;CE;1.0 ;https://www.amazon.com.mx/
1196;aHR0cHM6Ly93d3cuYW1hem9uLmNvbS5teC9TYW1zdW5nLVNtYXJ0LVVIRC1VTjY1TlU2NTkwRlhaQS1SZW5ld2VkL2RwL0IwN1I2UUg1UzIvUjJIVVpNVDNCVjAyN1Q=;SEM;2021-10-14;2020-04-14;;R2HUZMT3BV027T;;A pesar de ser un articulo remanufacturado, es de excelente calidad, parece nuevo, estoy muy satisfecho;Como nuevo;AMAZON;MX;2021-10-14 09:42;SAMSUNG;"Samsung Smart TV 65"" 4K UHD UN65NU6590FXZA (Renewed)";https://www.amazon.com.mx/Samsung-Smart-UHD-UN65NU6590FXZA-Renewed/dp/B07R6QH5S2/;CE;5.0 ;https://www.amazon.com.mx/
1197;aHR0cHM6Ly93d3cuYW1hem9uLmNvbS5teC9TYW1zdW5nLVNtYXJ0LVVIRC1VTjY1TlU2NTkwRlhaQS1SZW5ld2VkL2RwL0IwN1I2UUg1UzIvUjJKRU5NUEVXWk1VMDQ=;SEM;2021-10-14;2020-04-13;;R2JENMPEWZMU04;;Llego en buenas condiciones y la TV es excelente;Muy buena;AMAZON;MX;2021-10-14 09:42;SAMSUNG;"Samsung Smart TV 65"" 4K UHD UN65NU6590FXZA (Renewed)";https://www.amazon.com.mx/Samsung-Smart-UHD-UN65NU6590FXZA-Renewed/dp/B07R6QH5S2/;CE;5.0 ;https://www.amazon.com.mx/
1198;aHR0cHM6Ly93d3cuYW1hem9uLmNvbS5teC9TYW1zdW5nLVNtYXJ0LVVIRC1VTjY1TlU2NTkwRlhaQS1SZW5ld2VkL2RwL0IwN1I2UUg1UzIvUjJLWkJJWkw4RDFXT0c=;SEM;2021-10-14;2020-03-31;;R2KZBIZL8D1WOG;;Simplemente genial;Muy buena elección para entretenimiento en consolas;AMAZON;MX;2021-10-14 09:42;SAMSUNG;"Samsung Smart TV 65"" 4K UHD UN65NU6590FXZA (Renewed)";https://www.amazon.com.mx/Samsung-Smart-UHD-UN65NU6590FXZA-Renewed/dp/B07R6QH5S2/;CE;5.0 ;https://www.amazon.com.mx/
1199;aHR0cHM6Ly93d3cuYW1hem9uLmNvbS5teC9TYW1zdW5nLVNtYXJ0LVVIRC1VTjY1TlU2NTkwRlhaQS1SZW5ld2VkL2RwL0IwN1I2UUg1UzIvUjFKTlpXUllZMTdVNVA=;SEM;2021-10-14;2020-03-31;;R1JNZWRYY17U5P;;No se puede contectar nada bluetooth;Buena tv;AMAZON;MX;2021-10-14 09:42;SAMSUNG;"Samsung Smart TV 65"" 4K UHD UN65NU6590FXZA (Renewed)";https://www.amazon.com.mx/Samsung-Smart-UHD-UN65NU6590FXZA-Renewed/dp/B07R6QH5S2/;CE;3.0 ;https://www.amazon.com.mx/
1200;aHR0cHM6Ly93d3cuYW1hem9uLmNvbS5teC9TYW1zdW5nLVNtYXJ0LVVIRC1VTjY1TlU2NTkwRlhaQS1SZW5ld2VkL2RwL0IwN1I2UUg1UzIvUjNKRU5ENVEwM0RROTI=;SEM;2021-10-14;2020-03-29;;R3JEND5Q03DQ92;;Llegó en perfectas condiciones y ha funcionado genial. La calidad de imagen y sonido me parece muy buena, es súper fácil de configurar y además la puedes conectar a Alexa para prenderla o apagarla sin necesidad de utilizar el control remoto. Además, desde el celular puedes elegir qué quieres ver en Netflix o Amazon Video, así que es súper fácil ver tu serie favorita. Súper recomendable.;Excelente pantalla;AMAZON;MX;2021-10-14 09:42;SAMSUNG;"Samsung Smart TV 65"" 4K UHD UN65NU6590FXZA (Renewed)";https://www.amazon.com.mx/Samsung-Smart-UHD-UN65NU6590FXZA-Renewed/dp/B07R6QH5S2/;CE;5.0 ;https://www.amazon.com.mx/
1201;aHR0cHM6Ly93d3cuYW1hem9uLmNvbS5teC9TYW1zdW5nLVNtYXJ0LVVIRC1VTjY1TlU2NTkwRlhaQS1SZW5ld2VkL2RwL0IwN1I2UUg1UzIvUjE1WVNRVTFYWlNQVVA=;SEM;2021-10-14;2020-03-28;;R15YSQU1XZSPUP;;Ya localicé las piezas faltantes, por la tarde lo conecto y les emito mi calificación final;Articulo;AMAZON;MX;2021-10-14 09:42;SAMSUNG;"Samsung Smart TV 65"" 4K UHD UN65NU6590FXZA (Renewed)";https://www.amazon.com.mx/Samsung-Smart-UHD-UN65NU6590FXZA-Renewed/dp/B07R6QH5S2/;CE;3.0 ;https://www.amazon.com.mx/
1202;aHR0cHM6Ly93d3cuYW1hem9uLmNvbS5teC9TYW1zdW5nLVNtYXJ0LVVIRC1VTjY1TlU2NTkwRlhaQS1SZW5ld2VkL2RwL0IwN1I2UUg1UzIvUjFQSlA3RTBEVjZDMQ==;SEM;2021-10-14;2020-03-21;;R1PJP7E0DV6C1;;al ser rearmada tiene sus detalle, tiene cierta latencia de vez en cuando;renewed;AMAZON;MX;2021-10-14 09:42;SAMSUNG;"Samsung Smart TV 65"" 4K UHD UN65NU6590FXZA (Renewed)";https://www.amazon.com.mx/Samsung-Smart-UHD-UN65NU6590FXZA-Renewed/dp/B07R6QH5S2/;CE;4.0 ;https://www.amazon.com.mx/
1203;aHR0cHM6Ly93d3cuYW1hem9uLmNvbS5teC9TYW1zdW5nLVNtYXJ0LVVIRC1VTjY1TlU2NTkwRlhaQS1SZW5ld2VkL2RwL0IwN1I2UUg1UzIvUjNVMUhENlRITDg1MlU=;SEM;2021-10-14;2020-03-19;;R3U1HD6THL852U;;Muy rápido su sistema operativo y muy facil de usar;La mejor compra del mes;AMAZON;MX;2021-10-14 09:42;SAMSUNG;"Samsung Smart TV 65"" 4K UHD UN65NU6590FXZA (Renewed)";https://www.amazon.com.mx/Samsung-Smart-UHD-UN65NU6590FXZA-Renewed/dp/B07R6QH5S2/;CE;5.0 ;https://www.amazon.com.mx/
1204;aHR0cHM6Ly93d3cuYW1hem9uLmNvbS5teC9TYW1zdW5nLVNtYXJ0LVVIRC1VTjY1TlU2NTkwRlhaQS1SZW5ld2VkL2RwL0IwN1I2UUg1UzIvUjJLT0dVSldIUTA3RFY=;SEM;2021-10-14;2020-03-18;;R2KOGUJWHQ07DV;;La pantalla no traía tornillos para su instalación y solo un cable para conectarla a la electricidad. Eso en normal?;Reacondicionado también significa que carezca de todo lo demás;AMAZON;MX;2021-10-14 09:42;SAMSUNG;"Samsung Smart TV 65"" 4K UHD UN65NU6590FXZA (Renewed)";https://www.amazon.com.mx/Samsung-Smart-UHD-UN65NU6590FXZA-Renewed/dp/B07R6QH5S2/;CE;3.0 ;https://www.amazon.com.mx/
1205;aHR0cHM6Ly93d3cuYW1hem9uLmNvbS5teC9TYW1zdW5nLVNtYXJ0LVVIRC1VTjY1TlU2NTkwRlhaQS1SZW5ld2VkL2RwL0IwN1I2UUg1UzIvUjIzMUVSM1A4TlRVQ0k=;SEM;2021-10-14;2020-03-16;;R231ER3P8NTUCI;;Más que la probada calidad del producto, el servicio y la atención post venta fue extraordinaria. Quedamos muy satisfechos en todos los sentidos.;Buen producto y mejor servicio;AMAZON;MX;2021-10-14 09:42;SAMSUNG;"Samsung Smart TV 65"" 4K UHD UN65NU6590FXZA (Renewed)";https://www.amazon.com.mx/Samsung-Smart-UHD-UN65NU6590FXZA-Renewed/dp/B07R6QH5S2/;CE;5.0 ;https://www.amazon.com.mx/
1206;aHR0cHM6Ly93d3cuYW1hem9uLmNvbS5teC9TYW1zdW5nLVNtYXJ0LVVIRC1VTjY1TlU2NTkwRlhaQS1SZW5ld2VkL2RwL0IwN1I2UUg1UzIvUjJRWlo5OUxaWVQ3VjI=;SEM;2021-10-14;2020-03-14;;R2QZZ99LZYT7V2;;Este Samsung nunca fue entregado. He cancelado el pedido.;Este Samsung nunca fue entregado;AMAZON;MX;2021-10-14 09:42;SAMSUNG;"Samsung Smart TV 65"" 4K UHD UN65NU6590FXZA (Renewed)";https://www.amazon.com.mx/Samsung-Smart-UHD-UN65NU6590FXZA-Renewed/dp/B07R6QH5S2/;CE;1.0 ;https://www.amazon.com.mx/
1207;aHR0cHM6Ly93d3cuYW1hem9uLmNvbS5teC9TYW1zdW5nLVNtYXJ0LVVIRC1VTjY1TlU2NTkwRlhaQS1SZW5ld2VkL2RwL0IwN1I2UUg1UzIvUjFRVllHWFRPWEE4Rlc=;SEM;2021-10-14;2020-03-08;;R1QVYGXTOXA8FW;;Ya no quiere prender;No está tan buena;AMAZON;MX;2021-10-14 09:42;SAMSUNG;"Samsung Smart TV 65"" 4K UHD UN65NU6590FXZA (Renewed)";https://www.amazon.com.mx/Samsung-Smart-UHD-UN65NU6590FXZA-Renewed/dp/B07R6QH5S2/;CE;2.0 ;https://www.amazon.com.mx/
1208;aHR0cHM6Ly93d3cuYW1hem9uLmNvbS5teC9TYW1zdW5nLVNtYXJ0LVVIRC1VTjY1TlU2NTkwRlhaQS1SZW5ld2VkL2RwL0IwN1I2UUg1UzIvUjM4MzdMUTg5OElDNVk=;SEM;2021-10-14;2020-03-06;;R3837LQ898IC5Y;;Tenía mis dudas respecto a que era refurbished sin embargo llevo 6 meses de uso y no ha fallado nada. La pantalla venía bien empaquetada con embalaje samsung, instrucciones, control c/baterías y cable. Es muy buena la calidad/precio ya que pantallas nuevas similares las vi en tiendas departamentales al doble o más de precio. El envío llego en el tiempo establecido.;Buena Pantalla Calidad/Precio;AMAZON;MX;2021-10-14 09:42;SAMSUNG;"Samsung Smart TV 65"" 4K UHD UN65NU6590FXZA (Renewed)";https://www.amazon.com.mx/Samsung-Smart-UHD-UN65NU6590FXZA-Renewed/dp/B07R6QH5S2/;CE;5.0 ;https://www.amazon.com.mx/
1209;aHR0cHM6Ly93d3cuYW1hem9uLmNvbS5teC9TYW1zdW5nLVNtYXJ0LVVIRC1VTjY1TlU2NTkwRlhaQS1SZW5ld2VkL2RwL0IwN1I2UUg1UzIvUjg2VFc5MEdOMlQ2Rw==;SEM;2021-10-14;2020-03-03;;R86TW90GN2T6G;;Tengo apenas 4 días usando la TV y hasta el momento estamos contentos con el producto, buen sonido;Sí cumplió mis expectativas;AMAZON;MX;2021-10-14 09:42;SAMSUNG;"Samsung Smart TV 65"" 4K UHD UN65NU6590FXZA (Renewed)";https://www.amazon.com.mx/Samsung-Smart-UHD-UN65NU6590FXZA-Renewed/dp/B07R6QH5S2/;CE;5.0 ;https://www.amazon.com.mx/
1210;aHR0cHM6Ly93d3cuYW1hem9uLmNvbS5teC9TYW1zdW5nLVNtYXJ0LVVIRC1VTjY1TlU2NTkwRlhaQS1SZW5ld2VkL2RwL0IwN1I2UUg1UzIvUk84NExNR0dKNjBHTQ==;SEM;2021-10-14;2020-02-29;;RO84LMGGJ60GM;;Excelente precio;Excelente precio;AMAZON;MX;2021-10-14 09:42;SAMSUNG;"Samsung Smart TV 65"" 4K UHD UN65NU6590FXZA (Renewed)";https://www.amazon.com.mx/Samsung-Smart-UHD-UN65NU6590FXZA-Renewed/dp/B07R6QH5S2/;CE;5.0 ;https://www.amazon.com.mx/
1211;aHR0cHM6Ly93d3cuYW1hem9uLmNvbS5teC9TYW1zdW5nLVNtYXJ0LVVIRC1VTjY1TlU2NTkwRlhaQS1SZW5ld2VkL2RwL0IwN1I2UUg1UzIvUjFJVlg2OUg4Mk0zTkE=;SEM;2021-10-14;2020-02-29;;R1IVX69H82M3NA;;Me encanto más de lo que esperaba;Llego mad pronto de lo que esperaba;AMAZON;MX;2021-10-14 09:43;SAMSUNG;"Samsung Smart TV 65"" 4K UHD UN65NU6590FXZA (Renewed)";https://www.amazon.com.mx/Samsung-Smart-UHD-UN65NU6590FXZA-Renewed/dp/B07R6QH5S2/;CE;5.0 ;https://www.amazon.com.mx/
1212;aHR0cHM6Ly93d3cuYW1hem9uLmNvbS5teC9TYW1zdW5nLVNtYXJ0LVVIRC1VTjY1TlU2NTkwRlhaQS1SZW5ld2VkL2RwL0IwN1I2UUg1UzIvUjlRS1dCSjlVSTQwWg==;SEM;2021-10-14;2020-02-16;;R9QKWBJ9UI40Z;;Muy buen producto,;Buena compra;AMAZON;MX;2021-10-14 09:43;SAMSUNG;"Samsung Smart TV 65"" 4K UHD UN65NU6590FXZA (Renewed)";https://www.amazon.com.mx/Samsung-Smart-UHD-UN65NU6590FXZA-Renewed/dp/B07R6QH5S2/;CE;5.0 ;https://www.amazon.com.mx/
1213;aHR0cHM6Ly93d3cuYW1hem9uLmNvbS5teC9TYW1zdW5nLVNtYXJ0LVVIRC1VTjY1TlU2NTkwRlhaQS1SZW5ld2VkL2RwL0IwN1I2UUg1UzIvUjIxUTZSOThDNDhQQ1c=;SEM;2021-10-14;2020-02-16;;R21Q6R98C48PCW;;Excelente aparato, quedó perfecto donde lo coloqué;SAMSUNG TV 55, TV 32  y cel S7;AMAZON;MX;2021-10-14 09:43;SAMSUNG;"Samsung Smart TV 65"" 4K UHD UN65NU6590FXZA (Renewed)";https://www.amazon.com.mx/Samsung-Smart-UHD-UN65NU6590FXZA-Renewed/dp/B07R6QH5S2/;CE;5.0 ;https://www.amazon.com.mx/
1214;aHR0cHM6Ly93d3cuYW1hem9uLmNvbS5teC9TYW1zdW5nLVNtYXJ0LVVIRC1VTjY1TlU2NTkwRlhaQS1SZW5ld2VkL2RwL0IwN1I2UUg1UzIvUjFGSklVWDI5MUpMRUI=;SEM;2021-10-14;2020-02-12;;R1FJIUX291JLEB;;Me gustó y la imagen es de calidad;Buen producto calidad precio;AMAZON;MX;2021-10-14 09:43;SAMSUNG;"Samsung Smart TV 65"" 4K UHD UN65NU6590FXZA (Renewed)";https://www.amazon.com.mx/Samsung-Smart-UHD-UN65NU6590FXZA-Renewed/dp/B07R6QH5S2/;CE;4.0 ;https://www.amazon.com.mx/
1215;aHR0cHM6Ly93d3cuYW1hem9uLmNvbS5teC9TYW1zdW5nLVNtYXJ0LVVIRC1VTjY1TlU2NTkwRlhaQS1SZW5ld2VkL2RwL0IwN1I2UUg1UzIvUjJWNkVCSU81U1dNMko=;SEM;2021-10-14;2020-02-07;;R2V6EBIO5SWM2J;;No se llegó a usar. No se puede.;Pésimo;AMAZON;MX;2021-10-14 09:43;SAMSUNG;"Samsung Smart TV 65"" 4K UHD UN65NU6590FXZA (Renewed)";https://www.amazon.com.mx/Samsung-Smart-UHD-UN65NU6590FXZA-Renewed/dp/B07R6QH5S2/;CE;1.0 ;https://www.amazon.com.mx/
1216;aHR0cHM6Ly93d3cuYW1hem9uLmNvbS5teC9TYW1zdW5nLVNtYXJ0LVVIRC1VTjY1TlU2NTkwRlhaQS1SZW5ld2VkL2RwL0IwN1I2UUg1UzIvUjFYRUo5OTBZMDVMME0=;SEM;2021-10-14;2020-02-07;;R1XEJ990Y05L0M;;muy contenta con mi compra;excelente;AMAZON;MX;2021-10-14 09:43;SAMSUNG;"Samsung Smart TV 65"" 4K UHD UN65NU6590FXZA (Renewed)";https://www.amazon.com.mx/Samsung-Smart-UHD-UN65NU6590FXZA-Renewed/dp/B07R6QH5S2/;CE;5.0 ;https://www.amazon.com.mx/
1217;aHR0cHM6Ly93d3cuYW1hem9uLmNvbS5teC9TYW1zdW5nLVNtYXJ0LVVIRC1VTjY1TlU2NTkwRlhaQS1SZW5ld2VkL2RwL0IwN1I2UUg1UzIvUjJVMjFUQVA2UVRDNE0=;SEM;2021-10-14;2020-02-05;;R2U21TAP6QTC4M;;Excelente producto todo esta en excelente estado;Un excelente producto aun un precio aun mejor;AMAZON;MX;2021-10-14 09:43;SAMSUNG;"Samsung Smart TV 65"" 4K UHD UN65NU6590FXZA (Renewed)";https://www.amazon.com.mx/Samsung-Smart-UHD-UN65NU6590FXZA-Renewed/dp/B07R6QH5S2/;CE;5.0 ;https://www.amazon.com.mx/
1218;aHR0cHM6Ly93d3cuYW1hem9uLmNvbS5teC9TYW1zdW5nLVNtYXJ0LVVIRC1VTjY1TlU2NTkwRlhaQS1SZW5ld2VkL2RwL0IwN1I2UUg1UzIvUjFIOUxPTVpCVUpaVk4=;SEM;2021-10-14;2020-01-31;;R1H9LOMZBUJZVN;;La pantalla llego bien y en su caja original, pensé que llegaría con algún detalle al ser un producto (Renewed) pero no le encontré nada malo y funciona muy bien fue muy buena compra;Muy contento;AMAZON;MX;2021-10-14 09:43;SAMSUNG;"Samsung Smart TV 65"" 4K UHD UN65NU6590FXZA (Renewed)";https://www.amazon.com.mx/Samsung-Smart-UHD-UN65NU6590FXZA-Renewed/dp/B07R6QH5S2/;CE;5.0 ;https://www.amazon.com.mx/
1219;aHR0cHM6Ly93d3cuYW1hem9uLmNvbS5teC9TYW1zdW5nLVNtYXJ0LVVIRC1VTjY1TlU2NTkwRlhaQS1SZW5ld2VkL2RwL0IwN1I2UUg1UzIvUlpWTUw4WVNHWE5FSw==;SEM;2021-10-14;2020-01-31;;RZVML8YSGXNEK;;El sonido es menor o mas bajito que la Pantalla de 50 samsumg que había comprado unos meses antes.. La calidad de la imagen excelente..!;Calidad y Servicio;AMAZON;MX;2021-10-14 09:43;SAMSUNG;"Samsung Smart TV 65"" 4K UHD UN65NU6590FXZA (Renewed)";https://www.amazon.com.mx/Samsung-Smart-UHD-UN65NU6590FXZA-Renewed/dp/B07R6QH5S2/;CE;5.0 ;https://www.amazon.com.mx/
1220;aHR0cHM6Ly93d3cuYW1hem9uLmNvbS5teC9TYW1zdW5nLVNtYXJ0LVVIRC1VTjY1TlU2NTkwRlhaQS1SZW5ld2VkL2RwL0IwN1I2UUg1UzIvUlFCNTVNTlYySEkxTA==;SEM;2021-10-14;2020-01-29;;RQB55MNV2HI1L;;Bien;Bien;AMAZON;MX;2021-10-14 09:43;SAMSUNG;"Samsung Smart TV 65"" 4K UHD UN65NU6590FXZA (Renewed)";https://www.amazon.com.mx/Samsung-Smart-UHD-UN65NU6590FXZA-Renewed/dp/B07R6QH5S2/;CE;5.0 ;https://www.amazon.com.mx/
1221;aHR0cHM6Ly93d3cuYW1hem9uLmNvbS5teC9TYW1zdW5nLVNtYXJ0LVVIRC1VTjY1TlU2NTkwRlhaQS1SZW5ld2VkL2RwL0IwN1I2UUg1UzIvUjIzVzBPWkVPWlFCTFg=;SEM;2021-10-14;2020-01-28;;R23W0OZEOZQBLX;;Mal producto. No funciono desde un inicio , la devolución también fue un problema. Una decepción.;Mal producto;AMAZON;MX;2021-10-14 09:43;SAMSUNG;"Samsung Smart TV 65"" 4K UHD UN65NU6590FXZA (Renewed)";https://www.amazon.com.mx/Samsung-Smart-UHD-UN65NU6590FXZA-Renewed/dp/B07R6QH5S2/;CE;1.0 ;https://www.amazon.com.mx/
1222;aHR0cHM6Ly93d3cuYW1hem9uLmNvbS5teC9TYW1zdW5nLVNtYXJ0LVVIRC1VTjY1TlU2NTkwRlhaQS1SZW5ld2VkL2RwL0IwN1I2UUg1UzIvUjJMQlYzMklIUzhSU0g=;SEM;2021-10-14;2020-01-28;;R2LBV32IHS8RSH;;Todo llegó perfectamente en orden. Se ve y escucha muy bien.;Muy buena compra. Sin problemas;AMAZON;MX;2021-10-14 09:43;SAMSUNG;"Samsung Smart TV 65"" 4K UHD UN65NU6590FXZA (Renewed)";https://www.amazon.com.mx/Samsung-Smart-UHD-UN65NU6590FXZA-Renewed/dp/B07R6QH5S2/;CE;5.0 ;https://www.amazon.com.mx/
1223;aHR0cHM6Ly93d3cuYW1hem9uLmNvbS5teC9TYW1zdW5nLVNtYXJ0LVVIRC1VTjY1TlU2NTkwRlhaQS1SZW5ld2VkL2RwL0IwN1I2UUg1UzIvUjNJUTBVSEJEVlpYRlY=;SEM;2021-10-14;2020-01-27;;R3IQ0UHBDVZXFV;;Tiene una pequeña falla desde el día 1, una línea negra que parpadea de repente, todo lo demás está bien pero estoy en espera de que falle..;Bien pero no tanto;AMAZON;MX;2021-10-14 09:43;SAMSUNG;"Samsung Smart TV 65"" 4K UHD UN65NU6590FXZA (Renewed)";https://www.amazon.com.mx/Samsung-Smart-UHD-UN65NU6590FXZA-Renewed/dp/B07R6QH5S2/;CE;1.0 ;https://www.amazon.com.mx/
1224;aHR0cHM6Ly93d3cuYW1hem9uLmNvbS5teC9TYW1zdW5nLVNtYXJ0LVVIRC1VTjY1TlU2NTkwRlhaQS1SZW5ld2VkL2RwL0IwN1I2UUg1UzIvUjJKRVpKM0ZEUjEwTUo=;SEM;2021-10-14;2020-01-27;;R2JEZJ3FDR10MJ;;Muy buena calidad de imagen y sonido;Excelente compra;AMAZON;MX;2021-10-14 09:44;SAMSUNG;"Samsung Smart TV 65"" 4K UHD UN65NU6590FXZA (Renewed)";https://www.amazon.com.mx/Samsung-Smart-UHD-UN65NU6590FXZA-Renewed/dp/B07R6QH5S2/;CE;5.0 ;https://www.amazon.com.mx/
1225;aHR0cHM6Ly93d3cuYW1hem9uLmNvbS5teC9TYW1zdW5nLVNtYXJ0LVVIRC1VTjY1TlU2NTkwRlhaQS1SZW5ld2VkL2RwL0IwN1I2UUg1UzIvUjNNVTM2NFdaSk1XRDY=;SEM;2021-10-14;2020-01-27;;R3MU364WZJMWD6;;Me encanta, superó mis expectativas Gracias;Me encanta;AMAZON;MX;2021-10-14 09:44;SAMSUNG;"Samsung Smart TV 65"" 4K UHD UN65NU6590FXZA (Renewed)";https://www.amazon.com.mx/Samsung-Smart-UHD-UN65NU6590FXZA-Renewed/dp/B07R6QH5S2/;CE;5.0 ;https://www.amazon.com.mx/
1226;aHR0cHM6Ly93d3cuYW1hem9uLmNvbS5teC9TYW1zdW5nLVNtYXJ0LVVIRC1VTjY1TlU2NTkwRlhaQS1SZW5ld2VkL2RwL0IwN1I2UUg1UzIvUjJOMkxNWEU0Mlg3OEU=;SEM;2021-10-14;2020-01-25;;R2N2LMXE42X78E;;Llego como nueva No se ve para nada que es Renewed.;Excelente;AMAZON;MX;2021-10-14 09:44;SAMSUNG;"Samsung Smart TV 65"" 4K UHD UN65NU6590FXZA (Renewed)";https://www.amazon.com.mx/Samsung-Smart-UHD-UN65NU6590FXZA-Renewed/dp/B07R6QH5S2/;CE;5.0 ;https://www.amazon.com.mx/
1227;aHR0cHM6Ly93d3cuYW1hem9uLmNvbS5teC9TYW1zdW5nLVNtYXJ0LVVIRC1VTjY1TlU2NTkwRlhaQS1SZW5ld2VkL2RwL0IwN1I2UUg1UzIvUjFLNzU0QldYOU04VUo=;SEM;2021-10-14;2020-01-24;;R1K754BWX9M8UJ;;Tiene un mal funcionamiento ya que cada cierto tiempo aparece una franja en la pantalla;Mal funcionamiento;AMAZON;MX;2021-10-14 09:44;SAMSUNG;"Samsung Smart TV 65"" 4K UHD UN65NU6590FXZA (Renewed)";https://www.amazon.com.mx/Samsung-Smart-UHD-UN65NU6590FXZA-Renewed/dp/B07R6QH5S2/;CE;1.0 ;https://www.amazon.com.mx/
1228;aHR0cHM6Ly93d3cuYW1hem9uLmNvbS5teC9TYW1zdW5nLVNtYXJ0LVVIRC1VTjY1TlU2NTkwRlhaQS1SZW5ld2VkL2RwL0IwN1I2UUg1UzIvUjJaUzdSMVVXNlBBMEI=;SEM;2021-10-14;2020-01-23;;R2ZS7R1UW6PA0B;;No le Si todas las estrellas ya que pierde la red al apagarla y volverla a prender, se tiene que resetear toda la configuración inalámbrica;Muy buena, pero pierde la red;AMAZON;MX;2021-10-14 09:44;SAMSUNG;"Samsung Smart TV 65"" 4K UHD UN65NU6590FXZA (Renewed)";https://www.amazon.com.mx/Samsung-Smart-UHD-UN65NU6590FXZA-Renewed/dp/B07R6QH5S2/;CE;4.0 ;https://www.amazon.com.mx/
1229;aHR0cHM6Ly93d3cuYW1hem9uLmNvbS5teC9TYW1zdW5nLVNtYXJ0LVVIRC1VTjY1TlU2NTkwRlhaQS1SZW5ld2VkL2RwL0IwN1I2UUg1UzIvUkJYMEJUR1lLU1dSTg==;SEM;2021-10-14;2020-01-22;;RBX0BTGYKSWRN;;Me gustó que el tiempo de llegada fue antes de lo previsto Son compras seguras;Calidad y precio;AMAZON;MX;2021-10-14 09:44;SAMSUNG;"Samsung Smart TV 65"" 4K UHD UN65NU6590FXZA (Renewed)";https://www.amazon.com.mx/Samsung-Smart-UHD-UN65NU6590FXZA-Renewed/dp/B07R6QH5S2/;CE;5.0 ;https://www.amazon.com.mx/
1230;aHR0cHM6Ly93d3cuYW1hem9uLmNvbS5teC9TYW1zdW5nLVNtYXJ0LVVIRC1VTjY1TlU2NTkwRlhaQS1SZW5ld2VkL2RwL0IwN1I2UUg1UzIvUkZEUUdJU1VPVVIxRg==;SEM;2021-10-14;2020-01-21;;RFDQGISUOUR1F;;Lamentablemente no llevabamos ni una semana con La Tv, esta prende, pero a la hora de uso se apaga, como si se calentará... la vuelves a encender y vuelve a apagarse.;Ni una semana nos duro.;AMAZON;MX;2021-10-14 09:44;SAMSUNG;"Samsung Smart TV 65"" 4K UHD UN65NU6590FXZA (Renewed)";https://www.amazon.com.mx/Samsung-Smart-UHD-UN65NU6590FXZA-Renewed/dp/B07R6QH5S2/;CE;1.0 ;https://www.amazon.com.mx/
1231;aHR0cHM6Ly93d3cuYW1hem9uLmNvbS5teC9TYW1zdW5nLVNtYXJ0LVVIRC1VTjY1TlU2NTkwRlhaQS1SZW5ld2VkL2RwL0IwN1I2UUg1UzIvUjI5TlFTVEJJMkVYVw==;SEM;2021-10-14;2020-01-19;;R29NQSTBI2EXW;;La imagen en ocaciones no se ve con la definición deseada.;Imagen;AMAZON;MX;2021-10-14 09:44;SAMSUNG;"Samsung Smart TV 65"" 4K UHD UN65NU6590FXZA (Renewed)";https://www.amazon.com.mx/Samsung-Smart-UHD-UN65NU6590FXZA-Renewed/dp/B07R6QH5S2/;CE;4.0 ;https://www.amazon.com.mx/
1232;aHR0cHM6Ly93d3cuYW1hem9uLmNvbS5teC9TYW1zdW5nLVNtYXJ0LVVIRC1VTjY1TlU2NTkwRlhaQS1SZW5ld2VkL2RwL0IwN1I2UUg1UzIvUlFQSzIySFlXOEtVTQ==;SEM;2021-10-14;2020-01-18;;RQPK22HYW8KUM;;Excelente calidad precio;Excelente calidad precio;AMAZON;MX;2021-10-14 09:44;SAMSUNG;"Samsung Smart TV 65"" 4K UHD UN65NU6590FXZA (Renewed)";https://www.amazon.com.mx/Samsung-Smart-UHD-UN65NU6590FXZA-Renewed/dp/B07R6QH5S2/;CE;5.0 ;https://www.amazon.com.mx/
1233;aHR0cHM6Ly93d3cuYW1hem9uLmNvbS5teC9TYW1zdW5nLVNtYXJ0LVVIRC1VTjY1TlU2NTkwRlhaQS1SZW5ld2VkL2RwL0IwN1I2UUg1UzIvUjM5WFNFTDk2QVZXRks=;SEM;2021-10-14;2020-01-17;;R39XSEL96AVWFK;;Todo excelente;Buena compra;AMAZON;MX;2021-10-14 09:44;SAMSUNG;"Samsung Smart TV 65"" 4K UHD UN65NU6590FXZA (Renewed)";https://www.amazon.com.mx/Samsung-Smart-UHD-UN65NU6590FXZA-Renewed/dp/B07R6QH5S2/;CE;5.0 ;https://www.amazon.com.mx/
1234;aHR0cHM6Ly93d3cuYW1hem9uLmNvbS5teC9TYW1zdW5nLVNtYXJ0LVVIRC1VTjY1TlU2NTkwRlhaQS1SZW5ld2VkL2RwL0IwN1I2UUg1UzIvUjFGS1FXWjRYSEJGVEI=;SEM;2021-10-14;2020-01-15;;R1FKQWZ4XHBFTB;;EL PRODUCTO ES BUENO;ES OK;AMAZON;MX;2021-10-14 09:44;SAMSUNG;"Samsung Smart TV 65"" 4K UHD UN65NU6590FXZA (Renewed)";https://www.amazon.com.mx/Samsung-Smart-UHD-UN65NU6590FXZA-Renewed/dp/B07R6QH5S2/;CE;5.0 ;https://www.amazon.com.mx/
1235;aHR0cHM6Ly93d3cuYW1hem9uLmNvbS5teC9TYW1zdW5nLVNtYXJ0LVVIRC1VTjY1TlU2NTkwRlhaQS1SZW5ld2VkL2RwL0IwN1I2UUg1UzIvUjNTSjVHVUZRTFAyQ1Q=;SEM;2021-10-14;2020-01-14;;R3SJ5GUFQLP2CT;;No me gustó el control remoto ya que tengo otra Samsung con un control más moderno;Buen producto a buen precio;AMAZON;MX;2021-10-14 09:44;SAMSUNG;"Samsung Smart TV 65"" 4K UHD UN65NU6590FXZA (Renewed)";https://www.amazon.com.mx/Samsung-Smart-UHD-UN65NU6590FXZA-Renewed/dp/B07R6QH5S2/;CE;5.0 ;https://www.amazon.com.mx/
1236;aHR0cHM6Ly93d3cuYW1hem9uLmNvbS5teC9TYW1zdW5nLVNtYXJ0LVVIRC1VTjY1TlU2NTkwRlhaQS1SZW5ld2VkL2RwL0IwN1I2UUg1UzIvUjFRSVo3SUwwTVpRWDQ=;SEM;2021-10-14;2020-01-12;;R1QIZ7IL0MZQX4;;Llegó en caja original con todos sus sellos, solamente tapada la parte de la caja que dice que tiene 3 años de garantía. Muy buena imagen, el hdr y el 4K se ven espectaculares en netflix, vale la pena;Excelente producto a excelente precio;AMAZON;MX;2021-10-14 09:44;SAMSUNG;"Samsung Smart TV 65"" 4K UHD UN65NU6590FXZA (Renewed)";https://www.amazon.com.mx/Samsung-Smart-UHD-UN65NU6590FXZA-Renewed/dp/B07R6QH5S2/;CE;5.0 ;https://www.amazon.com.mx/
1237;aHR0cHM6Ly93d3cuYW1hem9uLmNvbS5teC9TYW1zdW5nLVNtYXJ0LVVIRC1VTjY1TlU2NTkwRlhaQS1SZW5ld2VkL2RwL0IwN1I2UUg1UzIvUjFYTUxXRjFaQ1g5RU0=;SEM;2021-10-14;2020-01-11;;R1XMLWF1ZCX9EM;;Llego en perfectas condiciones, caja reusada que la verdad no importa y todo con sus bolsas. La verdad salió espectacular. Muchas gracias.;Precio-calidad;AMAZON;MX;2021-10-14 09:44;SAMSUNG;"Samsung Smart TV 65"" 4K UHD UN65NU6590FXZA (Renewed)";https://www.amazon.com.mx/Samsung-Smart-UHD-UN65NU6590FXZA-Renewed/dp/B07R6QH5S2/;CE;5.0 ;https://www.amazon.com.mx/
1238;aHR0cHM6Ly93d3cuYW1hem9uLmNvbS5teC9TYW1zdW5nLVNtYXJ0LVVIRC1VTjY1TlU2NTkwRlhaQS1SZW5ld2VkL2RwL0IwN1I2UUg1UzIvUklXVkpSMzM1VUpMUQ==;SEM;2021-10-14;2020-01-11;;RIWVJR335UJLQ;;Excelente producto!! Muy buena definición y excelente funcionalidad con las App para ver Amazon Prime y Netflix así como HBO Go en alta definición (HD).;Excelente precio!!;AMAZON;MX;2021-10-14 09:44;SAMSUNG;"Samsung Smart TV 65"" 4K UHD UN65NU6590FXZA (Renewed)";https://www.amazon.com.mx/Samsung-Smart-UHD-UN65NU6590FXZA-Renewed/dp/B07R6QH5S2/;CE;5.0 ;https://www.amazon.com.mx/
1239;aHR0cHM6Ly93d3cuYW1hem9uLmNvbS5teC9TYW1zdW5nLVNtYXJ0LVVIRC1VTjY1TlU2NTkwRlhaQS1SZW5ld2VkL2RwL0IwN1I2UUg1UzIvUjNSODRNT1FJNU1OSE8=;SEM;2021-10-14;2020-01-11;;R3R84MOQI5MNHO;;Llego antes de tiempo, en perfecto estado Y función al 100;Muy buena televisión;AMAZON;MX;2021-10-14 09:45;SAMSUNG;"Samsung Smart TV 65"" 4K UHD UN65NU6590FXZA (Renewed)";https://www.amazon.com.mx/Samsung-Smart-UHD-UN65NU6590FXZA-Renewed/dp/B07R6QH5S2/;CE;5.0 ;https://www.amazon.com.mx/
1240;aHR0cHM6Ly93d3cuYW1hem9uLmNvbS5teC9TYW1zdW5nLVNtYXJ0LVVIRC1VTjY1TlU2NTkwRlhaQS1SZW5ld2VkL2RwL0IwN1I2UUg1UzIvUk5WNEhVT0Q2SFFCMQ==;SEM;2021-10-14;2020-01-10;;RNV4HUOD6HQB1;;Llego en perfectas condiciones y con todos sus accesorios, solo que sin su caja original. La pantalla llego sin ningún tipo de daño como si no fuera de linea.;Excelente producto;AMAZON;MX;2021-10-14 09:45;SAMSUNG;"Samsung Smart TV 65"" 4K UHD UN65NU6590FXZA (Renewed)";https://www.amazon.com.mx/Samsung-Smart-UHD-UN65NU6590FXZA-Renewed/dp/B07R6QH5S2/;CE;5.0 ;https://www.amazon.com.mx/
1241;aHR0cHM6Ly93d3cuYW1hem9uLmNvbS5teC9TYW1zdW5nLVNtYXJ0LVVIRC1VTjY1TlU2NTkwRlhaQS1SZW5ld2VkL2RwL0IwN1I2UUg1UzIvUjNDUVA0QTlYV1dZSTU=;SEM;2021-10-14;2020-01-09;;R3CQP4A9XWWYI5;;Me llegó en tiempo y sin ningún detalle, el vendedor se comunicó conmigo para solicitar factura. Excelente producto y servicio.;Excelente el producto;AMAZON;MX;2021-10-14 09:45;SAMSUNG;"Samsung Smart TV 65"" 4K UHD UN65NU6590FXZA (Renewed)";https://www.amazon.com.mx/Samsung-Smart-UHD-UN65NU6590FXZA-Renewed/dp/B07R6QH5S2/;CE;5.0 ;https://www.amazon.com.mx/
1242;aHR0cHM6Ly93d3cuYW1hem9uLmNvbS5teC9TYW1zdW5nLVNtYXJ0LVVIRC1VTjY1TlU2NTkwRlhaQS1SZW5ld2VkL2RwL0IwN1I2UUg1UzIvUlJKVEhJSzJRNzNTSw==;SEM;2021-10-14;2020-01-08;;RRJTHIK2Q73SK;;No suelo escribir reseñas aunque compro casi todo por Amazon, pero la verdad me sorprendió que un producto reacondicionado fuera tan bueno en estética. La Tv es bastante avanzada y rápida su interfaz. Volvería a comprarla.;Excelente producto a muy bajo costo;AMAZON;MX;2021-10-14 09:45;SAMSUNG;"Samsung Smart TV 65"" 4K UHD UN65NU6590FXZA (Renewed)";https://www.amazon.com.mx/Samsung-Smart-UHD-UN65NU6590FXZA-Renewed/dp/B07R6QH5S2/;CE;5.0 ;https://www.amazon.com.mx/
1243;aHR0cHM6Ly93d3cuYW1hem9uLmNvbS5teC9TYW1zdW5nLVNtYXJ0LVVIRC1VTjY1TlU2NTkwRlhaQS1SZW5ld2VkL2RwL0IwN1I2UUg1UzIvUjFTVFgzNFNRRk5DWFM=;SEM;2021-10-14;2020-01-07;;R1STX34SQFNCXS;;Con más de un mes de uso,nn general una excelente calidad de imagen! Llegó perfectamente empaquetada;Excelente comprá!;AMAZON;MX;2021-10-14 09:45;SAMSUNG;"Samsung Smart TV 65"" 4K UHD UN65NU6590FXZA (Renewed)";https://www.amazon.com.mx/Samsung-Smart-UHD-UN65NU6590FXZA-Renewed/dp/B07R6QH5S2/;CE;5.0 ;https://www.amazon.com.mx/
1244;aHR0cHM6Ly93d3cuYW1hem9uLmNvbS5teC9TYW1zdW5nLVNtYXJ0LVVIRC1VTjY1TlU2NTkwRlhaQS1SZW5ld2VkL2RwL0IwN1I2UUg1UzIvUjJDTDUwQzZQRUI1Tjk=;SEM;2021-10-14;2020-01-07;;R2CL50C6PEB5N9;;Super producto por el precio que me tocó;Excelente;AMAZON;MX;2021-10-14 09:45;SAMSUNG;"Samsung Smart TV 65"" 4K UHD UN65NU6590FXZA (Renewed)";https://www.amazon.com.mx/Samsung-Smart-UHD-UN65NU6590FXZA-Renewed/dp/B07R6QH5S2/;CE;5.0 ;https://www.amazon.com.mx/
1245;aHR0cHM6Ly93d3cuYW1hem9uLmNvbS5teC9TYW1zdW5nLVNtYXJ0LVVIRC1VTjY1TlU2NTkwRlhaQS1SZW5ld2VkL2RwL0IwN1I2UUg1UzIvUjFKMzBKMjRQQU82NlM=;SEM;2021-10-14;2020-01-06;;R1J30J24PAO66S;;Excelente compra, funciona súper bien, estéticamente de 99%... mil gracias.;Perfecta!!!;AMAZON;MX;2021-10-14 09:45;SAMSUNG;"Samsung Smart TV 65"" 4K UHD UN65NU6590FXZA (Renewed)";https://www.amazon.com.mx/Samsung-Smart-UHD-UN65NU6590FXZA-Renewed/dp/B07R6QH5S2/;CE;5.0 ;https://www.amazon.com.mx/
1246;aHR0cHM6Ly93d3cuYW1hem9uLmNvbS5teC9TYW1zdW5nLVNtYXJ0LVVIRC1VTjY1TlU2NTkwRlhaQS1SZW5ld2VkL2RwL0IwN1I2UUg1UzIvUjFIWFBaQ09STFQ2Q0o=;SEM;2021-10-14;2020-01-05;;R1HXPZCORLT6CJ;;super rapida la entrega y se ve muy bien;tv samsumg;AMAZON;MX;2021-10-14 09:45;SAMSUNG;"Samsung Smart TV 65"" 4K UHD UN65NU6590FXZA (Renewed)";https://www.amazon.com.mx/Samsung-Smart-UHD-UN65NU6590FXZA-Renewed/dp/B07R6QH5S2/;CE;4.0 ;https://www.amazon.com.mx/
1247;aHR0cHM6Ly93d3cuYW1hem9uLmNvbS5teC9TYW1zdW5nLVNtYXJ0LVVIRC1VTjY1TlU2NTkwRlhaQS1SZW5ld2VkL2RwL0IwN1I2UUg1UzIvUjFQTExDQjkxMFg4UEw=;SEM;2021-10-14;2020-01-03;;R1PLLCB910X8PL;;Your browser does not support HTML5 video. La verdad tenía incertidumbre al comprar, me animé porque tenía muchos más comentarios positivos que negativos. La tv llego como nueva solo con la caja un tanto desgastada (que al final ni importa pues terminará en la basura) .valió mucho la pena. Ademas que la pedí un sábado por la noche y el lunes ya las tenía entregada.;Muy recomendable cuando llega sin fallas;AMAZON;MX;2021-10-14 09:45;SAMSUNG;"Samsung Smart TV 65"" 4K UHD UN65NU6590FXZA (Renewed)";https://www.amazon.com.mx/Samsung-Smart-UHD-UN65NU6590FXZA-Renewed/dp/B07R6QH5S2/;CE;5.0 ;https://www.amazon.com.mx/
1248;aHR0cHM6Ly93d3cuYW1hem9uLmNvbS5teC9TYW1zdW5nLVNtYXJ0LVVIRC1VTjY1TlU2NTkwRlhaQS1SZW5ld2VkL2RwL0IwN1I2UUg1UzIvUjE3WlRVMllFVFlCUUU=;SEM;2021-10-14;2020-01-01;;R17ZTU2YETYBQE;;Estoy satisfecho con la compra, me gustó mucho la TV. Tiene una buena imagen y en si todo sobrepasó mis expectativas.;La calidad de la TV;AMAZON;MX;2021-10-14 09:45;SAMSUNG;"Samsung Smart TV 65"" 4K UHD UN65NU6590FXZA (Renewed)";https://www.amazon.com.mx/Samsung-Smart-UHD-UN65NU6590FXZA-Renewed/dp/B07R6QH5S2/;CE;5.0 ;https://www.amazon.com.mx/
1249;aHR0cHM6Ly93d3cuYW1hem9uLmNvbS5teC9TYW1zdW5nLVNtYXJ0LVVIRC1VTjY1TlU2NTkwRlhaQS1SZW5ld2VkL2RwL0IwN1I2UUg1UzIvUjNETUxKR05WN1I3Uk4=;SEM;2021-10-14;2019-12-31;;R3DMLJGNV7R7RN;;Me encantó la calidad de la imagen y lo fácil que fue la instalación.;Excelente calidad a un precio accesible;AMAZON;MX;2021-10-14 09:45;SAMSUNG;"Samsung Smart TV 65"" 4K UHD UN65NU6590FXZA (Renewed)";https://www.amazon.com.mx/Samsung-Smart-UHD-UN65NU6590FXZA-Renewed/dp/B07R6QH5S2/;CE;5.0 ;https://www.amazon.com.mx/
1250;aHR0cHM6Ly93d3cuYW1hem9uLmNvbS5teC9TYW1zdW5nLVNtYXJ0LVVIRC1VTjY1TlU2NTkwRlhaQS1SZW5ld2VkL2RwL0IwN1I2UUg1UzIvUjFEWFIySVRCN0RKREI=;SEM;2021-10-14;2019-12-31;;R1DXR2ITB7DJDB;;Compré este televisor para mis padres y están muy felices con el. La calidad de imagen del el televisor es muy buena así como la variedad de opciones para su configuración.;Excelente producto;AMAZON;MX;2021-10-14 09:45;SAMSUNG;"Samsung Smart TV 65"" 4K UHD UN65NU6590FXZA (Renewed)";https://www.amazon.com.mx/Samsung-Smart-UHD-UN65NU6590FXZA-Renewed/dp/B07R6QH5S2/;CE;5.0 ;https://www.amazon.com.mx/
1251;aHR0cHM6Ly93d3cuYW1hem9uLmNvbS5teC9TYW1zdW5nLVNtYXJ0LVVIRC1VTjY1TlU2NTkwRlhaQS1SZW5ld2VkL2RwL0IwN1I2UUg1UzIvUkUzVlU3WUM3TFBIMg==;SEM;2021-10-14;2019-12-30;;RE3VU7YC7LPH2;;Me emocioné al recibir mi producto porque todo parecía normal, pero al abrirlo me di cuenta que la pantalla estaba fracturada y el televisor no funcionaba, me decepcionó mucho el producto refurbished, pensé que realmente iba a ser un producto funcional pero sólo me dió problemas y ahora además tengo que pagar la devolución. Un total fiasco, no vuelvo a comprar de esta manera.;La TV venia bien empaquetada, pero dañada de la pantalla y no funcionaba;AMAZON;MX;2021-10-14 09:45;SAMSUNG;"Samsung Smart TV 65"" 4K UHD UN65NU6590FXZA (Renewed)";https://www.amazon.com.mx/Samsung-Smart-UHD-UN65NU6590FXZA-Renewed/dp/B07R6QH5S2/;CE;1.0 ;https://www.amazon.com.mx/
1252;aHR0cHM6Ly93d3cuYW1hem9uLmNvbS5teC9TYW1zdW5nLVNtYXJ0LVVIRC1VTjY1TlU2NTkwRlhaQS1SZW5ld2VkL2RwL0IwN1I2UUg1UzIvUjJZNlJYOVlJUVlHT1g=;SEM;2021-10-14;2019-12-27;;R2Y6RX9YIQYGOX;;Tenía miedo por ser de este tipo, y más leyendo algunas opiniones en las que han tenido problemas, pero el que no arriesga no gana, y la verdad, ha llegado antes de lo esperado y sin problemas, excelente producto;Excelente;AMAZON;MX;2021-10-14 09:45;SAMSUNG;"Samsung Smart TV 65"" 4K UHD UN65NU6590FXZA (Renewed)";https://www.amazon.com.mx/Samsung-Smart-UHD-UN65NU6590FXZA-Renewed/dp/B07R6QH5S2/;CE;5.0 ;https://www.amazon.com.mx/
1253;aHR0cHM6Ly93d3cuYW1hem9uLmNvbS5teC9TYW1zdW5nLVNtYXJ0LVVIRC1VTjY1TlU2NTkwRlhaQS1SZW5ld2VkL2RwL0IwN1I2UUg1UzIvUjg0RUlPVVowRFU3Rg==;SEM;2021-10-14;2019-12-27;;R84EIOUZ0DU7F;;Me gustó la calidad de imagen;Llego muy bien antes de lo planeado;AMAZON;MX;2021-10-14 09:46;SAMSUNG;"Samsung Smart TV 65"" 4K UHD UN65NU6590FXZA (Renewed)";https://www.amazon.com.mx/Samsung-Smart-UHD-UN65NU6590FXZA-Renewed/dp/B07R6QH5S2/;CE;5.0 ;https://www.amazon.com.mx/
1254;aHR0cHM6Ly93d3cuYW1hem9uLmNvbS5teC9TYW1zdW5nLVNtYXJ0LVVIRC1VTjY1TlU2NTkwRlhaQS1SZW5ld2VkL2RwL0IwN1I2UUg1UzIvUkkzUzY5MUlVV1NQRQ==;SEM;2021-10-14;2019-12-27;;RI3S691IUWSPE;;Tenpia miedo de comprar una tele rearmada pero funciona exactamente igual a una nueva! Muy bien todo.;Muy buena tele;AMAZON;MX;2021-10-14 09:46;SAMSUNG;"Samsung Smart TV 65"" 4K UHD UN65NU6590FXZA (Renewed)";https://www.amazon.com.mx/Samsung-Smart-UHD-UN65NU6590FXZA-Renewed/dp/B07R6QH5S2/;CE;5.0 ;https://www.amazon.com.mx/
1255;aHR0cHM6Ly93d3cuYW1hem9uLmNvbS5teC9TYW1zdW5nLVNtYXJ0LVVIRC1VTjY1TlU2NTkwRlhaQS1SZW5ld2VkL2RwL0IwN1I2UUg1UzIvUjI4TFNCQzhFTVZESDM=;SEM;2021-10-14;2019-12-26;;R28LSBC8EMVDH3;;Todo muy bien;Calidad;AMAZON;MX;2021-10-14 09:46;SAMSUNG;"Samsung Smart TV 65"" 4K UHD UN65NU6590FXZA (Renewed)";https://www.amazon.com.mx/Samsung-Smart-UHD-UN65NU6590FXZA-Renewed/dp/B07R6QH5S2/;CE;5.0 ;https://www.amazon.com.mx/
1256;aHR0cHM6Ly93d3cuYW1hem9uLmNvbS5teC9TYW1zdW5nLVNtYXJ0LVVIRC1VTjY1TlU2NTkwRlhaQS1SZW5ld2VkL2RwL0IwN1I2UUg1UzIvUjNITk4xNk5HQlhPRlc=;SEM;2021-10-14;2019-12-26;;R3HNN16NGBXOFW;;Buena pantalla buena compra;Buena pantalla;AMAZON;MX;2021-10-14 09:46;SAMSUNG;"Samsung Smart TV 65"" 4K UHD UN65NU6590FXZA (Renewed)";https://www.amazon.com.mx/Samsung-Smart-UHD-UN65NU6590FXZA-Renewed/dp/B07R6QH5S2/;CE;4.0 ;https://www.amazon.com.mx/
1257;aHR0cHM6Ly93d3cuYW1hem9uLmNvbS5teC9TYW1zdW5nLVNtYXJ0LVVIRC1VTjY1TlU2NTkwRlhaQS1SZW5ld2VkL2RwL0IwN1I2UUg1UzIvUjFRM0VFNjBUMjMyWVE=;SEM;2021-10-14;2019-12-24;;R1Q3EE60T232YQ;;Le falta los plásticos adaptadores para bases de pared, aparecen en el manual pero no en la caja. (Wall mount adapter);Falta wall mount adapter;AMAZON;MX;2021-10-14 09:46;SAMSUNG;"Samsung Smart TV 65"" 4K UHD UN65NU6590FXZA (Renewed)";https://www.amazon.com.mx/Samsung-Smart-UHD-UN65NU6590FXZA-Renewed/dp/B07R6QH5S2/;CE;2.0 ;https://www.amazon.com.mx/
1258;aHR0cHM6Ly93d3cuYW1hem9uLmNvbS5teC9TYW1zdW5nLVNtYXJ0LVVIRC1VTjY1TlU2NTkwRlhaQS1SZW5ld2VkL2RwL0IwN1I2UUg1UzIvUkFWU083QTRRQ1k4Qg==;SEM;2021-10-14;2019-12-23;;RAVSO7A4QCY8B;;Excelente producto;Excelente;AMAZON;MX;2021-10-14 09:46;SAMSUNG;"Samsung Smart TV 65"" 4K UHD UN65NU6590FXZA (Renewed)";https://www.amazon.com.mx/Samsung-Smart-UHD-UN65NU6590FXZA-Renewed/dp/B07R6QH5S2/;CE;5.0 ;https://www.amazon.com.mx/
1259;aHR0cHM6Ly93d3cuYW1hem9uLmNvbS5teC9TYW1zdW5nLVNtYXJ0LVVIRC1VTjY1TlU2NTkwRlhaQS1SZW5ld2VkL2RwL0IwN1I2UUg1UzIvUjM0RE5SNUtGSkhWNFU=;SEM;2021-10-14;2019-12-22;;R34DNR5KFJHV4U;;muy muy satisfecho con la compra la pantalla se ve muy muy bien ! Venía con su caja original controles originales y todo nuevo !;Muy recomendable;AMAZON;MX;2021-10-14 09:46;SAMSUNG;"Samsung Smart TV 65"" 4K UHD UN65NU6590FXZA (Renewed)";https://www.amazon.com.mx/Samsung-Smart-UHD-UN65NU6590FXZA-Renewed/dp/B07R6QH5S2/;CE;5.0 ;https://www.amazon.com.mx/
1260;aHR0cHM6Ly93d3cuYW1hem9uLmNvbS5teC9TYW1zdW5nLVNtYXJ0LVVIRC1VTjY1TlU2NTkwRlhaQS1SZW5ld2VkL2RwL0IwN1I2UUg1UzIvUjE5NFFRREVPV1ZYMkI=;SEM;2021-10-14;2019-12-21;;R194QQDEOWVX2B;;La pantalla salio defectuosa, la mitad de la pantalla se ve con rayas grises que no se aprecia la imagen, el envio por devolucion, a pesar de que me enviaron un producto defectuoso , me lo cobraron, la respuesta aun no me la dan, es lamentable que existan estos vendedores en amazon. deberian expulsar a este vendedor externo, por vender productos inservibles;La peor experiencia en Amazon;AMAZON;MX;2021-10-14 09:46;SAMSUNG;"Samsung Smart TV 65"" 4K UHD UN65NU6590FXZA (Renewed)";https://www.amazon.com.mx/Samsung-Smart-UHD-UN65NU6590FXZA-Renewed/dp/B07R6QH5S2/;CE;1.0 ;https://www.amazon.com.mx/
1261;aHR0cHM6Ly93d3cuYW1hem9uLmNvbS5teC9TYW1zdW5nLVNtYXJ0LVVIRC1VTjY1TlU2NTkwRlhaQS1SZW5ld2VkL2RwL0IwN1I2UUg1UzIvUjJaRUEyRFVWVjlaTzM=;SEM;2021-10-14;2019-12-20;;R2ZEA2DUVV9ZO3;;Los colores de la pantalla de repente se van se vuelve monocromática, la calidad en la misma se deteriora, dejo mucho que desear.;Certificada reconstruida nada recomendable;AMAZON;MX;2021-10-14 09:46;SAMSUNG;"Samsung Smart TV 65"" 4K UHD UN65NU6590FXZA (Renewed)";https://www.amazon.com.mx/Samsung-Smart-UHD-UN65NU6590FXZA-Renewed/dp/B07R6QH5S2/;CE;2.0 ;https://www.amazon.com.mx/
1262;aHR0cHM6Ly93d3cuYW1hem9uLmNvbS5teC9TYW1zdW5nLVNtYXJ0LVVIRC1VTjY1TlU2NTkwRlhaQS1SZW5ld2VkL2RwL0IwN1I2UUg1UzIvUjJFNzU1N0NLV0tDTFA=;SEM;2021-10-14;2019-12-19;;R2E7557CKWKCLP;;Funciona bien en general, hasta el momento no he tenido problema a pesar de ser un artículo renovado.;Funciona correctamente.;AMAZON;MX;2021-10-14 09:46;SAMSUNG;"Samsung Smart TV 65"" 4K UHD UN65NU6590FXZA (Renewed)";https://www.amazon.com.mx/Samsung-Smart-UHD-UN65NU6590FXZA-Renewed/dp/B07R6QH5S2/;CE;5.0 ;https://www.amazon.com.mx/
1263;aHR0cHM6Ly93d3cuYW1hem9uLmNvbS5teC9TYW1zdW5nLVNtYXJ0LVVIRC1VTjY1TlU2NTkwRlhaQS1SZW5ld2VkL2RwL0IwN1I2UUg1UzIvUjQzV0UyQUpXQzVGWQ==;SEM;2021-10-14;2019-12-19;;R43WE2AJWC5FY;;envío rápido... muy buen producto... gracias;ENTREGA Y CALIDAD;AMAZON;MX;2021-10-14 09:46;SAMSUNG;"Samsung Smart TV 65"" 4K UHD UN65NU6590FXZA (Renewed)";https://www.amazon.com.mx/Samsung-Smart-UHD-UN65NU6590FXZA-Renewed/dp/B07R6QH5S2/;CE;5.0 ;https://www.amazon.com.mx/
1264;aHR0cHM6Ly93d3cuYW1hem9uLmNvbS5teC9TYW1zdW5nLVNtYXJ0LVVIRC1VTjY1TlU2NTkwRlhaQS1SZW5ld2VkL2RwL0IwN1I2UUg1UzIvUjMyMFU0UkdLMFAxMEc=;SEM;2021-10-14;2019-12-18;;R320U4RGK0P10G;;Todo perfecto ningun detalle;Es la mejor;AMAZON;MX;2021-10-14 09:46;SAMSUNG;"Samsung Smart TV 65"" 4K UHD UN65NU6590FXZA (Renewed)";https://www.amazon.com.mx/Samsung-Smart-UHD-UN65NU6590FXZA-Renewed/dp/B07R6QH5S2/;CE;5.0 ;https://www.amazon.com.mx/
1265;aHR0cHM6Ly93d3cuYW1hem9uLmNvbS5teC9TYW1zdW5nLVNtYXJ0LVVIRC1VTjY1TlU2NTkwRlhaQS1SZW5ld2VkL2RwL0IwN1I2UUg1UzIvUkkyNElRS09ITlRHRw==;SEM;2021-10-14;2019-12-18;;RI24IQKOHNTGG;;Llego el producto defectuoso;No muy bueno;AMAZON;MX;2021-10-14 09:46;SAMSUNG;"Samsung Smart TV 65"" 4K UHD UN65NU6590FXZA (Renewed)";https://www.amazon.com.mx/Samsung-Smart-UHD-UN65NU6590FXZA-Renewed/dp/B07R6QH5S2/;CE;1.0 ;https://www.amazon.com.mx/
1266;aHR0cHM6Ly93d3cuYW1hem9uLmNvbS5teC9TYW1zdW5nLVNtYXJ0LVVIRC1VTjY1TlU2NTkwRlhaQS1SZW5ld2VkL2RwL0IwN1I2UUg1UzIvUjFYV1pNTzkzMkFQRTU=;SEM;2021-10-14;2019-12-17;;R1XWZMO932APE5;;Muy buena tv solo que el control esta muy básico;Muy buena compra;AMAZON;MX;2021-10-14 09:46;SAMSUNG;"Samsung Smart TV 65"" 4K UHD UN65NU6590FXZA (Renewed)";https://www.amazon.com.mx/Samsung-Smart-UHD-UN65NU6590FXZA-Renewed/dp/B07R6QH5S2/;CE;5.0 ;https://www.amazon.com.mx/
1267;aHR0cHM6Ly93d3cuYW1hem9uLmNvbS5teC9TYW1zdW5nLVNtYXJ0LVVIRC1VTjY1TlU2NTkwRlhaQS1SZW5ld2VkL2RwL0IwN1I2UUg1UzIvUjFCVTJVMTkwSUNBVzI=;SEM;2021-10-14;2019-12-16;;R1BU2U190ICAW2;;La televisión funciona de maravilla, no hay motivo de queja, cumple las expectativas de manera adecuada;Excelente producto;AMAZON;MX;2021-10-14 09:46;SAMSUNG;"Samsung Smart TV 65"" 4K UHD UN65NU6590FXZA (Renewed)";https://www.amazon.com.mx/Samsung-Smart-UHD-UN65NU6590FXZA-Renewed/dp/B07R6QH5S2/;CE;5.0 ;https://www.amazon.com.mx/
1268;aHR0cHM6Ly93d3cuYW1hem9uLmNvbS5teC9TYW1zdW5nLVNtYXJ0LVVIRC1VTjY1TlU2NTkwRlhaQS1SZW5ld2VkL2RwL0IwN1I2UUg1UzIvUjNLQk05UzJJMVZERFA=;SEM;2021-10-14;2019-12-16;;R3KBM9S2I1VDDP;;Buena compra;Buen producto .;AMAZON;MX;2021-10-14 09:46;SAMSUNG;"Samsung Smart TV 65"" 4K UHD UN65NU6590FXZA (Renewed)";https://www.amazon.com.mx/Samsung-Smart-UHD-UN65NU6590FXZA-Renewed/dp/B07R6QH5S2/;CE;5.0 ;https://www.amazon.com.mx/
1269;aHR0cHM6Ly93d3cuYW1hem9uLmNvbS5teC9TYW1zdW5nLVNtYXJ0LVVIRC1VTjY1TlU2NTkwRlhaQS1SZW5ld2VkL2RwL0IwN1I2UUg1UzIvUjQ4NjdKSDk2UEk1;SEM;2021-10-14;2019-12-14;;R4867JH96PI5;;Excelente servicio, la tv es tal como la describen . Todo bien;Tv smart tv;AMAZON;MX;2021-10-14 09:47;SAMSUNG;"Samsung Smart TV 65"" 4K UHD UN65NU6590FXZA (Renewed)";https://www.amazon.com.mx/Samsung-Smart-UHD-UN65NU6590FXZA-Renewed/dp/B07R6QH5S2/;CE;5.0 ;https://www.amazon.com.mx/
1270;aHR0cHM6Ly93d3cuYW1hem9uLmNvbS5teC9TYW1zdW5nLVNtYXJ0LVVIRC1VTjY1TlU2NTkwRlhaQS1SZW5ld2VkL2RwL0IwN1I2UUg1UzIvUjM2SllVODNTVVJJQjc=;SEM;2021-10-14;2019-12-14;;R36JYU83SURIB7;;Muy bien la pantalla sin ningun defecto;Super compra;AMAZON;MX;2021-10-14 09:47;SAMSUNG;"Samsung Smart TV 65"" 4K UHD UN65NU6590FXZA (Renewed)";https://www.amazon.com.mx/Samsung-Smart-UHD-UN65NU6590FXZA-Renewed/dp/B07R6QH5S2/;CE;5.0 ;https://www.amazon.com.mx/
1271;aHR0cHM6Ly93d3cuYW1hem9uLmNvbS5teC9TYW1zdW5nLVNtYXJ0LVVIRC1VTjY1TlU2NTkwRlhaQS1SZW5ld2VkL2RwL0IwN1I2UUg1UzIvUjFHUk03UUtGNFdDQUU=;SEM;2021-10-14;2019-12-14;;R1GRM7QKF4WCAE;;Muy mala experiencia pues me mandaron un producto ya usado y que no coincidía con el visto en su página, y todavía me piden a mi pagar el costo del regreso del mismo. Gracias.;Gato por liebre;AMAZON;MX;2021-10-14 09:47;SAMSUNG;"Samsung Smart TV 65"" 4K UHD UN65NU6590FXZA (Renewed)";https://www.amazon.com.mx/Samsung-Smart-UHD-UN65NU6590FXZA-Renewed/dp/B07R6QH5S2/;CE;1.0 ;https://www.amazon.com.mx/
1272;aHR0cHM6Ly93d3cuYW1hem9uLmNvbS5teC9TYW1zdW5nLVNtYXJ0LVVIRC1VTjY1TlU2NTkwRlhaQS1SZW5ld2VkL2RwL0IwN1I2UUg1UzIvUlM4NDM5UFNNNUNXWQ==;SEM;2021-10-14;2019-12-12;;RS8439PSM5CWY;;Súper calidad, sin problemas todo funcionando al 100.;Excelente;AMAZON;MX;2021-10-14 09:47;SAMSUNG;"Samsung Smart TV 65"" 4K UHD UN65NU6590FXZA (Renewed)";https://www.amazon.com.mx/Samsung-Smart-UHD-UN65NU6590FXZA-Renewed/dp/B07R6QH5S2/;CE;5.0 ;https://www.amazon.com.mx/
1273;aHR0cHM6Ly93d3cuYW1hem9uLmNvbS5teC9TYW1zdW5nLVNtYXJ0LVVIRC1VTjY1TlU2NTkwRlhaQS1SZW5ld2VkL2RwL0IwN1I2UUg1UzIvUlZTUFdRVEg1UkQ1Sg==;SEM;2021-10-14;2019-12-12;;RVSPWQTH5RD5J;;El mismo modelo de televisión en el mercado tiene otro control remoto más moderno.;Control remoto;AMAZON;MX;2021-10-14 09:47;SAMSUNG;"Samsung Smart TV 65"" 4K UHD UN65NU6590FXZA (Renewed)";https://www.amazon.com.mx/Samsung-Smart-UHD-UN65NU6590FXZA-Renewed/dp/B07R6QH5S2/;CE;5.0 ;https://www.amazon.com.mx/
1274;aHR0cHM6Ly93d3cuYW1hem9uLmNvbS5teC9TYW1zdW5nLVNtYXJ0LVVIRC1VTjY1TlU2NTkwRlhaQS1SZW5ld2VkL2RwL0IwN1I2UUg1UzIvUjMzTDE2QlZBTjhaVkQ=;SEM;2021-10-14;2019-12-10;;R33L16BVAN8ZVD;;Es un excelente producto, vale la pena totalmente, muy buena calidad.;La buena compra del día!!!;AMAZON;MX;2021-10-14 09:47;SAMSUNG;"Samsung Smart TV 65"" 4K UHD UN65NU6590FXZA (Renewed)";https://www.amazon.com.mx/Samsung-Smart-UHD-UN65NU6590FXZA-Renewed/dp/B07R6QH5S2/;CE;5.0 ;https://www.amazon.com.mx/
1275;aHR0cHM6Ly93d3cuYW1hem9uLmNvbS5teC9TYW1zdW5nLVNtYXJ0LVVIRC1VTjY1TlU2NTkwRlhaQS1SZW5ld2VkL2RwL0IwN1I2UUg1UzIvUjFHTlNVQ1BEVFJZMzc=;SEM;2021-10-14;2019-12-10;;R1GNSUCPDTRY37;;Muy buena calidad de imagen, la aplicación te ayuda mucho. Lo recomiendo;Muy bueno;AMAZON;MX;2021-10-14 09:47;SAMSUNG;"Samsung Smart TV 65"" 4K UHD UN65NU6590FXZA (Renewed)";https://www.amazon.com.mx/Samsung-Smart-UHD-UN65NU6590FXZA-Renewed/dp/B07R6QH5S2/;CE;5.0 ;https://www.amazon.com.mx/
1276;aHR0cHM6Ly93d3cuYW1hem9uLmNvbS5teC9TYW1zdW5nLVNtYXJ0LVVIRC1VTjY1TlU2NTkwRlhaQS1SZW5ld2VkL2RwL0IwN1I2UUg1UzIvUjNHM1Y3SkdZWjExWDc=;SEM;2021-10-14;2019-12-09;;R3G3V7JGYZ11X7;;El producto funciona bien no hubo fallas . pantalla. imágen .control remoto solo un pequeño golpe en una esquina del marco que no afecta su función pero fue culpa de la paquetería que no tienen el debido cuidado al recibir y entregar el producto;Bien;AMAZON;MX;2021-10-14 09:47;SAMSUNG;"Samsung Smart TV 65"" 4K UHD UN65NU6590FXZA (Renewed)";https://www.amazon.com.mx/Samsung-Smart-UHD-UN65NU6590FXZA-Renewed/dp/B07R6QH5S2/;CE;5.0 ;https://www.amazon.com.mx/
1277;aHR0cHM6Ly93d3cuYW1hem9uLmNvbS5teC9TYW1zdW5nLVNtYXJ0LVVIRC1VTjY1TlU2NTkwRlhaQS1SZW5ld2VkL2RwL0IwN1I2UUg1UzIvUloxM0xZNUhMRTc2TA==;SEM;2021-10-14;2019-12-09;;RZ13LY5HLE76L;;Necesito factura para garantía;Factura;AMAZON;MX;2021-10-14 09:47;SAMSUNG;"Samsung Smart TV 65"" 4K UHD UN65NU6590FXZA (Renewed)";https://www.amazon.com.mx/Samsung-Smart-UHD-UN65NU6590FXZA-Renewed/dp/B07R6QH5S2/;CE;3.0 ;https://www.amazon.com.mx/
1278;aHR0cHM6Ly93d3cuYW1hem9uLmNvbS5teC9TYW1zdW5nLVNtYXJ0LVVIRC1VTjY1TlU2NTkwRlhaQS1SZW5ld2VkL2RwL0IwN1I2UUg1UzIvUjIwQThOQVMxNElYVFA=;SEM;2021-10-14;2019-12-08;;R20A8NAS14IXTP;;La pantalla llegó bien, se escucha muy bien pero tenía un error que se repetía cada 10 minutos, aparecía una línea vertical de 10 cm. Pedí mi cambio de equipo y estuvo igual, ahora el problema era el sonido. Al final la voy a regresar. He visto comentarios muy buenos así que supongo que es cuestión de suerte.;Buena, cuestión de suerte;AMAZON;MX;2021-10-14 09:47;SAMSUNG;"Samsung Smart TV 65"" 4K UHD UN65NU6590FXZA (Renewed)";https://www.amazon.com.mx/Samsung-Smart-UHD-UN65NU6590FXZA-Renewed/dp/B07R6QH5S2/;CE;3.0 ;https://www.amazon.com.mx/
1279;aHR0cHM6Ly93d3cuYW1hem9uLmNvbS5teC9TYW1zdW5nLVNtYXJ0LVVIRC1VTjY1TlU2NTkwRlhaQS1SZW5ld2VkL2RwL0IwN1I2UUg1UzIvUjFHWkVTMldYODI1Tlc=;SEM;2021-10-14;2019-12-08;;R1GZES2WX825NW;;La mejor oferta que he comprado, muy buen precio para la calidad que maneja la pantalla;Calidad - precio excelente;AMAZON;MX;2021-10-14 09:47;SAMSUNG;"Samsung Smart TV 65"" 4K UHD UN65NU6590FXZA (Renewed)";https://www.amazon.com.mx/Samsung-Smart-UHD-UN65NU6590FXZA-Renewed/dp/B07R6QH5S2/;CE;5.0 ;https://www.amazon.com.mx/
1280;aHR0cHM6Ly93d3cuYW1hem9uLmNvbS5teC9TYW1zdW5nLVNtYXJ0LVVIRC1VTjY1TlU2NTkwRlhaQS1SZW5ld2VkL2RwL0IwN1I2UUg1UzIvUjM3SVk2T1Y4N1IwSDQ=;SEM;2021-10-14;2019-12-07;;R37IY6OV87R0H4;;Estoy muy contenta con mi compra;Soy totalmente Amazon;AMAZON;MX;2021-10-14 09:47;SAMSUNG;"Samsung Smart TV 65"" 4K UHD UN65NU6590FXZA (Renewed)";https://www.amazon.com.mx/Samsung-Smart-UHD-UN65NU6590FXZA-Renewed/dp/B07R6QH5S2/;CE;5.0 ;https://www.amazon.com.mx/
1281;aHR0cHM6Ly93d3cuYW1hem9uLmNvbS5teC9TYW1zdW5nLVNtYXJ0LVVIRC1VTjY1TlU2NTkwRlhaQS1SZW5ld2VkL2RwL0IwN1I2UUg1UzIvUjFYOEpEQjgxWDQ3MzQ=;SEM;2021-10-14;2019-12-07;;R1X8JDB81X4734;;Esta bien;Que está bien;AMAZON;MX;2021-10-14 09:47;SAMSUNG;"Samsung Smart TV 65"" 4K UHD UN65NU6590FXZA (Renewed)";https://www.amazon.com.mx/Samsung-Smart-UHD-UN65NU6590FXZA-Renewed/dp/B07R6QH5S2/;CE;5.0 ;https://www.amazon.com.mx/
1282;aHR0cHM6Ly93d3cuYW1hem9uLmNvbS5teC9TYW1zdW5nLVNtYXJ0LVVIRC1VTjY1TlU2NTkwRlhaQS1SZW5ld2VkL2RwL0IwN1I2UUg1UzIvUlNaR1UyNERCSU0xOQ==;SEM;2021-10-14;2019-12-07;;RSZGU24DBIM19;;Me gusto todo de este articulo;Excelente precio y calidad;AMAZON;MX;2021-10-14 09:47;SAMSUNG;"Samsung Smart TV 65"" 4K UHD UN65NU6590FXZA (Renewed)";https://www.amazon.com.mx/Samsung-Smart-UHD-UN65NU6590FXZA-Renewed/dp/B07R6QH5S2/;CE;5.0 ;https://www.amazon.com.mx/
1283;aHR0cHM6Ly93d3cuYW1hem9uLmNvbS5teC9TYW1zdW5nLVNtYXJ0LVVIRC1VTjY1TlU2NTkwRlhaQS1SZW5ld2VkL2RwL0IwN1I2UUg1UzIvUjJIVDRHUDhRRUdLOE4=;SEM;2021-10-14;2019-12-07;;R2HT4GP8QEGK8N;;todo bien-.;Precio y tiempos de entrega;AMAZON;MX;2021-10-14 09:48;SAMSUNG;"Samsung Smart TV 65"" 4K UHD UN65NU6590FXZA (Renewed)";https://www.amazon.com.mx/Samsung-Smart-UHD-UN65NU6590FXZA-Renewed/dp/B07R6QH5S2/;CE;5.0 ;https://www.amazon.com.mx/
1284;aHR0cHM6Ly93d3cuYW1hem9uLmNvbS5teC9TYW1zdW5nLVNtYXJ0LVVIRC1VTjY1TlU2NTkwRlhaQS1SZW5ld2VkL2RwL0IwN1I2UUg1UzIvUjJQU0xKWkwxUUxLV0Q=;SEM;2021-10-14;2019-12-04;;R2PSLJZL1QLKWD;;En buenas condiciones de empaquetado.;Excelente;AMAZON;MX;2021-10-14 09:48;SAMSUNG;"Samsung Smart TV 65"" 4K UHD UN65NU6590FXZA (Renewed)";https://www.amazon.com.mx/Samsung-Smart-UHD-UN65NU6590FXZA-Renewed/dp/B07R6QH5S2/;CE;5.0 ;https://www.amazon.com.mx/
1285;aHR0cHM6Ly93d3cuYW1hem9uLmNvbS5teC9TYW1zdW5nLVNtYXJ0LVVIRC1VTjY1TlU2NTkwRlhaQS1SZW5ld2VkL2RwL0IwN1I2UUg1UzIvUjFXSDhXQUkyQ1lMV1E=;SEM;2021-10-14;2019-12-04;;R1WH8WAI2CYLWQ;;Super;Súper;AMAZON;MX;2021-10-14 09:48;SAMSUNG;"Samsung Smart TV 65"" 4K UHD UN65NU6590FXZA (Renewed)";https://www.amazon.com.mx/Samsung-Smart-UHD-UN65NU6590FXZA-Renewed/dp/B07R6QH5S2/;CE;5.0 ;https://www.amazon.com.mx/
1286;aHR0cHM6Ly93d3cuYW1hem9uLmNvbS5teC9TYW1zdW5nLVNtYXJ0LVVIRC1VTjY1TlU2NTkwRlhaQS1SZW5ld2VkL2RwL0IwN1I2UUg1UzIvUjJVVUdVV1lCUVlDWVM=;SEM;2021-10-14;2019-12-04;;R2UUGUWYBQYCYS;;Lo que esperaba, increíble por el precio.;Lo que esperaba;AMAZON;MX;2021-10-14 09:48;SAMSUNG;"Samsung Smart TV 65"" 4K UHD UN65NU6590FXZA (Renewed)";https://www.amazon.com.mx/Samsung-Smart-UHD-UN65NU6590FXZA-Renewed/dp/B07R6QH5S2/;CE;5.0 ;https://www.amazon.com.mx/
1287;aHR0cHM6Ly93d3cuYW1hem9uLmNvbS5teC9TYW1zdW5nLVNtYXJ0LVVIRC1VTjY1TlU2NTkwRlhaQS1SZW5ld2VkL2RwL0IwN1I2UUg1UzIvUlFYVTk4M0cwV0dENg==;SEM;2021-10-14;2019-12-04;;RQXU983G0WGD6;;Estoy muy satisfecho con la compra que realice. Definitivamente recomendado;Muy buen producto.;AMAZON;MX;2021-10-14 09:48;SAMSUNG;"Samsung Smart TV 65"" 4K UHD UN65NU6590FXZA (Renewed)";https://www.amazon.com.mx/Samsung-Smart-UHD-UN65NU6590FXZA-Renewed/dp/B07R6QH5S2/;CE;5.0 ;https://www.amazon.com.mx/
1288;aHR0cHM6Ly93d3cuYW1hem9uLmNvbS5teC9TYW1zdW5nLVNtYXJ0LVVIRC1VTjY1TlU2NTkwRlhaQS1SZW5ld2VkL2RwL0IwN1I2UUg1UzIvUjEwSFpEU1c1SkpNRjQ=;SEM;2021-10-14;2019-12-03;;R10HZDSW5JJMF4;;Compre dos pantallas una si salió bien pero la otra viene con un golpe en la pantalla desde el momento en que se sacó la pantalla se notaba el golpe;Revisen el producto antes de enviar;AMAZON;MX;2021-10-14 09:48;SAMSUNG;"Samsung Smart TV 65"" 4K UHD UN65NU6590FXZA (Renewed)";https://www.amazon.com.mx/Samsung-Smart-UHD-UN65NU6590FXZA-Renewed/dp/B07R6QH5S2/;CE;3.0 ;https://www.amazon.com.mx/
1289;aHR0cHM6Ly93d3cuYW1hem9uLmNvbS5teC9TYW1zdW5nLVNtYXJ0LVVIRC1VTjY1TlU2NTkwRlhaQS1SZW5ld2VkL2RwL0IwN1I2UUg1UzIvUjFXNUxHVTdLTjdaTTM=;SEM;2021-10-14;2019-12-02;;R1W5LGU7KN7ZM3;;Excelente producto. Llegó bien empacado, la calidad de la imagen es muy buena y lo compré a muy buen precio;Mi mejor compra;AMAZON;MX;2021-10-14 09:48;SAMSUNG;"Samsung Smart TV 65"" 4K UHD UN65NU6590FXZA (Renewed)";https://www.amazon.com.mx/Samsung-Smart-UHD-UN65NU6590FXZA-Renewed/dp/B07R6QH5S2/;CE;5.0 ;https://www.amazon.com.mx/
1290;aHR0cHM6Ly93d3cuYW1hem9uLmNvbS5teC9TYW1zdW5nLVNtYXJ0LVVIRC1VTjY1TlU2NTkwRlhaQS1SZW5ld2VkL2RwL0IwN1I2UUg1UzIvUjFRNTJLNVUySEkzRkQ=;SEM;2021-10-14;2019-11-28;;R1Q52K5U2HI3FD;;Hice la compra el 16 de Noviembre y me llego el 21 de Noviembre, Vino con su caja original, en perfecto estado. La adquirí en $6,499 a meses sin intereses. La calidad de imagen es muy buena, trae aplicaciones pre cargadas (Apple TV, Netflix, Amazon Prime, YouTube etc);Excelente Compra;AMAZON;MX;2021-10-14 09:48;SAMSUNG;"Samsung Smart TV 65"" 4K UHD UN65NU6590FXZA (Renewed)";https://www.amazon.com.mx/Samsung-Smart-UHD-UN65NU6590FXZA-Renewed/dp/B07R6QH5S2/;CE;5.0 ;https://www.amazon.com.mx/
1291;aHR0cHM6Ly93d3cuYW1hem9uLmNvbS5teC9TYW1zdW5nLVNtYXJ0LVVIRC1VTjY1TlU2NTkwRlhaQS1SZW5ld2VkL2RwL0IwN1I2UUg1UzIvUk5YUUxGN0pXVEpMVQ==;SEM;2021-10-14;2019-11-27;;RNXQLF7JWTJLU;;La pantalla está muy bien, pero a la semana de uso apareció una franja donde se va la imagen.;A la semana de uso apareció una franja donde se va la imagen.;AMAZON;MX;2021-10-14 09:48;SAMSUNG;"Samsung Smart TV 65"" 4K UHD UN65NU6590FXZA (Renewed)";https://www.amazon.com.mx/Samsung-Smart-UHD-UN65NU6590FXZA-Renewed/dp/B07R6QH5S2/;CE;1.0 ;https://www.amazon.com.mx/
1292;aHR0cHM6Ly93d3cuYW1hem9uLmNvbS5teC9TYW1zdW5nLVNtYXJ0LVVIRC1VTjY1TlU2NTkwRlhaQS1SZW5ld2VkL2RwL0IwN1I2UUg1UzIvUjEyV0VHU0dKNU9FVEg=;SEM;2021-10-14;2019-11-26;;R12WEGSGJ5OETH;;Lamentable. El sonido simplemente no funciona y, a pesar de que la publicación ofrece reemplazo del producto por otro, en el centro de atención telefónica dicen que no es posible. Ofrecen devolución del dinero pero YO tengo que ir a devolverlo vía paquetería, erogar los gastos de envío, comprobarlos y recibir no mi dinero, sino una tarjeta de regalo de Amazon cash, aunque no la quiera. Condiciones injustas de devolución o reemplazo del producto;Políticas de devolución o reemplazo injustas;AMAZON;MX;2021-10-14 09:48;SAMSUNG;"Samsung Smart TV 65"" 4K UHD UN65NU6590FXZA (Renewed)";https://www.amazon.com.mx/Samsung-Smart-UHD-UN65NU6590FXZA-Renewed/dp/B07R6QH5S2/;CE;1.0 ;https://www.amazon.com.mx/
1293;aHR0cHM6Ly93d3cuYW1hem9uLmNvbS5teC9TYW1zdW5nLVNtYXJ0LVVIRC1VTjY1TlU2NTkwRlhaQS1SZW5ld2VkL2RwL0IwN1I2UUg1UzIvUldSQjJKQ1NDMTNNVw==;SEM;2021-10-14;2019-11-26;;RWRB2JCSC13MW;;Ayer la recibí con la incertidumbre de como llegaría por ser un producto reacondicionado y la verdad quede sorprendido por lo resistente del empaque con el que la enviaron (caja generica), la pantalla llegó sin ningún detalle, ninguna marca de maltrato, la pantalla es nueva totalmente y funciona perfectamente, obvio la calidad de Samsung no está a discusión pero si cabe destacar lo impecable del producto reacondicionado.;Cómo Nueva !!!!;AMAZON;MX;2021-10-14 09:48;SAMSUNG;"Samsung Smart TV 65"" 4K UHD UN65NU6590FXZA (Renewed)";https://www.amazon.com.mx/Samsung-Smart-UHD-UN65NU6590FXZA-Renewed/dp/B07R6QH5S2/;CE;5.0 ;https://www.amazon.com.mx/
1294;aHR0cHM6Ly93d3cuYW1hem9uLmNvbS5teC9TYW1zdW5nLVNtYXJ0LVVIRC1VTjY1TlU2NTkwRlhaQS1SZW5ld2VkL2RwL0IwN1I2UUg1UzIvUlI4RFdOQ0pCTjRIWg==;SEM;2021-10-14;2019-11-26;;RR8DWNCJBN4HZ;;La pantalla vino en un excelente estado, la imagen es muy buena, parecía nueva, ningún detalle;Excelente calidad;AMAZON;MX;2021-10-14 09:48;SAMSUNG;"Samsung Smart TV 65"" 4K UHD UN65NU6590FXZA (Renewed)";https://www.amazon.com.mx/Samsung-Smart-UHD-UN65NU6590FXZA-Renewed/dp/B07R6QH5S2/;CE;5.0 ;https://www.amazon.com.mx/
1295;aHR0cHM6Ly93d3cuYW1hem9uLmNvbS5teC9TYW1zdW5nLVNtYXJ0LVVIRC1VTjY1TlU2NTkwRlhaQS1SZW5ld2VkL2RwL0IwN1I2UUg1UzIvUjNTMFNaR0xaMlJVSkQ=;SEM;2021-10-14;2019-11-26;;R3S0SZGLZ2RUJD;;El producto llego rayado, y no llego en su caja original.;No estoy feliz con la compra;AMAZON;MX;2021-10-14 09:48;SAMSUNG;"Samsung Smart TV 65"" 4K UHD UN65NU6590FXZA (Renewed)";https://www.amazon.com.mx/Samsung-Smart-UHD-UN65NU6590FXZA-Renewed/dp/B07R6QH5S2/;CE;4.0 ;https://www.amazon.com.mx/
1296;aHR0cHM6Ly93d3cuYW1hem9uLmNvbS5teC9TYW1zdW5nLVNtYXJ0LVVIRC1VTjY1TlU2NTkwRlhaQS1SZW5ld2VkL2RwL0IwN1I2UUg1UzIvUklOUlNWWUdEVVhOUQ==;SEM;2021-10-14;2019-11-25;;RINRSVYGDUXNQ;;No me gusto no haberla recibido y que aparezca como entregado;Desapareció;AMAZON;MX;2021-10-14 09:48;SAMSUNG;"Samsung Smart TV 65"" 4K UHD UN65NU6590FXZA (Renewed)";https://www.amazon.com.mx/Samsung-Smart-UHD-UN65NU6590FXZA-Renewed/dp/B07R6QH5S2/;CE;1.0 ;https://www.amazon.com.mx/
1297;aHR0cHM6Ly93d3cuYW1hem9uLmNvbS5teC9TYW1zdW5nLVNtYXJ0LVVIRC1VTjY1TlU2NTkwRlhaQS1SZW5ld2VkL2RwL0IwN1I2UUg1UzIvUjFKVDM1OVRKNUVDQVo=;SEM;2021-10-14;2019-11-25;;R1JT359TJ5ECAZ;;La pantalla venia en condiciones excelentes, ningun pixel muerto y todos los accesorios originales de Samsung. No parece ser un producto reacondicionado;Excelente Producto;AMAZON;MX;2021-10-14 09:48;SAMSUNG;"Samsung Smart TV 65"" 4K UHD UN65NU6590FXZA (Renewed)";https://www.amazon.com.mx/Samsung-Smart-UHD-UN65NU6590FXZA-Renewed/dp/B07R6QH5S2/;CE;5.0 ;https://www.amazon.com.mx/
1298;aHR0cHM6Ly93d3cuYW1hem9uLmNvbS5teC9TYW1zdW5nLVNtYXJ0LVVIRC1VTjY1TlU2NTkwRlhaQS1SZW5ld2VkL2RwL0IwN1I2UUg1UzIvUjJDSVUxT0NDWFVHME8=;SEM;2021-10-14;2019-11-23;;R2CIU1OCCXUG0O;;nos entregaron 2 patas L y no viene ninguna R, qué debo hacer para que me la entreguen;que tiene muy buena calidad;AMAZON;MX;2021-10-14 09:48;SAMSUNG;"Samsung Smart TV 65"" 4K UHD UN65NU6590FXZA (Renewed)";https://www.amazon.com.mx/Samsung-Smart-UHD-UN65NU6590FXZA-Renewed/dp/B07R6QH5S2/;CE;5.0 ;https://www.amazon.com.mx/
1299;aHR0cHM6Ly93d3cuYW1hem9uLmNvbS5teC9TYW1zdW5nLVNtYXJ0LVVIRC1VTjY1TlU2NTkwRlhaQS1SZW5ld2VkL2RwL0IwN1I2UUg1UzIvUjJGNzcxN0FDS09IRUQ=;SEM;2021-10-14;2019-11-23;;R2F7717ACKOHED;;Muy buena pantalla Calidad/Precio;Buena;AMAZON;MX;2021-10-14 09:48;SAMSUNG;"Samsung Smart TV 65"" 4K UHD UN65NU6590FXZA (Renewed)";https://www.amazon.com.mx/Samsung-Smart-UHD-UN65NU6590FXZA-Renewed/dp/B07R6QH5S2/;CE;5.0 ;https://www.amazon.com.mx/
1300;aHR0cHM6Ly93d3cuYW1hem9uLmNvbS5teC9TYW1zdW5nLVNtYXJ0LVVIRC1VTjY1TlU2NTkwRlhaQS1SZW5ld2VkL2RwL0IwN1I2UUg1UzIvUjJRT0dLOEFISkZaS1g=;SEM;2021-10-14;2019-11-21;;R2QOGK8AHJFZKX;;Mi televisión venía con la tinta chorreada en cuanto prendí la televisión me di cuenta, quisiera regresarla Gracias;Pantalla dañada;AMAZON;MX;2021-10-14 09:49;SAMSUNG;"Samsung Smart TV 65"" 4K UHD UN65NU6590FXZA (Renewed)";https://www.amazon.com.mx/Samsung-Smart-UHD-UN65NU6590FXZA-Renewed/dp/B07R6QH5S2/;CE;1.0 ;https://www.amazon.com.mx/
1301;aHR0cHM6Ly93d3cuYW1hem9uLmNvbS5teC9TYW1zdW5nLVNtYXJ0LVVIRC1VTjY1TlU2NTkwRlhaQS1SZW5ld2VkL2RwL0IwN1I2UUg1UzIvUjFKR00xT0JEN1pKQ1o=;SEM;2021-10-14;2019-11-20;;R1JGM1OBD7ZJCZ;;Muy contenta con mi compra. Llegó antes de lo planeado!;Buena imagen;AMAZON;MX;2021-10-14 09:49;SAMSUNG;"Samsung Smart TV 65"" 4K UHD UN65NU6590FXZA (Renewed)";https://www.amazon.com.mx/Samsung-Smart-UHD-UN65NU6590FXZA-Renewed/dp/B07R6QH5S2/;CE;5.0 ;https://www.amazon.com.mx/
1302;aHR0cHM6Ly93d3cuYW1hem9uLmNvbS5teC9TYW1zdW5nLVNtYXJ0LVVIRC1VTjY1TlU2NTkwRlhaQS1SZW5ld2VkL2RwL0IwN1I2UUg1UzIvUjJGNEJPNEZDU0o0VDU=;SEM;2021-10-14;2019-11-20;;R2F4BO4FCSJ4T5;;Excelente producto;Excelente vendedor producto y atencion;AMAZON;MX;2021-10-14 09:49;SAMSUNG;"Samsung Smart TV 65"" 4K UHD UN65NU6590FXZA (Renewed)";https://www.amazon.com.mx/Samsung-Smart-UHD-UN65NU6590FXZA-Renewed/dp/B07R6QH5S2/;CE;5.0 ;https://www.amazon.com.mx/
1303;aHR0cHM6Ly93d3cuYW1hem9uLmNvbS5teC9TYW1zdW5nLVNtYXJ0LVVIRC1VTjY1TlU2NTkwRlhaQS1SZW5ld2VkL2RwL0IwN1I2UUg1UzIvUjNWWVdMUVQxTlNLTkc=;SEM;2021-10-14;2019-11-09;;R3VYWLQT1NSKNG;;Se devolvió;Devolución;AMAZON;MX;2021-10-14 09:49;SAMSUNG;"Samsung Smart TV 65"" 4K UHD UN65NU6590FXZA (Renewed)";https://www.amazon.com.mx/Samsung-Smart-UHD-UN65NU6590FXZA-Renewed/dp/B07R6QH5S2/;CE;3.0 ;https://www.amazon.com.mx/
1304;aHR0cHM6Ly93d3cuYW1hem9uLmNvbS5teC9TYW1zdW5nLVNtYXJ0LVVIRC1VTjY1TlU2NTkwRlhaQS1SZW5ld2VkL2RwL0IwN1I2UUg1UzIvUkFXUzhaUzBBTUFZQQ==;SEM;2021-10-14;2019-11-07;;RAWS8ZS0AMAYA;;Un control remoto no sirve;Precio calidad 100;AMAZON;MX;2021-10-14 09:49;SAMSUNG;"Samsung Smart TV 65"" 4K UHD UN65NU6590FXZA (Renewed)";https://www.amazon.com.mx/Samsung-Smart-UHD-UN65NU6590FXZA-Renewed/dp/B07R6QH5S2/;CE;4.0 ;https://www.amazon.com.mx/
1305;aHR0cHM6Ly93d3cuYW1hem9uLmNvbS5teC9TYW1zdW5nLVNtYXJ0LVVIRC1VTjY1TlU2NTkwRlhaQS1SZW5ld2VkL2RwL0IwN1I2UUg1UzIvUjFMNkRPQzNaM0RJQkQ=;SEM;2021-10-14;2019-11-07;;R1L6DOC3Z3DIBD;;Muy buen producto !;Bien;AMAZON;MX;2021-10-14 09:49;SAMSUNG;"Samsung Smart TV 65"" 4K UHD UN65NU6590FXZA (Renewed)";https://www.amazon.com.mx/Samsung-Smart-UHD-UN65NU6590FXZA-Renewed/dp/B07R6QH5S2/;CE;5.0 ;https://www.amazon.com.mx/
1306;aHR0cHM6Ly93d3cuYW1hem9uLmNvbS5teC9TYW1zdW5nLVNtYXJ0LVVIRC1VTjY1TlU2NTkwRlhaQS1SZW5ld2VkL2RwL0IwN1I2UUg1UzIvUjNOWFkzRTNGVVpINUs=;SEM;2021-10-14;2019-11-01;;R3NXY3E3FUZH5K;;Es un artículo que vas a terminar regresando;Malo;AMAZON;MX;2021-10-14 09:49;SAMSUNG;"Samsung Smart TV 65"" 4K UHD UN65NU6590FXZA (Renewed)";https://www.amazon.com.mx/Samsung-Smart-UHD-UN65NU6590FXZA-Renewed/dp/B07R6QH5S2/;CE;1.0 ;https://www.amazon.com.mx/
1307;aHR0cHM6Ly93d3cuYW1hem9uLmNvbS5teC9TYW1zdW5nLVNtYXJ0LVVIRC1VTjY1TlU2NTkwRlhaQS1SZW5ld2VkL2RwL0IwN1I2UUg1UzIvUjNRVUJYTTdQRUVVSEs=;SEM;2021-10-14;2019-10-30;;R3QUBXM7PEEUHK;;Ok;Ok;AMAZON;MX;2021-10-14 09:49;SAMSUNG;"Samsung Smart TV 65"" 4K UHD UN65NU6590FXZA (Renewed)";https://www.amazon.com.mx/Samsung-Smart-UHD-UN65NU6590FXZA-Renewed/dp/B07R6QH5S2/;CE;5.0 ;https://www.amazon.com.mx/
1308;aHR0cHM6Ly93d3cuYW1hem9uLmNvbS5teC9TYW1zdW5nLVNtYXJ0LVVIRC1VTjY1TlU2NTkwRlhaQS1SZW5ld2VkL2RwL0IwN1I2UUg1UzIvUjFDRUc5UEpNS0ZNNEQ=;SEM;2021-10-14;2019-10-25;;R1CEG9PJMKFM4D;;Muy contento con esta compra. Una ganga y todo perfecto!!!;Una ganga;AMAZON;MX;2021-10-14 09:49;SAMSUNG;"Samsung Smart TV 65"" 4K UHD UN65NU6590FXZA (Renewed)";https://www.amazon.com.mx/Samsung-Smart-UHD-UN65NU6590FXZA-Renewed/dp/B07R6QH5S2/;CE;5.0 ;https://www.amazon.com.mx/
1309;aHR0cHM6Ly93d3cuYW1hem9uLmNvbS5teC9TYW1zdW5nLVNtYXJ0LVVIRC1VTjY1TlU2NTkwRlhaQS1SZW5ld2VkL2RwL0IwN1I2UUg1UzIvUjJBVlFNTEExOTFJS0w=;SEM;2021-10-14;2019-10-22;;R2AVQMLA191IKL;;Llego reparado de una esquina pero mal ya que se desprendió el plástico reparado. Solicite factura y nunca obtuve respuesta por lo cual la regrese.;Mala cálida y no dan factura.;AMAZON;MX;2021-10-14 09:49;SAMSUNG;"Samsung Smart TV 65"" 4K UHD UN65NU6590FXZA (Renewed)";https://www.amazon.com.mx/Samsung-Smart-UHD-UN65NU6590FXZA-Renewed/dp/B07R6QH5S2/;CE;1.0 ;https://www.amazon.com.mx/
1310;aHR0cHM6Ly93d3cuYW1hem9uLmNvbS5teC9TYW1zdW5nLVNtYXJ0LVVIRC1VTjY1TlU2NTkwRlhaQS1SZW5ld2VkL2RwL0IwN1I2UUg1UzIvUjRDWE9OVkZSN0k1Ng==;SEM;2021-10-14;2019-10-21;;R4CXONVFR7I56;;Calidad y precio;Excelente producto;AMAZON;MX;2021-10-14 09:49;SAMSUNG;"Samsung Smart TV 65"" 4K UHD UN65NU6590FXZA (Renewed)";https://www.amazon.com.mx/Samsung-Smart-UHD-UN65NU6590FXZA-Renewed/dp/B07R6QH5S2/;CE;5.0 ;https://www.amazon.com.mx/
1311;aHR0cHM6Ly93d3cuYW1hem9uLmNvbS5teC9TYW1zdW5nLVNtYXJ0LVVIRC1VTjY1TlU2NTkwRlhaQS1SZW5ld2VkL2RwL0IwN1I2UUg1UzIvUjNDN0lUVUNOV1JBMVA=;SEM;2021-10-14;2019-10-19;;R3C7ITUCNWRA1P;;Se ve excelente, parece nueva, apesar de ser refurbished, llego en tiempo y forma y hasta el momento todo bien, esperemos que así siga;Parece nueva;AMAZON;MX;2021-10-14 09:49;SAMSUNG;"Samsung Smart TV 65"" 4K UHD UN65NU6590FXZA (Renewed)";https://www.amazon.com.mx/Samsung-Smart-UHD-UN65NU6590FXZA-Renewed/dp/B07R6QH5S2/;CE;5.0 ;https://www.amazon.com.mx/
1312;aHR0cHM6Ly93d3cuYW1hem9uLmNvbS5teC9TYW1zdW5nLVNtYXJ0LVVIRC1VTjY1TlU2NTkwRlhaQS1SZW5ld2VkL2RwL0IwN1I2UUg1UzIvUjE1NVZONTAxWFk0U1A=;SEM;2021-10-14;2019-10-16;;R155VN501XY4SP;;Llego con la pantalla de fuera ...................;Pantalla de fuera;AMAZON;MX;2021-10-14 09:49;SAMSUNG;"Samsung Smart TV 65"" 4K UHD UN65NU6590FXZA (Renewed)";https://www.amazon.com.mx/Samsung-Smart-UHD-UN65NU6590FXZA-Renewed/dp/B07R6QH5S2/;CE;1.0 ;https://www.amazon.com.mx/
1313;aHR0cHM6Ly93d3cuYW1hem9uLmNvbS5teC9TYW1zdW5nLVNtYXJ0LVVIRC1VTjY1TlU2NTkwRlhaQS1SZW5ld2VkL2RwL0IwN1I2UUg1UzIvUk9FT1VSTjRSOFhIOQ==;SEM;2021-10-14;2019-10-14;;ROEOURN4R8XH9;;Hola buenas tardes necesito un numero de atención ya q e intentado hacer otra compra y no puedo me la cancela automáticamente;Servicio;AMAZON;MX;2021-10-14 09:49;SAMSUNG;"Samsung Smart TV 65"" 4K UHD UN65NU6590FXZA (Renewed)";https://www.amazon.com.mx/Samsung-Smart-UHD-UN65NU6590FXZA-Renewed/dp/B07R6QH5S2/;CE;5.0 ;https://www.amazon.com.mx/
1314;aHR0cHM6Ly93d3cuYW1hem9uLmNvbS5teC9TYW1zdW5nLVNtYXJ0LVVIRC1VTjY1TlU2NTkwRlhaQS1SZW5ld2VkL2RwL0IwN1I2UUg1UzIvUkxYUTQ2VkY3SUtQRQ==;SEM;2021-10-14;2019-10-08;;RLXQ46VF7IKPE;;Excelente producto;Calidad a buen precio;AMAZON;MX;2021-10-14 09:50;SAMSUNG;"Samsung Smart TV 65"" 4K UHD UN65NU6590FXZA (Renewed)";https://www.amazon.com.mx/Samsung-Smart-UHD-UN65NU6590FXZA-Renewed/dp/B07R6QH5S2/;CE;5.0 ;https://www.amazon.com.mx/
1315;aHR0cHM6Ly93d3cuYW1hem9uLmNvbS5teC9TYW1zdW5nLVNtYXJ0LVVIRC1VTjY1TlU2NTkwRlhaQS1SZW5ld2VkL2RwL0IwN1I2UUg1UzIvUkNRMTFQMDZXNDBNNA==;SEM;2021-10-14;2019-10-04;;RCQ11P06W40M4;;Compre esta televisión con la reserva de ser renewd, pero me encontré con que esta en perfectas condiciones, no vi hasta ahorita detalles estéticos, ni menos funcionales. Todo ha funcionado bien, la monte sin problemas, la calidad de imagen es excelente.;Excelente producto;AMAZON;MX;2021-10-14 09:50;SAMSUNG;"Samsung Smart TV 65"" 4K UHD UN65NU6590FXZA (Renewed)";https://www.amazon.com.mx/Samsung-Smart-UHD-UN65NU6590FXZA-Renewed/dp/B07R6QH5S2/;CE;5.0 ;https://www.amazon.com.mx/
1316;aHR0cHM6Ly93d3cuYW1hem9uLmNvbS5teC9TYW1zdW5nLVNtYXJ0LVVIRC1VTjY1TlU2NTkwRlhaQS1SZW5ld2VkL2RwL0IwN1I2UUg1UzIvUjlQRVQ4WFFVWTBGMA==;SEM;2021-10-14;2019-10-04;;R9PET8XQUY0F0;;Excelente pantalla a muy buen precio....;Excelente pantalla a muy buen precio.....;AMAZON;MX;2021-10-14 09:50;SAMSUNG;"Samsung Smart TV 65"" 4K UHD UN65NU6590FXZA (Renewed)";https://www.amazon.com.mx/Samsung-Smart-UHD-UN65NU6590FXZA-Renewed/dp/B07R6QH5S2/;CE;5.0 ;https://www.amazon.com.mx/
1317;aHR0cHM6Ly93d3cuYW1hem9uLmNvbS5teC9TYW1zdW5nLVNtYXJ0LVVIRC1VTjY1TlU2NTkwRlhaQS1SZW5ld2VkL2RwL0IwN1I2UUg1UzIvUjJaNFZNSTk5WkcxU1c=;SEM;2021-10-14;2019-09-27;;R2Z4VMI99ZG1SW;;"Pésimo, no compren no vale la pena; te ahorras unos pesos pero llega sin servir y aparte tendré que pagar el costo de envío y tardaran en hacerme la devolución. siendo que el producto me urgía PESIMO!";NO SIRVE!!!;AMAZON;MX;2021-10-14 09:50;SAMSUNG;"Samsung Smart TV 65"" 4K UHD UN65NU6590FXZA (Renewed)";https://www.amazon.com.mx/Samsung-Smart-UHD-UN65NU6590FXZA-Renewed/dp/B07R6QH5S2/;CE;1.0 ;https://www.amazon.com.mx/
1318;aHR0cHM6Ly93d3cuYW1hem9uLmNvbS5teC9TYW1zdW5nLVNtYXJ0LVVIRC1VTjY1TlU2NTkwRlhaQS1SZW5ld2VkL2RwL0IwN1I2UUg1UzIvUkhaQ01HWVhQUk5CRA==;SEM;2021-10-14;2019-09-20;;RHZCMGYXPRNBD;;Llegó impecable;Excelente producto!;AMAZON;MX;2021-10-14 09:50;SAMSUNG;"Samsung Smart TV 65"" 4K UHD UN65NU6590FXZA (Renewed)";https://www.amazon.com.mx/Samsung-Smart-UHD-UN65NU6590FXZA-Renewed/dp/B07R6QH5S2/;CE;5.0 ;https://www.amazon.com.mx/
1319;aHR0cHM6Ly93d3cuYW1hem9uLmNvbS5teC9TYW1zdW5nLVNtYXJ0LVVIRC1VTjY1TlU2NTkwRlhaQS1SZW5ld2VkL2RwL0IwN1I2UUg1UzIvUjNNVFVYMUNBUTE0VUU=;SEM;2021-10-14;2019-09-09;;R3MTUX1CAQ14UE;;La subieron mucho de precio en tan poco tiempo por que?;Aumentaron su precio muy excesivo;AMAZON;MX;2021-10-14 09:50;SAMSUNG;"Samsung Smart TV 65"" 4K UHD UN65NU6590FXZA (Renewed)";https://www.amazon.com.mx/Samsung-Smart-UHD-UN65NU6590FXZA-Renewed/dp/B07R6QH5S2/;CE;5.0 ;https://www.amazon.com.mx/
1320;aHR0cHM6Ly93d3cuYW1hem9uLmNvbS5teC9TYW1zdW5nLVNtYXJ0LVVIRC1VTjY1TlU2NTkwRlhaQS1SZW5ld2VkL2RwL0IwN1I2UUg1UzIvUjFFT0xGODJQNlNQVkc=;SEM;2021-10-14;2019-09-05;;R1EOLF82P6SPVG;;Llegó en excelentes condiciones, en un caja genérica pero todo funciona correctamente y sin golpes o abolladuras.;Excelente relación precio-calidad;AMAZON;MX;2021-10-14 09:50;SAMSUNG;"Samsung Smart TV 65"" 4K UHD UN65NU6590FXZA (Renewed)";https://www.amazon.com.mx/Samsung-Smart-UHD-UN65NU6590FXZA-Renewed/dp/B07R6QH5S2/;CE;5.0 ;https://www.amazon.com.mx/
1321;aHR0cHM6Ly93d3cuYW1hem9uLmNvbS5teC9TYW1zdW5nLVNtYXJ0LVVIRC1VTjY1TlU2NTkwRlhaQS1SZW5ld2VkL2RwL0IwN1I2UUg1UzIvUjNQUFdFSDJXQ1c2Vjg=;SEM;2021-10-14;2019-09-02;;R3PPWEH2WCW6V8;;Buena oportunidad;Excelente;AMAZON;MX;2021-10-14 09:50;SAMSUNG;"Samsung Smart TV 65"" 4K UHD UN65NU6590FXZA (Renewed)";https://www.amazon.com.mx/Samsung-Smart-UHD-UN65NU6590FXZA-Renewed/dp/B07R6QH5S2/;CE;5.0 ;https://www.amazon.com.mx/
1322;aHR0cHM6Ly93d3cuYW1hem9uLmNvbS5teC9TYW1zdW5nLVNtYXJ0LVVIRC1VTjY1TlU2NTkwRlhaQS1SZW5ld2VkL2RwL0IwN1I2UUg1UzIvUlE4U1ZPTUg0NUwxMw==;SEM;2021-10-14;2019-08-30;;RQ8SVOMH45L13;;La pantalla llego en tiempo y forma en su caja original, si bien tiene signos de haber sido sacada del empaque anteriormente, no tiene ningún detalles como rayaduras o algun tipo de maltraro, encendió y funcionó perfectamente desde la primera vez, el control no traia baterias pero es un detalle que se sabe de antemano puede pasar por ser un producto RENEWED, la calidad de la imagen es buena aunque me falta probarla con contenido 4K el UHD es muy bueno, lo unico que no me gusto es que no tiene salida de audio de 3.5mm solo salida óptica de audio y que solo posea 1 puerto USB pero me puedo acostumbrar a ello, tampoco cuenta con programador de encendido automático que es una función que en lo personal ocupo demasiado. Aunque solo tengo un par de días con ella puedo decir que hice una buena compra, faltará que pase el tiempo y verificar que todo siga como hasta el momento.;Todo Bien!;AMAZON;MX;2021-10-14 09:50;SAMSUNG;"Samsung Smart TV 65"" 4K UHD UN65NU6590FXZA (Renewed)";https://www.amazon.com.mx/Samsung-Smart-UHD-UN65NU6590FXZA-Renewed/dp/B07R6QH5S2/;CE;5.0 ;https://www.amazon.com.mx/
1323;aHR0cHM6Ly93d3cuYW1hem9uLmNvbS5teC9TYW1zdW5nLVNtYXJ0LVVIRC1VTjY1TlU2NTkwRlhaQS1SZW5ld2VkL2RwL0IwN1I2UUg1UzIvUjE0WlIxM0xMU1JES08=;SEM;2021-10-14;2019-08-18;;R14ZR13LLSRDKO;;La televisión muy buena solo que no viene con el control mas nuevo de la televisión;Muy bueno;AMAZON;MX;2021-10-14 09:51;SAMSUNG;"Samsung Smart TV 65"" 4K UHD UN65NU6590FXZA (Renewed)";https://www.amazon.com.mx/Samsung-Smart-UHD-UN65NU6590FXZA-Renewed/dp/B07R6QH5S2/;CE;5.0 ;https://www.amazon.com.mx/
1324;aHR0cHM6Ly93d3cuYW1hem9uLmNvbS5teC9TYW1zdW5nLVNtYXJ0LVVIRC1VTjY1TlU2NTkwRlhaQS1SZW5ld2VkL2RwL0IwN1I2UUg1UzIvUjNFTVhTRUlMUkM2U04=;SEM;2021-10-14;2019-08-18;;R3EMXSEILRC6SN;;Excelente producto, sin fallas en imagen, el control 100% funcional, compatible con aplicaciones también como HBO, Fox, Netflix, sin encontrar pixeles muertos, llegó sin rayones o evidencia de uso.;Excelente Smart tv;AMAZON;MX;2021-10-14 09:51;SAMSUNG;"Samsung Smart TV 65"" 4K UHD UN65NU6590FXZA (Renewed)";https://www.amazon.com.mx/Samsung-Smart-UHD-UN65NU6590FXZA-Renewed/dp/B07R6QH5S2/;CE;5.0 ;https://www.amazon.com.mx/
1325;aHR0cHM6Ly93d3cuYW1hem9uLmNvbS5teC9TYW1zdW5nLVNtYXJ0LVVIRC1VTjY1TlU2NTkwRlhaQS1SZW5ld2VkL2RwL0IwN1I2UUg1UzIvUjM1NzZYT1NWUlpFWDk=;SEM;2021-10-14;2019-08-13;;R3576XOSVRZEX9;;Se echó a perder a la semana, dice que tiene garantía de 90 días, sin embargo, traté de comunicarme pero no hubo respuesta. No quiero reembolso del pago quiero que me den otra pantalla que sí sirva.;A la semana de uso dejó de encender;AMAZON;MX;2021-10-14 09:51;SAMSUNG;"Samsung Smart TV 65"" 4K UHD UN65NU6590FXZA (Renewed)";https://www.amazon.com.mx/Samsung-Smart-UHD-UN65NU6590FXZA-Renewed/dp/B07R6QH5S2/;CE;1.0 ;https://www.amazon.com.mx/
1326;aHR0cHM6Ly93d3cuYW1hem9uLmNvbS5teC9TYW1zdW5nLVNtYXJ0LVVIRC1VTjY1TlU2NTkwRlhaQS1SZW5ld2VkL2RwL0IwN1I2UUg1UzIvUjFXNTM5R1dYT05aMlc=;SEM;2021-10-14;2019-08-12;;R1W539GWXONZ2W;;La pantalla esta prácticamente nueva cero detalles funcionamiento al 100;Excelente Producto a muy buen precio.;AMAZON;MX;2021-10-14 09:51;SAMSUNG;"Samsung Smart TV 65"" 4K UHD UN65NU6590FXZA (Renewed)";https://www.amazon.com.mx/Samsung-Smart-UHD-UN65NU6590FXZA-Renewed/dp/B07R6QH5S2/;CE;5.0 ;https://www.amazon.com.mx/
1327;aHR0cHM6Ly93d3cuYW1hem9uLmNvbS5teC9TYW1zdW5nLVNtYXJ0LVVIRC1VTjY1TlU2NTkwRlhaQS1SZW5ld2VkL2RwL0IwN1I2UUg1UzIvUjMxME9EUVE1NTUxM1M=;SEM;2021-10-14;2019-08-12;;R310ODQQ55513S;;A un año de su compra empecé a notar que parpadea la pantalla al prenderla 😣;Empieza a notarse fallas al encender;AMAZON;MX;2021-10-14 09:51;SAMSUNG;"Samsung Smart TV 65"" 4K UHD UN65NU6590FXZA (Renewed)";https://www.amazon.com.mx/Samsung-Smart-UHD-UN65NU6590FXZA-Renewed/dp/B07R6QH5S2/;CE;1.0 ;https://www.amazon.com.mx/
1328;aHR0cHM6Ly93d3cuYW1hem9uLmNvbS5teC9TYW1zdW5nLVNtYXJ0LVVIRC1VTjY1TlU2NTkwRlhaQS1SZW5ld2VkL2RwL0IwN1I2UUg1UzIvUlRPUEpUNllGMTlNVw==;SEM;2021-10-14;2019-08-09;;RTOPJT6YF19MW;;En los primeros días, su funcionamiento ha sido muy bueno;Buen producto;AMAZON;MX;2021-10-14 09:51;SAMSUNG;"Samsung Smart TV 65"" 4K UHD UN65NU6590FXZA (Renewed)";https://www.amazon.com.mx/Samsung-Smart-UHD-UN65NU6590FXZA-Renewed/dp/B07R6QH5S2/;CE;4.0 ;https://www.amazon.com.mx/
1329;aHR0cHM6Ly93d3cuYW1hem9uLmNvbS5teC9TYW1zdW5nLVNtYXJ0LVVIRC1VTjY1TlU2NTkwRlhaQS1SZW5ld2VkL2RwL0IwN1I2UUg1UzIvUjFaS0hCSTlJTDJPUEU=;SEM;2021-10-14;2019-08-08;;R1ZKHBI9IL2OPE;;Un excelente producto, aspecto al 100 como nueva;Pantalla 4k Samsung;AMAZON;MX;2021-10-14 09:52;SAMSUNG;"Samsung Smart TV 65"" 4K UHD UN65NU6590FXZA (Renewed)";https://www.amazon.com.mx/Samsung-Smart-UHD-UN65NU6590FXZA-Renewed/dp/B07R6QH5S2/;CE;5.0 ;https://www.amazon.com.mx/
1330;aHR0cHM6Ly93d3cuYW1hem9uLmNvbS5teC9TYW1zdW5nLVNtYXJ0LVVIRC1VTjY1TlU2NTkwRlhaQS1SZW5ld2VkL2RwL0IwN1I2UUg1UzIvUjE4VFZZWUI2Q0gzUk0=;SEM;2021-10-14;2019-08-08;;R18TVYYB6CH3RM;;Muy buena promoción, la verdad precio inigualable de momento.;Buena promo;AMAZON;MX;2021-10-14 09:52;SAMSUNG;"Samsung Smart TV 65"" 4K UHD UN65NU6590FXZA (Renewed)";https://www.amazon.com.mx/Samsung-Smart-UHD-UN65NU6590FXZA-Renewed/dp/B07R6QH5S2/;CE;5.0 ;https://www.amazon.com.mx/
1331;aHR0cHM6Ly93d3cuYW1hem9uLmNvbS5teC9TYW1zdW5nLVNtYXJ0LVVIRC1VTjY1TlU2NTkwRlhaQS1SZW5ld2VkL2RwL0IwN1I2UUg1UzIvUjFNVDJDQkk3RkQyU1Y=;SEM;2021-10-14;2019-08-08;;R1MT2CBI7FD2SV;;Este es un artículo refabricado, espero aclarar tus dudas si pie sas comprar uno así, la tv llegó en muy buen estado, en su caja original, control y accesorios originales, cada pieza venía en su envoltura pero ya abierta solo la resellaron por lo que no hay problema, la tv está en perfectas condiciones solo tenia detalles de uso en la parte de atrás donde se conecta la ante ya que es un espacio muy reducido y se nota los tallones que produce el conectar una por la parte de enfrente tenía solo un pequeño tallon a lado del nombre de la.marca, cosa que con un trapo mojado se puede quitar, si buscas conectar más aparatos por hdmi esta tele solo tiene dos más una usb y cable óptico, si consigues a un buen precio te diría que sibte animaras, pero sinquieres una garantía mayor y nonesta preocupado como te va llegar el tv mejor compra uno nuevo, sin embargo esta se ve genial.;Refabricado es bueno.;AMAZON;MX;2021-10-14 09:52;SAMSUNG;"Samsung Smart TV 65"" 4K UHD UN65NU6590FXZA (Renewed)";https://www.amazon.com.mx/Samsung-Smart-UHD-UN65NU6590FXZA-Renewed/dp/B07R6QH5S2/;CE;4.0 ;https://www.amazon.com.mx/
1332;aHR0cHM6Ly93d3cuYW1hem9uLmNvbS5teC9TYW1zdW5nLVNtYXJ0LVVIRC1VTjY1TlU2NTkwRlhaQS1SZW5ld2VkL2RwL0IwN1I2UUg1UzIvUjFZT1RVNk1KQjIzUlU=;SEM;2021-10-14;2019-08-04;;R1YOTU6MJB23RU;;Tamaño imagen y precio muy bueno;Muy buen producto;AMAZON;MX;2021-10-14 09:52;SAMSUNG;"Samsung Smart TV 65"" 4K UHD UN65NU6590FXZA (Renewed)";https://www.amazon.com.mx/Samsung-Smart-UHD-UN65NU6590FXZA-Renewed/dp/B07R6QH5S2/;CE;5.0 ;https://www.amazon.com.mx/
1333;aHR0cHM6Ly93d3cuYW1hem9uLmNvbS5teC9TYW1zdW5nLVNtYXJ0LVVIRC1VTjY1TlU2NTkwRlhaQS1SZW5ld2VkL2RwL0IwN1I2UUg1UzIvUlc1N0c5TUlHTVpETg==;SEM;2021-10-14;2019-08-04;;RW57G9MIGMZDN;;Muy buena calidad de imagen. Solo el control remoto es muy grande.;Samsung smart tv;AMAZON;MX;2021-10-14 09:52;SAMSUNG;"Samsung Smart TV 65"" 4K UHD UN65NU6590FXZA (Renewed)";https://www.amazon.com.mx/Samsung-Smart-UHD-UN65NU6590FXZA-Renewed/dp/B07R6QH5S2/;CE;4.0 ;https://www.amazon.com.mx/
1334;aHR0cHM6Ly93d3cuYW1hem9uLmNvbS5teC9TYW1zdW5nLVNtYXJ0LVVIRC1VTjY1TlU2NTkwRlhaQS1SZW5ld2VkL2RwL0IwN1I2UUg1UzIvUjJWTTlMOVQ2TVZOTFc=;SEM;2021-10-14;2019-08-04;;R2VM9L9T6MVNLW;;No tiene señales de haber sido reacondicionada, se ve como nueva y hasta ahora todo va muy bien, excelente producto al mejor precio. Lo malo es que no viene con los tornillos que necesita para fijar al soporte que utilices y fue muy complicado encontrar uno, ya que los tornillos de la parte trasera tienen medidas diferentes y poco usuales para un soporte.;Estoy muy satisfecho con mi compra.;AMAZON;MX;2021-10-14 09:52;SAMSUNG;"Samsung Smart TV 65"" 4K UHD UN65NU6590FXZA (Renewed)";https://www.amazon.com.mx/Samsung-Smart-UHD-UN65NU6590FXZA-Renewed/dp/B07R6QH5S2/;CE;5.0 ;https://www.amazon.com.mx/
1335;aHR0cHM6Ly93d3cuYW1hem9uLmNvbS5teC9TYW1zdW5nLVNtYXJ0LVVIRC1VTjY1TlU2NTkwRlhaQS1SZW5ld2VkL2RwL0IwN1I2UUg1UzIvUjI0RVlaVkdOUTJJM0Y=;SEM;2021-10-14;2019-08-01;;R24EYZVGNQ2I3F;;La compré en promo en 6,600 está increíble, no hay forma de ver que es renewed súper bien empacada y una calidad extraordinaria;De mis mejores compras;AMAZON;MX;2021-10-14 09:52;SAMSUNG;"Samsung Smart TV 65"" 4K UHD UN65NU6590FXZA (Renewed)";https://www.amazon.com.mx/Samsung-Smart-UHD-UN65NU6590FXZA-Renewed/dp/B07R6QH5S2/;CE;4.0 ;https://www.amazon.com.mx/
1336;aHR0cHM6Ly93d3cuYW1hem9uLmNvbS5teC9TYW1zdW5nLVNtYXJ0LVVIRC1VTjY1TlU2NTkwRlhaQS1SZW5ld2VkL2RwL0IwN1I2UUg1UzIvUlRYS1ROVEw1RVZGTA==;SEM;2021-10-14;2019-07-31;;RTXKTNTL5EVFL;;Lo encontré en oferta y a pesar de que es un producto renewed las dos pantallas que compre llegaron en excelente estado.;Excelente estado a pesar de ser renewed;AMAZON;MX;2021-10-14 09:52;SAMSUNG;"Samsung Smart TV 65"" 4K UHD UN65NU6590FXZA (Renewed)";https://www.amazon.com.mx/Samsung-Smart-UHD-UN65NU6590FXZA-Renewed/dp/B07R6QH5S2/;CE;5.0 ;https://www.amazon.com.mx/
1337;aHR0cHM6Ly93d3cuYW1hem9uLmNvbS5teC9TYW1zdW5nLVNtYXJ0LVVIRC1VTjY1TlU2NTkwRlhaQS1SZW5ld2VkL2RwL0IwN1I2UUg1UzIvUjJRODdDMDlLTENYVks=;SEM;2021-10-14;2019-07-29;;R2Q87C09KLCXVK;;El control no trajo baterías de lo demaa todo muy bien;Calidad y precio;AMAZON;MX;2021-10-14 09:53;SAMSUNG;"Samsung Smart TV 65"" 4K UHD UN65NU6590FXZA (Renewed)";https://www.amazon.com.mx/Samsung-Smart-UHD-UN65NU6590FXZA-Renewed/dp/B07R6QH5S2/;CE;5.0 ;https://www.amazon.com.mx/
1338;aHR0cHM6Ly93d3cuYW1hem9uLmNvbS5teC9TYW1zdW5nLVNtYXJ0LVVIRC1VTjY1TlU2NTkwRlhaQS1SZW5ld2VkL2RwL0IwN1I2UUg1UzIvUjRBTUsyMENBSlVZUg==;SEM;2021-10-14;2019-07-29;;R4AMK20CAJUYR;;Your browser does not support HTML5 video. Todo bien en la entrega el servicio pero le salió una raya en la pantalla y no es original la pantalla;Defectuoso la pantalla;AMAZON;MX;2021-10-14 09:53;SAMSUNG;"Samsung Smart TV 65"" 4K UHD UN65NU6590FXZA (Renewed)";https://www.amazon.com.mx/Samsung-Smart-UHD-UN65NU6590FXZA-Renewed/dp/B07R6QH5S2/;CE;1.0 ;https://www.amazon.com.mx/
1339;aHR0cHM6Ly93d3cuYW1hem9uLmNvbS5teC9TYW1zdW5nLVNtYXJ0LVVIRC1VTjY1TlU2NTkwRlhaQS1SZW5ld2VkL2RwL0IwN1I2UUg1UzIvUjFFOUpaVVNEWU5CRDk=;SEM;2021-10-14;2019-07-29;;R1E9JZUSDYNBD9;;Primero quiero aclarar que cuando vi el precio me pareció que estaba muy por debajo de los precios reales y fue cuando me dirigí hacia las reseñas donde me encontré desde opiniones buenas y malas, diciendo que el TV venía en mal estado, estrellado con piezas rotas y fue ahí cuando por un momento pensé que tal vez abría echo una mala compra e inclusive cancele el pedido y para mi sorpresa ya no se podía ya que estaba en preparación, la gran sorpresa y es por eso que puse calificación excelente fue que el producto llegó NUEVO literal NUEVO sellos, plásticos todo ORIGINAL y fue ahí que pensé que cada centavo había valido la pena, yo tuve una buena entrega y lamento a los que no les haya llegado en condiciones, de igual forma sigo a la espera de que no falle ya que aunque el producto como lo digo anteriormente venía en calidad de nuevo no se salva de alguna falla técnica que pudiera tener a futuro espero y no sino pues aplicar garantía de los 3 meses;PRODUCTO NUEVO;AMAZON;MX;2021-10-14 09:53;SAMSUNG;"Samsung Smart TV 65"" 4K UHD UN65NU6590FXZA (Renewed)";https://www.amazon.com.mx/Samsung-Smart-UHD-UN65NU6590FXZA-Renewed/dp/B07R6QH5S2/;CE;5.0 ;https://www.amazon.com.mx/
1340;aHR0cHM6Ly93d3cuYW1hem9uLmNvbS5teC9TYW1zdW5nLVNtYXJ0LVVIRC1VTjY1TlU2NTkwRlhaQS1SZW5ld2VkL2RwL0IwN1I2UUg1UzIvUktEODNWU0ZOMEJOWA==;SEM;2021-10-14;2019-07-28;;RKD83VSFN0BNX;;Llegó en excelentes condiciones, ningún defecto por el momento, control original y caja original, la calidad es perfecta UHD 4k La recomiendo;Excelente;AMAZON;MX;2021-10-14 09:53;SAMSUNG;"Samsung Smart TV 65"" 4K UHD UN65NU6590FXZA (Renewed)";https://www.amazon.com.mx/Samsung-Smart-UHD-UN65NU6590FXZA-Renewed/dp/B07R6QH5S2/;CE;5.0 ;https://www.amazon.com.mx/
1341;aHR0cHM6Ly93d3cuYW1hem9uLmNvbS5teC9TYW1zdW5nLVNtYXJ0LVVIRC1VTjY1TlU2NTkwRlhaQS1SZW5ld2VkL2RwL0IwN1I2UUg1UzIvUjJRQk1KQU05OTRQTFg=;SEM;2021-10-14;2019-07-28;;R2QBMJAM994PLX;;Todo excelente, muy buena calidad de imagen;Excelente;AMAZON;MX;2021-10-14 09:53;SAMSUNG;"Samsung Smart TV 65"" 4K UHD UN65NU6590FXZA (Renewed)";https://www.amazon.com.mx/Samsung-Smart-UHD-UN65NU6590FXZA-Renewed/dp/B07R6QH5S2/;CE;5.0 ;https://www.amazon.com.mx/
1342;aHR0cHM6Ly93d3cuYW1hem9uLmNvbS5teC9TYW1zdW5nLVNtYXJ0LVVIRC1VTjY1TlU2NTkwRlhaQS1SZW5ld2VkL2RwL0IwN1I2UUg1UzIvUjNUWDlPSkhBU0FSM1g=;SEM;2021-10-14;2019-07-26;;R3TX9OJHASAR3X;;Excelente artículo, llegó antes de lo estimado,;Excelente producto;AMAZON;MX;2021-10-14 09:53;SAMSUNG;"Samsung Smart TV 65"" 4K UHD UN65NU6590FXZA (Renewed)";https://www.amazon.com.mx/Samsung-Smart-UHD-UN65NU6590FXZA-Renewed/dp/B07R6QH5S2/;CE;5.0 ;https://www.amazon.com.mx/
1343;aHR0cHM6Ly93d3cuYW1hem9uLmNvbS5teC9TYW1zdW5nLVNtYXJ0LVVIRC1VTjY1TlU2NTkwRlhaQS1SZW5ld2VkL2RwL0IwN1I2UUg1UzIvUlQ3R0pLMTVYV1dQMQ==;SEM;2021-10-14;2019-07-26;;RT7GJK15XWWP1;;Faltando la prueba del tiempo que esperamos en familia lo cubra sin contratiempo y un buen sistema de sujeción a la pared la compra es excelente .;Calidad/precio oferta;AMAZON;MX;2021-10-14 09:53;SAMSUNG;"Samsung Smart TV 65"" 4K UHD UN65NU6590FXZA (Renewed)";https://www.amazon.com.mx/Samsung-Smart-UHD-UN65NU6590FXZA-Renewed/dp/B07R6QH5S2/;CE;5.0 ;https://www.amazon.com.mx/
1344;aHR0cHM6Ly93d3cuYW1hem9uLmNvbS5teC9TYW1zdW5nLVNtYXJ0LVVIRC1VTjY1TlU2NTkwRlhaQS1SZW5ld2VkL2RwL0IwN1I2UUg1UzIvUjNGQVZZVVdFVUtXRE8=;SEM;2021-10-14;2019-07-25;;R3FAVYUWEUKWDO;;La tv cumple en cuanto a funciones,pero al venir renwwed tiene fallas estéticas importantes.;No volvería a comprar;AMAZON;MX;2021-10-14 09:53;SAMSUNG;"Samsung Smart TV 65"" 4K UHD UN65NU6590FXZA (Renewed)";https://www.amazon.com.mx/Samsung-Smart-UHD-UN65NU6590FXZA-Renewed/dp/B07R6QH5S2/;CE;3.0 ;https://www.amazon.com.mx/
1345;aHR0cHM6Ly93d3cuYW1hem9uLmNvbS5teC9TYW1zdW5nLVNtYXJ0LVVIRC1VTjY1TlU2NTkwRlhaQS1SZW5ld2VkL2RwL0IwN1I2UUg1UzIvUjZPSzlFQzlGOVZIOQ==;SEM;2021-10-14;2019-07-24;;R6OK9EC9F9VH9;;sE QUE AL COMPRAR UN ELECTRONICO RENEWED, NO SE ESTA ADQUIRIENDO UN EQUIPO NUEVO, PERO EL HECHO DE QUE COMENTEN QUE HA SIDO REVISADO, REPARADO, O ACTUALIZADO, DEJA MUCHO QUE DESEAR, YA QUE DESDE EL PRIMER MOMENTO QUE SE ENCENDIO EL EQUIPO, MOSTRO FALLAS, Y AL HACER EL TRAMITE DE DEVOLUCION, ESTE DEBE SER POR CUENTA PROPIA Y NO DE AMAZON, Y NO ESTOY DE ACUERDO CON ESO.;EQUIPO CON FALLAS;AMAZON;MX;2021-10-14 09:53;SAMSUNG;"Samsung Smart TV 65"" 4K UHD UN65NU6590FXZA (Renewed)";https://www.amazon.com.mx/Samsung-Smart-UHD-UN65NU6590FXZA-Renewed/dp/B07R6QH5S2/;CE;1.0 ;https://www.amazon.com.mx/
1346;aHR0cHM6Ly93d3cuYW1hem9uLmNvbS5teC9TYW1zdW5nLVNtYXJ0LVVIRC1VTjY1TlU2NTkwRlhaQS1SZW5ld2VkL2RwL0IwN1I2UUg1UzIvUjJVTlFaTVZEU1lXQUQ=;SEM;2021-10-14;2019-07-20;;R2UNQZMVDSYWAD;;Llego en excelentes condiciones, antes de los previsto y todo en orden, lo recomiendo mucho este producto;Excelente;AMAZON;MX;2021-10-14 09:53;SAMSUNG;"Samsung Smart TV 65"" 4K UHD UN65NU6590FXZA (Renewed)";https://www.amazon.com.mx/Samsung-Smart-UHD-UN65NU6590FXZA-Renewed/dp/B07R6QH5S2/;CE;5.0 ;https://www.amazon.com.mx/
1347;aHR0cHM6Ly93d3cuYW1hem9uLmNvbS5teC9TYW1zdW5nLVNtYXJ0LVVIRC1VTjY1TlU2NTkwRlhaQS1SZW5ld2VkL2RwL0IwN1I2UUg1UzIvUjNFU0dQOFZCRFdGUw==;SEM;2021-10-14;2019-07-02;;R3ESGP8VBDWFS;;Super bien! Me encanto !!!;Simplemente perfecta!;AMAZON;MX;2021-10-14 09:53;SAMSUNG;"Samsung Smart TV 65"" 4K UHD UN65NU6590FXZA (Renewed)";https://www.amazon.com.mx/Samsung-Smart-UHD-UN65NU6590FXZA-Renewed/dp/B07R6QH5S2/;CE;5.0 ;https://www.amazon.com.mx/
1348;aHR0cHM6Ly93d3cuYW1hem9uLmNvbS5teC9TYW1zdW5nLVNtYXJ0LVVIRC1VTjY1TlU2NTkwRlhaQS1SZW5ld2VkL2RwL0IwN1I2UUg1UzIvUjFOV1pYMUgwSlhEVU8=;SEM;2021-10-14;2019-06-30;;R1NWZX1H0JXDUO;;Muy buena;Impresionante;AMAZON;MX;2021-10-14 09:53;SAMSUNG;"Samsung Smart TV 65"" 4K UHD UN65NU6590FXZA (Renewed)";https://www.amazon.com.mx/Samsung-Smart-UHD-UN65NU6590FXZA-Renewed/dp/B07R6QH5S2/;CE;5.0 ;https://www.amazon.com.mx/
1349;aHR0cHM6Ly93d3cuYW1hem9uLmNvbS5teC9TYW1zdW5nLVNtYXJ0LVVIRC1VTjY1TlU2NTkwRlhaQS1SZW5ld2VkL2RwL0IwN1I2UUg1UzIvUjNIUEJIVUpIRTJLSg==;SEM;2021-10-14;2019-06-26;;R3HPBHUJHE2KJ;;Excelente producto;Buena compra;AMAZON;MX;2021-10-14 09:53;SAMSUNG;"Samsung Smart TV 65"" 4K UHD UN65NU6590FXZA (Renewed)";https://www.amazon.com.mx/Samsung-Smart-UHD-UN65NU6590FXZA-Renewed/dp/B07R6QH5S2/;CE;5.0 ;https://www.amazon.com.mx/
1350;aHR0cHM6Ly93d3cuYW1hem9uLmNvbS5teC9TYW1zdW5nLVNtYXJ0LVVIRC1VTjY1TlU2NTkwRlhaQS1SZW5ld2VkL2RwL0IwN1I2UUg1UzIvUjEwMTNMQVlINFhSSkY=;SEM;2021-10-14;2019-06-24;;R1013LAYH4XRJF;;El producto es como nuevo. A veces tiene algunas fallas en relación a smartthings pero aún no estoy seguro que sea por causa de la televisión . Excelente producto y excelente vendedor. Entrega en tiempo;Excelente compra;AMAZON;MX;2021-10-14 09:53;SAMSUNG;"Samsung Smart TV 65"" 4K UHD UN65NU6590FXZA (Renewed)";https://www.amazon.com.mx/Samsung-Smart-UHD-UN65NU6590FXZA-Renewed/dp/B07R6QH5S2/;CE;5.0 ;https://www.amazon.com.mx/
1351;aHR0cHM6Ly93d3cuYW1hem9uLmNvbS5teC9TYW1zdW5nLVNtYXJ0LVVIRC1VTjY1TlU2NTkwRlhaQS1SZW5ld2VkL2RwL0IwN1I2UUg1UzIvUjI1SjY0VzNQOVUyOEs=;SEM;2021-10-14;2019-06-13;;R25J64W3P9U28K;;La tele funciona, la imagen y audio es perfecta. Sin embargo, en la base del frame se tienen varias abolladuras, prueba de que la tele fue abierta para revisión y el logo del frame viene ya rayado... Se nota que es un producto refurbished. Más allá, ya una vez la tele no se conectaba nada a Internet, tuve que desconectar el cable para reiniciarla y lograr que se conecte a Internet. El precio en la que yo conseguí la tele, se me hace justo 12k mxn. No pagaría el full price de 16k, si lo hubiera pagado le pondría 3 estrellas.;Bien, pero se nota que es refurbished;AMAZON;MX;2021-10-14 09:54;SAMSUNG;"Samsung Smart TV 65"" 4K UHD UN65NU6590FXZA (Renewed)";https://www.amazon.com.mx/Samsung-Smart-UHD-UN65NU6590FXZA-Renewed/dp/B07R6QH5S2/;CE;4.0 ;https://www.amazon.com.mx/
1352;aHR0cHM6Ly93d3cuYW1hem9uLmNvbS5teC9TYW1zdW5nLVNtYXJ0LVVIRC1VTjY1TlU2NTkwRlhaQS1SZW5ld2VkL2RwL0IwN1I2UUg1UzIvUjNLWU1JRkNaNDJWTFg=;SEM;2021-10-14;2019-06-13;;R3KYMIFCZ42VLX;;Excelente calidad de imagen;Excelente TV;AMAZON;MX;2021-10-14 09:54;SAMSUNG;"Samsung Smart TV 65"" 4K UHD UN65NU6590FXZA (Renewed)";https://www.amazon.com.mx/Samsung-Smart-UHD-UN65NU6590FXZA-Renewed/dp/B07R6QH5S2/;CE;5.0 ;https://www.amazon.com.mx/
1353;aHR0cHM6Ly93d3cuYW1hem9uLmNvbS5teC9TYW1zdW5nLVNtYXJ0LVVIRC1VTjY1TlU2NTkwRlhaQS1SZW5ld2VkL2RwL0IwN1I2UUg1UzIvUjJLMjRXR0FXQTVWODE=;SEM;2021-10-14;2019-06-05;;R2K24WGAWA5V81;;El tamaño y la calidad de imagen están muy bien, estoy muy satisfecho con mi televisor, lo pude conectar sin problemas al wifi, y a mí smartphone, y a la consolas de videojuegos, la calidad de imagen es excelente, llegó sin detalles, no era su caja original pero venía bien empaquetado, con mucho cuidado, contaba con su control original y cable de energía.;Muy bien;AMAZON;MX;2021-10-14 09:54;SAMSUNG;"Samsung Smart TV 65"" 4K UHD UN65NU6590FXZA (Renewed)";https://www.amazon.com.mx/Samsung-Smart-UHD-UN65NU6590FXZA-Renewed/dp/B07R6QH5S2/;CE;5.0 ;https://www.amazon.com.mx/
1354;aHR0cHM6Ly93d3cuYW1hem9uLmNvbS5teC9TYW1zdW5nLVNtYXJ0LVVIRC1VTjY1TlU2NTkwRlhaQS1SZW5ld2VkL2RwL0IwN1I2UUg1UzIvUlFIUk1FQ084VTZGRA==;SEM;2021-10-14;2019-06-01;;RQHRMECO8U6FD;;Me quedé decepcionado porque decía que el producto fue probado sin embargo no funcionó...Encima de todo tuve que pagar la devolución y tengo que esperar el reembolso no solo del producto si no también dea devolución que además es costoso...😡;No funcionó;AMAZON;MX;2021-10-14 09:54;SAMSUNG;"Samsung Smart TV 65"" 4K UHD UN65NU6590FXZA (Renewed)";https://www.amazon.com.mx/Samsung-Smart-UHD-UN65NU6590FXZA-Renewed/dp/B07R6QH5S2/;CE;1.0 ;https://www.amazon.com.mx/
1355;aHR0cHM6Ly93d3cuYW1hem9uLmNvbS5teC9TYW1zdW5nLVNtYXJ0LVVIRC1VTjY1TlU2NTkwRlhaQS1SZW5ld2VkL2RwL0IwN1I2UUg1UzIvUjFCNTdLOUREWTAzOVM=;SEM;2021-10-14;2019-05-31;;R1B57K9DDY039S;;Excelente tiempo de llegada! Producto con caja cables y control original. Esperare a los días de garantía pero el encendido sin problemas y recepción del roku 4K excelente;Cumplimiento;AMAZON;MX;2021-10-14 09:54;SAMSUNG;"Samsung Smart TV 65"" 4K UHD UN65NU6590FXZA (Renewed)";https://www.amazon.com.mx/Samsung-Smart-UHD-UN65NU6590FXZA-Renewed/dp/B07R6QH5S2/;CE;5.0 ;https://www.amazon.com.mx/
1356;aHR0cHM6Ly93d3cuYW1hem9uLmNvbS5teC9TYW1zdW5nLVNtYXJ0LVVIRC1VTjY1TlU2NTkwRlhaQS1SZW5ld2VkL2RwL0IwN1I2UUg1UzIvUlVCUlY3SFNEVFBTNA==;SEM;2021-10-14;2019-05-30;;RUBRV7HSDTPS4;;Me encanto, la pedí el viernes y llego el lunes, empacada perfectamente y no te darías cuenta que es reacondicionada de no saber... La imagen se ve excelente, tiene distintos modos de video para elegir El sonido para cada situación, muy de mi agrado El control no es mi favorito ya que están muy abajo las flechas Encontré una oferta limitada en 7,500 y supero mis expectativas;Excelente!;AMAZON;MX;2021-10-14 09:54;SAMSUNG;"Samsung Smart TV 65"" 4K UHD UN65NU6590FXZA (Renewed)";https://www.amazon.com.mx/Samsung-Smart-UHD-UN65NU6590FXZA-Renewed/dp/B07R6QH5S2/;CE;5.0 ;https://www.amazon.com.mx/
1357;aHR0cHM6Ly93d3cuYW1hem9uLmNvbS5teC9TYW1zdW5nLVNtYXJ0LVVIRC1VTjY1TlU2NTkwRlhaQS1SZW5ld2VkL2RwL0IwN1I2UUg1UzIvUjJHN1A2WklUWkJTREk=;SEM;2021-10-14;2019-05-29;;R2G7P6ZITZBSDI;;Your browser does not support HTML5 video. La calidad del televisor es muy buena, me encantó, sobre todo por el precio, no encontré ningún otro televisor en ése precio. Subí fotografías y video, pero no le hace justicia a lo bien que se ve la imagen estando frente a él, además, en el video se ve mucho más pequeña de lo que en realidad es.;Un excelente televisor a un buen precio.;AMAZON;MX;2021-10-14 09:54;SAMSUNG;"Samsung Smart TV 65"" 4K UHD UN65NU6590FXZA (Renewed)";https://www.amazon.com.mx/Samsung-Smart-UHD-UN65NU6590FXZA-Renewed/dp/B07R6QH5S2/;CE;5.0 ;https://www.amazon.com.mx/
1358;aHR0cHM6Ly93d3cuYW1hem9uLmNvbS5teC9TYW1zdW5nLVNtYXJ0LVVIRC1VTjY1TlU2NTkwRlhaQS1SZW5ld2VkL2RwL0IwN1I2UUg1UzIvUjJTRDRJRk1YRkNCTk4=;SEM;2021-10-14;2019-05-22;;R2SD4IFMXFCBNN;;Todo muy bien, pero enviaron dos patas derechas, o sea que falta la izquierda y no se puede colocar bien la pantalla.;Falta una de las dos patas;AMAZON;MX;2021-10-14 09:54;SAMSUNG;"Samsung Smart TV 65"" 4K UHD UN65NU6590FXZA (Renewed)";https://www.amazon.com.mx/Samsung-Smart-UHD-UN65NU6590FXZA-Renewed/dp/B07R6QH5S2/;CE;1.0 ;https://www.amazon.com.mx/
1359;aHR0cHM6Ly93d3cuYW1hem9uLmNvbS5teC9TYW1zdW5nLVNtYXJ0LVVIRC1VTjY1TlU2NTkwRlhaQS1SZW5ld2VkL2RwL0IwN1I2UUg1UzIvUjE4NDNMOUZPNkg5Nw==;SEM;2021-10-14;2019-05-22;;R1843L9FO6H97;;Muy buen producto, la definición de imagen y audio es de alta calidad ideal para películas y videojuegos.;Excelente calidad;AMAZON;MX;2021-10-14 09:54;SAMSUNG;"Samsung Smart TV 65"" 4K UHD UN65NU6590FXZA (Renewed)";https://www.amazon.com.mx/Samsung-Smart-UHD-UN65NU6590FXZA-Renewed/dp/B07R6QH5S2/;CE;5.0 ;https://www.amazon.com.mx/
1360;aHR0cHM6Ly93d3cuYW1hem9uLmNvbS5teC9TYW1zdW5nLVNtYXJ0LVVIRC1VTjY1TlU2NTkwRlhaQS1SZW5ld2VkL2RwL0IwN1I2UUg1UzIvUjI5NVdWNDYxNzVRQjc=;SEM;2021-10-14;2019-04-30;;R295WV46175QB7;;Excelente !;Excelentes;AMAZON;MX;2021-10-14 09:54;SAMSUNG;"Samsung Smart TV 65"" 4K UHD UN65NU6590FXZA (Renewed)";https://www.amazon.com.mx/Samsung-Smart-UHD-UN65NU6590FXZA-Renewed/dp/B07R6QH5S2/;CE;5.0 ;https://www.amazon.com.mx/
1361;aHR0cHM6Ly93d3cuYW1hem9uLmNvbS5teC9IaXNlbnNlLTU4SDY1MDBFLVNtYXJ0LVVsdHJhLVdpLUZpL2RwL0IwN1E5NkhDTkQvUjI3UFZaN1pBWFNZSUY=;SEM;2021-10-14;2020-12-21;;R27PVZ7ZAXSYIF;;Hisense si va a montar android en sus televisores debe mejorar mucho su rendimiento.;Hisense;AMAZON;MX;2021-10-14 09:55;HISENSE;"Hisense Pantalla 58"" Smart TV UHD 4K 58H6500E";https://www.amazon.com.mx/Hisense-58H6500E-Smart-Ultra-Wi-Fi/dp/B07Q96HCND/;CE;3.0 ;https://www.amazon.com.mx/
1362;aHR0cHM6Ly93d3cuYW1hem9uLmNvbS5teC9IaXNlbnNlLTU4SDY1MDBFLVNtYXJ0LVVsdHJhLVdpLUZpL2RwL0IwN1E5NkhDTkQvUlFYTk5SMEFSTk5FRQ==;SEM;2021-10-14;2020-11-18;;RQXNNR0ARNNEE;;La pantalla llego toda estrellada no funciona;MAL PRODUCTO;AMAZON;MX;2021-10-14 09:55;HISENSE;"Hisense Pantalla 58"" Smart TV UHD 4K 58H6500E";https://www.amazon.com.mx/Hisense-58H6500E-Smart-Ultra-Wi-Fi/dp/B07Q96HCND/;CE;1.0 ;https://www.amazon.com.mx/
1363;aHR0cHM6Ly93d3cuYW1hem9uLmNvbS5teC9IaXNlbnNlLTU4SDY1MDBFLVNtYXJ0LVVsdHJhLVdpLUZpL2RwL0IwN1E5NkhDTkQvUjMyV01KOU9GVjdaMzE=;SEM;2021-10-14;2020-02-05;;R32WMJ9OFV7Z31;;el control no es amigable con el.usurario;buena calidad de imahen;AMAZON;MX;2021-10-14 09:56;HISENSE;"Hisense Pantalla 58"" Smart TV UHD 4K 58H6500E";https://www.amazon.com.mx/Hisense-58H6500E-Smart-Ultra-Wi-Fi/dp/B07Q96HCND/;CE;5.0 ;https://www.amazon.com.mx/
1364;aHR0cHM6Ly93d3cuYW1hem9uLmNvbS5teC9IaXNlbnNlLTU4SDY1MDBFLVNtYXJ0LVVsdHJhLVdpLUZpL2RwL0IwN1E5NkhDTkQvUjJQV01ONTVFMTE2NkM=;SEM;2021-10-14;2020-01-30;;R2PWMN55E1166C;;BUENA RELACION CALIDAD/PRECIO, SISTEMA ANDROID Y DOLBY VISION, ESO EN POCAS OANTALLAS Y SE VE MUY BIEN, LO RECOMIENDO;BUENA PANTALLA.;AMAZON;MX;2021-10-14 09:56;HISENSE;"Hisense Pantalla 58"" Smart TV UHD 4K 58H6500E";https://www.amazon.com.mx/Hisense-58H6500E-Smart-Ultra-Wi-Fi/dp/B07Q96HCND/;CE;5.0 ;https://www.amazon.com.mx/
1365;aHR0cHM6Ly93d3cuYW1hem9uLmNvbS5teC9IaXNlbnNlLTU4SDY1MDBFLVNtYXJ0LVVsdHJhLVdpLUZpL2RwL0IwN1E5NkhDTkQvUllZTlJPMTNQOUk2TA==;SEM;2021-10-14;2020-01-13;;RYYNRO13P9I6L;;FALTA MAS VOLUMEN;SALUDOS;AMAZON;MX;2021-10-14 09:56;HISENSE;"Hisense Pantalla 58"" Smart TV UHD 4K 58H6500E";https://www.amazon.com.mx/Hisense-58H6500E-Smart-Ultra-Wi-Fi/dp/B07Q96HCND/;CE;3.0 ;https://www.amazon.com.mx/
1366;aHR0cHM6Ly93d3cuYW1hem9uLmNvbS5teC9IaXNlbnNlLTU4SDY1MDBFLVNtYXJ0LVVsdHJhLVdpLUZpL2RwL0IwN1E5NkhDTkQvUjI5QTdHWTdUM0hSSEk=;SEM;2021-10-14;2020-01-11;;R29A7GY7T3HRHI;;Muy buen producto, entrega rápida y en perfectas condiciones;Buena conpra;AMAZON;MX;2021-10-14 09:56;HISENSE;"Hisense Pantalla 58"" Smart TV UHD 4K 58H6500E";https://www.amazon.com.mx/Hisense-58H6500E-Smart-Ultra-Wi-Fi/dp/B07Q96HCND/;CE;5.0 ;https://www.amazon.com.mx/
1367;aHR0cHM6Ly93d3cuYW1hem9uLmNvbS5teC9IaXNlbnNlLTU4SDY1MDBFLVNtYXJ0LVVsdHJhLVdpLUZpL2RwL0IwN1E5NkhDTkQvUjFORlAxV0tWNDBYWjk=;SEM;2021-10-14;2019-12-29;;R1NFP1WKV40XZ9;;Excelente producto la verdad estoy muy contento con mi compra la cálidas es muy buena el 4k excelente.;Muy bueno;AMAZON;MX;2021-10-14 09:56;HISENSE;"Hisense Pantalla 58"" Smart TV UHD 4K 58H6500E";https://www.amazon.com.mx/Hisense-58H6500E-Smart-Ultra-Wi-Fi/dp/B07Q96HCND/;CE;5.0 ;https://www.amazon.com.mx/
1368;aHR0cHM6Ly93d3cuYW1hem9uLmNvbS5teC9IaXNlbnNlLTU4SDY1MDBFLVNtYXJ0LVVsdHJhLVdpLUZpL2RwL0IwN1E5NkhDTkQvUjFCMzRZTTc5MEkyVkI=;SEM;2021-10-14;2019-12-22;;R1B34YM790I2VB;;La tele se ve muy bien, esta increíble;Todo excelente;AMAZON;MX;2021-10-14 09:56;HISENSE;"Hisense Pantalla 58"" Smart TV UHD 4K 58H6500E";https://www.amazon.com.mx/Hisense-58H6500E-Smart-Ultra-Wi-Fi/dp/B07Q96HCND/;CE;5.0 ;https://www.amazon.com.mx/
1369;aHR0cHM6Ly93d3cuYW1hem9uLmNvbS5teC9IaXNlbnNlLTU4SDY1MDBFLVNtYXJ0LVVsdHJhLVdpLUZpL2RwL0IwN1E5NkhDTkQvUlBGWEJOVUhSVkY3RQ==;SEM;2021-10-14;2019-12-12;;RPFXBNUHRVF7E;;Muy buen precio y muy buen producto. Me encantó;Excelente precio;AMAZON;MX;2021-10-14 09:56;HISENSE;"Hisense Pantalla 58"" Smart TV UHD 4K 58H6500E";https://www.amazon.com.mx/Hisense-58H6500E-Smart-Ultra-Wi-Fi/dp/B07Q96HCND/;CE;5.0 ;https://www.amazon.com.mx/
1370;aHR0cHM6Ly93d3cuYW1hem9uLmNvbS5teC9IaXNlbnNlLTU4SDY1MDBFLVNtYXJ0LVVsdHJhLVdpLUZpL2RwL0IwN1E5NkhDTkQvUjNNWk8wOEE4OFAyVTU=;SEM;2021-10-14;2019-12-11;;R3MZO08A88P2U5;;El producto llegó dañado. Ya procedí con la devolución;Pantalla dañada;AMAZON;MX;2021-10-14 09:57;HISENSE;"Hisense Pantalla 58"" Smart TV UHD 4K 58H6500E";https://www.amazon.com.mx/Hisense-58H6500E-Smart-Ultra-Wi-Fi/dp/B07Q96HCND/;CE;1.0 ;https://www.amazon.com.mx/
1371;aHR0cHM6Ly93d3cuYW1hem9uLmNvbS5teC9IaXNlbnNlLTU4SDY1MDBFLVNtYXJ0LVVsdHJhLVdpLUZpL2RwL0IwN1E5NkhDTkQvUjEyS0hJQTFLRUNFU1o=;SEM;2021-10-14;2019-12-10;;R12KHIA1KECESZ;;Excelente TV, colores hermosos, y genial para jugar ps4 pro, lo malo es el control, esta muy muy arcaico, excelente, sobre todo por el precio en oferta;Buena televisión, en oferta sin dudarlo comprala;AMAZON;MX;2021-10-14 09:57;HISENSE;"Hisense Pantalla 58"" Smart TV UHD 4K 58H6500E";https://www.amazon.com.mx/Hisense-58H6500E-Smart-Ultra-Wi-Fi/dp/B07Q96HCND/;CE;5.0 ;https://www.amazon.com.mx/
1372;aHR0cHM6Ly93d3cuYW1hem9uLmNvbS5teC9IaXNlbnNlLTU4SDY1MDBFLVNtYXJ0LVVsdHJhLVdpLUZpL2RwL0IwN1E5NkhDTkQvUjE5VjJaMlRKRU43NzQ=;SEM;2021-10-14;2019-12-10;;R19V2Z2TJEN774;;Excelente pantalla;Excelente pantalla;AMAZON;MX;2021-10-14 09:57;HISENSE;"Hisense Pantalla 58"" Smart TV UHD 4K 58H6500E";https://www.amazon.com.mx/Hisense-58H6500E-Smart-Ultra-Wi-Fi/dp/B07Q96HCND/;CE;5.0 ;https://www.amazon.com.mx/
1373;aHR0cHM6Ly93d3cuYW1hem9uLmNvbS5teC9IaXNlbnNlLTU4SDY1MDBFLVNtYXJ0LVVsdHJhLVdpLUZpL2RwL0IwN1E5NkhDTkQvUjEyUjdHMlFONVRMOTI=;SEM;2021-10-14;2019-12-07;;R12R7G2QN5TL92;;Llego quebrada ya hice la devolucion;TV quebrada;AMAZON;MX;2021-10-14 09:57;HISENSE;"Hisense Pantalla 58"" Smart TV UHD 4K 58H6500E";https://www.amazon.com.mx/Hisense-58H6500E-Smart-Ultra-Wi-Fi/dp/B07Q96HCND/;CE;1.0 ;https://www.amazon.com.mx/
1374;aHR0cHM6Ly93d3cuYW1hem9uLmNvbS5teC9IaXNlbnNlLTU4SDY1MDBFLVNtYXJ0LVVsdHJhLVdpLUZpL2RwL0IwN1E5NkhDTkQvUjJUODZDN0lIOEM2UTg=;SEM;2021-10-14;2019-12-03;;R2T86C7IH8C6Q8;;Está excelente para mí gusto no le pide nada a las caras ,cuando alcanza el 4k se ve excelente ya es la segunda vez que la compró;No temas vale la pena;AMAZON;MX;2021-10-14 09:57;HISENSE;"Hisense Pantalla 58"" Smart TV UHD 4K 58H6500E";https://www.amazon.com.mx/Hisense-58H6500E-Smart-Ultra-Wi-Fi/dp/B07Q96HCND/;CE;5.0 ;https://www.amazon.com.mx/
1375;aHR0cHM6Ly93d3cuYW1hem9uLmNvbS5teC9IaXNlbnNlLTU4SDY1MDBFLVNtYXJ0LVVsdHJhLVdpLUZpL2RwL0IwN1E5NkhDTkQvUktDVEpBS0g3VEs5SA==;SEM;2021-10-14;2019-11-30;;RKCTJAKH7TK9H;;Producto llegó dañado. Procederé con la devolución;Porducto dañado;AMAZON;MX;2021-10-14 09:58;HISENSE;"Hisense Pantalla 58"" Smart TV UHD 4K 58H6500E";https://www.amazon.com.mx/Hisense-58H6500E-Smart-Ultra-Wi-Fi/dp/B07Q96HCND/;CE;1.0 ;https://www.amazon.com.mx/
1376;aHR0cHM6Ly93d3cuYW1hem9uLmNvbS5teC9IaXNlbnNlLTU4SDY1MDBFLVNtYXJ0LVVsdHJhLVdpLUZpL2RwL0IwN1E5NkhDTkQvUllCSURCN1JIQU5BRg==;SEM;2021-10-14;2019-11-27;;RYBIDB7RHANAF;;Los materiales del producto se sienten más económicos pero en general está bien por el precio;El sistema operativo le falta diseño;AMAZON;MX;2021-10-14 09:58;HISENSE;"Hisense Pantalla 58"" Smart TV UHD 4K 58H6500E";https://www.amazon.com.mx/Hisense-58H6500E-Smart-Ultra-Wi-Fi/dp/B07Q96HCND/;CE;4.0 ;https://www.amazon.com.mx/
1377;aHR0cHM6Ly93d3cuYW1hem9uLmNvbS5teC9IaXNlbnNlLTU4SDY1MDBFLVNtYXJ0LVVsdHJhLVdpLUZpL2RwL0IwN1E5NkhDTkQvUjNOTEpSMFU0NVVJU1I=;SEM;2021-10-14;2019-11-13;;R3NLJR0U45UISR;;Increíble imagen y fluidez en sistema, lo recomiendo ampliamente.;Estupendo;AMAZON;MX;2021-10-14 09:58;HISENSE;"Hisense Pantalla 58"" Smart TV UHD 4K 58H6500E";https://www.amazon.com.mx/Hisense-58H6500E-Smart-Ultra-Wi-Fi/dp/B07Q96HCND/;CE;5.0 ;https://www.amazon.com.mx/
1378;aHR0cHM6Ly93d3cuYW1hem9uLmNvbS5teC9IaXNlbnNlLTU4SDY1MDBFLVNtYXJ0LVVsdHJhLVdpLUZpL2RwL0IwN1E5NkhDTkQvUlo4RzE0UlJZSVNPWg==;SEM;2021-10-14;2019-10-20;;RZ8G14RRYISOZ;;Excelente producto, se obtiene mucho pagando menos que con otras marcas, lo recomiendo ampliamente;Excelente relación costo beneficio;AMAZON;MX;2021-10-14 09:58;HISENSE;"Hisense Pantalla 58"" Smart TV UHD 4K 58H6500E";https://www.amazon.com.mx/Hisense-58H6500E-Smart-Ultra-Wi-Fi/dp/B07Q96HCND/;CE;5.0 ;https://www.amazon.com.mx/
1379;aHR0cHM6Ly93d3cuYW1hem9uLmNvbS5teC9IaXNlbnNlLTU4SDY1MDBFLVNtYXJ0LVVsdHJhLVdpLUZpL2RwL0IwN1E5NkhDTkQvUjJHQ1Y5QzJKQU9JWVk=;SEM;2021-10-14;2019-08-18;;R2GCV9C2JAOIYY;;Lo compre pensando que era una buena oportunidad pues pensaba que era OLED (y aunque busque información, no pude hallar casi nada) y que el precio estaba bastante bien. Primera decepción es ULED no OLED (lo que eso signifique), segunda decepción la calidad de los negros es muy mala comparándola con otra Samsung que compre también en Amazon en 2016 y que se supone es tecnología anterior. Tercera a la semana de haberla comprado, me llegaron ofertas de SAMS y Elektra con el mismo modelo y más de 2,000.00 pesos menos y finalmente en control esta tan malo, que lo mejor de todo fue el control adicional compatible que compre en Amazon. Al final me voy a tener que quedar con ella, por dos razones, la primera es que aunque tengo, todo el empaque completo, hasta las ligas que traen, la televisión esta perfecta, no tengo confianza en que me vayan a bonificar el 100% de lo que pague y además hay que pagar mas dinero por el envió, y en segunda, porque ya compre un control remoto y no tengo tiempo libre para hacer todo el tramite de reembolso, mas corajes, mas perdida de dinero. En conclusión, aunque la primera vez que compre TV en Amazon, me fue excelente, con esta segunda experiencia, les recomiendo que revisen muy bien las especificaciones del producto, no se confíen en las descripciones de productos de Amazon y finalmente se la piensen mas si la marca es Hisense.;NO es OLED y esta más barata en otras tiendas en linea como SAMS o Elektra;AMAZON;MX;2021-10-14 09:58;HISENSE;"Hisense Pantalla 58"" Smart TV UHD 4K 58H6500E";https://www.amazon.com.mx/Hisense-58H6500E-Smart-Ultra-Wi-Fi/dp/B07Q96HCND/;CE;2.0 ;https://www.amazon.com.mx/
1380;aHR0cHM6Ly93d3cuYW1hem9uLmNvbS5teC9IaXNlbnNlLTU4SDY1MDBFLVNtYXJ0LVVsdHJhLVdpLUZpL2RwL0IwN1E5NkhDTkQvUjJWMDBPMVZCWjRTUTg=;SEM;2021-10-14;2019-08-16;;R2V00O1VBZ4SQ8;;Llegó a tiempo, bien empacada y en buen estado, hasta ahora me ha funcionado excelente, y la calidad de la imagen es tambien muy buena, me gusta que el control tiene botones exclusivos para netflix y youtube;Muy buen producto;AMAZON;MX;2021-10-14 09:58;HISENSE;"Hisense Pantalla 58"" Smart TV UHD 4K 58H6500E";https://www.amazon.com.mx/Hisense-58H6500E-Smart-Ultra-Wi-Fi/dp/B07Q96HCND/;CE;5.0 ;https://www.amazon.com.mx/
1381;aHR0cHM6Ly93d3cuYW1hem9uLmNvbS5teC9IaXNlbnNlLTU4SDY1MDBFLVNtYXJ0LVVsdHJhLVdpLUZpL2RwL0IwN1E5NkhDTkQvUks0TlpWUEo4WlBHQw==;SEM;2021-10-14;2019-06-18;;RK4NZVPJ8ZPGC;;La calidad de imagen me sorprendio, no esperabe tener esa nitidez tanto en Digital(Netflix, Disco duro) , aun el sistema de cable se vio mejor. Lo que no me gusta, En la pantalla anterior tenia un boton para el sistema de cable, lo relacionaba con el puerto hdmi y listo. Esta pantalla no tiene esa opcion. El control remoto es muy pequeño. Pero en general excelnete producto en relacion calidad-precio;Me sorprendio su calidad de imagen;AMAZON;MX;2021-10-14 09:59;HISENSE;"Hisense Pantalla 58"" Smart TV UHD 4K 58H6500E";https://www.amazon.com.mx/Hisense-58H6500E-Smart-Ultra-Wi-Fi/dp/B07Q96HCND/;CE;4.0 ;https://www.amazon.com.mx/
1382;aHR0cHM6Ly93d3cuYW1hem9uLmNvbS5teC9IaXNlbnNlLTU4UjZFLVNlcmllLVNlYXJjaC1SZW5ld2VkL2RwL0IwOENCTUNNMkYvUjFURlRZNkNDTTlVT0Y=;SEM;2021-10-14;2021-08-09;;R1TFTY6CCM9UOF;;Muy a gusto con la compra exelente calidad de imagen y sin ningún detalle por ningún lado,;Exelente calidad s;AMAZON;MX;2021-10-14 09:59;HISENSE;"Hisense 58R6E Serie R6 58"" 4K UHD Smart TV Roku TV HDR10 Roku Search (2019) (58"") (Renewed)";https://www.amazon.com.mx/Hisense-58R6E-Serie-Search-Renewed/dp/B08CBMCM2F/;CE;5.0 ;https://www.amazon.com.mx/
1383;aHR0cHM6Ly93d3cuYW1hem9uLmNvbS5teC9IaXNlbnNlLTU4UjZFLVNlcmllLVNlYXJjaC1SZW5ld2VkL2RwL0IwOENCTUNNMkYvUkxOTFdCSkVPRjE3Mw==;SEM;2021-10-14;2021-07-24;;RLNLWBJEOF173;;Muy buena la pantalla llego bien sin golpes;Que salió muy buena la pantalla y se ve muy bien;AMAZON;MX;2021-10-14 09:59;HISENSE;"Hisense 58R6E Serie R6 58"" 4K UHD Smart TV Roku TV HDR10 Roku Search (2019) (58"") (Renewed)";https://www.amazon.com.mx/Hisense-58R6E-Serie-Search-Renewed/dp/B08CBMCM2F/;CE;5.0 ;https://www.amazon.com.mx/
1384;aHR0cHM6Ly93d3cuYW1hem9uLmNvbS5teC9IaXNlbnNlLTU4UjZFLVNlcmllLVNlYXJjaC1SZW5ld2VkL2RwL0IwOENCTUNNMkYvUjZBVU0wNkNKSlRPSA==;SEM;2021-10-14;2021-07-13;;R6AUM06CJJTOH;;En términos generales esta bien precio calidad pero si esperaba una mejor calidad de imagen ya que los otros Smart que e comprado de esta marca me salieron muy buenos;No me convence del toda la calidad de imagen;AMAZON;MX;2021-10-14 09:59;HISENSE;"Hisense 58R6E Serie R6 58"" 4K UHD Smart TV Roku TV HDR10 Roku Search (2019) (58"") (Renewed)";https://www.amazon.com.mx/Hisense-58R6E-Serie-Search-Renewed/dp/B08CBMCM2F/;CE;4.0 ;https://www.amazon.com.mx/
1385;aHR0cHM6Ly93d3cuYW1hem9uLmNvbS5teC9IaXNlbnNlLTU4UjZFLVNlcmllLVNlYXJjaC1SZW5ld2VkL2RwL0IwOENCTUNNMkYvUlZTNkNUTTdJT0JMTQ==;SEM;2021-10-14;2021-07-08;;RVS6CTM7IOBLM;;Llegó en buen estado y tiene muy buena calidad de imagen, se ve muy bien. Sin problemas para ingresar todas las plataformas de video, es muy rápida. Y me encantó el precio;Buena compra;AMAZON;MX;2021-10-14 09:59;HISENSE;"Hisense 58R6E Serie R6 58"" 4K UHD Smart TV Roku TV HDR10 Roku Search (2019) (58"") (Renewed)";https://www.amazon.com.mx/Hisense-58R6E-Serie-Search-Renewed/dp/B08CBMCM2F/;CE;5.0 ;https://www.amazon.com.mx/
1386;aHR0cHM6Ly93d3cuYW1hem9uLmNvbS5teC9IaXNlbnNlLTU4UjZFLVNlcmllLVNlYXJjaC1SZW5ld2VkL2RwL0IwOENCTUNNMkYvUjJQS1BYTzEwSVJYUg==;SEM;2021-10-14;2021-06-28;;R2PKPXO10IRXR;;Excelente compra, le falta al control remoto. Pero relación calidad/precio lo mejor de la plataforma en televisiones.;200% recomendable.;AMAZON;MX;2021-10-14 09:59;HISENSE;"Hisense 58R6E Serie R6 58"" 4K UHD Smart TV Roku TV HDR10 Roku Search (2019) (58"") (Renewed)";https://www.amazon.com.mx/Hisense-58R6E-Serie-Search-Renewed/dp/B08CBMCM2F/;CE;5.0 ;https://www.amazon.com.mx/
1387;aHR0cHM6Ly93d3cuYW1hem9uLmNvbS5teC9IaXNlbnNlLTU4UjZFLVNlcmllLVNlYXJjaC1SZW5ld2VkL2RwL0IwOENCTUNNMkYvUjJORlBJVlZINUk0TzQ=;SEM;2021-10-14;2021-06-26;;R2NFPIVVH5I4O4;;Es de las mejores compras que he hecho, llegó en perfectas condiciones y puntual. La resolución es increíble, la calidad del audio y el tamaño es bastante descente. Muy contento con la marca y el vendedor;De las mejores compras que he hecho;AMAZON;MX;2021-10-14 09:59;HISENSE;"Hisense 58R6E Serie R6 58"" 4K UHD Smart TV Roku TV HDR10 Roku Search (2019) (58"") (Renewed)";https://www.amazon.com.mx/Hisense-58R6E-Serie-Search-Renewed/dp/B08CBMCM2F/;CE;5.0 ;https://www.amazon.com.mx/
1388;aHR0cHM6Ly93d3cuYW1hem9uLmNvbS5teC9IaXNlbnNlLTU4UjZFLVNlcmllLVNlYXJjaC1SZW5ld2VkL2RwL0IwOENCTUNNMkYvUjEwNURWRlQwR0szRUc=;SEM;2021-10-14;2021-06-22;;R105DVFT0GK3EG;;🙂;🙂;AMAZON;MX;2021-10-14 09:59;HISENSE;"Hisense 58R6E Serie R6 58"" 4K UHD Smart TV Roku TV HDR10 Roku Search (2019) (58"") (Renewed)";https://www.amazon.com.mx/Hisense-58R6E-Serie-Search-Renewed/dp/B08CBMCM2F/;CE;5.0 ;https://www.amazon.com.mx/
1389;aHR0cHM6Ly93d3cuYW1hem9uLmNvbS5teC9IaXNlbnNlLTU4UjZFLVNlcmllLVNlYXJjaC1SZW5ld2VkL2RwL0IwOENCTUNNMkYvUjExWjEyQVBWOFVLNDk=;SEM;2021-10-14;2021-05-28;;R11Z12APV8UK49;;Aun tengo poco con ella como para emitir una crítica amplia, pero hasta ahora estoy complacido con la mercancía, el control super práctico y la pantalla está muy bien la definición;Buen servicio;AMAZON;MX;2021-10-14 09:59;HISENSE;"Hisense 58R6E Serie R6 58"" 4K UHD Smart TV Roku TV HDR10 Roku Search (2019) (58"") (Renewed)";https://www.amazon.com.mx/Hisense-58R6E-Serie-Search-Renewed/dp/B08CBMCM2F/;CE;5.0 ;https://www.amazon.com.mx/
1390;aHR0cHM6Ly93d3cuYW1hem9uLmNvbS5teC9IaXNlbnNlLTU4UjZFLVNlcmllLVNlYXJjaC1SZW5ld2VkL2RwL0IwOENCTUNNMkYvUjM0R0RWS0ExR0JZOFU=;SEM;2021-10-14;2021-05-27;;R34GDVKA1GBY8U;;Llegó en perfectas condiciones.;Estado;AMAZON;MX;2021-10-14 09:59;HISENSE;"Hisense 58R6E Serie R6 58"" 4K UHD Smart TV Roku TV HDR10 Roku Search (2019) (58"") (Renewed)";https://www.amazon.com.mx/Hisense-58R6E-Serie-Search-Renewed/dp/B08CBMCM2F/;CE;5.0 ;https://www.amazon.com.mx/
1391;aHR0cHM6Ly93d3cuYW1hem9uLmNvbS5teC9IaXNlbnNlLTU4UjZFLVNlcmllLVNlYXJjaC1SZW5ld2VkL2RwL0IwOENCTUNNMkYvUjNHVUkyR1ZTVEFXWTA=;SEM;2021-10-14;2021-05-27;;R3GUI2GVSTAWY0;;Llego al día siguiente, super precio.;Me encanto super precio;AMAZON;MX;2021-10-14 09:59;HISENSE;"Hisense 58R6E Serie R6 58"" 4K UHD Smart TV Roku TV HDR10 Roku Search (2019) (58"") (Renewed)";https://www.amazon.com.mx/Hisense-58R6E-Serie-Search-Renewed/dp/B08CBMCM2F/;CE;5.0 ;https://www.amazon.com.mx/
1392;aHR0cHM6Ly93d3cuYW1hem9uLmNvbS5teC9IaXNlbnNlLTU4UjZFLVNlcmllLVNlYXJjaC1SZW5ld2VkL2RwL0IwOENCTUNNMkYvUjIyM1gzNElEOElURA==;SEM;2021-10-14;2021-05-19;;R223X34ID8ITD;;Llego rota;Leego tarde y rota;AMAZON;MX;2021-10-14 10:00;HISENSE;"Hisense 58R6E Serie R6 58"" 4K UHD Smart TV Roku TV HDR10 Roku Search (2019) (58"") (Renewed)";https://www.amazon.com.mx/Hisense-58R6E-Serie-Search-Renewed/dp/B08CBMCM2F/;CE;1.0 ;https://www.amazon.com.mx/
1393;aHR0cHM6Ly93d3cuYW1hem9uLmNvbS5teC9IaXNlbnNlLTU4UjZFLVNlcmllLVNlYXJjaC1SZW5ld2VkL2RwL0IwOENCTUNNMkYvUjFRQllTOEJLTTdPNVo=;SEM;2021-10-14;2021-05-10;;R1QBYS8BKM7O5Z;;Las bocinas no suenan suficientemente fuerte, se saturan si subes el volumen después del 20 Y el control no contiene números, así que no puedes elegir el canal más que de la lista;Bocinas deficientes;AMAZON;MX;2021-10-14 10:00;HISENSE;"Hisense 58R6E Serie R6 58"" 4K UHD Smart TV Roku TV HDR10 Roku Search (2019) (58"") (Renewed)";https://www.amazon.com.mx/Hisense-58R6E-Serie-Search-Renewed/dp/B08CBMCM2F/;CE;4.0 ;https://www.amazon.com.mx/
1394;aHR0cHM6Ly93d3cuYW1hem9uLmNvbS5teC9IaXNlbnNlLTU4UjZFLVNlcmllLVNlYXJjaC1SZW5ld2VkL2RwL0IwOENCTUNNMkYvUlNDR1VLTUNSUjU2Sg==;SEM;2021-10-14;2021-05-09;;RSCGUKMCRR56J;;La tv llego en excelente condición como nueva;Tv de calidad a buen precio;AMAZON;MX;2021-10-14 10:00;HISENSE;"Hisense 58R6E Serie R6 58"" 4K UHD Smart TV Roku TV HDR10 Roku Search (2019) (58"") (Renewed)";https://www.amazon.com.mx/Hisense-58R6E-Serie-Search-Renewed/dp/B08CBMCM2F/;CE;5.0 ;https://www.amazon.com.mx/
1395;aHR0cHM6Ly93d3cuYW1hem9uLmNvbS5teC9IaXNlbnNlLTU4UjZFLVNlcmllLVNlYXJjaC1SZW5ld2VkL2RwL0IwOENCTUNNMkYvUjFLNUVBV0JFN1hSWTc=;SEM;2021-10-14;2021-05-06;;R1K5EAWBE7XRY7;;Supero mis expectativas, es muy buen producto.;Muy buen producto;AMAZON;MX;2021-10-14 10:00;HISENSE;"Hisense 58R6E Serie R6 58"" 4K UHD Smart TV Roku TV HDR10 Roku Search (2019) (58"") (Renewed)";https://www.amazon.com.mx/Hisense-58R6E-Serie-Search-Renewed/dp/B08CBMCM2F/;CE;5.0 ;https://www.amazon.com.mx/
1396;aHR0cHM6Ly93d3cuYW1hem9uLmNvbS5teC9IaXNlbnNlLTU4UjZFLVNlcmllLVNlYXJjaC1SZW5ld2VkL2RwL0IwOENCTUNNMkYvUjFLTk1FMFNKMFRUOE0=;SEM;2021-10-14;2021-04-29;;R1KNME0SJ0TT8M;;excelente calidad de imagen.;en excelente estado;AMAZON;MX;2021-10-14 10:00;HISENSE;"Hisense 58R6E Serie R6 58"" 4K UHD Smart TV Roku TV HDR10 Roku Search (2019) (58"") (Renewed)";https://www.amazon.com.mx/Hisense-58R6E-Serie-Search-Renewed/dp/B08CBMCM2F/;CE;5.0 ;https://www.amazon.com.mx/
1397;aHR0cHM6Ly93d3cuYW1hem9uLmNvbS5teC9IaXNlbnNlLTU4UjZFLVNlcmllLVNlYXJjaC1SZW5ld2VkL2RwL0IwOENCTUNNMkYvUjM0T1VGNVBaVVZLT0I=;SEM;2021-10-14;2021-04-23;;R34OUF5PZUVKOB;;Excelente calidad de imagen;relacion calidad precio;AMAZON;MX;2021-10-14 10:00;HISENSE;"Hisense 58R6E Serie R6 58"" 4K UHD Smart TV Roku TV HDR10 Roku Search (2019) (58"") (Renewed)";https://www.amazon.com.mx/Hisense-58R6E-Serie-Search-Renewed/dp/B08CBMCM2F/;CE;5.0 ;https://www.amazon.com.mx/
1398;aHR0cHM6Ly93d3cuYW1hem9uLmNvbS5teC9IaXNlbnNlLTU4UjZFLVNlcmllLVNlYXJjaC1SZW5ld2VkL2RwL0IwOENCTUNNMkYvUjJWSVdQNjQwSlBQUVo=;SEM;2021-10-14;2021-04-21;;R2VIWP640JPPQZ;;mi producto llego roto y completamente inservible hoce la devolucion y quiza vuelva a darle otra oprtunidad al producto y comprarla de nuevo modificare mi reseña si todo resulta bien;Pantalla llego rota;AMAZON;MX;2021-10-14 10:00;HISENSE;"Hisense 58R6E Serie R6 58"" 4K UHD Smart TV Roku TV HDR10 Roku Search (2019) (58"") (Renewed)";https://www.amazon.com.mx/Hisense-58R6E-Serie-Search-Renewed/dp/B08CBMCM2F/;CE;1.0 ;https://www.amazon.com.mx/
1399;aHR0cHM6Ly93d3cuYW1hem9uLmNvbS5teC9IaXNlbnNlLTU4UjZFLVNlcmllLVNlYXJjaC1SZW5ld2VkL2RwL0IwOENCTUNNMkYvUjNIODhRU1gxM00yQ0s=;SEM;2021-10-14;2021-04-19;;R3H88QSX13M2CK;;Me llego una tele rota, necesito que me solucionen esto a la brevedad, era un regalo y lo necesito mañana;Televisión rota;AMAZON;MX;2021-10-14 10:00;HISENSE;"Hisense 58R6E Serie R6 58"" 4K UHD Smart TV Roku TV HDR10 Roku Search (2019) (58"") (Renewed)";https://www.amazon.com.mx/Hisense-58R6E-Serie-Search-Renewed/dp/B08CBMCM2F/;CE;1.0 ;https://www.amazon.com.mx/
1400;aHR0cHM6Ly93d3cuYW1hem9uLmNvbS5teC9IaXNlbnNlLTU4UjZFLVNlcmllLVNlYXJjaC1SZW5ld2VkL2RwL0IwOENCTUNNMkYvUjJTSE9DRzBBQjg4SUY=;SEM;2021-10-14;2021-04-12;;R2SHOCG0AB88IF;;La televisión llegó en perfecto estado, y no tiene ningún detalle, llegó con su control y todo lo que debe de traer, el único punto negativo es que la paquetería con la que lo enviaron no la pudo llevar hasta el domicilio que es, porque solo tenían una moto para entrega lo cual se me hace ilógico.;Buen producto, pésima entrega;AMAZON;MX;2021-10-14 10:00;HISENSE;"Hisense 58R6E Serie R6 58"" 4K UHD Smart TV Roku TV HDR10 Roku Search (2019) (58"") (Renewed)";https://www.amazon.com.mx/Hisense-58R6E-Serie-Search-Renewed/dp/B08CBMCM2F/;CE;4.0 ;https://www.amazon.com.mx/
1401;aHR0cHM6Ly93d3cuYW1hem9uLmNvbS5teC9IaXNlbnNlLTU4UjZFLVNlcmllLVNlYXJjaC1SZW5ld2VkL2RwL0IwOENCTUNNMkYvUjFKWDBCVUMwNlJIWEc=;SEM;2021-10-14;2021-04-09;;R1JX0BUC06RHXG;;Me llegó antes y en perfecto estado. Muy intuitiva la programación.;Muy bien;AMAZON;MX;2021-10-14 10:00;HISENSE;"Hisense 58R6E Serie R6 58"" 4K UHD Smart TV Roku TV HDR10 Roku Search (2019) (58"") (Renewed)";https://www.amazon.com.mx/Hisense-58R6E-Serie-Search-Renewed/dp/B08CBMCM2F/;CE;4.0 ;https://www.amazon.com.mx/
1402;aHR0cHM6Ly93d3cuYW1hem9uLmNvbS5teC9IaXNlbnNlLTU4UjZFLVNlcmllLVNlYXJjaC1SZW5ld2VkL2RwL0IwOENCTUNNMkYvUlE0N1UyUVBMSVkzVA==;SEM;2021-10-14;2021-04-05;;RQ47U2QPLIY3T;;Todo está perfecto para su precio, una maravilla por tan poco dinero. Ni un pixel muerto, ni una raya, el control nuevo. No le veo detalle alguno, es delgada y se ve excelente.;Calidad-Precio;AMAZON;MX;2021-10-14 10:01;HISENSE;"Hisense 58R6E Serie R6 58"" 4K UHD Smart TV Roku TV HDR10 Roku Search (2019) (58"") (Renewed)";https://www.amazon.com.mx/Hisense-58R6E-Serie-Search-Renewed/dp/B08CBMCM2F/;CE;5.0 ;https://www.amazon.com.mx/
1403;aHR0cHM6Ly93d3cuYW1hem9uLmNvbS5teC9IaXNlbnNlLTU4UjZFLVNlcmllLVNlYXJjaC1SZW5ld2VkL2RwL0IwOENCTUNNMkYvUjI1RjdRRjFBVjAwTVk=;SEM;2021-10-14;2021-04-04;;R25F7QF1AV00MY;;Todo muy bien;Excelente;AMAZON;MX;2021-10-14 10:01;HISENSE;"Hisense 58R6E Serie R6 58"" 4K UHD Smart TV Roku TV HDR10 Roku Search (2019) (58"") (Renewed)";https://www.amazon.com.mx/Hisense-58R6E-Serie-Search-Renewed/dp/B08CBMCM2F/;CE;5.0 ;https://www.amazon.com.mx/
1404;aHR0cHM6Ly93d3cuYW1hem9uLmNvbS5teC9IaXNlbnNlLTU4UjZFLVNlcmllLVNlYXJjaC1SZW5ld2VkL2RwL0IwOENCTUNNMkYvUkRWUTdPSlg0SURFMg==;SEM;2021-10-14;2021-04-01;;RDVQ7OJX4IDE2;;Excelente precio , excelente calidad, sin duda alguna una excelente compra. Además aplique meses sin intereses gracias a qué BBVA tiene convenio con Amazon :);Excelente precio y excelente pantalla;AMAZON;MX;2021-10-14 10:01;HISENSE;"Hisense 58R6E Serie R6 58"" 4K UHD Smart TV Roku TV HDR10 Roku Search (2019) (58"") (Renewed)";https://www.amazon.com.mx/Hisense-58R6E-Serie-Search-Renewed/dp/B08CBMCM2F/;CE;5.0 ;https://www.amazon.com.mx/
1405;aHR0cHM6Ly93d3cuYW1hem9uLmNvbS5teC9IaXNlbnNlLTU4UjZFLVNlcmllLVNlYXJjaC1SZW5ld2VkL2RwL0IwOENCTUNNMkYvUllQUVJJMVpaTjhTWA==;SEM;2021-10-14;2021-03-28;;RYPQRI1ZZN8SX;;Excelente producto, y excelente relación calidad- precio. La imagen y el sonido sorprendentes, el control Roku muy bueno, y además muy liviana y fácil de montar.;Sorprendente calidad.;AMAZON;MX;2021-10-14 10:01;HISENSE;"Hisense 58R6E Serie R6 58"" 4K UHD Smart TV Roku TV HDR10 Roku Search (2019) (58"") (Renewed)";https://www.amazon.com.mx/Hisense-58R6E-Serie-Search-Renewed/dp/B08CBMCM2F/;CE;5.0 ;https://www.amazon.com.mx/
1406;aHR0cHM6Ly93d3cuYW1hem9uLmNvbS5teC9IaXNlbnNlLTU4UjZFLVNlcmllLVNlYXJjaC1SZW5ld2VkL2RwL0IwOENCTUNNMkYvUjFSSlVaRzdISkJSRU0=;SEM;2021-10-14;2021-03-27;;R1RJUZG7HJBREM;;Estaba a la expectativa sobre comprarlo o no... Me decidí por el precio, además la garantía de Amazon me animo mucho mas, 100% recomendable;Para los indecisos...;AMAZON;MX;2021-10-14 10:01;HISENSE;"Hisense 58R6E Serie R6 58"" 4K UHD Smart TV Roku TV HDR10 Roku Search (2019) (58"") (Renewed)";https://www.amazon.com.mx/Hisense-58R6E-Serie-Search-Renewed/dp/B08CBMCM2F/;CE;5.0 ;https://www.amazon.com.mx/
1407;aHR0cHM6Ly93d3cuYW1hem9uLmNvbS5teC9IaXNlbnNlLTU4UjZFLVNlcmllLVNlYXJjaC1SZW5ld2VkL2RwL0IwOENCTUNNMkYvUjJURFpNRjNMTFI2QTI=;SEM;2021-10-14;2021-03-23;;R2TDZMF3LLR6A2;;Muy buen producto excelente calidad de imagen y sonido, en realidad no quería invertir en una tele cara y nueva y me salió bastante bien la compra;Muy buena compra;AMAZON;MX;2021-10-14 10:01;HISENSE;"Hisense 58R6E Serie R6 58"" 4K UHD Smart TV Roku TV HDR10 Roku Search (2019) (58"") (Renewed)";https://www.amazon.com.mx/Hisense-58R6E-Serie-Search-Renewed/dp/B08CBMCM2F/;CE;5.0 ;https://www.amazon.com.mx/
1408;aHR0cHM6Ly93d3cuYW1hem9uLmNvbS5teC9IaXNlbnNlLTU4UjZFLVNlcmllLVNlYXJjaC1SZW5ld2VkL2RwL0IwOENCTUNNMkYvUjNHRUlSUUhPQzJZMkk=;SEM;2021-10-14;2021-03-23;;R3GEIRQHOC2Y2I;;"En general todo bien, solo unas observaciones: Al inicio no se quería conectar a mi WiFi, tuvo que hacer una actualización conectado a otro WiFi y después ya se conectó a mi WiFi. A veces se enciende y la pantalla no da imagen pero se pone azulada y solo hay presionar HOME en el control remoto para que aparezca el menú principal. No he encontrado la manera de conectarme al WiFi de Roku para comunicar al celular. Son cosas que para mí no tienen mucha importancia y estoy a gusto con la compra ;)";Contento con la compra;AMAZON;MX;2021-10-14 10:01;HISENSE;"Hisense 58R6E Serie R6 58"" 4K UHD Smart TV Roku TV HDR10 Roku Search (2019) (58"") (Renewed)";https://www.amazon.com.mx/Hisense-58R6E-Serie-Search-Renewed/dp/B08CBMCM2F/;CE;4.0 ;https://www.amazon.com.mx/
1409;aHR0cHM6Ly93d3cuYW1hem9uLmNvbS5teC9IaXNlbnNlLTU4UjZFLVNlcmllLVNlYXJjaC1SZW5ld2VkL2RwL0IwOENCTUNNMkYvUjFTNklDNDNHMzhDNTE=;SEM;2021-10-14;2021-03-13;;R1S6IC43G38C51;;La imagen super bien, comparacion calidad precio hasta el dia de hoy 5 de 5;Excelente compra;AMAZON;MX;2021-10-14 10:02;HISENSE;"Hisense 58R6E Serie R6 58"" 4K UHD Smart TV Roku TV HDR10 Roku Search (2019) (58"") (Renewed)";https://www.amazon.com.mx/Hisense-58R6E-Serie-Search-Renewed/dp/B08CBMCM2F/;CE;5.0 ;https://www.amazon.com.mx/
1410;aHR0cHM6Ly93d3cuYW1hem9uLmNvbS5teC9IaXNlbnNlLTU4UjZFLVNlcmllLVNlYXJjaC1SZW5ld2VkL2RwL0IwOENCTUNNMkYvUjFJRU84MFA1MlBUSDQ=;SEM;2021-10-14;2021-03-09;;R1IEO80P52PTH4;;No son totalmente nuevas las pantallas o son reparadas?;Son reparadas?;AMAZON;MX;2021-10-14 10:02;HISENSE;"Hisense 58R6E Serie R6 58"" 4K UHD Smart TV Roku TV HDR10 Roku Search (2019) (58"") (Renewed)";https://www.amazon.com.mx/Hisense-58R6E-Serie-Search-Renewed/dp/B08CBMCM2F/;CE;5.0 ;https://www.amazon.com.mx/
1411;aHR0cHM6Ly93d3cuYW1hem9uLmNvbS5teC9IaXNlbnNlLTU4UjZFLVNlcmllLVNlYXJjaC1SZW5ld2VkL2RwL0IwOENCTUNNMkYvUjdUOFNQUjVGT1JBMA==;SEM;2021-10-14;2021-03-04;;R7T8SPR5FORA0;;La tv funciona muy bien, el problema es que no trae base ni control remoto, y no hay con quien comunicarte para que te resuelvan. En las fotos viene control remoto, y te piden calificar control remoto, por lo que entiendo que en teoría sí debe de venir pero la mia no lo trae. Igual con la base, en fotos de review se ve que traen base. A fuerza tendremos que empotrarla a la pared sin opción a ponerla en algun mueble. No quiero devolverla pero sí me gustaria que me hicieran llegar las partes faltantes.;Sin control y sin base;AMAZON;MX;2021-10-14 10:02;HISENSE;"Hisense 58R6E Serie R6 58"" 4K UHD Smart TV Roku TV HDR10 Roku Search (2019) (58"") (Renewed)";https://www.amazon.com.mx/Hisense-58R6E-Serie-Search-Renewed/dp/B08CBMCM2F/;CE;4.0 ;https://www.amazon.com.mx/
1412;aHR0cHM6Ly93d3cuYW1hem9uLmNvbS5teC9IaXNlbnNlLTU4UjZFLVNlcmllLVNlYXJjaC1SZW5ld2VkL2RwL0IwOENCTUNNMkYvUjFQMFVXSzE2MzlXMDU=;SEM;2021-10-14;2021-03-03;;R1P0UWK1639W05;;Llegó rápido yen muy buen estado. Todo funciona OK y se conecto sin problemas a mi red WIFI y localizó todos los canales de mi plan de cable. El control remoto sirve perfectamente. Muy buena imagen y sonido.;Una gran compra.;AMAZON;MX;2021-10-14 10:02;HISENSE;"Hisense 58R6E Serie R6 58"" 4K UHD Smart TV Roku TV HDR10 Roku Search (2019) (58"") (Renewed)";https://www.amazon.com.mx/Hisense-58R6E-Serie-Search-Renewed/dp/B08CBMCM2F/;CE;5.0 ;https://www.amazon.com.mx/
1413;aHR0cHM6Ly93d3cuYW1hem9uLmNvbS5teC9IaXNlbnNlLTU4UjZFLVNlcmllLVNlYXJjaC1SZW5ld2VkL2RwL0IwOENCTUNNMkYvUjM3VjlVRkZETjhCUlM=;SEM;2021-10-14;2021-03-03;;R37V9UFFDN8BRS;;Your browser does not support HTML5 video. La verdad es muy económica para la calidad de producto, cuenta con control, sus patas y todo lo necesario para su uso. Tenía miedo de que llegara rota, pero llegó muy bien la caja un poco maltratada casi nada pero el producto venía intacto como si fuera nueva de fábrica, mi xbox series S al momento de jugar se ve increíble, tengo una tele Sony, otra Samsung y se ve incluso mejor al momento de jugar la verdad está TV es otra categoría. No puedo creer que por 7,999 pesos tenga una tv así de buena y se escucha muy fuerte en cuestión del sonido por si les hes muy importante el sonido, lo tengo como en 10 y se escucha muy bien en mi cuarto.;Perfecta;AMAZON;MX;2021-10-14 10:02;HISENSE;"Hisense 58R6E Serie R6 58"" 4K UHD Smart TV Roku TV HDR10 Roku Search (2019) (58"") (Renewed)";https://www.amazon.com.mx/Hisense-58R6E-Serie-Search-Renewed/dp/B08CBMCM2F/;CE;5.0 ;https://www.amazon.com.mx/
1414;aHR0cHM6Ly93d3cuYW1hem9uLmNvbS5teC9IaXNlbnNlLTU4UjZFLVNlcmllLVNlYXJjaC1SZW5ld2VkL2RwL0IwOENCTUNNMkYvUjE5UjY0T0dLNUZWUzQ=;SEM;2021-10-14;2021-03-01;;R19R64OGK5FVS4;;Excelente calidad de pantalla y dimensiones. Superó mis expectativas. Muy recomendable.;Pantalla Hisense 58”;AMAZON;MX;2021-10-14 10:02;HISENSE;"Hisense 58R6E Serie R6 58"" 4K UHD Smart TV Roku TV HDR10 Roku Search (2019) (58"") (Renewed)";https://www.amazon.com.mx/Hisense-58R6E-Serie-Search-Renewed/dp/B08CBMCM2F/;CE;5.0 ;https://www.amazon.com.mx/
1415;aHR0cHM6Ly93d3cuYW1hem9uLmNvbS5teC9IaXNlbnNlLTU4UjZFLVNlcmllLVNlYXJjaC1SZW5ld2VkL2RwL0IwOENCTUNNMkYvUjFZSkFEWDIyV1c4RVY=;SEM;2021-10-14;2021-02-19;;R1YJADX22WW8EV;;Todo llegó en perfectas condiciones, estoy muy feliz con mi compra, la pantalla se ve prácticamente nueva, sin ningún rasguño, todo funciona bien, sin duda me animaría a comprar otra nuevamente.;Como nueva;AMAZON;MX;2021-10-14 10:02;HISENSE;"Hisense 58R6E Serie R6 58"" 4K UHD Smart TV Roku TV HDR10 Roku Search (2019) (58"") (Renewed)";https://www.amazon.com.mx/Hisense-58R6E-Serie-Search-Renewed/dp/B08CBMCM2F/;CE;5.0 ;https://www.amazon.com.mx/
1416;aHR0cHM6Ly93d3cuYW1hem9uLmNvbS5teC9IaXNlbnNlLTU4UjZFLVNlcmllLVNlYXJjaC1SZW5ld2VkL2RwL0IwOENCTUNNMkYvUjEwTDNWMDROREJBUko=;SEM;2021-10-14;2021-02-12;;R10L3V04NDBARJ;;la tv esta muy bien , con una imagen muy buena, parece nueva, a un muy buen precio;muy buen precio;AMAZON;MX;2021-10-14 10:02;HISENSE;"Hisense 58R6E Serie R6 58"" 4K UHD Smart TV Roku TV HDR10 Roku Search (2019) (58"") (Renewed)";https://www.amazon.com.mx/Hisense-58R6E-Serie-Search-Renewed/dp/B08CBMCM2F/;CE;5.0 ;https://www.amazon.com.mx/
1417;aHR0cHM6Ly93d3cuYW1hem9uLmNvbS5teC9IaXNlbnNlLTU4UjZFLVNlcmllLVNlYXJjaC1SZW5ld2VkL2RwL0IwOENCTUNNMkYvUjNIUkFDWkZKVTExV0M=;SEM;2021-10-14;2021-02-09;;R3HRACZFJU11WC;;Lo que dicen así llego y sin ningún detalle asta ahorita .... buena compra. Buen color como nueva 👍;Buena compra , sin ningún detalle;AMAZON;MX;2021-10-14 10:02;HISENSE;"Hisense 58R6E Serie R6 58"" 4K UHD Smart TV Roku TV HDR10 Roku Search (2019) (58"") (Renewed)";https://www.amazon.com.mx/Hisense-58R6E-Serie-Search-Renewed/dp/B08CBMCM2F/;CE;5.0 ;https://www.amazon.com.mx/
1418;aHR0cHM6Ly93d3cuYW1hem9uLmNvbS5teC9IaXNlbnNlLTU4UjZFLVNlcmllLVNlYXJjaC1SZW5ld2VkL2RwL0IwOENCTUNNMkYvUjJSRTlFWEU2QVZDQ0o=;SEM;2021-10-14;2021-02-03;;R2RE9EXE6AVCCJ;;Muy bonita imagen y sonido. Me encantó!;Muy buena imagen y sonido!;AMAZON;MX;2021-10-14 10:02;HISENSE;"Hisense 58R6E Serie R6 58"" 4K UHD Smart TV Roku TV HDR10 Roku Search (2019) (58"") (Renewed)";https://www.amazon.com.mx/Hisense-58R6E-Serie-Search-Renewed/dp/B08CBMCM2F/;CE;5.0 ;https://www.amazon.com.mx/
1419;aHR0cHM6Ly93d3cuYW1hem9uLmNvbS5teC9IaXNlbnNlLTU4UjZFLVNlcmllLVNlYXJjaC1SZW5ld2VkL2RwL0IwOENCTUNNMkYvUksyVVk4OUo3QlZPNw==;SEM;2021-10-14;2020-11-21;;RK2UY89J7BVO7;;La tv funciona de maravilla, cumple con lo que promete, no hemos tenido ninguna falla, la recomendamos ampliamente;Buena calidad, servicio y entrega excelente;AMAZON;MX;2021-10-14 10:02;HISENSE;"Hisense 58R6E Serie R6 58"" 4K UHD Smart TV Roku TV HDR10 Roku Search (2019) (58"") (Renewed)";https://www.amazon.com.mx/Hisense-58R6E-Serie-Search-Renewed/dp/B08CBMCM2F/;CE;5.0 ;https://www.amazon.com.mx/
1420;aHR0cHM6Ly93d3cuYW1hem9uLmNvbS5teC9IaXNlbnNlLTU4UjZFLVNlcmllLVNlYXJjaC1SZW5ld2VkL2RwL0IwOENCTUNNMkYvUjNHTlZLUEZTN1RNM0M=;SEM;2021-10-14;2020-11-20;;R3GNVKPFS7TM3C;;Excelente imágenes, y buen sonido.;Muy buena definición.;AMAZON;MX;2021-10-14 10:02;HISENSE;"Hisense 58R6E Serie R6 58"" 4K UHD Smart TV Roku TV HDR10 Roku Search (2019) (58"") (Renewed)";https://www.amazon.com.mx/Hisense-58R6E-Serie-Search-Renewed/dp/B08CBMCM2F/;CE;5.0 ;https://www.amazon.com.mx/
1421;aHR0cHM6Ly93d3cuYW1hem9uLmNvbS5teC9IaXNlbnNlLTU4UjZFLVNlcmllLVNlYXJjaC1SZW5ld2VkL2RwL0IwOENCTUNNMkYvUjFXN01GOUMxSUg3U0Y=;SEM;2021-10-14;2020-11-11;;R1W7MF9C1IH7SF;;Excelente producto, excelente relación calidad precio. Encantado.;Recomendado;AMAZON;MX;2021-10-14 10:02;HISENSE;"Hisense 58R6E Serie R6 58"" 4K UHD Smart TV Roku TV HDR10 Roku Search (2019) (58"") (Renewed)";https://www.amazon.com.mx/Hisense-58R6E-Serie-Search-Renewed/dp/B08CBMCM2F/;CE;5.0 ;https://www.amazon.com.mx/
1422;aHR0cHM6Ly93d3cuYW1hem9uLmNvbS5teC9IaXNlbnNlLTU4UjZFLVNlcmllLVNlYXJjaC1SZW5ld2VkL2RwL0IwOENCTUNNMkYvUkMxMUZZQllITjJJVQ==;SEM;2021-10-14;2020-11-01;;RC11FYBYHN2IU;;Exelente relación Calidad precio recomendada;Muy buena;AMAZON;MX;2021-10-14 10:03;HISENSE;"Hisense 58R6E Serie R6 58"" 4K UHD Smart TV Roku TV HDR10 Roku Search (2019) (58"") (Renewed)";https://www.amazon.com.mx/Hisense-58R6E-Serie-Search-Renewed/dp/B08CBMCM2F/;CE;5.0 ;https://www.amazon.com.mx/
1423;aHR0cHM6Ly93d3cuYW1hem9uLmNvbS5teC9IaXNlbnNlLTU4UjZFLVNlcmllLVNlYXJjaC1SZW5ld2VkL2RwL0IwOENCTUNNMkYvUjNFUlNONUpSMUE5N1Y=;SEM;2021-10-14;2020-08-08;;R3ERSN5JR1A97V;;No funcionó el control remoto;Buena pero el control no funciona;AMAZON;MX;2021-10-14 10:03;HISENSE;"Hisense 58R6E Serie R6 58"" 4K UHD Smart TV Roku TV HDR10 Roku Search (2019) (58"") (Renewed)";https://www.amazon.com.mx/Hisense-58R6E-Serie-Search-Renewed/dp/B08CBMCM2F/;CE;4.0 ;https://www.amazon.com.mx/
1424;aHR0cHM6Ly93d3cuYW1hem9uLmNvbS5teC9IaXNlbnNlLTU4UjZFLVNlcmllLVNlYXJjaC1SZW5ld2VkL2RwL0IwOENCTUNNMkYvUlRWVzRRUVFRSlI3Mw==;SEM;2021-10-14;2020-08-07;;RTVW4QQQQJR73;;Muy barata para la buena calidad que tiene con respecto a TV's del mismo tamaño y de la misma gama, hasta el momento ha sido una de mis mejores compras en productos de TV;Demasiado bueno y muy excelente producto;AMAZON;MX;2021-10-14 10:03;HISENSE;"Hisense 58R6E Serie R6 58"" 4K UHD Smart TV Roku TV HDR10 Roku Search (2019) (58"") (Renewed)";https://www.amazon.com.mx/Hisense-58R6E-Serie-Search-Renewed/dp/B08CBMCM2F/;CE;5.0 ;https://www.amazon.com.mx/
1425;aHR0cHM6Ly93d3cuYW1hem9uLmNvbS5teC9IaXNlbnNlLTU4UjZFLVNlcmllLVNlYXJjaC1SZW5ld2VkL2RwL0IwOENCTUNNMkYvUjFDT1laVEtQRlhWQ0Q=;SEM;2021-10-14;2020-07-28;;R1COYZTKPFXVCD;;Hola. No puedo ingresarle la contraseña del internet de mi casa. No pasa. Y tiene una ralladura como de 3 pulgadas y el control no sirve, se queda pegado.;Tiene varias fallas;AMAZON;MX;2021-10-14 10:03;HISENSE;"Hisense 58R6E Serie R6 58"" 4K UHD Smart TV Roku TV HDR10 Roku Search (2019) (58"") (Renewed)";https://www.amazon.com.mx/Hisense-58R6E-Serie-Search-Renewed/dp/B08CBMCM2F/;CE;3.0 ;https://www.amazon.com.mx/
1426;aHR0cHM6Ly93d3cuYW1hem9uLmNvbS5teC9MRy0yNExKNDU0MC0yMy02LU5lZ3JvLVBhbnRhbGxhL2RwL0IwMU4yWjE3TVMvUjNUUVlHTjVMUUlFVzE=;SEM;2021-10-14;2021-07-23;;R3TQYGN5LQIEW1;;Buen producto para el precio en el que se vende.;Todo oka;AMAZON;MX;2021-10-14 10:03;LG;"LG 24LJ4540 Pantalla para PC 59.9 cm (23.6"") WXGA Plana Negro - Monitor (59.9 cm (23.6"") 1366 x 768 Pixeles WXGA LED 14 ms Negro)";https://www.amazon.com.mx/LG-24LJ4540-23-6-Negro-Pantalla/dp/B01N2Z17MS/;CE;5.0 ;https://www.amazon.com.mx/
1427;aHR0cHM6Ly93d3cuYW1hem9uLmNvbS5teC9MRy0yNExKNDU0MC0yMy02LU5lZ3JvLVBhbnRhbGxhL2RwL0IwMU4yWjE3TVMvUjM5Nlc0NUo4OVVPUEY=;SEM;2021-10-14;2019-06-01;;R396W45J89UOPF;;No me gusta que cuando usas el control ,para volumen o u otros comandos,sale una voz muy desagradable,repitiendo el comando,no sé cómo se puede anular eso.;No cumple con lo esperado;AMAZON;MX;2021-10-14 10:03;LG;"LG 24LJ4540 Pantalla para PC 59.9 cm (23.6"") WXGA Plana Negro - Monitor (59.9 cm (23.6"") 1366 x 768 Pixeles WXGA LED 14 ms Negro)";https://www.amazon.com.mx/LG-24LJ4540-23-6-Negro-Pantalla/dp/B01N2Z17MS/;CE;3.0 ;https://www.amazon.com.mx/
1428;aHR0cHM6Ly93d3cuYW1hem9uLmNvbS5teC9TYW1zdW5nLVVONDBONTIwMEFGWFpBLUdvb2dsZS1Bc3Npc3RhbnQtcmVub3ZhZG8vZHAvQjA4MzlMSDQxNC9SMVVLUDhBRkJHOFhYRg==;SEM;2021-10-14;2021-07-05;;R1UKP8AFBG8XXF;;No lo pienses sy cómprala, excelente producto llegó como nueva, no podría distinguir una nueva de renweed;Excelente producto, la mejor compra;AMAZON;MX;2021-10-14 10:03;SAMSUNG;"Samsung UN40N5200AFXZA Flat 40"" FHD 5 Series Full HD Smart LED TV con Alexa y Google Assistant negro (renovado)";https://www.amazon.com.mx/Samsung-UN40N5200AFXZA-Google-Assistant-renovado/dp/B0839LH414/;CE;5.0 ;https://www.amazon.com.mx/
1429;aHR0cHM6Ly93d3cuYW1hem9uLmNvbS5teC9TYW1zdW5nLVVONDBONTIwMEFGWFpBLUdvb2dsZS1Bc3Npc3RhbnQtcmVub3ZhZG8vZHAvQjA4MzlMSDQxNC9SMVQ3UklMUEQ5WkpUWQ==;SEM;2021-10-14;2021-05-12;;R1T7RILPD9ZJTY;;Producto a super precio de acuerdo a características;Excelente compra;AMAZON;MX;2021-10-14 10:03;SAMSUNG;"Samsung UN40N5200AFXZA Flat 40"" FHD 5 Series Full HD Smart LED TV con Alexa y Google Assistant negro (renovado)";https://www.amazon.com.mx/Samsung-UN40N5200AFXZA-Google-Assistant-renovado/dp/B0839LH414/;CE;5.0 ;https://www.amazon.com.mx/
1430;aHR0cHM6Ly93d3cuYW1hem9uLmNvbS5teC9TYW1zdW5nLVVONDBONTIwMEFGWFpBLUdvb2dsZS1Bc3Npc3RhbnQtcmVub3ZhZG8vZHAvQjA4MzlMSDQxNC9SMzdITkRUWjdNN0swSw==;SEM;2021-10-14;2021-04-24;;R37HNDTZ7M7K0K;;Your browser does not support HTML5 video. muy buena calidad llego super rapido;super buena calidad;AMAZON;MX;2021-10-14 10:04;SAMSUNG;"Samsung UN40N5200AFXZA Flat 40"" FHD 5 Series Full HD Smart LED TV con Alexa y Google Assistant negro (renovado)";https://www.amazon.com.mx/Samsung-UN40N5200AFXZA-Google-Assistant-renovado/dp/B0839LH414/;CE;5.0 ;https://www.amazon.com.mx/
1431;aHR0cHM6Ly93d3cuYW1hem9uLmNvbS5teC9TYW1zdW5nLVVONDBONTIwMEFGWFpBLUdvb2dsZS1Bc3Npc3RhbnQtcmVub3ZhZG8vZHAvQjA4MzlMSDQxNC9SMjVZQ1VMUjdZNlpGNg==;SEM;2021-10-14;2021-04-08;;R25YCULR7Y6ZF6;;Todo bien;Super;AMAZON;MX;2021-10-14 10:04;SAMSUNG;"Samsung UN40N5200AFXZA Flat 40"" FHD 5 Series Full HD Smart LED TV con Alexa y Google Assistant negro (renovado)";https://www.amazon.com.mx/Samsung-UN40N5200AFXZA-Google-Assistant-renovado/dp/B0839LH414/;CE;5.0 ;https://www.amazon.com.mx/
1432;aHR0cHM6Ly93d3cuYW1hem9uLmNvbS5teC9TYW1zdW5nLVVONDBONTIwMEFGWFpBLUdvb2dsZS1Bc3Npc3RhbnQtcmVub3ZhZG8vZHAvQjA4MzlMSDQxNC9SMUdVT0dWUVk1TUVYTQ==;SEM;2021-10-14;2021-04-07;;R1GUOGVQY5MEXM;;"El producto en si esta bastante bien,llego en una caja que aunque venía pegadao con cinta( lo cual es normal ya que es renobada) viene en perfecto estado; que es lo que no me gusto, que no tiene Google assistant o amazon alexa como lo marca en la publicación. SE PUEDEN DAR CUENTA QUE NI SIQUERA APARECE EL BOTON QUE MARCA LA OPCIÓN DEL ASITENTE DE VOZ.";No cuenta con google assistant o amazon alexa.;AMAZON;MX;2021-10-14 10:04;SAMSUNG;"Samsung UN40N5200AFXZA Flat 40"" FHD 5 Series Full HD Smart LED TV con Alexa y Google Assistant negro (renovado)";https://www.amazon.com.mx/Samsung-UN40N5200AFXZA-Google-Assistant-renovado/dp/B0839LH414/;CE;4.0 ;https://www.amazon.com.mx/
1433;aHR0cHM6Ly93d3cuYW1hem9uLmNvbS5teC9TYW1zdW5nLVVONDBONTIwMEFGWFpBLUdvb2dsZS1Bc3Npc3RhbnQtcmVub3ZhZG8vZHAvQjA4MzlMSDQxNC9SMkpNWTJFUlY5TlZXSQ==;SEM;2021-10-14;2021-03-19;;R2JMY2ERV9NVWI;;Todo bien, sobretodo la calidad del servicio y artículo;Todo;AMAZON;MX;2021-10-14 10:04;SAMSUNG;"Samsung UN40N5200AFXZA Flat 40"" FHD 5 Series Full HD Smart LED TV con Alexa y Google Assistant negro (renovado)";https://www.amazon.com.mx/Samsung-UN40N5200AFXZA-Google-Assistant-renovado/dp/B0839LH414/;CE;5.0 ;https://www.amazon.com.mx/
1434;aHR0cHM6Ly93d3cuYW1hem9uLmNvbS5teC9TYW1zdW5nLVVONDBONTIwMEFGWFpBLUdvb2dsZS1Bc3Npc3RhbnQtcmVub3ZhZG8vZHAvQjA4MzlMSDQxNC9SMVgwTUtCWjYyNE9VNg==;SEM;2021-10-14;2021-03-17;;R1X0MKBZ624OU6;;a PESAR DE SER REFURBISHED ES UN GRAN EQUIPO;ES UN GRAN EQUIPO;AMAZON;MX;2021-10-14 10:04;SAMSUNG;"Samsung UN40N5200AFXZA Flat 40"" FHD 5 Series Full HD Smart LED TV con Alexa y Google Assistant negro (renovado)";https://www.amazon.com.mx/Samsung-UN40N5200AFXZA-Google-Assistant-renovado/dp/B0839LH414/;CE;5.0 ;https://www.amazon.com.mx/
1435;aHR0cHM6Ly93d3cuYW1hem9uLmNvbS5teC9TYW1zdW5nLVVONDBONTIwMEFGWFpBLUdvb2dsZS1Bc3Npc3RhbnQtcmVub3ZhZG8vZHAvQjA4MzlMSDQxNC9SM0swVFc3UVg1VklWMQ==;SEM;2021-10-14;2021-03-17;;R3K0TW7QX5VIV1;;Calidad de la imagen;Bajo precio alta calidad;AMAZON;MX;2021-10-14 10:04;SAMSUNG;"Samsung UN40N5200AFXZA Flat 40"" FHD 5 Series Full HD Smart LED TV con Alexa y Google Assistant negro (renovado)";https://www.amazon.com.mx/Samsung-UN40N5200AFXZA-Google-Assistant-renovado/dp/B0839LH414/;CE;5.0 ;https://www.amazon.com.mx/
1436;aHR0cHM6Ly93d3cuYW1hem9uLmNvbS5teC9TYW1zdW5nLVVONDBONTIwMEFGWFpBLUdvb2dsZS1Bc3Npc3RhbnQtcmVub3ZhZG8vZHAvQjA4MzlMSDQxNC9SMzNIVklaUkdBSFhISA==;SEM;2021-10-14;2021-03-13;;R33HVIZRGAHXHH;;Muy agusto con mi compra, excelente condicion;Todo bien;AMAZON;MX;2021-10-14 10:04;SAMSUNG;"Samsung UN40N5200AFXZA Flat 40"" FHD 5 Series Full HD Smart LED TV con Alexa y Google Assistant negro (renovado)";https://www.amazon.com.mx/Samsung-UN40N5200AFXZA-Google-Assistant-renovado/dp/B0839LH414/;CE;5.0 ;https://www.amazon.com.mx/
1437;aHR0cHM6Ly93d3cuYW1hem9uLmNvbS5teC9TYW1zdW5nLVVONDBONTIwMEFGWFpBLUdvb2dsZS1Bc3Npc3RhbnQtcmVub3ZhZG8vZHAvQjA4MzlMSDQxNC9SM1JGQlRPSzc2TlBFMQ==;SEM;2021-10-14;2021-03-05;;R3RFBTOK76NPE1;;Venía con una configuración que no dejaba usar el smartv app;Esta bien por el precio;AMAZON;MX;2021-10-14 10:04;SAMSUNG;"Samsung UN40N5200AFXZA Flat 40"" FHD 5 Series Full HD Smart LED TV con Alexa y Google Assistant negro (renovado)";https://www.amazon.com.mx/Samsung-UN40N5200AFXZA-Google-Assistant-renovado/dp/B0839LH414/;CE;4.0 ;https://www.amazon.com.mx/
1438;aHR0cHM6Ly93d3cuYW1hem9uLmNvbS5teC9TYW1zdW5nLVVONDBONTIwMEFGWFpBLUdvb2dsZS1Bc3Npc3RhbnQtcmVub3ZhZG8vZHAvQjA4MzlMSDQxNC9SMlNJWDBEV1ZZSkcyNQ==;SEM;2021-10-14;2021-01-02;;R2SIX0DWVYJG25;;Me llego en la caja original y en excelente condiciones.;Excelentes condiciones.;AMAZON;MX;2021-10-14 10:04;SAMSUNG;"Samsung UN40N5200AFXZA Flat 40"" FHD 5 Series Full HD Smart LED TV con Alexa y Google Assistant negro (renovado)";https://www.amazon.com.mx/Samsung-UN40N5200AFXZA-Google-Assistant-renovado/dp/B0839LH414/;CE;5.0 ;https://www.amazon.com.mx/
1439;aHR0cHM6Ly93d3cuYW1hem9uLmNvbS5teC9TYW1zdW5nLVVONDBONTIwMEFGWFpBLUdvb2dsZS1Bc3Npc3RhbnQtcmVub3ZhZG8vZHAvQjA4MzlMSDQxNC9SQkhONk5YMklMSlpa;SEM;2021-10-14;2020-12-02;;RBHN6NX2ILJZZ;;Tenia mis dudas por que adquirí esta televisión como remate de almacen pero venia en la envoltura original, solo el control venia en una bolsita transparente y sin baterias (normalmente si traen), me salio muy por debajo del valor asi que fue una ganga, asi que seguire comprando remates de almacen de Amazon, se los recomiendo.;Buen producto;AMAZON;MX;2021-10-14 10:04;SAMSUNG;"Samsung UN40N5200AFXZA Flat 40"" FHD 5 Series Full HD Smart LED TV con Alexa y Google Assistant negro (renovado)";https://www.amazon.com.mx/Samsung-UN40N5200AFXZA-Google-Assistant-renovado/dp/B0839LH414/;CE;5.0 ;https://www.amazon.com.mx/
1440;aHR0cHM6Ly93d3cuYW1hem9uLmNvbS5teC9TYW1zdW5nLVVONDBONTIwMEFGWFpBLUdvb2dsZS1Bc3Npc3RhbnQtcmVub3ZhZG8vZHAvQjA4MzlMSDQxNC9SWTI3NUhCOThaMkpX;SEM;2021-10-14;2020-11-17;;RY275HB98Z2JW;;Llego en muy malas condiciones, el empaque viene muy lastimado y como era un regalo la verdad no se ve nada lindo es una pena qye llefue asi;Deja mucho que decir;AMAZON;MX;2021-10-14 10:04;SAMSUNG;"Samsung UN40N5200AFXZA Flat 40"" FHD 5 Series Full HD Smart LED TV con Alexa y Google Assistant negro (renovado)";https://www.amazon.com.mx/Samsung-UN40N5200AFXZA-Google-Assistant-renovado/dp/B0839LH414/;CE;1.0 ;https://www.amazon.com.mx/
1441;aHR0cHM6Ly93d3cuYW1hem9uLmNvbS5teC9EZXNjb25vY2lkby1FbGVjdHJvbmljcy0yNExKNDU0MC1XVS0yNC1JbmNoLU1vZGVsL2RwL0IwMU1VNVJQUTUvUlhOOVNTV09FQU5SVw==;SEM;2021-10-14;2020-01-18;;RXN9SSWOEANRW;;Tv para cocina ideal;Relación precio producto perfecto;AMAZON;MX;2021-10-14 10:04;LG;LG Electronics 24LJ4540-WU 24-Inch 720p LED TV (2017 Model);https://www.amazon.com.mx/Desconocido-Electronics-24LJ4540-WU-24-Inch-Model/dp/B01MU5RPQ5/;CE;4.0 ;https://www.amazon.com.mx/
1442;aHR0cHM6Ly93d3cuYW1hem9uLmNvbS5teC9EZXNjb25vY2lkby1FbGVjdHJvbmljcy0yNExKNDU0MC1XVS0yNC1JbmNoLU1vZGVsL2RwL0IwMU1VNVJQUTUvUjE3NUtENFg2NE9DQVQ=;SEM;2021-10-14;2019-08-16;;R175KD4X64OCAT;;Spam;Tele;AMAZON;MX;2021-10-14 10:05;LG;LG Electronics 24LJ4540-WU 24-Inch 720p LED TV (2017 Model);https://www.amazon.com.mx/Desconocido-Electronics-24LJ4540-WU-24-Inch-Model/dp/B01MU5RPQ5/;CE;5.0 ;https://www.amazon.com.mx/
1443;aHR0cHM6Ly93d3cuYW1hem9uLmNvbS5teC9EZXNjb25vY2lkby1FbGVjdHJvbmljcy0yNExKNDU0MC1XVS0yNC1JbmNoLU1vZGVsL2RwL0IwMU1VNVJQUTUvUjJaQVNLU083T0dQNlg=;SEM;2021-10-14;2019-07-01;;R2ZASKSO7OGP6X;;Excelente producto para una cocina o lugares pequeños.;Buena pantalla.;AMAZON;MX;2021-10-14 10:05;LG;LG Electronics 24LJ4540-WU 24-Inch 720p LED TV (2017 Model);https://www.amazon.com.mx/Desconocido-Electronics-24LJ4540-WU-24-Inch-Model/dp/B01MU5RPQ5/;CE;5.0 ;https://www.amazon.com.mx/
1444;aHR0cHM6Ly93d3cubGl2ZXJwb29sLmNvbS5teC90aWVuZGEvcGRwL1BhbmFzb25pYy1NSi1sNTAwLUV4cHJpbWlkb3ItZGUtSnVnb3MtVmVsb2NpZGFkLUxlbnRhLXBhcmEtRnJ1dGFzLXktVmVyZHVyYXMvMTA1MzI4NTg1MjEzMTMxODM=;SEM;2021-10-15;2021-10-09;;1313183;;;;LIVERPOOL;MX;2021-10-15 03:54;PANASONIC;Panasonic MJ-l500 Exprimidor de Jugos Velocidad Lenta para Frutas y Verduras;https://www.liverpool.com.mx/tienda/pdp/Panasonic-MJ-l500-Exprimidor-de-Jugos-Velocidad-Lenta-para-Frutas-y-Verduras/1053285852;CE;4;https://www.liverpool.com.mx/
1445;aHR0cHM6Ly93d3cubGl2ZXJwb29sLmNvbS5teC90aWVuZGEvcGRwL0ZyaWdvYmFyLUhpc2Vuc2UtNC4yLXBpZXMtYyVDMyVCQWJpY29zLzEwOTc5MjA5MzgxMzIwNTQy;SEM;2021-10-15;2021-10-11;;1320542;;;;LIVERPOOL;MX;2021-10-15 04:03;HISENSE;Frigobar Hisense 4.2 pies cúbicos;https://www.liverpool.com.mx/tienda/pdp/Frigobar-Hisense-4.2-pies-c%C3%BAbicos/1097920938;CE;5;https://www.liverpool.com.mx/
1446;aHR0cHM6Ly93d3cubGl2ZXJwb29sLmNvbS5teC90aWVuZGEvcGRwL3BhbnRhbGxhLWxnLW5hbm9jZWxsLXNtYXJ0LXR2LWRlLTUwLXB1bGdhZGFzLTRrL3VoZC01MG5hbm83NXNwYS8xMTEwMDcxMTk4MTMyNTM0MQ==;SEM;2021-10-15;2021-10-14;;1325341;;;;LIVERPOOL;MX;2021-10-15 04:14;LG;Pantalla LG NanoCell Smart TV de 50 Pulgadas 4K/UHD 50NANO75SPA;https://www.liverpool.com.mx/tienda/pdp/pantalla-lg-nanocell-smart-tv-de-50-pulgadas-4k/uhd-50nano75spa/1110071198;CE;5;https://www.liverpool.com.mx/
1447;aHR0cHM6Ly93d3cubGl2ZXJwb29sLmNvbS5teC90aWVuZGEvcGRwL3BhbnRhbGxhLWxnLW5hbm9jZWxsLXNtYXJ0LXR2LWRlLTUwLXB1bGdhZGFzLTRrL3VoZC01MG5hbm83NXNwYS8xMTEwMDcxMTk4MTMyNjQ3Mw==;SEM;2021-10-15;2021-10-14;;1326473;;;;LIVERPOOL;MX;2021-10-15 04:14;LG;Pantalla LG NanoCell Smart TV de 50 Pulgadas 4K/UHD 50NANO75SPA;https://www.liverpool.com.mx/tienda/pdp/pantalla-lg-nanocell-smart-tv-de-50-pulgadas-4k/uhd-50nano75spa/1110071198;CE;5;https://www.liverpool.com.mx/
1448;aHR0cHM6Ly93d3cubGl2ZXJwb29sLmNvbS5teC90aWVuZGEvcGRwL3BhbnRhbGxhLWhpc2Vuc2UtbGVkLXNtYXJ0LXR2LWRlLTQwLXB1bGdhZGFzLWZ1bGwtaGQtNDBoNWcvMTExMDAzMjcwMjEzMTg3MDE=;SEM;2021-10-15;2021-10-11;;1318701;;;;LIVERPOOL;MX;2021-10-15 04:22;HISENSE;Pantalla Hisense LED Smart TV de 40 Pulgadas Full HD 40H5G;https://www.liverpool.com.mx/tienda/pdp/pantalla-hisense-led-smart-tv-de-40-pulgadas-full-hd-40h5g/1110032702;CE;3;https://www.liverpool.com.mx/
1449;aHR0cHM6Ly93d3cubGl2ZXJwb29sLmNvbS5teC90aWVuZGEvcGRwL3BhbnRhbGxhLWhpc2Vuc2UtbGVkLXNtYXJ0LXR2LWRlLTQwLXB1bGdhZGFzLWZ1bGwtaGQtNDBoNWcvMTExMDAzMjcwMjEzMjM3NTQ=;SEM;2021-10-15;2021-10-13;;1323754;;;;LIVERPOOL;MX;2021-10-15 04:22;HISENSE;Pantalla Hisense LED Smart TV de 40 Pulgadas Full HD 40H5G;https://www.liverpool.com.mx/tienda/pdp/pantalla-hisense-led-smart-tv-de-40-pulgadas-full-hd-40h5g/1110032702;CE;5;https://www.liverpool.com.mx/
1450;aHR0cHM6Ly93d3cubGl2ZXJwb29sLmNvbS5teC90aWVuZGEvcGRwL1BhbnRhbGxhLUhpc2Vuc2UtTEVELVNtYXJ0LVRWLWRlLTU1LXB1bGdhZGFzLTRLL1VsdHJhLUhELU1vZGVsby01NUE2Ry8xMTA0NDk3MzcwMTMyMjcyNA==;SEM;2021-10-15;2021-10-13;;1322724;;;;LIVERPOOL;MX;2021-10-15 04:33;HISENSE;Pantalla Hisense LED Smart TV de 55 pulgadas 4K/Ultra HD Modelo 55A6G;https://www.liverpool.com.mx/tienda/pdp/Pantalla-Hisense-LED-Smart-TV-de-55-pulgadas-4K/Ultra-HD-Modelo-55A6G/1104497370;CE;5;https://www.liverpool.com.mx/
1451;aHR0cHM6Ly93d3cubGl2ZXJwb29sLmNvbS5teC90aWVuZGEvcGRwL1BhbnRhbGxhLUxHLU9MRUQtU21hcnQtVFYtZGUtNDgtUHVsZ2FkYXMtNEsvRG9sYnktQXRtb3MtT0xFRDQ4QzFQU0EvMTEwNTAwMzkwNzEzMjQ2ODI=;SEM;2021-10-15;2021-10-13;;1324682;;;;LIVERPOOL;MX;2021-10-15 04:34;LG;Pantalla LG OLED Smart TV de 48 Pulgadas 4K/Dolby Atmos OLED48C1PSA;https://www.liverpool.com.mx/tienda/pdp/Pantalla-LG-OLED-Smart-TV-de-48-Pulgadas-4K/Dolby-Atmos-OLED48C1PSA/1105003907;CE;5;https://www.liverpool.com.mx/
1452;aHR0cHM6Ly93d3cubGl2ZXJwb29sLmNvbS5teC90aWVuZGEvcGRwL1BhbnRhbGxhLVNvbnktTENELXNtYXJ0LVRWLWRlLTMyLXB1bGdhZGFzLUZVTEwtSEQtY29uLUxpbnV4LzEwNDc2Njk1NTAxMzIyNzU2;SEM;2021-10-15;2021-10-13;;1322756;;;;LIVERPOOL;MX;2021-10-15 04:36;SONY;Pantalla Sony LCD smart TV de 32 pulgadas FULL HD con Linux;https://www.liverpool.com.mx/tienda/pdp/Pantalla-Sony-LCD-smart-TV-de-32-pulgadas-FULL-HD-con-Linux/1047669550;CE;5;https://www.liverpool.com.mx/
1453;aHR0cHM6Ly93d3cubGl2ZXJwb29sLmNvbS5teC90aWVuZGEvcGRwL1BhbnRhbGxhLVNhbXN1bmctTEVELVNtYXJ0LVRWLWRlLTUwLVB1bGdhZGFzLTRLLVVONTBBVTkwMDBGWFpYLzExMDYwMDc4NzYxMzI2MTc4;SEM;2021-10-15;2021-10-14;;1326178;;;;LIVERPOOL;MX;2021-10-15 04:36;SAMSUNG;Pantalla Samsung LED Smart TV de 50 Pulgadas 4K UN50AU9000FXZX;https://www.liverpool.com.mx/tienda/pdp/Pantalla-Samsung-LED-Smart-TV-de-50-Pulgadas-4K-UN50AU9000FXZX/1106007876;CE;5;https://www.liverpool.com.mx/
1454;aHR0cHM6Ly93d3cubGl2ZXJwb29sLmNvbS5teC90aWVuZGEvcGRwL1BhbnRhbGxhLVNhbXN1bmctTEVELVNtYXJ0LVRWLWRlLTUwLVB1bGdhZGFzLTRLLVVONTBBVTkwMDBGWFpYLzExMDYwMDc4NzYxMzIxMzQy;SEM;2021-10-15;2021-10-12;;1321342;;;;LIVERPOOL;MX;2021-10-15 04:36;SAMSUNG;Pantalla Samsung LED Smart TV de 50 Pulgadas 4K UN50AU9000FXZX;https://www.liverpool.com.mx/tienda/pdp/Pantalla-Samsung-LED-Smart-TV-de-50-Pulgadas-4K-UN50AU9000FXZX/1106007876;CE;5;https://www.liverpool.com.mx/
1455;aHR0cHM6Ly93d3cubGl2ZXJwb29sLmNvbS5teC90aWVuZGEvcGRwL1BhbnRhbGxhLUxHJUMyJUEwTEVEJUMyJUEwU21hcnQtVFYlQzIlQTBkZS01MC1QdWxnYWRhcy1BSS1UaGluUS00Sy01MFVQODA1MFBTQi8xMTA1MDA0MjUzMTMyMzE2Mg==;SEM;2021-10-15;2021-10-13;;1323162;;;;LIVERPOOL;MX;2021-10-15 04:39;LG;Pantalla LG LED Smart TV de 50 Pulgadas AI ThinQ 4K 50UP8050PSB;https://www.liverpool.com.mx/tienda/pdp/Pantalla-LG%C2%A0LED%C2%A0Smart-TV%C2%A0de-50-Pulgadas-AI-ThinQ-4K-50UP8050PSB/1105004253;CE;5;https://www.liverpool.com.mx/
1456;aHR0cHM6Ly93d3cubGl2ZXJwb29sLmNvbS5teC90aWVuZGEvcGRwL1BhbnRhbGxhLUxHLU5hbm9DZWxsLVNtYXJ0LVRWLTU1LVB1bGdhZGFzLTRLLTU1TkFOTzgwU1BBLzExMDY2Mjc1NTYxMzI0MTQx;SEM;2021-10-15;2021-10-13;;1324141;;;;LIVERPOOL;MX;2021-10-15 04:56;LG;Pantalla LG NanoCell Smart TV 55 Pulgadas 4K 55NANO80SPA;https://www.liverpool.com.mx/tienda/pdp/Pantalla-LG-NanoCell-Smart-TV-55-Pulgadas-4K-55NANO80SPA/1106627556;CE;5;https://www.liverpool.com.mx/
1457;aHR0cHM6Ly93d3cubGl2ZXJwb29sLmNvbS5teC90aWVuZGEvcGRwL3BhbnRhbGxhLWhpc2Vuc2UtbGVkLXNtYXJ0LXR2LWRlLTUwLXB1bGdhZGFzLTRrLTUwcjZlLzExMTA4Nzg0MjMxMzA3NzU2;SEM;2021-10-15;2021-10-07;;1307756;;;;LIVERPOOL;MX;2021-10-15 05:10;HISENSE;Pantalla Hisense LED Smart Tv de 50 Pulgadas 4K 50R6E;https://www.liverpool.com.mx/tienda/pdp/pantalla-hisense-led-smart-tv-de-50-pulgadas-4k-50r6e/1110878423;CE;5;https://www.liverpool.com.mx/
1458;aHR0cHM6Ly93d3cubGl2ZXJwb29sLmNvbS5teC90aWVuZGEvcGRwL3BhbnRhbGxhLWhpc2Vuc2UtbGVkLXNtYXJ0LXR2LWRlLTUwLXB1bGdhZGFzLTRrLTUwcjZlLzExMTA4Nzg0MjMxMjk1MTE0;SEM;2021-10-15;2021-10-01;;1295114;;;;LIVERPOOL;MX;2021-10-15 05:10;HISENSE;Pantalla Hisense LED Smart Tv de 50 Pulgadas 4K 50R6E;https://www.liverpool.com.mx/tienda/pdp/pantalla-hisense-led-smart-tv-de-50-pulgadas-4k-50r6e/1110878423;CE;4;https://www.liverpool.com.mx/
1459;aHR0cHM6Ly93d3cubGl2ZXJwb29sLmNvbS5teC90aWVuZGEvcGRwL3BhbnRhbGxhLWxnLW5hbm9jZWxsLXNtYXJ0LXR2LWRlLTQzLXB1bGdhZGFzLTRrLTQzbmFubzc1c3BhLzExMDYyNTc1MTExMzI2NDMw;SEM;2021-10-15;2021-10-14;;1326430;;;;LIVERPOOL;MX;2021-10-15 05:14;LG;Pantalla LG NanoCell Smart TV de 43 Pulgadas 4K 43NANO75SPA;https://www.liverpool.com.mx/tienda/pdp/pantalla-lg-nanocell-smart-tv-de-43-pulgadas-4k-43nano75spa/1106257511;CE;5;https://www.liverpool.com.mx/
1460;aHR0cHM6Ly93d3cubGl2ZXJwb29sLmNvbS5teC90aWVuZGEvcGRwL3BhbnRhbGxhLWxnLW5hbm9jZWxsLXNtYXJ0LXR2LWRlLTQzLXB1bGdhZGFzLTRrLTQzbmFubzc1c3BhLzExMDYyNTc1MTExMzE5ODAw;SEM;2021-10-15;2021-10-11;;1319800;;;;LIVERPOOL;MX;2021-10-15 05:14;LG;Pantalla LG NanoCell Smart TV de 43 Pulgadas 4K 43NANO75SPA;https://www.liverpool.com.mx/tienda/pdp/pantalla-lg-nanocell-smart-tv-de-43-pulgadas-4k-43nano75spa/1106257511;CE;5;https://www.liverpool.com.mx/
1461;aHR0cHM6Ly93d3cubGl2ZXJwb29sLmNvbS5teC90aWVuZGEvcGRwL3BhbnRhbGxhLXNhbXN1bWctbGVkLXNtYXJ0LXR2LWRlLTUwLXB1bGdhZGFzLTRrLXVuNTBhdTkwMDBmeHp4LzExMDYwMDc4NzYxMzI2MTc4;SEM;2021-10-15;2021-10-14;;1326178;;;;LIVERPOOL;MX;2021-10-15 05:15;SAMSUNG;Pantalla Samsumg LED Smart TV de 50 Pulgadas 4K UN50AU9000FXZX;https://www.liverpool.com.mx/tienda/pdp/pantalla-samsumg-led-smart-tv-de-50-pulgadas-4k-un50au9000fxzx/1106007876;CE;5;https://www.liverpool.com.mx/
1462;aHR0cHM6Ly93d3cubGl2ZXJwb29sLmNvbS5teC90aWVuZGEvcGRwL3BhbnRhbGxhLXNhbXN1bmctbGVkLXNtYXJ0LXR2LWRlLTUwLXB1bGdhZGFzLTRrLXVuNTBhdTkwMDBmeHp4LzExMDYwMDc4NzYxMzI2MTc4;SEM;2021-10-15;2021-10-14;;1326178;;;;LIVERPOOL;MX;2021-10-15 05:20;SAMSUNG;Pantalla Samsung LED Smart TV de 50 Pulgadas 4K UN50AU9000FXZX;https://www.liverpool.com.mx/tienda/pdp/pantalla-samsung-led-smart-tv-de-50-pulgadas-4k-un50au9000fxzx/1106007876;CE;5;https://www.liverpool.com.mx/
1463;aHR0cHM6Ly93d3cubGl2ZXJwb29sLmNvbS5teC90aWVuZGEvcGRwL3BhbnRhbGxhLWxnLWxlZC1zbWFydC10di1kZS01MC1wdWxnYWRhcy1haS10aGlucS00ay01MHVwODA1MHBzYi8xMTA1MDA0MjUzMTMyMzE2Mg==;SEM;2021-10-15;2021-10-13;;1323162;;;;LIVERPOOL;MX;2021-10-15 05:22;LG;Pantalla LG LED Smart TV de 50 Pulgadas AI ThinQ 4K 50UP8050PSB;https://www.liverpool.com.mx/tienda/pdp/pantalla-lg-led-smart-tv-de-50-pulgadas-ai-thinq-4k-50up8050psb/1105004253;CE;5;https://www.liverpool.com.mx/
1464;aHR0cHM6Ly93d3cubGl2ZXJwb29sLmNvbS5teC90aWVuZGEvcGRwL3BhbnRhbGxhLWxnLW5hbm9jZWxsLXNtYXJ0LXR2LTU1LXB1bGdhZGFzLTRrLTU1bmFubzgwc3BhLzExMDY2Mjc1NTYxMzI0MTQx;SEM;2021-10-15;2021-10-13;;1324141;;;;LIVERPOOL;MX;2021-10-15 05:27;LG;Pantalla LG NanoCell Smart TV 55 Pulgadas 4K 55NANO80SPA;https://www.liverpool.com.mx/tienda/pdp/pantalla-lg-nanocell-smart-tv-55-pulgadas-4k-55nano80spa/1106627556;CE;5;https://www.liverpool.com.mx/
1465;aHR0cHM6Ly93d3cubGl2ZXJwb29sLmNvbS5teC90aWVuZGEvcGRwL3BhbnRhbGxhLWxnLW5hbm9jZWxsLXNtYXJ0LXR2LWRlLTc1LXB1bGdhZGFzLWFpLXRoaW5xLTRrLTc1bmFubzgwc3BhLzExMDUwMDM5MTUxMzE2MzQ5;SEM;2021-10-15;2021-10-10;;1316349;;;;LIVERPOOL;MX;2021-10-15 05:28;LG;Pantalla LG NanoCell Smart TV de 75 pulgadas AI ThinQ 4K 75NANO80SPA;https://www.liverpool.com.mx/tienda/pdp/pantalla-lg-nanocell-smart-tv-de-75-pulgadas-ai-thinq-4k-75nano80spa/1105003915;CE;5;https://www.liverpool.com.mx/
1466;aHR0cHM6Ly93d3cubGl2ZXJwb29sLmNvbS5teC90aWVuZGEvcGRwL3BhbnRhbGxhLXNhbXN1bmctcWxlZC1zbWFydC10di10aGUtc2VyaWYtZGUtNTUtcHVsZ2FkYXMtNGsvdWx0cmEtaGQtcW41NWxzMDF0YWZ4engvMTA5NzA3Njc4OTEzMjcwMjk=;SEM;2021-10-15;2021-10-14;;1327029;;;;LIVERPOOL;MX;2021-10-15 05:32;SAMSUNG;Pantalla Samsung QLED Smart TV The Serif de 55 Pulgadas 4K/Ultra HD QN55LS01TAFXZX;https://www.liverpool.com.mx/tienda/pdp/pantalla-samsung-qled-smart-tv-the-serif-de-55-pulgadas-4k/ultra-hd-qn55ls01tafxzx/1097076789;CE;5;https://www.liverpool.com.mx/
1467;aHR0cHM6Ly93d3cubGl2ZXJwb29sLmNvbS5teC90aWVuZGEvcGRwL3BhbnRhbGxhLXRjbC1sZWQtc21hcnQtdHYtZGUtNTAtcHVsZ2FkYXMtNGsvdWx0cmEtaGQtNTBhNTQ3LWNvbi1hbmRyb2lkLXR2LzExMDc2Mjc0MDExMzIyNDk4;SEM;2021-10-15;2021-10-12;;1322498;;;;LIVERPOOL;MX;2021-10-15 05:39;TCL;Pantalla TCL LED Smart TV de 50 pulgadas 4K/Ultra HD 50A547 con Android TV;https://www.liverpool.com.mx/tienda/pdp/pantalla-tcl-led-smart-tv-de-50-pulgadas-4k/ultra-hd-50a547-con-android-tv/1107627401;CE;5;https://www.liverpool.com.mx/
1468;aHR0cHM6Ly93d3cubGl2ZXJwb29sLmNvbS5teC90aWVuZGEvcGRwL0NvbmdlbGFkb3ItSGlzZW5zZS05LXBpZXMtYyVDMyVCQWJpY29zLWJsYW5jby1GQzg4RDZCV1gvMTA4Nzk5MTAyMTEzMjA5ODM=;SEM;2021-10-16;2021-10-12;;1320983;;;;LIVERPOOL;MX;2021-10-16 03:18;HISENSE;Congelador Hisense 9 pies cúbicos blanco FC88D6BWX;https://www.liverpool.com.mx/tienda/pdp/Congelador-Hisense-9-pies-c%C3%BAbicos-blanco-FC88D6BWX/1087991021;CE;5;https://www.liverpool.com.mx/
1469;aHR0cHM6Ly93d3cubGl2ZXJwb29sLmNvbS5teC90aWVuZGEvcGRwL01pbmljb21wb25lbnRlLUluYWwlQzMlQTFtYnJpY28tU29ueS1NSEMtVjQzRC8xMDk4OTYxNzAxMTMxNTI2MA==;SEM;2021-10-16;2021-10-10;;1315260;;;;LIVERPOOL;MX;2021-10-16 03:30;SONY;Minicomponente Inalámbrico Sony MHC-V43D;https://www.liverpool.com.mx/tienda/pdp/Minicomponente-Inal%C3%A1mbrico-Sony-MHC-V43D/1098961701;CE;5;https://www.liverpool.com.mx/
1470;aHR0cHM6Ly93d3cubGl2ZXJwb29sLmNvbS5teC90aWVuZGEvcGRwL1JlY29ydGFkb3JhLWZhY2lhbC1QaGlsaXBzLWJsYW5jYS8xMTAwMDc0ODQ5MTMxODY1OA==;SEM;2021-10-16;2021-10-11;;1318658;;;;LIVERPOOL;MX;2021-10-16 03:30;PHILIPS;Recortadora facial Philips blanca;https://www.liverpool.com.mx/tienda/pdp/Recortadora-facial-Philips-blanca/1100074849;CE;5;https://www.liverpool.com.mx/
1471;aHR0cHM6Ly93d3cubGl2ZXJwb29sLmNvbS5teC90aWVuZGEvcGRwL3BhbnRhbGxhLTQwLXB1bGdhZGFzLWhpc2Vuc2UtZmhkLXNtYXJ0LXR2LTQwaDVnLzExMDA3OTE1MDgxMzI1MzEy;SEM;2021-10-16;2021-10-14;;1325312;;;;LIVERPOOL;MX;2021-10-16 03:45;HISENSE;Pantalla 40 pulgadas Hisense FHD Smart TV 40H5G;https://www.liverpool.com.mx/tienda/pdp/pantalla-40-pulgadas-hisense-fhd-smart-tv-40h5g/1100791508;CE;5;https://www.liverpool.com.mx/
1472;aHR0cHM6Ly93d3cubGl2ZXJwb29sLmNvbS5teC90aWVuZGEvcGRwL3BhbnRhbGxhLTQwLXB1bGdhZGFzLWhpc2Vuc2UtZmhkLXNtYXJ0LXR2LTQwaDVnLzExMDA3OTE1MDgxMzI0MzI0;SEM;2021-10-16;2021-10-13;;1324324;;;;LIVERPOOL;MX;2021-10-16 03:45;HISENSE;Pantalla 40 pulgadas Hisense FHD Smart TV 40H5G;https://www.liverpool.com.mx/tienda/pdp/pantalla-40-pulgadas-hisense-fhd-smart-tv-40h5g/1100791508;CE;4;https://www.liverpool.com.mx/
1473;aHR0cHM6Ly93d3cubGl2ZXJwb29sLmNvbS5teC90aWVuZGEvcGRwL3BhbnRhbGxhLWhpc2Vuc2UtbGVkLXNtYXJ0LXR2LWRlLTQwLXB1bGdhZGFzLWZ1bGwtaGQtNDBoNWcvMTExMDAzMjcwMjEzMjc2ODM=;SEM;2021-10-16;2021-10-15;;1327683;;;;LIVERPOOL;MX;2021-10-16 03:45;HISENSE;Pantalla Hisense LED Smart TV de 40 Pulgadas Full HD 40H5G;https://www.liverpool.com.mx/tienda/pdp/pantalla-hisense-led-smart-tv-de-40-pulgadas-full-hd-40h5g/1110032702;CE;5;https://www.liverpool.com.mx/
1474;aHR0cHM6Ly93d3cubGl2ZXJwb29sLmNvbS5teC90aWVuZGEvcGRwL1BhbnRhbGxhLUxHLU5hbm9DZWxsLVNtYXJ0LVRWLWRlLTUwLVB1bGdhZGFzLTRLL1VIRC01ME5BTk83NVNQQS8xMTEwMDcxMTk4MTMyNTM0MQ==;SEM;2021-10-16;2021-10-14;;1325341;;;;LIVERPOOL;MX;2021-10-16 03:58;LG;Pantalla LG NanoCell Smart TV de 50 Pulgadas 4K/UHD 50NANO75SPA;https://www.liverpool.com.mx/tienda/pdp/Pantalla-LG-NanoCell-Smart-TV-de-50-Pulgadas-4K/UHD-50NANO75SPA/1110071198;CE;5;https://www.liverpool.com.mx/
1475;aHR0cHM6Ly93d3cubGl2ZXJwb29sLmNvbS5teC90aWVuZGEvcGRwL1BhbnRhbGxhLUxHLU5hbm9DZWxsLVNtYXJ0LVRWLWRlLTUwLVB1bGdhZGFzLTRLL1VIRC01ME5BTk83NVNQQS8xMTEwMDcxMTk4MTMyNjQ3Mw==;SEM;2021-10-16;2021-10-14;;1326473;;;;LIVERPOOL;MX;2021-10-16 03:58;LG;Pantalla LG NanoCell Smart TV de 50 Pulgadas 4K/UHD 50NANO75SPA;https://www.liverpool.com.mx/tienda/pdp/Pantalla-LG-NanoCell-Smart-TV-de-50-Pulgadas-4K/UHD-50NANO75SPA/1110071198;CE;5;https://www.liverpool.com.mx/
1476;aHR0cHM6Ly93d3cubGl2ZXJwb29sLmNvbS5teC90aWVuZGEvcGRwL1BhbnRhbGxhLVRDTC1MRUQtU21hcnQtVFYtZGUtMzItUHVsZ2FkYXMtSEQtMzJBMzQ1LWNvbi1BbmRyb2lkLVRWLzExMDk5OTI5NzIxMzE5NDY5;SEM;2021-10-16;2021-10-11;;1319469;;;;LIVERPOOL;MX;2021-10-16 04:00;TCL;Pantalla TCL LED Smart TV de 32 Pulgadas HD 32A345 con Android TV;https://www.liverpool.com.mx/tienda/pdp/Pantalla-TCL-LED-Smart-TV-de-32-Pulgadas-HD-32A345-con-Android-TV/1109992972;CE;4;https://www.liverpool.com.mx/
1477;aHR0cHM6Ly93d3cubGl2ZXJwb29sLmNvbS5teC90aWVuZGEvcGRwL1BhbnRhbGxhLUxHLU5hbm9DZWxsLVNtYXJ0LVRWLWRlLTQzLVB1bGdhZGFzLTRLL1VsdHJhLUhELTQzTkFOTzc1U1BBLzExMDYyNTc1MTExMzI2NDMw;SEM;2021-10-16;2021-10-14;;1326430;;;;LIVERPOOL;MX;2021-10-16 04:00;LG;Pantalla LG NanoCell Smart TV de 43 Pulgadas 4K/Ultra HD 43NANO75SPA;https://www.liverpool.com.mx/tienda/pdp/Pantalla-LG-NanoCell-Smart-TV-de-43-Pulgadas-4K/Ultra-HD-43NANO75SPA/1106257511;CE;5;https://www.liverpool.com.mx/
1478;aHR0cHM6Ly93d3cubGl2ZXJwb29sLmNvbS5teC90aWVuZGEvcGRwL1BhbnRhbGxhLUxHLU5hbm9DZWxsLVNtYXJ0LVRWLWRlLTQzLVB1bGdhZGFzLTRLL1VsdHJhLUhELTQzTkFOTzc1U1BBLzExMDYyNTc1MTExMzE5ODAw;SEM;2021-10-16;2021-10-11;;1319800;;;;LIVERPOOL;MX;2021-10-16 04:00;LG;Pantalla LG NanoCell Smart TV de 43 Pulgadas 4K/Ultra HD 43NANO75SPA;https://www.liverpool.com.mx/tienda/pdp/Pantalla-LG-NanoCell-Smart-TV-de-43-Pulgadas-4K/Ultra-HD-43NANO75SPA/1106257511;CE;5;https://www.liverpool.com.mx/
1479;aHR0cHM6Ly93d3cubGl2ZXJwb29sLmNvbS5teC90aWVuZGEvcGRwL1BhbnRhbGxhLTQwLXB1bGdhZGFzLUhpc2Vuc2UtRkhELVNtYXJ0LVRWLTQwSDVHLzExMDA3OTE1MDgxMzI1MzEy;SEM;2021-10-16;2021-10-14;;1325312;;;;LIVERPOOL;MX;2021-10-16 04:03;HISENSE;Pantalla 40 pulgadas Hisense FHD Smart TV 40H5G;https://www.liverpool.com.mx/tienda/pdp/Pantalla-40-pulgadas-Hisense-FHD-Smart-TV-40H5G/1100791508;CE;5;https://www.liverpool.com.mx/
1480;aHR0cHM6Ly93d3cubGl2ZXJwb29sLmNvbS5teC90aWVuZGEvcGRwL1BhbnRhbGxhLTQwLXB1bGdhZGFzLUhpc2Vuc2UtRkhELVNtYXJ0LVRWLTQwSDVHLzExMDA3OTE1MDgxMzI0MzI0;SEM;2021-10-16;2021-10-13;;1324324;;;;LIVERPOOL;MX;2021-10-16 04:03;HISENSE;Pantalla 40 pulgadas Hisense FHD Smart TV 40H5G;https://www.liverpool.com.mx/tienda/pdp/Pantalla-40-pulgadas-Hisense-FHD-Smart-TV-40H5G/1100791508;CE;4;https://www.liverpool.com.mx/
1481;aHR0cHM6Ly93d3cubGl2ZXJwb29sLmNvbS5teC90aWVuZGEvcGRwL1BhbnRhbGxhLUxHJUMyJUEwTmFub0NlbGwtU21hcnQtVFYlQzIlQTBkZS03NS1wdWxnYWRhcy1BSS1UaGluUS00Sy03NU5BTk84MFNQQS8xMTA1MDAzOTE1MTMxNjM0OQ==;SEM;2021-10-16;2021-10-10;;1316349;;;;LIVERPOOL;MX;2021-10-16 04:05;LG;Pantalla LG NanoCell Smart TV de 75 pulgadas AI ThinQ 4K 75NANO80SPA;https://www.liverpool.com.mx/tienda/pdp/Pantalla-LG%C2%A0NanoCell-Smart-TV%C2%A0de-75-pulgadas-AI-ThinQ-4K-75NANO80SPA/1105003915;CE;5;https://www.liverpool.com.mx/
1482;aHR0cHM6Ly93d3cubGl2ZXJwb29sLmNvbS5teC90aWVuZGEvcGRwL1BhbnRhbGxhLUhpc2Vuc2UtTEVELVNtYXJ0LVRWLWRlLTQwLVB1bGdhZGFzLUZ1bGwtSEQtNDBINUcvMTExMDAzMjcwMjEzMjc2ODM=;SEM;2021-10-16;2021-10-15;;1327683;;;;LIVERPOOL;MX;2021-10-16 04:07;HISENSE;Pantalla Hisense LED Smart TV de 40 Pulgadas Full HD 40H5G;https://www.liverpool.com.mx/tienda/pdp/Pantalla-Hisense-LED-Smart-TV-de-40-Pulgadas-Full-HD-40H5G/1110032702;CE;5;https://www.liverpool.com.mx/
1483;aHR0cHM6Ly93d3cubGl2ZXJwb29sLmNvbS5teC90aWVuZGEvcGRwL1BhbnRhbGxhLVNhbXN1bmctUUxFRC1TbWFydC1UVi1UaGUtU2VyaWYtZGUtNTUtUHVsZ2FkYXMtNEsvVWx0cmEtSEQtUU41NUxTMDFUQUZYWlgvMTA5NzA3Njc4OTEzMjcwMjk=;SEM;2021-10-16;2021-10-14;;1327029;;;;LIVERPOOL;MX;2021-10-16 04:15;SAMSUNG;Pantalla Samsung QLED Smart TV The Serif de 55 Pulgadas 4K/Ultra HD QN55LS01TAFXZX;https://www.liverpool.com.mx/tienda/pdp/Pantalla-Samsung-QLED-Smart-TV-The-Serif-de-55-Pulgadas-4K/Ultra-HD-QN55LS01TAFXZX/1097076789;CE;5;https://www.liverpool.com.mx/
1484;aHR0cHM6Ly93d3cubGl2ZXJwb29sLmNvbS5teC90aWVuZGEvcGRwL1BhbnRhbGxhLUxHLUxFRC1TbWFydC1UVi1kZS0yNC1wdWxnYWRhcy1Nb2RlbG8tMjRUTDUyMFMtUFUuQVdNLzEwODUyNjg5OTIxMTIxOTE=;SEM;2021-10-16;2019-10-02;;112191;;;;LIVERPOOL;MX;2021-10-16 04:33;LG;Pantalla LG LED Smart TV de 24 pulgadas Modelo 24TL520S-PU.AWM;https://www.liverpool.com.mx/tienda/pdp/Pantalla-LG-LED-Smart-TV-de-24-pulgadas-Modelo-24TL520S-PU.AWM/1085268992;CE;5;https://www.liverpool.com.mx/
1485;aHR0cHM6Ly93d3cubGl2ZXJwb29sLmNvbS5teC90aWVuZGEvcGRwL1BhbnRhbGxhLUxHLUxFRC1TbWFydC1UVi1kZS0yNC1wdWxnYWRhcy1Nb2RlbG8tMjRUTDUyMFMtUFUuQVdNLzEwODUyNjg5OTI1ODQ1ODk=;SEM;2021-10-16;2020-09-05;;584589;;;;LIVERPOOL;MX;2021-10-16 04:33;LG;Pantalla LG LED Smart TV de 24 pulgadas Modelo 24TL520S-PU.AWM;https://www.liverpool.com.mx/tienda/pdp/Pantalla-LG-LED-Smart-TV-de-24-pulgadas-Modelo-24TL520S-PU.AWM/1085268992;CE;5;https://www.liverpool.com.mx/
1486;aHR0cHM6Ly93d3cubGl2ZXJwb29sLmNvbS5teC90aWVuZGEvcGRwL1BhbnRhbGxhLUxHLUxFRC1TbWFydC1UVi1kZS0yNC1wdWxnYWRhcy1Nb2RlbG8tMjRUTDUyMFMtUFUuQVdNLzEwODUyNjg5OTIyNzQ5MzI=;SEM;2021-10-16;2020-06-01;;274932;;;;LIVERPOOL;MX;2021-10-16 04:33;LG;Pantalla LG LED Smart TV de 24 pulgadas Modelo 24TL520S-PU.AWM;https://www.liverpool.com.mx/tienda/pdp/Pantalla-LG-LED-Smart-TV-de-24-pulgadas-Modelo-24TL520S-PU.AWM/1085268992;CE;5;https://www.liverpool.com.mx/
1487;aHR0cHM6Ly93d3cubGl2ZXJwb29sLmNvbS5teC90aWVuZGEvcGRwL1BhbnRhbGxhLUxHLUxFRC1TbWFydC1UVi1kZS0yNC1wdWxnYWRhcy1Nb2RlbG8tMjRUTDUyMFMtUFUuQVdNLzEwODUyNjg5OTIxNzMzODc=;SEM;2021-10-16;2020-01-24;;173387;;;;LIVERPOOL;MX;2021-10-16 04:33;LG;Pantalla LG LED Smart TV de 24 pulgadas Modelo 24TL520S-PU.AWM;https://www.liverpool.com.mx/tienda/pdp/Pantalla-LG-LED-Smart-TV-de-24-pulgadas-Modelo-24TL520S-PU.AWM/1085268992;CE;1;https://www.liverpool.com.mx/
1488;aHR0cHM6Ly93d3cubGl2ZXJwb29sLmNvbS5teC90aWVuZGEvcGRwL1BhbnRhbGxhLUxHLUxFRC1TbWFydC1UVi1kZS0yNC1wdWxnYWRhcy1Nb2RlbG8tMjRUTDUyMFMtUFUuQVdNLzEwODUyNjg5OTIyOTc3NzY=;SEM;2021-10-16;2020-06-11;;297776;;;;LIVERPOOL;MX;2021-10-16 04:33;LG;Pantalla LG LED Smart TV de 24 pulgadas Modelo 24TL520S-PU.AWM;https://www.liverpool.com.mx/tienda/pdp/Pantalla-LG-LED-Smart-TV-de-24-pulgadas-Modelo-24TL520S-PU.AWM/1085268992;CE;5;https://www.liverpool.com.mx/
1489;aHR0cHM6Ly93d3cubGl2ZXJwb29sLmNvbS5teC90aWVuZGEvcGRwL1BhbnRhbGxhLUxHLUxFRC1TbWFydC1UVi1kZS0yNC1wdWxnYWRhcy1Nb2RlbG8tMjRUTDUyMFMtUFUuQVdNLzEwODUyNjg5OTIxNDc4NDk=;SEM;2021-10-16;2019-12-09;;147849;;;;LIVERPOOL;MX;2021-10-16 04:33;LG;Pantalla LG LED Smart TV de 24 pulgadas Modelo 24TL520S-PU.AWM;https://www.liverpool.com.mx/tienda/pdp/Pantalla-LG-LED-Smart-TV-de-24-pulgadas-Modelo-24TL520S-PU.AWM/1085268992;CE;5;https://www.liverpool.com.mx/
1490;aHR0cHM6Ly93d3cubGl2ZXJwb29sLmNvbS5teC90aWVuZGEvcGRwL1BhbnRhbGxhLUxHLUxFRC1TbWFydC1UVi1kZS0yNC1wdWxnYWRhcy1Nb2RlbG8tMjRUTDUyMFMtUFUuQVdNLzEwODUyNjg5OTIxNTE4MTM=;SEM;2021-10-16;2019-12-16;;151813;;;;LIVERPOOL;MX;2021-10-16 04:33;LG;Pantalla LG LED Smart TV de 24 pulgadas Modelo 24TL520S-PU.AWM;https://www.liverpool.com.mx/tienda/pdp/Pantalla-LG-LED-Smart-TV-de-24-pulgadas-Modelo-24TL520S-PU.AWM/1085268992;CE;5;https://www.liverpool.com.mx/
1491;aHR0cHM6Ly93d3cubGl2ZXJwb29sLmNvbS5teC90aWVuZGEvcGRwL1BhbnRhbGxhLUxHLUxFRC1TbWFydC1UVi1kZS0yNC1wdWxnYWRhcy1Nb2RlbG8tMjRUTDUyMFMtUFUuQVdNLzEwODUyNjg5OTIxNDk5Mjk=;SEM;2021-10-16;2019-12-12;;149929;;;;LIVERPOOL;MX;2021-10-16 04:33;LG;Pantalla LG LED Smart TV de 24 pulgadas Modelo 24TL520S-PU.AWM;https://www.liverpool.com.mx/tienda/pdp/Pantalla-LG-LED-Smart-TV-de-24-pulgadas-Modelo-24TL520S-PU.AWM/1085268992;CE;5;https://www.liverpool.com.mx/
1492;aHR0cHM6Ly93d3cubGl2ZXJwb29sLmNvbS5teC90aWVuZGEvcGRwL1BhbnRhbGxhLUxHLUxFRC1TbWFydC1UVi1kZS0yNC1wdWxnYWRhcy1Nb2RlbG8tMjRUTDUyMFMtUFUuQVdNLzEwODUyNjg5OTIxNDg0Mjg=;SEM;2021-10-16;2019-12-10;;148428;;;;LIVERPOOL;MX;2021-10-16 04:33;LG;Pantalla LG LED Smart TV de 24 pulgadas Modelo 24TL520S-PU.AWM;https://www.liverpool.com.mx/tienda/pdp/Pantalla-LG-LED-Smart-TV-de-24-pulgadas-Modelo-24TL520S-PU.AWM/1085268992;CE;5;https://www.liverpool.com.mx/
1493;aHR0cHM6Ly93d3cubGl2ZXJwb29sLmNvbS5teC90aWVuZGEvcGRwL1BhbnRhbGxhLUxHLUxFRC1TbWFydC1UVi1kZS0yNC1wdWxnYWRhcy1Nb2RlbG8tMjRUTDUyMFMtUFUuQVdNLzEwODUyNjg5OTI0NTg2NDU=;SEM;2021-10-16;2020-08-02;;458645;;;;LIVERPOOL;MX;2021-10-16 04:33;LG;Pantalla LG LED Smart TV de 24 pulgadas Modelo 24TL520S-PU.AWM;https://www.liverpool.com.mx/tienda/pdp/Pantalla-LG-LED-Smart-TV-de-24-pulgadas-Modelo-24TL520S-PU.AWM/1085268992;CE;3;https://www.liverpool.com.mx/
1494;aHR0cHM6Ly93d3cubGl2ZXJwb29sLmNvbS5teC90aWVuZGEvcGRwL1BhbnRhbGxhLUxHLUxFRC1TbWFydC1UVi1kZS0yNC1wdWxnYWRhcy1Nb2RlbG8tMjRUTDUyMFMtUFUuQVdNLzEwODUyNjg5OTIxNDkyODE=;SEM;2021-10-16;2019-12-11;;149281;;;;LIVERPOOL;MX;2021-10-16 04:33;LG;Pantalla LG LED Smart TV de 24 pulgadas Modelo 24TL520S-PU.AWM;https://www.liverpool.com.mx/tienda/pdp/Pantalla-LG-LED-Smart-TV-de-24-pulgadas-Modelo-24TL520S-PU.AWM/1085268992;CE;5;https://www.liverpool.com.mx/
1495;aHR0cHM6Ly93d3cubGl2ZXJwb29sLmNvbS5teC90aWVuZGEvcGRwL1BhbnRhbGxhLUxHLUxFRC1TbWFydC1UVi1kZS0yNC1wdWxnYWRhcy1Nb2RlbG8tMjRUTDUyMFMtUFUuQVdNLzEwODUyNjg5OTI0MTQ1MDQ=;SEM;2021-10-16;2020-07-21;;414504;;;;LIVERPOOL;MX;2021-10-16 04:33;LG;Pantalla LG LED Smart TV de 24 pulgadas Modelo 24TL520S-PU.AWM;https://www.liverpool.com.mx/tienda/pdp/Pantalla-LG-LED-Smart-TV-de-24-pulgadas-Modelo-24TL520S-PU.AWM/1085268992;CE;5;https://www.liverpool.com.mx/
1496;aHR0cHM6Ly93d3cubGl2ZXJwb29sLmNvbS5teC90aWVuZGEvcGRwL1BhbnRhbGxhLUxHLUxFRC1TbWFydC1UVi1kZS0yNC1wdWxnYWRhcy1Nb2RlbG8tMjRUTDUyMFMtUFUuQVdNLzEwODUyNjg5OTI3NjcwNjE=;SEM;2021-10-16;2021-02-07;;767061;;;;LIVERPOOL;MX;2021-10-16 04:33;LG;Pantalla LG LED Smart TV de 24 pulgadas Modelo 24TL520S-PU.AWM;https://www.liverpool.com.mx/tienda/pdp/Pantalla-LG-LED-Smart-TV-de-24-pulgadas-Modelo-24TL520S-PU.AWM/1085268992;CE;5;https://www.liverpool.com.mx/
1497;aHR0cHM6Ly93d3cubGl2ZXJwb29sLmNvbS5teC90aWVuZGEvcGRwL1BhbnRhbGxhLUxHLUxFRC1TbWFydC1UVi1kZS0yNC1wdWxnYWRhcy1Nb2RlbG8tMjRUTDUyMFMtUFUuQVdNLzEwODUyNjg5OTI3NjcxMTM=;SEM;2021-10-16;2021-02-07;;767113;;;;LIVERPOOL;MX;2021-10-16 04:33;LG;Pantalla LG LED Smart TV de 24 pulgadas Modelo 24TL520S-PU.AWM;https://www.liverpool.com.mx/tienda/pdp/Pantalla-LG-LED-Smart-TV-de-24-pulgadas-Modelo-24TL520S-PU.AWM/1085268992;CE;5;https://www.liverpool.com.mx/
1498;aHR0cHM6Ly93d3cubGl2ZXJwb29sLmNvbS5teC90aWVuZGEvcGRwL1BhbnRhbGxhLUxHLUxFRC1TbWFydC1UVi1kZS0yNC1wdWxnYWRhcy1Nb2RlbG8tMjRUTDUyMFMtUFUuQVdNLzEwODUyNjg5OTIxNDg0NjU=;SEM;2021-10-16;2019-12-10;;148465;;;;LIVERPOOL;MX;2021-10-16 04:33;LG;Pantalla LG LED Smart TV de 24 pulgadas Modelo 24TL520S-PU.AWM;https://www.liverpool.com.mx/tienda/pdp/Pantalla-LG-LED-Smart-TV-de-24-pulgadas-Modelo-24TL520S-PU.AWM/1085268992;CE;5;https://www.liverpool.com.mx/
1499;aHR0cHM6Ly93d3cubGl2ZXJwb29sLmNvbS5teC90aWVuZGEvcGRwL1BhbnRhbGxhLUxHLUxFRC1TbWFydC1UVi1kZS0yNC1wdWxnYWRhcy1Nb2RlbG8tMjRUTDUyMFMtUFUuQVdNLzEwODUyNjg5OTI2MzY0NzM=;SEM;2021-10-16;2020-10-26;;636473;;;;LIVERPOOL;MX;2021-10-16 04:33;LG;Pantalla LG LED Smart TV de 24 pulgadas Modelo 24TL520S-PU.AWM;https://www.liverpool.com.mx/tienda/pdp/Pantalla-LG-LED-Smart-TV-de-24-pulgadas-Modelo-24TL520S-PU.AWM/1085268992;CE;5;https://www.liverpool.com.mx/
1500;aHR0cHM6Ly93d3cubGl2ZXJwb29sLmNvbS5teC90aWVuZGEvcGRwL1BhbnRhbGxhLUxHLUxFRC1TbWFydC1UVi1kZS0yNC1wdWxnYWRhcy1Nb2RlbG8tMjRUTDUyMFMtUFUuQVdNLzEwODUyNjg5OTIzNDg5MTI=;SEM;2021-10-16;2020-06-29;;348912;;;;LIVERPOOL;MX;2021-10-16 04:33;LG;Pantalla LG LED Smart TV de 24 pulgadas Modelo 24TL520S-PU.AWM;https://www.liverpool.com.mx/tienda/pdp/Pantalla-LG-LED-Smart-TV-de-24-pulgadas-Modelo-24TL520S-PU.AWM/1085268992;CE;5;https://www.liverpool.com.mx/
1501;aHR0cHM6Ly93d3cubGl2ZXJwb29sLmNvbS5teC90aWVuZGEvcGRwL1BhbnRhbGxhLUxHLUxFRC1TbWFydC1UVi1kZS0yNC1wdWxnYWRhcy1Nb2RlbG8tMjRUTDUyMFMtUFUuQVdNLzEwODUyNjg5OTI5NDkyNTA=;SEM;2021-10-16;2021-05-07;;949250;;;;LIVERPOOL;MX;2021-10-16 04:33;LG;Pantalla LG LED Smart TV de 24 pulgadas Modelo 24TL520S-PU.AWM;https://www.liverpool.com.mx/tienda/pdp/Pantalla-LG-LED-Smart-TV-de-24-pulgadas-Modelo-24TL520S-PU.AWM/1085268992;CE;5;https://www.liverpool.com.mx/
1502;aHR0cHM6Ly93d3cubGl2ZXJwb29sLmNvbS5teC90aWVuZGEvcGRwL1BhbnRhbGxhLUxHLUxFRC1TbWFydC1UVi1kZS0yNC1wdWxnYWRhcy1Nb2RlbG8tMjRUTDUyMFMtUFUuQVdNLzEwODUyNjg5OTIxMTk4MzUy;SEM;2021-10-16;2021-08-10;;1198352;;;;LIVERPOOL;MX;2021-10-16 04:33;LG;Pantalla LG LED Smart TV de 24 pulgadas Modelo 24TL520S-PU.AWM;https://www.liverpool.com.mx/tienda/pdp/Pantalla-LG-LED-Smart-TV-de-24-pulgadas-Modelo-24TL520S-PU.AWM/1085268992;CE;5;https://www.liverpool.com.mx/
1503;aHR0cHM6Ly93d3cubGl2ZXJwb29sLmNvbS5teC90aWVuZGEvcGRwL1BhbnRhbGxhLUxHLUxFRC1TbWFydC1UVi1kZS0yNC1wdWxnYWRhcy1Nb2RlbG8tMjRUTDUyMFMtUFUuQVdNLzEwODUyNjg5OTI1MjUzODI=;SEM;2021-10-16;2020-08-17;;525382;;;;LIVERPOOL;MX;2021-10-16 04:33;LG;Pantalla LG LED Smart TV de 24 pulgadas Modelo 24TL520S-PU.AWM;https://www.liverpool.com.mx/tienda/pdp/Pantalla-LG-LED-Smart-TV-de-24-pulgadas-Modelo-24TL520S-PU.AWM/1085268992;CE;5;https://www.liverpool.com.mx/
1504;aHR0cHM6Ly93d3cubGl2ZXJwb29sLmNvbS5teC90aWVuZGEvcGRwL1BhbnRhbGxhLUxHLUxFRC1TbWFydC1UVi1kZS0yNC1wdWxnYWRhcy1Nb2RlbG8tMjRUTDUyMFMtUFUuQVdNLzEwODUyNjg5OTI5NTIxNDI=;SEM;2021-10-16;2021-05-08;;952142;;;;LIVERPOOL;MX;2021-10-16 04:33;LG;Pantalla LG LED Smart TV de 24 pulgadas Modelo 24TL520S-PU.AWM;https://www.liverpool.com.mx/tienda/pdp/Pantalla-LG-LED-Smart-TV-de-24-pulgadas-Modelo-24TL520S-PU.AWM/1085268992;CE;5;https://www.liverpool.com.mx/
1505;aHR0cHM6Ly93d3cubGl2ZXJwb29sLmNvbS5teC90aWVuZGEvcGRwL1BhbnRhbGxhLUxHLUxFRC1TbWFydC1UVi1kZS0yNC1wdWxnYWRhcy1Nb2RlbG8tMjRUTDUyMFMtUFUuQVdNLzEwODUyNjg5OTIxMDY5OTA1;SEM;2021-10-16;2021-06-15;;1069905;;;;LIVERPOOL;MX;2021-10-16 04:33;LG;Pantalla LG LED Smart TV de 24 pulgadas Modelo 24TL520S-PU.AWM;https://www.liverpool.com.mx/tienda/pdp/Pantalla-LG-LED-Smart-TV-de-24-pulgadas-Modelo-24TL520S-PU.AWM/1085268992;CE;5;https://www.liverpool.com.mx/
1506;aHR0cHM6Ly93d3cubGl2ZXJwb29sLmNvbS5teC90aWVuZGEvcGRwL1BhbnRhbGxhLUxHLUxFRC1TbWFydC1UVi1kZS0yNC1wdWxnYWRhcy1Nb2RlbG8tMjRUTDUyMFMtUFUuQVdNLzEwODUyNjg5OTIxMTU3NzEz;SEM;2021-10-16;2021-07-22;;1157713;;;;LIVERPOOL;MX;2021-10-16 04:33;LG;Pantalla LG LED Smart TV de 24 pulgadas Modelo 24TL520S-PU.AWM;https://www.liverpool.com.mx/tienda/pdp/Pantalla-LG-LED-Smart-TV-de-24-pulgadas-Modelo-24TL520S-PU.AWM/1085268992;CE;5;https://www.liverpool.com.mx/
1507;aHR0cHM6Ly93d3cubGl2ZXJwb29sLmNvbS5teC90aWVuZGEvcGRwL1BhbnRhbGxhLUxHLUxFRC1TbWFydC1UVi1kZS0yNC1wdWxnYWRhcy1Nb2RlbG8tMjRUTDUyMFMtUFUuQVdNLzEwODUyNjg5OTI0OTkzMDk=;SEM;2021-10-16;2020-08-08;;499309;;;;LIVERPOOL;MX;2021-10-16 04:33;LG;Pantalla LG LED Smart TV de 24 pulgadas Modelo 24TL520S-PU.AWM;https://www.liverpool.com.mx/tienda/pdp/Pantalla-LG-LED-Smart-TV-de-24-pulgadas-Modelo-24TL520S-PU.AWM/1085268992;CE;5;https://www.liverpool.com.mx/
1508;aHR0cHM6Ly93d3cubGl2ZXJwb29sLmNvbS5teC90aWVuZGEvcGRwL1BhbnRhbGxhLUxHLUxFRC1TbWFydC1UVi1kZS0yNC1wdWxnYWRhcy1Nb2RlbG8tMjRUTDUyMFMtUFUuQVdNLzEwODUyNjg5OTIxMDUwMjI1;SEM;2021-10-16;2021-06-09;;1050225;;;;LIVERPOOL;MX;2021-10-16 04:33;LG;Pantalla LG LED Smart TV de 24 pulgadas Modelo 24TL520S-PU.AWM;https://www.liverpool.com.mx/tienda/pdp/Pantalla-LG-LED-Smart-TV-de-24-pulgadas-Modelo-24TL520S-PU.AWM/1085268992;CE;5;https://www.liverpool.com.mx/
1509;aHR0cHM6Ly93d3cubGl2ZXJwb29sLmNvbS5teC90aWVuZGEvcGRwL1BhbnRhbGxhLUxHLUxFRC1TbWFydC1UVi1kZS0yNC1wdWxnYWRhcy1Nb2RlbG8tMjRUTDUyMFMtUFUuQVdNLzEwODUyNjg5OTI0MDY2OTA=;SEM;2021-10-16;2020-07-18;;406690;;;;LIVERPOOL;MX;2021-10-16 04:33;LG;Pantalla LG LED Smart TV de 24 pulgadas Modelo 24TL520S-PU.AWM;https://www.liverpool.com.mx/tienda/pdp/Pantalla-LG-LED-Smart-TV-de-24-pulgadas-Modelo-24TL520S-PU.AWM/1085268992;CE;5;https://www.liverpool.com.mx/
1510;aHR0cHM6Ly93d3cubGl2ZXJwb29sLmNvbS5teC90aWVuZGEvcGRwL1BhbnRhbGxhLUxHLUxFRC1TbWFydC1UVi1kZS0yNC1wdWxnYWRhcy1Nb2RlbG8tMjRUTDUyMFMtUFUuQVdNLzEwODUyNjg5OTI2MzE3NDU=;SEM;2021-10-16;2020-10-17;;631745;;;;LIVERPOOL;MX;2021-10-16 04:33;LG;Pantalla LG LED Smart TV de 24 pulgadas Modelo 24TL520S-PU.AWM;https://www.liverpool.com.mx/tienda/pdp/Pantalla-LG-LED-Smart-TV-de-24-pulgadas-Modelo-24TL520S-PU.AWM/1085268992;CE;5;https://www.liverpool.com.mx/
1511;aHR0cHM6Ly93d3cubGl2ZXJwb29sLmNvbS5teC90aWVuZGEvcGRwL1BhbnRhbGxhLUxHLUxFRC1TbWFydC1UVi1kZS0yNC1wdWxnYWRhcy1Nb2RlbG8tMjRUTDUyMFMtUFUuQVdNLzEwODUyNjg5OTIxMjU2Mzg3;SEM;2021-10-16;2021-09-09;;1256387;;;;LIVERPOOL;MX;2021-10-16 04:33;LG;Pantalla LG LED Smart TV de 24 pulgadas Modelo 24TL520S-PU.AWM;https://www.liverpool.com.mx/tienda/pdp/Pantalla-LG-LED-Smart-TV-de-24-pulgadas-Modelo-24TL520S-PU.AWM/1085268992;CE;5;https://www.liverpool.com.mx/
1512;aHR0cHM6Ly93d3cubGl2ZXJwb29sLmNvbS5teC90aWVuZGEvcGRwL1BhbnRhbGxhLUxHLUxFRC1TbWFydC1UVi1kZS0yNC1wdWxnYWRhcy1Nb2RlbG8tMjRUTDUyMFMtUFUuQVdNLzEwODUyNjg5OTIxMjUyNTU3;SEM;2021-10-16;2021-09-07;;1252557;;;;LIVERPOOL;MX;2021-10-16 04:33;LG;Pantalla LG LED Smart TV de 24 pulgadas Modelo 24TL520S-PU.AWM;https://www.liverpool.com.mx/tienda/pdp/Pantalla-LG-LED-Smart-TV-de-24-pulgadas-Modelo-24TL520S-PU.AWM/1085268992;CE;5;https://www.liverpool.com.mx/
1513;aHR0cHM6Ly93d3cubGl2ZXJwb29sLmNvbS5teC90aWVuZGEvcGRwL1BhbnRhbGxhLUxHLUxFRC1TbWFydC1UVi1kZS0yNC1wdWxnYWRhcy1Nb2RlbG8tMjRUTDUyMFMtUFUuQVdNLzEwODUyNjg5OTIxMjU4NzQ1;SEM;2021-10-16;2021-09-11;;1258745;;;;LIVERPOOL;MX;2021-10-16 04:33;LG;Pantalla LG LED Smart TV de 24 pulgadas Modelo 24TL520S-PU.AWM;https://www.liverpool.com.mx/tienda/pdp/Pantalla-LG-LED-Smart-TV-de-24-pulgadas-Modelo-24TL520S-PU.AWM/1085268992;CE;5;https://www.liverpool.com.mx/
1514;aHR0cHM6Ly93d3cubGl2ZXJwb29sLmNvbS5teC90aWVuZGEvcGRwL1BhbnRhbGxhLUxHLUxFRC1TbWFydC1UVi1kZS0yNC1wdWxnYWRhcy1Nb2RlbG8tMjRUTDUyMFMtUFUuQVdNLzEwODUyNjg5OTI5MjQyOTA=;SEM;2021-10-16;2021-04-28;;924290;;;;LIVERPOOL;MX;2021-10-16 04:33;LG;Pantalla LG LED Smart TV de 24 pulgadas Modelo 24TL520S-PU.AWM;https://www.liverpool.com.mx/tienda/pdp/Pantalla-LG-LED-Smart-TV-de-24-pulgadas-Modelo-24TL520S-PU.AWM/1085268992;CE;4;https://www.liverpool.com.mx/
1515;aHR0cHM6Ly93d3cubGl2ZXJwb29sLmNvbS5teC90aWVuZGEvcGRwL1BhbnRhbGxhLUxHLUxFRC1TbWFydC1UVi1kZS0yNC1wdWxnYWRhcy1Nb2RlbG8tMjRUTDUyMFMtUFUuQVdNLzEwODUyNjg5OTI1MDQyNDQ=;SEM;2021-10-16;2020-08-10;;504244;;;;LIVERPOOL;MX;2021-10-16 04:33;LG;Pantalla LG LED Smart TV de 24 pulgadas Modelo 24TL520S-PU.AWM;https://www.liverpool.com.mx/tienda/pdp/Pantalla-LG-LED-Smart-TV-de-24-pulgadas-Modelo-24TL520S-PU.AWM/1085268992;CE;4;https://www.liverpool.com.mx/
1516;aHR0cHM6Ly93d3cubGl2ZXJwb29sLmNvbS5teC90aWVuZGEvcGRwL1BhbnRhbGxhLUxHLUxFRC1TbWFydC1UVi1kZS0yNC1wdWxnYWRhcy1Nb2RlbG8tMjRUTDUyMFMtUFUuQVdNLzEwODUyNjg5OTIxMTUwNjk5;SEM;2021-10-16;2021-07-18;;1150699;;;;LIVERPOOL;MX;2021-10-16 04:33;LG;Pantalla LG LED Smart TV de 24 pulgadas Modelo 24TL520S-PU.AWM;https://www.liverpool.com.mx/tienda/pdp/Pantalla-LG-LED-Smart-TV-de-24-pulgadas-Modelo-24TL520S-PU.AWM/1085268992;CE;4;https://www.liverpool.com.mx/
1517;aHR0cHM6Ly93d3cubGl2ZXJwb29sLmNvbS5teC90aWVuZGEvcGRwL1BhbnRhbGxhLUxHLUxFRC1TbWFydC1UVi1kZS0yNC1wdWxnYWRhcy1Nb2RlbG8tMjRUTDUyMFMtUFUuQVdNLzEwODUyNjg5OTI5NTkyNDg=;SEM;2021-10-16;2021-05-10;;959248;;;;LIVERPOOL;MX;2021-10-16 04:33;LG;Pantalla LG LED Smart TV de 24 pulgadas Modelo 24TL520S-PU.AWM;https://www.liverpool.com.mx/tienda/pdp/Pantalla-LG-LED-Smart-TV-de-24-pulgadas-Modelo-24TL520S-PU.AWM/1085268992;CE;5;https://www.liverpool.com.mx/
1518;aHR0cHM6Ly93d3cubGl2ZXJwb29sLmNvbS5teC90aWVuZGEvcGRwL1BhbnRhbGxhLUxHLUxFRC1TbWFydC1UVi1kZS0yNC1wdWxnYWRhcy1Nb2RlbG8tMjRUTDUyMFMtUFUuQVdNLzEwODUyNjg5OTI1MzgzODY=;SEM;2021-10-16;2020-08-20;;538386;;;;LIVERPOOL;MX;2021-10-16 04:33;LG;Pantalla LG LED Smart TV de 24 pulgadas Modelo 24TL520S-PU.AWM;https://www.liverpool.com.mx/tienda/pdp/Pantalla-LG-LED-Smart-TV-de-24-pulgadas-Modelo-24TL520S-PU.AWM/1085268992;CE;5;https://www.liverpool.com.mx/
1519;aHR0cHM6Ly93d3cubGl2ZXJwb29sLmNvbS5teC90aWVuZGEvcGRwL1BhbnRhbGxhLUxHLUxFRC1TbWFydC1UVi1kZS0yNC1wdWxnYWRhcy1Nb2RlbG8tMjRUTDUyMFMtUFUuQVdNLzEwODUyNjg5OTI5MzgwMTM=;SEM;2021-10-16;2021-05-03;;938013;;;;LIVERPOOL;MX;2021-10-16 04:33;LG;Pantalla LG LED Smart TV de 24 pulgadas Modelo 24TL520S-PU.AWM;https://www.liverpool.com.mx/tienda/pdp/Pantalla-LG-LED-Smart-TV-de-24-pulgadas-Modelo-24TL520S-PU.AWM/1085268992;CE;5;https://www.liverpool.com.mx/
1520;aHR0cHM6Ly93d3cubGl2ZXJwb29sLmNvbS5teC90aWVuZGEvcGRwL1BhbnRhbGxhLUxHLUxFRC1TbWFydC1UVi1kZS0yNC1wdWxnYWRhcy1Nb2RlbG8tMjRUTDUyMFMtUFUuQVdNLzEwODUyNjg5OTI5NDE4NjA=;SEM;2021-10-16;2021-05-05;;941860;;;;LIVERPOOL;MX;2021-10-16 04:33;LG;Pantalla LG LED Smart TV de 24 pulgadas Modelo 24TL520S-PU.AWM;https://www.liverpool.com.mx/tienda/pdp/Pantalla-LG-LED-Smart-TV-de-24-pulgadas-Modelo-24TL520S-PU.AWM/1085268992;CE;5;https://www.liverpool.com.mx/
1521;aHR0cHM6Ly93d3cubGl2ZXJwb29sLmNvbS5teC90aWVuZGEvcGRwL1BhbnRhbGxhLUxHLUxFRC1TbWFydC1UVi1kZS0yNC1wdWxnYWRhcy1Nb2RlbG8tMjRUTDUyMFMtUFUuQVdNLzEwODUyNjg5OTI3NjYwMTQ=;SEM;2021-10-16;2021-02-06;;766014;;;;LIVERPOOL;MX;2021-10-16 04:33;LG;Pantalla LG LED Smart TV de 24 pulgadas Modelo 24TL520S-PU.AWM;https://www.liverpool.com.mx/tienda/pdp/Pantalla-LG-LED-Smart-TV-de-24-pulgadas-Modelo-24TL520S-PU.AWM/1085268992;CE;5;https://www.liverpool.com.mx/
1522;aHR0cHM6Ly93d3cubGl2ZXJwb29sLmNvbS5teC90aWVuZGEvcGRwL1BhbnRhbGxhLUxHLUxFRC1TbWFydC1UVi1kZS0yNC1wdWxnYWRhcy1Nb2RlbG8tMjRUTDUyMFMtUFUuQVdNLzEwODUyNjg5OTI5NDIxNjY=;SEM;2021-10-16;2021-05-05;;942166;;;;LIVERPOOL;MX;2021-10-16 04:33;LG;Pantalla LG LED Smart TV de 24 pulgadas Modelo 24TL520S-PU.AWM;https://www.liverpool.com.mx/tienda/pdp/Pantalla-LG-LED-Smart-TV-de-24-pulgadas-Modelo-24TL520S-PU.AWM/1085268992;CE;5;https://www.liverpool.com.mx/
1523;aHR0cHM6Ly93d3cubGl2ZXJwb29sLmNvbS5teC90aWVuZGEvcGRwL1BhbnRhbGxhLUxHLUxFRC1TbWFydC1UVi1kZS0yNC1wdWxnYWRhcy1Nb2RlbG8tMjRUTDUyMFMtUFUuQVdNLzEwODUyNjg5OTI5NTY4MjA=;SEM;2021-10-16;2021-05-09;;956820;;;;LIVERPOOL;MX;2021-10-16 04:33;LG;Pantalla LG LED Smart TV de 24 pulgadas Modelo 24TL520S-PU.AWM;https://www.liverpool.com.mx/tienda/pdp/Pantalla-LG-LED-Smart-TV-de-24-pulgadas-Modelo-24TL520S-PU.AWM/1085268992;CE;5;https://www.liverpool.com.mx/
1524;aHR0cHM6Ly93d3cubGl2ZXJwb29sLmNvbS5teC90aWVuZGEvcGRwL1BhbnRhbGxhLUxHLUxFRC1TbWFydC1UVi1kZS0yNC1wdWxnYWRhcy1Nb2RlbG8tMjRUTDUyMFMtUFUuQVdNLzEwODUyNjg5OTI5NjYwMzk=;SEM;2021-10-16;2021-05-12;;966039;;;;LIVERPOOL;MX;2021-10-16 04:33;LG;Pantalla LG LED Smart TV de 24 pulgadas Modelo 24TL520S-PU.AWM;https://www.liverpool.com.mx/tienda/pdp/Pantalla-LG-LED-Smart-TV-de-24-pulgadas-Modelo-24TL520S-PU.AWM/1085268992;CE;5;https://www.liverpool.com.mx/
1525;aHR0cHM6Ly93d3cubGl2ZXJwb29sLmNvbS5teC90aWVuZGEvcGRwL1BhbnRhbGxhLUxHLUxFRC1TbWFydC1UVi1kZS0yNC1wdWxnYWRhcy1Nb2RlbG8tMjRUTDUyMFMtUFUuQVdNLzEwODUyNjg5OTI5NzY4MTg=;SEM;2021-10-16;2021-05-16;;976818;;;;LIVERPOOL;MX;2021-10-16 04:33;LG;Pantalla LG LED Smart TV de 24 pulgadas Modelo 24TL520S-PU.AWM;https://www.liverpool.com.mx/tienda/pdp/Pantalla-LG-LED-Smart-TV-de-24-pulgadas-Modelo-24TL520S-PU.AWM/1085268992;CE;5;https://www.liverpool.com.mx/
1526;aHR0cHM6Ly93d3cubGl2ZXJwb29sLmNvbS5teC90aWVuZGEvcGRwL1BhbnRhbGxhLUxHLUxFRC1TbWFydC1UVi1kZS0yNC1wdWxnYWRhcy1Nb2RlbG8tMjRUTDUyMFMtUFUuQVdNLzEwODUyNjg5OTI3NjE4MDk=;SEM;2021-10-16;2021-02-04;;761809;;;;LIVERPOOL;MX;2021-10-16 04:33;LG;Pantalla LG LED Smart TV de 24 pulgadas Modelo 24TL520S-PU.AWM;https://www.liverpool.com.mx/tienda/pdp/Pantalla-LG-LED-Smart-TV-de-24-pulgadas-Modelo-24TL520S-PU.AWM/1085268992;CE;5;https://www.liverpool.com.mx/
1527;aHR0cHM6Ly93d3cubGl2ZXJwb29sLmNvbS5teC90aWVuZGEvcGRwL1BhbnRhbGxhLUxHLUxFRC1TbWFydC1UVi1kZS0yNC1wdWxnYWRhcy1Nb2RlbG8tMjRUTDUyMFMtUFUuQVdNLzEwODUyNjg5OTI5NjkyMDk=;SEM;2021-10-16;2021-05-13;;969209;;;;LIVERPOOL;MX;2021-10-16 04:33;LG;Pantalla LG LED Smart TV de 24 pulgadas Modelo 24TL520S-PU.AWM;https://www.liverpool.com.mx/tienda/pdp/Pantalla-LG-LED-Smart-TV-de-24-pulgadas-Modelo-24TL520S-PU.AWM/1085268992;CE;5;https://www.liverpool.com.mx/
1528;aHR0cHM6Ly93d3cubGl2ZXJwb29sLmNvbS5teC90aWVuZGEvcGRwL1BhbnRhbGxhLUxHLUxFRC1TbWFydC1UVi1kZS0yNC1wdWxnYWRhcy1Nb2RlbG8tMjRUTDUyMFMtUFUuQVdNLzEwODUyNjg5OTI4ODM0NTc=;SEM;2021-10-16;2021-04-02;;883457;;;;LIVERPOOL;MX;2021-10-16 04:33;LG;Pantalla LG LED Smart TV de 24 pulgadas Modelo 24TL520S-PU.AWM;https://www.liverpool.com.mx/tienda/pdp/Pantalla-LG-LED-Smart-TV-de-24-pulgadas-Modelo-24TL520S-PU.AWM/1085268992;CE;4;https://www.liverpool.com.mx/
1529;aHR0cHM6Ly93d3cubGl2ZXJwb29sLmNvbS5teC90aWVuZGEvcGRwL1BhbnRhbGxhLUxHLUxFRC1TbWFydC1UVi1kZS0yNC1wdWxnYWRhcy1Nb2RlbG8tMjRUTDUyMFMtUFUuQVdNLzEwODUyNjg5OTI0MTAyNDg=;SEM;2021-10-16;2020-07-20;;410248;;;;LIVERPOOL;MX;2021-10-16 04:33;LG;Pantalla LG LED Smart TV de 24 pulgadas Modelo 24TL520S-PU.AWM;https://www.liverpool.com.mx/tienda/pdp/Pantalla-LG-LED-Smart-TV-de-24-pulgadas-Modelo-24TL520S-PU.AWM/1085268992;CE;4;https://www.liverpool.com.mx/
1530;aHR0cHM6Ly93d3cubGl2ZXJwb29sLmNvbS5teC90aWVuZGEvcGRwL1BhbnRhbGxhLUxHLUxFRC1TbWFydC1UVi1kZS0yNC1wdWxnYWRhcy1Nb2RlbG8tMjRUTDUyMFMtUFUuQVdNLzEwODUyNjg5OTIyODg0MTQ=;SEM;2021-10-16;2020-06-10;;288414;;;;LIVERPOOL;MX;2021-10-16 04:33;LG;Pantalla LG LED Smart TV de 24 pulgadas Modelo 24TL520S-PU.AWM;https://www.liverpool.com.mx/tienda/pdp/Pantalla-LG-LED-Smart-TV-de-24-pulgadas-Modelo-24TL520S-PU.AWM/1085268992;CE;4;https://www.liverpool.com.mx/
1531;aHR0cHM6Ly93d3cubGl2ZXJwb29sLmNvbS5teC90aWVuZGEvcGRwL1BhbnRhbGxhLUxHLUxFRC1TbWFydC1UVi1kZS0yNC1wdWxnYWRhcy1Nb2RlbG8tMjRUTDUyMFMtUFUuQVdNLzEwODUyNjg5OTIzODgxMDI=;SEM;2021-10-16;2020-07-12;;388102;;;;LIVERPOOL;MX;2021-10-16 04:33;LG;Pantalla LG LED Smart TV de 24 pulgadas Modelo 24TL520S-PU.AWM;https://www.liverpool.com.mx/tienda/pdp/Pantalla-LG-LED-Smart-TV-de-24-pulgadas-Modelo-24TL520S-PU.AWM/1085268992;CE;5;https://www.liverpool.com.mx/
1532;aHR0cHM6Ly93d3cubGl2ZXJwb29sLmNvbS5teC90aWVuZGEvcGRwL1BhbnRhbGxhLUxHLUxFRC1TbWFydC1UVi1kZS0yNC1wdWxnYWRhcy1Nb2RlbG8tMjRUTDUyMFMtUFUuQVdNLzEwODUyNjg5OTI2OTg2NTQ=;SEM;2021-10-16;2020-12-29;;698654;;;;LIVERPOOL;MX;2021-10-16 04:33;LG;Pantalla LG LED Smart TV de 24 pulgadas Modelo 24TL520S-PU.AWM;https://www.liverpool.com.mx/tienda/pdp/Pantalla-LG-LED-Smart-TV-de-24-pulgadas-Modelo-24TL520S-PU.AWM/1085268992;CE;5;https://www.liverpool.com.mx/
1533;aHR0cHM6Ly93d3cubGl2ZXJwb29sLmNvbS5teC90aWVuZGEvcGRwL1BhbnRhbGxhLUxHLUxFRC1TbWFydC1UVi1kZS0yNC1wdWxnYWRhcy1Nb2RlbG8tMjRUTDUyMFMtUFUuQVdNLzEwODUyNjg5OTIzMDA0MjE=;SEM;2021-10-16;2020-06-12;;300421;;;;LIVERPOOL;MX;2021-10-16 04:33;LG;Pantalla LG LED Smart TV de 24 pulgadas Modelo 24TL520S-PU.AWM;https://www.liverpool.com.mx/tienda/pdp/Pantalla-LG-LED-Smart-TV-de-24-pulgadas-Modelo-24TL520S-PU.AWM/1085268992;CE;5;https://www.liverpool.com.mx/
1534;aHR0cHM6Ly93d3cubGl2ZXJwb29sLmNvbS5teC90aWVuZGEvcGRwL3BhbnRhbGxhLXNhbXN1bmctbGVkLXNtYXJ0LXR2LWRlLTQzLXB1bGdhZGFzLTRrLXVuNDNhdTgwMDBmeHp4LzExMDYwMDc3ODcxMzE2NzIx;SEM;2021-10-16;2021-10-10;;1316721;;;;LIVERPOOL;MX;2021-10-16 04:41;SAMSUNG;Pantalla Samsung LED Smart TV de 43 Pulgadas 4K UN43AU8000FXZX;https://www.liverpool.com.mx/tienda/pdp/pantalla-samsung-led-smart-tv-de-43-pulgadas-4k-un43au8000fxzx/1106007787;CE;5;https://www.liverpool.com.mx/
1535;aHR0cHM6Ly93d3cubGl2ZXJwb29sLmNvbS5teC90aWVuZGEvcGRwL3BhbnRhbGxhLXNhbXN1bmctbGVkLXNtYXJ0LXR2LWRlLTQzLXB1bGdhZGFzLTRrLXVuNDNhdTgwMDBmeHp4LzExMDYwMDc3ODcxMzI1MDIx;SEM;2021-10-16;2021-10-14;;1325021;;;;LIVERPOOL;MX;2021-10-16 04:41;SAMSUNG;Pantalla Samsung LED Smart TV de 43 Pulgadas 4K UN43AU8000FXZX;https://www.liverpool.com.mx/tienda/pdp/pantalla-samsung-led-smart-tv-de-43-pulgadas-4k-un43au8000fxzx/1106007787;CE;4;https://www.liverpool.com.mx/
1536;aHR0cHM6Ly93d3cubGl2ZXJwb29sLmNvbS5teC90aWVuZGEvcGRwL3BhbnRhbGxhLWxnLW5hbm9jZWxsLXNtYXJ0LXR2LWRlLTQzLXB1bGdhZGFzLTRrL3VsdHJhLWhkLTQzbmFubzc1c3BhLzExMDYyNTc1MTExMzI2NDMw;SEM;2021-10-16;2021-10-14;;1326430;;;;LIVERPOOL;MX;2021-10-16 04:41;LG;Pantalla LG NanoCell Smart TV de 43 Pulgadas 4K/Ultra HD 43NANO75SPA;https://www.liverpool.com.mx/tienda/pdp/pantalla-lg-nanocell-smart-tv-de-43-pulgadas-4k/ultra-hd-43nano75spa/1106257511;CE;5;https://www.liverpool.com.mx/
1537;aHR0cHM6Ly93d3cubGl2ZXJwb29sLmNvbS5teC90aWVuZGEvcGRwL3BhbnRhbGxhLWxnLW5hbm9jZWxsLXNtYXJ0LXR2LWRlLTQzLXB1bGdhZGFzLTRrL3VsdHJhLWhkLTQzbmFubzc1c3BhLzExMDYyNTc1MTExMzE5ODAw;SEM;2021-10-16;2021-10-11;;1319800;;;;LIVERPOOL;MX;2021-10-16 04:41;LG;Pantalla LG NanoCell Smart TV de 43 Pulgadas 4K/Ultra HD 43NANO75SPA;https://www.liverpool.com.mx/tienda/pdp/pantalla-lg-nanocell-smart-tv-de-43-pulgadas-4k/ultra-hd-43nano75spa/1106257511;CE;5;https://www.liverpool.com.mx/
1538;aHR0cHM6Ly93d3cubGl2ZXJwb29sLmNvbS5teC90aWVuZGEvcGRwL3BhbnRhbGxhLXNhbXN1bmctbGVkLXNtYXJ0LXR2LWRlLTY1LXB1bGdhZGFzLTRrLXVuNjVhdTkwMDBmeHp4LzExMDYwMDgwMzExMzI3MTky;SEM;2021-10-16;2021-10-15;;1327192;;;;LIVERPOOL;MX;2021-10-16 04:44;SAMSUNG;Pantalla Samsung LED Smart TV de 65 Pulgadas 4K UN65AU9000FXZX;https://www.liverpool.com.mx/tienda/pdp/pantalla-samsung-led-smart-tv-de-65-pulgadas-4k-un65au9000fxzx/1106008031;CE;5;https://www.liverpool.com.mx/
1539;aHR0cHM6Ly93d3cubGl2ZXJwb29sLmNvbS5teC90aWVuZGEvcGRwL3BhbnRhbGxhLXNhbXN1bmctbGVkLXNtYXJ0LXR2LWRlLTU1LXB1bGdhZGFzLTRrLXVuNTVhdTgwMDBmeHp4LzExMDYwMDg0NTcxMzI3NTE4;SEM;2021-10-16;2021-10-15;;1327518;;;;LIVERPOOL;MX;2021-10-16 05:05;SAMSUNG;Pantalla Samsung LED Smart TV de 55 Pulgadas 4K UN55AU8000FXZX;https://www.liverpool.com.mx/tienda/pdp/pantalla-samsung-led-smart-tv-de-55-pulgadas-4k-un55au8000fxzx/1106008457;CE;5;https://www.liverpool.com.mx/
